Date,Close,Volume,High,Low,log_return,volatility_20,volatility_60,range_pct,volume_ma20,volume_ratio,return_ma5,return_ma20,volatility_ratio,market
2014-03-27,670.48046875,96303200000,681.4970092773438,670.2579956054688,-0.010126203568798089,0.016202293573743934,0.015824119323974806,0.016762626498022057,51253720000.0,1.8789504449628243,0.00540280925528596,0.004092404465748776,1.0238985969472667,bist100
2014-03-28,691.1693115234375,96966500000,693.1849975585938,673.31201171875,0.030390244750163244,0.017157737397897475,0.016169775595253236,0.02875270285950747,53511900000.0,1.8120548887256853,0.013581906606687233,0.004989298415569074,1.0610992896484144,bist100
2014-03-31,697.3592529296875,102776700000,704.64697265625,687.2100219726562,0.008915887752604728,0.015943681891190352,0.015725786156975157,0.025004258006671724,57083950000.0,1.800448287127993,0.018074305595843602,0.00653750743288284,1.0138559517495758,bist100
2014-04-01,708.5701904296875,83459900000,710.7039794921875,695.5130004882812,0.01594841786550232,0.015174001832953343,0.015820312325188393,0.021438919120622638,59122120000.0,1.4116526944568293,0.01819243353182008,0.0058523718022044065,0.9591467931258206,bist100
2014-04-02,706.4762573242188,95430000000,714.6859741210938,703.8800048828125,-0.0029595277768511437,0.015299475585358442,0.015626408434855476,0.01529558725612223,61711330000.0,1.546393506670493,0.008433763804524212,0.005377054972460196,0.9790781835211863,bist100
2014-04-03,715.4442138671875,90928100000,720.958984375,708.3610229492188,0.012614032408746116,0.015368224642413827,0.01558124068835525,0.017608586639740288,63348110000.0,1.4353719471662216,0.012981811000033053,0.0055687590581176664,0.9863286852310406,bist100
2014-04-04,725.8251342773438,70102600000,726.8319702148438,713.4249877929688,0.01440549601940767,0.014743341905883618,0.015432728703629592,0.01847136698458844,64552715000.0,1.0859744628866501,0.009784861253881937,0.007003597019742652,0.9553295589532499,bist100
2014-04-07,724.8871459960938,54912900000,728.6439819335938,720.3280029296875,-0.0012931418927302676,0.014571074747857973,0.015435118517404705,0.011472101622769102,64938965000.0,0.845607871945603,0.0077430553248149375,0.007228626130885543,0.9440209177161528,bist100
2014-04-08,739.4611206054688,69684800000,739.4650268554688,730.9819946289062,0.019905723479324892,0.014833095066938537,0.015625134491052302,0.011471911085219215,66296775000.0,1.0511039187049445,0.008534516447579452,0.007958323584387434,0.9493099131679587,bist100
2014-04-09,724.2821655273438,66403100000,739.6190185546875,724.2080078125,-0.020740657671050503,0.016143559058726668,0.015884014290772297,0.021277633877629546,66943380000.0,0.9919292990583983,0.00497829046873958,0.006768508856317475,1.0163399983910333,bist100
2014-04-10,731.4981079101562,58098300000,735.677978515625,726.7310180664062,0.00991358601632429,0.01610620544663833,0.015701086284675,0.012231009694310282,67415245000.0,0.8617976542249457,0.0044382011902552145,0.007195629050702879,1.0258019830359602,bist100
2014-04-11,727.359130859375,51103400000,728.5869750976562,720.9169921875,-0.005674288129350988,0.01626322494332356,0.015515857695036992,0.010544973706584481,67327675000.0,0.759025170555793,0.0004222443605034831,0.00696443075878356,1.048167962285812,bist100
2014-04-14,737.7451171875,58808200000,739.302978515625,723.885009765625,0.014178049543504174,0.016257548099202407,0.015599118278188863,0.020898774374512707,68479455000.0,0.8587714373603003,0.003516482647750371,0.00695248208171281,1.0422094255118368,bist100
2014-04-15,724.3761596679688,95045100000,744.4180297851562,724.3800048828125,-0.018287580267134465,0.01682396266981779,0.01579036767767141,0.027662457736776638,70168600000.0,1.3545246734294256,-0.0041221781015415,0.004977969947830302,1.065457310003487,bist100
2014-04-16,723.9901733398438,64612400000,732.7490234375,719.89697265625,-0.0005329954562822972,0.016809400575115395,0.0156813183179098,0.01775169229433339,70443725000.0,0.9172200930600987,-8.064565858785909e-05,0.0050172452823670265,1.0719379732198409,bist100
2014-04-17,735.6140747070312,58237800000,736.2639770507812,726.77001953125,0.01592780663050408,0.01685400012452686,0.015275840273250504,0.012906166216724923,70821720000.0,0.8223155269315684,0.001122198464248099,0.005986254977455583,1.1033108374430876,bist100
2014-04-18,734.756103515625,28833600000,739.1199951171875,733.218017578125,-0.0011670139961863235,0.016498690128008187,0.015110848730099276,0.00803256687603275,70145505000.0,0.41105413668345536,0.0020236532908810313,0.006453166377988423,1.0918440401791907,bist100
2014-04-21,734.4630737304688,43921600000,736.35498046875,731.343994140625,-0.0003988918652572619,0.015911376330873975,0.015114545417068056,0.006822652502696028,70577460000.0,0.6223176634579936,-0.0008917349908712556,0.007110527144384415,1.0527194759629424,bist100
2014-04-22,731.6961059570312,48033100000,737.0260009765625,731.7000122070312,-0.0037744483637643816,0.01596448274262231,0.014947197664875816,0.0072789628455997525,70820235000.0,0.6782397714438536,0.002010891389802761,0.0061539158169152,1.0680585819867088,bist100
2014-04-24,723.9091796875,57135600000,734.02099609375,723.426025390625,-0.010699329867302005,0.013361702233363597,0.014670632029635623,0.014635773382095638,69539845000.0,0.8216239193515602,-2.237549240118042e-05,0.0033272582805686894,0.9107789089367176,bist100
2014-04-25,713.8832397460938,53508700000,727.4229736328125,712.8599853515625,-0.013946522896819377,0.013589517599842045,0.014791606058984559,0.020399678085214056,67400120000.0,0.7938962126476926,-0.005997241397865871,0.0031362423141676247,0.9187317148422598,bist100
2014-04-28,723.9811401367188,57374500000,725.3460083007812,711.666015625,0.01404592331174408,0.012294004597567968,0.014723836300887782,0.0188955097272256,65420520000.0,0.8770107605381309,-0.002954653936279791,0.002319026242246667,0.8349729205306836,bist100
2014-04-29,723.1461791992188,50993400000,731.239013671875,723.1500244140625,-0.0011539565579302812,0.012215566797236059,0.0147140559227161,0.0111858286615991,62831355000.0,0.8115916010405951,-0.0031056668748143945,0.0018155340267199164,0.8301971163761325,bist100
2014-04-30,738.7111206054688,75506300000,742.4110107421875,723.7449951171875,0.021295552759762436,0.01259382577012554,0.014795258701808053,0.025268356065495264,62433675000.0,1.2093841985114604,0.001908333349890969,0.0020828907714329223,0.8512068645738863,bist100
2014-05-02,751.5870361328125,74235500000,754.3079833984375,744.8079833984375,0.017280080317471767,0.012974734560775067,0.014880753019931026,0.012639919987019655,61373950000.0,1.2095604079580995,0.007504215386845724,0.0030948711761490675,0.8719138435667153,bist100
2014-05-05,747.60400390625,58580300000,754.947998046875,744.1610107421875,-0.005313587783898033,0.01290154779525326,0.014382470074411405,0.014428744694149866,59756560000.0,0.9803158013111866,0.009230802409429993,0.0021984901665168606,0.8970328273588464,bist100
2014-05-06,751.8990478515625,54813100000,755.1270141601562,750.4229736328125,0.005728638813039892,0.012612098076170513,0.014387353057332361,0.006256212906220366,58992085000.0,0.9291602424291326,0.007567345509689155,0.0017646473061984711,0.8766100356272895,bist100
2014-05-07,749.6680297851562,60634800000,753.8870239257812,744.926025390625,-0.002971588470942809,0.012639071283298524,0.014329564872679359,0.011953288894718292,59278180000.0,1.0228856553963026,0.0072038191270866496,0.0016807249772878446,0.8820275699645341,bist100
2014-05-08,757.81298828125,69775700000,761.06298828125,753.3359985351562,0.010806156306586651,0.012100802834591863,0.014368046987660586,0.010196433507452637,59282725000.0,1.1769988643403284,0.005105939836451493,0.0012257466186509323,0.8422023428086048,bist100
2014-05-09,755.6259765625,52725300000,760.8930053710938,753.7620239257812,-0.0028901241369647264,0.011003933633687561,0.014385886187497796,0.009437184091728583,58598835000.0,0.8997670346176677,0.0010718989455641935,0.002118273295355221,0.7649117677053948,bist100
2014-05-12,759.3519897460938,54291700000,765.1959838867188,756.5570068359375,0.00491891074225417,0.010873613362326654,0.014265153299242337,0.011376775418300919,58408505000.0,0.9295170283848216,0.003118398650794634,0.001868539531651715,0.7622500182247731,bist100
2014-05-13,757.760986328125,53626800000,764.2559814453125,755.197998046875,-0.0020974100496300723,0.010771963334781906,0.014151490756731036,0.011953615403624409,58534675000.0,0.916154399080545,0.0015531888782606413,0.002047383435637761,0.7611892994141493,bist100
2014-05-14,760.4739990234375,54665500000,762.85400390625,757.9099731445312,0.0035739073453341834,0.010397933780248475,0.014109283196365867,0.006501248915896698,58327540000.0,0.9372159360741084,0.0028622880415160395,0.0015171763257292616,0.7369569123771416,bist100
2014-05-15,752.280029296875,53690000000,767.6859741210938,752.2839965820312,-0.010833287778599023,0.009765004021166888,0.013830433790937005,0.020473729115816207,56259785000.0,0.9543228791222718,-0.0014656007755210949,0.0018898909501560337,0.7060518974875418,bist100
2014-05-16,750.0890502929688,46574800000,753.2570190429688,745.7050170898438,-0.0029167008119628406,0.009810573271523607,0.01372255543849749,0.01006814050968395,55357905000.0,0.8413396424593741,-0.0014709161105207174,0.0017707056823720064,0.7149232018404428,bist100
2014-05-20,752.5490112304688,40318800000,754.3140258789062,746.5540161132812,0.0032741924993429845,0.009241015204615958,0.013720445058950308,0.010311633727266291,54461955000.0,0.7403112870259615,-0.0017998597591029545,0.0011380249758139518,0.6735215340983224,bist100
2014-05-21,764.5419921875,53486900000,764.5460205078125,752.7210083007812,0.01581082580407224,0.009782089986285778,0.01382314092755179,0.015466792312084313,55694620000.0,0.9603602646000637,0.0017817874116375077,0.00198691696582688,0.7076604396608925,bist100
2014-05-22,780.4278564453125,88286500000,783.7689819335938,764.7739868164062,0.020565351688716618,0.01060185580348712,0.01400687852718829,0.024339206962326762,57912865000.0,1.524471289755739,0.005180076280313995,0.0030351291435255735,0.7569035301411522,bist100
2014-05-23,780.6018676757812,56258400000,784.5269775390625,776.6719970703125,0.0002229441611530068,0.010503950796268379,0.013197811802993113,0.010062723129446218,58324130000.0,0.9645818977496964,0.007391322668264401,0.003234998769771443,0.7958857841787229,bist100
2014-05-26,786.02783203125,43388900000,786.9099731445312,778.3309936523438,0.006926954151958442,0.010000677318745724,0.013077278517729211,0.010914345704550608,57636795000.0,0.75279862455919,0.009360053661048657,0.004116312970734466,0.7647368911801903,bist100
2014-05-27,775.327880859375,58599800000,788.8259887695312,774.4810180664062,-0.013706189551064334,0.009977949526713784,0.013277285321656786,0.01850181201690439,57891350000.0,1.0122375795347665,0.005963977250967193,0.0041283296380222176,0.7515052425994488,bist100
2014-05-28,779.9498291015625,80615800000,789.3720092773438,772.697998046875,0.0059435839900442815,0.009715110713556642,0.01323178683397288,0.021378312563611723,59053415000.0,1.3651335828757745,0.003990528888161602,0.003723212671937228,0.7342251530694932,bist100
2014-05-29,792.9957885742188,61731500000,793.9299926757812,784.2249755859375,0.01658831491919852,0.010050579490059037,0.012894453234777102,0.012238421981147041,59590320000.0,1.0359316748089287,0.0031951215342579825,0.004610326245793668,0.7794498383965619,bist100
2014-05-30,792.893798828125,62075100000,799.9929809570312,791.3779907226562,-0.00012862149678578947,0.00929170511061406,0.012469052463042234,0.010865251118255329,58918760000.0,1.0535710527512798,0.003124808402670223,0.0035391175329662567,0.7451813309916129,bist100
2014-06-02,786.4838256835938,53016100000,798.9509887695312,785.3909912109375,-0.008117132014467423,0.009047195171476074,0.012558186776245211,0.01724129233911163,57857790000.0,0.9163174051411227,0.00011599116938504975,0.002269256916369297,0.7204220905990624,bist100
2014-06-03,788.1787719726562,58477700000,795.6929931640625,784.780029296875,0.002152774754641529,0.008870144408759209,0.01254081200023217,0.013845797749506119,57852660000.0,1.0108039976035674,0.0032877840305262224,0.002642575043296275,0.707302239168803,bist100
2014-06-04,783.8428344726562,47667700000,791.302978515625,782.177001953125,-0.005516398092323855,0.009019371798346339,0.01238031281288797,0.011642610177893196,57495390000.0,0.8290699480427909,0.000995787614052595,0.002080323198028088,0.7285253559148462,bist100
2014-06-05,798.0258178710938,73504500000,803.0900268554688,786.6290283203125,0.017932416127866783,0.009595915944409028,0.012453358609817052,0.020627150358455217,58138875000.0,1.2642917497113593,0.0012646078557862477,0.003125523427968567,0.7705484315568103,bist100
2014-06-06,803.9717407226562,61332100000,806.3699951171875,799.7069702148438,0.007423170057966822,0.00948254870461749,0.012460076074533661,0.008287635702661188,57716695000.0,1.0626405410081086,0.0027749661667367696,0.002956374115537576,0.7610345753825897,bist100
2014-06-09,807.5337524414062,62268500000,814.7210083007812,806.6719970703125,0.004420732705975393,0.009385728925087872,0.012459481839025227,0.009967399141069063,58193855000.0,1.0700184753183992,0.005282539110825333,0.003321916957684582,0.7533001007867088,bist100
2014-06-10,816.7156372070312,56978900000,816.719970703125,807.6519775390625,0.011306124087556824,0.009550154562756452,0.012488994486005553,0.011102999319411626,58328215000.0,0.9768668559461318,0.007113208977408391,0.0036412776249497144,0.764685625688906,bist100
2014-06-11,790.2017822265625,96117300000,819.1539916992188,785.9219970703125,-0.033002643613128574,0.012555123394714441,0.013368458413442374,0.04205507425618302,60452740000.0,1.5899577091129369,0.001615959873247448,0.0020960159467747893,0.9391601489435685,bist100
2014-06-12,798.3388061523438,82783700000,800.1190185546875,778.551025390625,0.01024474307231115,0.012684395581287875,0.013322553749779613,0.027016090158526965,61858650000.0,1.3382720120791514,7.84252621363217e-05,0.002429557733123638,0.9520994112332034,bist100
2014-06-13,790.11181640625,55132500000,797.2219848632812,785.9630126953125,-0.010358601259050155,0.01265869080901383,0.013239905264571973,0.014249846583967237,61930775000.0,0.8902278390670874,-0.0034779290012670735,0.002453292059101081,0.9561013131178977,bist100
2014-06-16,776.452880859375,51542100000,786.1959838867188,774.43798828125,-0.017438515895633958,0.013378910449644598,0.013492379693214448,0.015143218468653302,62179140000.0,0.8289291231753929,-0.007849778721588943,0.0017272013049175257,0.9915901237476354,bist100
2014-06-17,780.15283203125,63734200000,789.5120239257812,778.9879760742188,0.004753879687424947,0.013392000318610002,0.013469102883153847,0.013489725883788046,63349910000.0,1.0060661491073941,-0.009160227601615318,0.0018011856643216236,0.9942755976242279,bist100
2014-06-18,780.9248657226562,49708700000,785.5579833984375,777.6320190429688,0.0009891035602632252,0.012979686692602138,0.013355382656760669,0.010149458294088485,63161000000.0,0.7870157217270151,-0.0023618781669369595,0.001060099552131173,0.9718693223688092,bist100
2014-06-19,790.5687866210938,55043800000,794.31201171875,790.2069702148438,0.012273726910213983,0.01244530368339155,0.013223064103401292,0.005192516544260843,61498865000.0,0.8950376563860162,-0.0019560813993563927,0.000645518313206041,0.9411815284318493,bist100
2014-06-20,784.0028686523438,33952600000,789.27197265625,783.718017578125,-0.008339990123226077,0.012606850043641114,0.013219743121519292,0.007084100454468913,60383575000.0,0.5622820444135678,-0.0015523591721915773,0.0002173715989870869,0.9536380493747643,bist100
2014-06-23,793.2608032226562,48182700000,794.2319946289062,785.0750122070312,0.011739369969628573,0.01278630162065318,0.012035950431888272,0.011543470173585237,60623265000.0,0.7947889312791054,0.0042832180008609295,0.0004579923898705934,1.0623424957597793,bist100
2014-06-24,789.8568115234375,51630800000,800.5750122070312,789.8610229492188,-0.004300371511756945,0.012405209389325161,0.011954490540621122,0.013564470295758895,60274815000.0,0.856589937273138,0.0024723677610245507,0.000928283291835963,1.037702890572585,bist100
2014-06-25,789.9747924804688,44579300000,791.5040283203125,780.322998046875,0.00014935890249515274,0.012349451319070233,0.011392881423269169,0.014153654496151457,58472990000.0,0.7623913194793015,0.002304418829470936,0.0006385720374585065,1.0839620689676746,bist100
2014-06-26,781.036865234375,39921100000,793.510009765625,777.5670166015625,-0.011378685368905196,0.012027561620319503,0.011491760852967593,0.020412600062454538,57382470000.0,0.6957020149184934,-0.0024260636263529,-0.0007597779769466793,1.0466247752809394,bist100
2014-06-27,784.7198486328125,24873000000,788.9340209960938,781.3909912109375,0.004704422032284543,0.012089303100875259,0.011349396198350629,0.00961238561545013,55522365000.0,0.44798163766979304,0.00018281880474922408,-0.0005181258004931627,1.065193503653715,bist100
2014-06-30,784.8858642578125,36662300000,792.6380004882812,783.6300048828125,0.0002115379986906289,0.011956484513351403,0.011334698016134655,0.011476822319875393,54704675000.0,0.6701858661988213,-0.002122747589438365,-0.00010169229983526007,1.0548569089649897,bist100
2014-07-01,771.06591796875,50311700000,788.156982421875,769.56201171875,-0.017764444735867253,0.012572418300950454,0.011518374936979011,0.024115928703100354,54296375000.0,0.9266125040575913,-0.004815562234260426,-0.0010975532743606991,1.0915097285631417,bist100
2014-07-02,768.3139038085938,54788700000,774.1229858398438,760.56201171875,-0.0035754880674178854,0.012543973078890302,0.011403580019725336,0.01765030419711385,54652425000.0,1.0024934849642995,-0.005560531628243034,-0.0010005077731154006,1.1000030742268982,bist100
2014-07-03,775.2808837890625,55647900000,775.6849975585938,764.698974609375,0.00902701582857007,0.011982013419006994,0.01144694919062343,0.014170377703015588,53759595000.0,1.0351249855955946,-0.0014793913887479805,-0.0014457777880802366,1.0467429547797638,bist100
2014-07-04,775.3439331054688,41155200000,777.8070068359375,773.739990234375,8.132117550826465e-05,0.011807185421531419,0.011178488460936924,0.005245435513079936,52750750000.0,0.7801822722899674,-0.002404011560103236,-0.0018128702322031645,1.0562416790777633,bist100
2014-07-07,789.5067749023438,58454800000,789.9559936523438,772.551025390625,0.01810169935352481,0.012559661321622664,0.01103427425875257,0.022045369102591448,52560065000.0,1.1121523536928655,0.0011740207108635998,-0.0011288218998256937,1.1382408146743437,bist100
2014-07-08,792.90380859375,49370900000,797.2969970703125,790.81201171875,0.004293498723127297,0.01228921562155276,0.010984842660427336,0.00817877941974312,52179665000.0,0.9461712718929874,0.00558560940266251,-0.00147945316804717,1.1187429808006628,bist100
2014-07-09,794.5838012695312,48376200000,797.7789916992188,790.8770141601562,0.0021165435150564418,0.009806075942329965,0.01094646190268854,0.008686280198558032,49792610000.0,0.9715538108968379,0.006724015719157375,0.0002765061883620807,0.895821501915748,bist100
2014-07-10,785.5118408203125,55069500000,798.3699951171875,784.8709716796875,-0.011482925325826905,0.00984708689653286,0.01094296082973393,0.017185003122808344,48406900000.0,1.1376374029322267,0.0026220274882779804,-0.000809877231544822,0.8998558113976438,bist100
2014-07-11,793.6397705078125,40759300000,795.2449951171875,787.4810180664062,0.010294136933977254,0.009875891716969116,0.010706644825916564,0.009782746958123645,47688240000.0,0.8547033817981121,0.004664590639971778,0.00022275967810654832,0.9224077082545483,bist100
2014-07-14,806.2117309570312,48848300000,806.9539794921875,796.697998046875,0.015716732741670587,0.009531969829262538,0.010858230901251015,0.012721200959378143,47553550000.0,1.027227199651761,0.004187597317600934,0.0018805221099717755,0.8778566154974957,bist100
2014-07-15,812.4466552734375,54581500000,814.7219848632812,806.4650268554688,0.007703855496619025,0.00960134430772408,0.010727901702432773,0.0101630771130857,47095915000.0,1.1589434030531098,0.004869668672299279,0.0020280209004314795,0.894988094973575,bist100
2014-07-16,822.7006225585938,53875300000,822.906982421875,811.4879760742188,0.012542113900307657,0.00987906781711591,0.010812420177759954,0.013879904833599386,47304245000.0,1.138910471988296,0.006954782749349522,0.0026056714174337013,0.9136777571256568,bist100
2014-07-17,817.82763671875,62066000000,824.9219970703125,812.8469848632812,-0.005940769558867495,0.009779962329163115,0.010855837660587956,0.014764739738409981,47655355000.0,1.3023929839574167,0.008063213902741406,0.0016949465939796273,0.9008943054361619,bist100
2014-07-18,823.140625,46968800000,823.14501953125,809.3380126953125,0.006475453511577448,0.00953796851095446,0.010847404299910544,0.016773569930335415,48306165000.0,0.9723148173737245,0.007299477218261442,0.0024357187757198034,0.8792857947622656,bist100
2014-07-21,822.6986083984375,44020500000,829.4290161132812,821.64697265625,-0.0005371321854771923,0.009299768856902821,0.010724995109483043,0.009459166914334153,48098055000.0,0.915224118729957,0.004048704232831888,0.001821893667964515,0.8671117107251605,bist100
2014-07-22,825.3005981445312,50706100000,828.7969970703125,822.1179809570312,0.003157758690531953,0.00919023948535833,0.010515654801094568,0.008092828392827099,48051820000.0,1.0552378661203676,0.003139484871614472,0.0021948001780789602,0.8739578903257382,bist100
2014-07-23,828.5416259765625,52142800000,831.6900024414062,824.9000244140625,0.003919396824832802,0.009184739283615732,0.010406549255157287,0.008195095834009217,48429995000.0,1.0766633364302434,0.0014149414565195017,0.0023833020741958425,0.8825922078890801,bist100
2014-07-24,838.2425537109375,74659900000,839.2050170898438,830.6170043945312,0.011640423987178508,0.008803818897448254,0.01046656221964122,0.010245259748855486,50166935000.0,1.4882292490063425,0.004931180165728702,0.003534257542000027,0.8411375877484668,bist100
2014-07-25,842.175537109375,52352700000,842.89697265625,834.2630004882812,0.004680966720564364,0.008803656375263308,0.010175572021943666,0.01025198641794251,51540920000.0,1.015750203915646,0.004572282807526086,0.0035330847764140187,0.8651755750220415,bist100
2014-07-31,821.5646362304688,61055100000,843.5640258789062,821.5689697265625,-0.024777853765806476,0.010838129642991128,0.01055945288514526,0.02677215544873283,52760560000.0,1.157210992453454,-0.00027586150853977086,0.0022836151881891636,1.0263912118248004,bist100
2014-08-01,820.9346923828125,56569300000,825.531982421875,809.1519775390625,-0.00076705526458266,0.009800033163365767,0.010526108532122096,0.01995287205522835,53073440000.0,1.0658683514767462,-0.0010608242995626936,0.003133484661753393,0.9310214818191742,bist100
2014-08-04,818.9286499023438,44847600000,829.8829956054688,818.9329833984375,-0.0024465983590168084,0.009762537531156499,0.010524138453613273,0.013371143149451451,52576385000.0,0.8529989271799497,-0.0023340233363326156,0.0031899291471734472,0.9276329434648124,bist100
2014-08-05,806.4147338867188,56438300000,826.6389770507812,803.4609985351562,-0.015398793162595337,0.01049429331347947,0.010732324438752768,0.028742007730827163,52615905000.0,1.0726471396814328,-0.007741866766287383,0.0019686386976151765,0.9778211023500366,bist100
2014-08-06,794.3187866210938,73918900000,804.6019897460938,789.551025390625,-0.015113293184278847,0.011166586117682432,0.010860649603210733,0.01894826687845716,54254090000.0,1.3624576506582269,-0.011700718747256027,0.0012089079796258212,1.0281692647906857,bist100
2014-08-07,788.4287719726562,57761800000,799.3740234375,786.781005859375,-0.0074428064114103265,0.010578080458919179,0.010902577704403244,0.01597229581895794,54219440000.0,1.0653337622077985,-0.008233709276376797,-6.831730862093556e-05,0.9702366491409632,bist100
2014-08-08,791.9898071289062,58682900000,794.6500244140625,777.510009765625,0.0045064532014886995,0.010582808194517151,0.010900007534892802,0.021641711161123248,54685040000.0,1.073107014276665,-0.007179007583162526,-5.766958470286546e-05,0.9708991632014712,bist100
2014-08-11,772.7089233398438,74978600000,804.833984375,772.27001953125,-0.02464609881286918,0.011903056782196313,0.011376445570498805,0.04214260229194752,56015160000.0,1.3385412092012234,-0.011618907673933,-0.0013958017010991465,1.0462896085103335,bist100
2014-08-12,778.267822265625,52915600000,779.8939819335938,768.7020263671875,0.007168286365181545,0.011801366136245977,0.011403272676265442,0.014380596558425364,55907465000.0,0.9464854112058202,-0.007105491768377624,-0.00046324111654872415,1.0349104569611072,bist100
2014-08-13,776.181884765625,67390900000,783.1019897460938,768.4600219726562,-0.0026838291938786193,0.011532473737461137,0.0113155780226679,0.01886409366260689,57239045000.0,1.1773589164529212,-0.004619598970297578,-0.0011121394229415178,1.0191678864622506,bist100
2014-08-14,775.6948852539062,58072200000,785.1480102539062,772.6849975585938,-0.0006276265449852279,0.010835195988247285,0.011307646195183837,0.016066900700567356,57700240000.0,1.006446420326848,-0.0032565629970125578,-0.0019293573872743084,0.9582185187985649,bist100
2014-08-15,766.9169311523438,53693900000,782.114013671875,766.2589721679688,-0.011380761838665553,0.010782410370761332,0.011405862611707373,0.020673740349014064,57655860000.0,0.9312826137707425,-0.0064340060050434075,-0.0028835882540385375,0.9453393169661619,bist100
2014-08-18,773.4169311523438,55837500000,775.1510009765625,765.39599609375,0.008439778858167062,0.01050907375564416,0.011275079259948424,0.012612866993069497,57753970000.0,0.9668166534698827,0.00018316952916383987,-0.0030887050061455673,0.9320620736543037,bist100
2014-08-19,792.7547607421875,72320400000,794.0809936523438,776.3670043945312,0.024695647973829758,0.012172614836441787,0.011413332505616809,0.022344853837558073,58266690000.0,1.2411962992920997,0.0036886418508934823,-0.0015568841295107046,1.0665259099786426,bist100
2014-08-20,788.664794921875,68362300000,795.2529907226562,782.5009765625,-0.005172536187027388,0.012046072073918043,0.011434873913497694,0.016169118036287473,59336365000.0,1.1521147276210804,0.0031909004522637286,-0.002139283614440946,1.053450362902462,bist100
2014-08-21,789.57080078125,48535200000,791.89501953125,786.541015625,0.0011481251105548386,0.012063750307400246,0.011401295293360411,0.0067809041329193265,59562100000.0,0.8148671722454379,0.003546050783371742,-0.002055020749639345,1.0581034871034012,bist100
2014-08-22,789.2918090820312,43560400000,794.0819702148438,785.6519775390625,-0.0003534084604697636,0.012009323917732373,0.011257144219152363,0.010680451233347488,59204815000.0,0.7357577251107026,0.0057515214590108995,-0.002230579107189431,1.0668179854443267,bist100
2014-08-25,792.6198120117188,37392900000,793.6810302734375,789.22998046875,0.004207577458995839,0.012017261405034544,0.011244610520716734,0.005615617648252391,58467320000.0,0.6395521463956275,0.004905081179176656,-0.0022161700754812787,1.0687129965857245,bist100
2014-08-26,807.5387573242188,47908400000,808.468017578125,794.3759765625,0.018647373957638522,0.012533542921364186,0.01129827524470195,0.017450606410915812,57129745000.0,0.8385894248258942,0.003695426375938408,-0.001865822576958278,1.1093324113555727,bist100
2014-08-27,804.6697387695312,52730200000,811.9580078125,802.4169921875,-0.0035591197915234895,0.012442110413168938,0.011309170671878477,0.01185705782796025,57148620000.0,0.9226854471726527,0.0040181096550391876,-0.002277826902562671,1.1001788525579195,bist100
2014-08-28,808.3727416992188,44948100000,808.698974609375,802.5460205078125,0.004591335292870838,0.01133026416809728,0.011268825077161997,0.007611530899259225,56343270000.0,0.7977545499222889,0.004706751691502387,-0.000809367449628805,1.005452129260556,bist100
2014-08-29,803.124755859375,49087400000,816.114990234375,802.9849853515625,-0.006513202037482257,0.011401763171144141,0.011302215244604544,0.01634864918186077,55969175000.0,0.8770434797368373,0.0034747929760998884,-0.0010966747882737847,1.0088078243410838,bist100
2014-09-01,808.2427368164062,34942300000,810.0059814453125,801.7880249023438,0.006352366161764898,0.01151611843736039,0.011302321896678659,0.010167683752208556,55473910000.0,0.6298870946720719,0.0039037507166537005,-0.0006567265622346994,1.018916161000914,bist100
2014-09-02,807.095703125,45703100000,813.97802734375,804.8380126953125,-0.0014201777854503943,0.010986314307332747,0.011070486077250804,0.0113245735456752,54937150000.0,0.8319161077704249,-0.00010975963196408296,4.2204206622547676e-05,0.992396741269471,bist100
2014-09-03,812.919677734375,56366000000,815.5609741210938,808.9719848632812,0.007190054820810046,0.010487620872538241,0.011067944554458534,0.008105338618664217,54059505000.0,1.0426658549685204,0.0020400752905026243,0.0011573716068769924,0.9475671675924217,bist100
2014-09-04,822.2556762695312,65110300000,823.3770141601562,811.719970703125,0.011419081090833028,0.010521568622634706,0.011149917297936853,0.014176908464673378,54426930000.0,1.1962883080122284,0.0034056244500950622,0.0021004659819891603,0.9436454407228281,bist100
2014-09-05,821.9266967773438,49751000000,823.4769897460938,816.7150268554688,-0.00040017397336291645,0.01051971931662195,0.011056109723877165,0.008226965880458298,53980335000.0,0.921650449186727,0.00462823006291893,0.0018551346232465794,0.951484706587453,bist100
2014-09-08,821.9906616210938,47957400000,826.281982421875,820.3610229492188,7.782002356193876e-05,0.008500480670399583,0.010166075025376557,0.007203195546016538,52629275000.0,0.911230489114661,0.0033733208352783386,0.0030913305650681353,0.8361615125976035,bist100
2014-09-09,800.7977294921875,64736400000,822.5419921875,799.8489990234375,-0.026120641735842946,0.010647993093181212,0.01065697630193439,0.02833798389819722,53220315000.0,1.216385134135339,-0.0015667719548001717,0.0014268841600169108,0.9991570583907983,bist100
2014-09-10,795.5017700195312,63936200000,802.5900268554688,789.68701171875,-0.0066353198818935,0.01076430709418104,0.010606051692177229,0.01621997036713313,53047580000.0,1.2052613898692457,-0.004331846895340881,0.0012293096256161666,1.014921236158083,bist100
2014-09-11,789.6597900390625,54668500000,801.0800170898438,786.5640258789062,-0.007370865629151079,0.010929865111949006,0.010401327015791833,0.01838258879842347,52877395000.0,1.0338727919558064,-0.008089836239337702,0.0008921476714078742,1.050814486974087,bist100
2014-09-12,778.203857421875,50910700000,793.0969848632812,777.0360107421875,-0.01461368979676412,0.011142760624894778,0.010559489322366871,0.020638517745597443,52738235000.0,0.9653470579741624,-0.010932539404017944,0.0007305012735029458,1.0552366960864703,bist100
2014-09-15,779.1768798828125,45764200000,783.2579956054688,774.5689697265625,0.0012495628900977365,0.010995962599569389,0.01055997378779187,0.011151544794569715,52234570000.0,0.8761285868726401,-0.010698190830710783,0.0003709904750994795,1.0412869217801994,bist100
2014-09-16,786.3418579101562,59490500000,788.4660034179688,774.3610229492188,0.009153551321068815,0.009653685553349091,0.010505864017097875,0.017937466162918633,51593075000.0,1.1530714151075507,-0.0036433522193284316,-0.00040611435753856755,0.9188854469882821,bist100
2014-09-17,789.6768188476562,49328600000,794.0579833984375,786.9550170898438,0.004232140093756953,0.009638332136228635,0.010463808060439077,0.008994776266775596,50641390000.0,0.9740767384149606,-0.0014698602241983408,6.411945650064933e-05,0.9211113277840646,bist100
2014-09-18,774.9598999023438,64761900000,785.280029296875,772.7570190429688,-0.01881248574145168,0.010513853861150542,0.01063083864799386,0.016159559037163512,51452725000.0,1.2586680297302038,-0.0037581842466584614,-0.0009339110860996766,0.9889957141936874,bist100
2014-09-19,769.2149047851562,52298100000,782.9500122070312,769.218994140625,-0.007440895430512396,0.010612241133515072,0.010658119393898985,0.017850691635052703,51889610000.0,1.0078722888840368,-0.0023236253734081167,-0.0012882854346018082,0.9956954638348136,bist100
2014-09-22,768.6948852539062,46920300000,775.0079956054688,765.5960083007812,-0.0006762679507431048,0.01053503187315022,0.010657876781904094,0.01224411334749371,52365980000.0,0.896007293284686,-0.002708791541576285,-0.0015324777050887554,0.9884737916127488,bist100
2014-09-23,766.6849365234375,50327000000,778.0330200195312,766.6890258789062,-0.0026181793587754794,0.009403504894889511,0.010565297581841266,0.014796161500269954,52486910000.0,0.9588485967263076,-0.005063137677545144,-0.0025957553709094554,0.8900369177534058,bist100
2014-09-24,751.926025390625,61856300000,772.1329956054688,751.219970703125,-0.01943799459320187,0.01013129128679963,0.010827593337923389,0.0278126094804066,52943215000.0,1.1683517897430293,-0.009797164614936908,-0.0033896991109933746,0.9356918911347568,bist100
2014-09-25,745.9030151367188,57089500000,755.760009765625,743.2139892578125,-0.00804236338691849,0.010000494875159876,0.010868025178897307,0.016819908558102427,53550285000.0,1.0660914316329035,-0.007643140144030269,-0.0040213840449828415,0.9201759022953007,bist100
2014-09-26,746.3200073242188,70610100000,751.64501953125,738.468017578125,0.0005588872334464424,0.010032728187910386,0.010639692318567907,0.017655967713325157,54626420000.0,1.2925998079317664,-0.006043183611238502,-0.0036677795814364055,0.9429528493414913,bist100
2014-09-29,746.4530029296875,55018500000,748.3989868164062,740.426025390625,0.0001781859732284814,0.009800481105913517,0.010632596447204384,0.010681129815927965,55630230000.0,0.9890036406464615,-0.005872292826444185,-0.003976488590863227,0.9217392153061866,bist100
2014-09-30,749.3740234375,60480700000,751.9849853515625,744.906005859375,0.0039055641719099366,0.009944882372598109,0.010575375759332446,0.009446523726182921,56369110000.0,1.072940481054251,-0.004567544120307103,-0.0037102014929952104,0.9403809943889753,bist100
2014-10-01,741.5410766601562,58294500000,752.094970703125,741.5449829101562,-0.010507665858392407,0.009708494628069084,0.010652456629047019,0.01422711178790672,56465535000.0,1.0323908203473144,-0.0027814783733452093,-0.004595087526955333,0.9113855109811996,bist100
2014-10-02,738.5761108398438,55331700000,747.2990112304688,736.4619750976562,-0.004006398697748046,0.008952618486715608,0.010368138021970992,0.014672876598309653,55976605000.0,0.9884790261931748,-0.0019742854355111203,-0.005366361516384387,0.8634740845216591,bist100
2014-10-03,743.8400268554688,22864800000,743.843994140625,735.3989868164062,0.007101835990617081,0.009321218297070265,0.010399243591968664,0.011353257446926354,54632295000.0,0.4185216820929818,-0.0006656956840769926,-0.004991261018185387,0.8963361820151076,bist100
2014-10-08,729.43115234375,56351300000,733.844970703125,726.1220092773438,-0.01956100703631464,0.009782139579494965,0.010660140624950791,0.010587649569073718,55051990000.0,1.023601508319681,-0.004613534285985617,-0.005973202371179215,0.9176370109601739,bist100
2014-10-09,752.0760498046875,84779800000,753.5339965820312,739.2890014648438,0.030572461886181332,0.01166884223600285,0.011348075592455018,0.01894089716177891,56054160000.0,1.5124622329546995,0.000719845256868662,-0.0031385471900780017,1.0282661708528889,bist100
2014-10-10,734.9370727539062,53352100000,745.4630126953125,734.9409790039062,-0.023052568649135196,0.012477221839911751,0.01161276186792013,0.014316917844379247,55524955000.0,0.9608670551826651,-0.0017891353012798954,-0.003959409628440087,1.074440514825303,bist100
2014-10-13,751.1530151367188,67125600000,754.8480224609375,737.2410278320312,0.021824499280996324,0.013704577975027443,0.011789707079869812,0.02343995733772242,56147810000.0,1.1955159070318149,0.0033770442944689783,-0.0024996413829327163,1.1624188694583562,bist100
2014-10-14,746.862060546875,88651500000,756.8870239257812,740.9390258789062,-0.005728869348821476,0.013432530103332918,0.011745626383897204,0.021353338038348598,58034850000.0,1.5275562872997863,0.0008109032265812673,-0.0020554003605355842,1.1436197325115325,bist100
2014-10-15,748.5560302734375,78321400000,758.1480102539062,747.4390258789062,0.0022655476237917367,0.013447599341045044,0.011613011428478147,0.014306189439270365,59662710000.0,1.3127362132896745,0.005176214158602543,-0.0020046011238508844,1.157976931639627,bist100
2014-10-16,745.7550048828125,76190500000,755.7139892578125,738.0029907226562,-0.003748923223200577,0.013191175746332854,0.011602485150138448,0.0237490843764962,60497710000.0,1.2593947770915626,-0.001688062863273839,-0.002649724851064354,1.1369267510913772,bist100
2014-10-17,755.3289794921875,73380300000,759.77099609375,747.8610229492188,0.012756254191489898,0.013557841648063744,0.011703895833841219,0.015767928237757276,61700295000.0,1.189302255361988,0.00547370170485118,-0.0022235191461777064,1.1584041622159635,bist100
2014-10-20,763.3099975585938,57586700000,764.35302734375,758.468017578125,0.010510847757852678,0.01325154157129065,0.011804700136572747,0.0077098554773917406,61341535000.0,0.9387880495654372,0.003210971400222451,-0.0007573524712124886,1.122564861282276,bist100
2014-10-21,776.451904296875,68816200000,776.6690063476562,762.823974609375,0.017070465051833617,0.01372585864979461,0.012027268704122468,0.01783115175796855,62167440000.0,1.1069492325886348,0.007770838280353469,0.00046821555290481207,1.141228236223735,bist100
2014-10-22,780.8038330078125,72020200000,782.0189819335938,775.6099853515625,0.0055892425836899335,0.013769793336475667,0.01204080908369797,0.008208203278591134,63422435000.0,1.1355634642536194,0.008435577272333107,0.0007814910796264641,1.1435936938090452,bist100
2014-10-23,794.9428100585938,86547300000,794.947021484375,776.5059814453125,0.017946230869062083,0.014261583928058538,0.012179631841986746,0.023197945570075974,65233450000.0,1.326731914378283,0.01277460809078564,0.0018097115910183422,1.1709371935935449,bist100
2014-10-24,794.1668090820312,70502100000,799.5239868164062,789.958984375,-0.0009766488464956814,0.013384438074164843,0.012157699125086057,0.012044072267968907,65665740000.0,1.0736511916259528,0.010028027483188524,0.0027327788783536515,1.1009022296453732,bist100
2014-10-27,792.3497924804688,65579700000,800.155029296875,785.4359741210938,-0.002290574702115259,0.013201269287789079,0.011751409785402596,0.018576461198661916,66090250000.0,0.9922749573499873,0.007467742991194936,0.003020368312593813,1.12337749502936,bist100
2014-10-28,795.8867797851562,27093700000,797.2429809570312,790.6959838867188,0.004453987792097896,0.013191772736417858,0.011769494458742416,0.0082260407341856,63914430000.0,0.42390583785226593,0.004944447539247793,0.003215123340526386,1.1208444664009312,bist100
2014-10-30,798.9818115234375,69848500000,801.2930297851562,792.0430297851562,0.0038812421793920737,0.013172878007737504,0.011780251913369105,0.011577234758777307,64655930000.0,1.080310808304822,0.004602847458388222,0.0034002761508345656,1.1182170045776307,bist100
2014-10-31,805.792724609375,72741900000,811.469970703125,803.8410034179688,0.00848836248045502,0.013221897287264634,0.011668253012861788,0.0094676547108992,65268990000.0,1.1144940346096974,0.0027112737806668087,0.0036294160662618197,1.1331514043010793,bist100
2014-11-03,800.2747192382812,64885100000,808.6329956054688,798.9609985351562,-0.006871476169037743,0.013041035130542203,0.011535226069700946,0.012085846069857756,65598520000.0,0.9891244497589274,0.0015323083161583964,0.003811225550729553,1.1305400563233432,bist100
2014-11-04,802.677734375,68091700000,807.7869873046875,798.8319702148438,0.002998238570891292,0.012913468693007524,0.011497827535853012,0.011156428920775431,66236520000.0,1.028008415901077,0.0025900709707597064,0.00416145741416152,1.1231224901173895,bist100
2014-11-05,789.5567626953125,81165400000,809.8759765625,789.5609741210938,-0.0164815782099865,0.013684559147870057,0.01168537086336167,0.02572962882625039,69151550000.0,1.1737321867694939,-0.001597042229657173,0.0029822867041313403,1.17108470992364,bist100
2014-11-06,775.0989379882812,95013300000,795.7559814453125,775.10302734375,-0.018481045003104924,0.013592746172647982,0.011490927371963656,0.026645571409458894,71084650000.0,1.3366219007901143,-0.006069499666156572,0.0030362848057918267,1.1829111552660656,bist100
2014-11-07,779.5738525390625,70236000000,780.89697265625,771.3309936523438,0.00575674435971605,0.011984334252266679,0.011477547112787902,0.012270779699383162,70357460000.0,0.9982736727562365,-0.006615823290304368,0.0017954989294685624,1.044154655563481,bist100
2014-11-10,777.4298706054688,61070200000,786.35498046875,776.4459838867188,-0.0027539860782589353,0.010541973276425051,0.011477831628843114,0.012745839794287867,70743365000.0,0.8632639965599601,-0.005792325272148605,0.0028104280580123755,0.9184638368395032,bist100
2014-11-11,784.0298461914062,64413800000,784.0339965820312,776.3610229492188,0.008453647340411215,0.009659745136585665,0.01152881867352249,0.009786583597659734,70607775000.0,0.9122763038489742,-0.00470124351824462,0.0021418854609831202,0.8378781391341156,bist100
2014-11-12,803.9447021484375,80102600000,803.948974609375,787.35302734375,0.02508339964379198,0.010735571324664751,0.011865353201247361,0.020643145257720454,70180330000.0,1.1413824927867966,0.0036117520525110747,0.003682498910613793,0.9047831229782658,bist100
2014-11-13,808.7567138671875,90503600000,815.0390014648438,797.6900024414062,0.005967658925307087,0.010741768612612914,0.011842595148649196,0.021451443587380863,70789440000.0,1.278490125080803,0.008501492838193476,0.00386760447568956,0.9070451601005843,bist100
2014-11-14,812.1116943359375,71854200000,814.4869995117188,806.2360229492188,0.004139737986231675,0.01059115141915806,0.011428043878616685,0.010159903643853831,70572625000.0,1.0181596617668678,0.0081780915634966,0.0042620375361611725,0.9267685293872072,bist100
2014-11-17,804.9937133789062,81188200000,817.843994140625,804.56298828125,-0.008803417381947459,0.010776657774533575,0.01146760805856776,0.01649827276740943,70963020000.0,1.1440916691538776,0.006968205302758898,0.0031840539574893045,0.9397476543926736,bist100
2014-11-18,813.294677734375,67837300000,813.9039916992188,806.093994140625,0.010259033193035729,0.010767790557370384,0.011538570870756479,0.009602912415891307,71475550000.0,0.9490979782596985,0.0073292824732838005,0.0031714632292484573,0.9331996724707414,bist100
2014-11-19,814.6116943359375,90827000000,821.43701171875,811.6810302734375,0.0016180499216623986,0.010260432279886763,0.011538925589960643,0.011976235442170358,72576090000.0,1.2514727646529318,0.0026362125288578835,0.0023988424727398967,0.889201702523654,bist100
2014-11-20,825.1146240234375,83664200000,825.3480224609375,812.219970703125,0.012810763858318835,0.01050281886078869,0.011638469831789374,0.01591057942204112,73158290000.0,1.1436051881475087,0.004004833515460234,0.002759918536471342,0.9024226562929465,bist100
2014-11-21,832.8135986328125,78633100000,834.7100219726562,827.6480102539062,0.009287531083369787,0.010010814850972882,0.011454696256448536,0.008479702697390321,72762580000.0,1.0806804816431743,0.005034392134887855,0.002326983547186727,0.8739485209253972,bist100
2014-11-24,832.515625,59085200000,833.8880004882812,827.1090087890625,-0.00035785553002236754,0.010001018617195215,0.011442853740399942,0.008142780142076913,72191735000.0,0.8184482614249401,0.006723504505272873,0.002357923213010393,0.873996893090208,bist100
2014-11-25,835.300537109375,89864300000,836.9530029296875,825.5780029296875,0.0033395943281548917,0.00994235305039197,0.011436531635187264,0.013617853089576725,73405965000.0,1.2242097764125845,0.005339616732296706,0.0026394316645239,0.8693503736571592,bist100
2014-11-26,842.4285278320312,77878400000,843.81201171875,834.1719970703125,0.008497240418775311,0.010021979041521538,0.011443665704218441,0.011443124644942683,75945200000.0,1.025455196641789,0.006715454831719289,0.002841594295857771,0.8757664983019531,bist100
2014-11-27,846.8804931640625,69742000000,849.3900146484375,840.8610229492188,0.005270765245851306,0.01003437428707778,0.011435614231353189,0.010071068784868641,75939875000.0,0.9183844455893561,0.005207455109225783,0.0029110704491807325,0.8774670152449172,bist100
2014-11-28,861.6824340820312,93852900000,870.4810180664062,848.8590087890625,0.017327206408217218,0.010477789066749291,0.011629010247873328,0.025092781774503897,76995425000.0,1.2189412552758816,0.006815390174195269,0.0033530126455688426,0.9010043712589756,bist100
2014-12-01,861.4684448242188,100002300000,870.1019897460938,852.155029296875,-0.00024836972958328085,0.01023958705315886,0.011602504347882948,0.020832986462877116,78751285000.0,1.2698497554674821,0.006837287334283087,0.0036841679675415654,0.882532490067735,bist100
2014-12-02,849.1474609375,84755700000,863.4710083007812,848.2999877929688,-0.014405568094819412,0.01101137484773903,0.011686883140858249,0.01786617896856567,79584485000.0,1.0649776774958084,0.0032882548496882256,0.00281397763425603,0.9421994483064873,bist100
2014-12-03,849.146484375,66130500000,856.4530029296875,845.4400024414062,-1.150051205993501e-06,0.01006762238079476,0.01168645470051258,0.012969494299192894,78832740000.0,0.8388710071475379,0.0015885767556919647,0.003637999042195056,0.8614778937493494,bist100
2014-12-04,862.33642578125,67188400000,863.6929931640625,849.4660034179688,0.01541377067869631,0.008937670570459957,0.011842771880882084,0.016498189477737228,77441495000.0,0.8676020523622381,0.003617177842260966,0.005332739826285117,0.7546941425839787,bist100
2014-12-05,852.3944702148438,72215400000,868.3930053710938,852.3989868164062,-0.011596066760381617,0.009703786182427551,0.011424245271820361,0.018763634811774708,77540465000.0,0.931325340904262,-0.002167476791458802,0.004465099270280234,0.8494028228160871,bist100
2014-12-08,848.1824951171875,51373600000,855.4299926757812,844.93798828125,-0.0049535937465192605,0.00980188094299324,0.01140714362582851,0.012369984590499762,77055635000.0,0.66670789229107,-0.0031085215948459975,0.0043551188868672175,0.8592756665918916,bist100
2014-12-09,835.2685546875,64512400000,852.1389770507812,835.2730102539062,-0.015342523622717855,0.010682860911210823,0.011552603115001977,0.020192268345580282,77060565000.0,0.8371648975062667,-0.0032959127004256864,0.0031653103387107645,0.9247146123576492,bist100
2014-12-10,841.258544921875,63280700000,844.9019775390625,836.1320190429688,0.00714574279649423,0.009424771544974158,0.01139668327212391,0.010424807627847855,76219470000.0,0.8302432436226597,-0.0018665341308856417,0.0022684274963458767,0.8269749470029572,bist100
2014-12-11,847.177490234375,78637500000,855.4119873046875,840.60302734375,0.007011186015424177,0.00944918557501406,0.011420512323128526,0.017480351085391258,75626165000.0,1.0398186923798132,-0.003547051063540069,0.002320603850851731,0.8273871878652775,bist100
2014-12-12,832.2595825195312,70186100000,847.2150268554688,830.6190185546875,-0.01776583395314705,0.01044438424564246,0.011637241424433295,0.019940903835002438,75542760000.0,0.9290910207675759,-0.004781004502093155,0.0012253252538827952,0.8974965685350191,bist100
2014-12-15,828.0396118164062,58078800000,832.8699951171875,825.7269897460938,-0.005083396781550579,0.010288344069978922,0.011654783138347538,0.008626405390709139,74387290000.0,0.7807624125035338,-0.004806965109099419,0.001411326283902639,0.8827572291866466,bist100
2014-12-16,791.9077758789062,104618400000,831.760986328125,788.4400024414062,-0.04461605316203808,0.01432852222947382,0.012809286484113044,0.05470458203120755,76226345000.0,1.3724703709721358,-0.010661671016963465,-0.0013324280338510514,1.1186042444475761,bist100
2014-12-17,808.2026977539062,76785300000,812.2449951171875,789.5490112304688,0.020367950180022715,0.015123087252354568,0.013023535041248297,0.028082044207218874,75524260000.0,1.0166971513524263,-0.008017229540257766,-0.0003949330209330356,1.161212159713668,bist100
2014-12-18,832.2576293945312,71168600000,832.2620239257812,818.2459716796875,0.029329152986991913,0.01628841304792068,0.01353114452309052,0.016841001813693735,74899480000.0,0.9501881722009285,-0.00355363614594422,0.00043098643550061827,1.2037720105734557,bist100
2014-12-19,835.7315673828125,71898300000,837.9429931640625,825.833984375,0.004165426272486312,0.016181749714587437,0.013525985432412102,0.014489112607033889,74562740000.0,0.9642657981721166,0.000832615899182452,0.0001748811949564445,1.1963453454423638,bist100
2014-12-22,851.4334716796875,56817200000,851.43798828125,833.4359741210938,0.018613896439624758,0.01669675127370046,0.013422292325259835,0.02114318353569341,74449340000.0,0.7631659327000078,0.00557207454341752,0.0011234687934388009,1.2439567600743069,bist100
2014-12-23,844.8755493164062,68513100000,854.3389892578125,842.22998046875,-0.007732028720938569,0.016802612799353564,0.013418388186792599,0.014332298761468444,73381780000.0,0.9336527405031603,0.01294887943163742,0.0005698876409841277,1.252207982467818,bist100
2014-12-24,848.2124633789062,37797600000,850.3159790039062,846.43701171875,0.003941813252701612,0.016720169832380255,0.013419010317248608,0.004573108098063245,71377740000.0,0.5295432441542699,0.009663652046173202,0.0003421162826804428,1.2460061835475589,bist100
2014-12-25,848.240478515625,28389500000,851.1510009765625,848.1420288085938,3.3027897243165894e-05,0.01667988035683825,0.013419381792241763,0.003547310278370927,69310115000.0,0.40960110944845496,0.0038044270282234518,8.022941525003582e-05,1.2429693569402356,bist100
2014-12-26,849.468505859375,23913300000,852.5709838867188,849.2100219726562,0.0014466879414918156,0.016186331491366626,0.013417623596917031,0.003956546818251187,65813135000.0,0.36335147991354616,0.003260679362024553,-0.0007137965080862344,1.2063486037189,bist100
2014-12-29,841.0135498046875,38225300000,847.5819702148438,839.2000122070312,-0.010003095303889724,0.016318000929389863,0.013409750273956345,0.00996649579517367,62724285000.0,0.6094178674176995,-0.0024627189866783432,-0.0012015327868015566,1.216875825128657,bist100
2014-12-30,845.3665161132812,59137500000,849.2269897460938,835.8720092773438,0.005162508813190534,0.016069380703484626,0.0133912379502242,0.015797858342144696,61443375000.0,0.9624715439215376,0.00011618852014747723,-0.00022312894140105922,1.199992171240269,bist100
2014-12-31,857.2064208984375,28463800000,858.5059814453125,845.2069702148438,0.01390847392436402,0.016377542342854545,0.013461676326558711,0.015514362592536421,59560040000.0,0.47790095506987573,0.002109520654479959,0.0004723522573774414,1.2166049714434959,bist100
2015-01-02,854.58447265625,32803700000,857.7210083007812,849.4089965820312,-0.003063400211456794,0.01600729971561104,0.013171614690909859,0.009726378122591332,57840805000.0,0.5671376807428596,0.001490235032739967,-0.00045150628713021377,1.2152875779655303,bist100
2015-01-05,864.6213989257812,64458800000,867.9580078125,854.114013671875,0.011676368106183761,0.016000399727654404,0.012710229298350665,0.016011625617669178,57452975000.0,1.1219401606270172,0.0035361710656783563,0.0007121154561980552,1.2588600372245593,bist100
2015-01-06,869.0913696289062,69832100000,869.1179809570312,855.7470092773438,0.005156541139771384,0.01597166068379247,0.012269724947835028,0.015385001102239431,58375900000.0,1.1962487944511349,0.006568098354410577,0.0012176222005125872,1.3017130173411622,bist100
2015-01-07,867.7614135742188,79194900000,876.260009765625,864.97802734375,-0.0015314554318987654,0.01550987236175319,0.012023775216229198,0.013001249243620653,59110025000.0,1.3397879632092864,0.005229305505392718,0.0019081756100535422,1.2899336591737511,bist100
2015-01-08,876.891357421875,73176200000,879.1909790039062,872.60400390625,0.01046629718305627,0.015586473055072877,0.012019862331707489,0.007511734540322578,59604800000.0,1.227689716264462,0.004540870157131167,0.0020742033293816436,1.2967264203980888,bist100
2015-01-09,876.4793701171875,71173100000,883.2680053710938,874.281005859375,-0.00046993748190122874,0.015551485286350563,0.012026627829764304,0.010253520867829628,59231580000.0,1.201607318258267,0.005059562703042281,0.0017001471545153735,1.2930877637921667,bist100
2015-01-12,878.642333984375,63710400000,887.3880004882812,876.3699951171875,0.0024647464128882486,0.014861326656910699,0.011997490419177493,0.012539807092074036,58907795000.0,1.081527495639584,0.003217238364383178,0.0027116761728171383,1.238702940171178,bist100
2015-01-13,883.1303100585938,73665600000,885.4819946289062,878.239990234375,0.0050948523890987744,0.014754228829603271,0.01192958254461502,0.00820038029727545,59687135000.0,1.2341956101595428,0.0032049006142486564,0.0032205886313496066,1.2367766243642186,bist100
2015-01-14,875.63037109375,74634000000,883.7869873046875,871.280029296875,-0.008528715142037869,0.010054182532635738,0.011968892713477446,0.014283376206092597,58187915000.0,1.2826374686221358,0.001805448672220835,0.005024955532349617,0.8400261221586798,bist100
2015-01-15,877.42333984375,80414600000,884.9140014648438,875.60302734375,0.0020455384384356623,0.009395769049085095,0.011810498147101446,0.010611723780623196,58369380000.0,1.3776846695990261,0.00012129692329671398,0.004108834945270264,0.7955438400700331,bist100
2015-01-16,874.1593627929688,61940200000,878.6599731445312,868.625,-0.0037268931964762712,0.007426935786548398,0.011824244332095859,0.011479569483153703,57907960000.0,1.06963187789727,-0.0005300942196182945,0.002456032636096855,0.6281108185821771,bist100
2015-01-19,880.0603637695312,51199000000,883.2239990234375,875.8489990234375,0.0067278039865205225,0.0074798882740792424,0.011653386974720065,0.00838010698312889,56872995000.0,0.9002339335215246,0.00032251729510816027,0.002584151521798565,0.6418638881816522,bist100
2015-01-20,892.000244140625,75924000000,894.64501953125,882.4320068359375,0.013475905967865546,0.006971307695569808,0.011746218450086549,0.013691714520861839,57828335000.0,1.3129203875574145,0.0019987280108615148,0.0023272519982106047,0.5934937891026913,bist100
2015-01-21,903.1232299804688,72545800000,903.5040283203124,896.35498046875,0.012392605135434208,0.006894909065991802,0.011809449186439029,0.007915916249565405,58029970000.0,1.2501436757592672,0.00618299206635593,0.0033334836910292437,0.5838467956582879,bist100
2015-01-22,909.023193359375,73007700000,910.0460205078124,898.52197265625,0.006511597683149231,0.006930693758955155,0.011819145360083895,0.012677396941847276,59790475000.0,1.2210590399223287,0.007076203915298644,0.003461972912551625,0.5863955089647835,bist100
2015-01-23,907.356201171875,66641600000,915.8510131835938,905.3920288085938,-0.001835511524234719,0.00699167515914644,0.011828526150829572,0.011526878156000852,61703080000.0,1.080036847431279,0.0074544802497469535,0.0033685459414777305,0.5910859112955583,bist100
2015-01-26,914.1242065429688,54573600000,914.1290283203124,902.9409790039062,0.007431358019960157,0.007033038570336699,0.011819664437043752,0.012239090964144857,63236095000.0,0.8630134419274308,0.0075951910564348805,0.003667779445401148,0.5950286158966245,bist100
2015-01-27,911.4961547851562,60145700000,917.5330200195312,905.6019897460938,-0.0028790800418652808,0.006461383150637753,0.011779458677283854,0.013089501486980707,64332115000.0,0.9349249593301884,0.0043241938544887155,0.00402398020850237,0.5485297183560934,bist100
2015-01-28,903.4111938476562,65983200000,918.0570068359376,902.7639770507812,-0.008909561610106958,0.007068533200249929,0.011865248883376837,0.016928094193766712,64674400000.0,1.0202367551921625,6.376050538048212e-05,0.003320376687337495,0.5957340861305416,bist100
2015-01-29,885.5733032226562,61188300000,902.4219970703124,885.5780029296875,-0.019942578415054073,0.008338501885605018,0.011964472317601917,0.01902044029481077,66310625000.0,0.9227525754733875,-0.005227074714260179,0.0016278240703665905,0.6969385413962272,bist100
2015-01-30,889.4533081054688,60624600000,894.6170043945312,880.4530029296875,0.004371777907717911,0.008283907239640773,0.011664231985725035,0.015924390112183634,67701670000.0,0.8954668326497707,-0.003985616827869653,0.001999582976325326,0.7101974008900728,bist100
2015-02-02,897.1232299804688,46323800000,898.5780029296875,886.7410278320312,0.008586219322086475,0.008121140122417811,0.01168417326403264,0.013194369181493554,66794920000.0,0.6935228008357521,-0.0037546445674443893,0.0018450755371204614,0.6950547496087802,bist100
2015-02-03,875.0803833007812,71753300000,900.4819946289062,871.1619873046875,-0.024877483989713185,0.010029253713183368,0.012185983488010843,0.0335055017615918,66890980000.0,1.0726902192193926,-0.00815432535701397,0.00034337428064623295,0.8230155344499384,bist100
2015-02-04,859.096435546875,83290600000,879.280029296875,856.7119750976562,-0.018434568187165164,0.01087232858091726,0.012435434716938787,0.026269523729140612,67095765000.0,1.2413689597249544,-0.010059326672425612,-0.0005017813571170867,0.8743022522652658,bist100
2015-02-05,857.888427734375,75973800000,865.0180053710938,851.4550170898438,-0.001407127153716926,0.010561636238195022,0.012049057447480764,0.015809734509496683,67235645000.0,1.12996313190719,-0.0063522364201581815,-0.0010954525739557464,0.8765528991982079,bist100
2015-02-06,849.8695068359375,67630900000,864.2639770507812,849.0999755859375,-0.009391237097451122,0.01072101805093127,0.012106523552285664,0.017842740965373964,67058535000.0,1.0085353042681293,-0.009104839421191988,-0.0015415175547332412,0.8855571134545213,bist100
2015-02-09,845.7384643554688,81995500000,850.198974609375,832.427001953125,-0.004872648305695266,0.010702234754230234,0.012120618561378737,0.021013556087689466,67972790000.0,1.206298873416848,-0.011796612946748336,-0.001908387290662417,0.8829776054773264,bist100
2015-02-10,831.1596069335938,76146600000,853.6740112304688,829.7529907226562,-0.01738832550504717,0.011101273522619904,0.012283991192280835,0.028780297199553023,68096840000.0,1.1182104779017645,-0.010298781249815134,-0.003032546185369714,0.9037187790883356,bist100
2015-02-11,834.29052734375,79623600000,841.9970092773438,831.7340087890625,0.0037598533082082632,0.011121116884957169,0.01222528943635203,0.012301470713034501,68346320000.0,1.1650020074233698,-0.005859896950740448,-0.0024181177628574075,0.9096812752660406,bist100
2015-02-12,860.8214111328125,83924200000,860.8259887695312,837.864990234375,0.03130536679934351,0.013425129385158897,0.01285875078134791,0.026673359001305897,68521800000.0,1.224781018595542,0.0006826018398716383,-0.0009551263448120152,1.0440461607384552,bist100
2015-02-13,858.0884399414062,63305500000,863.572021484375,855.89599609375,-0.0031798915953802835,0.013419741564613822,0.012773545846781831,0.008945494465755943,68590065000.0,0.9229543666418745,0.0019248709402858058,-0.0009277762647572159,1.0505885934558095,bist100
2015-02-16,860.4004516601562,52934900000,864.4019775390625,859.5989990234375,0.0026907513048121537,0.013328581779156693,0.01272626938555271,0.005582259407648587,68676860000.0,0.7707821819460005,0.0034375508623872898,-0.0011296288988426344,1.0473282762887095,bist100
2015-02-17,844.2445678710938,64684900000,859.5800170898438,844.2490234375,-0.01895569735633462,0.013430576614633642,0.012972687095772708,0.018159422323561356,68114905000.0,0.9496438408010699,0.0031240764921297995,-0.0027512090650526426,1.0352964282172614,bist100
2015-02-18,854.4124755859375,59922000000,855.7999877929688,841.5159912109375,0.011971844695458133,0.013405913320852439,0.013055326006524244,0.016717916685656534,67483715000.0,0.8879475589036555,0.004766474769579774,-0.002772247087051446,1.0268539685759661,bist100
2015-02-19,864.138427734375,68890200000,865.7239990234375,857.385986328125,0.011318903581163607,0.013622479431353375,0.01309010799406461,0.009648931730965097,67277840000.0,1.0239656921209124,0.0007691821259437935,-0.0025318817921507275,1.0406697513519487,bist100
2015-02-20,854.8844604492188,52524500000,865.072021484375,851.1400146484375,-0.010766647427973713,0.013744290959092433,0.013153049360329353,0.016296947108638056,66571985000.0,0.7889880405398757,-0.0007481690405748923,-0.0029784385873376775,1.0449509146180438,bist100
2015-02-23,862.87841796875,62481900000,863.208984375,848.5009765625,0.009307472328058635,0.013825241782917639,0.013015635587619107,0.017045284139940865,66967400000.0,0.93301964836622,0.0005751751640744037,-0.0028846328719327533,1.062202586254693,bist100
2015-02-24,866.9074096679688,71171000000,867.9409790039062,860.1110229492188,0.004658378997874986,0.01392775575975022,0.013029308615784562,0.009032055750551752,67518665000.0,1.0540937087544606,0.005297990434916324,-0.0025077599199457403,1.068955857172438,bist100
2015-02-25,867.3304443359375,74444900000,878.4719848632812,864.6950073242188,0.00048786234873437394,0.013858761884786868,0.012889298078700595,0.015884346766601394,67941750000.0,1.0957165513104976,0.0030011939655715733,-0.0020378887220036733,1.0752146315623112,bist100
2015-02-26,859.1494140625,77537100000,873.97900390625,859.0399780273438,-0.009477193106707079,0.013334816835808031,0.012951617427432711,0.017388158141512147,68759190000.0,1.1276616260313712,-0.0011580253720025638,-0.001514619456586324,1.0295869925530434,bist100
2015-02-27,841.4705200195312,86261700000,864.3699951171875,837.8460083007812,-0.020791866035106247,0.013924290728872154,0.013073406039297396,0.0315209935290313,70041045000.0,1.2315878496672916,-0.00316306909342907,-0.0027728016537275314,1.0650851573811049,bist100
2015-03-02,839.4645385742188,55868600000,846.7440185546875,838.5809936523438,-0.0023867458618610357,0.013666965468141345,0.012993646625069405,0.009724085446430136,70518285000.0,0.7922569302415678,-0.005501912731413005,-0.0033214499129249073,1.0518190822407674,bist100
2015-03-03,843.0345458984375,54099000000,846.708984375,835.093994140625,0.004243702376845675,0.012771472540738602,0.012991524918477038,0.01377759700463602,69635570000.0,0.7768874441610804,-0.005584848055618867,-0.001865390594596964,0.9830618515440425,bist100
2015-03-04,820.6676635742188,64380000000,843.8079833984375,819.8079833984375,-0.026889704046794808,0.013469661539641612,0.013302925040434267,0.029244481128297205,68690040000.0,0.937253785264938,-0.011060361334724704,-0.0022881473875784467,1.0125338223511406,bist100
2015-03-05,807.791748046875,107464000000,815.5789794921875,800.1439819335938,-0.01581394509355207,0.013801214753229396,0.013415042137129407,0.01910764450851766,70264550000.0,1.5294198852764302,-0.012327711732093703,-0.0030084882845702035,1.02878653769049,bist100
2015-03-06,803.0977172851562,84202600000,823.3930053710938,800.4520263671875,-0.005827890924269864,0.013737332388076267,0.013392715507390322,0.028565613511463372,71093135000.0,1.1843984654777147,-0.009334916709926425,-0.002830320975911141,1.0257316658817832,bist100
2015-03-09,806.44970703125,72736200000,817.5670166015625,805.864990234375,0.004165139270106803,0.013815043296858955,0.013222537356854976,0.014510546987816123,70630170000.0,1.029817711043312,-0.008024539683532858,-0.0023784315971210374,1.0448103056178402,bist100
2015-03-10,779.7708740234375,81833700000,810.5139770507812,779.7750244140625,-0.03364141080286489,0.01515728384776794,0.013886718720051636,0.039420493456126235,70914525000.0,1.1539765654497438,-0.01560156231947497,-0.0031910858620119234,1.0914949854843448,bist100
2015-03-11,782.765869140625,81728500000,788.60400390625,766.5689697265625,0.003833508297461456,0.015159070440357456,0.0126622318403153,0.02815022351942746,71019770000.0,1.1507851968543408,-0.009456919850623718,-0.0031874031125492634,1.1971878758444832,bist100
2015-03-12,782.9278564453125,69969600000,795.5289916992188,775.4719848632812,0.00020692080784164412,0.012854582445727505,0.01237151359469679,0.025617950199142623,70322040000.0,0.9949882000010238,-0.006252746670344975,-0.004742325412124358,1.0390468674130373,bist100
2015-03-13,766.4169311523438,69665000000,790.9760131835938,766.4210205078125,-0.02131423617510089,0.013367891247045068,0.012022523243683999,0.032038687661638254,70640015000.0,0.986197412330674,-0.009350015720511178,-0.005649042641110387,1.111903963593321,bist100
2015-03-16,781.9528198242188,59495800000,784.8359985351562,771.7830200195312,0.020068087811131254,0.014458706821220461,0.012318356807237727,0.016692795504669043,70968060000.0,0.8383461517758835,-0.006169426012306289,-0.004780175815794432,1.1737528833979836,bist100
2015-03-17,800.302734375,67927600000,801.0399780273438,786.7789916992188,0.0231956680350383,0.01532953016051414,0.01245612177088488,0.017819489695061683,71130195000.0,0.9549755908865426,0.005197989755274348,-0.002672607546225786,1.2306824260778828,bist100
2015-03-18,799.4187622070312,67243900000,801.9089965820312,791.5969848632812,-0.0011051576912970455,0.014946117119273444,0.012425049017830047,0.012899386662230257,71496290000.0,0.9405229278330386,0.004210256557522648,-0.0033264576655635445,1.2029020648389912,bist100
2015-03-19,819.2156372070312,81870300000,821.8660278320312,812.208984375,0.02446242612719301,0.015883523023415485,0.012836793145707215,0.011788158109329074,72145295000.0,1.134797494417342,0.00906135762139292,-0.002669281538262075,1.2373435361250746,bist100
2015-03-20,825.0596313476562,68148200000,827.3179931640625,816.4569702148438,0.007108321653426995,0.015906798005406432,0.012874958335252895,0.01316392480805091,72926480000.0,0.9344781209788269,0.014745869187098498,-0.0017755330841920398,1.2354834548747287,bist100
2015-03-23,837.41552734375,60184100000,837.6849975585938,824.2890014648438,0.014864731595106767,0.016157154967141565,0.01302433727063867,0.015996832702925377,72811590000.0,0.8265730771708185,0.0137051979438936,-0.001497670120839633,1.2405356703688366,bist100
2015-03-24,820.3216552734375,75980500000,837.4860229492188,817.0609741210938,-0.02062386986703691,0.016632204725532302,0.01322985273613681,0.024898829254137788,73052065000.0,1.0400869571585691,0.004941290363478558,-0.002761782564085228,1.2571723251387452,bist100
2015-03-25,826.4876098632812,63079600000,836.3820190429688,821.7949829101562,0.007488400185653847,0.016777224731998545,0.013249865391527376,0.01764943110910702,72483800000.0,0.8702579059044918,0.006660001938868737,-0.0024117556722392545,1.2662185038292342,bist100
2015-03-26,814.8196411132812,68666000000,814.823974609375,806.9609985351562,-0.014218136554639218,0.016915232189723316,0.013233449346861308,0.00964995893259965,72040245000.0,0.9531616667877795,-0.0010761105974977086,-0.0026488028446358613,1.2782179268880678,bist100
2015-03-27,808.937744140625,63238400000,812.593017578125,802.3389892578125,-0.007244829496388,0.01641429596693708,0.01325631935006118,0.012675917763246251,70889080000.0,0.8920753379787126,-0.0039467408274607065,-0.001971451017699949,1.2382242410945936,bist100
2015-03-30,821.835693359375,60540600000,822.0910034179688,804.6430053710938,0.015818528645432716,0.016888009504296114,0.01333356394416189,0.021230518688661142,71122680000.0,0.8512137056702588,-0.003755981417395518,-0.0010611872923352611,1.2665788063131118,bist100
2015-03-31,808.4557495117188,63396300000,825.3800048828125,805.2830200195312,-0.01641454272001172,0.017175775397020518,0.013459198764297063,0.02485848467948825,71587545000.0,0.8855772327434891,-0.0029141159879904803,-0.002094099547178131,1.2761365440699441,bist100
2015-04-01,812.0806884765625,55820300000,815.0430297851562,806.5040283203125,0.004473759337733406,0.016196603567522356,0.013479046519627107,0.010514966783488774,71159560000.0,0.7844385209801747,-0.0035170441575745684,-0.0005259263779517202,1.2016134482463696,bist100
2015-04-02,816.7596435546875,48136200000,819.3779907226562,812.9229736328125,0.00574515237113686,0.015839046611393803,0.013424018759950742,0.007903202785277605,68193170000.0,0.7058800756732676,0.00047561362758064707,0.0005520284952827264,1.1799034919891547,bist100
2015-04-03,829.9385986328125,45866400000,830.4730224609375,815.010009765625,0.016006862862374693,0.01612605486303764,0.01360616925705596,0.018631514091265636,66276360000.0,0.69204766224337,0.005125952099333185,0.0016437661846149542,1.185201694788186,bist100
2015-04-06,831.297607421875,47718900000,831.302001953125,822.5590209960938,0.0016361419132053072,0.01611515502477814,0.013603106709149552,0.010517269482040355,65025495000.0,0.733849084885859,0.002289474752887704,0.0015173163167698793,1.1846672506023177,bist100
2015-04-07,824.6546020507812,55252100000,830.5390014648438,818.9439697265625,-0.008023227927053903,0.01406065345318837,0.01361016098683409,0.014060470540570925,63696415000.0,0.867428724206849,0.003967737711479268,0.002798225460560429,1.0330997162186448,bist100
2015-04-08,827.9896240234375,68824100000,828.8460083007812,820.0469970703125,0.004035988444588627,0.014061510983839712,0.013591226157834028,0.010626958327946004,63051195000.0,1.091559010102822,0.003880183532850312,0.0028083494679167877,1.0346020896528612,bist100
2015-04-09,835.1315307617188,71142600000,836.3389892578125,824.1190185546875,0.008588611381828955,0.014104734352057882,0.013641680997328143,0.014632390531320538,63109845000.0,1.1272821221475033,0.004448875334988731,0.0032274339966161534,1.0339440098929473,bist100
2015-04-10,826.45361328125,63844700000,837.8619995117188,822.0269775390625,-0.010445442911466941,0.013295576127094972,0.013693394488023581,0.01916020659621394,62818830000.0,1.016330612970665,-0.0008415858197795961,0.00377087365979785,0.9709481559684455,bist100
2015-04-13,819.3716430664062,71870400000,830.7680053710938,816.3519897460938,-0.008606033838998073,0.012988158440824361,0.013691041150743056,0.01759398893895044,63437560000.0,1.1329313422521294,-0.0028900209702202723,0.002337167577291384,0.9486611206423444,bist100
2015-04-14,823.192626953125,81766300000,824.8159790039062,807.0399780273438,0.004652470346166062,0.012048681977567166,0.013577751279643242,0.021593974963498692,64129495000.0,1.2750186166287447,-0.0003548813155762793,0.001410007692847772,0.8873842015084952,bist100
2015-04-15,813.5706787109375,69333800000,821.385009765625,812.2150268554688,-0.011757422775871463,0.012396148895188202,0.013521659956920538,0.01127127998846472,64233990000.0,1.079394258398085,-0.0035135635596682973,0.0008773944386190512,0.9167623601452656,bist100
2015-04-16,824.3626098632812,76201900000,826.9929809570312,816.4359741210938,0.013177688489191848,0.011489816749955108,0.013617657883268046,0.012806265967943835,63950570000.0,1.1915749929984987,-0.002595748138195719,0.00031315755671899317,0.8437439718670414,bist100
2015-04-17,824.172607421875,68391600000,833.3930053710938,822.2999877929688,-0.0002305106257425732,0.011378026577190406,0.013618822365785823,0.013459580527464363,63962740000.0,1.069241248889588,-0.000552761681050845,-5.3784057239485245e-05,0.8354633221279908,bist100
2015-04-20,823.0216064453125,58240000000,830.7750244140625,821.677001953125,-0.001397529391745701,0.010823344100085498,0.01356715737686486,0.011054415084231495,63865535000.0,0.9119159496589201,0.0008889392083996294,-0.0008668971065821085,0.7977606361773175,bist100
2015-04-21,842.7725219726562,77920100000,842.7769775390625,818.2620239257812,0.02371462453131122,0.011100898260879382,0.013958393873342457,0.02908845859841244,63962515000.0,1.2182150748762772,0.0047013700454286616,0.001350027613335298,0.7952847843103009,bist100
2015-04-22,837.799560546875,85009600000,847.7059936523438,837.18701171875,-0.005918194158214982,0.011115492964559576,0.013936101685245672,0.012555487528219122,65059015000.0,1.3066536589894575,0.005869215768959957,0.0006796978961418566,0.7976041805383559,bist100
2015-04-24,855.5084838867188,72368800000,855.7979736328125,841.4180297851562,0.020917126177719136,0.011409629337638696,0.014005669528110621,0.016808651367577036,65244155000.0,1.1091997436398708,0.007417103306665415,0.002436461032759774,0.8146436209092723,bist100
2015-04-27,864.014404296875,88068300000,866.2360229492188,852.9970092773438,0.009893430146728143,0.011287175292761471,0.014056776187623599,0.015322677036442184,66485650000.0,1.3246211776526213,0.00944189146115956,0.0032933740149155817,0.802970406735177,bist100
2015-04-28,862.0903930664062,75824600000,867.5460205078125,860.0050048828125,-0.0022293107929961978,0.010949502558396707,0.014007758245127698,0.00874736070097828,67249850000.0,1.1275058606078676,0.009275535180909459,0.0023909820429941354,0.7816741527649693,bist100
2015-04-29,859.7794189453125,64276900000,866.7039794921875,858.4190063476562,-0.002684262761993965,0.010106342037194788,0.013645881442594645,0.009636161278080358,67293880000.0,0.9551670969187689,0.003995757722248422,0.003077496040895024,0.7406148206482699,bist100
2015-04-30,839.4655151367188,67051100000,863.552978515625,839.469970703125,-0.02391046893589489,0.01175795882693597,0.013786847327458085,0.028688501645690288,67855420000.0,0.9881465622053478,0.00039730276671244016,0.0016582846272136086,0.8528388360055782,bist100
2015-05-04,840.1845703125,54942100000,843.052978515625,832.3920288085938,0.0008561964494117037,0.011719278051077631,0.01378710035320007,0.012688818723564506,68195715000.0,0.8056532584195356,-0.0036148831789490467,0.0014138368311273507,0.8500176071002135,bist100
2015-05-05,833.8026123046875,54394800000,846.0570068359375,833.0449829101562,-0.007624895810586334,0.011356211749874565,0.013769336780633063,0.015605640632157683,68622135000.0,0.7926713443118609,-0.007118548370411942,0.00023224889747929949,0.8247464588016598,bist100
2015-05-06,824.4096069335938,66314700000,837.4310302734375,823.4539794921875,-0.011329196261443651,0.01163840841830871,0.013830627404084896,0.016954012500215627,69551925000.0,0.9534559970841928,-0.008938525464101432,-0.00041601801125314846,0.8414953333838846,bist100
2015-05-07,825.6976318359375,61310300000,827.9869995117188,817.5449829101562,0.0015611411594048104,0.011505250446414289,0.013651920830024422,0.012646295930805435,69854835000.0,0.8776815520357324,-0.008089444679821678,6.320044306978723e-05,0.8427568977041677,bist100
2015-05-08,840.5945434570312,62702300000,842.697021484375,822.0770263671875,0.017880787951178596,0.012155017212516396,0.013840182065864126,0.024530250972586206,69548745000.0,0.9015590432293207,0.00026880669759302004,0.0007554404183992857,0.8782411354613553,bist100
2015-05-11,847.5234985351562,64948600000,852.364990234375,841.6179809570312,0.008209134453295299,0.012142435835967982,0.013267621124035876,0.012680485315060502,69239045000.0,0.9380343128649449,0.001739394298369739,0.0007364665719726029,0.9151931399345218,bist100
2015-05-12,853.6304931640625,65915000000,853.9949951171875,842.8880004882812,0.007179856607323514,0.011925836236544899,0.013296350033154328,0.013011478289320616,69342560000.0,0.9505706163718213,0.004700344781951709,0.0016177315479121257,0.8969255627903849,bist100
2015-05-13,864.17041015625,82218400000,865.6290283203125,854.9030151367188,0.01227156097044701,0.011897524805170675,0.013387489224566184,0.012411919058481055,69859960000.0,1.1769030500446893,0.009420496228329842,0.0026616112883843797,0.8887047156937083,bist100
2015-05-14,872.432373046875,87802000000,876.5130004882812,861.6069946289062,0.009515158337577689,0.011989680066724582,0.013204921998884978,0.017085571695737743,70161745000.0,1.251422694803272,0.011011299663964417,0.0029047456879549615,0.9079705330888731,bist100
2015-05-15,876.0443725585938,57961800000,879.9569702148438,871.843017578125,0.004131601588530756,0.011482707984577152,0.013128524854150121,0.009262033854542056,69593145000.0,0.8328665129302606,0.008261462391434849,0.003699196906175072,0.8746380962174359,bist100
2015-05-18,886.5142822265625,53250600000,886.5189819335938,875.2689819335938,0.01188049292790844,0.011429893255043446,0.013136626867757885,0.0126901508814326,68445580000.0,0.7779991052745846,0.008995734086357477,0.0036343371281109017,0.8700782453596676,bist100
2015-05-20,877.9063720703125,71341700000,885.0969848632812,873.427001953125,-0.009757285971369914,0.01179220814388589,0.013122689495048027,0.013292969821640147,68593085000.0,1.0400713133109554,0.005608305570618791,0.003157998360829534,0.8986121441291278,bist100
2015-05-21,865.6454467773438,78320700000,885.1370239257812,864.4169921875,-0.014064540293231847,0.012375501332945715,0.013201742630989992,0.023935933372512423,69597120000.0,1.1253439797508862,0.0003410853178830199,0.0025246478157552273,0.9374142246869179,bist100
2015-05-22,858.034423828125,62827000000,867.1160278320312,857.1710205078125,-0.008831190227611552,0.011555099291605433,0.013236807139276238,0.011590452606608775,68842465000.0,0.9126198488098879,-0.0033281843951548282,0.0008973570778090887,0.8729521530399244,bist100
2015-05-25,845.6654663085938,45590600000,857.8809814453125,844.7960205078125,-0.014520368187010243,0.011974623863838595,0.013365318701949763,0.01547297537715125,66871515000.0,0.6817641263249382,-0.007058578350263028,0.0004672483763693257,0.8959474989617501,bist100
2015-05-26,836.4895629882812,59587900000,848.52099609375,836.4940185546875,-0.010909808160343207,0.011203930097137412,0.013383038483986563,0.014377917037120273,66232470000.0,0.8996780582092136,-0.011616638567913357,-0.0011240983405337915,0.8371738682918265,bist100
2015-05-27,842.9165649414062,64024400000,842.9210205078125,828.5330200195312,0.00765393578379074,0.011098719995375914,0.013151900344947356,0.01706930565456547,65030275000.0,0.9845322044232475,-0.008134394216881228,-0.0012360730586806618,0.8438871725210246,bist100
2015-05-28,835.6915283203125,53892200000,845.0070190429688,835.6959838867188,-0.008608419401269059,0.011219767431790307,0.013195720762626793,0.011141712989438335,63933655000.0,0.842939450278574,-0.007043170038488669,-0.0015550284890943047,0.8502580217950031,bist100
2015-05-29,829.8076171875,62635800000,846.9730224609375,825.8629760742188,-0.007065672327193097,0.011285558147296437,0.01321374514718726,0.025439687404012836,63851600000.0,0.9809589736200816,-0.006690066458404978,-0.0017740989673542614,0.8540771765753885,bist100
2015-06-01,804.2867431640625,52274400000,827.8510131835938,803.4149780273438,-0.03123803608046953,0.012129417663013736,0.013373216346389601,0.030382242855475503,63112765000.0,0.8282698436679172,-0.010033600037096834,-0.0021404773245829933,0.906993302795729,bist100
2015-06-02,814.1976928710938,60800900000,814.8090209960938,805.1380004882812,0.012247351127945526,0.01253809839870987,0.013313294133993125,0.011877975819004986,63405705000.0,0.958918444326106,-0.005402168179439089,-0.0015709195906563021,0.9417728078805131,bist100
2015-06-03,833.9315795898438,63490000,834.1160278320312,812.0900268554688,0.02394815768188879,0.013672107813254045,0.01363837889334414,0.026412239943468318,60689139500.0,0.0010461509344682667,-0.0021433237998194792,7.733083967453869e-06,1.0024730886400557,bist100
2015-06-04,824.985595703125,62848900000,829.0590209960938,817.0430297851562,-0.010785433703806928,0.013648897791488555,0.013709049732125974,0.014565092134361957,60515849500.0,1.0385527183254695,-0.002578726660327053,3.4921211849290104e-05,0.9956122457929044,bist100
2015-06-05,819.4296875,78252800000,829.72900390625,816.22998046875,-0.006757331193399387,0.013726465608301116,0.01299925134310156,0.01647368119976737,61362974500.0,1.275244569508279,-0.002517058433568311,-0.00038100240579091977,1.0559427805498565,bist100
2015-06-08,778.0498657226562,106754200000,778.0540161132812,752.6820068359375,-0.05181797835146182,0.017243267046054923,0.014660373619593086,0.032609747003526715,63565569500.0,1.6794343359104176,-0.006633046887766769,-0.0038659407209229403,1.1761819646267329,bist100
2015-06-09,781.4588623046875,71794600000,787.8679809570312,777.56201171875,0.004371892187030288,0.017122765915211655,0.014671711048479407,0.013188114864916582,63907869500.0,1.1234078144319926,-0.008208138675949817,-0.0040578028342361915,1.1670599195031366,bist100
2015-06-10,797.4747924804688,68526600000,800.0780029296875,786.572021484375,0.020287716913850926,0.017812505484608273,0.01463183258576276,0.016935935245430696,64038449500.0,1.0700852462082175,-0.00894022682955739,-0.0034024098189098196,1.217380350697862,bist100
2015-06-11,808.44775390625,73097900000,809.2490234375,793.6820068359375,0.013665829925781454,0.01787967962965876,0.014510756967472475,0.01925543923691536,63582424500.0,1.149655751173817,-0.004049974103639713,-0.0033326963711430985,1.232167258382048,bist100
2015-06-12,805.3207397460938,56616200000,811.7020263671875,803.1530151367188,-0.003875423378445673,0.01762211189861497,0.014212668179655082,0.010615660082421487,62023134500.0,0.9128239076662596,-0.00347359254064897,-0.004002225456944266,1.2398876604915312,bist100
2015-06-15,789.509765625,55916900000,807.4819946289062,789.5139770507812,-0.019828429533275148,0.017852971396603502,0.014443343351461283,0.02275844880006135,61920889500.0,0.9030377381771947,0.002924317222988364,-0.005200227013034561,1.2360691677939828,bist100
2015-06-16,801.833740234375,59895600000,805.2109985351562,792.2689819335938,0.015489076936084596,0.01805180903070793,0.014228420070757542,0.01614052384198695,62253139500.0,0.9621297894542331,0.0051477541727992255,-0.0050197978126257535,1.268714933979794,bist100
2015-06-17,807.1287231445312,56790600000,809.1749877929688,802.718017578125,0.0065818838488477735,0.018195278705348775,0.014223899874218056,0.007999926194780595,61525584500.0,0.9230403979339684,0.002406587559798595,-0.004202839321614869,1.2792046391109064,bist100
2015-06-18,819.3206787109375,51804400000,822.3560180664062,813.3820190429688,0.014992392531845864,0.018523503830106626,0.014226226168050402,0.010952975137349847,60199769500.0,0.8605415009105641,0.002671900081011477,-0.0027499926803609834,1.3020672953806367,bist100
2015-06-19,824.5396118164062,53788300000,827.81298828125,817.0759887695312,0.006349627970428739,0.018572167856707997,0.013999536198751621,0.013021811636272817,59747834500.0,0.9002552218022228,0.004716910350786359,-0.0019909517704589695,1.3266273677240914,bist100
2015-06-22,834.257568359375,56800000000,837.5989990234375,829.1400146484375,0.011717005356567875,0.018567210463313822,0.014047995797380591,0.010139535673179658,60308304500.0,0.9418271740668817,0.011025997328754963,-0.0006790830932800632,1.321698178951327,bist100
2015-06-23,830.6806030273438,64846400000,838.635986328125,826.7880249023438,-0.0042968212235917356,0.018433834020713694,0.013933861418615487,0.014262956643747762,60571229500.0,1.0705808770152172,0.007068817696819697,-0.0003484337464424896,1.3229523006512964,bist100
2015-06-24,841.4025268554688,64416400000,842.6640014648438,831.1820068359375,0.01282480588918957,0.018587599044974847,0.013989932780856347,0.013646256414058238,60590829500.0,1.063137780610843,0.008317402104888056,-8.98902411725481e-05,1.3286410546882605,bist100
2015-06-25,832.7666015625,67023400000,845.2930297851562,832.4089965820312,-0.010316761602769287,0.018632675831254376,0.013916506273726181,0.015471361578323383,61247389500.0,1.0943062316149816,0.003255571277965026,-0.0001753073512475595,1.3388903410644193,bist100
2015-06-26,835.45654296875,47460300000,838.6829833984375,830.7579956054688,0.0032249207743890434,0.018574381296638156,0.013748568040280226,0.009485816898156942,60488614500.0,0.7846154254367985,0.0026306298387570874,0.0003392223038315475,1.351004791351316,bist100
2015-06-29,817.5576782226562,48163700000,827.239013671875,817.56201171875,-0.02165687879617659,0.017825558909511267,0.014033015006661983,0.011836476142163434,60283079500.0,0.7989588521269886,-0.004044146991791805,0.0008182801680461946,1.2702586650872123,bist100
2015-06-30,822.4906616210938,54333300000,824.156005859375,814.8480224609375,0.006015674239541543,0.01766904520486337,0.01403489889275924,0.01131682562825925,59959699500.0,0.906163647467913,-0.0019816478991651508,0.0005066963236259954,1.2589364084396095,bist100
2015-07-01,816.8126831054688,53382600000,829.3989868164062,816.8170166015625,-0.0069273343949309675,0.016842624361302447,0.013906511245483078,0.015403740019079916,62625655000.0,0.8524078510635936,-0.0059320759559892584,-0.0010370782802149926,1.2111322576877819,bist100
2015-07-02,818.795654296875,54733400000,820.0770263671875,809.7830200195312,0.002424751840181671,0.01669862001287802,0.013908711699729962,0.012572131146074571,62219880000.0,0.8796770421286573,-0.0033837732673990665,-0.0003765690030155625,1.20058711211925,bist100
2015-07-03,812.1656494140625,36226300000,821.6589965820312,812.1699829101562,-0.008130225270550353,0.01672902475188244,0.0139097317157924,0.011683593954904219,60118555000.0,0.6025810167925693,-0.005654802476386946,-0.0004452137068731108,1.2026849326568363,bist100
2015-07-06,823.6546020507812,47965400000,824.4760131835938,809.8809814453125,0.014046948666140488,0.01185725961572331,0.014021658269086096,0.01771984482566081,57179115000.0,0.8388622314283808,0.0014859630160764699,0.0028480326440070047,0.845638895783483,bist100
2015-07-07,815.7186889648438,50302500000,828.6060180664062,815.7230224609375,-0.009681718153119283,0.012174379515692568,0.01402843252523205,0.015793429499350344,56104510000.0,0.8965856755544251,-0.0016535154624556954,0.002145352126999526,0.8678360532294171,bist100
2015-07-08,803.8617553710938,58350500000,814.8870239257812,802.3870239257812,-0.01464224327193469,0.01193792644548917,0.014089738084973397,0.015549937432002243,55595705000.0,1.049550500348903,-0.00319649723785644,0.0003988541177102455,0.8472780951280338,bist100
2015-07-09,822.8585815429688,43290000,823.3270263671875,809.1799926757812,0.02335704469731351,0.012678488939414631,0.014377897932477408,0.01719254560714271,51942974500.0,0.0008334139586095517,0.0009899613335699283,0.0008834148562868483,0.8818040717048019,bist100
2015-07-10,827.9146118164062,50649300000,833.9630126953125,825.6589965820312,0.006125670205821176,0.012678143563487579,0.01438710971757324,0.01003003932381701,51644629500.0,0.9807273377767188,0.0038411404288442334,0.0013834695355001906,0.8812154638677543,bist100
2015-07-13,833.8786010742188,51459100000,836.7849731445312,825.2960205078125,0.007177806260574179,0.011700503807199723,0.014330271766432737,0.013777728103249629,51421739500.0,1.0007265506838796,0.0024673119477309716,0.0027337813251926573,0.8164886191905314,bist100
2015-07-14,830.4066162109375,59098100000,841.9290161132812,828.291015625,-0.004172349623799652,0.01139437185943018,0.014243073524832698,0.01642328014016806,51381864500.0,1.1501742993386315,0.003569185653594898,0.0017507099971984445,0.799993894545596,bist100
2015-07-15,827.2745971679688,42123500000,835.2310180664062,824.8829956054688,-0.003778799861658745,0.011398685384716853,0.014251924534547369,0.012508570305872031,50648509500.0,0.8316829145781675,0.005741874335650087,0.0012326758116731188,0.7997997292987257,bist100
2015-07-16,827.8936157226562,34797200000,829.9910278320312,827.0490112304688,0.0007479826868677609,0.010929030640574336,0.014250890441842051,0.003553616727669118,49798149500.0,0.6987649209736198,0.0012200619335609373,0.0005204553194242135,0.7669015971441054,bist100
2015-07-20,813.1956787109375,57794300000,828.9450073242188,810.14501953125,-0.017912894895199996,0.011575396207062702,0.014094103937845668,0.02311865186343604,49998449500.0,1.1559218451364177,-0.0035876510866432966,-0.0006926708238572233,0.8212935180632733,bist100
2015-07-21,815.8316650390625,56664900000,818.8809814453125,809.6090087890625,0.0032362730299117116,0.011247564755191723,0.014085053639372042,0.011365056118293781,49991694500.0,1.1334862834065367,-0.0043759577327757895,-0.0011167074401900313,0.7985461073255222,bist100
2015-07-22,812.2196655273438,54838500000,818.5670166015625,806.77001953125,-0.004437213213426786,0.011249697527960864,0.013811029657028328,0.014524392317752061,49491299500.0,1.1080432430350713,-0.004428930450701217,-0.001123727039681784,0.8145444479757509,bist100
2015-07-23,783.3618774414062,65383300000,812.0189819335938,781.6409912109375,-0.03617607053199651,0.013216037135705837,0.014467757119175556,0.038779000609368376,49539644500.0,1.3198177068065153,-0.01090838458476877,-0.0035737708607410878,0.9134820986308452,bist100
2015-07-24,787.1168212890625,44007400000,792.5640258789062,777.2620239257812,0.004781919049228778,0.013241800314330976,0.01449115657259028,0.019440572910212853,48388844500.0,0.9094534175123773,-0.010101597312296566,-0.002818836828141185,0.9137849175805307,bist100
2015-07-27,773.5159301757812,51095200000,791.7109985351562,772.301025390625,-0.017430411414609836,0.013547575437137319,0.014635626075156779,0.025093178288028716,48570589500.0,1.0519781729229372,-0.010005100616178535,-0.0038516034375911286,0.9256573902317462,bist100
2015-07-28,780.23583984375,54786700000,787.2930297851562,776.8720092773438,0.008649968028752722,0.013140006037375782,0.014402263598415706,0.013356244324663955,48901739500.0,1.1203425595934067,-0.008922361616410333,-0.002336261096344663,0.9123570019105347,bist100
2015-07-29,780.7938232421875,41558200000,786.3510131835938,776.6729736328125,0.0007148915044939821,0.013015547803829686,0.014401929975790758,0.012395128217835946,48262984500.0,0.8610781208526381,-0.007891940672826179,-0.0026013002330970408,0.9037363621201088,bist100
2015-07-30,782.7108764648438,47622300000,788.8939819335938,775.343017578125,0.002452252537143659,0.013020449906373344,0.014384741803482808,0.017312860678099194,47974969500.0,0.9926488853734445,-0.00016627605899814562,-0.0021323208864933094,0.9051570118012724,bist100
2015-07-31,799.0927734375,69975400000,799.0969848632812,781.2579956054688,0.020713674164490287,0.01396529258661838,0.014590140291536012,0.02232405278935707,48737069500.0,1.4357736465874298,0.003020074964054156,-0.0012178747702778787,0.9571732901512868,bist100
2015-08-03,781.6368408203125,49634900000,798.7969970703125,780.2269897460938,-0.02208681621139374,0.014660278143169747,0.014850065878040835,0.02375784552929963,49407499500.0,1.0046025502666858,0.002088794004697376,-0.0019157043173200481,0.9872197378496662,bist100
2015-08-04,782.3448486328125,48994500000,787.5380249023438,778.0560302734375,0.0009053914961273974,0.014194269812224903,0.014646227740966437,0.012119968125918538,49458954500.0,0.9906092940157075,0.0005398786981723103,-0.0025727821758207026,0.9691416836652499,bist100
2015-08-05,781.3388671875,41670200000,785.6240234375,777.1439819335938,-0.0012866816657643846,0.014096774297790295,0.014594077642351854,0.010853218571387505,49027339500.0,0.8499380228453963,0.00013956406412063698,-0.002153030351452958,0.9659243045878836,bist100
2015-08-06,788.02685546875,42710800000,790.301025390625,783.2550048828125,0.008523225239679069,0.013967691882491015,0.014608416973433123,0.00894134566469977,48245354500.0,0.8852831623405316,0.001353758604627719,-0.00099475692587227,0.9561400053060279,bist100
2015-08-07,784.266845703125,36744900000,791.2360229492188,781.7379760742188,-0.004782842964418512,0.01274977523768782,0.014504775688855233,0.01211073364510856,50080435000.0,0.733717668386866,-0.0037455448211540414,-0.002401751308958871,0.8790053366688139,bist100
2015-08-10,774.9489135742188,41188100000,787.593994140625,773.0999755859375,-0.011952217644918767,0.012754220337032647,0.01449028491031902,0.018703192301848904,49607375000.0,0.8302817877382144,-0.001718625107859046,-0.0033056457014958686,0.8801911360590251,bist100
2015-08-11,797.19580078125,50683700000,799.0869750976562,785.1690063476562,0.02830321165330831,0.014432484471334514,0.014990316166053083,0.01745865788098786,49568605000.0,1.0224959931795539,0.003760938923577136,-0.002249375431859162,0.9627871961779012,bist100
2015-08-12,781.7438354492188,42270400000,790.6290283203125,780.85400390625,-0.019573210136591288,0.014942334148315181,0.015061711460007102,0.01250412727392396,48727220000.0,0.8674904909412029,0.00010363322941175576,-0.0030194184574987436,0.992074120394027,bist100
2015-08-13,770.8508911132812,65418600000,782.3489990234375,758.0230102539062,-0.014032152609092822,0.015144289765360322,0.01510860367358331,0.031557320682861344,49891975000.0,1.3112048580959161,-0.004407442340342622,-0.0035320860948704473,1.002361971532777,bist100
2015-08-14,773.0859375,50205300000,776.9929809570312,764.843994140625,0.0028952582859271487,0.015183789771773393,0.015040746692373042,0.015714924081653276,50662380000.0,0.9909779208951495,-0.0028718220902734905,-0.0034247223149174778,1.0095103708829087,bist100
2015-08-17,769.2199096679688,45844200000,775.697021484375,763.68701171875,-0.005013319422110229,0.014805224022049623,0.015018921177363457,0.015613233114063678,50064875000.0,0.9156958845897448,-0.0014840424457117829,-0.0027797435412629896,0.9857714710137824,bist100
2015-08-18,759.5969848632812,46723500000,768.9459838867188,759.6010131835938,-0.012588887427401278,0.014889423253716148,0.014993288525864817,0.012302537910688242,49567805000.0,0.9426178948210436,-0.009662462261853699,-0.003571001564128639,0.9930725489628581,bist100
2015-08-19,752.9920043945312,48120000,766.468017578125,751.8800048828125,-0.008733400146389436,0.014933503038699964,0.014973467864094769,0.019373396543622644,46828286000.0,0.0010275840546459462,-0.007494500263813329,-0.0037858109107767714,0.9973309572800676,bist100
2015-08-20,746.8140258789062,56716700000,750.8690185546875,736.9710083007812,-0.008238416612916901,0.012914398127699747,0.014944786113986551,0.018609733845785823,46394956000.0,1.2224755639384592,-0.006335753064578145,-0.0023889282148227913,0.8641407129683442,bist100
2015-08-21,737.97412109375,42866600000,746.2329711914062,735.2009887695312,-0.011907435079640824,0.012965756714481361,0.014975482956317284,0.014949009872493252,46337916000.0,0.9250869201800098,-0.00929629173769174,-0.003223395921266271,0.8657989029336689,bist100
2015-08-24,713.4161987304688,56967300000,726.3870239257812,697.9739990234375,-0.0338437786714342,0.014357108482718787,0.015516077415273086,0.039826716792953416,46631521000.0,1.2216479063593058,-0.015062383587556533,-0.004044064284107489,0.9253052880869568,bist100
2015-08-25,735.0930786132812,56570200000,737.7839965820312,719.9719848632812,0.029932149718495782,0.016037788951203495,0.015606430181686944,0.024230960999322055,46720696000.0,1.2108167224221147,-0.006558176158377123,-0.002979955199620336,1.0276398102893973,bist100
2015-08-26,736.1550903320312,58349000000,741.4089965820312,727.7000122070312,0.0014436883261758136,0.016047450997882896,0.015507146685903403,0.018622413340668168,47560236000.0,1.2268442065762668,-0.004522758463864071,-0.0029435153585362452,1.0348422777525315,bist100
2015-08-27,748.1310424804688,47672200000,751.5789794921875,744.7579956054688,0.01613733602208429,0.016572795542513882,0.015320016969332169,0.009117365139806806,47562731000.0,1.0023015709505831,0.0003523920631361671,-0.0022592611842892135,1.081773967724027,bist100
2015-08-28,746.4120483398438,41332000000,751.5689697265625,740.2009887695312,-0.002300361775062255,0.015668031697147238,0.015274852936806678,0.015230168085195983,46130561000.0,0.8959786983730808,0.002273806724051881,-0.0034099629812668402,1.0257402648632477,bist100
2015-08-31,752.1000366210938,37901000000,753.2069702148438,745.2620239257812,0.007591551186879592,0.01520461377490101,0.015306117743502117,0.010563682890850789,45543866000.0,0.8321867098414526,0.01056087269571464,-0.0019260446113531736,0.9933684053460129,bist100
2015-09-01,735.693115234375,53155600000,748.9910278320312,733.75,-0.022056273745283118,0.0158334630847308,0.014078490067816491,0.020716556287434885,45751921000.0,1.1618222544141916,0.00016318800295885976,-0.0030741278734236995,1.1246563380348713,bist100
2015-09-02,736.5570678710938,45098800000,742.6069946289062,734.3410034179688,0.0011736493509107195,0.01585762061169038,0.014064111644906386,0.011222472190551495,45923351000.0,0.9820450602570356,0.00010918020790584093,-0.0029511113225899445,1.1275238004409296,bist100
2015-09-03,740.037109375,46625400000,743.9760131835938,732.9140014648438,0.004713614615138674,0.01573494345535737,0.013806175711395932,0.014947914879690894,46119081000.0,1.010978514511163,-0.0021755640734832824,-0.0031415918538169633,1.1397032591993879,bist100
2015-09-04,729.4971313476562,46791300000,739.97900390625,728.9639892578125,-0.014344897143939868,0.015931480199396716,0.013766927927678956,0.015099462595676853,46621401000.0,1.0036442276799018,-0.004584471147258805,-0.003619694562793032,1.1572284160336048,bist100
2015-09-07,718.6542358398438,32369000000,724.35498046875,715.573974609375,-0.014975089458651501,0.016028734609014623,0.013870668177145686,0.012218679611779117,46180446000.0,0.7009243695914067,-0.009097799276365023,-0.0037708381534796677,1.1555848935543511,bist100
2015-09-08,720.51416015625,38257200000,726.2890014648438,715.9450073242188,0.0025847223397357432,0.01425346268862454,0.013680084487623775,0.01435640645616432,45559121000.0,0.8397264732126856,-0.004169600059361252,-0.005056762619158297,1.0419133523275748,bist100
2015-09-09,720.0291748046875,38591100000,728.9550170898438,719.9249877929688,-0.0006733367308235617,0.01386151371501354,0.013497306231095027,0.012541199180331065,45375156000.0,0.850489637986038,-0.004538997275708108,-0.004111768948869911,1.026983716430724,bist100
2015-09-10,718.4612426757812,42069600000,719.5440063476562,712.6329956054688,-0.002179969683202426,0.01366706338801819,0.013452478940563322,0.009619183794032742,44207706000.0,0.951634993229461,-0.005917714135376328,-0.003519159802575391,1.0159512940628237,bist100
2015-09-11,713.5051879882812,33859100000,719.9390258789062,713.4959716796875,-0.006922053995678762,0.0136006961119133,0.013281383667559984,0.009030143449110522,43390396000.0,0.7803362753361366,-0.004433145505724107,-0.004010025416655686,1.0240421067823862,bist100
2015-09-14,712.990234375,44128200000,716.8250122070312,710.5040283203125,-0.0007219842806041734,0.013617874472119755,0.013234576698567877,0.008865456470465771,43304596000.0,1.0190188588758569,-0.0015825244701146413,-0.0037954586595803836,1.0289618461007035,bist100
2015-09-15,731.7301025390625,62721000000,731.9609985351562,713.0750122070312,0.02594400980011357,0.014967255459771064,0.013614206529739629,0.025810044253464063,44104471000.0,1.4221007208090082,0.0030893330219609236,-0.001868813798204641,1.099385074486402,bist100
2015-09-16,741.4910888671875,50751700000,743.7849731445312,730.1329956054688,0.01325141020277123,0.015241370324092566,0.013755836352873554,0.01841151936150615,46639650000.0,1.0881663991903885,0.005874282408679881,-0.0007695732807466075,1.1079929953447496,bist100
2015-09-17,749.8020629882812,48992000000,749.8060302734375,738.4600219726562,0.011146111888140237,0.015357322876673475,0.013727071193491711,0.015132004646082947,46253415000.0,1.0592082768375048,0.008539498722948416,0.0001996531443062494,1.1187617999646349,bist100
2015-09-18,750.9860229492188,58403800000,751.02099609375,740.114013671875,0.00157778465546772,0.015091519152829165,0.013689604846949125,0.014523549158800421,47030275000.0,1.2418341164281943,0.01023946645317771,0.0008739141310616768,1.1024072149308584,bist100
2015-09-21,758.6029663085938,55337400000,760.2830200195312,745.2470092773438,0.010091499149613364,0.01279484950786449,0.013760187652950956,0.019820659040332526,46948780000.0,1.1786759954145773,0.012402163139221219,0.003070678022114055,0.9298455682848596,bist100
2015-09-22,749.9330444335938,42592000000,761.89501953125,745.9310302734375,-0.011494611031206123,0.011505731896136547,0.01357046652297022,0.02128721940752686,46249870000.0,0.9209106966138499,0.00491443897295728,0.0009993399846289597,0.8478508735614376,bist100
2015-09-23,746.0980224609375,15806500000,750.7020263671875,746.1019897460938,-0.005126939484046854,0.011585904912159347,0.013542936421755736,0.006165458803819023,44122745000.0,0.3582392709247804,0.0012387690355936632,0.0006708085941178261,0.8554942998585919,bist100
2015-09-28,733.1461181640625,43349500000,751.2830200195312,733.1500244140625,-0.017511964299854143,0.01166464890816487,0.013681409594052698,0.024733126393517876,43906610000.0,0.9873114777023323,-0.004492846202005213,-0.0010116564219790956,0.852591162334288,bist100
2015-09-29,742.5730590820312,58799900000,743.2750244140625,726.3809814453125,0.012776237233609657,0.012057530311302583,0.013800351116524912,0.02275068124560621,44780005000.0,1.3130838194412886,-0.0022531556863768258,-0.00025782647154550003,0.8737118504807151,bist100
2015-09-30,742.0510864257812,58392200000,747.5289916992188,737.833984375,-0.0007031714785682609,0.011915143368392249,0.013774329494153583,0.013065148076147219,45804565000.0,1.2748118009635065,-0.00441208981201315,-0.0006725626048178926,0.8650252902291576,bist100
2015-10-01,745.3060302734375,53782100000,748.3579711914062,740.2059936523438,0.004376822495742548,0.010835467947556673,0.013645248550562063,0.010937758729889394,45835890000.0,1.1733621840876223,-0.0012378031066234163,0.0006490922072333906,0.7940835894198752,bist100
2015-10-02,743.9630126953125,52888800000,746.9119873046875,738.260009765625,-0.0018035934454284936,0.010848325738366521,0.013604652429535142,0.011629580222969886,46225390000.0,1.1441504333440995,-0.0005731338988997442,0.00050023006741643,0.7973982278896925,bist100
2015-10-05,769.0209350585938,72511000000,769.0250244140625,753.125,0.033126873400278936,0.01306344203306084,0.014208905658799256,0.020675671739483963,47519670000.0,1.5259154787901514,0.009554633641126872,0.001920893006673443,0.9193841064720523,bist100
2015-10-06,772.5819091796875,68516300000,776.0670166015625,766.2509765625,0.004619841573166412,0.012496614627216475,0.013872270062269237,0.012705500766235882,48605920000.0,1.4096287036640804,0.007923354509038224,0.002869129942528757,0.9008341512327989,bist100
2015-10-07,786.9778442382812,93857100000,787.2659912109375,776.3280029296875,0.018462061394585373,0.012217251301797166,0.014070443613560803,0.013898724546479347,51680325000.0,1.816108935073454,0.01175640108366895,0.004540987485190601,0.8682918348091336,bist100
2015-10-08,786.6058349609375,73287400000,792.4569702148438,780.1339721679688,-0.00047281792406933797,0.01226206645629518,0.014031115941217963,0.015666039456072627,53431835000.0,1.371605523186692,0.010786472999706573,0.004388110472000347,0.8739195447935825,bist100
2015-10-09,792.144775390625,72840300000,796.1610107421875,788.4240112304688,0.0070168943973746385,0.012215483005708837,0.01406219196361032,0.009767153369033402,55144295000.0,1.3209036401680354,0.0125505705682672,0.004772622028410257,0.8686755974687065,bist100
2015-10-12,792.9967651367188,62843100000,796.1959838867188,785.4749755859375,0.0010749700343529627,0.012139424341083652,0.01405864524600449,0.013519611645493744,56182970000.0,1.1185435729011834,0.006140189895082004,0.004935369014288026,0.8634846479630542,bist100
2015-10-13,783.5818481445312,64749800000,794.9550170898438,778.89501953125,-0.01194362124730539,0.012445645757823847,0.014131697919386715,0.02049562224625639,57727505000.0,1.1216455656623303,0.002827497330987644,0.0046842906517066945,0.8806900507510963,bist100
2015-10-14,793.7977905273438,67028700000,795.0260009765625,783.176025390625,0.012953235826341674,0.012508491708612766,0.014064151731658054,0.014928204295032372,58872530000.0,1.138539485223414,0.001725732217338904,0.005368051657053988,0.8893882793127483,bist100
2015-10-15,792.6287841796875,71855200000,803.8309936523438,792.6329956054688,-0.00147376068691918,0.011604533069328134,0.014056640724641797,0.01412767019111488,59329240000.0,1.211126250732354,0.001525543664768936,0.00399716313270235,0.82555521597596,bist100
2015-10-16,784.8318481445312,55396500000,796.1489868164062,784.8359985351562,-0.00988550759423053,0.011785272202395967,0.01410016193598975,0.014414537722947564,59561480000.0,0.9300725905400604,-0.0018549367335520977,0.0028403172428522615,0.8358253086664788,bist100
2015-10-19,797.3407592773438,59306000000,798.948974609375,788.4600219726562,0.01581265118229575,0.012002557996010514,0.013457898523866762,0.01315491841433672,60077180000.0,0.9871635120023943,0.0010925994960364587,0.003073644207560037,0.8918597487360088,bist100
2015-10-20,804.9607543945312,71140000,805.9409790039062,796.781005859375,0.009511384091229058,0.01208136095835269,0.013498415106575146,0.01137940339889132,57160547000.0,0.0012445647169891498,0.0053836005637433485,0.003470324179348104,0.8950207015390865,bist100
2015-10-21,797.6488037109375,75788500000,804.239990234375,792.843994140625,-0.009125118946212504,0.012289421378406133,0.01335456399230984,0.014286984498355533,58183102000.0,1.302586101373557,0.0009679296092325127,0.0025094932745568107,0.9202413036833651,bist100
2015-10-22,802.5547485351562,69016800000,805.322021484375,798.427001953125,0.006131670171850258,0.011856685027799884,0.013332493147304269,0.008591338527165865,59504342000.0,1.159861577832421,0.0024890157809864004,0.0033908073347096294,0.8893074158599675,bist100
2015-10-23,801.2437133789062,74932600000,810.6669921875,800.9119873046875,-0.0016349129637047786,0.011749881876918335,0.013335212720145106,0.012174828606985127,62460647000.0,1.1996769742074558,0.00413913470709155,0.0035654086607267337,0.8811169438015893,bist100
2015-10-26,792.6187744140625,59851700000,804.031005859375,792.1959838867188,-0.010822794587864577,0.011200710152628489,0.013411017907231353,0.01493154383253816,63285757000.0,0.9457372849312682,-0.0011879544469405145,0.003899867146326212,0.8351871744641364,bist100
2015-10-27,786.620849609375,54397400000,793.8400268554688,780.948974609375,-0.007596001965836626,0.011277074799783408,0.0131733067082363,0.016387885284880596,63065632000.0,0.8625522059304821,-0.004609431658353652,0.0028812551863538977,0.8560549791748705,bist100
2015-10-28,785.3588256835938,25026000000,786.5089721679688,779.9979858398438,-0.0016056495090274383,0.011293965274143782,0.012859820063087297,0.008290460506963417,61397322000.0,0.40760735460090586,-0.0031055377709166385,0.0028361312848309388,0.8782366486263575,bist100
2015-10-30,794.0858154296875,59388700000,795.0469970703125,775.85400390625,0.011050819168776626,0.011439542769436168,0.012937334100838648,0.02416992318856242,61677652000.0,0.96288847052738,-0.0021217079715313645,0.0031698311184826427,0.8842272047913343,bist100
2015-11-02,836.9315185546875,125531200000,843.541015625,832.2949829101562,0.052550714112704684,0.015815410127619455,0.014590445304703624,0.013437219731268732,65309772000.0,1.9220890864540148,0.008715417443750529,0.005887546496389302,1.0839566440457393,bist100
2015-11-03,829.1345825195312,82656400000,839.2670288085938,828.531982421875,-0.009359764238704521,0.014783811537897902,0.014619806771615267,0.012947290600396436,65817042000.0,1.2558510301936694,0.009008023513582538,0.003763214614440129,1.0112179845359552,bist100
2015-11-04,836.8365478515625,73003200000,837.8480224609375,832.8469848632812,0.009246282920554207,0.014834030254965908,0.01464040417186593,0.005976122350888684,66041387000.0,1.1054159113890203,0.012376480490860705,0.0039945366818095185,1.0132254602282131,bist100
2015-11-05,829.5526123046875,66289000000,833.2940063476562,825.4669799804688,-0.008742233940961975,0.014684099866408968,0.014597772046191334,0.009435238044085264,64662982000.0,1.0251460410532875,0.010949163604473799,0.0026343219150321514,1.0059137668367795,bist100
2015-11-06,819.2976684570312,58124700000,832.3189697265625,817.1849975585938,-0.012439062777457842,0.015056430775341327,0.014256170545895208,0.018471884823583463,63904847000.0,0.9095507262539883,0.006251187215226906,0.002036009672362726,1.056134305272922,bist100
2015-11-09,820.4966430664062,60245500000,826.2219848632812,817.572021484375,0.0014623478257153552,0.015010878988341242,0.014011824966650347,0.010542350723799577,63275107000.0,0.9521200809664375,-0.003966486042170961,0.001758282343779762,1.0713007780263277,bist100
2015-11-10,811.7366943359375,57071700000,825.9249877929688,811.7410278320312,-0.010733799678799456,0.015269191750383458,0.013958992899355212,0.017473597115800044,62986537000.0,0.9060936307706519,-0.0042412931301899475,0.0011678438581221406,1.0938605571673274,bist100
2015-11-11,817.1756591796875,54191800000,823.6500244140625,814.844970703125,0.006678057349379671,0.014992857435090582,0.013976866046246988,0.010774982847355431,62458637000.0,0.8676430130872053,-0.004754938244424855,0.002098927787956394,1.0726909298180192,bist100
2015-11-12,821.4296875,53993600000,822.9569702148438,814.2620239257812,0.005192266565199931,0.014796284770020181,0.013965475957715119,0.010585137622095623,61806882000.0,0.8735855660863138,-0.0019680381431924736,0.0017108793248993067,1.0594901895804052,bist100
2015-11-13,818.78369140625,55974500000,822.9229736328125,816.2479858398438,-0.003226407518820142,0.014821307737140707,0.01386191648771067,0.008152321379905049,61012847000.0,0.9174215391063459,-0.00012550709146493376,0.0016232469833042586,1.069210577792803,bist100
2015-11-16,810.459716796875,46423700000,818.2239990234375,810.18701171875,-0.01021829764092409,0.014835088752226697,0.013881355254191367,0.00991657837906064,60564207000.0,0.7665203971051747,-0.0024616361847928227,0.0016066074809695803,1.0687060795268788,bist100
2015-11-17,811.524658203125,53541500000,818.5750122070312,811.5289916992188,0.0013131341777260954,0.014453700958778062,0.013825636591758025,0.008682447830252963,60275982000.0,0.8882725461030233,-5.2249413487712386e-05,0.0008816316307410979,1.0454275188597428,bist100
2015-11-18,805.1377563476562,50615600000,814.7650146484375,803.3610229492188,-0.007901383772887067,0.014430939832483551,0.013769916984384352,0.01416402548422352,62803205000.0,0.8059397605583982,-0.00296813763794106,1.0993237535291724e-05,1.0480048535404263,bist100
2015-11-19,804.40771484375,51230200000,811.1799926757812,801.8569946289062,-0.0009071400181426882,0.01427324720271145,0.01297241941635209,0.011589891388207187,61575290000.0,0.8319928334888882,-0.004188018954609584,0.00042189218393878255,1.1002764206590199,bist100
2015-11-20,806.812744140625,44600100000,811.2169799804688,803.844970703125,0.002985353208080172,0.014224258246711611,0.012444750512500529,0.009137199840832994,60354455000.0,0.7389694762383323,-0.0029456668092295206,0.00026457633575027826,1.142992640344505,bist100
2015-11-23,797.4437866210938,41407200000,807.8419799804688,797.447998046875,-0.011680256686663372,0.014470089768976815,0.012561466630105276,0.013034124922629137,58678185000.0,0.7056659983603787,-0.0032380586183773778,-0.00023769085039765142,1.151942698657278,bist100
2015-11-24,762.4259643554688,103730000000,800.0800170898438,760.9580078125,-0.044905937338983,0.01747691899374584,0.01375720654967829,0.05131253538881809,60872100000.0,1.704064752160678,-0.012481872921719197,-0.0019418479879535727,1.2703828303104554,bist100
2015-11-25,768.3609008789062,82608700000,769.7529907226562,755.2069702148438,0.007754137947639952,0.01755243662655383,0.013786009753199484,0.01893123464660125,62282665000.0,1.3263514013088553,-0.009350768577613794,-0.001174340992279744,1.273206456457078,bist100
2015-11-26,749.9720458984375,63340600000,766.9039916992188,749.9299926757812,-0.024223612087521596,0.018294630875405987,0.014115868456488047,0.022632842272278703,64198395000.0,0.9866383731244371,-0.014014062991489575,-0.002305239121204452,1.2960329668556285,bist100
2015-11-27,756.3799438476562,68304500000,765.22900390625,748.239990234375,0.008507887459653038,0.018205541300448255,0.01385728038373285,0.022460952078465986,64644185000.0,1.0566224943511935,-0.012909556141175001,-0.002432385706660631,1.3137889106884102,bist100
2015-11-30,752.3240356445312,50291650000,765.3519897460938,750.9710083007812,-0.005376691556739711,0.012804484004106808,0.013877368519351398,0.019115408738725224,60882207500.0,0.8260483984586137,-0.01164884311519027,-0.005328755990132852,0.922688187335481,bist100
2015-12-01,767.8508911132812,67436260000,767.85498046875,752.3280029296875,0.020428432498216825,0.013988638810608451,0.01410745202396538,0.020221344689136788,60121200500.0,1.1216718801215555,0.0014180308522496958,-0.003839346153286784,0.9915779821079603,bist100
2015-12-02,763.9459838867188,77877770000,777.6669921875,762.4630126953125,-0.005098477153364644,0.013645939082143486,0.013991288927225115,0.019901903816333187,60364929000.0,1.2901161533711072,-0.0011524921679512234,-0.004556584156982726,0.9753167955520076,bist100
2015-12-03,754.5239868164062,62627810000,771.4130249023438,753.9240112304688,-0.01241001557367861,0.013729540769402849,0.013946212706462081,0.023178870357279304,60181869500.0,1.04064248120441,0.0012102271348173742,-0.004739973238618558,0.9844637435539159,bist100
2015-12-04,742.6490478515625,76334610000,758.8779907226562,733.7080078125,-0.01586348099547185,0.013851421394131595,0.01410887613981729,0.03389216344243818,61092365000.0,1.2494950882978586,-0.0036640465562076036,-0.004911194149519259,0.9817522853603399,bist100
2015-12-07,739.0850830078125,60874660000,745.3410034179688,733.5469970703125,-0.004810541435772007,0.013770288868262877,0.014124829849480092,0.015957575952769677,61123823000.0,0.9959236352084849,-0.003550816532014063,-0.005224838612593627,0.9748994511795648,bist100
2015-12-08,731.0050659179688,58091480000,742.0430297851562,729.5460205078125,-0.010992657097053523,0.013775859859446814,0.014198116029888672,0.01709565345029514,61174812000.0,0.9495980142938567,-0.009835034451068132,-0.00523778148350633,0.9702597042063215,bist100
2015-12-09,745.8330078125,63981090000,747.3209838867188,729.4849853515625,0.020081335182185887,0.014682248578832036,0.014392333086928392,0.023914198417509785,61664276500.0,1.0375714048959936,-0.004799071983958026,-0.004567617591866019,1.020143745294983,bist100
2015-12-10,723.5381469726562,84211910000,752.3709716796875,720.1270141601562,-0.030348454745238753,0.015563180444287755,0.014941045040023223,0.04456428130906801,63175192000.0,1.3329901712051782,-0.008386759818270055,-0.0063446536573879535,1.0416393500319416,bist100
2015-12-11,702.7992553710938,88786550000,725.1199951171875,702.802978515625,-0.029081973488182308,0.016344765562896817,0.015025400093997538,0.03175446819416252,64815794500.0,1.3698289234115613,-0.011030458316812148,-0.007637431955856061,1.0878090074570692,bist100
2015-12-14,693.0833129882812,74143210000,716.958984375,691.9099731445312,-0.013921084068593416,0.016396427322082272,0.015008104509268066,0.03614141440293525,66201770000.0,1.1199581219656212,-0.012852566843376429,-0.007822571277239529,1.092504873747172,bist100
2015-12-15,721.5641479492188,84622120000,723.9190063476562,693.0869750976562,0.040271070681990845,0.019549754328174313,0.015858632986123236,0.042729439007784316,67755801000.0,1.2489280438142853,-0.002599821287567554,-0.005874674452026291,1.2327515458161442,bist100
2015-12-16,728.3141479492188,81655240000,728.8790283203125,713.969970703125,0.009311193617882943,0.01983266097931867,0.015908310372745416,0.020470641218721768,69307783000.0,1.1781539744244884,-0.004753849600428144,-0.00501404558248779,1.246685569656509,bist100
2015-12-17,737.1151123046875,89541750000,741.7880249023438,728.2349853515625,0.01201159333944965,0.020180782172388806,0.01593191369108709,0.01838659840849808,71223360500.0,1.2571963660714942,0.0037181600165095375,-0.004368108914608173,1.266689147561645,bist100
2015-12-18,724.6001586914062,68400290000,737.1190185546875,722.031005859375,-0.017124072899118846,0.02029575684687888,0.016014249047285687,0.020822535731375963,72413370000.0,0.944580952384898,0.006109740134322229,-0.005373580219968125,1.2673561393326078,bist100
2015-12-21,733.278076171875,67706230000,737.8140258789062,724.60400390625,0.011904999698095178,0.020593048282519722,0.016082958865653526,0.018015023770545566,73728321500.0,0.9183205126947044,0.011274956887659948,-0.004194317400730197,1.2804265965324242,bist100
2015-12-22,731.01708984375,77250850000,733.801025390625,722.2050170898438,-0.003088158968856179,0.01822917033774308,0.015928210711620032,0.015862841596849423,72404364000.0,1.0669363796911469,0.002603110957490543,-0.002103428482223855,1.144458135805828,bist100
2015-12-23,740.445068359375,66621050000,744.9860229492188,731.02099609375,0.01281461093658853,0.018407444486124084,0.01592873514877322,0.01886031449491784,71604981500.0,0.9303968607267917,0.0033037944212316608,-0.0018504048327764265,1.1556124396695595,bist100
2015-12-24,740.5001220703125,42330080000,743.93701171875,738.6500244140625,7.434942402817672e-05,0.017638878958126814,0.015928509236314132,0.007139752104167089,70554455500.0,0.5999632439938538,0.0009163456381473658,-0.0006355067571989378,1.1073778905758078,bist100
2015-12-25,741.89111328125,21798080000,742.2789916992188,739.947021484375,0.0018766862431668506,0.01751988611696521,0.015920040570334883,0.0031432782696774303,68229134500.0,0.3194834605442635,0.004716497466604505,-0.0009670668180232472,1.100492554623978,bist100
2015-12-28,742.4280395507812,55703260000,749.5360107421875,741.89501953125,0.0007234647507253676,0.017492155072875618,0.015918736789033657,0.010291894707480084,68499715000.0,0.8131896607161067,0.0024801904771305427,-0.0006620590026499933,1.0988406495247713,bist100
2015-12-29,739.1220703125,54695780000,745.2769775390625,736.9290161132812,-0.0044628591410894106,0.016783752674203158,0.015319951739649833,0.011294428567464833,67862691000.0,0.8059771752935645,0.0022052504426838967,-0.001906623584615305,1.09554866486719,bist100
2015-12-30,732.0031127929688,42005560000,740.0490112304688,730.64599609375,-0.00967832400745959,0.016860660178036616,0.015347596423873414,0.012845594468637443,66069080500.0,0.6357824217032958,-0.002293336546125727,-0.0021356159273200523,1.0985863657327872,bist100
2015-12-31,717.2662353515625,42808150000,733.7210083007812,714.3359985351562,-0.020337676241751163,0.017204596528649963,0.015335390658280691,0.027026240481156327,65078097500.0,0.6577965804854697,-0.006375741679281595,-0.0025319989607236804,1.1218883765024892,bist100
2016-01-04,705.1802978515625,48721700000,717.27001953125,698.8040161132812,-0.01699357841055615,0.01725247457993029,0.01546357616296808,0.02618621574401355,63697452000.0,0.7648924481312063,-0.010149794610026196,-0.002588503831477895,1.115684651345155,bist100
2016-01-05,706.8772583007812,67864960000,712.5349731445312,693.9580078125,0.00240352988270743,0.017278965782481157,0.015430319326563193,0.02628032676661189,64046967000.0,1.0596123935111557,-0.009813781583629784,-0.0022278002655539237,1.1198061049025427,bist100
2016-01-06,711.9752197265625,79617850000,712.6710205078125,697.135009765625,0.007186065419402207,0.017271767906908438,0.015470393396192965,0.021820999259151434,65123285500.0,1.2225711493011207,-0.00748399667153146,-0.001318864139731137,1.1164401230519945,bist100
2016-01-07,714.9552001953125,89136690000,716.4019775390625,696.8790283203125,0.004176776609995468,0.016587171887106008,0.015431109112276084,0.027306535029630798,66381065500.0,1.3428029412995788,-0.004712976548040448,-0.002114092068340658,1.0749176722436775,bist100
2016-01-08,706.1282958984375,72823590000,721.3189697265625,704.0780029296875,-0.012422940441974673,0.015424822900806644,0.015375145150803848,0.02441619589105769,65811649500.0,1.1065455820249575,-0.0031300293880851494,-0.001217816353177454,1.0032310426676003,bist100
2016-01-11,710.4862060546875,68380760000,716.218994140625,701.114990234375,0.006152589709326528,0.014023318886768048,0.01541063583084694,0.021258687047736174,64791360000.0,1.0553993618902273,0.0014992042358913861,0.0005439118066979879,0.9099766577247936,bist100
2016-01-12,717.4002075195312,86373250000,721.0009765625,705.1649780273438,0.009684321435453556,0.013732148609929239,0.015444170730791145,0.022074148249706375,65402862000.0,1.3206341031375661,0.0029553625464406115,0.0017241820819003367,0.8891476822741518,bist100
2016-01-13,725.0831298828125,79732510000,730.1090087890625,720.302001953125,0.010652455824544625,0.010595069701046322,0.01536028388140636,0.01352535513758609,65158381500.0,1.2236723528806497,0.0036486406274690948,0.0002432513390280256,0.6897704354195996,bist100
2016-01-14,719.4021606445312,80860720000,726.5139770507812,713.0889892578125,-0.007865775533800983,0.01051723113356635,0.015311293557454858,0.01866131147137639,65118655500.0,1.2417443108910626,0.001240130198709805,-0.0006155971185561707,0.6868937032720959,bist100
2016-01-15,710.6162109375,71487300000,722.7449951171875,706.280029296875,-0.012288038300590711,0.010384470194055995,0.015342099337143216,0.023169983412833547,64215933000.0,1.1132330663170462,0.0012671106269865969,-0.001830578700558189,0.6768610974193863,bist100
2016-01-18,710.3931884765625,61250850000,715.2150268554688,708.4520263671875,-0.0003138930155713687,0.00974189937789958,0.01530725224552282,0.009520080707395996,63858461000.0,0.9591657713141568,-2.6185917992982226e-05,-0.000990069706380815,0.6364237827693056,bist100
2016-01-19,710.7282104492188,68204870000,718.2739868164062,707.8619995117188,0.0004714895984478165,0.00926937387679569,0.015310595896978762,0.014649745362023212,63883393000.0,1.067646328678879,-0.0018687522853941302,-0.0015617452113631833,0.6054221494164584,bist100
2016-01-20,696.0363159179688,71427520000,707.8560180664062,695.9530029296875,-0.02088825592106161,0.010228562830484605,0.015463310497822106,0.017101140938343765,63592226500.0,1.1232114981852381,-0.008176894634515378,-0.0024517500589734545,0.6614730288139286,bist100
2016-01-21,685.6753540039062,80155200000,697.77099609375,682.3049926757812,-0.014997566198337151,0.009930035031138006,0.015536714441324527,0.022555868936599756,64268934000.0,1.2471842150050287,-0.009603252767422611,-0.003842358915719739,0.639133522640161,bist100
2016-01-22,702.435302734375,75373440000,703.9249877929688,692.552978515625,0.024149030397133023,0.011726497383726019,0.015907268067579538,0.016189404537436895,65921102000.0,1.1433886526957635,-0.002315839027877864,-0.002638624867064496,0.7371785861599761,bist100
2016-01-25,705.3862915039062,53863470000,710.8800048828125,701.22998046875,0.004192282748942058,0.011784711867047984,0.015837409705743422,0.01368048192925374,67524371500.0,0.7976893202182563,-0.0014146038749751784,-0.0025228450417757358,0.7441060177141384,bist100
2016-01-26,718.085205078125,70555640000,718.3870239257812,699.2509765625,0.017842648068747986,0.012624684889219357,0.01437880969938467,0.026648714146950456,68266990500.0,1.0335249801293056,0.0020596278190848556,-0.001666885875874605,0.8780062573440708,bist100
2016-01-27,720.525146484375,79189770000,726.8369750976562,717.7520141601562,0.0033920842334333704,0.012655270189437857,0.014370727495451109,0.01260880481663663,69491690000.0,1.1395574060725822,0.006915695849983852,-0.0012741387071484663,0.8806283602165402,bist100
2016-01-28,724.2701416015625,78377760000,729.6090087890625,723.2069702148438,0.005184130285250737,0.012571889461940768,0.01432471255016665,0.008839296564210232,71310300000.0,1.0991085439270343,0.01095203514670143,-0.0005310159925129498,0.8776364215276704,bist100
2016-01-29,734.8070678710938,70653830000,735.0659790039062,730.802001953125,0.014443525511788815,0.012084008988581323,0.014463001075750189,0.005802852527174213,72702584000.0,0.9718200662578925,0.009010934169632587,0.001208044095164049,0.8355118640516682,bist100
2016-02-01,734.4730834960938,67455060000,735.1480102539062,727.93701171875,-0.0004546231437776765,0.011314245189436507,0.014399303624080697,0.009817920761414262,73639252000.0,0.9160204397513435,0.00808155299108864,0.0020349918585029726,0.7857494698920795,bist100
2016-02-02,725.0581665039062,71594590000,739.114990234375,725.06201171875,-0.012901467622424721,0.01179536169777533,0.014463043579624009,0.019381863641900362,73825733500.0,0.9697782413499488,0.0019327298528540996,0.0012697419832463654,0.815551832699516,bist100
2016-02-03,732.6701049804688,78071140000,736.2979736328125,720.1519775390625,0.010443657863418547,0.011903356112755196,0.014506147708314526,0.02203719789301409,73748398000.0,1.058614724078481,0.003343044578851135,0.0014326216054471822,0.8205732046925539,bist100
2016-02-04,745.050048828125,81258740000,747.4039916992188,739.6290283203125,0.016755856597749565,0.012378817496173136,0.014662396538061551,0.010435491402403558,73354500500.0,1.1077539816387953,0.0056573898413509,0.0020615756048348874,0.8442560848794015,bist100
2016-02-05,742.0310668945312,65713380000,747.6740112304688,740.3330078125,-0.004060284337187142,0.0119992249588546,0.01463902795406358,0.009893121387345046,72998990000.0,0.9001957424342446,0.001956627871555709,0.0024797084100742638,0.8196736147036177,bist100
2016-02-08,720.0481567382812,90082520000,746.56201171875,720.052001953125,-0.030073017288822935,0.013985371597947414,0.015089990848445431,0.036816995526676555,74084078000.0,1.2159498023313458,-0.003967050957453343,0.0006684280601667904,0.926797884664601,bist100
2016-02-09,714.148193359375,89122190000,717.9829711914062,703.7349853515625,-0.008227599604261084,0.013951104247949406,0.015074111993198955,0.019951021331890216,74221525000.0,1.2007593484504664,-0.0030322773538206155,-0.00022716799181894163,0.9255009020925266,bist100
2016-02-10,716.1382446289062,70299830000,722.4990234375,708.5640258789062,0.002782732886023317,0.013737443160091756,0.015080958321623763,0.019458530057719078,73749891000.0,0.9532194427243289,-0.004564462349299662,-0.000620654138745007,0.9109131440536101,bist100
2016-02-11,709.4132080078125,82949560000,712.8159790039062,698.8980102539062,-0.009435066685829016,0.013785401312798807,0.015092281041685529,0.01961898734460372,73854333000.0,1.1231508921758186,-0.009802647006015379,-0.0006991186963464087,0.9134074083780269,bist100
2016-02-12,709.3702392578125,64282910000,715.4180297851562,708.9569702148438,-6.057125926578566e-05,0.013512835293014868,0.015093819881207355,0.00910816272342136,73494113500.0,0.8746674657147882,-0.009002704390431108,-8.774534428016242e-05,0.895256164401372,bist100
2016-02-15,710.0772094726562,78133310000,715.6640014648438,694.3610229492188,0.0009961203902744307,0.013514856252272032,0.015084652489611638,0.030000932618927178,74338236500.0,1.0510514329997591,-0.0027888768546116332,-2.2244673987872443e-05,0.895934212709197,bist100
2016-02-16,709.4882202148438,62110660000,718.1589965820312,708.0750122070312,-0.0008298163357501722,0.013515486593791773,0.015033154816304904,0.014213039889438076,74033526000.0,0.8389531521165154,-0.0013093202009094509,-8.730997069777188e-05,0.8990452608878162,bist100
2016-02-17,728.0471801757812,79281700000,728.5579833984375,706.5360107421875,0.02582196050715048,0.013765360621575023,0.014365761849090034,0.030248002129385308,74426235000.0,1.0652386218381193,0.0032985253233159817,0.0022482008507128328,0.9582060990692922,bist100
2016-02-18,734.4611206054688,73005950000,734.4650268554688,723.2230224609375,0.008771207038057192,0.013213038431692019,0.01437658531333056,0.01530646630452496,74068772500.0,0.9856508692647769,0.006939780068093223,0.0034366395125325494,0.919066533792301,bist100
2016-02-19,730.150146484375,61330210000,734.5560302734375,726.7119750976562,-0.005886867959801275,0.01241798399451973,0.014060603688064704,0.010743071426541323,73366611000.0,0.8359417065073376,0.005774520727986125,0.0019348445946858347,0.8831757348413634,bist100
2016-02-22,748.93505859375,75160890000,748.9390258789062,735.6640014648438,0.02540208250223732,0.013481064011937948,0.014407826766072898,0.017725200952654778,74431482000.0,1.0097997242618386,0.010655713150378703,0.002995334582350598,0.9356764368990567,bist100
2016-02-23,754.9939575195312,91270540000,759.2379760742188,746.7429809570312,0.008057470320607885,0.013085624225957701,0.014429829282029013,0.016549794859602254,75467227000.0,1.209406302950551,0.012433170481650314,0.002506075694943593,0.9068453943702999,bist100
2016-02-24,740.6680908203125,80578570000,757.0540161132812,739.1599731445312,-0.019157141602290324,0.013948258256714018,0.014387618984293953,0.024159327491659322,75536667000.0,1.0667477557621121,0.003437350059762153,0.001378614403157408,0.9694625825121198,bist100
2016-02-25,752.0150146484375,73150650000,755.0419921875,743.510986328125,0.015203685709013193,0.014268395938433978,0.014518188970726457,0.015333478234827102,75275311500.0,0.971774789666596,0.0047238457939533535,0.001879592174345531,0.9827944771351202,bist100
2016-02-26,749.2860107421875,70777310000,760.1740112304688,748.3560180664062,-0.0036355226112168198,0.014000708255770825,0.014437721372600321,0.015772339259819447,75281485500.0,0.9401688812317605,0.005174114863670245,0.0009756397681952493,0.9697311573238383,bist100
2016-02-29,758.1399536132812,69536930000,759.5479736328125,744.2379760742188,0.011747236545965666,0.014199544428852335,0.014367143111014957,0.02019415740540593,75385579000.0,0.9224168723304493,0.002443145672415914,0.0015857327526824165,0.9883345853196014,bist100
2016-03-01,759.5499877929688,63469630000,761.8460083007812,756.4210205078125,0.0018581326091914828,0.013784463250103341,0.014352377940863213,0.007142370983024022,74979331000.0,0.8464950160731629,0.0012032781301326337,0.002323712764263227,0.9604306204100896,bist100
2016-03-02,767.8759155273438,72346210000,770.9650268554688,764.1510009765625,0.010902015188061059,0.013799047210175759,0.014334707501381687,0.008873863265038954,74693084500.0,0.9685797618921468,0.00721510948820291,0.002346630630495352,0.9626319343346004,bist100
2016-03-03,768.2789306640625,74723410000,775.2730102539062,764.6610107421875,0.0005247064082952112,0.013377871511403771,0.014109898780953893,0.013812691052904783,74366318000.0,1.0048017975019283,0.0042793136280593145,0.0015350731210226345,0.948119594554552,bist100
2016-03-04,771.9069213867188,74772580000,771.9110107421875,761.6389770507812,0.004711116425305085,0.013328469390853916,0.0135248003167414,0.013307347565886184,74819278000.0,0.9993758560460848,0.005948641435363695,0.0019736431591472455,0.9854836358918764,bist100
2016-03-07,774.8348999023438,74561130000,779.8980102539062,771.5040283203125,0.003785999670719356,0.010988722373271411,0.01293527810111985,0.010833252264000608,74043208500.0,1.006994854902864,0.004356394060314433,0.00366659400712436,0.8495157419398722,bist100
2016-03-08,776.8248291015625,84003450000,781.4390258789062,771.5800170898438,0.0025649055046775273,0.010633131776383654,0.012773511663427956,0.01269141821904038,73787271500.0,1.138454482627129,0.004497748639411642,0.004206219262571291,0.8324360642991812,bist100
2016-03-09,787.3778686523438,75730960000,787.3820190429688,773.9840087890625,0.013493391467564167,0.010825641295804954,0.011844163304915922,0.01701598531952384,74058828000.0,1.022578429137442,0.005016023895312263,0.004741752191648334,0.914006419627106,bist100
2016-03-10,790.2427978515625,94804700000,796.7410278320312,785.0499877929688,0.003631966047811245,0.010306890246259812,0.011802935169635445,0.014794238012477931,74651585000.0,1.2699623189514329,0.00563747582321547,0.005395103828330346,0.8732480605989941,bist100
2016-03-11,793.7977905273438,71009340000,796.1309814453125,787.4349975585938,0.004488519638120027,0.010230065434923092,0.011727583956315046,0.010954910671824554,74987906500.0,0.9469438915460322,0.005592956465778458,0.005622558373199637,0.8723080110131659,bist100
2016-03-14,801.104736328125,71649350000,801.14599609375,791.7990112304688,0.009162938551537946,0.010198622339127132,0.01151927683475704,0.011667619025850838,74663708500.0,0.9596275277432811,0.006668344241942177,0.006030899281262813,0.885352655850313,bist100
2016-03-15,790.3067626953125,81023830000,800.9119873046875,787.7459716796875,-0.01357051818577378,0.01101495616845014,0.011604921419276949,0.016659373608417297,75609367000.0,1.0716110081969077,0.003441259503851915,0.005393864188761632,0.9491624949870995,bist100
2016-03-16,793.6878051757812,68964770000,795.7410278320312,784.1950073242188,0.004269014154289204,0.009910089547757545,0.01159719137415001,0.01454730743312272,75093520500.0,0.9183850955556145,0.0015963840411969223,0.004316216871118569,0.8545249645398633,bist100
2016-03-17,813.7666625976562,88583900000,813.8930053710938,803.9619750976562,0.024983478170746778,0.01090662398323652,0.011903085760292082,0.012203781169575406,75872418000.0,1.16753758921984,0.005866686465784029,0.005126830427753049,0.9162854240385554,bist100
2016-03-18,829.4296264648438,81005260000,829.4340209960938,812.2119750976562,0.01906459790859988,0.01100709224773193,0.012113164439826265,0.02076372165754496,76856170500.0,1.0539851188656348,0.00878190211988,0.0063744037211731054,0.9086884193152918,bist100
2016-03-21,834.0225830078125,83980030000,835.2369995117188,824.3660278320312,0.005522212406937282,0.010054793891320864,0.012122234920682217,0.01303438528065093,77297127500.0,1.0864573201636762,0.008053756890959867,0.005380410216408104,0.8294505062070682,bist100
2016-03-22,817.6566772460938,109120910000,828.530029296875,809.8300170898438,-0.019817941407397958,0.011493286526781173,0.012443303483840531,0.022870249491527144,78189646000.0,1.3955928384686638,0.006804272246635032,0.003986639630007812,0.923652351781575,bist100
2016-03-23,803.8327026367188,88495800000,817.3499755859375,801.7169799804688,-0.01705137230232914,0.011277734682168986,0.012651792472662715,0.01944807116479543,78585507500.0,1.1261083985491853,0.0025401949553113617,0.004091928095005871,0.8913942199524125,bist100
2016-03-24,813.5796508789062,77185020000,813.89599609375,801.2100219726562,0.012052666981344773,0.011135444717466879,0.012640354307733243,0.015592786898479026,78787226000.0,0.9796641399711167,-4.596728256903923e-05,0.0039343771586224496,0.8809440341916939,bist100
2016-03-25,813.5606689453125,31906230000,817.5339965820312,812.8989868164062,-2.3331649229496448e-05,0.011035044970133495,0.01230604782250371,0.005697190071434691,76843672000.0,0.415209595918321,-0.0038635531941349143,0.004114986706721816,0.8967172181757681,bist100
2016-03-28,813.441650390625,36306120000,817.3109741210938,808.7310180664062,-0.00014630409985938084,0.010921988151959725,0.012052607519984307,0.010547721585890391,75182131500.0,0.4829088943827032,-0.004997256495494247,0.0035203096744305636,0.9061929656176131,bist100
2016-03-29,817.3316650390625,61719870000,822.7329711914062,815.22900390625,0.004770769781145316,0.010918076087887052,0.01205655861386217,0.009181055385634197,75094643500.0,0.8218944404470074,-7.951425778559181e-05,0.003665941533028256,0.9055715181721811,bist100
2016-03-30,829.173583984375,71113420000,830.4140014648438,822.9949951171875,0.014384555580721119,0.011066318849126087,0.012140316781106482,0.008947470699688926,75033004000.0,0.9477618675643055,0.0062076713188244596,0.003840068552661258,0.9115346039691636,bist100
2016-03-31,832.6755981445312,72804140000,834.468017578125,824.8679809570312,0.004214605490849085,0.011038861327023254,0.012140404218237042,0.011529143693517279,74937040500.0,0.9715374334805763,0.004640059020725323,0.004024563506788952,0.9092663743799342,bist100
2016-04-01,823.589599609375,65889910000,830.5460205078125,819.3189697265625,-0.01097178120386855,0.01153346176273361,0.012111500232129545,0.013631851090124186,74492907000.0,0.884512534864561,0.002450369109797512,0.0032404186253302708,0.952273586399932,bist100
2016-04-04,838.7245483398438,75855670000,838.72900390625,825.9990234375,0.018209995963637343,0.012010482412796728,0.012271021258842038,0.015177784522877616,74557634000.0,1.0174098335792148,0.006121629122496856,0.003961618439976169,0.9787679574055358,bist100
2016-04-05,829.6365966796875,72119580000,837.010009765625,824.6500244140625,-0.0108945734870834,0.012461477104275797,0.012361621214981425,0.014898071518335563,73963440500.0,0.9750706499381948,0.002988560468851113,0.0032886444903881236,1.00807789589713,bist100
2016-04-06,815.108642578125,73727760000,830.260986328125,815.1129760742188,-0.017666361453548596,0.013052341439322412,0.012580748690101609,0.018584038326466858,73863280500.0,0.9981652520835438,-0.00342162293800283,0.0017306568443324851,1.0374852690278955,bist100
2016-04-07,811.6426391601562,62151850000,822.5260009765625,810.8070068359375,-0.0042612644005572044,0.013111027325553063,0.012541624672430904,0.014438613221147647,72230638000.0,0.860463810384729,-0.005116796916284088,0.0013359953219140627,1.0454010280162365,bist100
2016-04-08,825.0166015625,72284880000,825.760986328125,808.8400268554688,0.01634336550528753,0.013522569038903667,0.012533047609117153,0.020509841184540557,72294415000.0,0.9998681087605453,0.0003462324255471282,0.0019287376152724376,1.0789529778109745,bist100
2016-04-11,839.8705444335938,87348100000,841.0139770507812,823.0139770507812,0.017844256952806198,0.01390104014087159,0.012682587700392179,0.02143187437551956,73079352500.0,1.1952500537001884,0.0002730846233808995,0.0023628035353358504,1.0960728574691216,bist100
2016-04-12,837.1935424804688,91401080000,844.2999877929688,832.6380004882812,-0.0031924888830148312,0.013461728951948608,0.012702747810812083,0.013929858166529715,73598215000.0,1.2418926192707256,0.0018135015441946133,0.002881705000473798,1.059749367022032,bist100
2016-04-13,856.9624633789062,92408150000,858.0880126953125,840.0919799804688,0.023338840305851326,0.014219207961287731,0.012591752295602464,0.020999791103903695,74770384000.0,1.2358924089516512,0.010014541896074597,0.0038351963080519038,1.129247751026173,bist100
2016-04-14,857.8453979492188,95617300000,862.5449829101562,853.4039916992188,0.0010297767677056775,0.013324814975290285,0.012361308365319894,0.01065575595881277,75122054000.0,1.2728259533478676,0.011072750129727174,0.002637511237899849,1.0779453583306395,bist100
2016-04-15,855.7284545898438,72998640000,861.8800048828125,848.0789794921875,-0.0024707945131192304,0.012786753308363631,0.012090907357272673,0.016127809372939367,74721723000.0,0.9769399990950423,0.0073099181260458225,0.0015607416168138936,1.0575511771391093,bist100
2016-04-18,863.4324340820312,74290170000,863.8670043945312,849.9769897460938,0.00896254808127823,0.012865747745260414,0.012112605050188397,0.01608697345635949,74237230000.0,1.0007131192799086,0.00553357635174023,0.001732758400530941,1.0621784242077887,bist100
2016-04-19,862.5054321289062,72686220000,866.9349975585938,858.0670166015625,-0.0010742009436291678,0.011856381368760743,0.011974908264609759,0.01028165229654563,72415495500.0,1.0037384885393763,0.005957233939617362,0.0026699454237193807,0.990102062309796,bist100
2016-04-20,855.4974975585938,98795900000,869.31298828125,852.7150268554688,-0.008158278799639571,0.011227943326328486,0.012061909310655384,0.019401531241351692,72930500500.0,1.3546581926995003,-0.00034218988148081717,0.003114600098853859,0.9308595378353425,bist100
2016-04-21,856.7034912109375,66481030000,864.5,851.177001953125,0.0014087059401208166,0.011032544811645149,0.01205943597747644,0.015551469304791956,72395301000.0,0.9183058718134206,-0.0002664040469977893,0.002582402046792661,0.9148474963713702,bist100
2016-04-22,858.2824096679688,59643140000,859.2930297851562,851.5059814453125,0.0018413199809129077,0.01101723378130564,0.011962540217230273,0.009072827605608522,73782146500.0,0.8083681870112033,0.0005960188518086383,0.002675634628299781,0.9209777840861042,bist100
2016-04-25,851.0894775390625,58448510000,858.5120239257812,849.8419799804688,-0.008415927087217116,0.011280746134180845,0.012040767067208758,0.01018699463936748,74889266000.0,0.7804657879808836,-0.002879676181890431,0.0022621534789318944,0.9368793591981596,bist100
2016-04-26,857.5594482421875,70227410000,859.3829956054688,850.4290161132812,0.007573236992869376,0.01133084099343012,0.011887301983862546,0.010441234727856165,75314643000.0,0.9324536000256949,-0.001150188594590722,0.0024022768395180975,0.9531886216748053,bist100
2016-04-27,853.7374877929688,54483800000,861.2100219726562,852.9149780273438,-0.004466748842160126,0.011062528312924803,0.01188059488056885,0.00971615287359157,74483162000.0,0.7314915013946374,-0.000411882603094833,0.0014597116183740354,0.9311426257802945,bist100
2016-04-28,854.7734985351562,66326060000,856.7639770507812,847.6320190429688,0.0012127646558414736,0.01104353135489579,0.011734117814121833,0.0106834828448263,74159258000.0,0.8943732959140449,-0.00045107085995070155,0.0013096195766236548,0.9411471343508302,bist100
2016-04-29,853.2734985351562,52550600000,856.6439819335938,848.3790283203125,-0.001756392403940955,0.010690757360158704,0.011716742756939288,0.009686171699308578,73492292500.0,0.7150491325331837,-0.001170613336921474,0.0017703890166200346,0.9124342474641307,bist100
2016-05-02,838.2945556640625,46287110000,852.6859741210938,838.1170043945312,-0.017710590316146274,0.010800309496050374,0.011236147700931292,0.017379296606574716,72013864500.0,0.6427527576998732,-0.003029545982707306,-2.5640297369146185e-05,0.9612110648167437,bist100
2016-05-03,810.6937255859375,84086340000,842.905029296875,808.8519897460938,-0.03347920466482402,0.012961057057550041,0.012086784362720463,0.042004814489182155,72612202500.0,1.1580194114067812,-0.011240034314245985,-0.001154871856256177,1.0723329438660392,bist100
2016-05-04,793.82177734375,93691860000,810.4010009765625,790.7009887695312,-0.021031358193840013,0.013206199224498677,0.0124499729018849,0.024816668891285053,73610407500.0,1.2728072453613302,-0.014552956184581961,-0.001323121693270748,1.0607412022960536,bist100
2016-05-05,786.9838256835938,104829940000,799.0780029296875,775.1950073242188,-0.008651277925204452,0.01329379721096659,0.012438479757599274,0.030347505026197184,75744312000.0,1.3839975205002852,-0.016525764700791146,-0.0015426223695031104,1.0687638256471623,bist100
2016-05-06,783.6768798828125,93020550000,788.010009765625,772.0910034179688,-0.004210903953405452,0.012615494036980176,0.012460124760789741,0.02031322698972146,76781095500.0,1.2115032924999096,-0.017016667010684047,-0.0025703358424377593,1.0124693194629446,bist100
2016-05-09,790.6167602539062,61008080000,797.3699951171875,788.7890014648438,0.008816557658817307,0.011992747551904968,0.012493916546177247,0.010853543820128436,75464094500.0,0.8084385084617957,-0.011711237415691331,-0.0030217208071372037,0.9598869583913123,bist100
2016-05-10,788.0198364257812,67331980000,794.6599731445312,784.031982421875,-0.0032900873781312122,0.011992840552065582,0.01250669333195263,0.013486958362446292,74260639500.0,0.906698090042707,-0.005673413958352769,-0.003026600731893023,0.958913777906888,bist100
2016-05-11,790.2738037109375,70776130000,791.6680297851562,780.2329711914062,0.0028562097193402147,0.010390355689016556,0.012102376502322766,0.014469742689247308,73179038500.0,0.9671639782476781,-0.000895900375716723,-0.0040507322612185785,0.8585384603612664,bist100
2016-05-12,783.037841796875,66461710000,795.7020263671875,782.4639892578125,-0.009198448324065855,0.010378842128873767,0.012138330022635927,0.016905999177507222,71721259000.0,0.9266668060023877,-0.0010053344554890038,-0.004562143515807155,0.8550469553487989,bist100
2016-05-13,778.079833984375,60291390000,785.9739990234375,775.8610229492188,-0.006351890775779618,0.010373963420580105,0.012142993178497152,0.012997350185047765,71085896500.0,0.8481484087353389,-0.0014335318199638369,-0.004756198328940175,0.8543168284859411,bist100
2016-05-16,769.992919921875,48037100000,782.0130004882812,767.0120239257812,-0.010447813390899797,0.009921045138865589,0.011802134314404595,0.019481966878373412,69773243000.0,0.6884745202398003,-0.005286406029907258,-0.005726716402549075,0.8406144918005956,bist100
2016-05-17,772.7678833007812,63761010000,777.6530151367188,764.4949951171875,0.0035974032601132477,0.010089905610630173,0.01176747995163788,0.017027131049143003,69326982500.0,0.9197141964169578,-0.003908907902258366,-0.005493136192361955,0.857439796124385,bist100
2016-05-18,772.4349365234375,69138870000,775.7470092773438,764.7899780273438,-0.00043094249923035293,0.010130347692250387,0.011485260973762373,0.014185053953301526,67844131000.0,1.0190840236423693,-0.004566338345972479,-0.005106769377341494,0.8820302573352723,bist100
2016-05-20,763.572998046875,64073760000,774.916015625,763.0239868164062,-0.011539050817715469,0.010105744975311103,0.011431650649956644,0.01557418719495331,67723767500.0,0.946104482447761,-0.005034458844702402,-0.005754157215233308,0.8840145036578274,bist100
2016-05-23,767.6549072265625,48579100000,769.6929931640625,762.0759887695312,0.005331562773690959,0.010272570458603561,0.011438549862153854,0.009922433013618708,67170565500.0,0.7232200538791057,-0.0026977681348082866,-0.005579645075594406,0.8980658022562712,bist100
2016-05-24,794.341796875,96713800000,795.052978515625,764.594970703125,0.03417355065749731,0.01354634786153427,0.012159206228275751,0.03834370535747216,69083830000.0,1.3999484394539214,0.006226504674871135,-0.0034501711883586847,1.1140815944080935,bist100
2016-05-25,786.0868530273438,69121870000,799.4099731445312,785.9340209960938,-0.010446556913840116,0.01337272460526301,0.012244139398624098,0.017143082976823102,69028553000.0,1.0013518608741516,0.003417712640080463,-0.004351160883694159,1.0921735019421401,bist100
2016-05-26,780.3518676757812,68182080000,786.0449829101562,776.135009765625,-0.007322355991441128,0.013389258104478528,0.012209545485089384,0.012699364933984655,69713467000.0,0.978033125220985,0.002039429941638308,-0.004493941241158209,1.0966221568878087,bist100
2016-05-27,780.2848510742188,48256900000,785.093994140625,778.0170288085938,-8.588366632484251e-05,0.013363250026596893,0.012209582876138929,0.00906972027239589,68810009000.0,0.7013064044214846,0.004330063371916434,-0.004558873657266525,1.094488662074817,bist100
2016-05-30,785.3478393554688,48242940000,788.6859741210938,779.4810180664062,0.0064676803969350456,0.013578818254636962,0.012222539510186951,0.0117208650656529,68594626000.0,0.7033049498658976,0.004557286896565251,-0.004147670017222725,1.1109653802566652,bist100
2016-05-31,778.0298461914062,61265250000,791.0560302734375,778.0339965820312,-0.009361840942033642,0.013264617536195546,0.012276498580889906,0.01673719042418669,69343533000.0,0.8835034407606547,-0.00414979142334094,-0.0037302325485170937,1.0804886628540638,bist100
2016-06-01,770.3449096679688,58655480000,780.4290161132812,770.2210083007812,-0.009926536967765506,0.011398771697323052,0.012339204980500522,0.013251217324068278,68071990000.0,0.8616683602168822,-0.004045787434126018,-0.0025525991636641673,0.9237849371443603,bist100
2016-06-02,762.7169799804688,45094860000,774.4539794921875,762.3380126953125,-0.009951317278937373,0.010701318308031367,0.012271195991272148,0.015885272145357586,65642140000.0,0.6869803452477327,-0.004571579691625268,-0.0019985971179190356,0.8720680784206077,bist100
2016-06-03,781.390869140625,55257860000,784.8389892578125,764.8619995117188,0.024188465386517793,0.01205999847410963,0.012669866230611804,0.025565937016981625,63163536000.0,0.874837976138638,0.00028329011894326003,-0.0003566099523329234,0.9518647043779621,bist100
2016-06-06,785.923828125,47816220000,789.5750122070312,783.3469848632812,0.005784379654344165,0.012098909448675314,0.012679073874034517,0.007924466876908893,60903319500.0,0.7851168112437615,0.00014662997042508424,0.00014315422805455738,0.9542423657182625,bist100
2016-06-07,781.5718383789062,64455670000,794.197021484375,780.2349853515625,-0.005552807604391551,0.011982840161353082,0.012637817185717727,0.017864047099972018,61075699000.0,1.0553406846804978,0.0009084366379535025,-0.0005753140351058855,0.9481732474256038,bist100
2016-06-08,788.3228149414062,63389490000,790.6320190429688,777.2160034179688,0.00860060025365097,0.012135070304116109,0.012570487732601906,0.017018428708037804,60878574500.0,1.0412446500369354,0.004613864082236798,1.9220346483223625e-05,0.9653619304399359,bist100
2016-06-09,777.1128540039062,56924730000,789.5369873046875,776.5609741210938,-0.014322086530731455,0.012525360748188477,0.012690976452754058,0.016697720436275945,60186004500.0,0.9458134075007422,0.0037397102318779815,-0.0008396944660203599,0.9869501211997254,bist100
2016-06-10,768.868896484375,48895230000,778.3889770507812,767.2319946289062,-0.010665113813863595,0.012581044889020829,0.012313630245585317,0.014510903579127593,59307680500.0,0.8244333547996368,-0.0032310056081982967,-0.0009130277405102468,1.0217169622688147,bist100
2016-06-13,765.337890625,55140730000,765.5599975585938,753.8579711914062,-0.004603045852266237,0.012547285718458307,0.01203773957026929,0.01529001309164406,59050147500.0,0.9337949579211466,-0.005308490709520377,-0.0008255854943345778,1.0423290556515685,bist100
2016-06-14,757.5909423828125,63484510000,766.156005859375,753.5689697265625,-0.010173837274715877,0.012536372319275159,0.012056612912463438,0.01661455467408722,59822518000.0,1.0612142738625612,-0.006232696643585242,-0.0008118866885253817,1.0397922211067898,bist100
2016-06-15,762.3699951171875,53749160000,765.916015625,760.6170043945312,0.006288409609834931,0.012600464238600834,0.011857508022482999,0.006950708008457512,59321925500.0,0.906058924199957,-0.006695134772348449,-0.0006773363710392978,1.062657028332523,bist100
2016-06-16,746.7130126953125,44292330000,760.8889770507812,746.7169799804688,-0.020751070909371207,0.013374978620705066,0.011950764020986729,0.01897917517087012,58079598500.0,0.7626142594632433,-0.0079809316480764,-0.0016933427915463404,1.1191735187153955,bist100
2016-06-17,754.3009643554688,56101910000,757.9149780273438,749.1400146484375,0.010110520507366027,0.013412227403021556,0.011916763572790083,0.011633238976970202,57681006000.0,0.9726236397471986,-0.003825804783830476,-0.0006108642252922657,1.125492447768798,bist100
2016-06-20,775.2269287109375,49800470000,775.2880249023438,764.0050048828125,0.027364352396299023,0.014762857286118772,0.012476361782197805,0.014554473795554131,57742074500.0,0.8624641638048526,0.0025676748658825755,0.0004907752558381375,1.1832662072354705,bist100
2016-06-21,775.3099365234375,58224500000,780.6060180664062,773.177978515625,0.00010706976975574546,0.012457271740029011,0.012476631185633283,0.009580735652749759,55817609500.0,1.0431206302376672,0.0046238562747769,-0.0012125487885489407,0.9984483435218824,bist100
2016-06-22,772.6708984375,44551030000,779.9949951171875,771.3920288085938,-0.003409655446718475,0.012280864956230235,0.012459406379413443,0.011134062802146067,54589067500.0,0.8161163405108541,0.002684243263466219,-0.0008607037151928587,0.9856701501061712,bist100
2016-06-23,779.8948364257812,59835770000,783.5079956054688,772.1110229492188,0.009305873443305876,0.012382829108049385,0.012370490393035718,0.014613473668426568,54171752000.0,1.104556670051949,0.008695632134001636,-2.9292243455508476e-05,1.00099743135653,bist100
2016-06-24,753.6559448242188,67221160000,755.2860107421875,740.1669921875,-0.03422312822952549,0.014553535148761823,0.013070243717726162,0.020060902668543046,55119965000.0,1.2195428643686548,-0.00017109761337666672,-0.0017361544716155408,1.113486134082105,bist100
2016-06-27,751.6080322265625,74129300000,759.0789794921875,748.8189697265625,-0.002721002950201697,0.014425393812176645,0.013013914716394771,0.013650745236490838,56414283000.0,1.3140165230851202,-0.00618816868267681,-0.0021955886389723777,1.1084592243411362,bist100
2016-06-28,769.2889404296875,61151130000,770.9340209960938,758.552001953125,0.02325167989496041,0.015384157885012757,0.01315896265814731,0.016095407579956568,56408577000.0,1.08407503348294,-0.0015592466576358779,-0.0005649125971226753,1.1691011126540227,bist100
2016-06-29,767.1159057617188,73559770000,773.8629760742188,763.551025390625,-0.0028287285377338873,0.015238006276412043,0.013101817139547195,0.013442493639021016,57153791500.0,1.2870496964317757,-0.0014430612758389604,-0.00021002217562109447,1.1630452565558151,bist100
2016-06-30,768.1679077148438,57670040000,773.6929931640625,764.9869995117188,0.0013704334124240256,0.015066407000098116,0.012928260054027382,0.011333451404189036,57782550500.0,0.9980528637274327,-0.0030301492820153297,0.00035606535894697547,1.1653855149212182,bist100
2016-07-01,779.516845703125,42726630000,779.52099609375,771.7760009765625,0.014665960084065439,0.014409776777129952,0.013077109629629954,0.009935635336015743,57155989000.0,0.7475442337285074,0.006747668380702855,-0.00012005990617564221,1.1019083868869965,bist100
2016-07-04,783.8728637695312,16693330000,783.8770141601562,780.0009765625,0.005572544468451138,0.01440528551189029,0.012912450634708722,0.004944727361803221,55599844500.0,0.30024058790308306,0.008406377864433422,-0.00013065166547029358,1.1156120491310009,bist100
2016-07-08,780.1908569335938,46842580000,783.4710083007812,776.4990234375,-0.004708265512483501,0.014389784157412704,0.012685216111996422,0.008936255534553994,54719190000.0,0.8560539730211649,0.00281438878294464,-8.842456087489108e-05,1.134374379621666,bist100
2016-07-11,792.3457641601562,54349740000,792.906005859375,786.260986328125,0.015459289325640078,0.014686427762289057,0.012863556569208498,0.008386514867399287,54267202500.0,1.001520946284268,0.0064719923556194325,0.0002545098927245644,1.1417081802589468,bist100
2016-07-12,811.4116821289062,85324680000,811.416015625,792.5009765625,0.02377768071114577,0.01515952859423269,0.012877699139799931,0.023311272784331236,55687200000.0,1.5322135068741112,0.010953441815363781,0.002159498254818425,1.1771923252485776,bist100
2016-07-13,813.212646484375,72195710000,816.3909912109375,809.1719970703125,0.0022170849733869277,0.014856595072871404,0.012881642528313673,0.008877129705045365,56852224000.0,1.2698836548593069,0.008463666793228079,0.0028036081941809517,1.1533152732826433,bist100
2016-07-14,825.8936157226562,64456120000,826.989990234375,815.9110107421875,0.015473337562727757,0.015007297147130656,0.013051513459593066,0.01341453582068606,57317993500.0,1.1245355265271106,0.010443825412083402,0.0038074273649306516,1.14985110298454,bist100
2016-07-15,828.2496337890625,53245270000,828.2540283203125,822.3410034179688,0.0028486283280442816,0.014646940923177159,0.012999420094345232,0.007139182030534615,56806031500.0,0.9373171931575611,0.011955204180188961,0.0044585506450686594,1.126738024994561,bist100
2016-07-18,769.5718994140625,129007510000,811.10302734375,754.2760009765625,-0.07348021358015944,0.02274466462894122,0.016040476138969688,0.07384238745002841,60568949000.0,2.129928158403409,-0.005832696400970942,0.0004701194855689407,1.4179544567061808,bist100
2016-07-19,761.7739868164062,112543900000,783.3820190429688,758.4979858398438,-0.01018447898670403,0.02234499180454825,0.01605600011820356,0.032665900429496096,63981527500.0,1.7590061443906602,-0.012625128340540904,0.0009984490817022997,1.3916910587970486,bist100
2016-07-20,749.0240478515625,84865050000,767.844970703125,745.9730224609375,-0.016878816850091412,0.022579473784299132,0.016164680755479298,0.02920059550147042,65419684500.0,1.2972402824718605,-0.016444308705236572,-0.0003510177861705723,1.396840069151717,bist100
2016-07-21,715.9462280273438,95813040000,741.9669799804688,715.375,-0.04516602599272044,0.023691027079866374,0.01707699404629653,0.03714242625977371,67720313000.0,1.4148345711278683,-0.028572181416326208,-0.003977536705621546,1.3873066311107733,bist100
2016-07-22,717.3801879882812,84469090000,728.0189819335938,704.2620239257812,0.0020008846879878343,0.023711987533994523,0.01707417966295896,0.03311627280150171,69032542500.0,1.2236126171942747,-0.0287417301443375,-0.0038828459597099415,1.3887629158217039,bist100
2016-07-25,741.736083984375,68773920000,743.6229858398438,723.9539794921875,0.03338754962781111,0.0251354912281815,0.01765654561093779,0.026517526614049138,70243687000.0,0.9790761695068768,-0.0073681775027433895,-0.0020429857059834616,1.4235792086426402,bist100
2016-07-26,736.8900756835938,68159740000,748.3159790039062,732.0869750976562,-0.006554767910475483,0.025008469137916683,0.017662708106332633,0.02202364293099588,70659885500.0,0.964617187215793,-0.00664223528749768,-0.0028360177736725294,1.415890982705555,bist100
2016-07-27,750.7530517578125,73023560000,750.7570190429688,737.5809936523438,0.01863804177533475,0.024300006941576604,0.017866093567041157,0.017550412029327975,70950005500.0,1.0292255720825843,0.0004611364375875518,-0.00019295927342951775,1.36011864319375,bist100
2016-07-28,752.43701171875,68085200000,759.2429809570312,748.8410034179688,0.0022405159617499876,0.02429816581040162,0.017875083184225832,0.013824383140459614,70647800500.0,0.963727101454489,0.009942444828481637,5.511667216806647e-05,1.359331621563806,bist100
2016-07-29,754.0509643554688,59035880000,756.1539916992188,744.739990234375,0.002142669944702068,0.0236883428932197,0.017764552833021936,0.015136909843487782,70542038000.0,0.836889345329093,0.009970801879824484,-0.0010003338253448506,1.3334612537607042,bist100
2016-08-01,767.1129150390625,61875980000,768.4329833984375,762.2329711914062,0.017174049303441605,0.024026929858771025,0.017432354175419502,0.008082268054000285,69957848500.0,0.8844751707880211,0.006728101814950582,-1.9493328607574078e-07,1.3782951870407847,bist100
2016-08-02,758.0349731445312,70915450000,768.385009765625,757.8829956054688,-0.011904483719426994,0.024170007630735735,0.017293161337251506,0.01385426072967464,70620119000.0,1.00418196689813,0.005658158653160281,-0.0006639407898786267,1.3976627615605883,bist100
2016-08-03,745.5180053710938,62355810000,758.1859741210938,741.4199829101562,-0.016650237304077678,0.024138979956012767,0.01738554441886327,0.022489049345752493,71601578000.0,0.8708720078766979,-0.0013994971627222046,-0.0022297506592857826,1.3884511968358055,bist100
2016-08-04,761.251953125,70436770000,761.2559814453125,742.551025390625,0.020885098715222126,0.024637170729447343,0.017605089387309595,0.024571307801447555,74288750000.0,0.9481485420066968,0.002329419387972223,-0.0014641229469472333,1.3994345718691286,bist100
2016-08-05,760.6529541015625,63869790000,767.4550170898438,751.1209716796875,-0.0007871701464702108,0.02462559484096073,0.01756270506581596,0.021473715867506283,75140110500.0,0.8500092636941224,0.0017434513697377671,-0.0012680681786465687,1.4021527292451077,bist100
2016-08-08,777.786865234375,68962880000,779.3410034179688,769.8070068359375,0.022275319949952726,0.024914741172304907,0.017805857411932045,0.012257852386281062,75870767500.0,0.9089519227547026,0.002763705499039991,-0.0009272666474309363,1.3992441136594223,bist100
2016-08-09,785.244873046875,101663200000,788.2490234375,777.1099853515625,0.009543074820542893,0.024369204738550927,0.017846304961423306,0.014185432427869616,76687693500.0,1.3256781546050802,0.007053217207033969,-0.00163899694196108,1.365504220130025,bist100
2016-08-10,779.5528564453125,72566640000,787.3300170898438,775.3200073242188,-0.007275114987088491,0.024382582241034168,0.017831418147226104,0.015406280236582689,76706240000.0,0.946033073710822,0.008928241670431807,-0.002113606939984851,1.3673944517322183,bist100
2016-08-11,790.331787109375,63122700000,790.6669921875,777.6329956054688,0.013732346636161557,0.024319515764527223,0.017899958815926667,0.01649180356227714,76639569000.0,0.8236306756892122,0.007497691254619692,-0.002200656486313161,1.3586352915454023,bist100
2016-08-12,782.2818603515625,62696360000,793.666015625,780.3079833984375,-0.010237730139044629,0.024352536591392547,0.017897849117983367,0.017075727948695264,77112123500.0,0.813054512757647,0.005607579256104808,-0.0028549744096676064,1.360640400467096,bist100
2016-08-15,784.7218627929688,47733920000,790.4140014648438,782.448974609375,0.0031142292483189657,0.01780337975169505,0.017896432472098826,0.01015012736757424,73048444000.0,0.6534556711433853,0.0017753611157780573,0.0009747477317563136,0.9948004877201729,bist100
2016-08-16,777.0668334960938,62351080000,789.1179809570312,776.3779907226562,-0.009802978620558693,0.017790994245053725,0.01794336652387586,0.016394973617721704,70538803000.0,0.8839259719221491,-0.00209384957244226,0.0009938227500635804,0.99150815547242,bist100
2016-08-17,781.473876953125,52177690000,785.9929809570312,776.02197265625,0.005655361035345823,0.017306492974698766,0.017891565608620756,0.012759234306918924,68904435000.0,0.7572471931596275,0.0004922456320446027,0.002120531644335442,0.9672989694294789,bist100
2016-08-18,779.704833984375,51187200000,788.8079833984375,776.6170043945312,-0.002266292402680734,0.013341635695376431,0.017882856247579685,0.015635376969011523,66673143000.0,0.7677334185370562,-0.0027074821757238554,0.004265518323837428,0.7460573138131738,bist100
2016-08-19,781.4518432617188,42846720000,782.14501953125,772.7410278320312,0.00223809695983575,0.013339621780983704,0.01732283488702577,0.012034000278209372,64592024500.0,0.663343815767843,-0.00021231675594777944,0.004277378937429824,0.7700599739003827,bist100
2016-08-22,779.5288696289062,45221750000,781.0239868164062,774.3679809570312,-0.0024638031587306867,0.011504553330914836,0.01727395754697599,0.008538498211802706,63414416000.0,0.713114664652908,-0.0013279232373577098,0.0024848112981027334,0.6660056503918435,bist100
2016-08-23,773.3319091796875,59394820000,782.927978515625,773.3359985351562,-0.007981389485284658,0.011567799689900415,0.017278811044888005,0.012403445230448918,62976170000.0,0.9431316639293879,-0.0009636054103029027,0.002413480219362275,0.6694789161041719,bist100
2016-08-24,761.1589965820312,71399590000,762.9089965820312,751.135986328125,-0.015866067254320257,0.011593656579558588,0.017397497642557803,0.015467215531541649,62894971500.0,1.1352193712338354,-0.005267891068236119,0.0006882747678795244,0.6663979393909015,bist100
2016-08-25,767.8948974609375,71829350000,770.0919799804688,764.427001953125,0.008810604359902713,0.01173220728325872,0.01741582420322772,0.0073772830709972585,63082179000.0,1.1386631080070966,-0.00305251171571943,0.0010167791877871608,0.6736521422330595,bist100
2016-08-26,771.1929321289062,60482040000,772.8460083007812,762.2009887695312,0.004285706965587752,0.011752799656265458,0.017385552035085714,0.013803315730428227,63154487000.0,0.9576839726368136,-0.0026429897145690295,0.001123931038831445,0.676009575798754,bist100
2016-08-29,761.1839599609375,39985660000,769.4959716796875,760.7559814453125,-0.013063515326663359,0.011522060117726997,0.017420142300822904,0.011482099852476554,62059971000.0,0.6443067786802543,-0.0047629321481555634,-0.00038794719267380343,0.6614216990169312,bist100
2016-08-31,759.6719970703125,55127150000,765.177978515625,758.719970703125,-0.0019883058375726108,0.011209520208533316,0.01737486172957534,0.008501047606605763,61270556000.0,0.8997331442528447,-0.0035643154186131543,0.00010786170141891575,0.6451573763866315,bist100
2016-09-01,758.5239868164062,47829060000,763.677978515625,757.3090209960938,-0.0015123350145794308,0.010507508277014422,0.01708107924668014,0.00839651432285265,60544218500.0,0.7899855871456991,-0.0006935689706649891,0.000864756815893828,0.615154822787714,bist100
2016-09-02,768.8389282226562,52597250000,769.7550048828125,759.7319946289062,0.013507069114335924,0.009878309780004098,0.0171581212841737,0.01303655406351066,59652242500.0,0.8817313112746767,0.0002457239802216533,0.000495855335849518,0.5757221094547017,bist100
2016-09-05,777.911865234375,50082930000,778.4550170898438,772.7969970703125,0.011731742581607814,0.010184616694596492,0.017214573136572976,0.007273343256985238,58962899500.0,0.8493973401019738,0.0017349311034256653,0.0011218009722534193,0.5916276060867818,bist100
2016-09-06,779.94384765625,52250220000,781.9520263671875,777.0269775390625,0.002608692907066433,0.008903584726404321,0.017180719011170652,0.006314619754902728,58127266500.0,0.8988934650832067,0.004869372750171623,0.0001384696201091046,0.5182312056099247,bist100
2016-09-07,776.4279174804688,46603410000,782.93798828125,774.7680053710938,-0.004518118659749201,0.008674081040216193,0.017090303821770236,0.010522525950210656,55374277000.0,0.8416075572417857,0.004363410185736305,-0.0005645900539055001,0.5075439928204694,bist100
2016-09-08,778.4308471679688,50388480000,781.947998046875,774.47900390625,0.00257635077979205,0.008551810370068587,0.01703584976502565,0.009594935976391683,54265369000.0,0.9285568481069391,0.005181147344610602,-7.201676556147303e-05,0.5019890694049984,bist100
2016-09-09,770.5308837890625,65452320000,777.5390014648438,770.2080078125,-0.010200422281911734,0.008185098878865017,0.01707790470791505,0.009514211314014837,54381850000.0,1.203569205534567,0.00043964906536107,-0.0012686552114651375,0.4792800416008582,bist100
2016-09-16,760.198974609375,57393200000,772.5540161132812,760.10400390625,-0.013499529035049435,0.008402816045228858,0.017117208385272056,0.016377307287777698,54116692000.0,1.060545238057049,-0.004606605257970379,-0.001431745156265378,0.49089874096869596,bist100
2016-09-19,776.703857421875,60862300000,777.4520263671875,765.1199951171875,0.021478934126718415,0.009811135604012807,0.01732204682379799,0.015877391533671403,54773111000.0,1.111171136508934,-0.0008325570140399835,-0.0005135099123454053,0.5663958597856764,bist100
2016-09-20,773.1309204101562,66970790000,777.14501953125,770.1409912109375,-0.00461074095452927,0.009619208747685296,0.017113496311915853,0.009059304362832584,55004096500.0,1.2175600411871141,-0.0008510814729959977,-0.00025389802904393416,0.5620831986849815,bist100
2016-09-21,779.1548461914062,68786230000,781.3610229492188,771.5750122070312,0.007761400833025045,0.009698503044219878,0.017093997748425467,0.01255977651942048,55834523500.0,1.231965918004118,0.00018592853765060126,-0.00014859603915997306,0.5673630701813571,bist100
2016-09-22,797.9547729492188,89969370000,798.97900390625,787.81201171875,0.02384211862523887,0.011059993243969802,0.01700613997776039,0.013994517692058043,57773632000.0,1.5572739134697295,0.006994436719080723,0.0011568245122360072,0.6503529465495049,bist100
2016-09-23,797.559814453125,67074560000,800.8709716796875,795.155029296875,-0.0004950860459435425,0.011062815156368673,0.01700654242086782,0.007166788345187423,58985024000.0,1.137145591396216,0.009595325316901902,0.0010201653619470424,0.650503487575116,bist100
2016-09-26,767.2529296875,88320580000,769.5239868164062,761.4829711914062,-0.03874032237676333,0.014194681659235835,0.01773908385874716,0.01048026708516458,61139965500.0,1.4445637853688353,-0.0024485259837944474,-0.0007936605989545896,0.8001924886462738,bist100
2016-09-27,771.6029052734375,65594690000,774.8350219726562,766.5189819335938,0.005653534364205167,0.014158683554000979,0.017712446469488007,0.010777616287117913,61449959000.0,1.0674488814549088,-0.0003956709200475599,-0.00011191440648009843,0.7993635197933359,bist100
2016-09-28,776.7738647460938,68242750000,778.4550170898438,772.1599731445312,0.006679225362574512,0.013729357358585312,0.01715838213320999,0.008104088243713219,61292117000.0,1.1134017446321849,-0.0006121060141376667,0.00101535022436464,0.8001545397460397,bist100
2016-09-29,770.763916015625,74584920000,778.572998046875,767.927978515625,-0.007767149880896448,0.013734388343809707,0.017186798719219566,0.013810998815666149,61429895500.0,1.2141469457651934,-0.006933959715364731,0.0001864625123246819,0.7991242911602197,bist100
2016-09-30,764.8799438476562,54387000000,767.7100219726562,761.7069702148438,-0.007663236400720441,0.013806387053504267,0.016952509621331328,0.007848358171891286,61125143500.0,0.8897647823108996,-0.008367589786320111,-0.0004109846559907277,0.814415526780277,bist100
2016-10-03,772.2499389648438,57534680000,774.447998046875,769.2410278320312,0.00958936739928351,0.01364198820210212,0.016994331397203116,0.00674259712059465,62002594500.0,0.9279398783868633,0.0012983481688892576,0.0007216594803066158,0.8027375648533772,bist100
2016-10-04,770.5739135742188,85607880000,775.4210205078125,768.9910278320312,-0.0021726732409204476,0.013643977947353805,0.016996037257415865,0.008344420389157045,63526631000.0,1.347590430224452,-0.00026689335213586526,0.0007124411101392239,0.8027740667254974,bist100
2016-10-05,778.5328369140625,92460280000,779.7080078125,764.8480224609375,0.01027559058485845,0.013796568966887291,0.01694141722797519,0.019087165816234933,65758192000.0,1.4060648139474394,0.0004523796923209224,0.0013018373901111178,0.8143692337678312,bist100
2016-10-06,778.94287109375,76501000000,786.0560302734375,778.4229736328125,0.0005265368661000301,0.013494189175328696,0.01692569634276338,0.009799250912852017,66953379500.0,1.142601024344111,0.0021111170417202176,0.0006528107776993231,0.7972605027324721,bist100
2016-10-07,779.755859375,60357840000,785.0040283203125,776.760986328125,0.0010431629141435382,0.013241615115752925,0.016915468432621008,0.010571311383020025,67467125000.0,0.894625938188414,0.0038523969046930138,0.00011838179432610935,0.7828110210780117,bist100
2016-10-10,778.348876953125,80806020000,785.0609741210938,776.8280029296875,-0.001806018262444323,0.013234711594904596,0.016794285848918438,0.010577481943103092,68894915000.0,1.1728880135783606,0.0015733197723474472,-0.00010235376414942845,0.7880484894662502,bist100
2016-10-11,776.431884765625,84521360000,778.89599609375,772.802978515625,-0.002465933726616542,0.013206599599166752,0.01649574510572046,0.007847459252609452,70790812500.0,1.1939594562500606,0.0015146676752082282,2.5548250720450716e-07,0.8006064299930844,bist100
2016-10-12,774.60888671875,82868060000,780.9959716796875,771.4650268554688,-0.0023506782282370522,0.013201969605987305,0.016492432645416152,0.012304202788831814,72414791500.0,1.1443526699928426,-0.0010105860874108717,-0.0002460959678942506,0.8004864952203768,bist100
2016-10-13,768.0989379882812,86779230000,776.02197265625,766.125,-0.008439689314128956,0.01313781079776425,0.01638081083518138,0.012885023226527357,73481137000.0,1.180972880155624,-0.0028038313234566687,-0.00015805931950511166,0.8020244498244203,bist100
2016-10-14,775.5379028320312,73852140000,776.7730102539062,767.5650024414062,0.009638306413836825,0.012918052188490644,0.01643268751183339,0.011873059690409873,74304084000.0,0.9939176425349648,-0.0010848026235180115,0.0009988324529392012,0.7861192625483926,bist100
2016-10-17,774.3718872070312,69714110000,776.7559814453125,769.9119873046875,-0.0015046241432523672,0.011989174738663677,0.013407754946479323,0.00883812319854431,74746674500.0,0.9326717270880057,-0.00102452379967962,-0.00015034546055933776,0.8941970364555221,bist100
2016-10-18,783.3998413085938,86747630000,784.6229858398438,777.9630126953125,0.011590986037637847,0.012217125268894841,0.013419260727323249,0.008501371577260481,75735516500.0,1.1454022367431798,0.0017868601531712575,0.000659740889049018,0.9104171621033703,bist100
2016-10-19,792.0947875976562,74607220000,792.7760009765625,785.4349975585938,0.011037847299185,0.012338727245012497,0.013291017887216787,0.009267834522978335,76026566000.0,0.9813309205626886,0.004464565258655668,0.0008235632123570159,0.9283508117824296,bist100
2016-10-20,792.519775390625,74577910000,795.4140014648438,790.6160278320312,0.0005363926510394525,0.011087475962083029,0.011834129153135337,0.006054074335807743,75256993000.0,0.9909764797538483,0.00625978165168935,-0.000341723086352955,0.9369067904033742,bist100
2016-10-21,788.4328002929688,54718540000,793.35302734375,787.1179809570312,-0.0051702805825601834,0.011140039015533716,0.011867139241952675,0.007908151949540795,74639192000.0,0.7331073466068604,0.0032980642524099483,-0.000575482813183787,0.9387299490134474,bist100
2016-10-24,799.32177734375,58762060000,800.6519775390625,792.0449829101562,0.013716411748497671,0.007137841113901289,0.011227839518706904,0.010767872054616615,73161266000.0,0.8031853904769772,0.006342271430759956,0.002047353893079263,0.6357270338615728,bist100
2016-10-25,794.3287963867188,73062550000,802.9089965820312,793.60302734375,-0.006266113006740364,0.007316283332440457,0.011224501658372073,0.011715512871512014,73534659000.0,0.9935797757626101,0.0027708516218843135,0.0014513715245319865,0.6518136443931499,bist100
2016-10-26,793.9747924804688,79252860000,796.6699829101562,790.2379760742188,-0.0004457635361315005,0.007221176557278939,0.01099142650355719,0.008101021464224537,74085164500.0,1.069753445711793,0.0004741294548210141,0.001095122079596686,0.6569826541570312,bist100
2016-10-27,787.3878784179688,63971010000,794.9249877929688,786.4119873046875,-0.008330729286293127,0.00725858241611556,0.01105465521831786,0.01081169868322801,73554469000.0,0.8697093578365714,-0.0012992949326455017,0.001066943109326852,0.6566086660113917,bist100
2016-10-28,783.3248291015625,31298180000,787.3670043945312,780.7139892578125,-0.005173522006100301,0.0071210244377963835,0.011079430965538713,0.00849330302008868,72400028000.0,0.4322951366814389,-0.0012999432173535252,0.0011914288290578588,0.6427247446141869,bist100
2016-10-31,785.3578491210938,51785190000,788.6110229492188,781.9650268554688,0.0025920107182861685,0.006853577241900636,0.010868406534356737,0.008462379412375693,72112553500.0,0.7181161598999541,-0.003524823423395826,0.0008415609950079919,0.6305963270913177,bist100
2016-11-01,774.2819213867188,73665030000,789.5700073242188,773.7650146484375,-0.014203425875016855,0.007617459068849334,0.010916436930662242,0.020412452156282974,71515411000.0,1.0300581227170742,-0.005112285997051124,0.00024002336330317147,0.6977971949302715,bist100
2016-11-02,771.7119140625,56175910000,776.1190185546875,771.5579833984375,-0.003324734721011156,0.007273724952350069,0.01069800512793065,0.005910282157287787,69701192500.0,0.8059533558195578,-0.0056880802340270546,-0.0004399929019903087,0.6799141396333439,bist100
2016-11-03,766.8099365234375,58700150000,775.5460205078125,766.1229858398438,-0.006372342550696362,0.0073881601037986645,0.010395405817542114,0.012288618364403179,68811150000.0,0.8530616041150307,-0.005296402886907701,-0.0007849368728301282,0.7107139666766293,bist100
2016-11-04,742.6680297851562,95416150000,759.9219970703125,742.3880004882812,-0.03198982170143134,0.010138403459312974,0.011191606853367182,0.02360946732432201,70564065500.0,1.35219178945975,-0.01065966282597391,-0.002436586103608872,0.9058934603535207,bist100
2016-11-07,756.8159790039062,69360540000,758.9990234375,752.0150146484375,0.01887098360536574,0.011204311341623923,0.011082806543796987,0.009228146580962255,69991791500.0,0.9909810638294635,-0.007403868248557996,-0.001402736010218369,1.0109633599888959,bist100
2016-11-08,763.6739501953125,76756090000,764.1329956054688,751.9340209960938,0.009020799895038345,0.011438894221218021,0.011075022765087036,0.015974061451559354,69603528000.0,1.1027614864579853,-0.002759023094546955,-0.0008283993291356246,1.032855142950862,bist100
2016-11-09,762.0859985351562,106105190000,762.5980224609375,745.0919799804688,-0.002081523027034118,0.011437167211861589,0.011041132421187268,0.022971216521649778,70765384500.0,1.4993939586380682,-0.0025103807557515473,-0.000814941569075478,1.0358690373022204,bist100
2016-11-10,763.5999755859375,83212160000,771.0800170898438,763.60400390625,0.0019846515907003454,0.011308205410067027,0.010889800243506303,0.009790483790753318,70587031000.0,1.1788590456510346,-0.0008389819274722061,-0.0002937245238340129,1.038421748535766,bist100
2016-11-11,751.738037109375,71061050000,764.2780151367188,751.7420043945312,-0.0156561515268453,0.01155081024061554,0.010993277716990667,0.016676036229843667,70447476500.0,1.0087096590322864,0.0024277521074450017,-0.0015584474208681191,1.0507157681246584,bist100
2016-11-14,744.18701171875,69261140000,754.9000244140625,742.9249877929688,-0.010095545267897792,0.01170737975425289,0.011048470639924335,0.01609143458905121,70424828000.0,0.9834761683763005,-0.0033655536672077047,-0.00198799347710039,1.0596380382229142,bist100
2016-11-15,751.5020141601562,64419740000,753.0980224609375,746.2869873046875,0.00978152629140916,0.011603450660055518,0.011069781937249987,0.009063229409786341,69308433500.0,0.9294646660856936,-0.0032134083879335417,-0.0020784664644118247,1.0482095063688408,bist100
2016-11-16,747.5870361328125,60575310000,754.1060180664062,743.9910278320312,-0.005223154591200721,0.01119866449916475,0.011055376544488611,0.013530184106319926,68606838000.0,0.8829340014183426,-0.003841734700766862,-0.002891516558931111,1.0129609293812405,bist100
2016-11-17,751.3580322265625,63851760000,756.885986328125,748.5650024414062,0.0050315440225645845,0.0113155822997498,0.011078408076841108,0.011074592311285311,68070530500.0,0.9380235401573667,-0.003232356214394015,-0.002666758990354854,1.0214086916877971,bist100
2016-11-18,756.385986328125,64297810000,757.8389892578125,744.9580078125,0.006669531004906322,0.011486136463849867,0.011112485732475336,0.01702964052499599,68549494000.0,0.9379764349536993,0.0012327802919563095,-0.0020747684109815286,1.0336244059492978,bist100
2016-11-21,755.4319458007812,55283740000,759.3770141601562,751.9349975585938,-0.0012621105143831783,0.010874345768648246,0.011110048473122284,0.009851339545448706,68375578000.0,0.8085304960785853,0.0029994672426592326,-0.0028236945241255714,0.9787847276234433,bist100
2016-11-22,758.115966796875,54922300000,762.1580200195312,754.1530151367188,0.0035466651398890197,0.01093207070604638,0.011078521599369822,0.010559077019093192,67468565500.0,0.8140428004208864,0.0017524950123552045,-0.0023330556167941024,0.9867806464960295,bist100
2016-11-23,750.3650512695312,56975590000,761.7340087890625,749.7689819335938,-0.01027654129838706,0.011062973123568898,0.010968631547011885,0.015945607854770557,66354702000.0,0.8586518857397627,0.0007418176709179366,-0.0028245945049068803,1.0086010343362035,bist100
2016-11-24,741.9271240234375,99277760000,758.6729736328125,741.0460205078125,-0.01130880039725242,0.01116059538201296,0.010994820843045462,0.023758334955338772,68120039500.0,1.4573943398843743,-0.0025262512130454643,-0.002973498060454845,1.0150775116151487,bist100
2016-11-25,743.6310424804688,55670530000,745.97998046875,737.5269775390625,0.002293978442133088,0.011207931687533318,0.010982901967429123,0.011367200193111243,69338657000.0,0.8028786885791572,-0.0034013617256001107,-0.002600123038043175,1.0204890948468395,bist100
2016-11-28,749.8980102539062,51865700000,753.3300170898438,749.072021484375,0.008392209771043034,0.011422341758531998,0.010919546801065392,0.0056780996178760965,69342682500.0,0.747962122751741,-0.0014704976685148683,-0.002310113085405332,1.046045405237656,bist100
2016-11-29,742.0510864257812,58991540000,751.2009887695312,741.9769897460938,-0.010519120527465668,0.011248827172790618,0.01099783609407683,0.012430409701125167,68609008000.0,0.8598220805058134,-0.004283654801985806,-0.002125897818027773,1.0228218602793113,bist100
2016-11-30,739.9481201171875,62868460000,745.6179809570312,736.31298828125,-0.002838014636994698,0.011246623348517195,0.011001457793519012,0.012575196047944001,68943635500.0,0.9118819967072957,-0.0027959494697073336,-0.00210156181382695,1.0222848243932372,bist100
2016-12-01,725.1951293945312,84385540000,740.9439697265625,723.3599853515625,-0.02013931315640678,0.011922752749826102,0.011136569302317474,0.024247245551250393,70227905000.0,1.2015955765731585,-0.004562052021538206,-0.0027899103441124708,1.070594760932797,bist100
2016-12-02,733.9050903320312,78014610000,735.4530029296875,717.9299926757812,0.011938952894801036,0.010179200559797983,0.011140607597646023,0.02387639830373508,69357828000.0,1.1248133375802944,-0.0026330571310046163,-0.0005934716143008521,0.9137024592759929,bist100
2016-12-05,735.9931030273438,66079610000,741.697021484375,730.1409912109375,0.002841032269022193,0.009144423637643348,0.011141913085410073,0.015701275223781775,69193781500.0,0.9549934772678959,-0.0037432926314087843,-0.0013949691811180292,0.8207229375732285,bist100
2016-12-06,754.3289794921875,72261300000,754.4609985351562,739.9130249023438,0.024607837377059908,0.01062345742662268,0.011609242597057558,0.01928598002771438,68969042000.0,1.047735301296486,0.0032820989494963316,-0.0006156173070169515,0.9150861770530376,bist100
2016-12-07,760.303955078125,75391280000,761.2379760742188,751.9409790039062,0.007889709042337581,0.010783807377364719,0.01165314378883398,0.012228000404597643,67433346500.0,1.118011842998182,0.005427643685362788,-0.00011705570354836637,0.9253989801188021,bist100
2016-12-08,759.2890014648438,79806220000,764.5850219726562,751.1690063476562,-0.0013358232016497423,0.010775304300285829,0.01158267129797413,0.01766918208892452,67263049500.0,1.1864793611535558,0.009188341676314193,-0.00028307944316587075,0.9302952680847021,bist100
2016-12-09,757.2689819335938,49901060000,761.77099609375,755.8480224609375,-0.002663954491654972,0.010174617111709288,0.011456290681677268,0.007821492460563895,66205050000.0,0.7537349492221515,0.006267760199022992,0.0003665304085936457,0.8881249083511964,bist100
2016-12-12,762.3919677734375,58260760000,762.39599609375,749.0889892578125,0.006742300310872241,0.009957683085588535,0.011140205670004075,0.01745428519505597,65655031000.0,0.8873769323176468,0.007048013807393001,0.0012084226875321473,0.8938509198623164,bist100
2016-12-13,769.9489135742188,65158190000,770.1610107421875,762.68701171875,0.009863349804054726,0.009961406895621172,0.011202038986702726,0.009707136267966236,65691953500.0,0.9918747506876927,0.004099116292791966,0.0012125138631644257,0.8892494399855031,bist100
2016-12-14,768.804931640625,48274050000,771.0919799804688,764.5859985351562,-0.0014868942786606964,0.009868967613228051,0.011156004358273647,0.00846246060288502,65076890500.0,0.7418001940335487,0.00222379562859231,0.0013993268787914268,0.8846328215987932,bist100
2016-12-15,776.7818603515625,81696990000,776.7860107421875,762.5579833984375,0.01032229258225731,0.010040865521032049,0.010792307179325665,0.018316631824165614,65969152000.0,1.2384120080852334,0.00455541878537372,0.0016638643067760632,0.9303724731137084,bist100
2016-12-16,775.8928833007812,62547020000,779.0419921875,774.2550048828125,-0.001145091271116037,0.009987731274174936,0.010792681269868102,0.006169649712886701,65881612500.0,0.949385080700628,0.004859191429481507,0.0012731331929749453,0.9254170510954963,bist100
2016-12-19,771.5739135742188,52974360000,779.3699951171875,771.5780029296875,-0.005582001435830224,0.01009161476135977,0.009580081480964255,0.010098827928752257,65766143500.0,0.8054959159951351,0.002394331080141015,0.0010571386469025931,1.0533955041417904,bist100
2016-12-20,778.0748291015625,51396500000,778.75,768.8369750976562,0.008390228681858949,0.010211903640397303,0.009613458138775646,0.012740451858326082,65589853500.0,0.7836044335729458,0.0020997068557018594,0.0012993168240010894,1.062250804339371,bist100
2016-12-21,776.19091796875,48443470000,782.0349731445312,775.5850219726562,-0.0024241826842749704,0.009889275221653733,0.009580271096646246,0.008309748313925364,65163247500.0,0.7434170618952041,0.0019122491745790047,0.0016919347547066942,1.0322542151354839,bist100
2016-12-22,774.0429077148438,54950120000,778.6710205078125,772.510009765625,-0.0027712098561836042,0.009474101947432834,0.009533326098315057,0.007959520952625546,62946865500.0,0.872960385930575,-0.0007064513131091783,0.002118814281760135,0.993787671766238,bist100
2016-12-23,769.7178955078125,42139670000,775.8880004882812,769.0260009765625,-0.005603230129613302,0.009629708796885657,0.009508678327187341,0.008914953844475222,62270322500.0,0.6767215634703032,-0.0015980790848086311,0.0017239538531728152,1.0127284219250812,bist100
2016-12-26,770.2808837890625,19184310000,772.572021484375,770.2849731445312,0.0007311542241450581,0.009502021846500482,0.009427345211728281,0.0029691095650636015,60636253000.0,0.3163835008076769,-0.0003354479528135749,0.0013409010758279165,1.0079212793310357,bist100
2016-12-27,766.9899291992188,35502920000,772.6589965820312,765.927001953125,-0.004281561309113411,0.009189486492283747,0.009439345256734332,0.008777161697461709,59461822000.0,0.5970708398407301,-0.002869805951008047,0.0016527790367455292,0.9735300746339024,bist100
2016-12-28,775.472900390625,43577400000,775.4910278320312,765.1430053710938,0.010999366150376902,0.0093530304274106,0.00945325262755073,0.013344144528744903,58497269000.0,0.7449475974681826,-0.00018509618407767242,0.0023446480761141093,0.989398125270868,bist100
2016-12-29,778.3548583984375,40515480000,779.5349731445312,774.5789794921875,0.0037094990693112223,0.007711919682661288,0.009465555082561453,0.0063672675757961185,56303766000.0,0.7195873895895347,0.0011110456010212928,0.00353708868740001,0.8147350699875049,bist100
2016-12-30,781.3828735351562,37037220000,783.718994140625,777.6539916992188,0.0038827283315818867,0.007456129253799489,0.00947801356904451,0.007761882998493147,54254896500.0,0.6826521178599981,0.0030082372932603305,0.003134277459239052,0.786676364143584,bist100
2017-01-02,777.5408325195312,31634560000,779.6909790039062,775.7009887695312,-0.0049291043295761035,0.0076715358632808905,0.009496850976377442,0.005131550739844617,52532644000.0,0.6021886124749404,0.0018761855825160981,0.0027457706293091367,0.8077978566119594,bist100
2017-01-03,766.1779174804688,71331900000,779.5189819335938,766.1820068359375,-0.014721749362628747,0.006759088462602343,0.009680437948994626,0.017407151515817777,52486174000.0,1.3590607690322407,-0.00021185202818696896,0.0007792912923247043,0.6982213509569901,bist100
2017-01-04,761.4319458007812,59723080000,770.2219848632812,758.3660278320312,-0.006213611293708398,0.006713763254975761,0.009707645569327327,0.015570606272345654,51702764000.0,1.1551235442654477,-0.003654447517004029,7.412527552240535e-05,0.6915954241457724,bist100
2017-01-05,763.8589477539062,80889000000,768.0859985351562,756.5679931640625,0.0031823490347152998,0.006739788103979977,0.009658016056799413,0.015078707142152278,51756903000.0,1.5628639913017979,-0.0037598775239232134,0.00030003388734065745,0.6978439530792712,bist100
2017-01-06,771.0618896484375,51223070000,771.5020141601562,761.4509887695312,0.009385493496501121,0.006994625829510867,0.009653753112342024,0.013035303035412272,51823003500.0,0.9884234131663171,-0.0026593244909393667,0.0009025062867484621,0.7245498976525985,bist100
2017-01-09,773.9398803710938,52043980000,776.3489990234375,766.364013671875,0.00372555437452522,0.006893866029655166,0.009664429856006403,0.012901499980560291,51512164500.0,1.0103240759762677,-0.0009283927501191017,0.0007516689899311111,0.7133236137433039,bist100
2017-01-10,773.9329223632812,77150610000,777.3319702148438,771.4169921875,-8.990412907663138e-06,0.006552079253193809,0.009543710107657458,0.0076427528231797865,52111785500.0,1.4804829514045341,0.002014159039825115,0.00025805197908299163,0.6865337671915145,bist100
2017-01-11,776.661865234375,82219660000,778.0689697265625,766.5029907226562,0.0035198695499766798,0.0065774988866914245,0.009442446873384988,0.01489191052326994,53809066000.0,1.527988982377059,0.00396085520856213,0.0005083901705148603,0.6965883922769143,bist100
2017-01-12,808.9057006835938,145450800000,810.9030151367188,778.9970092773438,0.04067727167980282,0.010986023330729924,0.010825466916717022,0.03944341822836917,56996756500.0,2.551913633892483,0.011459839737579636,0.002026139125392136,1.0148313615706464,bist100
2017-01-13,815.2386474609375,114489330000,816.4219970703125,803.5889892578125,0.007798541897563629,0.01103207278006207,0.010843015978743317,0.015741412471634447,59593872000.0,1.9211594440448507,0.011142449417792135,0.002473320783826119,1.0174358132174093,bist100
2017-01-16,817.1126708984375,83562460000,821.6010131835938,813.4500122070312,0.0022961040797504417,0.010868752722318296,0.010707493492504574,0.009975369697302887,61123277000.0,1.3671135466117106,0.01085655935883718,0.002867226059605152,1.0150604088554065,bist100
2017-01-17,823.6235961914062,97538400000,825.4089965820312,816.5709838867188,0.007936631377664547,0.010857088283277508,0.010715359548322104,0.01073064532898422,63430372000.0,1.5377239156030804,0.012445683716951622,0.0028445461943954324,1.0132266896240172,bist100
2017-01-18,827.7886352539062,101651760000,828.9520263671875,821.1939697265625,0.0050442255598355775,0.010794592172046943,0.010729677294795513,0.009372026034454296,66090786500.0,1.5380624952919875,0.012750554918923402,0.0032179666066009596,1.006050030720208,bist100
2017-01-19,822.9985961914062,91425540000,833.177001953125,820.2839965820312,-0.0058033554111223355,0.01090387546741089,0.010698558728163152,0.015665889869993413,67914557500.0,1.3461847263011322,0.0034544295007383707,0.003066359328854023,1.0191910653074472,bist100
2017-01-20,830.6676025390625,74100120000,832.6199951171875,819.9719848632812,0.009275222936402348,0.010788188696328437,0.010725837179491148,0.015226319426983397,69512580000.0,1.0659958240652267,0.0037497657085061144,0.0038102819821548054,1.005813207472188,bist100
2017-01-23,830.4736328125,74262520000,835.7559814453125,828.9979858398438,-0.00023353791154670113,0.01080482399973783,0.010724833650292639,0.008137519769991945,72266490500.0,1.0276204017406934,0.0032438373102466854,0.0037620473753702177,1.0074584233241706,bist100
2017-01-24,842.0745239257812,96562040000,842.6220092773438,828.802001953125,0.013872338571883674,0.010855947569506566,0.010665638121582308,0.016411857776897687,75319446500.0,1.2820333192437892,0.004430978749090511,0.004669742369420071,1.017843231296134,bist100
2017-01-25,831.2786254882812,84909810000,842.780029296875,828.1119995117188,-0.012903490496331592,0.011423354202218367,0.010808275476281963,0.017645142477397947,77386067000.0,1.0972234833952732,0.0008414355378570774,0.003474599537084647,1.0569081281547785,bist100
2017-01-26,838.2605590820312,77382440000,840.2529907226562,829.2260131835938,0.008363953790858693,0.01147568324567986,0.010799809080237756,0.013154594260211892,79229415000.0,0.9766882665989646,0.0036748973782532836,0.0037073222731620207,1.0625820475547911,bist100
2017-01-27,838.26953125,71039710000,842.093017578125,834.416015625,1.0703259095122617e-05,0.011505191983782352,0.00986868870104044,0.009158154587435985,80929539500.0,0.8777970372610362,0.0018219934427918382,0.0035137210195376823,1.165827835117484,bist100
2017-01-30,862.3704223632812,111707050000,862.7979736328125,836.5050048828125,0.028345217573272054,0.01257604721057135,0.010212712223387552,0.030489181989736484,84933164000.0,1.315234765067742,0.007537744539755589,0.00517743711468009,1.2314111017219949,bist100
2017-01-31,862.952392578125,106063240000,867.1710205078125,859.2509765625,0.0006746218526477705,0.011737092834489836,0.010174672081922456,0.009177845746102942,86669731000.0,1.2237633459367723,0.004898201195908409,0.005947255675443916,1.1535598140153691,bist100
2017-02-01,868.4754028320312,83129700000,869.2009887695312,860.0089721679688,0.006379739312535508,0.011382808710330549,0.01017525871081015,0.010584083983942486,87840062000.0,0.9463756981410145,0.008754847157681829,0.00657692320575611,1.1186751151828211,bist100
2017-02-02,873.9373779296875,111407270000,876.7509765625,868.1929931640625,0.006269459279345663,0.011355252057189416,0.010188905717255508,0.00979244464713355,89365975500.0,1.2466407866828466,0.008335948255379222,0.00673127871798763,1.1144721888984244,bist100
2017-02-03,883.8903198242188,95638610000,883.89501953125,870.4749755859375,0.01132425922044312,0.011387333474529415,0.009978473020159062,0.015182928972433339,91586752500.0,1.044240650415026,0.01059865944764882,0.006828217004184729,1.1411899848327591,bist100
2017-02-06,873.5743408203125,111407980000,895.3779907226562,873.39599609375,-0.011739749555303082,0.012111195331986931,0.010016391503583535,0.02516327872939182,94554952500.0,1.1782352701197751,0.002581666021933795,0.006054951807693314,1.2091375749094815,bist100
2017-02-07,874.7623901367188,90315940000,880.7529907226562,868.7730102539062,0.0013590625629899347,0.012078964745456828,0.009973990410651093,0.013695125217806426,95213219000.0,0.9485651356877242,0.002718554164002228,0.006123354456488194,1.211046356386894,bist100
2017-02-08,882.486328125,87010970000,883.864990234375,873.1640014648438,0.00879100112716334,0.012076674692222802,0.009953389189016257,0.012125954168907539,95452784500.0,0.9115603117895424,0.0032008065269277944,0.006386911035347527,1.213322865496873,bist100
2017-02-09,888.2973022460938,96619520000,890.051025390625,878.4650268554688,0.006563190308081778,0.008994410763524455,0.009961262030434686,0.013042928877370909,93011220500.0,1.0387942388090692,0.0032595527326750176,0.004681206966761475,0.90293887823087,bist100
2017-02-10,874.7283325195312,105808600000,893.7009887695312,873.1849975585938,-0.015393125756817451,0.010009094442118434,0.010219504579568668,0.0234541290686722,92577184000.0,1.1429230770294332,-0.0020839242627770965,0.003521623584042421,0.9794109258612305,bist100
2017-02-13,885.7783203125,75341400000,888.1400146484375,875.2860107421875,0.0125533554624954,0.010203887757140461,0.010290467529994326,0.01451153591308844,92166131000.0,0.8174521289170747,0.0027746967407826,0.004034486153179669,0.991586410179955,bist100
2017-02-14,880.8173217773438,100470890000,888.7059936523438,875.0469970703125,-0.005616465316731232,0.010379628294904656,0.010344829808861596,0.015507184343820184,92312755500.0,1.0883749429405778,0.0013795911648383666,0.00335683131845988,1.003363852928083,bist100
2017-02-15,878.8153686523438,77342050000,885.3989868164062,877.260986328125,-0.002275422592062068,0.010445832988378177,0.010228249935144157,0.009260193640856335,91097270000.0,0.8490051348410331,-0.0008336935790067151,0.002990848910864998,1.0212727548323206,bist100
2017-02-16,881.8643188476562,64168480000,884.6389770507812,879.9749755859375,0.003463382084363994,0.010238690156649069,0.010063417765581135,0.005288797114433956,89734417000.0,0.7150932958086751,-0.0014536552237502717,0.003454185785639314,1.0174167857432492,bist100
2017-02-17,888.29931640625,63240700000,889.9840087890625,880.697021484375,0.007270543555416482,0.010188393609496972,0.010079004067972368,0.01045479505968711,89191446000.0,0.7090444525364014,0.003079078638696515,0.003353951816590021,1.010853209383277,bist100
2017-02-20,885.872314453125,70997920000,895.8330078125,884.6790161132812,-0.002735928615715094,0.010249948358450672,0.010079787271384222,0.012590969959485004,89028216000.0,0.7974766112352515,2.1221823054415853e-05,0.003228832281381601,1.0168814164907551,bist100
2017-02-21,889.6463012695312,62671880000,892.8259887695312,887.197998046875,0.004251143825448514,0.009945376897377576,0.009928786392216692,0.006326099163931856,87333708000.0,0.7176138679466123,0.001994743651490365,0.0027477725440598435,1.00167094995355,bist100
2017-02-22,885.3082885742188,70556290000,890.9530029296875,874.6710205078125,-0.004888036412243697,0.00942960366258663,0.009952796969898588,0.018391313661026476,86616032000.0,0.8145869577585821,0.001472220887454039,0.003148545248264238,0.9474325349050811,bist100
2017-02-23,891.3792724609375,67073540000,892.7080078125,887.3660278320312,0.006834074429746755,0.009391196022631462,0.009488759892680778,0.005992937176697531,86100587000.0,0.7790137365730154,0.0021463593565305915,0.003072051280208641,0.9897179535415821,bist100
2017-02-24,882.580322265625,63898410000,892.4249877929688,878.927001953125,-0.00992020605253119,0.009814576814429111,0.00957610455674555,0.015293776100960181,85743522000.0,0.7452272604337387,-0.0012917905650589431,0.0025755058146273253,1.0249028460654785,bist100
2017-02-27,877.6493530273438,52302250000,885.4730224609375,877.0599975585938,-0.005602657659948985,0.007865226081439627,0.009641414242796152,0.009585861225014355,82773282000.0,0.6318735796896394,-0.0018651363739057216,0.0008781120529662737,0.8157751428755742,bist100
2017-02-28,874.7783813476562,84808970000,880.1339721679688,872.4500122070312,-0.0032765679199309155,0.007920038567541745,0.009242770449206553,0.008783893297751404,81710568500.0,1.0379192258342933,-0.003370678722981607,0.0006805525643373393,0.8568901079028358,bist100
2017-03-01,893.1982421875,97189860000,893.4409790039062,876.3889770507812,0.020837976152389276,0.009047250739159077,0.009518527494836409,0.019090948848447743,82413576500.0,1.1792942877560957,0.0017745237899449873,0.0014034644063300279,0.9504884809196603,bist100
2017-03-02,899.334228515625,83571990000,900.4329833984375,894.1740112304688,0.006846191513632386,0.009064479298378518,0.009518559009196797,0.006959561828642227,81021812500.0,1.0314751968798526,0.0017769472067221137,0.001432301018044364,0.9522953305873768,bist100
2017-03-03,897.2162475585938,80250780000,898.7979736328125,893.6530151367188,-0.002357831818763597,0.008790800224476036,0.009515650674005853,0.005734357252327569,80252421000.0,0.9999795520187484,0.0032894220534756325,0.0007481964660840283,0.923825445640842,bist100
2017-03-06,910.4451904296876,74303110000,914.3779907226562,900.6519775390625,0.014636788469442113,0.008797258266792805,0.009624670469359945,0.015076155410426973,78397177500.0,0.947777871212264,0.007337311279353852,0.0020670233673212883,0.9140321525603189,bist100
2017-03-07,908.1311645507812,79734610000,914.2219848632812,906.2130126953124,-0.0025448776142383022,0.008856902428579895,0.009607069617170732,0.00881917996056286,77868111000.0,1.0239700048714422,0.007483649340492375,0.0018718263584598764,0.9219150876922905,bist100
2017-03-08,894.84423828125,89550000000,909.6680297851562,891.364013671875,-0.014739154830862107,0.009433467846421788,0.009855285251353214,0.020454974542204393,77995062500.0,1.1481496024187428,0.0003682231438420981,0.0006953185605586039,0.9571988639422174,bist100
2017-03-09,890.0213012695312,68516030000,894.93701171875,886.4860229492188,-0.005404271238505834,0.009421219237942051,0.009853666142006614,0.009495265739681414,76589888000.0,0.8945832379334463,-0.0020818694065855457,9.694548322922314e-05,0.9561130955897702,bist100
2017-03-10,896.1092529296875,57810630000,899.2490234375,893.2429809570312,0.006816943164406577,0.008786891463984562,0.009860531690128368,0.006702355165771299,74189989500.0,0.7792241296920523,-0.0002469144099515114,0.0012074489292904246,0.8911174103097651,bist100
2017-03-13,894.292236328125,59354220000,896.7459716796875,889.2109985351562,-0.0020297315839804156,0.008392026891551895,0.009822379518036417,0.00842562737150565,73390630500.0,0.8087438354954588,-0.0035802184206360174,0.0004782945769666338,0.854378195847755,bist100
2017-03-14,891.3602905273438,64124490000,896.1010131835938,890.947021484375,-0.003283895821298412,0.008318755366261836,0.009818542285829422,0.0057821643548531445,71573310500.0,0.8959274002003862,-0.003728022062048039,0.0005949230517382747,0.8472495329849372,bist100
2017-03-15,894.4512329101562,67108110000,900.1380004882812,893.7260131835938,0.0034616704269747763,0.008313482298473396,0.009800279898540088,0.007168627051723855,71061613500.0,0.9443651318162091,-8.785701048066212e-05,0.000881777702690117,0.8482902921692905,bist100
2017-03-16,902.67822265625,74018320000,908.2869873046876,901.3779907226562,0.009155764701933784,0.008501825776980632,0.00981531290144507,0.007653886411151837,71554105500.0,1.034438478166707,0.0028241501776072615,0.0011663968335686064,0.8661798011277808,bist100
2017-03-17,904.9091796875,67695120000,908.43701171875,901.0230102539062,0.002468437389151625,0.008387401205082749,0.009756639210544354,0.008193089020717075,71776826500.0,0.9431333663100862,0.001954449022556271,0.0009262915252553636,0.8596608959382428,bist100
2017-03-20,909.0161743164062,59785590000,909.02099609375,901.3209838867188,0.004528302818906578,0.008377745132531096,0.009755987756145224,0.008470709789979011,71216210000.0,0.8394941264074569,0.00326605590313367,0.001289503096986447,0.8587285410699719,bist100
2017-03-21,906.0601806640624,92436010000,914.969970703125,904.4010009765624,-0.0032571591355902694,0.008406224972859597,0.009744345075248415,0.011664754673157017,72704416500.0,1.2713947026863217,0.0032714032402752988,0.000914087948934508,0.8626772664498743,bist100
2017-03-22,898.0862426757812,86769860000,901.822021484375,892.7739868164062,-0.008839626105742423,0.008594114526185852,0.009797068314501481,0.010074794867150846,73515095000.0,1.1802999098348441,0.0008111439337318584,0.0007165084642595716,0.8772128814764888,bist100
2017-03-23,897.63623046875,65308260000,901.9359741210938,896.0130004882812,-0.0005012046384468996,0.008474994740575224,0.009802947526068116,0.006598411953269193,73426831000.0,0.8894331828102455,-0.0011202499343442782,0.0003497445108498889,0.8645353571503281,bist100
2017-03-24,903.8222045898438,55966760000,903.8270263671876,896.573974609375,0.006867767043384865,0.008232177279079487,0.00981828460289236,0.008024865643906217,73030248500.0,0.7663503979450378,-0.00024038400349763023,0.0011891431656456918,0.8384537230316564,bist100
2017-03-27,896.9462280273438,66597820000,903.9030151367188,895.14501953125,-0.007636750906056092,0.00833245740991632,0.009858803099629,0.009764237065504175,73745027000.0,0.903082183426416,-0.002673394748490164,0.0010874385033403362,0.845179412319319,bist100
2017-03-28,901.812255859375,63122220000,903.385986328125,898.4639892578125,0.0054104425311564085,0.008319405619920762,0.009606214867539837,0.005457895519086865,72660689500.0,0.8687258603567202,-0.0009398744151408286,0.0015217890258947026,0.8660440906889034,bist100
2017-03-29,892.6922607421875,71720170000,895.0399780273438,888.1859741210938,-0.010164447682126041,0.007364328020282369,0.009681709569110105,0.00767790223761048,71387205000.0,1.0046642111846233,-0.0012048387304175521,-2.833216583106339e-05,0.7606433520561867,bist100
2017-03-30,892.8182373046875,56214120000,896.5079956054688,891.1290283203125,0.00014110985384499294,0.00718534673152064,0.0096868385810868,0.006024705881226973,70019311500.0,0.8028373715157139,-0.0010763758319591737,-0.00036358624882043306,0.7417638552943132,bist100
2017-03-31,889.4692993164062,65192110000,895.72998046875,888.8690185546875,-0.003758026537047121,0.00721256990335898,0.00967940149122561,0.007713545503296664,69266378000.0,0.9411797163697516,-0.0032015345480455705,-0.0004335959847346093,0.7451462685887329,bist100
2017-04-03,886.6903076171875,46118140000,890.697021484375,885.77001953125,-0.0031292164916106647,0.006294402121653926,0.009703685019352395,0.005556620965402662,67857129500.0,0.6796358811493787,-0.0023000276651564855,-0.0013218962327872482,0.6486610096165304,bist100
2017-04-04,886.1212768554688,51185110000,887.5289916992188,879.9769897460938,-0.0006419529139410483,0.006289322809539426,0.009706544605912148,0.00852253765977089,66429654500.0,0.7705159749099704,-0.0035105067541759765,-0.0012267499977723854,0.647946624147657,bist100
2017-04-05,890.3703002929688,63958180000,890.375,881.2990112304688,0.00478362137451026,0.005553749737412887,0.009710703517781917,0.010193499004341085,65150063500.0,0.981705566564797,-0.0005208929428487166,-0.00025061118750376715,0.5719204306096922,bist100
2017-04-06,886.7852783203125,58523800000,888.9600219726562,885.2760009765625,-0.004034567236319115,0.005494987638393507,0.008331604432573273,0.004154355159201299,64650452000.0,0.9052341969705022,-0.0013560283608815382,-0.00018212598739443113,0.6595353491471921,bist100
2017-04-07,884.9683227539062,59780690000,888.4080200195312,883.5120239257812,-0.0020510258336763902,0.0052529523914604135,0.008303025907099904,0.005532396999831923,64748955000.0,0.9232688002455021,-0.001014628220207392,-0.0006255244372985795,0.6326551850173829,bist100
2017-04-10,912.4002075195312,94548660000,913.4310302734376,887.3079833984375,0.03052686698488076,0.00870504921780344,0.009116550262673176,0.028631127721922302,66508677000.0,1.4215988689716381,0.005716588475090893,0.0010023054911444792,0.9548621975403803,bist100
2017-04-11,909.0401611328124,83949860000,918.3200073242188,908.364013671875,-0.0036894429880388684,0.008716024306381217,0.009108287168075291,0.010952204399789067,67499945500.0,1.2437026338043489,0.005107090460271329,0.0009820281328074567,0.9569334108097773,bist100
2017-04-12,909.5171508789062,74009580000,915.427978515625,909.52197265625,0.0005245803955494166,0.008696768371708387,0.009098378787483872,0.0064935618351647005,67845019000.0,1.0908623962504898,0.00425528226447916,0.0008351736312361885,0.9558591233497601,bist100
2017-04-13,898.7022094726562,70320880000,912.8469848632812,897.3560180664062,-0.011962122079187003,0.008912681995605538,0.009216933614248508,0.017237040961504753,67660147000.0,1.0393249662907176,0.002669771295905582,-0.00022072070781985084,0.9669899305586159,bist100
2017-04-14,900.6322631835938,50236470000,905.6599731445312,893.4749755859375,0.0021452981427214288,0.008907842079411681,0.009160341122371157,0.013529381587465783,66787214500.0,0.7521869324255168,0.0035090360911851455,-0.00023687767014136065,0.9724356288061338,bist100
2017-04-17,906.533203125,67589600000,909.9190063476562,900.5239868164062,0.006530626026087972,0.008975214573001598,0.009182147162959195,0.01036367945361902,67177415000.0,1.0061357675045997,-0.0012902121005734116,-0.0001367615097822909,0.9774635947033867,bist100
2017-04-18,913.733154296875,81023340000,919.822998046875,903.9719848632812,0.007910917753103536,0.009117152773185654,0.009077220419280557,0.01734752986586246,66606781500.0,1.2164428032001515,0.0010298600476550692,0.0004216423346523994,1.0043991830164527,bist100
2017-04-19,908.0361938476562,94765740000,918.8870239257812,904.343017578125,-0.006254336231470511,0.008996462549264657,0.008939664494845886,0.01601698968190726,67006575500.0,1.4142752303466097,-0.00032592327774891625,0.000550906828365995,1.0063534883721326,bist100
2017-04-20,920.3890991210938,77613690000,921.166015625,911.4810180664062,0.01351227558649706,0.009444747049497996,0.009031175821580603,0.010522720844740811,67621847000.0,1.14776057506977,0.004768956255387896,0.001251580839613193,1.0457937300843083,bist100
2017-04-21,924.234130859375,71967720000,929.093017578125,923.2650146484376,0.0041689134611586805,0.009379335576758213,0.009035056355922893,0.006305764670547678,68421895000.0,1.051822958133504,0.0051736793190753465,0.0011166381605018836,1.0381048227341303,bist100
2017-04-24,938.0230102539062,84944220000,938.0280151367188,927.7069702148438,0.014809051972654877,0.009616697249758135,0.008510367054478395,0.011002976269293517,69339215000.0,1.2250530958563635,0.006829364508388727,0.002238928304437432,1.129997941122593,bist100
2017-04-25,946.343994140625,93383170000,946.3489990234376,931.8820190429688,0.008831653231371561,0.009706093417663443,0.008563545602806567,0.01528723177834116,70852262500.0,1.3179984195988095,0.007013511604042333,0.0024099888394481894,1.1334199486813528,bist100
2017-04-26,945.218017578125,89969110000,950.3900146484376,942.843994140625,-0.0011905258072601212,0.00929283093066068,0.00854674417449687,0.007983365072903844,71764709500.0,1.2536678630323168,0.00802627368888441,0.0028586849331914857,1.0872948506391595,bist100
2017-04-27,942.8200073242188,76128500000,951.9650268554688,942.0700073242188,-0.002540215304719759,0.00935324559950285,0.008537536353388362,0.010495131047688174,72760428500.0,1.0462898799448384,0.004815775510641046,0.0027246186752632484,1.0955438679673382,bist100
2017-04-28,946.5479736328124,76338180000,949.6519775390624,939.4600219726562,0.003946262648813213,0.009230044714222025,0.008442795666206235,0.010767500275014934,73317732000.0,1.0411966916816249,0.004771245348171953,0.003109833134556265,1.0932450670536646,bist100
2017-05-02,943.5540161132812,72314030000,953.5880126953124,943.1199951171876,-0.0031680407087445912,0.009231429915733409,0.008292316723069225,0.011094243042115358,74627526500.0,0.9689994214132235,0.0011758268118920597,0.0031078919236995684,1.1132510037938579,bist100
2017-05-03,938.6220092773438,73587060000,946.6519775390624,936.5540161132812,-0.0052407618179915625,0.009385733570069695,0.008334972152578883,0.010758283234329521,75747624000.0,0.9714768083022643,-0.0016386561979805647,0.002877951478497043,1.1260665780587762,bist100
2017-05-04,930.3800659179688,78845190000,940.7310180664062,929.9979858398438,-0.008819676441044689,0.009727060284903706,0.008372201666031028,0.011536180341495866,76491974500.0,1.0307642143555857,-0.0031644863247374784,0.0021977865877192953,1.1618282350232694,bist100
2017-05-05,939.2789916992188,77815150000,941.0679931640624,931.1370239257812,0.009519375145435511,0.009742139317237816,0.008414798776749598,0.010572970678621637,77456542000.0,1.004629796150724,-0.0007525682347064244,0.0028754837068070264,1.1577388331799103,bist100
2017-05-08,938.322021484375,81506130000,945.3090209960938,937.1719970703124,-0.0010193542621554387,0.009717380901991438,0.008142409056207348,0.00867188847695275,78542814000.0,1.0377286711423404,-0.0017456916169001544,0.002927067285383074,1.1934282391012294,bist100
2017-05-09,953.2289428710938,83136110000,953.4749755859376,936.7329711914062,0.01576191208872901,0.007901387097787873,0.008228520453050586,0.017563466279260264,77972186500.0,1.0662277631524415,0.0020402989425945656,0.0021888195405754866,0.9602439640116062,bist100
2017-05-10,961.9368896484376,97104430000,961.9420166015624,949.68798828125,0.009093736572358924,0.007917867430157792,0.008240417109962338,0.012738910891327712,78629915000.0,1.234955296594178,0.004907198620664663,0.002827978518595376,0.9608576027766124,bist100
2017-05-11,951.1359252929688,92987320000,964.9099731445312,950.155029296875,-0.011291864101239597,0.008516988480794968,0.008390688488401257,0.015512970812359373,79578802000.0,1.1684935895365702,0.004412761088625681,0.0022371562937559255,1.0150523991646572,bist100
2017-05-12,949.9589233398438,78160620000,957.4240112304688,946.843994140625,-0.0012382360662918754,0.007890539045160898,0.00839226756787906,0.011137341657517957,79970789000.0,0.9773646224748389,0.0022612388462802044,0.002773350594400682,0.9402153805678813,bist100
2017-05-15,955.8729248046876,61100300000,958.2459716796876,952.1019897460938,0.00620623530164152,0.00792569840535961,0.008380420693131637,0.0064276137278909285,80513980500.0,0.7588781429083611,0.003706356759039596,0.0029763974523466866,0.9457399211301285,bist100
2017-05-16,961.60986328125,89454740000,963.5750122070312,957.1610107421876,0.005983840512605867,0.007913727025764827,0.0083862269976608,0.0066700662189107356,81607237500.0,1.0961618447138344,0.0017507424438149676,0.002949058176672581,0.9436576219523072,bist100
2017-05-17,957.2449340820312,114132290000,966.2919921875,953.9669799804688,-0.004549522698691374,0.007992628081069158,0.008411856218573521,0.012875505284183679,83262685000.0,1.3707495740739084,-0.0009779094103950922,0.002326036154082836,0.950162232138645,bist100
2017-05-18,951.4679565429688,93246300000,956.2839965820312,943.6370239257812,-0.006053288797466021,0.007981387046612876,0.0084275290833633,0.013292063667809769,83186713000.0,1.1209278097092261,6.980565035962314e-05,0.0023360885257830604,0.9470613471235421,bist100
2017-05-22,963.994873046875,91437680000,964.6849975585938,958.552978515625,0.013079966792074512,0.00795005019186105,0.008536161941766329,0.006361049435447128,83877912500.0,1.0901282265459336,0.002933446222032901,0.002314473086061933,0.93133778928941,bist100
2017-05-23,977.1697998046876,99576080000,977.7630004882812,961.4299926757812,0.013574457900393603,0.00833441741282673,0.008551359723458234,0.016714605604639613,85258330500.0,1.1679337305344022,0.004407090741783318,0.0027847503080236794,0.9746306648711801,bist100
2017-05-24,983.1328125,123345180000,987.948974609375,977.0070190429688,0.006083786299132414,0.007888302644149617,0.008515296066565517,0.011129681999507314,87178378500.0,1.4148597636511444,0.004427079899088626,0.002348487024347556,0.9263685704507998,bist100
2017-05-25,977.1238403320312,111520080000,982.2219848632812,973.93701171875,-0.006130820656427387,0.007950354136248327,0.008552548788139656,0.008478938700048478,88085224000.0,1.2660475268814666,0.004110820307541424,0.0016003633299576086,0.9295888668034926,bist100
2017-05-26,975.3278198242188,85096330000,979.8820190429688,971.7750244140624,-0.0018397597759256686,0.007963663519926471,0.008192440829409134,0.008312071555969223,87841585000.0,0.968747660917093,0.004953526111849495,0.0015679016315243315,0.9720745850661013,bist100
2017-05-29,977.2548217773438,58282780000,981.8179931640624,974.6170043945312,0.0019737987398666533,0.007904855629942751,0.008162300349634359,0.007368588631197154,86949299000.0,0.6703076467586012,0.002732292501407923,0.001793602333753652,0.9684592935001295,bist100
2017-05-30,973.4708251953124,86935540000,979.5809936523438,971.468994140625,-0.003879583306891791,0.007985964673988282,0.008176479034024282,0.008333068954676889,87479167000.0,0.9937856404142486,-0.0007585157400491558,0.0014023100359684018,0.9766997066532888,bist100
2017-05-31,975.4108276367188,99967010000,984.4439697265624,974.1339721679688,0.0019908885481844567,0.00791356129455543,0.007989273636781232,0.010569902718399476,88861816000.0,1.124971495068253,-0.0015770952902387475,0.001660256498814854,0.990523250840072,bist100
2017-06-01,973.65283203125,80498040000,978.7620239257812,969.2589721679688,-0.0018039391104410906,0.007792204622789989,0.007984038566952172,0.009760205532383737,89207365000.0,0.9023698884055145,-0.000711718981041488,0.0018320976341923776,0.9759728184485195,bist100
2017-06-02,988.6737670898438,70849430000,988.6790161132812,979.9299926757812,0.01530961100289399,0.007923059466257473,0.007911867197659291,0.008849252128184514,88807577000.0,0.7977858691043896,0.002718155174722444,0.0030385620063893117,1.0014146178542396,bist100
2017-06-05,981.914794921875,93059870000,992.781005859375,978.5960083007812,-0.0068598781130816576,0.008063193620270274,0.007936095996204193,0.014446261154179232,89569813000.0,1.0389646565411497,0.0009514198041327816,0.0022195993434634535,1.0160151318893915,bist100
2017-06-06,983.309814453125,84793900000,985.5659790039062,977.4010009765624,0.0014197051664298795,0.008030003917845507,0.00790692949115886,0.008303566086020281,89734201500.0,0.9449451667545067,0.0020112774987971153,0.002341552314892719,1.0155653881603803,bist100
2017-06-07,976.1597900390624,99794490000,987.8660278320312,974.697998046875,-0.007297950559562958,0.00764806267671136,0.007976275665418295,0.013489625284226585,90567120500.0,1.1018843201490545,0.00015350967724763273,0.0011885591824781208,0.9588513483642591,bist100
2017-06-08,979.7698364257812,75209360000,980.5020141601562,975.52001953125,0.0036913909756159675,0.0074469261124204015,0.007956771502790297,0.005084862223438782,89472367000.0,0.8405875749324928,0.0012525756944590442,0.0009184419026409729,0.935923082598124,bist100
2017-06-09,989.4237670898438,81532270000,992.77099609375,984.0399780273438,0.009805036934683722,0.007113010684070334,0.008024107018078019,0.008824346409311025,88899614500.0,0.9171273740450246,0.00015166088081699087,0.001973286954437139,0.8864551118330029,bist100
2017-06-12,994.415771484375,84313910000,997.072998046875,989.0059814453124,0.005032680147626717,0.007102198643756063,0.007976530008824182,0.008112317637039176,89207279000.0,0.9451460793911224,0.0025301725329586657,0.0022868327651330684,0.8903870023555513,bist100
2017-06-13,992.9917602539062,96232950000,1000.0079956054688,988.8800048828124,-0.00143303419295942,0.007085719730757962,0.007985337082664877,0.011206528762948602,90963911500.0,1.0579244934954233,0.0019596246610808056,0.0019048692904030215,0.8873413429396905,bist100
2017-06-14,996.357666015625,104299300000,999.2080078125,990.9550170898438,0.003383929368245026,0.007030582417809313,0.007979462826718174,0.008283160760592597,91706139500.0,1.1373208006427966,0.004096000646642403,0.0017748737331849795,0.8810846758090455,bist100
2017-06-15,987.36474609375,79480320000,992.6259765625,984.9190063476562,-0.009066774134512665,0.00731140332764864,0.008073223198840365,0.007805595900941733,89973541000.0,0.8833743689158572,0.0015443676246166757,0.0015490111613939146,0.9056362183444708,bist100
2017-06-16,981.9208374023438,63755490000,990.218994140625,979.302001953125,-0.005528829951790641,0.007283589597518245,0.00801291507857137,0.011117996249454011,88499000500.0,0.7204091530954635,-0.001522405752678197,0.0015752341036776839,0.9089812541501241,bist100
2017-06-19,993.3157348632812,80496230000,993.3209838867188,987.3599853515624,0.011537882632033517,0.007162546817580783,0.008112392101869646,0.0060011115559111,87951928000.0,0.9152298514706807,-0.00022136525579683695,0.001498129895675634,0.8829142782595587,bist100
2017-06-20,992.687744140625,72003860000,998.5289916992188,990.4180297851562,-0.0006324165594127798,0.006582869424701051,0.008088976754198226,0.008170708223142416,86573317000.0,0.8317096132518522,-6.124172908750889e-05,0.0007877861726853149,0.8138074350732314,bist100
2017-06-21,993.895751953125,68196940000,996.5189819335938,987.2319946289062,0.0012161663114269331,0.006465700732884826,0.007998557879867528,0.009344025554428068,83815905000.0,0.8136515378554942,-0.0004947943404511275,0.000544405173300041,0.8083583103348014,bist100
2017-06-22,1000.7166748046876,67768960000,1001.0679931640624,995.0789794921876,0.0068393732522462536,0.006411162634166746,0.008011876979525512,0.005984724570562056,81628349000.0,0.8302135328009635,0.002686435136900656,0.001192914868733723,0.80020732352114,bist100
2017-06-23,996.3817138671876,60543120000,1002.656005859375,996.010986328125,-0.004341266079184431,0.00649726374264242,0.007899781069548981,0.006669150425753142,80400688500.0,0.7530174321828103,0.0029239479114218985,0.0010678395535707848,0.822461241069984,bist100
2017-06-28,1006.1716918945312,80326240000,1006.177001953125,994.1859741210938,0.009777572965898805,0.006782593961735727,0.007962540856802187,0.011917476836834097,81502861500.0,0.9855634332544263,0.002571885978194956,0.0014580282648723926,0.8518127672703288,bist100
2017-06-29,1001.897705078125,81541600000,1009.905029296875,1000.0919799804688,-0.004256818291983931,0.0067987239310088945,0.007968903778134504,0.00979446231553256,81233164500.0,1.003796915975125,0.0018470056316807256,0.0014391665156177854,0.8531567352668493,bist100
2017-06-30,1004.398681640625,76950630000,1007.781005859375,998.2559814453124,0.00249312900576151,0.006801795901265368,0.007940768212897019,0.00948331035092963,80082345500.0,0.9608938089856521,0.002102398170547641,0.0014642785384966382,0.8565664831040168,bist100
2017-07-03,1005.2177124023438,67110200000,1009.5780029296876,1004.385009765625,0.0008151115899473219,0.0067606497739906525,0.007934536262326151,0.005166038262151205,79412953500.0,0.8450787565784215,0.0008975458380878546,0.001595231073516059,0.8520535479925637,bist100
2017-07-04,1012.0726318359376,84724190000,1012.4580078125,1004.4920043945312,0.006796191572386055,0.006086063370772569,0.00795030420053805,0.007870979974547995,80106691500.0,1.0576418575469442,0.003125037368401952,0.001169560101990662,0.765513270594185,bist100
2017-07-05,1007.4396362304688,72533530000,1014.156982421875,1007.4450073242188,-0.004588240246443955,0.005947956524728049,0.007957904610603136,0.006662409196813429,79080374500.0,0.9172127782475284,0.0002518747259333995,0.001283141995322547,0.7474274719004516,bist100
2017-07-06,1006.2647094726562,96915160000,1013.31298828125,1003.197998046875,-0.0011669308790508847,0.005972900304354895,0.007950854544147363,0.010052017266585717,79686437500.0,1.216206459223378,0.0008698522085200087,0.001153810193048509,0.7512274650718591,bist100
2017-07-07,1000.8386840820312,55399050000,1008.3870239257812,1000.843994140625,-0.005406835170210786,0.005845674130508244,0.007082357391005301,0.00753670886739826,77466665500.0,0.7151340469146694,-0.0007101406266744503,0.0012483659625161176,0.8253853636265711,bist100
2017-07-10,1010.9666137695312,53562880000,1011.8140258789062,1005.8909912109376,0.010068583932296043,0.006151853204228846,0.007132653064344604,0.005858783650514203,76384341500.0,0.7012285364795611,0.001140553841795294,0.0015672256103501214,0.8624915790424919,bist100
2017-07-11,1031.820556640625,111639160000,1035.5860595703125,1010.2319946289062,0.020417856201075585,0.007258076447708567,0.007525276112922503,0.024572164974066196,77889686000.0,1.4332983702104025,0.0038648867675332003,0.0020978665736697145,0.9644930416898462,bist100
2017-07-12,1038.092529296875,100478570000,1042.8330078125,1030.529052734375,0.006060149958871835,0.007283534331826352,0.007310989350329631,0.011852464718591861,78697919000.0,1.276762731172091,0.005994564808596359,0.0021492400642319706,0.9962446917663693,bist100
2017-07-13,1042.0965576171875,84462270000,1049.1510009765625,1037.7320556640625,0.0038496820221697813,0.007242458997805814,0.007313281316983227,0.010957665322885302,78109385000.0,1.0813331842261977,0.006997887388840491,0.0024133758749884304,0.9903159312341854,bist100
2017-07-14,1051.7513427734375,68960820000,1051.9969482421875,1043.0670166015625,0.009222115494216379,0.007399586669182653,0.007347027032901933,0.00849053505087717,76342461000.0,0.9033088414584906,0.009923677521725923,0.0027052851812869984,1.0071538645557372,bist100
2017-07-17,1062.1644287109375,79097030000,1064.02197265625,1051.97998046875,0.009852019937913447,0.007014729515396384,0.007375581026569959,0.011337220360612514,76323296500.0,1.0363418985709036,0.009880364722849404,0.0036512248849083035,0.9510748360198831,bist100
2017-07-18,1057.1773681640625,70831200000,1062.446044921875,1055.8599853515625,-0.004706243947041228,0.0069602715441384995,0.007347058704196771,0.006229852973252843,76677082000.0,0.9237597226248124,0.004855544693226043,0.0036923541851457747,0.9473548292410768,bist100
2017-07-19,1074.1693115234375,95471920000,1075.6400146484375,1061.4410400390625,0.015945133218102134,0.007283974131893749,0.007415068965099931,0.013218562899769819,77425866500.0,1.2330752539915069,0.006832541345072103,0.003912716714449206,0.9823204836228498,bist100
2017-07-20,1067.350341796875,93282050000,1077.498046875,1066.2850341796875,-0.006368368146314412,0.007579288663798623,0.00750096780811491,0.010505465971403064,78489776000.0,1.1884611570301844,0.004788931311375264,0.0036259191351041232,1.010441433383967,bist100
2017-07-21,1068.42236328125,79424180000,1071.865966796875,1060.508056640625,0.0010038723426463155,0.007582988869168379,0.007323494315401556,0.010630543263217114,79051138000.0,1.0047189959491791,0.003145282681061251,0.0036153044366650927,1.0354331610828313,bist100
2017-07-24,1067.099365234375,77466430000,1075.0830078125,1065.7490234375,-0.0012390398078995465,0.007617292252870982,0.007283510604910965,0.008747062062912864,79536011500.0,0.9739793150175754,0.0009270707318986528,0.0032113837836578027,1.0458270284847202,bist100
2017-07-25,1070.4012451171875,81911110000,1075.198974609375,1069.574951171875,0.0030894798281324164,0.0074078593592212805,0.0072726688021853125,0.005254126397138376,80604411000.0,1.0162112592076382,0.0024862154869333816,0.0035829210790236446,1.0185888510412224,bist100
2017-07-26,1072.0562744140625,86531380000,1075.8800048828125,1070.0810546875,0.0015449824428219927,0.007273028508354356,0.007247829363463859,0.005409184511775694,80914668000.0,1.0694152511383967,-0.00039381466812264644,0.0031712915528698043,1.0034767850658193,bist100
2017-07-27,1083.9112548828125,104177780000,1086.0550537109375,1078.0780029296875,0.010997475416739592,0.007252874545054357,0.00733424829826259,0.007359505444117232,82046477000.0,1.269741051769962,0.0030793540444881543,0.003934006238305981,0.9889049634128818,bist100
2017-07-28,1076.9912109375,93962580000,1082.988037109375,1075.77294921875,-0.006404794025246067,0.00761001973210224,0.007386555997292636,0.006699300623209734,82897074500.0,1.13348487346197,0.001597620770909678,0.0034891100867556015,1.0302527639256385,bist100
2017-07-31,1075.3082275390625,83369650000,1081.8380126953125,1073.8809814453125,-0.0015638936770282043,0.0076723536562661445,0.007338838578902108,0.007399767849084877,83710047000.0,0.995933618338549,0.0015326499970839467,0.003370159823406825,1.0454452123150433,bist100
2017-08-01,1061.4683837890625,101064470000,1079.988037109375,1060.9239501953125,-0.012954126523164263,0.00844074104955013,0.007463048264370309,0.017960108096682567,84527061000.0,1.19564632680178,-0.0016760712731753893,0.0023826439186293096,1.131004483764023,bist100
2017-08-02,1065.2484130859375,89629450000,1068.3909912109375,1059.760009765625,0.0035548064349740886,0.00828168988064608,0.007403344262523498,0.008102318050218214,85381857000.0,1.0497481918201896,-0.0012741064747449702,0.0027897962527002117,1.1186417363526995,bist100
2017-08-03,1071.5322265625,83386180000,1073.949951171875,1068.927001953125,0.005881587912823104,0.008254379263605019,0.007407705014212675,0.004687632433476813,84705408000.0,0.9844256933394383,-0.0022972839755282673,0.0031422221922939113,1.1142964315895254,bist100
2017-08-04,1085.447265625,82846910000,1086.4859619140625,1072.8690185546875,0.012902516833816388,0.008271625929019054,0.007327826354100983,0.012545006828622274,86077801000.0,0.9624654561052274,0.001564178196284223,0.00405768979249527,1.128796662108386,bist100
2017-08-07,1097.80517578125,94209020000,1099.47900390625,1091.051025390625,0.011320763374630822,0.008324090298059191,0.0073690417803230985,0.007677116761293508,88110108000.0,1.0692192092194461,0.004141109606616029,0.004120298764612009,1.129602809457028,bist100
2017-08-08,1096.3851318359375,110924520000,1103.218017578125,1094.342041015625,-0.0012943673469370095,0.0074574452541329266,0.007169070144530285,0.008095673960514995,88074376000.0,1.2594414520745512,0.006473061441861478,0.003034687587211379,1.040224897202695,bist100
2017-08-09,1087.1402587890625,103378950000,1093.1719970703125,1084.9720458984375,-0.00846789172099145,0.007844740152269561,0.0072904485808094706,0.007542680077921789,88219395000.0,1.171839253715127,0.004068521810668372,0.0023082855032182147,1.0760298307183926,bist100
2017-08-10,1077.998291015625,91839060000,1094.1519775390625,1078.0040283203125,-0.008444745582846072,0.00819162968130934,0.007400161416838242,0.014979568477364074,88588234500.0,1.0366959057074334,0.0012032551115345365,0.001693564122967422,1.106952837902995,bist100
2017-08-11,1069.6253662109375,111140950000,1075.3360595703125,1060.7550048828125,-0.007797425027588593,0.008252175761599338,0.007487891482788239,0.013631926792417258,90697241000.0,1.2254060738187174,-0.00293673326074646,0.0008425870968771735,1.10206935831908,bist100
2017-08-14,1095.3681640625,135935950000,1096.08203125,1079.0699462890625,0.023782067517116614,0.009539991343264545,0.007960728434516102,0.015530928795523051,93539187000.0,1.4532513522915267,-0.0004444724322493016,0.0015390894758373318,1.1983817086261954,bist100
2017-08-15,1069.12744140625,162396010000,1102.324951171875,1069.133056640625,-0.02424768917466406,0.011088347656530228,0.00860287182517949,0.031045779245542394,98117427500.0,1.6551189135080004,-0.005035136797794712,0.0005620172144561904,1.2889123401880838,bist100
2017-08-16,1068.6143798828125,141078130000,1079.2449951171875,1049.39404296875,-0.00048000327090854143,0.010480643598572483,0.008482618976751267,0.02793426020685876,100397738000.0,1.4051923161854503,-0.00343755910777813,-0.0002592396099943434,1.2355433654744248,bist100
2017-08-17,1068.2474365234375,113239910000,1076.758056640625,1064.1240234375,-0.00034344135887918374,0.010381929051778805,0.008342009203062443,0.011826879027430091,101395631000.0,1.1168125182829622,-0.0018172982629847526,4.200672937741803e-05,1.2445357945622364,bist100
2017-08-18,1072.018310546875,122656930000,1072.68603515625,1059.217041015625,0.0035237473948701494,0.010409470409647022,0.008324618967054305,0.01256414560097764,103557268500.0,1.1844357405004362,0.00044693622150699595,0.00016800048198860974,1.2504440684725355,bist100
2017-08-21,1086.143310546875,110830810000,1088.780029296875,1068.0030517578125,0.013090031398321033,0.010793559035785273,0.008397747209113423,0.01912913087739891,105225487500.0,1.0532696272849293,-0.0016914710022521203,0.0008844540422996386,1.2852922059944674,bist100
2017-08-22,1085.939208984375,108887370000,1092.4739990234375,1083.2550048828125,-0.000187931684238904,0.010783194082118034,0.008388438761299457,0.008489420093088883,106574300500.0,1.0217038206129254,0.0031204804958329113,0.0007205834666810727,1.2854828400091465,bist100
2017-08-23,1089.521240234375,98861380000,1092.4759521484375,1086.4510498046875,0.003293127658058637,0.010797304164027369,0.00839065643011533,0.005529862219532259,107190800500.0,0.9222935134251563,0.003875106681626346,0.0008079907274429049,1.286824726284134,bist100
2017-08-24,1091.533203125,96363710000,1101.33203125,1090.2760009765625,0.0018449456568571294,0.010533442992482964,0.008357316491299853,0.010128899644815833,106800097000.0,0.9022811093514269,0.004312784084773609,0.00035036423944878175,1.2603857953026556,bist100
2017-08-25,1097.545166015625,69847590000,1102.300048828125,1090.6099853515625,0.005492702399634866,0.010467616633557615,0.008370123949189663,0.010651100144698807,105594347500.0,0.6614709182231558,0.004706575085726552,0.0009452390606928283,1.2505927865705044,bist100
2017-08-28,1103.3941650390625,64284940000,1105.3079833984375,1099.31494140625,0.0053150150121100935,0.010493813183033924,0.008366230894855853,0.005431460653025416,104640112000.0,0.6143431880118783,0.0031515718084843642,0.0012891844951497433,1.2543059491086073,bist100
2017-08-29,1104.22509765625,94933280000,1104.23095703125,1094.447021484375,0.000752786198660707,0.009948033470934368,0.008185336201098547,0.008860453876335259,104333552500.0,0.9099017307974824,0.003339715385064287,0.001974530131240992,1.2153481819841745,bist100
2017-08-31,1100.09912109375,35230100000,1105.176025390625,1099.5400390625,-0.003743534046282654,0.010020609617160081,0.008138937711689428,0.00512316228606886,101613585000.0,0.3467065943987706,0.0019323830441960285,0.0016096131071781546,1.2311937960611408,bist100
2017-09-05,1088.7242431640625,98931280000,1104.39697265625,1087.363037109375,-0.010393694179736488,0.010312039722717872,0.008292059702276228,0.015645775919686317,102390840000.0,0.9662122119517722,-0.0005153449231226952,0.0007958490025501751,1.2436041337096435,bist100
2017-09-06,1096.1121826171875,103433130000,1098.7320556640625,1086.373046875,0.006762948040162124,0.010019915041437193,0.00823200479767009,0.01127531377267689,103420151000.0,1.00012549778621,-0.0002612957950172435,0.0004888705628674618,1.21719013626828,bist100
2017-09-07,1097.4241943359375,126283260000,1101.0439453125,1091.5789794921875,0.0011962526712522453,0.009694329468485438,0.00822926628930794,0.008624710361921487,105023863000.0,1.202424443290569,-0.001085048263188813,-1.735497230146703e-05,1.1780308386764704,bist100
2017-09-08,1084.51123046875,116084980000,1099.9720458984375,1081.1739501953125,-0.011836385695853331,0.010047577535021758,0.008349861504726951,0.017333242086391344,105281886000.0,1.1026111367343856,-0.0036028826420916203,-0.0005444558897472831,1.2033226574277562,bist100
2017-09-11,1094.5740966796875,108756970000,1098.6519775390625,1089.5780029296875,0.009235928137057137,0.01009253576864141,0.008397249828286091,0.008289959205959884,105550787000.0,1.030375737511081,-0.0010069902054236622,0.0003407351031551463,1.20188585251385,bist100
2017-09-12,1091.291259765625,103946140000,1097.35400390625,1086.9110107421875,-0.003003697709543881,0.009915024740371496,0.00840930303502713,0.009569391370645932,106156141000.0,0.9791816000545838,0.0004710090886148593,0.0006127874968202558,1.1790542806071571,bist100
2017-09-13,1081.54931640625,94567590000,1095.0179443359375,1081.5550537109375,-0.008967071716113478,0.009970536121906246,0.00851473643566358,0.012447782473511443,105327473000.0,0.8978435284401061,-0.002674994862640261,0.0005543051623940117,1.1709741337553463,bist100
2017-09-14,1082.436279296875,117548960000,1087.93505859375,1074.489990234375,0.0008197493939471771,0.008344548597294625,0.008404339558818629,0.012421117636696913,104408123500.0,1.1258602880646542,-0.002750295518101275,-0.0005938107437644603,0.9928857037360818,bist100
2017-09-15,1077.4112548828125,72755080000,1085.345947265625,1077.4169921875,-0.004653137224943303,0.006327771612050325,0.008392621870711974,0.007359265129439746,99926077000.0,0.7280890252501356,-0.0013136458239192692,0.0003859168537215775,0.7539683914668633,bist100
2017-09-18,1065.34033203125,90081890000,1080.739013671875,1065.345947265625,-0.011266868840610362,0.006844102152664293,0.008448677638600391,0.01444896615985667,97376265000.0,0.9250908319393848,-0.0054142052194527685,-0.0001534264247635135,0.8100796888491638,bist100
2017-09-19,1049.17236328125,104446620000,1067.33203125,1046.2039794921875,-0.015292680795512058,0.007636408223236371,0.008709551482518526,0.020137827202896627,96936600500.0,1.0774735183745174,-0.007872001836646405,-0.0009008883965951573,0.876785473805841,bist100
2017-09-20,1053.2314453125,77271590000,1055.926025390625,1045.7879638671875,0.0038613772084558694,0.007647070139319319,0.008717755008171582,0.00962567303564458,94667333500.0,0.8162434405105538,-0.005306312051732535,-0.0008840069059158712,0.8771834184547905,bist100
2017-09-21,1040.0064697265625,73354190000,1054.2640380859375,1038.3690185546875,-0.012636071093587093,0.007329901274804998,0.008856837844176738,0.015283577548733041,92793502500.0,0.7905099820970762,-0.00799747614923939,-0.0021703120305112773,0.8275979987173772,bist100
2017-09-22,1041.2235107421875,74769500000,1047.136962890625,1034.1180419921875,0.0011695402870141838,0.0073554643004451106,0.008832827799891018,0.012503483415542135,91087609000.0,0.8208525925847938,-0.006832940646847892,-0.0021024384319486234,0.8327417297250904,bist100
2017-09-25,1022.6965942382812,101941390000,1036.7679443359375,1017.52001953125,-0.01795361565451561,0.008037840529799938,0.009073820127731494,0.018820757703826737,91241609500.0,1.1172686514259702,-0.008170290009628942,-0.003164775597577335,0.8858276246004276,bist100
2017-09-26,1039.2874755859375,80682740000,1041.3680419921875,1024.0899658203125,0.01609250006531563,0.009070270830534962,0.009279661739045722,0.01662492484298806,90457561000.0,0.8919402547234278,-0.001893253837463403,-0.00245239787715441,0.9774355020259291,bist100
2017-09-27,1012.1776123046876,93969120000,1040.3570556640625,1012.1829833984376,-0.026431297026885427,0.010321241114938713,0.00991010022188241,0.027835107122626098,91663637500.0,1.0251515493261982,-0.007951788684531664,-0.004048597848480425,1.0414870570277852,bist100
2017-09-28,1026.5054931640625,80104190000,1029.3699951171875,1009.8720092773438,0.014056247119949811,0.010907071712500748,0.010071760703345171,0.018994526546315775,92454600000.0,0.8664164898231131,-0.002613325041824281,-0.0036115362430884394,1.0829359467285737,bist100
2017-09-29,1029.071533203125,79693750000,1033.199951171875,1022.4290161132812,0.002496662824171495,0.010950680785557812,0.01004036079590226,0.01046665339684186,91692623500.0,0.8691402531415191,-0.002347900534392819,-0.0035243424118128995,1.0906660635170677,bist100
2017-10-02,1039.301513671875,71698750000,1040.6309814453125,1028.8349609375,0.009891894405289646,0.011353371638285707,0.010095296125923284,0.01134995028164339,93516056000.0,0.7666998916207501,0.0032212014775682323,-0.0028425709892342848,1.1246199711895388,bist100
2017-10-03,1039.070556640625,96125070000,1044.8819580078125,1034.217041015625,-0.00022224801372161112,0.011224399219149485,0.010093358734499139,0.010263900679341537,93375745500.0,1.0294436685381,-4.1748138239216224e-05,-0.0023339986809335408,1.1120578901832197,bist100
2017-10-04,1045.4735107421875,100642130000,1049.115966796875,1040.9520263671875,0.006143285084736719,0.011198792980247455,0.010088261948099352,0.007808844839972916,93236195500.0,1.0794319680279103,0.0064731682840852124,-0.0023649818287048113,1.1100815024293982,bist100
2017-10-05,1043.3375244140625,86636430000,1050.47705078125,1042.0389404296875,-0.0020451702300441194,0.011167954313094737,0.010019123588189597,0.008087613216347544,91253854000.0,0.9494002302631515,0.0032528848140864265,-0.0025270529737696293,1.1146637941725128,bist100
2017-10-06,1041.3695068359375,73510650000,1042.3800048828125,1035.4410400390625,-0.0018880525016197777,0.010950936144683633,0.009676465590580541,0.006663307114525679,89125137500.0,0.8248026545821598,0.002375941748928172,-0.002029636314057952,1.131708271183614,bist100
2017-10-09,1012.974609375,111296930000,1012.97998046875,992.10302734375,-0.02764552021495166,0.012008298776150322,0.010286876460086884,0.02060955223535264,89252135500.0,1.246994588717712,-0.005131541175120089,-0.0038737087316583914,1.1673415951618125,bist100
2017-10-10,1033.9344482421875,85006680000,1035.760009765625,1021.97998046875,0.020480217622860498,0.013188048110204548,0.010622136815374054,0.013327759144017981,88305162500.0,0.9626467761723444,-0.0009910480478036673,-0.002699512965038173,1.2415626290104547,bist100
2017-10-11,1038.154541015625,108533130000,1047.364013671875,1027.865966796875,0.004073279313925456,0.013184228079495116,0.010565943403475407,0.018781449297447652,89003439500.0,1.2194262447576534,-0.00140504920196592,-0.002047495413536226,1.247804154918953,bist100
2017-10-12,1059.3173828125,78096080000,1059.322998046875,1045.864013671875,0.020180065095615242,0.01408574455403562,0.010813977929784292,0.012705337034370417,87030795500.0,0.8973384599247975,0.0030399978631659524,-0.001079479628452823,1.3025497782125204,bist100
2017-10-13,1062.2513427734375,80983740000,1065.9849853515625,1053.3990478515625,0.0027658418941837507,0.014084368340798275,0.01080240409777968,0.011848361111165377,87442228500.0,0.9261399370671346,0.003970776742326658,-0.0007085306724964702,1.303817947681958,bist100
2017-10-16,1064.7393798828125,79273410000,1070.0999755859375,1060.883056640625,0.002339491392859125,0.013874578194299384,0.010604713004257261,0.008656502351145248,86901804500.0,0.9122182267227834,0.009967779063888816,-2.8212660822995832e-05,1.3083407527133866,bist100
2017-10-17,1069.9034423828125,83856540000,1076.780029296875,1065.7099609375,0.004838348149105013,0.01343207275553195,0.010591962518571581,0.010346791982200313,85872300500.0,0.976526068496325,0.006839405169137719,0.0009783387864078577,1.268138244634138,bist100
2017-10-18,1069.2584228515625,84591420000,1075.7950439453125,1067.3070068359375,-0.0006030581988966248,0.013418728738899094,0.010591515140225298,0.007938246665140682,86238292000.0,0.9809032395957007,0.005904137666573302,0.0007551170160402331,1.2669319319514902,bist100
2017-10-19,1084.330322265625,77077980000,1084.5579833984375,1072.3289794921875,0.013997236496162265,0.013341164026534106,0.01074255947450774,0.011277932245497327,86424481500.0,0.891853542679339,0.004667571946682708,0.002086782395527701,1.2418980838032962,bist100
2017-10-20,1084.8812255859375,99393690000,1092.72998046875,1079.177001953125,0.0005079295587397151,0.013344377982056085,0.01073623115937782,0.012492591996239148,87655691000.0,1.1339102899776354,0.004215989479593901,0.0020537018591139772,1.2429294585744939,bist100
2017-10-23,1073.0272216796875,74747270000,1081.675048828125,1073.032958984375,-0.010986678475234688,0.01287737286324545,0.010831567623425823,0.008053933459602178,86295985000.0,0.8661732060883249,0.0015507555059751377,0.0024020487180780236,1.1888743449650898,bist100
2017-10-24,1072.0572509765625,80325410000,1079.948974609375,1071.343017578125,-0.0009043660346239998,0.012481074415810098,0.010735589661675307,0.008027516276216246,86278118500.0,0.9310055828350036,0.000402212669229335,0.001552205413081042,1.1625886242994132,bist100
2017-10-25,1083.542236328125,78897810000,1084.8570556640625,1075.60498046875,0.010656055632902056,0.010738022082249186,0.010793793613800397,0.008538730549780552,85524553000.0,0.9225164848274624,0.0026540354355890717,0.0034065730460704166,0.9948330000047524,bist100
2017-10-26,1073.34228515625,81394710000,1088.4749755859375,1073.3480224609375,-0.009458111556080015,0.01079774719528947,0.010862328058243937,0.014093317047318152,85589079000.0,0.9509941098910528,-0.002037034174859385,0.002230855112268925,0.9940546020514034,bist100
2017-10-27,1078.834228515625,94720420000,1080.758056640625,1069.321044921875,0.005103629042707235,0.010816843366875181,0.010747742757837861,0.010601268866382057,86340412500.0,1.0970577653888323,-0.001117894278065881,0.002361203423195712,1.006429313633035,bist100
2017-10-30,1084.6622314453125,79660550000,1090.748046875,1082.9449462890625,0.0053875909987115955,0.010698035200021893,0.010759833175949432,0.00719403733228534,86738502500.0,0.9183989543743852,0.002156959616723376,0.0021359882528668096,0.9942566046408906,bist100
2017-10-31,1101.420166015625,121183160000,1101.426025390625,1084.928955078125,0.01533177601465085,0.011076248507192217,0.010911010788391025,0.014977999151929428,87991407000.0,1.3772158456336538,0.005404188026578345,0.0029136894542854327,1.0151441256915446,bist100
2017-11-01,1130.237060546875,193596530000,1135.01904296875,1102.2550048828125,0.02582699169919996,0.012196200994776677,0.01128211549181861,0.028988642497782133,92639127000.0,2.0897922537633584,0.008438375239837927,0.0038978747850085945,1.081020753919859,bist100
2017-11-02,1129.9429931640625,179367350000,1145.39794921875,1126.0970458984375,-0.0002602158920825994,0.012156890370925625,0.011195613330903843,0.017081307142996813,97275673000.0,1.8439075718345326,0.01027795437263741,0.003987122501906671,1.085861936421859,bist100
2017-11-03,1112.922119140625,135935650000,1134.886962890625,1105.760009765625,-0.015178086897122167,0.012839015386084672,0.011374967697372422,0.026171600531662734,100396923000.0,1.3539822331009088,0.00622161118467153,0.003322620782131551,1.1287078546210236,bist100
2017-11-06,1141.65087890625,119156530000,1150.9329833984375,1117.6729736328125,0.025486258228027258,0.011523472109226851,0.011771618539325316,0.029133258144109258,100789903000.0,1.1822268546086407,0.010241344630534662,0.005979209704280497,0.9789199395758973,bist100
2017-11-07,1122.7130126953125,119433360000,1146.655029296875,1122.718994140625,-0.016727265303293416,0.012050557350989623,0.011929553710709855,0.02131981627146766,102511237000.0,1.1650757857892204,0.0038295363669458085,0.004118835557972801,1.0101431824872993,bist100
2017-11-08,1118.93896484375,131510980000,1130.1810302734375,1107.5870361328125,-0.003367205485281573,0.012166332776512202,0.01188985479677187,0.020192338322743145,103660129500.0,1.268674664351061,-0.0020093030699504986,0.00374681131801245,1.0232532679722377,bist100
2017-11-09,1102.4591064453125,112460050000,1124.9840087890625,1099.1949462890625,-0.014837647475260165,0.012196616615798775,0.011665161798885333,0.023392307568806198,105378328000.0,1.0672028313070216,-0.004924789386586012,0.0019959256894686796,1.045559146634745,bist100
2017-11-10,1089.48828125,94590790000,1106.6199951171875,1087.1259765625,-0.011835116727451479,0.012579091349339697,0.011331197265530784,0.017892820776669094,106058680500.0,0.891872212194833,-0.004256195352651875,0.0012658777583869178,1.1101290582597987,bist100
2017-11-13,1088.5902099609375,97872340000,1098.887939453125,1080.1099853515625,-0.0008246455245576524,0.01258477421239948,0.01133169414530001,0.01724979145479943,106988627000.0,0.9147919993402663,-0.009518376103168856,0.001107670912516079,1.1105818821997773,bist100
2017-11-14,1101.4791259765625,108431110000,1106.864990234375,1081.60400390625,0.011770462798041845,0.012786771052515576,0.01142739180965009,0.022933695003733105,108217355500.0,1.0019752330761769,-0.003818830482901804,0.0014542766449629208,1.1189579621937467,bist100
2017-11-15,1077.1593017578125,112568230000,1107.052978515625,1077.10302734375,-0.022326636805479232,0.013849249057246844,0.011793314271026083,0.027804569967505993,109616196000.0,1.026930637147817,-0.007610716746941336,0.0003680977146337902,1.1743305349940347,bist100
2017-11-16,1069.7613525390625,102436960000,1089.281982421875,1068.1519775390625,-0.006891711144338453,0.013551784274850593,0.011701464644116028,0.019752073518697184,110884145000.0,0.9238197219268814,-0.006021529480756993,-0.0006763496673912458,1.15812718211006,bist100
2017-11-17,1062.389404296875,91856710000,1076.863037109375,1056.2430419921875,-0.006915062262428355,0.013619124055588816,0.011733013594405373,0.019409074519935093,110507296000.0,0.8312275598526997,-0.005037518587752368,-0.0010474992584496492,1.1607524312494442,bist100
2017-11-20,1039.113525390625,93030870000,1063.9930419921875,1036.0059814453125,-0.0221525560858803,0.014261712748389159,0.012054014191695137,0.026933592781745445,111421476000.0,0.8349455898430209,-0.009303100700016897,-0.00160579313898193,1.183150485936466,bist100
2017-11-21,1052.67236328125,104646950000,1054.404052734375,1030.1650390625,0.012964068514887893,0.01463000657376768,0.01218001707416926,0.023026170836593807,112637553000.0,0.9290591566739735,-0.009064379556647687,-0.0009123714115063352,1.2011482812117094,bist100
2017-11-22,1059.63037109375,108933100000,1061.4510498046875,1036.7740478515625,0.0065881020422257595,0.014488300071089612,0.012190127364618823,0.02328831130770007,114139317500.0,0.954387168120223,-0.0032814317871066893,-0.0011157690910401498,1.1885273744670715,bist100
2017-11-23,1050.25537109375,87758000000,1069.468994140625,1046.572998046875,-0.008886795632378038,0.014471539756684509,0.012211466383135562,0.02180040847580318,114457482000.0,0.7667301295340395,-0.0036804486847146073,-0.001087203294855051,1.1850779671039493,bist100
2017-11-24,1045.3885498046875,71971650000,1052.906005859375,1043.0489501953125,-0.004644710859503518,0.014416112594036794,0.01221954228021622,0.009429083249385234,113320043500.0,0.6351184466320824,-0.0032263784041296393,-0.001574620289965589,1.1797588046629932,bist100
2017-11-27,1047.5914306640625,90906960000,1055.58203125,1040.6689453125,0.0021050193440597114,0.01435121550349929,0.012219904009410018,0.01423559366846546,113882364000.0,0.7982531869464881,0.0016251366818583629,-0.0017387488726981833,1.1744131126110353,bist100
2017-11-28,1020.674560546875,107686990000,1061.8070068359375,1020.6799926757812,-0.026029911067781325,0.014736829311684367,0.012588802687064048,0.04029395436104579,113207555500.0,0.9512350083382907,-0.006173659234675481,-0.003806833226819792,1.1706299382091023,bist100
2017-11-29,1023.41259765625,86536610000,1030.89599609375,1014.906982421875,0.0026789843436484133,0.013105682501269285,0.012556701491902971,0.0156232331988994,107854559500.0,0.8023454029312502,-0.0069554827743909505,-0.004964233594597369,1.043720160881448,bist100
2017-11-30,1039.8385009765625,104715960000,1042.60595703125,1025.9090576171875,0.015922686647953224,0.013887633083543535,0.012745719428973032,0.01605720445855932,104121990000.0,1.005704558662392,-0.0019935863183246976,-0.004155088467595577,1.0895919340555036,bist100
2017-12-01,1035.58447265625,71797430000,1042.095947265625,1030.9510498046875,-0.004099438362115394,0.013643622918473302,0.012672108014946391,0.010761939518416202,100915079000.0,0.7114638437730401,-0.001884531818847073,-0.0036011560408452394,1.0766656109923491,bist100
2017-12-04,1052.1434326171875,74980130000,1052.7490234375,1033.5059814453125,0.015863472603413555,0.012700983550267896,0.012789144385639597,0.0182893713876261,98706259000.0,0.7596289309272678,0.0008671588330236956,-0.004082295322075924,0.993106588469617,bist100
2017-12-05,1062.5943603515625,102990590000,1067.6600341796875,1052.2060546875,0.009883979802042465,0.01270047312929968,0.012857140387624894,0.01454363025893955,97884120500.0,1.0521685179773363,0.008049937006988453,-0.0027517330668091304,0.9878147664564659,bist100
2017-12-06,1053.0333251953125,85915080000,1067.251953125,1050.7869873046875,-0.009038547105878328,0.01277801433204348,0.012857946735978964,0.015635750005593262,95604325500.0,0.8986526451671897,0.005706430717083106,-0.003035300147838968,0.9937834239341016,bist100
2017-12-07,1064.4693603515625,76876220000,1067.8609619140625,1051.60205078125,0.0108015412911474,0.01281768871042311,0.01293891247655779,0.015274193639019037,93825134000.0,0.8193563571142888,0.00468220164572194,-0.0017533407095185899,0.9906310699330946,bist100
2017-12-08,1079.207275390625,89337340000,1081.822021484375,1066.2530517578125,0.013750345554166155,0.013033481216401752,0.013051108968512498,0.014426301676781437,93562461500.0,0.9548417021927111,0.00825215842897825,-0.00047406759543770804,0.9986493291755302,bist100
2017-12-11,1091.5592041015625,91166070000,1093.4169921875,1084.5760498046875,0.01138036922756963,0.01329922369716794,0.01304641004366726,0.008099370468951593,93227148000.0,0.9778918690079418,0.007355537753809464,0.00013618314216865606,1.0193780245028705,bist100
2017-12-12,1090.4892578125,88956720000,1094.636962890625,1082.6669921875,-0.0009806806709272945,0.013014726490193976,0.012884363803284461,0.010976697493688774,92253428500.0,0.9642646506086221,0.005182605659215513,-0.0005013740312798009,1.010117898632782,bist100
2017-12-13,1081.5262451171875,87192710000,1095.926025390625,1078.5169677734375,-0.008253222465469992,0.012122456360649335,0.012927935769458831,0.016096750028753267,90984652500.0,0.958323273257542,0.00533967058729718,0.00020229668572066114,0.9376946619186974,bist100
2017-12-14,1096.6580810546875,105890690000,1099.5849609375,1080.4549560546875,0.013894213806674894,0.012370733564709947,0.01292675827660243,0.01744391001470087,91157339000.0,1.161625505544869,0.0059582050904026795,0.0012415929332713284,0.9569865313487842,bist100
2017-12-15,1093.296142578125,82366340000,1100.5069580078125,1089.27294921875,-0.003070330038266625,0.012266746849423426,0.012936755775663967,0.010275357564668018,90682820500.0,0.9082904517730567,0.002594069971916123,0.0014338295444794149,0.9482088911734013,bist100
2017-12-18,1102.47314453125,88980410000,1108.365966796875,1097.864013671875,0.008358852125626098,0.011012145295516708,0.012734190042492276,0.00952581310220053,90480297500.0,0.9834230485371691,0.001989766551527417,0.002959399955054735,0.864769982132406,bist100
2017-12-19,1101.76513671875,110867800000,1111.6739501953125,1101.77099609375,-0.0006424058985557147,0.010779371970033778,0.012586038159607531,0.008988262354221187,90791340000.0,1.221127477576606,0.002057421506001733,0.0022790762343825543,0.8564547344714161,bist100
2017-12-20,1104.5411376953125,104403120000,1107.8570556640625,1096.282958984375,0.0025164252793455216,0.010732052447230618,0.012061646216735446,0.010478647000724216,90564841000.0,1.1527996830469784,0.004211351054964835,0.002075492396238543,0.8897668074810529,bist100
2017-12-21,1112.714111328125,103988500000,1118.614990234375,1107.8499755859375,0.007372187439906034,0.010470579177435787,0.01197384020208618,0.009674555700195516,91376366000.0,1.1380240269130422,0.0029069457816110634,0.002888441549852746,0.874454561003037,bist100
2017-12-22,1110.9891357421875,81815310000,1121.5670166015625,1110.0579833984375,-0.0015514443613000764,0.010375866037939609,0.01197863932231165,0.010359267100696247,91868549000.0,0.8905693068037899,0.003210722917004373,0.0030431048747629184,0.8661973834217811,bist100
2017-12-26,1120.06103515625,74296450000,1122.6109619140625,1116.64794921875,0.008132447697623208,0.010434553519780027,0.01195932926043933,0.005323828352336756,91038023500.0,0.8161035042681919,0.003165442031403795,0.0033444762924410933,0.8725032393160075,bist100
2017-12-27,1121.490966796875,75658220000,1122.260986328125,1114.458984375,0.001275840875737642,0.007856819536068874,0.011957773053839429,0.006956812122534111,89436585000.0,0.8459426307478086,0.0035490913862624663,0.004709763889617041,0.657047052213973,bist100
2017-12-28,1144.7989501953125,88672490000,1145.4239501953125,1125.1409912109375,0.020570011866387787,0.008597066844520997,0.012199972830412471,0.017717485660617135,89543379000.0,0.9902741106073292,0.007159808703670919,0.00560431526575401,0.7046791795380037,bist100
2017-12-29,1153.3238525390625,81893700000,1158.4019775390625,1143.782958984375,0.0074190477863663295,0.00826371421749467,0.012214367366001861,0.012675553811276405,88402266000.0,0.9263755750333368,0.007169180772962978,0.0051791333226746655,0.6765568751842478,bist100
2018-01-02,1175.2357177734375,153932820000,1177.241943359375,1156.260986328125,0.018820658321580204,0.008495271907567254,0.012403237107651373,0.017852552227564888,92509035500.0,1.663976055614589,0.011243601309539036,0.006325138156859445,0.6849237689995177,bist100
2018-01-03,1160.515869140625,173540830000,1183.9510498046875,1157.802001953125,-0.012604117309097492,0.009171006819538242,0.01193681279494819,0.02253226220071093,97437070500.0,1.7810554967372505,0.007096288308194895,0.004901758661233892,0.7682961086077791,bist100
2018-01-04,1154.9058837890625,140244490000,1172.5889892578125,1151.52294921875,-0.004845766281680247,0.009339737964397604,0.01172777613484618,0.01824048204685578,99299765500.0,1.4123345538011367,0.0058719668767113166,0.004165271357047757,0.7963775789211126,bist100
2018-01-05,1166.372802734375,108753330000,1171.844970703125,1159.5069580078125,0.009879909972093162,0.008878727597367042,0.011770363542453373,0.010578103901589609,100441678000.0,1.0827510269193232,0.003733946497852392,0.005111194210946332,0.7543290880815388,bist100
2018-01-08,1163.038818359375,105440880000,1177.8370361328125,1162.2860107421875,-0.0028625139682149363,0.008943297764375583,0.011538808799053474,0.013371028675175128,101869911000.0,1.0350542075176643,0.0016776341469361387,0.0044279914479782145,0.7750624800290651,bist100
2018-01-09,1150.221923828125,116126060000,1166.4720458984375,1149.4210205078125,-0.011081349761269827,0.00929762744834234,0.011652139784621087,0.014824117883161559,103209347000.0,1.125150612570003,-0.004302767469633867,0.0031864066822064165,0.7979330509417406,bist100
2018-01-10,1135.8890380859375,124323020000,1148.5660400390625,1128.843994140625,-0.012539263212367553,0.009717103417849373,0.011787741564158008,0.017362651841125874,104867194500.0,1.1855282349524474,-0.004289796650287879,0.001990425060209557,0.8243397062076208,bist100
2018-01-11,1147.181884765625,132936720000,1147.18798828125,1130.5760498046875,0.009892762126672968,0.009845457813960902,0.011833042868005704,0.014480649230227691,107066194500.0,1.241631129422462,-0.0013420909686172368,0.00253409720008957,0.8320309428254626,bist100
2018-01-12,1146.43994140625,116939860000,1157.18701171875,1145.615966796875,-0.0006469622644743557,0.009549284530380309,0.011833155243947369,0.010093023196384528,108553552000.0,1.077255030770435,-0.00344746541593074,0.0029144102101393518,0.806993936402951,bist100
2018-01-15,1121.5860595703125,148199600000,1154.529052734375,1121.592041015625,-0.02191762948460364,0.010673473188453048,0.012078689483276991,0.02936645961110501,110668997500.0,1.3391248077403068,-0.0072584885192084805,0.001123818045575425,0.8836615266275805,bist100
2018-01-16,1144.1778564453125,166953570000,1144.7550048828125,1111.073974609375,0.019942541629772423,0.011412392696807204,0.012335052283879653,0.029436883508719897,114898359000.0,1.4530544339628035,-0.0010537102410000311,0.0022744616289773773,0.9252001883868585,bist100
2018-01-17,1165.9188232421875,145810770000,1166.302001953125,1137.0579833984375,0.01882311584952926,0.011933973049743635,0.012448518477755553,0.025082379640604585,117739877000.0,1.2384144923134242,0.005218765571379331,0.0027976748151725354,0.9586661313206575,bist100
2018-01-18,1168.5538330078125,125881130000,1177.5889892578125,1161.571044921875,0.0022574784738788453,0.01190756445243648,0.012445360148237836,0.013707493727274788,118490543500.0,1.0623727960197937,0.0036917088408205067,0.0029426690337942636,0.9567874541680095,bist100
2018-01-19,1151.46484375,142610080000,1170.64599609375,1149.260986328125,-0.014732035134527293,0.01254748820944419,0.01255766965680966,0.018572004070901534,120400891500.0,1.1844603326712078,0.0008746942668099195,0.002080246013100623,0.9991892247810525,bist100
2018-01-22,1172.3487548828125,120065800000,1172.4620361328125,1152.887939453125,0.017974310331361293,0.012998676315109267,0.01266885331383343,0.016696479267079633,121204756500.0,0.990603037926156,0.008853082230002907,0.002610352157673386,1.0260341637167505,bist100
2018-01-23,1183.9947509765625,133769630000,1189.5579833984375,1174.9530029296875,0.009884883840628647,0.01305737322209087,0.012707072464803331,0.012335342244299451,123802472500.0,1.0805085496172138,0.0068415506721741515,0.003182168567769822,1.0275673848762428,bist100
2018-01-24,1196.4776611328125,136146150000,1196.72998046875,1181.4849853515625,0.010487854859496163,0.013114867628489601,0.01275016392453275,0.012741562682209795,126894957500.0,1.0729043350678453,0.005174498474167531,0.00329993892586347,1.0286038443203949,bist100
2018-01-25,1186.03466796875,128574350000,1203.2049560546875,1185.873046875,-0.00876642686402591,0.013385878573950355,0.012690817523704847,0.01461332425414749,129540764000.0,0.9925396919845246,0.0029697174065865797,0.002797825538875292,1.05476881603153,bist100
2018-01-26,1207.0126953125,122511260000,1207.01904296875,1188.719970703125,0.017532928981110096,0.01318943882072091,0.012461493611650434,0.015160629491877303,131232702500.0,0.9335421557747773,0.009422710229714058,0.0026459713946114074,1.0584155665248594,bist100
2018-01-29,1208.446533203125,121156740000,1215.31494140625,1193.97998046875,0.0011872177696997104,0.013144277422701944,0.01246022588626171,0.01765486544195651,133195854500.0,0.9096134444634686,0.006065291717381741,0.0023343798937780764,1.054898807026801,bist100
2018-01-30,1193.024658203125,130203870000,1209.4859619140625,1193.031005859375,-0.01284386592707627,0.012959690979378428,0.012412029481902289,0.01379263701009428,132009407000.0,0.9863226641113538,0.001519541763840758,0.0007511536813452529,1.0441234447819088,bist100
2018-01-31,1195.2816162109375,110752820000,1203.6109619140625,1192.3570556640625,0.001890007746357101,0.01257304543277057,0.011994956505391407,0.0094152759461616,128870006500.0,0.8594150261022917,-0.00020002765878705445,0.0014758599341179826,1.0481943329364578,bist100
2018-02-01,1190.4376220703125,109334210000,1208.93994140625,1186.593994140625,-0.004060830561694672,0.01255348375858832,0.01179161760701418,0.018771203842468238,127324492500.0,0.8587052487171705,0.0007410916016791933,0.0015151067201172614,1.0646108258396159,bist100
2018-02-02,1181.187744140625,82569460000,1195.85205078125,1177.927001953125,-0.007800494095103174,0.012555958505345027,0.011833112299746646,0.01517544430768404,126015299000.0,0.6552336157215324,-0.00432559301356346,0.0006310865167574444,1.0610867358720038,bist100
2018-02-05,1168.520751953125,90966000000,1181.2120361328125,1165.876953125,-0.010781860744212574,0.012794538522222624,0.011752987032035051,0.013123500786939952,125291555000.0,0.7260345679323719,-0.006719408716345918,0.00023511917795756253,1.0886201514005436,bist100
2018-02-06,1154.56689453125,124198470000,1158.927978515625,1138.7569580078125,-0.012013343759524937,0.012839542229038263,0.011756300287366683,0.017470638213649685,125695175500.0,0.9880925779844271,-0.006553304282835651,0.00018851947804480714,1.0921413978201655,bist100
2018-02-07,1155.6959228515625,118230170000,1165.156982421875,1153.9210205078125,0.000977402572295345,0.012485178412820454,0.011753947300797091,0.009722247601548082,125390533000.0,0.9428955055163535,-0.006735825317648002,0.000864352767277952,1.0622115356918245,bist100
2018-02-08,1142.62890625,109566120000,1160.552001953125,1138.91796875,-0.01137102748331774,0.012580893694483833,0.011774099610512566,0.018933560217836473,124222003000.0,0.8820186227394836,-0.008197864701972615,-0.0001988367132215835,1.068522783963108,bist100
2018-02-09,1135.89697265625,91910330000,1142.1219482421875,1125.0379638671875,-0.005909042547361894,0.01264561500158838,0.011417359409254075,0.015040082671450194,122970526500.0,0.7474175529369633,-0.00781957439242436,-0.0004619407273659604,1.1075779038136235,bist100
2018-02-12,1148.2098388671875,82144620000,1154.155029296875,1145.241943359375,0.010781444561832743,0.011811960167868084,0.011441279053792263,0.007762593243664906,119667777500.0,0.6864389204520824,-0.0035069133312152965,0.0011730129749558589,1.0323985729508938,bist100
2018-02-13,1144.9388427734375,82156620000,1156.7010498046875,1144.3060302734375,-0.0028528445088757044,0.010975706423097335,0.011404527914270733,0.010825922807566717,115427930000.0,0.7117568512230965,-0.00167481348108545,3.324366802345232e-05,0.962399014286527,bist100
2018-02-14,1134.5440673828125,85831910000,1156.0660400390625,1132.488037109375,-0.00912035567197954,0.01020975720748666,0.011070528683250615,0.020781919017105858,112428987000.0,0.7634322098801798,-0.003694365129940427,-0.0013639299080519876,0.9222465791479066,bist100
2018-02-15,1162.249755859375,95128690000,1162.9859619140625,1146.4169921875,0.02412670404713661,0.011682844759666073,0.011357145912084955,0.014255945972912937,110891365000.0,0.8578548023103512,0.003405181176150443,-0.0002704686293890996,1.028677878236516,bist100
2018-02-16,1165.103759765625,94816730000,1175.176025390625,1159.60400390625,0.0024525756982675126,0.011184577948992747,0.011339206609582705,0.013365351672633434,108501697500.0,0.8738732405546006,0.005077504825276325,0.0005887619122506406,0.9863633615724682,bist100
2018-02-19,1158.8138427734375,93578350000,1175.219970703125,1154.573974609375,-0.0054132146033960184,0.010471059128497284,0.011293629903666742,0.017816490735334225,107177325000.0,0.8731170515778407,0.0018385729922305721,-0.0005806143344872248,0.9271650671939948,bist100
2018-02-20,1134.322998046875,108257980000,1169.2679443359375,1132.6800537109375,-0.02136093714663589,0.011137179563215001,0.011651788641092705,0.03225526652284981,105901742500.0,1.0222492797982055,-0.0018630455353214653,-0.002142905383850452,0.9558343277818466,bist100
2018-02-21,1163.15380859375,89103070000,1163.1600341796875,1147.4859619140625,0.025099120899241163,0.012415219947947002,0.012048087895894075,0.013475494083258786,103549588500.0,0.8604869540355538,0.004980849778922675,-0.0014123420818632016,1.0304722255701706,bist100
2018-02-22,1168.40283203125,88944150000,1169.93505859375,1154.0849609375,0.004502599005316645,0.012355941791337794,0.011486845757893948,0.01356561043993265,101568078500.0,0.8757096847116194,0.0010560287705586825,-0.0007488907883960739,1.075660111727938,bist100
2018-02-23,1175.208740234375,74363850000,1178.5419921875,1170.3389892578125,0.0058080676985895014,0.011703827096472282,0.011495912603582428,0.006980039076335965,99160708000.0,0.7499326245230117,0.00172712717062308,-0.0013351338525221038,1.0180859493334233,bist100
2018-02-26,1187.91259765625,89354570000,1189.125,1182.2099609375,0.010751864156249055,0.012003883024191935,0.011411165671183198,0.00582116822074567,97570599500.0,0.9157940041149384,0.004960142922552095,-0.0008569015331946365,1.0519418760614032,bist100
2018-02-27,1188.3096923828125,92783260000,1192.16796875,1184.60400390625,0.0003342235546931029,0.011668263991624362,0.011383879965147784,0.006365314439691769,95699569000.0,0.9695264144815532,0.009299175062817893,-0.00019799705910616784,1.0249812917342094,bist100
2018-02-28,1189.501708984375,94511060000,1192.4530029296875,1183.1429443359375,0.0010026166925873885,0.011661591574944511,0.011244426329702201,0.007826856004855302,94887481000.0,0.9960329750981586,0.0044798742214871385,-0.0002423666117946535,1.0370997357277683,bist100
2018-03-01,1176.3148193359375,106546790000,1191.14501953125,1173.987060546875,-0.011147970317636662,0.011889185246998958,0.011323461693007068,0.014586196401114072,94748110000.0,1.1245268111416682,0.0013497603568964772,-0.000596723599591753,1.0499603009511886,bist100
2018-03-02,1168.5858154296875,81480540000,1175.9029541015625,1162.6519775390625,-0.006592204191241897,0.011853669808966245,0.011288510334743256,0.01133932689199007,94693664000.0,0.8604645396338239,-0.0011302940210698024,-0.0005363091043986891,1.050065018099294,bist100
2018-03-05,1169.455810546875,71746000000,1175.3089599609375,1165.9189453125,0.0007442084415222166,0.011606953800694243,0.011226102790743627,0.008029388168199727,93732664000.0,0.7654322083494821,-0.00313182516401517,3.999435488805045e-05,1.033925487504412,bist100
2018-03-06,1167.0927734375,96646260000,1177.2020263671875,1166.68798828125,-0.002022673897056693,0.011271032083923297,0.011120164280265903,0.00900874234271021,92355053500.0,1.0464642305686067,-0.0036032046543651294,0.0005395278480114626,1.0135670480988421,bist100
2018-03-07,1168.417724609375,81265290000,1169.89404296875,1159.2969970703125,0.0011346138800253365,0.011271408350431368,0.01104120772136603,0.009069569619872294,90506809500.0,0.8978914453945037,-0.00357680521687754,0.0005473884133979621,1.0208492254538308,bist100
2018-03-08,1165.664794921875,69827590000,1173.9549560546875,1165.2010498046875,-0.002358897717622994,0.010945283087113247,0.011047113867790241,0.007509797231704765,88519883000.0,0.7888350914336387,-0.0018189906968748063,0.0009979949016826995,0.9907821371359357,bist100
2018-03-09,1169.1387939453125,82072250000,1172.4010009765625,1164.9539794921875,0.002975840540681993,0.010829887653007915,0.010980699777602207,0.0063696641689945845,88027979000.0,0.932342772517815,9.461824950997167e-05,0.0014422390560848938,0.9862657091397846,bist100
2018-03-12,1184.1077880859375,99660520000,1187.8709716796875,1177.0400390625,0.012722165329416786,0.0109262371872215,0.010958933279325612,0.009146914433098414,88903774000.0,1.1209931312927166,0.0024902096270888853,0.001539275094464096,0.9970164895368244,bist100
2018-03-13,1182.6627197265625,101826710000,1186.1090087890625,1176.68701171875,-0.0012211311017896727,0.010897770234712549,0.010949090970756848,0.007966765936860605,89887278500.0,1.132826710289154,0.0026505181861422897,0.0016208607648183974,0.9953127856749598,bist100
2018-03-14,1175.9207763671875,95922130000,1189.781982421875,1174.0860595703125,-0.0057169582786612124,0.010746743026230934,0.010946285819967448,0.01334777237294204,90391789500.0,1.0611818897555956,0.0012802037544049798,0.0017910306344843141,0.9817707305456502,bist100
2018-03-15,1172.0087890625,99472120000,1181.4930419921875,1170.3089599609375,-0.003332289845682762,0.009414500340126404,0.010958939504615954,0.009542660546254302,90608961000.0,1.0978176871490668,0.0010855253287930262,0.00041808093984334533,0.8590703814142759,bist100
2018-03-16,1172.15673828125,88040920000,1178.531005859375,1168.2939453125,0.00012622762106238622,0.009402404314853043,0.010957789214878,0.00873352531495553,90270170500.0,0.9753046827356995,0.0005156027448691049,0.00030176353598308905,0.8580566873915475,bist100
2018-03-19,1154.4969482421875,76520380000,1172.0789794921875,1153.9110107421875,-0.015180711497797863,0.009952452195467728,0.01112076199704156,0.015736697076299908,89417272000.0,0.8557673287102743,-0.005064972620573825,-0.00018661130873700313,0.8949433679198748,bist100
2018-03-20,1164.311767578125,90584100000,1167.2750244140625,1150.8289794921875,0.00846544855800983,0.008777963408434487,0.011162805799932925,0.014125121277511674,88533578000.0,1.023160952559717,-0.0031276566886139236,0.0013047079764952829,0.7863581581332565,bist100
2018-03-21,1176.5067138671875,127561040000,1177.9510498046875,1164.81103515625,0.010419480805378967,0.007145593401443243,0.011192198886679784,0.011168669497215329,90456476500.0,1.4101924476353,9.963112819411126e-05,0.0005707259718021731,0.6384441050227811,bist100
2018-03-22,1171.0968017578125,126120750000,1185.89697265625,1170.719970703125,-0.004608888723965074,0.007172125936491996,0.0112138949324981,0.012959647682705964,92315306500.0,1.3661954315235902,-0.00015568864746235092,0.00011515158533808721,0.6395749184083245,bist100
2018-03-23,1166.021728515625,153145040000,1168.7139892578125,1155.594970703125,-0.004343024244218493,0.007106935911681742,0.0109239821099367,0.011251092697379096,96254366000.0,1.591045127241293,-0.0010495390205185267,-0.0003924030118023124,0.6505810646849296,bist100
2018-03-26,1164.19677734375,176120540000,1175.4969482421875,1163.491943359375,-0.0015663351229923393,0.006606451182135696,0.010886344188524319,0.010311834834488472,100592664500.0,1.7508288588975591,0.001673336254442578,-0.0010083129757643822,0.6068567250610898,bist100
2018-03-27,1161.9588623046875,150673440000,1177.8780517578125,1161.9649658203125,-0.0019241324108912365,0.006601594940999921,0.010609428215333653,0.013695051050204297,103487173500.0,1.4559624628263714,-0.000404579939337635,-0.0011212307740435992,0.6222385228507161,bist100
2018-03-28,1141.286865234375,139448110000,1160.2469482421875,1138.5870361328125,-0.017950800400570472,0.007570031440916838,0.010737155663579996,0.018978499419536308,105734026000.0,1.3188574697798796,-0.006078636180527523,-0.0020689016287014925,0.705031358220323,bist100
2018-03-29,1148.43994140625,100069380000,1150.8409423828125,1134.261962890625,0.006247993796396742,0.007470688079328154,0.010752680015044551,0.014436087508317371,105410155500.0,0.9493333875216605,-0.003907259676455159,-0.001199103422999822,0.6947745184340632,bist100
2018-03-30,1149.2958984375,90003710000,1158.7230224609375,1146.95703125,0.0007450439306397346,0.007371405777982663,0.010673450086125887,0.010237564779386836,105836314000.0,0.8504048052920664,-0.0028896460414835137,-0.0008322410169057404,0.6906300885375894,bist100
2018-04-02,1144.4149169921875,66050780000,1153.905029296875,1144.4210205078125,-0.004255975757750165,0.00739986313639154,0.010680753769492499,0.008287211786778242,105551553000.0,0.625767960041289,-0.003427574168435079,-0.0010822502268693595,0.6928221824126134,bist100
2018-04-03,1145.9349365234375,94362250000,1149.2430419921875,1140.196044921875,0.001327325388372515,0.007415354083587943,0.010587574895993228,0.00789486102741529,105437352500.0,0.8949603509818781,-0.0027772826085823285,-0.0009147502625978992,0.7003826803052148,bist100
2018-04-04,1139.7498779296875,103799470000,1148.93896484375,1132.8189697265625,-0.00541200925976257,0.00746445816726626,0.01048469829442578,0.014143449742209107,106564061500.0,0.974056999507287,-0.00026952438042074817,-0.0012420814195872945,0.7119382892719728,bist100
2018-04-05,1149.4698486328125,132303810000,1153.18896484375,1140.321044921875,0.008492001883883998,0.007767213741760781,0.01046396406043656,0.011194656334118024,109687872500.0,1.2061844849803245,0.00017927723707670298,-0.0006995364395119449,0.742282150139259,bist100
2018-04-06,1147.368896484375,91169730000,1152.7939453125,1142.8470458984375,-0.0018294298969502,0.007721727066747356,0.010466380050534976,0.008669312410804016,110142746500.0,0.8277415707987634,-0.0003356175284412839,-0.0009397999613935543,0.7377648269472757,bist100
2018-04-09,1131.5550537109375,107597280000,1154.6500244140625,1125.1090087890625,-0.013878564576605848,0.007533289983579694,0.010229650728370232,0.026106565056751033,110539584500.0,0.973382345217699,-0.0022601352922124204,-0.002269836456694686,0.7364171254339476,bist100
2018-04-10,1107.12109375,138244110000,1135.2459716796875,1100.0780029296875,-0.021829803560355632,0.008701226056097858,0.01028094682670385,0.03176524135303063,112360454500.0,1.230362680670716,-0.006891561081958051,-0.003300270079622984,0.84634481655884,bist100
2018-04-11,1092.5262451171875,143053560000,1115.3470458984375,1066.240966796875,-0.013270366169049985,0.008971372887808835,0.010089077666384588,0.04494727638904019,114717026000.0,1.247012453059932,-0.008463232463815534,-0.003677940474142423,0.8892163569817892,bist100
2018-04-12,1102.34814453125,112642400000,1103.5469970703125,1083.051025390625,0.008949910775956306,0.00940611679085889,0.010163362277552596,0.018593011455925273,115375540000.0,0.9763109234418318,-0.00837165068540107,-0.0030638304430604694,0.9254926208459376,bist100
2018-04-13,1096.0341796875,84379980000,1107.927978515625,1089.81103515625,-0.0057442075797631865,0.009392915805492659,0.010022375296857481,0.01652954232188314,115192493000.0,0.7325128383149065,-0.009154606221963669,-0.003357352203101748,0.9371945798555169,bist100
2018-04-16,1106.87109375,93046540000,1111.157958984375,1098.508056640625,0.009838826583303121,0.009401452643955177,0.009816689994646124,0.011428523533750472,116018801000.0,0.8019953593555927,-0.004411127989981875,-0.0021063752990466986,0.9577008797346752,bist100
2018-04-17,1087.4422607421875,147542190000,1116.2099609375,1080.010986328125,-0.017708811468331427,0.009670293319640397,0.009945627980882402,0.0332881808222801,118866705500.0,1.2412406769362343,-0.003586929571577034,-0.003415088300363761,0.9723160104348106,bist100
2018-04-18,1120.9840087890625,149942440000,1120.989990234375,1074.3909912109375,0.030378489857303563,0.011937268939863155,0.010655371367351653,0.041569726827571644,119985775500.0,1.249668465909111,0.005142841633693675,-0.0024171378477675317,1.1203052928252948,bist100
2018-04-19,1121.216064453125,109312800000,1124.0660400390625,1115.9739990234375,0.00020698925814902072,0.01193930272635095,0.010608618768041075,0.007217200388198065,119145378000.0,0.9174741130117527,0.003394257330132218,-0.002176343948661827,1.1254342329954035,bist100
2018-04-20,1109.319091796875,94066920000,1119.7330322265625,1106.780029296875,-0.010667471831283293,0.012082603543915557,0.010399096606372036,0.011676534754942536,116191472000.0,0.8095854057172114,0.0024096044798281972,-0.002492566328015067,1.1618897295859292,bist100
2018-04-24,1100.5802001953125,85685290000,1108.512939453125,1097.875,-0.007908900812966963,0.012140112345835221,0.01042690668707235,0.009665755799747404,111669709500.0,0.7673100465977303,-0.00113994099942582,-0.0028096946125137985,1.1643062233295867,bist100
2018-04-25,1074.00830078125,115695300000,1105.2049560546875,1067.6070556640625,-0.024439770568581515,0.01306258718427803,0.010742328081290088,0.035007085479018846,109920802500.0,1.0525332545675328,-0.0024861328194758373,-0.003935476520398312,1.215992202568188,bist100
2018-04-26,1070.145263671875,88781400000,1082.2490234375,1062.780029296875,-0.0036033252032022733,0.012639497437117016,0.010734171735647316,0.01819285175717465,107387467000.0,0.8267389340694664,-0.009282495831577005,-0.0032181027605299025,1.1775009519497688,bist100
2018-04-27,1076.13720703125,89586880000,1081.9949951171875,1066.699951171875,0.005583569738234951,0.012614155364382606,0.01077254155231445,0.014212912484930323,106863342000.0,0.8383312586274908,-0.00820717973555982,-0.0032513239634379917,1.1709544403356227,bist100
2018-04-30,1042.822509765625,89765870000,1081.7080078125,1037.5050048828125,-0.03144698070465002,0.014049591070648269,0.011413634522644598,0.042387848858021056,106851450000.0,0.8400996898029929,-0.012363081510233164,-0.0048609251952024795,1.2309480422536698,bist100
2018-05-02,1047.2513427734375,110034640000,1053.322998046875,1029.343994140625,0.004237974300357222,0.014196452159875967,0.0113841409438492,0.02289708585404757,109050643000.0,1.0090233030537932,-0.009933706487568328,-0.00443622769229711,1.2470376315523612,bist100
2018-05-03,1029.08544921875,107368620000,1049.1519775390625,1026.2969970703125,-0.017498468601038205,0.01441660024909698,0.011488876215047272,0.02220902111297055,109700961500.0,0.9787390970132929,-0.008545446094059666,-0.005377517391767646,1.2548311931688492,bist100
2018-05-04,1025.9864501953125,110627570000,1034.2569580078125,1015.4860229492188,-0.003015954209054002,0.01442625097939551,0.011483386706699888,0.018295499960082718,110042366500.0,1.0053179835967996,-0.008427971895230013,-0.005257714639232218,1.2562714596190192,bist100
2018-05-07,1008.6566162109376,78892690000,1027.5980224609375,1005.9910278320312,-0.017035177675836313,0.014274175642873574,0.01158469728525704,0.02142155643619715,107371810500.0,0.7347616626060338,-0.012951721378044265,-0.006534073617218234,1.2321578450771629,bist100
2018-05-08,993.6327514648438,113980920000,1015.3660278320312,989.041015625,-0.01500696847003033,0.014349516063540629,0.011694703614330644,0.026493704206329866,108512370000.0,1.0503956369213943,-0.009663718931120327,-0.00719295054587224,1.22700981031762,bist100
2018-05-09,1007.8006591796876,121994450000,1016.4730224609376,978.4920043945312,0.014157997263838814,0.015016003237444288,0.01176628288477948,0.03768703435590279,109232228500.0,1.1168356782174411,-0.00767971433842401,-0.005791122453850007,1.2761892081371384,bist100
2018-05-10,1023.8015747070312,106289090000,1023.8070068359376,993.1820068359376,0.0157523417983815,0.01525293309010735,0.011991097775070804,0.029913022949553073,107634477500.0,0.9875004038552609,-0.0010295522585400674,-0.00391201518591315,1.2720214092339253,bist100
2018-05-11,1018.5195922851562,91375740000,1028.7740478515625,1012.3300170898438,-0.005172540229159578,0.01509813310206889,0.011961399496714934,0.01614503136343684,105050586500.0,0.8698260813612878,-0.0014608694625611826,-0.0035071238889186297,1.262238010377918,bist100
2018-05-14,1033.698486328125,82921780000,1037.6300048828125,1015.64599609375,0.014792941355830069,0.015405273302876853,0.011675809017890098,0.021267331895931746,103564555500.0,0.8006772162508823,0.004904754343772094,-0.0032149723599249414,1.3194180616754123,bist100
2018-05-15,1015.3986206054688,102277090000,1030.2669677734375,1012.2109985351562,-0.017861869210875802,0.01574453812660975,0.011839268340730721,0.017782148677250236,104459411000.0,0.9791084309292152,0.004333774195602999,-0.0038208554414805723,1.3298573588744247,bist100
2018-05-16,1021.5735473632812,101585080000,1027.947021484375,1006.5479736328124,0.0060628670041886,0.01559403951314456,0.011880619760777008,0.020947143655779203,104886338000.0,0.9685253764889761,0.0027147481436729562,-0.004009653420436299,1.3125611144148501,bist100
2018-05-17,1018.6885375976562,90476770000,1027.1390380859375,1015.6110229492188,-0.0028280794999403485,0.015257379017044758,0.011609210983133516,0.011316525818485143,102033067000.0,0.8867396880268237,-0.0010013361159914133,-0.0032656168220167444,1.3142477158190593,bist100
2018-05-18,1024.0975341796875,76040970000,1028.8470458984375,1018.8690185546876,0.005295717743391994,0.013244418759714462,0.011102160539771614,0.009743239301657325,98337993500.0,0.7732613539648844,0.001092315478518901,-0.0045197554277123225,1.1929586779319727,bist100
2018-05-21,1022.5715942382812,78750330000,1033.178955078125,1018.9310302734376,-0.0014911450052813044,0.01321793860856796,0.011068456783460492,0.013933425185060746,96809870000.0,0.8134535249350092,-0.0021645017937033735,-0.00460466214088384,1.1941988722691155,bist100
2018-05-22,1033.271484375,99824900000,1037.697998046875,1022.6229858398438,0.010409341902471832,0.013545275292710752,0.011140739790047633,0.014589594733807783,97097769000.0,1.0280864434691595,0.0034897404289661537,-0.0035508214541960827,1.215832659946978,bist100
2018-05-23,1018.9115600585938,106965050000,1034.9029541015625,1014.198974609375,-0.0139950076410348,0.013715629400034957,0.011113225161775913,0.020319702223220326,98161757000.0,1.0896814937817383,-0.0005218345000785266,-0.0038551267955994747,1.2341718268437545,bist100
2018-05-24,1011.3756103515624,122262300000,1037.5860595703125,1008.8880004882812,-0.007423564927415433,0.012873432322876341,0.011124132282593966,0.028375273032395523,98490107000.0,1.2413663029120274,-0.0014409315855735435,-0.0030043165135411705,1.1572527183104,bist100
2018-05-25,1031.9954833984375,97319230000,1033.491943359375,1013.2160034179688,0.02018289586530871,0.013874965578937798,0.011501157353867593,0.019647314612885783,98916998500.0,0.9838473819037281,0.0015365040388097995,-0.0018150054601156213,1.2063973348101307,bist100
2018-05-28,1065.2474365234375,94808130000,1065.2530517578125,1044.1639404296875,0.03171281644174583,0.015716263410824688,0.012253024850899304,0.01979738284745546,99178061000.0,0.9559385316073078,0.008177296328215226,-0.0005085431249400776,1.2826435596163182,bist100
2018-05-29,1051.12841796875,89755360000,1059.302978515625,1042.8690185546875,-0.01334283604965693,0.01429788708845415,0.012329898625073036,0.015634588200645606,99177535500.0,0.9049968780480535,0.0034268607377894735,0.0003966641078095768,1.1596110822338135,bist100
2018-05-30,1038.6844482421875,108692090000,1057.85205078125,1036.39501953125,-0.011909312079130964,0.014523676806722789,0.01239429020338291,0.02065789209255294,99110408000.0,1.0966768495191745,0.0038439998501702405,-0.00041070021116483243,1.1718038361534153,bist100
2018-05-31,1006.5177001953124,124665390000,1043.7530517578125,1005.7979736328124,-0.03145840698072432,0.015677726145648354,0.012965556282323808,0.03770930021164558,99975246500.0,1.2469625668789923,-0.0009629685604915367,-0.0011086971301491383,1.2091826840489752,bist100
2018-06-01,991.7067260742188,127622630000,1007.9249877929688,979.906005859375,-0.014824406275311534,0.0159729078452771,0.013053814778583096,0.028253294242048758,100824999500.0,1.2657835916974143,-0.007964428988615586,-0.001699119733462015,1.2236199238465717,bist100
2018-06-04,992.4927368164062,89015140000,1005.10302734375,989.3790283203124,0.0007922699285049326,0.015564235944985164,0.01306168198292665,0.01584293611444965,101331122000.0,0.8784580516141921,-0.014148538291263765,-0.0008077473532449528,1.191595076754256,bist100
2018-06-05,978.226806640625,83395970000,999.0850219726562,976.6539916992188,-0.014478142686792695,0.015539273192867542,0.01312776790646245,0.02293029604296877,99801874500.0,0.8356152669256728,-0.01437559961869092,-0.0007813060640830709,1.1836949970160557,bist100
2018-06-06,966.5718994140624,109084900000,983.6179809570312,951.2650146484376,-0.011985864366862229,0.015314416124886213,0.013014176937924829,0.0334718672539581,99156397000.0,1.1001297273841042,-0.014390910076237173,-0.002088499145618123,1.1767487254809192,bist100
2018-06-07,986.2317504882812,116009900000,987.9530029296876,960.7020263671876,0.020135680636176403,0.015611657860804243,0.013361732972882285,0.027631412747569827,99642437500.0,1.1642619641856915,-0.004072092552857028,-0.0018693322037283782,1.1683857095848416,bist100
2018-06-08,958.751953125,103582170000,981.906982421875,956.25,-0.028258978210829348,0.016685333008174954,0.013749919629629797,0.02676081372063698,100252759000.0,1.0332101683106796,-0.006759006939960591,-0.0030236541028118664,1.2134858571987297,bist100
2018-06-11,966.60888671875,115931370000,971.864990234375,933.9650268554688,0.008161563322954755,0.016375664985572164,0.013830748877413559,0.03920920229438552,101903238500.0,1.1376612922856224,-0.005285148261070625,-0.003355223004455632,1.1840042163092561,bist100
2018-06-12,953.06494140625,87871140000,967.8319702148438,949.5059814453124,-0.01411090764476682,0.01622153239721537,0.013894499674564364,0.01922847853630133,101182941000.0,0.8684382874381957,-0.00521170125266545,-0.003167674926150183,1.1674786985609085,bist100
2018-06-13,935.0430297851562,83180090000,956.0850219726562,933.3729858398438,-0.019090496124995606,0.016441799907443027,0.013959470168998494,0.024289829889466177,100262691500.0,0.829621554693652,-0.006632627604292127,-0.004425343082609393,1.1778240655549626,bist100
2018-06-14,945.4030151367188,46424090000,954.06201171875,927.5089721679688,0.011018758234619903,0.016800227392749056,0.014000439330197956,0.028086476482139525,98060057500.0,0.4734250742204592,-0.008456012084603427,-0.0037330011958813802,1.1999785861370904,bist100
2018-06-18,930.4280395507812,67864910000,942.3590087890624,927.208984375,-0.01596656978220593,0.016871407390899536,0.013971098157375926,0.016282854525081755,97651254500.0,0.6949722289538022,-0.005997530398878743,-0.004796115572161277,1.2075935048808182,bist100
2018-06-19,944.364013671875,92543630000,947.4320068359376,922.885986328125,0.014866961678459719,0.017427409979754373,0.014179303691983832,0.025992117607672074,98340919500.0,0.941049061474354,-0.00465645072777775,-0.003978210237974226,1.229073751315929,bist100
2018-06-20,945.5139770507812,88261220000,952.4669799804688,937.1909790039062,0.00121697117642284,0.01714695158238214,0.014192437271901748,0.016156293135095624,97762735500.0,0.9028104578763552,-0.0015908749635398177,-0.004437828774276675,1.2081752593918278,bist100
2018-06-21,950.5669555664062,79776090000,953.9829711914062,943.2429809570312,0.005329931218494181,0.017124525083067468,0.014236168365538029,0.01129850998026273,96403287500.0,0.8275245800097845,0.0032932105051581397,-0.0034715818313002266,1.2028886315029388,bist100
2018-06-22,958.5159301757812,71539730000,961.8679809570312,944.5150146484376,0.0083275803331604,0.01729456098807064,0.014315223952693955,0.018103993645062627,93867159000.0,0.7621380125076546,0.0027549749248662386,-0.002684024568271435,1.2081236762499974,bist100
2018-06-25,940.0780029296876,132181810000,993.9409790039062,933.655029296875,-0.019423328587951715,0.01679882601444345,0.014342164535220529,0.06412866753519846,95610288000.0,1.3825061378332006,0.0020636231637170812,-0.004664335790934456,1.171289450291134,bist100
2018-06-26,944.0769653320312,104636140000,951.0150146484376,938.0770263671876,0.004244840232750058,0.014654193365754962,0.014322039068557906,0.013704378727956485,96101688500.0,1.088806467744841,-6.08011254248508e-05,-0.006037734601384245,1.023191830130268,bist100
2018-06-27,959.5429077148438,134717420000,961.8729858398438,942.926025390625,0.01624933938115871,0.01535496936193824,0.014533932753808584,0.019745818865298095,98349791500.0,1.3697783995810504,0.0029456725155223235,-0.004558125829843463,1.0564910146508353,bist100
2018-06-28,962.264892578125,117791310000,969.9320068359376,954.8699951171876,0.0028327355972384504,0.015337338499802875,0.014552411708101436,0.01565266678117651,98804752500.0,1.1921623911764772,0.0024462333912711773,-0.003821023446024992,1.0539379181571988,bist100
2018-06-29,965.1958618164062,97767450000,975.0009765625,962.301025390625,0.0030412774846210818,0.013941984844915907,0.014562507829390378,0.01315790056121346,97459855500.0,1.0031561148785,0.0013889728215633137,-0.002096039222757722,0.957389002516303,bist100
2018-07-02,967.7298583984376,94886740000,972.6729736328124,956.5490112304688,0.0026219300692180533,0.013646339514441223,0.0145755812531812,0.016661635747220082,95823061000.0,0.990228646525913,0.005798024552997267,-0.0012237224055312423,0.9362466770553548,bist100
2018-07-03,965.8768920898438,91466140000,974.4580078125,964.5040283203124,-0.001916591235873326,0.013638718118514023,0.014501545651698469,0.01030563995650671,95945611000.0,0.9533123927888687,0.004565738259272591,-0.0013591654637501553,0.940500995279535,bist100
2018-07-04,972.2958374023438,79330910000,974.551025390625,963.9210205078124,0.006623732429470646,0.01338426539897371,0.01455309666883159,0.010932891486209082,95742358000.0,0.8285873844886921,0.002640616868934978,-0.0003040717079369883,0.9196850473507009,bist100
2018-07-05,990.9647216796876,127477020000,992.6480102539062,975.5969848632812,0.019018817367724185,0.013750555765158939,0.014745516518182676,0.01720649082413698,96661964000.0,1.3187919500580394,0.005877833223032125,0.0012461623787923324,0.9325245235189387,bist100
2018-07-06,987.333740234375,112553810000,998.0640258789062,981.0989990234376,-0.0036708167068547053,0.013041438431137043,0.01452066239296565,0.017182666978889476,96489159500.0,1.1664917653262385,0.004535414384736968,5.5837511640776954e-05,0.8981297187554476,bist100
2018-07-09,992.5227661132812,134110890000,1008.0780029296876,987.3300170898438,0.005241832166878416,0.011240326243341266,0.014471744662610078,0.020904292121270898,98015595500.0,1.368260727447195,0.00505939480426904,0.0017308780305261653,0.7767084415455681,bist100
2018-07-10,962.7418823242188,153786220000,984.6619873046876,958.5130004882812,-0.030464609546997513,0.013221096364629233,0.014873721666521823,0.027160952791706088,99908338000.0,1.5392731285350778,-0.0006502088579557967,-0.00020043061297144832,0.8888895907194254,bist100
2018-07-11,912.8901977539062,173158580000,952.8170166015624,912.1589965820312,-0.0531697328679456,0.017557599061539073,0.016257931265307824,0.04453768932952393,104172710000.0,1.6622259323003117,-0.012608901917439047,-0.0021533718741303873,1.0799405394833081,bist100
2018-07-12,895.708251953125,185655850000,924.6649780273438,881.6890258789062,-0.019000859740243622,0.017553058931325166,0.016296771570927137,0.047979855108766546,109296498000.0,1.698644086473841,-0.02021283733903261,-0.002148890054892788,1.0770881125093021,bist100
2018-07-13,898.9722290039062,97304960000,910.2130126953124,893.1749877929688,0.00363739471635499,0.017337907332433747,0.016214741444004,0.018952782246924784,111840541500.0,0.8700329835223481,-0.01875119505439067,-0.002517958230806034,1.0692681959998245,bist100
2018-07-16,897.4352416992188,107563190000,910.4429931640624,891.656005859375,-0.0017111793452162314,0.017046503753860735,0.015607188922340247,0.020934086864157233,113825455500.0,0.9449836113328798,-0.0201417973568096,-0.0018051887089565485,1.0922212730737335,bist100
2018-07-17,916.2911376953124,130387160000,916.3829956054688,897.6790161132812,0.020793186423285967,0.017399413885270595,0.015917879227949145,0.020412703695064,115717632000.0,1.126770032763892,-0.009890238162752902,-0.0015088774717152366,1.093073620933128,bist100
2018-07-18,923.215087890625,149465180000,924.5599975585938,904.2100219726562,0.007528088569151673,0.01750834006034054,0.015949671774096227,0.022042507594230737,118777830000.0,1.2583592409458904,0.002249326124666552,-0.0011933216020787948,1.0977241606172572,bist100
2018-07-19,930.0240478515624,112642160000,932.9580078125,921.9349975585938,0.00734820506183604,0.017553675039756297,0.015992630213458807,0.011852392719704804,120421133500.0,0.9354019242810067,0.0075191390850824855,-0.001092407909911702,1.0976102620683228,bist100
2018-07-20,940.8179931640624,100846080000,941.6939697265624,927.8720092773438,0.011539258630548119,0.017658762127804636,0.01584153915362283,0.014691428681900565,121886451000.0,0.8273772775613919,0.009099511867921111,-0.0009318239950423159,1.1147125261352033,bist100
2018-07-23,953.0469360351562,109022980000,960.3560180664062,941.7349853515624,0.012914450916852943,0.017354360449333587,0.01595993897877456,0.019538421467793235,120728509500.0,0.9030425410826429,0.012024637920334945,0.000685064980197917,1.0873701003752894,bist100
2018-07-24,921.3331298828124,143518090000,955.6790161132812,917.2269897460938,-0.03384247786771113,0.018958749862688327,0.01644940507337447,0.0417352042600252,122672607000.0,1.1699277736878944,0.0010975050621355273,-0.0012193009248251422,1.1525492732485239,bist100
2018-07-25,953.680908203125,157347480000,957.635986328125,921.6530151367188,0.03450746232602976,0.020240436333362352,0.016690195472714008,0.03773061920596005,123804110000.0,1.2709390665624913,0.0064933798135111435,-0.0003063947775815895,1.2127141570302433,bist100
2018-07-26,948.16796875,162937480000,966.8079833984376,935.3709716796876,-0.005797468937773654,0.02026197336825264,0.016682110233047658,0.033155530195978264,126061418500.0,1.2925245641274457,0.003864245013589205,-0.0007379050043321949,1.214592943290423,bist100
2018-07-27,955.8429565429688,116496780000,959.7730102539062,944.4450073242188,0.008061959372965435,0.020342202387081405,0.01659684933294365,0.016036110142114594,126997885000.0,0.9173127568226825,0.003168785162072668,-0.00048687090991497717,1.2256665092876078,bist100
2018-07-30,961.5718994140624,103037680000,962.6939697265624,949.2109985351562,0.005975712456021634,0.02038296077429374,0.016621032138757146,0.014021802425405773,127405432000.0,0.8087385159527578,0.001781037469906406,-0.0003191817905747982,1.2263354407915785,bist100
2018-07-31,969.516845703125,120456510000,972.3159790039062,957.9429931640624,0.008228509577699545,0.02046717765988808,0.01652975797860491,0.01482489541418964,128854950500.0,0.9348225235630353,0.010195234958988542,0.00018807325010384532,1.2382018954167098,bist100
2018-08-01,972.1008911132812,106661950000,974.0960083007812,962.4539794921876,0.002661746322974592,0.020420730370682382,0.016426891346075116,0.011976152799593477,130221502500.0,0.8190809348095182,0.003826091758377507,-1.0026055220957366e-05,1.2431281086887762,bist100
2018-08-02,945.427978515625,110481450000,955.1820068359376,941.5330200195312,-0.027821884226148865,0.020805892833249535,0.016689742459120294,0.014436834033445931,129371724000.0,0.8539845229240356,-0.0005787912992975354,-0.0023520611349146098,1.2466275548715806,bist100
2018-08-03,956.0999145507812,120984200000,960.6430053710938,944.833984375,0.011224708429361052,0.021021685641853596,0.016622517301827556,0.016534904726480955,129793243500.0,0.9321301844190372,5.375851198158796e-05,-0.0016072848781038221,1.2646511512153684,bist100
2018-08-06,941.7349853515624,112130360000,955.0079956054688,935.6840209960938,-0.015138517622150072,0.021165674793319794,0.016713038346690624,0.020519546273584707,128694217000.0,0.8712929190905292,-0.004169087503652753,-0.0026263023675552463,1.266416934746688,bist100
2018-08-07,961.6048583984376,138514760000,964.2059936523438,943.6929931640624,0.020879713082633655,0.020720545921084466,0.016830475911182176,0.021332047471604883,127930644000.0,1.0827332347361591,-0.001638846802665931,-5.908623607368789e-05,1.2311325021604247,bist100
2018-08-08,969.73388671875,126203560000,972.60400390625,959.6959838867188,0.008418074090223838,0.016573517247854976,0.016731310017583642,0.013310888890567292,125582893000.0,1.0049422893928714,-0.0004875812492160823,0.003020304111834784,0.9905690128529783,bist100
2018-08-09,971.8458862304688,217969020000,987.4390258789062,954.0869750976562,0.0021755483592830077,0.0157485303361356,0.016711930012412963,0.03431825071628766,127198551500.0,1.7136124384246625,0.005511905267870292,0.0040791245168111155,0.9423525783340531,bist100
2018-08-10,949.3909301757812,228279630000,978.1010131835938,885.9810180664062,-0.023376585774120887,0.0169044389880003,0.016962209518479026,0.09703062478186024,133747285000.0,1.7067982351940827,-0.0014083535728260954,0.0027284254922873216,0.9965941624282032,bist100
2018-08-13,926.841064453125,250894330000,938.6950073242188,884.3259887695312,-0.02403855349509815,0.017919816410681366,0.017193739012463176,0.05866056289463986,140913842000.0,1.780480373248215,-0.0031883607474157112,0.0016120567847932258,1.0422291741017984,bist100
2018-08-14,934.1820678710938,176702770000,952.9910278320312,928.0999755859376,0.00788925335312057,0.01741813705636617,0.017237919394977243,0.026644754916798845,143229622500.0,1.2337026860487605,-0.005786452693318328,0.0009668601312849559,1.0104547223629226,bist100
2018-08-15,902.625244140625,165088860000,952.4500122070312,901.3150024414062,-0.034363897462834116,0.01903169691337405,0.017676852088309537,0.05665142881563192,144010806500.0,1.1463643875919824,-0.014342847003929918,-0.0011277391703143334,1.076645141244381,bist100
2018-08-16,871.4273681640625,148687360000,915.6859741210938,871.4320068359375,-0.035174934939976824,0.020363619906224675,0.01812120165368568,0.050783311268260065,145813066500.0,1.019712180595283,-0.021812943663781885,-0.0032538961704049766,1.1237455603328,bist100
2018-08-17,887.3433227539062,128634100000,887.6420288085938,846.5449829101562,0.018099447713074118,0.02066504722576625,0.018304832480117297,0.04631470688356694,147202467500.0,0.8738583135503486,-0.013517736966342883,-0.002925886716278677,1.1289394343385888,bist100
2018-08-20,901.855224609375,37728390000,904.7650146484376,889.385986328125,0.016222034289811713,0.02081120515131876,0.018229802538063247,0.01705265756704332,143637738000.0,0.26266349307171627,-0.005465619409360911,-0.0027605075476307382,1.14160343250376,bist100
2018-08-27,912.835205078125,90112460000,912.8400268554688,899.9920043945312,0.012101363719016189,0.019706081677780762,0.01778088316594544,0.014074854244735119,140967456500.0,0.6392430014511895,-0.004623197336181786,-0.00046331546829437274,1.108273503282589,bist100
2018-08-28,938.6640014648438,121215350000,939.7459716796876,909.916015625,0.02790222322555955,0.019136257228250717,0.018150903694922612,0.03177916273356186,139160850000.0,0.8710449095417282,0.007830026801496946,-0.0007935774233178832,1.0542867479156832,bist100
2018-08-29,932.8020629882812,105169830000,942.7969970703124,927.60400390625,-0.006264562055113857,0.019142969448975353,0.018112659365318372,0.016287478090894033,136272467500.0,0.7717613978039988,0.013612101378469538,-0.0008169320791848933,1.0568834240669147,bist100
2018-08-31,927.2290649414062,93208580000,936.5819702148438,921.3289794921876,-0.005992388664668442,0.019057650362814902,0.01769936027135351,0.016450078302517414,135108057500.0,0.6898817267060479,0.008793734102921027,-0.001519649481066587,1.0767423268771918,bist100
2018-09-03,939.1510009765624,100514920000,946.5609741210938,922.0560302734376,0.012775638153851911,0.019258012082735556,0.01770235020940602,0.02609265583721364,134981919500.0,0.7446546942903712,0.008104454875729066,-0.0011796531961750733,1.08787883274973,bist100
2018-09-04,931.8880615234376,84285650000,945.8909912109376,929.1539916992188,-0.00776357488054816,0.019178656884394386,0.01772287382935801,0.01796031111757935,133173376500.0,0.6329016520805868,0.004131467155816197,-0.0019792574190874586,1.0821414782418,bist100
2018-09-05,927.905029296875,96934220000,937.1950073242188,923.7080078125,-0.004283313381332214,0.019153060471846183,0.017640633267584045,0.014534892134315294,132686990000.0,0.7305480363975398,-0.002305640165562155,-0.002326510404302799,1.0857354257820968,bist100
2018-09-06,927.6280517578124,75217230000,941.6619873046876,927.6329956054688,-0.00029854228302125444,0.018189321092224882,0.017580348540160627,0.015123509549581398,130923779000.0,0.5745116018993005,-0.0011124362111436348,-0.0009503433071464182,1.034639390150492,bist100
2018-09-07,932.737060546875,88550260000,936.7589721679688,925.385009765625,0.005492493488609448,0.01803186066370308,0.017386983966579957,0.012194178706349524,129302082000.0,0.6848324375782286,0.0011845402195119433,-0.0012369540541839984,1.0370896239602372,bist100
2018-09-10,916.9780883789062,89105000000,936.6259765625,916.9829711914062,-0.017039762561653786,0.018113830905492026,0.017146757895030458,0.02142145556151722,128150814000.0,0.695313570150245,-0.004778539923589196,-0.001332016301159184,1.0563997588571452,bist100
2018-09-11,923.8861083984376,85237410000,927.4840087890624,914.5029907226562,0.0075052276621977755,0.017486684629075818,0.017141189656038707,0.014050452700180559,125486946500.0,0.6792532002521872,-0.0017247794150400085,-0.0020007405721809784,1.020155833986435,bist100
2018-09-12,922.2691040039062,105121650000,935.5250244140624,919.2379760742188,-0.0017517539123136142,0.0173147908665966,0.01705197982861598,0.01765975708080822,124432851000.0,0.8448062481506592,-0.001218467521236289,-0.0025092319723078503,1.0154123474588905,bist100
2018-09-13,944.18701171875,155616300000,946.10400390625,912.06201171875,0.023487201336172277,0.01824885825224805,0.017152869547074744,0.03605428984405504,121315215000.0,1.2827434712125763,0.003538681202602417,-0.0014436493234633876,1.0638953559441147,bist100
2018-09-14,947.5910034179688,150128790000,962.989013671875,943.77001953125,0.0035987260087505927,0.017524995980261384,0.017099936690532704,0.020281950832481445,117407673000.0,1.2786965805889023,0.0031599277066306462,-9.48837343198133e-05,1.024857360434791,bist100
2018-09-17,943.4719848632812,123570790000,951.0499877929688,937.9010009765624,-0.004356306579140873,0.016639956760636967,0.016981029813031352,0.013936806844679957,111041496000.0,1.1128343407765329,0.005696618903133228,0.0008892286114780507,0.9799144659570268,bist100
2018-09-18,948.864013671875,121977990000,953.7490234375,945.3809814453124,0.005698822413827559,0.016598615994455508,0.016888101698186508,0.008819010808308884,108305257000.0,1.126242560875877,0.005335337853459185,0.0007797070645134002,0.9828586001609592,bist100
2018-09-19,966.0328979492188,177146270000,967.2269897460938,952.7219848632812,0.017932395477806326,0.014791825042300864,0.01704433653539238,0.015015021655685872,108908127500.0,1.626566116472804,0.009272167731483174,0.003394521711545422,0.8678439909694226,bist100
2018-09-20,961.2058715820312,212273520000,973.8790283203124,955.22900390625,-0.0050092770414887555,0.011909054880578883,0.017045481165348774,0.019402736672183087,112087435500.0,1.8938208288296505,0.0035728720559509665,0.004902804606469826,0.6986634618909103,bist100
2018-09-21,979.8768310546876,124330120000,979.8820190429688,965.9879760742188,0.019238268729445923,0.011977996211248173,0.017191389118498934,0.014179376966996135,111872236500.0,1.1113581339727663,0.006700780600090032,0.004959745657288415,0.696743941323459,bist100
2018-09-24,995.4686889648438,181083250000,995.6199951171876,977.8200073242188,0.015786789269238728,0.011956834046110355,0.017105115545355935,0.017881012220965487,119039979500.0,1.5211969185528968,0.010729399769765951,0.004937983406259767,0.699020945775292,bist100
2018-09-25,992.9197387695312,168410990000,1001.8099975585938,986.3629760742188,-0.002563836678992418,0.011944083780307016,0.017105499689035644,0.015557170314206475,122954906000.0,1.3696971961411608,0.009076867951201956,0.0042047233863593365,0.6982598577908242,bist100
2018-09-26,991.4837646484376,112538440000,997.7329711914062,981.4760131835938,-0.0014472604682113466,0.010607508321139318,0.016987472074289106,0.01639659527211414,122521060500.0,0.9185232280943243,0.0052009367619984224,0.0027372492016707914,0.6244312440809838,bist100
2018-09-27,1002.981689453125,189182040000,1006.3770141601562,989.3419799804688,0.011529958725084614,0.010558888271943338,0.01704432900758756,0.016984391997201705,126721671000.0,1.492894139629835,0.008508783915313097,0.003626975240680715,0.6194956848839798,bist100
2018-09-28,999.5636596679688,196345470000,1004.72998046875,991.7369995117188,-0.0034136885897983926,0.010450430889567097,0.017049611775531652,0.012998652793507127,131878515500.0,1.4888359127761035,0.003978392451464233,0.003755910244424217,0.6129424544765756,bist100
2018-10-01,985.3667602539062,164248550000,1006.469970703125,985.3720092773438,-0.014304926121794306,0.010962109575085846,0.01715502033557175,0.021411277786907275,135065197000.0,1.2160686368376599,-0.0020399506267423733,0.0024018820306419067,0.6390030067382311,bist100
2018-10-02,981.601806640625,125571920000,987.1370239257812,973.7379760742188,-0.003828183403225626,0.010804219244498411,0.017160982667965525,0.013650186624471074,137129510500.0,0.9157177003122169,-0.0022928199715890147,0.0025986516045080335,0.6295804531442533,bist100
2018-10-03,971.8739013671876,125758460000,986.9860229492188,969.4450073242188,-0.009959668960027016,0.011065905054628766,0.017190421538305075,0.018048653843182848,138570722500.0,0.907539902593782,-0.003995301669952149,0.0023148338255732934,0.6437250552565468,bist100
2018-10-04,944.9630126953124,124645500000,970.718017578125,944.968017578125,-0.02808027821812283,0.012987995870212725,0.01738119871051451,0.0272497438037849,141042136000.0,0.8837465422389803,-0.011917349058593638,0.0009257470288182145,0.7472439666865912,bist100
2018-10-05,948.8300170898438,122209020000,950.260009765625,931.6920166015624,0.004083877919308906,0.012965728317722731,0.017388261085942696,0.019569356818002554,142725074000.0,0.8562547320872295,-0.010417835756772176,0.0008553162503531874,0.7456598594671838,bist100
2018-10-08,960.8678588867188,137197120000,962.3170166015624,938.1690063476562,0.012607231113764392,0.012498460012380377,0.017456518986059637,0.025131458015345123,145129680000.0,0.9453415731365218,-0.005035404309660438,0.0023376659341240963,0.7159766516085682,bist100
2018-10-09,967.3128662109376,149770080000,971.0029907226562,955.3690185546876,0.006685090503007406,0.012481947650530385,0.017030783406777137,0.01616227046499287,148356313500.0,1.0095295337734311,-0.002932749528413831,0.0022966590761645776,0.7329050785510776,bist100
2018-10-10,944.4019775390624,140467590000,971.6890258789062,944.406982421875,-0.023970087086278572,0.013782236690462182,0.015860371361819798,0.028888168498040667,150123610500.0,0.9356795345659502,-0.005734833153664143,0.00118574241746633,0.8689731391561077,bist100
2018-10-11,947.469970703125,132616570000,951.1719970703124,934.8040161132812,0.003243344092433069,0.012763927135715777,0.01565388802721049,0.017275461453289467,148973624000.0,0.890201677580187,0.0005298913084470374,0.00017354955527936958,0.8153838275531794,bist100
2018-10-12,966.56884765625,178803170000,971.68798828125,933.8920288085938,0.019957286841422762,0.013497998261409539,0.01584226812478691,0.039103225356687664,150407343000.0,1.1887928237652599,0.003704573092869809,0.000991477596912978,0.8520243537786416,bist100
2018-10-15,986.3077392578124,180657660000,990.3790283203124,973.469970703125,0.020215884581114296,0.014090894005508505,0.0160256256649712,0.017143794927444552,153261686500.0,1.1787529168289559,0.005226303786339789,0.0022200871549257367,0.8792726287316425,bist100
2018-10-16,984.6587524414062,146431950000,992.2429809570312,979.0659790039062,-0.0016732777630619356,0.014091527656057473,0.015830225284424706,0.013382303179099725,154484384500.0,0.9478754145536308,0.0035546301331259218,0.0018514821460812619,0.8901659580247459,bist100
2018-10-17,989.9047241210938,154855720000,995.5390014648438,980.697021484375,0.005313563311412682,0.013607815803887213,0.01581779624440305,0.014993341903329628,153369857000.0,1.0096881031844478,0.009411360212664172,0.0012205405377615796,0.8602851872429567,bist100
2018-10-18,974.5347900390624,123902310000,991.72998046875,971.9149780273438,-0.015648481526300984,0.014064464389714764,0.015943484571989117,0.020332780978103412,148951296500.0,0.8318310273989458,0.005632995088917361,0.0006885803135209681,0.8821449493183205,bist100
2018-10-19,964.5408935546876,113159640000,979.3350219726562,963.35400390625,-0.010307988553778754,0.013556040668228393,0.015943054142825666,0.016568523090307066,148392772500.0,0.76256840608595,-0.00042005999012294205,-0.0007887325506402657,0.8502787826464591,bist100
2018-10-22,946.81201171875,104143270000,974.06298828125,946.8170166015624,-0.018551665948034354,0.013520697461996863,0.016042145975325172,0.028776537836933375,144545773500.0,0.72048644161844,-0.008173570095952671,-0.0025056553115039197,0.8428234902483362,bist100
2018-10-23,934.68505859375,121341540000,944.4290161132812,923.448974609375,-0.01289092738962024,0.013718780804076812,0.015514786217251523,0.022446107714047647,142192301000.0,0.8533622365390936,-0.010417100021264333,-0.003022009847035311,0.8842391130612126,bist100
2018-10-24,926.9170532226562,96366550000,941.5859985351562,926.9219970703124,-0.008345553979997006,0.013763749015203077,0.014884092354094831,0.01582018737691883,141383706500.0,0.6815958669183708,-0.01314892347954627,-0.003366924522624594,0.9247288103138159,bist100
2018-10-25,937.4720458984376,102839940000,937.656005859375,919.5819702148438,0.011322856853491856,0.013752024451808287,0.014944298738798014,0.01927954622605283,137066601500.0,0.750291747767599,-0.0077546558035877025,-0.0033772796162042317,0.9202187865868624,bist100
2018-10-26,905.41015625,103710550000,940.364990234375,905.4149780273438,-0.03479888733501655,0.015443121318239243,0.01555511442453673,0.03860130347088897,132434855500.0,0.7831061513862565,-0.012652835559835263,-0.00494653955346514,0.9928002389927245,bist100
2018-10-30,899.9942626953125,117171740000,913.8699951171876,885.6439819335938,-0.005999663835653711,0.015289127074762751,0.015542174677209059,0.03136243679938836,130081015000.0,0.9007597303880202,-0.010142435137359133,-0.00453127643915811,0.983718648921288,bist100
2018-10-31,902.0022583007812,133904210000,919.2689819335938,892.780029296875,0.0022286351978866204,0.015363590829589288,0.015500363574149231,0.02936683627224995,130497629500.0,1.026104539316555,-0.00711852261985776,-0.004228435509102497,0.9911761589393911,bist100
2018-11-01,923.869140625,113287720000,924.4089965820312,899.5009765625,0.02395341519313397,0.01652529695361334,0.015830548105899386,0.026960549848738215,129874092500.0,0.8722888285051924,-0.0006587287852315652,-0.0025327813014444484,1.043886594643874,bist100
2018-11-02,941.2249755859376,145880470000,945.7059936523438,924.780029296875,0.018611753485771945,0.016016492832020602,0.015623179207437743,0.022232691331253485,130935841000.0,1.1141370375434485,0.0007990505412244521,-0.00019817971624970943,1.0251750056349358,bist100
2018-11-05,959.471923828125,136433320000,959.4769897460938,938.1300048828124,0.019200861369232342,0.016576129679905585,0.01575433395432469,0.022248681105863557,131647056000.0,1.0363567871962134,0.011599000282074232,0.0005576694562464624,1.0521631525625559,bist100
2018-11-06,947.27197265625,131745030000,962.8209838867188,941.6380004882812,-0.012796807878441814,0.01657752965061662,0.01571890831319972,0.022362092418968325,131374451500.0,1.0028207805685871,0.01023957147351661,-0.0007125324933638479,1.0546234713193081,bist100
2018-11-07,954.9279174804688,122673210000,960.4669799804688,942.6209716796876,0.008049612665409649,0.016612348867119403,0.015517381235590908,0.01868833026462036,130019608000.0,0.9434977684288973,0.011403766967021216,-0.0006443063852437359,1.0705639447084705,bist100
2018-11-08,935.0570678710938,126270130000,956.4180297851562,932.5809936523438,-0.02102829597163049,0.016406697673065088,0.01570738394508293,0.02549260034693268,129309735000.0,0.9764936104772003,0.0024074247340683252,-0.0004972168295113317,1.0445213366164052,bist100
2018-11-09,928.3870849609376,117241850000,936.97900390625,921.27099609375,-0.007158799350649022,0.016446707394741186,0.015725573403112265,0.01691967506545066,128540999000.0,0.9120969255886987,-0.002746685833215869,-0.0010173240016654362,1.0458574052050909,bist100
2018-11-12,914.4481811523438,92692540000,936.9530029296876,914.4530029296876,-0.01512796059033621,0.01595555757654038,0.0155597051511016,0.02460500273689273,124235467500.0,0.7461036841190298,-0.00961245022512958,-0.0027715863732533847,1.0254408693220485,bist100
2018-11-13,927.0810546875,115453000000,930.948974609375,912.9769897460938,0.013720196736869115,0.01552326255254986,0.015358975170469465,0.019385559409731697,120975234500.0,0.9543523554814849,-0.0043090493020673925,-0.003096370765465644,1.0106965067823188,bist100
2018-11-14,932.8670654296876,134807280000,936.9130249023438,919.4580078125,0.006221710534984265,0.015661126578838325,0.015345968602376038,0.01871115160636934,120394001000.0,1.1197175845995848,-0.00467462972815247,-0.002701621350563334,1.0205368578959226,bist100
2018-11-15,932.9630737304688,129340710000,940.0250244140624,926.9530029296876,0.0001029121556683093,0.015563810092644554,0.014668875479290425,0.01401129567980228,119118250500.0,1.0858177437721854,-0.0004483881026927103,-0.0029621539083505522,1.0610090810722064,bist100
2018-11-16,936.1600341796876,96432680000,943.0830078125,927.4390258789062,0.003420816481540545,0.015328042762481635,0.013901863756931544,0.016710798754939186,117744769000.0,0.8189975726225256,0.001667535063745203,-0.002008689007958476,1.1025890506831497,bist100
2018-11-19,945.7039794921876,114580820000,946.0269775390624,935.6820068359376,0.01014316344798605,0.01542708770805886,0.013775247485156343,0.01093890998394623,117815828000.0,0.9725418218000386,0.006721759871409655,-0.0009861314078702357,1.1199136512561734,bist100
2018-11-20,916.859130859375,157340510000,943.9169921875,915.4580078125,-0.030975761107135992,0.01639161795854971,0.01423478567210211,0.031039647659205076,120475690000.0,1.305993848219504,-0.002217431697391367,-0.0016073361658253175,1.1515184236791596,bist100
2018-11-21,927.0750732421876,116051810000,927.0800170898438,915.593994140625,0.011080706554218273,0.01639953895716683,0.01422101650291167,0.012389528400380321,120211203500.0,0.9653992857662389,-0.0012456324935445652,-0.0004087544686333918,1.1531903471041693,bist100
2018-11-22,926.2830810546876,87576950000,929.4000244140624,918.8330078125,-0.0008546564341837869,0.016293933399504412,0.013750348420026964,0.011407977558578026,119771723500.0,0.7311988793415,-0.0014371462115149844,-3.420959134273093e-05,1.1849833110972514,bist100
2018-11-23,930.028076171875,80410940000,930.0330200195312,920.2869873046876,0.0040348841124046375,0.01610699731062636,0.01373790921444076,0.010479288705949249,118650273500.0,0.6777139034576267,-0.001314332685342166,-0.0003986082283970918,1.1724489556020143,bist100
2018-11-26,939.6190185546876,137634860000,944.3579711914062,934.552978515625,0.010259718574404051,0.014063724733517597,0.01377890993123774,0.010435072600875181,120346489000.0,1.143654967782234,-0.0012910216600585656,0.001854322067073938,1.0206703435686275,bist100
2018-11-27,935.1650390625,122122030000,941.0449829101562,930.4299926757812,-0.00475146761961532,0.014029765683150003,0.01369376808268095,0.011350927152940293,120594003500.0,1.0126708331728949,0.003953837037445569,0.0019167318778758574,1.0245365335852301,bist100
2018-11-28,940.7050170898438,122226380000,946.7340087890624,937.56298828125,0.005906586243132453,0.014058145167272692,0.01367732006919762,0.009749092798700882,120010112000.0,1.0184673438184941,0.002919012975228405,0.0021006294301381496,1.0278435465535913,bist100
2018-11-29,951.2509155273438,116592360000,955.4459838867188,948.2730102539062,0.011148259300393844,0.013280603634687893,0.013737367120576336,0.007540569491947377,120175344000.0,0.970185365144451,0.0053195961221439315,0.001460371635501143,0.9667502890561696,bist100
2018-11-30,954.1549072265624,160463590000,954.1599731445312,945.2769775390624,0.00304816319235249,0.012664401289992185,0.013741218180415833,0.009309804454382597,120904500000.0,1.3271928670975852,0.005122251938133502,0.0006821921208301703,0.9216359949834476,bist100
2018-12-03,949.7399291992188,140806830000,968.2979736328124,949.7449951171876,-0.0046378464362424945,0.011930283538057439,0.013740695576765915,0.01953479889096363,121123175500.0,1.1625093993675883,0.0021427389360041925,-0.0005097432694435715,0.86824451290736,bist100
2018-12-04,938.7999877929688,135241010000,955.5050048828124,935.3040161132812,-0.011585737404093015,0.011867545295448338,0.013641718171944508,0.02151788350255711,121297974500.0,1.1149486259558274,0.0007758849791086534,-0.0004491897457261316,0.8699450572036501,bist100
2018-12-05,939.697021484375,114802670000,941.97900390625,928.4769897460938,0.0009550547646978269,0.011705058776088503,0.01361000112323233,0.014368476063516773,120904447500.0,0.949532232881673,-0.0002144213165782717,-0.0008039176407617227,0.8600336377715588,bist100
2018-12-06,928.26806640625,112197740000,938.666015625,923.7529907226562,-0.012236950004019158,0.011052468121681924,0.013703561554345397,0.016065429203095272,120200828000.0,0.9334190276958825,-0.004891463177460873,-0.0003643503423811561,0.8065398238151591,bist100
2018-12-07,936.9900512695312,96852190000,938.0700073242188,931.4929809570312,0.009352108805401325,0.01113457988873261,0.013413253303617362,0.007019312914023221,119181345000.0,0.8126455528757458,-0.0036306740548511054,0.0004611950654213613,0.8301177676059971,bist100
2018-12-10,922.2681274414062,82152500000,934.5369873046876,922.1749877929688,-0.01583667258680313,0.011187803789437515,0.013555662537466198,0.013403910580770069,118654343000.0,0.6923682515354705,-0.005870439284963232,0.0004257594655980152,0.8253232742048418,bist100
2018-12-11,918.0040893554688,100213270000,927.0399780273438,916.0999755859376,-0.004634146707186902,0.010785440017236206,0.013557066443923798,0.011917160901850795,117892356500.0,0.8500404349793449,-0.004480121145582009,-0.0004919577066047856,0.7955585422442316,bist100
2018-12-12,900.5062255859375,126157010000,923.2650146484376,899.5679931640625,-0.01924476717715479,0.011434840708093764,0.013746254462129454,0.02631522227284552,117459843000.0,1.0740437478704956,-0.008520085533952532,-0.0017652815922117385,0.831851377376756,bist100
2018-12-13,913.8601684570312,90104790000,914.4310302734376,904.322998046875,0.014720493122159213,0.012013069625593677,0.01367786845732379,0.011060808398760934,115498047000.0,0.780141243427259,-0.0031285969087168587,-0.0010344025438871931,0.878285214035766,bist100
2018-12-14,905.2811889648438,100707560000,912.010009765625,893.375,-0.009431969711857623,0.012105617327869012,0.013712124575735915,0.020584775197785187,115711791000.0,0.8703310106054792,-0.006885412612168648,-0.0016770418535571017,0.8828403841437035,bist100
2018-12-17,899.6142578125,75591660000,909.9539794921876,899.3300170898438,-0.006279532461822121,0.011815141637274925,0.01346734974651696,0.01180946423434536,113762333000.0,0.6644700227798598,-0.004973984587172446,-0.00249817664904751,0.8773175019331965,bist100
2018-12-18,910.7362060546876,100383560000,910.7410278320312,895.6699829101562,0.012287221057552616,0.010173248598146617,0.013398950638171557,0.01654820004045169,110914485500.0,0.9050536505441392,-0.0015897110342245426,-0.00033502754081307965,0.7592571144463053,bist100
2018-12-19,925.5220947265624,116390780000,925.8350219726562,910.8790283203124,0.01610471493995614,0.01052588005733512,0.013588828620645407,0.016159520920743103,110931434000.0,1.0492136971744186,0.005480185389197643,-8.382712152618619e-05,0.7745980430824794,bist100
2018-12-20,918.5361328125,109080980000,924.2520141601562,913.3150024414062,-0.007576762197799396,0.010658279291310113,0.013613953659340304,0.01190700216143001,112006635500.0,0.9738796234085614,0.0010207343252059218,-0.00041993240970696673,0.7828937543060936,bist100
2018-12-21,918.6030883789062,113599320000,922.2239990234376,909.1630249023438,7.289111860820905e-05,0.010607822453612805,0.01351128622181347,0.014218299814496661,113666054500.0,0.9994128897999183,0.0029217064912990883,-0.0006180320593967882,0.7851082627860306,bist100
2018-12-24,915.2640991210938,70024900000,924.3569946289062,915.156005859375,-0.0036414773875159258,0.01030877410467325,0.01351187514902247,0.010052823855285857,110285556500.0,0.634941711519586,0.003449317506160327,-0.001313091857492787,0.7629417820234262,bist100
2018-12-26,910.0171508789062,44336450000,913.9390258789062,906.875,-0.005749210095313743,0.010328684101029774,0.013418937405066726,0.007762519499861869,106396277500.0,0.41671053764075533,-0.00015796872441294456,-0.0013629789812777081,0.7697095372939043,bist100
2018-12-27,909.7431640625,69310900000,919.1160278320312,907.6279907226562,-0.0003011240724692627,0.010191086827651031,0.013415514656575757,0.012627780634343699,103750503500.0,0.6680536253975866,-0.0034391365268980254,-0.001673364497057794,0.759649337989114,bist100
2018-12-28,904.3482055664062,62918650000,914.9539794921876,901.073974609375,-0.005947853003628035,0.009767211869147665,0.013381410125269158,0.01534807588203193,101066818000.0,0.6225450770598121,-0.003113354688063753,-0.002528170112258888,0.7299090139015677,bist100
2018-12-31,912.7001953125,59775490000,913.3839721679688,903.239013671875,0.00919298414013098,0.010044564251112319,0.012971278777169788,0.011115324120885294,96032413000.0,0.6224511925988989,-0.001289336083759199,-0.0022209290648699635,0.7743696225842699,bist100
2019-01-02,888.6453247070312,74791250000,909.8610229492188,886.5040283203125,-0.026709257443356175,0.011439662138229598,0.013386203578499472,0.026283820979541628,92731634000.0,0.8065343699217034,-0.005902892094927249,-0.0033244996152256476,0.8545859975268603,bist100
2019-01-03,873.9853515625,93099140000,895.4459838867188,873.989990234375,-0.016634580784536817,0.011684643986774086,0.013411275702001152,0.024549603278802092,90624540500.0,1.0273060639684015,-0.008079966232771863,-0.003576941784247838,0.8712552218302821,bist100
2019-01-04,888.3032836914062,89073780000,891.2109985351562,878.9420166015625,0.01624960508154492,0.012470900869176155,0.01356711287461087,0.01381170390658598,89338096000.0,0.997041396539277,-0.004769820401969028,-0.002812214268405483,0.9192007897652169,bist100
2019-01-07,899.5062255859375,94240720000,902.2789916992188,892.8079833984375,0.012532754158781717,0.01271325355147375,0.013355569216530683,0.010529119233846152,88440245000.0,1.0655863741671001,-0.0010736989694870767,-0.0015737290602654392,0.951906530179042,bist100
2019-01-08,906.9651489257812,95220020000,907.760986328125,893.6240234375,0.00825805028933463,0.012666033328568378,0.013397002598735707,0.015587107076130723,88358636500.0,1.077653795619628,-0.0012606857396463469,-0.0016284319860687738,0.9454378496398655,bist100
2019-01-09,911.5641479492188,109830730000,914.1939697265624,905.9140014648438,0.005057943070741584,0.012288513823005715,0.013142757025970257,0.00908325352675004,89742548000.0,1.2238423406476044,0.005092754363173206,-0.0005837012031915383,0.9350027394346143,bist100
2019-01-10,911.9581909179688,98592590000,918.4580078125,906.947021484375,0.00043217784228300875,0.012252789986942004,0.012846905094406955,0.012622274181822027,89661514000.0,1.0996088020552497,0.00850610608853717,-0.0003303849757180427,0.9537542230522427,bist100
2019-01-11,916.8651123046876,88504670000,920.2849731445312,912.625,0.005366218981535582,0.011463669839097008,0.012875608468488458,0.008354525700379938,87778897000.0,1.008268194575286,0.006329428868535302,0.0009001643322164759,0.890340046231834,bist100
2019-01-14,920.5331420898438,90915210000,920.5380249023438,903.8839721679688,0.003992639754725529,0.01102558357901646,0.012865427014102464,0.018091747024518937,87819418000.0,1.0352517936295136,0.004621405987724064,0.0003637716638447917,0.8569932087703536,bist100
2019-01-15,931.72802734375,124820820000,933.031982421875,924.7839965820312,0.012087951476141385,0.011069281497802353,0.012836143985475671,0.008852353474176166,89025081000.0,1.4020860031567959,0.005387386225085415,0.001439767723244742,0.8623525499813219,bist100
2019-01-16,954.1099243164062,162135410000,954.406005859375,930.2349853515624,0.023737933516560096,0.011966222316180877,0.013154958028162099,0.02533358043113375,93352268500.0,1.7368127481551239,0.009123384314249116,0.0029406410221638527,0.9096359175425432,bist100
2019-01-17,968.1688842773438,178977770000,973.5490112304688,951.6129760742188,0.01462764982684363,0.012073400057426305,0.013066715404460761,0.022657240397292253,97281979000.0,1.8397833991432266,0.011962478711161243,0.0030576624606284035,0.9239812518840538,bist100
2019-01-18,984.5437622070312,139406700000,986.6220092773438,970.4600219726562,0.016771809004295233,0.012112200843700996,0.013117462654940414,0.01641571246001042,98432775000.0,1.4162630282444033,0.014243596715713172,0.003091017163845358,0.9233646142029757,bist100
2019-01-21,979.5468139648438,151343010000,998.2869873046876,976.3489990234376,-0.0050883183129441295,0.012009192029813095,0.013085394349296741,0.02239605904331731,100545876500.0,1.5052134932654349,0.012427405102179238,0.003215439358088122,0.9177554538475575,bist100
2019-01-22,996.7656860351562,156660270000,996.77099609375,978.5609741210938,0.01742569333967865,0.012390983335744527,0.013190917285604696,0.01826911001028779,102698924000.0,1.5254324378315784,0.013494953474886693,0.004083079469141644,0.9393572158372079,bist100
2019-01-23,1001.4046630859376,147142530000,1004.8809814453124,990.5989990234376,0.004643233133116082,0.012256912259452168,0.012330240783267513,0.014261949188316426,106554805500.0,1.380909376255208,0.00967601339819789,0.004497314995173244,0.9940529528089302,bist100
2019-01-24,1017.7376098632812,154950730000,1017.7429809570312,1003.14697265625,0.016178456809859278,0.012272825637523192,0.012428171343977192,0.014341622201366833,112085519500.0,1.3824330804836926,0.00998617479480102,0.005593698340431895,0.9875005178031052,bist100
2019-01-25,1018.0086059570312,130864340000,1023.198974609375,1011.9959716796876,0.00026623760196115226,0.012259130958142154,0.012430272993072313,0.011004821436804485,115163191500.0,1.1363382543978906,0.0066850605143342024,0.005622066424153416,0.9862318361772473,bist100
2019-01-28,1012.8926391601562,123873820000,1028.074951171875,1012.405029296875,-0.00503813529154817,0.012215553137974764,0.01212276006616974,0.015470466729813314,118210950000.0,1.047904783778491,0.006695097118613396,0.005667552309757408,1.0076544509087477,bist100
2019-01-29,1040.978515625,149161850000,1040.9840087890625,1010.77099609375,0.027350914621525724,0.013131779533177205,0.012381178311349592,0.029023665946816116,122680268000.0,1.2158585274691445,0.008680141374982811,0.0065754488338271464,1.0606243770142258,bist100
2019-01-30,1041.8895263671875,159516390000,1047.9310302734375,1035.4990234375,0.0008747657383127691,0.01066970931262949,0.012165769722513412,0.01193217372986256,126916525000.0,1.2568606806718037,0.007926447896022147,0.007954649992910592,0.8770270649529571,bist100
2019-01-31,1040.7364501953125,181945750000,1059.302001953125,1034.0880126953125,-0.0011073292109812745,0.009257843500451002,0.012027814824091387,0.024227064645502377,131358855500.0,1.3851045619075144,0.0044692906918540375,0.008731012571588372,0.7697028625605203,bist100
2019-02-01,1029.365478515625,138520460000,1043.7149658203125,1026.48095703125,-0.010986015604064259,0.010061883977456706,0.012104765394818095,0.01674236133692228,133831189500.0,1.0350386970146448,0.0022188400506489552,0.007369231537307912,0.8312332911271522,bist100
2019-02-04,1022.5445556640624,108118620000,1035.5450439453125,1019.8870239257812,-0.006648388927650728,0.010450445922171142,0.01179455588991892,0.0153127997531243,134525084500.0,0.8037060181144134,0.0018967893234284438,0.006410174382986289,0.8860397983363987,bist100
2019-02-05,1024.478515625,149116440000,1038.52099609375,1017.5560302734376,0.001889534674494728,0.010488134192415406,0.011739807761976322,0.020464036581111088,137219905500.0,1.0866968568200917,-0.003195486665977755,0.006091748602244294,0.8933821068505976,bist100
2019-02-06,1025.8375244140625,141953600000,1030.8919677734375,1016.2050170898438,0.001325658056169592,0.01054056970788548,0.011531779879671276,0.014317033968885704,138826049000.0,1.0225285601839753,-0.0031053082024063905,0.005905134351515694,0.9140453440727616,bist100
2019-02-07,1027.83447265625,137766120000,1029.3719482421875,1019.4539794921876,0.0019447593134858106,0.010504599263188967,0.011427204602959228,0.00964938325562161,140784725500.0,0.978558714453721,-0.0024948904975129736,0.005980763425075834,0.919262376773114,bist100
2019-02-08,1024.511474609375,106586660000,1027.4239501953125,1021.1920166015624,-0.003238246412710878,0.010705375295674932,0.011429293788768871,0.006082834353930707,141688825000.0,0.7522587614090244,-0.0009453366592422974,0.005550540155363512,0.9366611352833273,bist100
2019-02-11,1043.9415283203125,125643070000,1046.5660400390625,1032.803955078125,0.018787591697490325,0.011096097213185682,0.011641449378232482,0.013182812051821048,143425218000.0,0.876017981719226,0.004141859465785913,0.006290287752501751,0.9531542725198363,bist100
2019-02-12,1037.6195068359375,140605620000,1049.7740478515625,1033.64501953125,-0.0060743267350396165,0.011337226671009115,0.011684513196194788,0.01554426089144711,144214458000.0,0.9749758931937323,0.0025490871838790437,0.005382173841942702,0.9702780492987272,bist100
2019-02-13,1016.45263671875,150040780000,1044.551025390625,1016.4580078125,-0.02061039527266068,0.011882013133153582,0.011979337666827378,0.027638294754995327,143609726500.0,1.044781461929739,-0.00183812348188701,0.0031647574024816633,0.9918756331626496,bist100
2019-02-14,1021.2945556640624,158845430000,1026.166015625,1007.4959716796876,0.004752236269345554,0.011581992562426412,0.011216406915772182,0.01828076321543966,142603109500.0,1.1138987821299928,-0.0012766280907150615,0.002670986724606759,1.0325938287902299,bist100
2019-02-15,1027.14453125,125947210000,1029.7840576171875,1011.8660278320312,0.005711657746586689,0.011128447725050127,0.011162380478508099,0.0174445068245173,141930135000.0,0.8873887846298463,0.0005133527411444519,0.0021179791617213315,0.9969600791226114,bist100
2019-02-18,1017.2796020507812,122679000000,1031.31201171875,1017.2849731445312,-0.00965064499342629,0.011328895697075445,0.011253997039784164,0.01378877404593682,140496934500.0,0.8731791938136557,-0.005174294597038871,0.0018898628276972234,1.0066552938503988,bist100
2019-02-19,1017.4156494140624,114221450000,1019.7890014648438,1007.1309814453124,0.00013372750871253164,0.010724553859045248,0.011250735591728228,0.012441345901079088,138374993500.0,0.8254486385937934,-0.003932683748288442,0.0010252645361489177,0.953231348440022,bist100
2019-02-20,1019.7075805664062,108449900000,1025.4300537109375,1016.1810302734376,0.002250165415291541,0.010695373817378052,0.011192365104695597,0.009070270353744383,136440362000.0,0.7948520394573565,0.0006394283893020021,0.0009056111502576906,0.9555955079495182,bist100
2019-02-21,1024.9344482421875,103899800000,1028.93505859375,1016.9539794921876,0.005112757136080581,0.010135261994162974,0.011173455168674924,0.011689605244618834,133887815500.0,0.7760213251070632,0.0007115325626490075,0.0003523261665687558,0.9070839629425863,bist100
2019-02-22,1031.8515625,115103400000,1034.6810302734375,1026.1199951171875,0.006726164316490254,0.010234819431155352,0.011179398535353382,0.00829677006594638,133099768500.0,0.86479038466547,0.0009144338766297205,0.0006753225022952109,0.9155071624639803,bist100
2019-02-25,1043.2955322265625,165993900000,1051.458984375,1038.75,0.011029662207504393,0.010392150610522961,0.011177681508878544,0.01218157653553539,135205772500.0,1.2277131140979947,0.005050495316815858,0.001478712377247839,0.9297232706324986,bist100
2019-02-26,1050.8173828125,147111300000,1050.822998046875,1039.4189453125,0.0071838370133321195,0.00856793636981187,0.01119987273014772,0.010852554326663488,135103245000.0,1.0888805816618246,0.006460517217739775,0.00047035849683815887,0.7650030117528723,bist100
2019-02-27,1041.404541015625,149966000000,1052.6939697265625,1041.1719970703125,-0.008997998919730316,0.008823991852232455,0.011255096111740377,0.011063877871142418,134625725500.0,1.1139475716325853,0.004210884350735403,-2.327973606399544e-05,0.7839996890855515,bist100
2019-02-28,1045.29345703125,129260610000,1050.696044921875,1041.280029296875,0.0037273438913407787,0.008858885290121505,0.01112538665953561,0.009008011636983298,131991468500.0,0.9793103408043377,0.003933801701787443,0.00021845391905210725,0.7962766204200663,bist100
2019-03-01,1032.6605224609375,134414230000,1048.3289794921875,1029.5670166015625,-0.012159162655067866,0.00894048616406941,0.011269966967212261,0.018168567968409686,131786157000.0,1.0199419503521907,0.00015673630747581915,0.00015979656650192686,0.7933018960996058,bist100
2019-03-04,1041.927490234375,130387720000,1046.1700439453125,1034.751953125,0.008933850338041102,0.008994752519882798,0.01116118074250945,0.010958623250975049,132899612000.0,0.9810993278144409,-0.000262426066416839,0.0009389085297865184,0.8058961437318721,bist100
2019-03-05,1037.300537109375,195291480000,1048.322021484375,1034.5980224609375,-0.004450652551644024,0.009070889426781885,0.011147744595517152,0.013230494473358606,135208364000.0,1.4443742548353,-0.0025893239794120677,0.0006218991684795807,0.8136972774232346,bist100
2019-03-06,1034.5235595703125,150494100000,1048.666015625,1033.6510009765625,-0.0026807094352328505,0.009098724788784152,0.010924208155098524,0.014513941716971587,135635389000.0,1.1095489245804426,-0.0013258660825125744,0.00042158079390945864,0.8328955892823786,bist100
2019-03-07,1022.8215942382812,148327720000,1041.9420166015625,1022.6400146484376,-0.011375914738896315,0.009461661902096914,0.011026894507925886,0.018871328159139552,136163469000.0,1.089335642587073,-0.004346517808559993,-0.0002444529087096476,0.858053180366973,bist100
2019-03-08,1015.3776245117188,113246730000,1024.636962890625,1008.7360229492188,-0.007304489920474182,0.0095724178304453,0.010744756639489792,0.015660124428143466,136496472500.0,0.8296678143092672,-0.003375583261641256,-0.0004477650840978129,0.890892009155811,bist100
2019-03-11,1008.4986572265624,107116010000,1023.427978515625,1006.5170288085938,-0.006797840201325104,0.008518049772160015,0.01067188117614878,0.01676844047917473,135570119500.0,0.7901151846369804,-0.006521921369514497,-0.0017270366790385842,0.7981769691361921,bist100
2019-03-12,1017.2056274414062,113247050000,1020.68701171875,1009.1920166015624,0.008596539881428054,0.008752448837186597,0.010608405070802037,0.011300561859946804,134202191000.0,0.8438539576451476,-0.003912482882900081,-0.0009934933482152008,0.8250485137748306,bist100
2019-03-13,1021.9605712890624,118301550000,1025.322998046875,1011.4299926757812,0.00466362424868347,0.007506990382855362,0.01055859930229786,0.01359446319300718,132615229500.0,0.8920660956213932,-0.002443616146116818,0.0002702076278520067,0.7109835469579399,bist100
2019-03-14,1024.3175048828125,118544800000,1027.8580322265625,1020.0960083007812,0.0023036308344340584,0.007449795593530982,0.010474068980109845,0.00757775190678721,130600198000.0,0.9076923451524935,0.000292292968549257,0.00014777735610643194,0.7112608870228057,bist100
2019-03-15,1033.0355224609375,146000250000,1033.803955078125,1026.43505859375,0.008475035294428687,0.007582855594315735,0.010344936931379929,0.00713324597669258,131602850000.0,1.1094003663294525,0.003448198011529831,0.00028594623349853185,0.7330016262655209,bist100
2019-03-18,1045.9415283203125,136386760000,1048.8280029296875,1037.8509521484375,0.012415886598709151,0.007665875503774038,0.010358728132978142,0.010494899078037518,132288238000.0,1.030981756669856,0.007290943371536682,0.001389272813105304,0.7400402255339521,bist100
2019-03-19,1048.6103515625,162140610000,1059.291015625,1041.5439453125,0.0025483490880476517,0.007664074914063173,0.01035518397175249,0.016924370702669177,134684196000.0,1.2038577265590984,0.006081305212860601,0.00151000389207206,0.7401196284846034,bist100
2019-03-20,1033.0965576171875,179822460000,1050.988037109375,1031.81201171875,-0.014905154123814969,0.008492154787185143,0.010563004660014346,0.018561697112662968,138252824000.0,1.3006783861427669,0.0021675495383609135,0.0006522379151167344,0.8039525741507729,bist100
2019-03-21,1034.072509765625,150372840000,1042.4830322265625,1025.3409423828125,0.0009442403491317035,0.008427827880088203,0.010514814800862209,0.016577260957875473,140576476000.0,1.0696870790814248,0.0018956714413004426,0.0004438120757692906,0.801519383812364,bist100
2019-03-22,998.3477172851562,173205470000,1037.5579833984375,996.5239868164062,-0.03515854836562239,0.01144754865566049,0.011562204277683459,0.0411019085550839,143481579500.0,1.207161717926307,-0.006831045290709772,-0.0016504235583363416,0.9900835844732245,bist100
2019-03-25,993.2537231445312,157813770000,1003.8170166015624,983.6710205078124,-0.005115486608516076,0.0110693265844919,0.011553552939892084,0.02028282967817126,143072573000.0,1.1030330040964595,-0.010337319932154818,-0.0024576809991373647,0.9580885327726116,bist100
2019-03-26,973.7808227539062,142083090000,1002.6010131835938,971.5390014648438,-0.019799892787688816,0.011469541325395429,0.011831965643420537,0.0318983604861974,142821162500.0,0.9948321909226863,-0.014806968307302113,-0.003806867489188412,0.9693690525355233,bist100
2019-03-27,918.546142578125,194746970000,979.9840087890624,905.239013671875,-0.058394110069003025,0.016749356002056535,0.013659231452646982,0.0813731522592836,145060211000.0,1.3425250705033098,-0.023504759496339723,-0.0062766730466520485,1.2262297523928938,bist100
2019-03-28,921.1981201171876,197751380000,937.4429931640624,907.7680053710938,0.0028829869777968592,0.016723857797716922,0.013474158945045955,0.0322134697682553,148484749500.0,1.3317958959818967,-0.023117010170606696,-0.006318890892329243,1.2411800889335496,bist100
2019-03-29,937.8369750976562,123921650000,942.469970703125,919.0440063476562,0.017901006110280403,0.0175039468066208,0.013507737524931455,0.024978716959873994,147960120500.0,0.8375341246089347,-0.012505099275426132,-0.00481588245406183,1.2958459382493535,bist100
2019-04-01,941.0079956054688,156404160000,951.1749877929688,918.64501953125,0.0033755031076510736,0.017317277357934414,0.013425607470007449,0.03456927934048863,149260942500.0,1.0478572450391703,-0.010806901332192705,-0.005093799815581331,1.289869184438833,bist100
2019-04-02,935.3260498046876,120681630000,953.52197265625,931.322998046875,-0.006056451603349493,0.017317861082940672,0.013417141526969222,0.023733942419341934,145530450000.0,0.8292534655118567,-0.008058213095324836,-0.005174089768166605,1.2907265715376692,bist100
2019-04-03,944.406005859375,105119720000,948.9130249023438,940.4149780273438,0.009660979765710006,0.017628482358845256,0.013456669759539974,0.008998298213136718,143261731000.0,0.7337599459830623,0.005552804871617768,-0.004557005308119462,1.3100182046414357,bist100
2019-04-04,983.3638305664062,145159750000,983.3690185546876,942.9730224609376,0.04042300968453063,0.020192562739245495,0.014405644341513889,0.04107939995157476,143103332500.0,1.0143701580115194,0.013060809412964522,-0.0019670590869481147,1.401711874911071,bist100
2019-04-05,987.8287353515624,140591220000,992.1409912109376,974.2219848632812,0.0045301636158999814,0.020201322251305047,0.014402005533461056,0.018139790538973435,144470557000.0,0.9731479058393885,0.010386640914088438,-0.0013753264101294068,1.4026742459145767,bist100
2019-04-08,969.7778930664062,106219520000,990.7689819335938,967.3560180664062,-0.018442268877884343,0.020530942279427065,0.0146189947119687,0.02414260423400297,144425732500.0,0.7354611824454482,0.006023086516981356,-0.001957547843957369,1.4044017857546798,bist100
2019-04-09,981.3478393554688,124488430000,987.4829711914062,974.968994140625,0.011859903965137872,0.020631953955309923,0.014616057695400399,0.012751826160844457,144987801500.0,0.8586131296018031,0.009606357630678828,-0.0017943796397718779,1.4115949995054204,bist100
2019-04-10,970.1448974609376,117438280000,984.5609741210938,969.125,-0.01148153385607798,0.02068176770458559,0.014387315087955349,0.01591099861628172,144944638000.0,0.8102285232517535,0.005377854906321231,-0.00260163754500995,1.4375001574755097,bist100
2019-04-11,960.724853515625,101402930000,975.3090209960938,960.218017578125,-0.009757383871089481,0.020707034701133303,0.014319342340962927,0.015707934860585256,144087544500.0,0.7037591649707099,-0.004658223804802792,-0.003204688280286127,1.446088389261935,bist100
2019-04-12,959.762939453125,84160920000,961.6849975585938,950.2849731445312,-0.0010017393981470181,0.020533401561758,0.01414659474634506,0.011877958551471323,140995578000.0,0.5969046773934995,-0.005764604407612191,-0.0036785270149149118,1.4514730880421274,bist100
2019-04-15,951.9119262695312,74241620000,965.3140258789062,951.9169921875,-0.008213799809114264,0.02019777263113156,0.014169793197545279,0.014073816412730726,137888321000.0,0.5384184785308975,-0.0037189105938581755,-0.004710011335306083,1.425410544074175,bist100
2019-04-16,968.0848999023438,104191890000,971.02099609375,956.7689819335938,0.01684727385239078,0.020714678436820216,0.014157598321588315,0.014721863920813073,134990885000.0,0.7718438915338617,-0.0027214366164075936,-0.003995065097088927,1.463149184366482,bist100
2019-04-17,982.0267944335938,115360230000,986.6199951171876,972.9769897460938,0.014298803614874128,0.020933292778648485,0.014271315868509387,0.013892701755620402,131767773500.0,0.8754813634306419,0.0024346308777828275,-0.0025348672101544716,1.4668088753356792,bist100
2019-04-18,968.85986328125,109200900000,979.1209716796876,966.2369995117188,-0.013498612060641502,0.021055717934524272,0.014203734393888976,0.01329807607504201,129709176500.0,0.8418903191479286,0.0016863852398724232,-0.0032570098306431323,1.482407186069552,bist100
2019-04-19,968.60888671875,0,972.9310302734376,967.375,-0.0002590767607516819,0.019673523060869235,0.014203215195479797,0.005736092606231569,121048903000.0,0.0,0.0018349177673514904,-0.001512036250399597,1.385145742713972,bist100
2019-04-22,959.52294921875,69401650000,964.5230102539062,958.9949951171876,-0.0094246716795922,0.019738553210535362,0.014236498597464143,0.005761212007716525,116628297000.0,0.5950669930471505,0.001592743393255903,-0.001727495503953403,1.3864752681569656,bist100
2019-04-24,961.4168701171876,108711880000,965.3720092773438,958.2139892578124,0.0019718696994529836,0.019284534915580687,0.013751600710724985,0.007445282314069305,114959736500.0,0.9456517847881463,-0.0013823374373316559,-0.0006389073795963129,1.4023483753815307,bist100
2019-04-25,944.97998046875,118979600000,964.5709838867188,938.9169921875,-0.01724436017442281,0.014366234133335005,0.013900612790900675,0.027147656277853933,111171368000.0,1.0702359981753575,-0.007690970195191044,0.0014185801151326977,1.033496461590465,bist100
2019-04-26,947.8259887695312,93475250000,951.447998046875,940.4619750976562,0.0030071866760557485,0.014366927284510684,0.013913363664041792,0.011590759358140008,105957561500.0,0.8821951796238723,-0.004389810447851593,0.0014247901000456421,1.0325991350058001,bist100
2019-04-29,945.3460083007812,105250420000,951.1389770507812,942.3670043945312,-0.0026199224276876373,0.013851851429327341,0.013859098754816394,0.009279113233912357,105024000000.0,1.0021558881779402,-0.0048619795812387834,0.0003987436731472401,0.9994770709396573,bist100
2019-04-30,954.1509399414062,129734230000,957.302001953125,947.3610229492188,0.009270870072516195,0.013980659074359518,0.013909580414704519,0.01041866500128032,103690503500.0,1.2511679046866622,-0.0011228712308171053,0.0006935120213904962,1.0051100505936081,bist100
2019-05-02,941.7890014648438,115892190000,960.5050048828124,939.197021484375,-0.013040617366603027,0.014242898706033631,0.013987542158006362,0.02262500768781042,103451031500.0,1.1202613286654373,-0.004125368644028307,0.00034430373322781957,1.0182559984551043,bist100
2019-05-03,939.4559936523438,89082780000,943.958984375,934.7570190429688,-0.0024802819564399684,0.014082744999448076,0.013983589151557887,0.009794993479424797,102649184500.0,0.8678371916339969,-0.0011725530004317389,-0.0002627593528796792,1.0070908725088752,bist100
2019-05-06,929.8180541992188,109238540000,930.7620239257812,915.4119873046876,-0.010312051216859304,0.010475798103595686,0.014022390802478699,0.016508645483673094,100853124000.0,1.0831448314878178,-0.0038364005790147496,-0.002799512397949176,0.7470764615791415,bist100
2019-05-07,914.8201293945312,119470080000,919.2670288085938,906.9819946289062,-0.016261460306698908,0.010738494165731739,0.014147309065185189,0.01342890671614133,99797067000.0,1.1971301721722944,-0.006564708154817004,-0.00383909359407912,0.7590485311555022,bist100
2019-05-08,902.7172241210938,122743460000,916.0059814453124,897.343994140625,-0.013318113262082697,0.010428392718060248,0.013957964442721767,0.02067312642988188,100623264000.0,1.2198318273595259,-0.011082504821736783,-0.0035828858132890377,0.7471284771396608,bist100
2019-05-09,886.8543090820312,105519170000,906.9660034179688,886.4760131835938,-0.017728635290299232,0.010218982615757353,0.014090109505075863,0.023104122091467158,99674801000.0,1.0586343683796269,-0.012020108406476023,-0.005062312776060894,0.7252592758115922,bist100
2019-05-10,885.3292846679688,106341140000,898.5549926757812,883.155029296875,-0.0017210686250313074,0.010128954555728369,0.0138908721122909,0.017394616495354953,99119944000.0,1.0728531081494557,-0.01186826574019429,-0.0045742895145085595,0.7291806067932972,bist100
2019-05-13,862.8204345703125,138535370000,887.406982421875,854.4660034179688,-0.025753050625005436,0.01114072915210187,0.014183488277983856,0.038178255502619114,100976566000.0,1.3719556476103574,-0.014956465621823517,-0.005374072852204358,0.7854717354259692,bist100
2019-05-14,880.2243041992188,130885020000,880.22900390625,860.4429931640625,0.019970167876446437,0.0124803493294374,0.014445718018328186,0.022478373577957223,103312771000.0,1.2668813229295728,-0.007710139985194447,-0.004325477488474685,0.8639480096179919,bist100
2019-05-15,873.7993774414062,108950900000,881.156982421875,860.4310302734375,-0.007325962084060849,0.01246736310460414,0.0144295209618372,0.023719348724103785,105048235000.0,1.0371511715546673,-0.006511709749590078,-0.004281085602222014,0.864017810263936,bist100
2019-05-16,872.0343627929688,113988100000,885.3049926757812,870.8839721679688,-0.0020219740392207848,0.011457383964454521,0.014425449285697183,0.01653721587487054,105538045500.0,1.0800664296933564,-0.003370377499374389,-0.005224547996802592,0.7942479806028991,bist100
2019-05-17,867.9564208984375,108605120000,875.1859741210938,865.5170288085938,-0.004687322943455682,0.010501290650978374,0.014413958842961245,0.011139897211073684,105200290000.0,1.0323652149628104,-0.003963628363059264,-0.006173854324719083,0.7285500649328175,bist100
2019-05-20,867.71044921875,98064930000,871.1640014648438,865.2059936523438,-0.0002834319022492275,0.01043167734527975,0.014381274444074933,0.006866354805182235,104643491500.0,0.9371335817861162,0.0011302953814919772,-0.005513095316799469,0.7253652926133809,bist100
2019-05-21,853.0914916992188,111882730000,871.5369873046875,849.7659912109375,-0.016991274686677826,0.010656659693831737,0.014441510812710046,0.025520118657361986,110237628000.0,1.0149232347415893,-0.006261993131132876,-0.006349705213095776,0.7379186175211501,bist100
2019-05-22,836.74853515625,104967800000,855.802978515625,836.7529907226562,-0.01934321101783031,0.011031487049565759,0.014467614422374393,0.022766681975023066,112015935500.0,0.9370791712041721,-0.008665442917886767,-0.0068456321800076814,0.762495234356356,bist100
2019-05-23,845.9574584960938,97600940000,847.1179809570312,835.35302734375,0.010945483421249933,0.01157794998614454,0.014523518673744948,0.013907263887945939,111460388500.0,0.8756558389351029,-0.006071951425792623,-0.006396951493917833,0.7971862911619831,bist100
2019-05-24,860.7184448242188,125614680000,864.9630126953125,849.8590087890625,0.017298368576528972,0.01242042355501309,0.014753253333746339,0.017548135510601998,111792142500.0,1.1236449824727173,-0.001674813121795693,-0.004669815056370244,0.8418769253153693,bist100
2019-05-27,855.449462890625,83524360000,869.4520263671875,853.0969848632812,-0.00614042304996796,0.012290590963734338,0.014729976310223582,0.019118653074655507,111294598000.0,0.75047991098364,-0.0028462113513394393,-0.0051271955426714306,0.8343931249369255,bist100
2019-05-28,867.7714233398438,117637410000,877.2880249023438,860.9949951171875,0.01430132441213401,0.013032304877433534,0.014857031776424215,0.01877571598572386,111913947500.0,1.0511416371940594,0.0034123084684229282,-0.0042811332006803485,0.8771809250696874,bist100
2019-05-29,871.8583374023438,97075030000,877.6939697265625,865.5880126953125,0.004698610789038656,0.012820444547686072,0.014809843838113481,0.01388523400179789,110280987500.0,0.8802517297009151,0.008220672829796721,-0.004509746164854224,0.8656704748427094,bist100
2019-05-30,900.1112670898438,126744250000,900.1160278320312,880.322021484375,0.03189143217857576,0.014998662637081005,0.01547642958448688,0.021990621683530744,110823590500.0,1.1436576763861481,0.012409862581261888,-0.002263143687595285,0.9691293818902019,bist100
2019-05-31,905.8921508789062,99224110000,905.89697265625,889.7509765625,0.006401874409732892,0.015122880002154972,0.015517646312839414,0.017823309406185914,111330657000.0,0.8912559457903855,0.010230563747902672,-0.0018190358692866421,0.9745601682931896,bist100
2019-06-03,903.451171875,33812380000,908.6710205078124,898.2000122070312,-0.0026981949242263314,0.014993106419810566,0.015471167105599318,0.011590010203927088,107559349000.0,0.31436021428504557,0.010919009373050997,-0.0014383430546549936,0.9690998951452258,bist100
2019-06-07,938.0859985351562,98291310000,938.0910034179688,902.9569702148438,0.03761956240883514,0.01690796838909025,0.016279412330351784,0.03745289158775169,106500410500.0,0.9229195412350077,0.015582656972391223,0.0012557080811217089,1.038610488264774,bist100
2019-06-10,941.0260009765624,138365360000,944.4819946289062,930.1389770507812,0.0031291427451876136,0.016558185101525874,0.016273235737322325,0.015241892958579615,107281505500.0,1.2897410355599457,0.015268763363621013,0.0020780708814852242,1.0175103076488976,bist100
2019-06-11,928.2510375976562,128466760000,945.8930053710938,926.5430297851562,-0.013668559565739596,0.016325831861763836,0.016300955272247876,0.020845627747441968,108428885000.0,1.1848020017913123,0.006156765014757944,0.002281074667713206,1.0015260816989242,bist100
2019-06-12,926.0531005859376,113072390000,936.1439819335938,924.02099609375,-0.002370633808994514,0.016334856301888023,0.016280973544696025,0.01309102667241568,108765447500.0,1.0395984441658275,0.004402263371012462,0.002248596408515046,1.003309553758814,bist100
2019-06-13,905.0101928710938,107670870000,921.72900390625,905.0150146484376,-0.02298537056987306,0.016095113557087707,0.016502915002771425,0.018468288412076553,107222222500.0,1.0041842771912324,0.0003448282418831168,0.002386980411271665,0.9752891264594629,bist100
2019-06-14,907.8651733398438,96998500000,913.2269897460938,900.2410278320312,0.003149673587257796,0.015558493527287014,0.016459537063123482,0.014303844111884912,105527896500.0,0.9191740119637465,-0.006549149522432353,0.0015459556968122326,0.9452570547773669,bist100
2019-06-17,922.4931030273438,116228260000,925.655029296875,903.9210205078124,0.015984019428864522,0.015731039871352555,0.01651940298359167,0.023560077270754827,105891764500.0,1.0976137809092794,-0.003978174185696971,0.002711454772458501,0.9522765372924085,bist100
2019-06-18,942.1820068359376,128594300000,942.5180053710938,920.8300170898438,0.0211185696211181,0.016208329541415455,0.016779752257029358,0.02301889457015128,106622074500.0,1.206075764357783,0.0029792516516745685,0.0038684819554754453,0.9659457000996827,bist100
2019-06-19,942.4359741210938,137744630000,947.7440185546876,933.1710205078124,0.0002695159329473603,0.01610820521597563,0.016692762397681485,0.015463117333212857,108079050000.0,1.2744803918983374,0.0035072816000629435,0.004116323899295598,0.9649813992567794,bist100
2019-06-20,941.572021484375,176255070000,959.5479736328124,940.3829956054688,-0.0009171433447135288,0.01611793556748339,0.016689814044894023,0.020354234822239428,111988557000.0,1.573866783550037,0.00792092704509485,0.004084638327172383,0.9657348802166199,bist100
2019-06-21,940.218017578125,108304890000,943.7780151367188,930.25,-0.001439059737600711,0.015407094493063659,0.016096514350354574,0.01438816836499804,111809665000.0,0.9686540962268333,0.007003180380123149,0.004862249074626238,0.9571696180747524,bist100
2019-06-24,951.8199462890624,119255060000,962.1179809570312,948.9749755859376,0.012264102888977833,0.01438040457784391,0.01617736849021813,0.013808289500903334,112524028000.0,1.059818619361902,0.0062591970721458095,0.006442614769966645,0.8889211237624475,bist100
2019-06-25,954.2059326171876,120492370000,959.9450073242188,946.1920166015624,0.0025036255812039953,0.014365164813343477,0.015986407389357197,0.014413021605236494,113668599500.0,1.0600321507436186,0.002536208264162989,0.006020521877964349,0.8985861840920527,bist100
2019-06-26,948.3070068359376,97805450000,958.4760131835938,945.1909790039062,-0.006201213734250091,0.014355213098485019,0.014080193018882576,0.014009212295091568,112278138000.0,0.8710996792625827,0.0012420623307234989,0.004845542762425395,1.0195324083436657,bist100
2019-06-27,955.7259521484376,111191210000,959.9010009765624,952.5650024414062,0.007792914322412067,0.014130332023365302,0.014108331339382225,0.007675838998266266,113661480500.0,0.978266423337676,0.002984073864148618,0.005542209631044397,1.0015594107803283,bist100
2019-06-28,964.847900390625,96416650000,966.5029907226562,955.322021484375,0.009499261717027334,0.0140139827876469,0.013974901403896959,0.01158832312715254,112600442500.0,0.8562723898709368,0.005171738155074226,0.005302106496289063,1.0027965409286568,bist100
2019-07-01,997.3516845703124,173885210000,999.7059936523438,983.7449951171876,0.033132977820699266,0.015330070360774188,0.014593968590583753,0.016003380534753486,116440951500.0,1.4933338122026596,0.009345513141418512,0.0067238248478720935,1.05043876623562,bist100
2019-07-02,1002.0046997070312,152178290000,1003.416015625,991.7890014648438,0.004654521398756793,0.014140258280657018,0.014572065818854871,0.01160375212167746,117712653500.0,1.2927946611958756,0.009775692304929072,0.005361979308881146,0.9703674452499977,bist100
2019-07-03,993.6277465820312,125465140000,1005.0079956054688,991.427001953125,-0.008395335866902122,0.014466341420975888,0.014579717316198712,0.013668090186753395,119024705000.0,1.0541100689978606,0.009336867878398667,0.004622118795049394,0.9922237247290894,bist100
2019-07-04,993.8167724609376,102792460000,1000.0869750976562,985.2730102539062,0.00019022003146780244,0.014403696957288827,0.013622449058344881,0.01490613285491946,122473709000.0,0.8393022538412713,0.007816329020209813,0.004766539542834101,1.0573500326995435,bist100
2019-07-05,996.3427124023438,133800210000,1004.4749755859376,992.6190185546876,0.0025384310322565454,0.012152479283276226,0.013614083631110975,0.011899476840316689,124249154000.0,1.0768701893938046,0.006424162883255656,0.003012482974005171,0.8926402696326411,bist100
2019-07-08,986.94873046875,122081410000,991.0020141601562,978.9099731445312,-0.009473193886537943,0.012468718489449006,0.013454865390671781,0.012251944444856727,123434956500.0,0.9890343340462068,-0.0020970714581917864,0.0023823661424188934,0.9267070407180388,bist100
2019-07-09,968.1068725585938,140161460000,991.1510009765624,967.8389892578124,-0.01927560655240147,0.01290404565483377,0.013600798070093543,0.024079998169147448,124019691500.0,1.1301548835089628,-0.006883097048423439,0.0021020137930857995,0.9487712109488748,bist100
2019-07-10,985.8477783203124,138162850000,986.9910278320312,962.7100219726562,0.018159472923995508,0.013338777352681352,0.013722825468375069,0.024629568979447295,125274214500.0,1.1028833870676555,-0.0015721352902439123,0.003128519129735301,0.9720139182285183,bist100
2019-07-11,994.0587768554688,108988360000,997.2650146484376,989.3250122070312,0.00829437691164073,0.011868504018881437,0.013697171440626935,0.007987457710019094,125340089000.0,0.8695411090700598,4.869608579067298e-05,0.00469250650381099,0.8664930617483898,bist100
2019-07-12,970.9778442382812,127019600000,998.7059936523438,968.552001953125,-0.023492685991004965,0.01344168759307059,0.014044228468131251,0.031055282958463527,126841144000.0,1.001406925185096,-0.005157527318861629,0.0033603885248978524,0.9570969045093556,bist100
2019-07-16,980.27978515625,97501200000,987.5330200195312,976.3389892578124,0.009534375413353616,0.013198051098447412,0.014051054490107287,0.011419220238163547,125904791000.0,0.7744042083354874,-0.001356013458883317,0.0030379063241223066,0.9392925710835129,bist100
2019-07-17,998.0567016601562,116072690000,999.2039794921876,980.39501953125,0.017972064012217636,0.012988266281256312,0.014073980178759805,0.018845582550220848,125278710500.0,0.9265156828062977,0.006093520654040503,0.0028805810436772837,0.9228566557780127,bist100
2019-07-18,1015.6576538085938,134018870000,1018.4459838867188,993.8809814453124,0.017481526455289283,0.01337075252665686,0.014132713931288912,0.024186301702439367,125092422500.0,1.0713588187166172,0.005957931360299258,0.00374118156979438,0.9460852736185993,bist100
2019-07-19,1018.486572265625,139643270000,1028.8189697265625,1016.6519775390624,0.002781435302933406,0.013328443244548582,0.0140139856432339,0.011946148843606863,123261832500.0,1.132899512912888,0.004855343038557793,0.0039261105021767264,0.9510815540890535,bist100
2019-07-22,1010.8816528320312,99076180000,1021.469970703125,1008.468017578125,-0.007494899091347355,0.013524094163769457,0.014054613803338648,0.012861993378329137,122800397000.0,0.8068066750631108,0.008054900418489313,0.003623318534489394,0.9622529905842616,bist100
2019-07-23,1025.5565185546875,124203870000,1029.1739501953125,1010.864990234375,0.01441253650749181,0.01360463275954011,0.014100055623670796,0.01785270692515342,123047837500.0,1.009394984288123,0.009030532637316954,0.003730740215415093,0.9648637652677778,bist100
2019-07-24,1034.5675048828125,121128180000,1034.572998046875,1017.6929931640624,0.008748059526522103,0.013646577849209798,0.014134178247257975,0.016316001423923174,123079628000.0,0.9841448334569227,0.007185731740177848,0.004042961912680999,0.9655020341813808,bist100
2019-07-25,1020.444580078125,159265050000,1041.5389404296875,1016.0460205078124,-0.013745074549763148,0.01404312580963632,0.014063732794128125,0.024982169947850946,126152608000.0,1.2624792505280589,0.0009404115391673611,0.0036657688719053455,0.9985347428884308,bist100
2019-07-26,1028.366455078125,103810330000,1032.5909423828125,1015.4619750976562,0.0077331821654219235,0.014042208198170014,0.014086782870411941,0.016656481938488517,125783564000.0,0.8253091795045655,0.0019307609116650647,0.0036627822640558387,0.9968357095688929,bist100
2019-07-29,1033.7254638671875,91580990000,1035.262939453125,1025.240966796875,0.005197654677334378,0.01398091699480741,0.014085507859014456,0.00969500414428953,125541781000.0,0.7294861461301079,0.004469271665401411,0.003447701912071191,0.9925745762769845,bist100
2019-07-30,1026.85546875,111652940000,1035.5269775390625,1019.6959838867188,-0.006668042456718391,0.01225982179381377,0.014086568827590676,0.015416963861150736,122430167500.0,0.9119724515610093,0.000253155872559371,0.0014576508982003078,0.8703199440449298,bist100
2019-07-31,1020.819580078125,109253830000,1030.6629638671875,1015.39697265625,-0.005895375007852314,0.012341720794404291,0.013993830620463095,0.014954641847454738,120283944500.0,0.9082993615993363,-0.0026755310343155123,0.0009301560778698524,0.8819401298424369,bist100
2019-08-01,1018.99755859375,100760850000,1021.833984375,1010.9299926757812,-0.0017864561821769925,0.012166119237669542,0.013990904080441619,0.010700704439632431,119048730000.0,0.8463832415515898,-0.0002838073607982813,0.0012606000621061088,0.8695734862964997,bist100
2019-08-02,996.7886962890624,94142690000,1017.0689697265624,996.2979736328124,-0.022035829365452973,0.013237014959797592,0.014236315558465709,0.02083791296096976,118616241500.0,0.7936745323362822,-0.006237609666973261,0.00014929759226007012,0.9298062343052043,bist100
2019-08-05,986.7277221679688,92918940000,999.8060302734376,985.0419921875,-0.010144670658839717,0.01341908990993488,0.014130963173925882,0.014962626218202432,116572178000.0,0.7970936255475985,-0.00930607473420808,-0.0004848574922947429,0.9496231604860075,bist100
2019-08-06,995.8327026367188,91267720000,1000.5759887695312,988.2249755859376,0.009185136924826776,0.013409893130515667,0.014035765183962923,0.012402698918092574,115031493500.0,0.7934150659358343,-0.006135438857899046,0.00044805904827349306,0.9554087685819673,bist100
2019-08-07,980.559814453125,117341460000,1001.7760009765624,977.2269897460938,-0.015455626428468575,0.01313864139470348,0.013985590215271081,0.025035710079716087,113890493500.0,1.0303007423530042,-0.008047489142022298,0.0006390580544701377,0.9394413244252784,bist100
2019-08-08,992.0797729492188,110329400000,993.3159790039062,978.5180053710938,0.011679872523636739,0.01275825726869209,0.014037361698893063,0.014916112631569558,112498821000.0,0.9807160556820413,-0.005354223400859552,0.0003150780344521994,0.9088785729371183,bist100
2019-08-09,994.0447387695312,97830190000,998.7529907226562,987.781005859375,0.0019786941350619634,0.012627858629279995,0.013559939564016781,0.011037717353509478,111940912500.0,0.8739449037455362,-0.0005513187007565655,-7.061043767389715e-07,0.9312621615799679,bist100
2019-08-15,965.7818603515624,110947330000,985.3090209960938,965.0780029296876,-0.028844223195699726,0.013195766604526456,0.013944367354935152,0.02094781326607405,111137299000.0,0.9982906818708992,-0.004291229208128568,-0.00026828296461147707,0.9463151872470031,bist100
2019-08-16,957.3369140625,108722990000,975.7169799804688,957.3090209960938,-0.008782609461481622,0.013115003294773643,0.01396133318436966,0.019228297492739563,111698388500.0,0.973362207459242,-0.007884778485390247,-0.001184132208353239,0.9393804389294627,bist100
2019-08-19,952.85693359375,104403740000,967.322021484375,950.9940185546876,-0.004690611571414167,0.012328227382864643,0.013977055870556402,0.01713583892190978,111114941000.0,0.939601272883725,-0.005731775513979365,-0.0023172659875348293,0.8820332047777583,bist100
2019-08-20,960.3129272460938,109319910000,965.8280029296876,953.1400146484376,0.0077944269903159995,0.011682827648779691,0.013976636173009182,0.013212347685077579,109879993000.0,0.9949027754306464,-0.006508864620643514,-0.002801620960783493,0.8358826475959106,bist100
2019-08-21,955.2159423828124,108079620000,964.531005859375,952.614990234375,-0.005321764629575237,0.011619353840991116,0.014003773753787127,0.012474682526000532,108301810500.0,0.9979484137986779,-0.007968956373570955,-0.003206780957408925,0.8297301888249103,bist100
2019-08-22,953.9369506835938,108898500000,961.1710205078124,943.4929809570312,-0.0013398527642300357,0.011581249646108715,0.013795797773312675,0.018531664527842228,108792926500.0,1.0009704077590007,-0.0024680822872770155,-0.0028990286410530593,0.8394766171849881,bist100
2019-08-23,971.48486328125,109747420000,974.0390014648438,952.7069702148438,0.01822810809130927,0.011908243967133,0.013669070878486709,0.021958171512780702,108070104000.0,1.0155206290909093,0.002934061223281163,-0.002708250061862187,0.871181667941673,bist100
2019-08-26,971.0078735351562,101523240000,974.4810180664062,956.489013671875,-0.0004911109798666139,0.011616050094081782,0.013628821028370151,0.018529205462595903,107089857000.0,0.9480191947590331,0.003773961341590673,-0.003170208587181622,0.8523151100085233,bist100
2019-08-27,960.2999267578124,120450130000,973.5059814453124,959.1790161132812,-0.011088917571718142,0.011503420954190205,0.013591931273684636,0.014919261090024425,105149111000.0,1.1455173406078536,-2.7075708161548166e-06,-0.003037400738279372,0.8463419011293855,bist100
2019-08-28,959.0789184570312,124267010000,965.9669799804688,952.9149780273438,-0.001272295428839033,0.011232706916270095,0.013558066571700058,0.013608892555080968,106171945000.0,1.1704316992591592,0.000807186269331086,-0.0034876746179924195,0.8284888451363914,bist100
2019-08-29,967.1798706054688,118424120000,972.5670166015624,957.822998046875,0.008411123109950198,0.011385425845775675,0.01348793598932993,0.015244339758081829,107514101500.0,1.1014752329953668,0.0027573814441671325,-0.003327001196361629,0.8441192080673044,bist100
2019-09-02,983.423828125,139117420000,986.3079833984376,967.3770141601562,0.016655697978154284,0.012191188315435057,0.013619070480870908,0.01925006156742737,108887325500.0,1.2776273029132303,0.0024428994215361355,-0.0021608141746179955,0.8951556813336543,bist100
2019-09-03,988.2557373046876,184539130000,994.7520141601562,979.572998046875,0.004901322646406307,0.012255986241222074,0.013049070615822615,0.015359400952914914,112651590500.0,1.638140475255873,0.00352138614679072,-0.0016209792919050642,0.9392229226165051,bist100
2019-09-04,1000.7697143554688,181672800000,1002.4099731445312,992.8889770507812,0.012583189579946745,0.01266030154901511,0.013112216445478872,0.00951367328285095,116697188000.0,1.5567881549982163,0.008255807577123696,-0.0009024970037988774,0.9655348202691099,bist100
2019-09-05,1002.7786865234376,181924580000,1008.7659912109376,998.1539916992188,0.0020054148333785607,0.011649080863541309,0.013099772935666193,0.010582593800941174,121086282500.0,1.5024375696726837,0.008911349629567215,0.00029956520614269933,0.8892582276617065,bist100
2019-09-06,989.8697509765624,146763650000,1004.0230102539062,989.3599853515624,-0.01295674228970426,0.011797798306239332,0.012358008801403827,0.014813085143654467,123778518000.0,1.1856956471235178,0.004637776549636324,0.00015896162459947213,0.9546682233224453,bist100
2019-09-09,1006.044677734375,152143040000,1011.655029296875,998.364990234375,0.016208391137201537,0.012178969999579164,0.012512465725809465,0.013210187734832346,126822284000.0,1.1996554170243456,0.004548315181445775,0.0005101243352182102,0.9733469218986631,bist100
2019-09-10,1012.1236572265624,166427430000,1014.1010131835938,1003.3619995117188,0.006024272377737086,0.0116317402040432,0.012375678994193392,0.010610377096907524,129276582500.0,1.2873749195837536,0.0047729051277119305,0.0015841192755284932,0.9398870324206661,bist100
2019-09-11,1019.216552734375,146463330000,1021.8790283203124,1013.5280151367188,0.006983492276895461,0.011463388906250165,0.012385753899497306,0.008193561183037469,131083279000.0,1.117330380482777,0.0036529656671016745,0.0013493002631914295,0.9255301695212451,bist100
2019-09-12,1024.467529296875,165817270000,1030.0899658203125,1017.4609985351562,0.005138747386403112,0.011494256907207711,0.01196466532859789,0.012327347547875837,134482633000.0,1.2330013645702491,0.004279632177706584,0.0015073029257584869,0.9606835286678842,bist100
2019-09-13,1030.7125244140625,133474570000,1032.5849609375,1023.093017578125,0.006077340354668976,0.009029003614926942,0.011975123413092556,0.009209108393022547,135608995000.0,0.9842604467351151,0.00808644870658123,0.0032533811032769222,0.7539800053380173,bist100
2019-09-16,1025.8914794921875,139974560000,1033.20703125,1022.4639892578124,-0.004688363674839702,0.00878486532894598,0.01186622580187713,0.010471908780746848,137171573500.0,1.0204341645173298,0.003907097744172984,0.003458093392609018,0.7403251442894583,bist100
2019-09-17,1014.4686279296876,163755060000,1026.6309814453125,1009.7650146484376,-0.011197014550446137,0.009212569932184049,0.011705455178680263,0.016625419783847527,140139139500.0,1.1685176645458137,0.0004628403585363393,0.00313277324365742,0.7870321821370405,bist100
2019-09-18,1019.2955932617188,144172300000,1020.947998046875,1006.0029907226562,0.004746837755676916,0.009156439347430571,0.011713483838118098,0.014662093531077796,141881759000.0,1.016144013269528,1.5509454292630085e-05,0.0029803937819254654,0.7817007710066262,bist100
2019-09-19,1003.3826904296876,147199940000,1021.4249877929688,1000.3070068359376,-0.015734811882243842,0.009917763860999771,0.011915623795129874,0.021046786194794324,143837775000.0,1.023374701117283,-0.0041592023994367604,0.002459741419292035,0.8323327449338688,bist100
2019-09-20,1002.3616943359376,160527260000,1009.6439819335938,999.3309936523438,-0.001018072083053924,0.00991153462467319,0.011914251348205994,0.010288689541435771,146419213000.0,1.0963537961373964,-0.00557828488698134,0.0024758304533508404,0.831905785348874,bist100
2019-09-23,1000.20166015625,130154350000,1007.1619873046876,995.8309936523438,-0.0021572700933950137,0.009231197223523224,0.01182969533168193,0.011328709103096022,147439559500.0,0.8827640996852002,-0.005072066170692403,0.0014565615441156266,0.7803410793514278,bist100
2019-09-24,1018.4635620117188,162318140000,1022.3590087890624,1013.7550048828124,0.018093540089289956,0.009933492536538552,0.012036562683013839,0.008448023304098336,150479304500.0,1.0786741774181978,0.0007860447572548155,0.002385794097573455,0.8252765177351531,bist100
2019-09-25,1026.178466796875,156000510000,1026.1839599609375,1015.5560302734376,0.0075464959536342534,0.009466039750796242,0.012026334907283606,0.01035680442669395,152256823500.0,1.024587971914441,0.0013459763968462829,0.0033175647738410744,0.7871092750845686,bist100
2019-09-26,1019.3975830078124,134474190000,1031.197021484375,1019.1389770507812,-0.006629827942391646,0.009676234886915798,0.01203880034357915,0.011828598217797952,152767182500.0,0.8802557447179469,0.0031669731848167223,0.003049688148163444,0.80375407937358,bist100
2019-09-27,1051.516357421875,202273350000,1052.4210205078125,1022.1110229492188,0.031021424387288637,0.011487001045432732,0.012601542230753413,0.028825036666959986,156959644000.0,1.288696539092558,0.009574872478885235,0.004180203212030366,0.9115551759529321,bist100
2019-09-30,1050.3243408203125,171995480000,1058.3399658203125,1049.717041015625,-0.0011342598231711657,0.011154074273560483,0.011897377667778085,0.008209773371483441,158603547000.0,1.0844365290266806,0.009779474532930005,0.0032907053219640935,0.9375237623807887,bist100
2019-10-01,1038.760498046875,181115660000,1052.9749755859375,1031.8919677734375,-0.011070838930788536,0.011595730732035436,0.011985310408755669,0.02029631262657873,158432373500.0,1.143173304791776,0.003946598728914306,0.0024920972431043513,0.9674952367995716,bist100
2019-10-02,1035.0865478515625,161614760000,1044.4620361328125,1031.8399658203125,-0.003543129225532912,0.011416399467095828,0.011939867133489391,0.012194217322888133,157429471500.0,1.0265851651544164,0.0017286736930808727,0.0016857813028303685,0.9561579990345687,bist100
2019-10-03,1027.8375244140625,161021620000,1047.675048828125,1020.6199951171876,-0.00702793997304853,0.0115806009683634,0.011981191464075005,0.026322305878412652,156384323500.0,1.0296532056168661,0.0016490512869494958,0.0012341135625090142,0.9665650534913197,bist100
2019-10-04,1034.6295166015625,149336410000,1038.751953125,1028.239013671875,0.0065863033009680265,0.011136155130240707,0.012003889911454058,0.010161066627653105,156512961500.0,0.9541472384700868,-0.003237972930314626,0.0022112658420426284,0.927712200993666,bist100
2019-10-07,1029.926513671875,207722870000,1051.761962890625,1025.717041015625,-0.0045559539151571096,0.010722781738582108,0.011950420735204472,0.025288136123561986,159291953000.0,1.304038691772459,-0.003922311748711815,0.001173048589424696,0.8972723200442734,bist100
2019-10-08,1018.5875854492188,221447260000,1028.1719970703125,1006.56298828125,-0.011070506209218138,0.010993638364187956,0.011763321223527483,0.02121467912799317,162042944500.0,1.3665961247698755,-0.003922245204397735,0.0003183096600769349,0.9345692560192859,bist100
2019-10-09,996.481689453125,190558720000,1026.0250244140625,996.22998046875,-0.021941461894435552,0.011933106814813507,0.011901411201030863,0.029900242283091218,164247714000.0,1.160191002719222,-0.007601911738178263,-0.0011279380484896157,1.0026631811343432,bist100
2019-10-10,987.7987670898438,185499060000,1002.594970703125,975.1069946289062,-0.008751764656835925,0.01195338709187151,0.01190785364742577,0.02782750595569292,165231803500.0,1.1226595369093093,-0.007946676674935742,-0.0018224636506515679,1.003823816263948,bist100
2019-10-11,990.2727661132812,135462200000,997.8270263671876,987.7559814453124,0.0025014265378393804,0.011855346476440754,0.011508717985837243,0.010169970604566904,165331185000.0,0.8193384690250662,-0.008763652027561472,-0.0020012593414930474,1.0301187752649839,bist100
2019-10-14,939.8090209960938,197707520000,980.7420043945312,933.8209838867188,-0.05230374103684237,0.01635171564859727,0.013299795090518807,0.04992612271169881,168217833000.0,1.1753065443424182,-0.018313209451898523,-0.004382028209593181,1.2294712465347772,bist100
2019-10-15,952.5709228515624,136315140000,958.72900390625,947.8989868164062,0.013487878446241205,0.016737313838984157,0.013205339886677315,0.011369250131448086,166845837000.0,0.8170125335521556,-0.013401532520806655,-0.0031477835597588134,1.2674655845753884,bist100
2019-10-16,941.3670043945312,102653470000,943.905029296875,930.9439697265624,-0.011831485069309967,0.016736275450518187,0.013059810990093158,0.013768338501144846,164769895500.0,0.62301107668057,-0.011379537155781539,-0.003976699701008157,1.2815097755406952,bist100
2019-10-17,948.9569702148438,100745590000,950.9030151367188,930.3189697265624,0.00803037649633273,0.016701139058168748,0.013104884948023006,0.021691231590296595,162447178000.0,0.6201744544925243,-0.008023108925147807,-0.002788440282079329,1.2744208838466964,bist100
2019-10-18,984.1477661132812,121179680000,987.3060302734376,980.02197265625,0.03641259924978237,0.018866800986699288,0.013945173926759832,0.007401386121064645,160479799000.0,0.7551086227369963,-0.001240874382759208,-0.0009169067154375145,1.3529269040162484,bist100
2019-10-21,973.2348022460938,108301490000,985.2639770507812,971.718994140625,-0.01115068369137977,0.019004590893337427,0.013873821003470984,0.013917487207502516,159387156000.0,0.6794869343173423,0.006989737086333313,-0.0013665773953367524,1.3698166416146507,bist100
2019-10-22,978.8588256835938,118713940000,983.6749877929688,972.6799926757812,0.0057620586609596226,0.018534225855564086,0.0138440489080475,0.011232462566304245,157206946000.0,0.7551443687481849,0.005444573129276996,-0.001983151466753269,1.3387865052102064,bist100
2019-10-23,997.8466796875,161574060000,998.510009765625,986.3720092773438,0.019212207379969367,0.019026930566362572,0.013979822112634894,0.012164193894078558,157485623500.0,1.0259606966600352,0.011653311619132864,-0.0013998658954365135,1.3610280884165276,bist100
2019-10-24,1003.45068359375,212760230000,1012.3880004882812,1000.5250244140624,0.005600385686015001,0.019046521662950573,0.013961560113505729,0.011822181466589768,161399925500.0,1.3182176468848494,0.011167313457069316,-0.000788355214016181,1.3642115571687365,bist100
2019-10-25,1002.1546630859376,111763510000,1006.72998046875,1000.4329833984376,-0.0012923985173380382,0.017515125171240337,0.013942515845981936,0.006283458334586825,156874433500.0,0.7124392898604476,0.003626313903645234,-0.0024040463592475145,1.256238498469269,bist100
2019-10-28,998.377685546875,57800010000,1005.4249877929688,998.3829956054688,-0.0037759769586552423,0.01751500632956797,0.013925879484442771,0.0070534350771698714,151164660000.0,0.382364568543997,0.005101255250190139,-0.0025361322160217187,1.257730712744913,bist100
2019-10-30,986.9147338867188,152752680000,996.656982421875,985.0449829101562,-0.011548000622728856,0.01752756424228334,0.01398221999193443,0.011765960232438493,149746511000.0,1.020075052032431,0.0016392433934524434,-0.0025599903006187346,1.2535608975108405,bist100
2019-10-31,984.6797485351562,118982930000,992.010009765625,981.718017578125,-0.0022671866135078045,0.017526119496424502,0.013983070680967295,0.010452121314377314,147614919500.0,0.8060359373091688,-0.0026566354052429907,-0.002496193170017479,1.253381313467845,bist100
2019-11-01,984.6217651367188,114230160000,988.135986328125,976.7860107421876,-5.888727353501883e-05,0.01750053799718272,0.013696171636734202,0.011527244255423702,145275346500.0,0.7863010672633295,-0.0037884899971529946,-0.002147740535041804,1.2777685955865878,bist100
2019-11-04,1000.8726806640624,131152300000,1004.405029296875,991.4390258789062,0.016370006439664915,0.01788993419210705,0.013797397199073264,0.012954698103425125,144366141000.0,0.9084699437938152,-0.0002560090057524042,-0.0016585553781069593,1.2966165961583442,bist100
2019-11-05,1005.2476806640624,154007890000,1006.9390258789062,998.4769897460938,0.004361659469884876,0.0179250149228004,0.013758374987566385,0.00841786188178272,141680392000.0,1.087009203080127,0.0013715182799556196,-0.00121267470885486,1.3028438997337592,bist100
2019-11-06,1011.431640625,157020910000,1015.989013671875,1003.6849975585938,0.006132833592386008,0.01783963497527094,0.013624800460139076,0.012164950767882005,138459074500.0,1.134060086469811,0.004907685122978593,-0.0003525077187746526,1.3093501829595853,bist100
2019-11-07,1035.4384765625,176279440000,1035.4439697265625,1018.1229858398438,0.023458192694197442,0.017836404264853587,0.013870992162115141,0.01672816326492117,137745110500.0,1.279750978892278,0.010052760984519644,0.0019174750106569973,1.2858780436462862,bist100
2019-11-08,1031.5264892578125,173196720000,1040.177978515625,1030.2080078125,-0.0037852523292196028,0.017714199087146255,0.013882032613244787,0.009665259018504154,137129993500.0,1.2630112171630783,0.009307487973382725,0.0021658006270378134,1.276052259828666,bist100
2019-11-11,1031.1795654296875,141486780000,1038.4110107421875,1023.6890258789062,-0.0003363773821362087,0.017722732547664957,0.01333362392058245,0.014276839220671203,137431222500.0,1.0295097244005087,0.005966211209022501,0.0020239104310390338,1.3291759729556538,bist100
2019-11-12,1039.718505859375,194758480000,1044.282958984375,1034.52294921875,0.008246652928533608,0.012294031564076357,0.01330107272502512,0.009387165574741698,137283770500.0,1.418656256968117,0.006743209900752248,0.005051430129307833,0.92428872604733,bist100
2019-11-13,1048.2763671875,164044340000,1050.251953125,1036.823974609375,0.00819725120875344,0.012159129173940618,0.01330550755560421,0.012809578595816235,138670230500.0,1.1829816638258202,0.0071560934240257335,0.004786898767433444,0.9138418149873025,bist100
2019-11-14,1037.800537109375,178480200000,1051.64697265625,1033.0849609375,-0.010043654784583139,0.012036477110850324,0.013363700852691625,0.01788591454235654,142461567000.0,1.252830526565807,0.00045572392826961764,0.004876290281669786,0.9006844169537078,bist100
2019-11-15,1053.7913818359375,150963540000,1055.178955078125,1044.0899658203125,0.015290895084025579,0.012244308710993393,0.013455395612839887,0.01052294547948668,144972464500.0,1.041325609802267,0.004270953410918654,0.005239316211054428,0.9099924716675883,bist100
2019-11-18,1068.4564208984375,202702860000,1072.2239990234375,1059.0240478515625,0.013820509055830113,0.010065265935389329,0.013540624433711483,0.012354225136085101,149048623500.0,1.3599780745375352,0.007102330698511919,0.004109711701356816,0.743338387728286,bist100
2019-11-19,1075.28125,192522330000,1077.697998046875,1066.3370361328125,0.006367245630635045,0.00940815684215368,0.013383723094356597,0.01056557241564707,153259665500.0,1.2561839370581165,0.006726449238932205,0.0049856081674575555,0.7029551325759824,bist100
2019-11-20,1067.8453369140625,220220680000,1081.4219970703125,1066.5389404296875,-0.006939340840319033,0.00977453766350252,0.01342736764605584,0.013937464655354627,158335002500.0,1.39085279011506,0.0036991308291177104,0.004350538192393624,0.7279563590689122,bist100
2019-11-21,1068.04638671875,176576660000,1073.0699462890625,1063.1490478515625,0.00018825842439168785,0.009158401303555332,0.01332550422687661,0.009288827302696997,159085132500.0,1.10995073659696,0.005745513470912676,0.0033993407446147395,0.6872836590365922,bist100
2019-11-22,1065.87841796875,155649430000,1074.9510498046875,1060.197998046875,-0.002031908051433105,0.009220661135013124,0.013328806323500498,0.013841214447260755,156229592500.0,0.9962864749839248,0.0022809528438209395,0.0030177260577423344,0.6917844637562063,bist100
2019-11-25,1053.8193359375,224159720000,1078.4599609375,1052.220947265625,-0.011378237402431818,0.009730504466722552,0.013406047238767236,0.02489896776142584,161849403000.0,1.3849894769151543,-0.002758796447831447,0.002513434113487645,0.7258294927220716,bist100
2019-11-26,1059.825439453125,201955590000,1061.623046875,1047.1829833984375,0.005683187403374046,0.009638160124499086,0.013268966076610302,0.013624945145696486,169057182000.0,1.194599292445322,-0.0028956080932836465,0.0029863923315891095,0.7263685858304083,bist100
2019-11-27,1058.4364013671875,175274090000,1064.3079833984375,1053.946044921875,-0.0013114887482420937,0.009081422261617449,0.013264206016869128,0.009789854603619011,170183252500.0,1.029913857122927,-0.0017700376748682584,0.0034982179253134475,0.6846563035938897,bist100
2019-11-28,1071.2562255859375,143554470000,1072.1319580078125,1060.157958984375,0.012039276375096603,0.009166438846386583,0.013256438771437921,0.011177530396043361,171411829500.0,0.8374828646234127,0.000600165915272724,0.004213541074743668,0.6914706886540617,bist100
2019-11-29,1069.0313720703125,176737010000,1076.697021484375,1065.64404296875,-0.002079023697041758,0.009226925989857407,0.013262375834294989,0.010339246166573699,174537172000.0,1.0126038366199723,0.0005907427861509936,0.004112534253568331,0.6957219509642932,bist100
2019-12-02,1080.0372314453125,218576060000,1082.10205078125,1073.1810302734375,0.01024253537101854,0.008894235553216683,0.013184565651230449,0.008259919425068648,178908360000.0,1.2217207736966567,0.004914897340841065,0.0038061607001360124,0.6745945060682852,bist100
2019-12-03,1067.8934326171875,255835020000,1087.77197265625,1067.8990478515625,-0.011307560736619185,0.009511435967564782,0.013141100422903371,0.018609464388204957,183999716500.0,1.3904098596804089,0.001516747712842419,0.003022699689810809,0.723792959605383,bist100
2019-12-04,1077.0072021484375,192760340000,1077.947998046875,1067.0159912109375,0.008498132017711832,0.009566687166770149,0.013161015419871183,0.01015035629671751,185786688000.0,1.0375358001968364,0.003478671866033204,0.0031409646110771004,0.7268958254030968,bist100
2019-12-05,1086.584228515625,224042610000,1090.3189697265625,1081.512939453125,0.008852955120063085,0.008423276003380581,0.013177537833647918,0.00810432366156037,188174846500.0,1.1906087033794923,0.0028414076150265004,0.002410702732370383,0.6392147083708108,bist100
2019-12-06,1088.685302734375,215571250000,1093.1519775390625,1083.52001953125,0.001931783479667948,0.008298019020277249,0.013167241314329725,0.008847329879094154,190293573000.0,1.1328351588626695,0.0036435690503684413,0.0026965545228147597,0.6302017880728464,bist100
2019-12-09,1087.855224609375,231961110000,1091.2469482421875,1081.385009765625,-0.0007627500198740292,0.008306764193159769,0.013152255987154858,0.009065487992764576,194817289500.0,1.1906597745781695,0.0014425119721899278,0.002675235890927869,0.6315847411480254,bist100
2019-12-10,1080.1092529296875,207256050000,1093.7840576171875,1076.177978515625,-0.007145877823483634,0.00847476558437289,0.01317376092576408,0.016300276156146043,195442168000.0,1.0604469451034744,0.002274848554817038,0.0019056093533270067,0.643306465946159,bist100
2019-12-11,1079.2113037109375,161710800000,1082.1820068359375,1074.6490478515625,-0.0008316961256624805,0.008361702710136325,0.013080626562073462,0.006980059380838985,195325491000.0,0.827904228844355,0.00040888292614217543,0.0014541619866062108,0.6392432862796198,bist100
2019-12-12,1101.14111328125,205379440000,1101.14697265625,1085.5589599609375,0.020116517797997217,0.008882405155130495,0.013303226488667556,0.014156235297456429,196670453000.0,1.044282132202136,0.002661595461729002,0.0029621706157352285,0.6676880351317053,bist100
2019-12-13,1104.7601318359375,255667590000,1119.10400390625,1100.1800537109375,0.0032812183316721388,0.008397800567639592,0.013116022430305404,0.017129465166220176,201905655500.0,1.2662725537175457,0.0029314824321298397,0.0023616867781175565,0.6402703725358032,bist100
2019-12-16,1111.2491455078125,217012560000,1114.4339599609375,1102.344970703125,0.005856502754954911,0.008005510911092651,0.013122752201331155,0.01087873885589189,202621140500.0,1.0710262486159483,0.004255332987095628,0.0019634864630737963,0.6100481658322088,bist100
2019-12-17,1110.731201171875,252351600000,1119.5570068359375,1109.3740234375,-0.00046620065392784894,0.007953322309044289,0.013116100639956834,0.009167819709839754,205612604000.0,1.2273158118263996,0.005591268421006785,0.0016218141488456516,0.6063785668749232,bist100
2019-12-18,1105.7410888671875,240933550000,1108.4820556640625,1101.0579833984375,-0.004502759414819245,0.007833032481993633,0.012962286605388576,0.0067141144888002964,206648247500.0,1.1659114118545815,0.004857055763175432,0.0017436432201206411,0.6042940354935022,bist100
2019-12-19,1105.9881591796875,162260410000,1112.7430419921875,1104.8590087890625,0.0002234182269335099,0.0078326689669544,0.012937600144865094,0.007128496935240785,205932435000.0,0.787930322875073,0.0008784358489626904,0.0017454012102477324,0.6054190019207827,bist100
2019-12-20,1111.7620849609375,216949330000,1116.363037109375,1108.5889892578125,0.005207023507041232,0.007816170878828152,0.012905641881239672,0.006992546298100862,208997430000.0,1.038047836282006,0.001263596884036509,0.0021073477881714494,0.6056398395952822,bist100
2019-12-23,1121.7459716796875,290775810000,1121.7779541015625,1112.6619873046875,0.008940154199983261,0.007272668375126029,0.01235086721131339,0.008126587504677972,212328234500.0,1.3694637017292206,0.0018803271730421793,0.003123267368292203,0.5888386823934328,bist100
2019-12-24,1131.529052734375,265096540000,1133.9549560546875,1127.8299560546875,0.008683487298599867,0.007358686831189523,0.012386052166550216,0.005413029374012755,215485282000.0,1.230230378332753,0.003710264763547723,0.0032732823630534937,0.594110757183988,bist100
2019-12-26,1136.5240478515625,210230260000,1145.3480224609375,1131.6619873046875,0.004404661594185013,0.007281849605248596,0.012286049184685462,0.012042011061817397,217233090500.0,0.9677635185142293,0.005491748965348574,0.0035590898801748498,0.5926925324640088,bist100
2019-12-27,1136.830078125,261655050000,1142.907958984375,1133.8070068359375,0.00026923238380606657,0.007031748462567691,0.012269377264338542,0.008005551861759243,223138119500.0,1.1726147490456018,0.005500911796723086,0.0029705876806103227,0.5731137213463768,bist100
2019-12-30,1147.533935546875,264550790000,1149.614990234375,1140.5699462890625,0.009371479935972983,0.007065041391105343,0.012257420364649796,0.007882158135046302,227528808500.0,1.162713380094899,0.006333803082509436,0.0035431128622610596,0.5763889285775666,bist100
2019-12-31,1144.243896484375,222832780000,1153.1199951171875,1144.18603515625,-0.0028711695144853673,0.0070189355954528715,0.012256107180698264,0.007807740979337176,227741644500.0,0.9784454682814938,0.00397153833961571,0.0028874276179858644,0.5726888229654812,bist100
2020-01-02,1159.31494140625,240903190000,1159.321044921875,1145.6590576171875,0.01308519644909657,0.006524408202880719,0.012315472282602892,0.011784534828918445,226995053000.0,1.0612706612597411,0.00485188016971505,0.004107065477271652,0.5297732846264648,bist100
2020-01-03,1136.833984375,292921630000,1155.708984375,1126.1719970703125,-0.019582070786894785,0.00830744424458477,0.012515651446362588,0.025981794800870702,232003117500.0,1.2625762668900344,5.453369349909115e-05,0.0027030553370413213,0.6637644296972774,bist100
2020-01-06,1114.12109375,203797380000,1129.73095703125,1112.1199951171875,-0.02018135477638826,0.009610806332898281,0.012460931670400256,0.015807044685588065,230990856000.0,0.8822746645867229,-0.004035583738539775,0.0012513398422187541,0.7712751010205623,bist100
2020-01-07,1125.9930419921875,177887140000,1133.8719482421875,1123.4759521484375,0.010599512947441575,0.009835898881022294,0.01243201773270714,0.00923273564404684,229106650500.0,0.776438133121762,-0.003789977136246056,0.0016847263156074353,0.7911747789053767,bist100
2020-01-08,1128.7550048828125,233224820000,1133.4239501953125,1107.4560546875,0.002449909448559082,0.009820045382378313,0.01243199710189023,0.023005785485317506,229169836000.0,1.017694230928367,-0.0027257613436371666,0.0018453592890290908,0.7899008744850188,bist100
2020-01-09,1179.8988037109375,343141350000,1181.446044921875,1152.364990234375,0.044313415489074956,0.013421355810625592,0.011475540507300671,0.024647075322083763,235964101000.0,1.4542099774744972,0.0035198824643585106,0.00441832395465702,1.1695619741908456,bist100
2020-01-10,1186.630615234375,328211670000,1191.4019775390625,1177.010986328125,0.005689200080855223,0.013366197260706867,0.011407822256472137,0.01212760822633511,244289144500.0,1.3435376781549948,0.008574136637908512,0.004744368764982906,1.1716694878484508,bist100
2020-01-13,1202.483642578125,287828890000,1208.9969482421875,1195.9520263671875,0.013271244745760979,0.01303539940431603,0.011289685340994894,0.0108483154473783,248411617000.0,1.158677253004637,0.015264656542338361,0.004402105112371093,1.15462911592249,bist100
2020-01-14,1214.2265625,256939730000,1215.0439453125,1195.7469482421875,0.009718179959509625,0.013085636271210812,0.011301790914575815,0.015892418817276946,248475224000.0,1.0340657948254832,0.01508838994475197,0.004723953193762968,1.157837405603955,bist100
2020-01-15,1209.3814697265625,337796020000,1218.041015625,1204.4239501953125,-0.0039982531527320495,0.013225537617504309,0.010521189981619898,0.011259528751309773,254514397000.0,1.3272177290622975,0.013798757424493746,0.00423121539837862,1.2570381906047507,bist100
2020-01-16,1210.0025634765625,321423330000,1224.823974609375,1207.6309814453125,0.0005134313156738501,0.013209028565312841,0.010353547912188383,0.014209055156597216,257967983500.0,1.2459814804886438,0.0050387605898135224,0.004280196996858705,1.2757973090328711,bist100
2020-01-17,1214.7415771484375,208611630000,1218.7430419921875,1205.968994140625,0.003908882282931053,0.013047585061149176,0.01034984093064498,0.010515856287350535,256351887500.0,0.8137706027227906,0.004682697030228689,0.00470077908174622,1.2606556128332764,bist100
2020-01-20,1226.1915283203125,228175510000,1229.260009765625,1218.7950439453125,0.009381686968579397,0.013042885713018012,0.010174808069247206,0.00853452790906804,259647642500.0,0.8787890689205853,0.003904785474792372,0.0051586925188285134,1.2818802698047358,bist100
2020-01-21,1235.554443359375,280043970000,1238.0400390625,1215.041015625,0.00760676389344499,0.013054386773496619,0.010185338545412476,0.018614334286207148,262802374500.0,1.065606696030823,0.0034825022615794453,0.005278679538148702,1.281684130114298,bist100
2020-01-22,1227.4644775390625,261257130000,1245.365966796875,1223.68701171875,-0.006569169927611955,0.013284065345819709,0.010249716492489201,0.017661574306076074,261326440500.0,0.9997347742545019,0.0029683189066034643,0.00450321333176894,1.296042222782847,bist100
2020-01-23,1225.3955078125,215805460000,1234.573974609375,1221.8819580078125,-0.001686985991532712,0.013314669376568968,0.010228523039380915,0.010357485824490658,258861886500.0,0.833670274592548,0.0025282354451621517,0.003984689667262313,1.3017196446941615,bist100
2020-01-24,1221.4114990234375,236977230000,1239.363037109375,1207.614013671875,-0.0032564990199292075,0.01341180108715312,0.010077844081850949,0.025993715846694163,260199235000.0,0.9107529851115819,0.0010951591845900998,0.003601631636556601,1.330820459041061,bist100
2020-01-27,1201.4906005859375,235605750000,1216.7359619140625,1200.001953125,-0.016444203290391805,0.014131739987036322,0.010378332004969671,0.013927706784307537,258896770000.0,0.9100374253413822,-0.004070018867204141,0.0027659598528467074,1.3616581142585658,bist100
2020-01-28,1198.0096435546875,231326320000,1211.093994140625,1194.031982421875,-0.0029014037249489,0.014096230098578688,0.010400466315349455,0.014241965255074462,257235546500.0,0.8992782029835056,-0.006171652390882919,0.0021523156698006135,1.3553459692259053,bist100
2020-01-29,1196.888671875,224870800000,1207.406982421875,1195.0579833984375,-0.0009361330744846353,0.014066545326070589,0.010270146344070308,0.010317583676426673,257337447500.0,0.8738362884399092,-0.005045045020257455,0.00224906749180065,1.3696538349906002,bist100
2020-01-30,1198.4906005859375,210244750000,1198.718017578125,1182.5589599609375,0.0013375159150523317,0.01383358819836894,0.010270675840620727,0.013482840507290919,255804525500.0,0.8218961317789508,-0.004440144638940446,0.0016616834650984378,1.346901451573111,bist100
2020-01-31,1191.3946533203125,268771460000,1203.178955078125,1191.4010009765625,-0.005938333739265873,0.013044762359206628,0.01032496764709161,0.009885854421738735,254597017000.0,1.055674034075584,-0.004976511582807779,0.0023438703174798836,1.2634191994665613,bist100
2020-02-03,1192.421630859375,237923410000,1197.8409423828125,1187.615966796875,0.0008616247899753161,0.011933635815975138,0.009961777331265215,0.008574966539787095,256303318500.0,0.9282884489847134,-0.0015153459667343549,0.0033960192957980624,1.1979424372919087,bist100
2020-02-04,1221.3555908203125,236395030000,1222.2010498046875,1201.592041015625,0.023975158638753657,0.012708237842983056,0.010310432766208903,0.016873880910653255,259228713000.0,0.9119168446436718,0.0038599665060061565,0.004064801580363667,1.2325610506508171,bist100
2020-02-05,1223.2015380859375,282472760000,1236.29296875,1219.06396484375,0.0015102511572826123,0.012716256847011536,0.010303619102045856,0.014085171878715831,261691110000.0,1.0794129001936672,0.004349243352359606,0.0040178186657998435,1.2341543996406694,bist100
2020-02-06,1222.83251953125,265700260000,1238.449951171875,1219.9200439453125,-0.00030172806166618124,0.008484532008519816,0.010286765410596947,0.015153266641670271,257819055500.0,1.0305687432013728,0.004021394557015903,0.0017870614882627867,0.8248007677689866,bist100
2020-02-07,1210.14453125,213547890000,1228.1219482421875,1209.1280517578125,-0.010430105208828346,0.008851997279906477,0.01039863784155538,0.015695560318531167,252085866500.0,0.8471236129376575,0.003123040263103409,0.000981096223778608,0.851265080560055,bist100
2020-02-10,1183.4088134765625,279408550000,1211.89697265625,1166.47802734375,-0.022340700967933214,0.009782495647326183,0.010762725145465155,0.03837975921361475,251664849500.0,1.1102406655324346,-0.001517424888478297,-0.0007995010619061017,0.9089236708277374,bist100
2020-02-11,1197.9716796875,269036930000,1200.7750244140625,1174.509033203125,0.012230760932482973,0.009939547964745476,0.01070668696096157,0.021925385763534228,252269709500.0,1.0664654529203397,-0.0038663044297324338,-0.0006738720132574343,0.9283495446338148,bist100
2020-02-12,1200.480712890625,300302500000,1213.697998046875,1192.2919921875,0.002092210899104215,0.009925625204291513,0.010596263070315767,0.017831195145011285,250395033500.0,1.19931492171549,-0.003749912481368113,-0.000369348810665621,0.9367099644871059,bist100
2020-02-13,1205.398681640625,220873490000,1208.115966796875,1194.7249755859375,0.004088297702005208,0.00997442784646326,0.010584208675759257,0.011109180236294518,245367541500.0,0.9001740354479608,-0.002871907328633836,-0.00019060549134905313,0.9423876788547676,bist100
2020-02-14,1201.5076904296875,230637680000,1215.8050537109375,1200.4930419921875,-0.0032331914906507607,0.009947747893986761,0.010542457763644162,0.012743998095654355,246468844000.0,0.9357680924571545,-0.0014325245849983188,-0.0005477091800281438,0.9435890678444767,bist100
2020-02-17,1207.91259765625,255953370000,1212.4239501953125,1205.612060546875,0.005316567097010299,0.009774205159454373,0.010548590985351871,0.005639389523426463,247857737000.0,1.0326624179579271,0.004098929027990384,-0.0007509651736065987,0.9265886954027475,bist100
2020-02-18,1195.734619140625,256963060000,1204.5140380859375,1191.448974609375,-0.01013300340496963,0.009780761681967442,0.010653065313734085,0.010926390578163879,246703691500.0,1.0415857924039211,-0.00037382383950013696,-0.0016379535385273297,0.9181171234684858,bist100
2020-02-19,1191.9547119140625,207714330000,1204.64794921875,1185.7060546875,-0.003166165995779697,0.00971987166625246,0.010531427965580622,0.015891454886597798,244026551500.0,0.8511956126216864,-0.0014254992184769195,-0.001467803341935717,0.9229395764771373,bist100
2020-02-20,1156.4139404296875,265069260000,1193.5030517578125,1149.208984375,-0.030270788449370624,0.011661349612417866,0.011315089687820742,0.03830295176686836,246489741500.0,1.0753764371163494,-0.008297316448752087,-0.0028969934648276126,1.030601606717252,bist100
2020-02-21,1168.2877197265625,259726340000,1174.1529541015625,1144.5340576171875,0.010215403341452087,0.01202297257003657,0.011365090503053567,0.02535239905740625,247627197000.0,1.0488603156138783,-0.0056075974823315165,-0.002223398346758548,1.0578862145273937,bist100
2020-02-24,1147.8858642578125,197345720000,1149.843994140625,1134.6259765625,-0.017617317876257883,0.012098625790432482,0.01154881674682068,0.013257430944987287,245714195500.0,0.8031514809245117,-0.010194374476985152,-0.002282054076051852,1.0476073917930302,bist100
2020-02-25,1143.638916015625,250854370000,1159.91796875,1138.5040283203125,-0.0037066612949313766,0.012102134792267972,0.011558441199045469,0.018724389429045044,246690598000.0,1.016878519221069,-0.008909106054977502,-0.002322316954550975,1.0470386606515247,bist100
2020-02-26,1151.7069091796875,227626250000,1153.530029296875,1131.4649658203125,0.007029900507213037,0.012279939236146953,0.01152287228149757,0.019158575242271072,246828370500.0,0.922204564811159,-0.006869892754378955,-0.001924015275466092,1.0657012363024292,bist100
2020-02-27,1104.1781005859375,253773530000,1144.635986328125,1104.1839599609375,-0.04214385295055423,0.015178945823961027,0.012710768595497472,0.03663541809579581,249004809500.0,1.0191511180429629,-0.009244505654615676,-0.004098083718746421,1.1941800143649737,bist100
2020-02-28,1059.931396484375,179212280000,1077.60205078125,993.3200073242188,-0.0408970721064897,0.017270724982527633,0.013745234848523791,0.07951650808399625,244526850500.0,0.732894075368627,-0.019467000744204033,-0.005846020637107612,1.2564881701080919,bist100
2020-03-02,1073.09326171875,169630060000,1094.052978515625,1064.2530517578125,0.012341190932618795,0.01769102362720076,0.013791758194747065,0.027770118237517034,241112183000.0,0.703531683423894,-0.0134752989824287,-0.005272042329975438,1.2827243182046817,bist100
2020-03-03,1112.067138671875,183596640000,1112.072998046875,1088.81396484375,0.035675193844901386,0.018863647673222517,0.014547762589719704,0.020915133982740388,238472263500.0,0.769886767145983,-0.005598927954462143,-0.0046870405696680505,1.2966700244718503,bist100
2020-03-04,1107.84814453125,218963710000,1128.987060546875,1106.782958984375,-0.0038010452490652795,0.018809117241567194,0.014557001221491651,0.020042549759285776,235296811000.0,0.9305851153248311,-0.007765117105717807,-0.0049526053899854455,1.2921010966048287,bist100
2020-03-05,1118.14501953125,156244160000,1131.0660400390625,1114.0340576171875,0.009251554415957383,0.019053165467488198,0.014568693612397696,0.015232355485530103,229824006000.0,0.6798426444624762,0.0025139643675845145,-0.004474941266104267,1.3078156473325995,bist100
2020-03-06,1095.9991455078125,150366880000,1123.4510498046875,1087.7469482421875,-0.020004670796816143,0.019328958474814036,0.014808409262509288,0.032576760400627056,226664955500.0,0.6633883022115432,0.0066924446295192255,-0.004953669545503657,1.305269062474489,bist100
2020-03-09,1035.2344970703125,158975800000,1065.85400390625,1019.9509887695312,-0.05703844060681367,0.022300438910859754,0.0163267708292391,0.044340693115060524,220643318000.0,0.7205103759362429,-0.007183481678367268,-0.006688556527447679,1.3658817866741046,bist100
2020-03-10,1010.61962890625,181574180000,1068.572021484375,1010.2230224609376,-0.024064331563288403,0.022156135225765164,0.016584068282351105,0.05773586555664468,216270180500.0,0.8395710383198205,-0.019131386760005226,-0.00850331115223625,1.3359891462424751,bist100
2020-03-11,1009.6576538085938,185698840000,1028.385986328125,988.0590209960938,-0.0009523199400291515,0.022089865689056208,0.016556257140140567,0.03994122679099331,210539997500.0,0.8820121696828651,-0.018561641698198,-0.008655537694192918,1.3342306477893142,bist100
2020-03-12,936.3900756835938,174356790000,990.2689819335938,928.5369873046876,-0.07533445856370086,0.0263973240212007,0.019096032604387796,0.06592551142091063,208214162500.0,0.8373915967411679,-0.03547884429412965,-0.01262667550747822,1.3823459861047394,bist100
2020-03-13,956.0469360351562,225633090000,988.5549926757812,916.4429931640624,0.020774870929634533,0.02737475018245283,0.019336180699270195,0.07542725863520483,207963933000.0,1.0849626026259083,-0.02732293594883951,-0.011426272386463956,1.4157268494851227,bist100
2020-03-16,878.8783569335938,138512320000,922.6400146484376,868.5330200195312,-0.08416050802502016,0.031495865238086396,0.022022518514599382,0.06156368990321442,202091880500.0,0.6853928008255631,-0.03274734943248081,-0.01590012614256548,1.4301663643605,bist100
2020-03-17,867.7723999023438,206660950000,889.4860229492188,819.364013671875,-0.012717031909608233,0.03147625633032823,0.022019412210103194,0.08080691352390909,199576775000.0,1.035495988949616,-0.030477889501744775,-0.01602932756779741,1.4294775914084548,bist100
2020-03-18,855.761474609375,167162840000,878.2459716796875,843.0269775390625,-0.013937782028651808,0.0313364188583008,0.021987314518423666,0.041155152674641295,197549200500.0,0.8461833283906406,-0.03307498191946931,-0.016567908369441015,1.425204466513785,bist100
2020-03-19,851.949462890625,177440150000,868.7899780273438,840.719970703125,-0.004464476940035759,0.03127373005086241,0.021918999150175967,0.0329479723233565,193167745000.0,0.9185806357060284,-0.01890098559473629,-0.015277592793974271,1.4267864073808016,bist100
2020-03-20,857.9534301757812,161103750000,880.9349975585938,850.052001953125,0.007022611616511536,0.03114463221760586,0.021940086495419803,0.035996121140446175,188236615500.0,0.8558576638879273,-0.021651437457360888,-0.0154372323802213,1.419530967852273,bist100
2020-03-23,842.45751953125,178720550000,865.8720092773438,825.2849731445312,-0.018226581796574506,0.03114717469716532,0.02199913536534568,0.04817695277430184,187305357000.0,0.9541667833878344,-0.008464652211671756,-0.015467695576237131,1.4158363126502764,bist100
2020-03-24,892.8572387695312,193808860000,896.3829956054688,870.5040283203125,0.05810346206307906,0.035180850115581655,0.023393884541735827,0.028984440245812083,184453081500.0,1.0507217251342045,0.005699446582865701,-0.012377189408336608,1.503848155393659,bist100
2020-03-25,890.6253051757812,263906980000,919.594970703125,881.2329711914062,-0.0025028949865377385,0.03496801164078187,0.02339428271171948,0.04307310749962051,186267118000.0,1.4168200100674775,0.007986423991288514,-0.012853829183024145,1.4947246757544088,bist100
2020-03-26,915.2711181640624,239213180000,918.0709838867188,884.81201171875,0.027296519280133616,0.035352005562642466,0.023642631436042612,0.036337836415818246,185539100500.0,1.289287160255474,0.01433862323532239,-0.009381810571489754,1.4952652651324252,bist100
2020-03-27,881.2453002929688,210789440000,922.9929809570312,881.25,-0.037884304279227635,0.03521680837339653,0.023963760646341984,0.04736817426788416,187117958500.0,1.1265056635384358,0.0053572400561745556,-0.009231172180126652,1.469586050917776,bist100
2020-03-30,880.5902709960938,142756870000,888.1190185546875,868.1510009765625,-0.0007435760041744795,0.03491520565331363,0.023875887184648205,0.022675719044156436,185774299000.0,0.7684425174442456,0.008853841214654563,-0.009885410526966315,1.4623626499526905,bist100
2020-03-31,896.4322509765625,192649780000,902.6859741210938,886.4190063476562,0.017830274504100033,0.03390297968518552,0.023968487446924532,0.018146343748472304,186226956000.0,1.0344892282941036,0.0007992037028587563,-0.010777656494006383,1.414481400224348,bist100
2020-04-01,890.8463134765625,253913630000,903.9920043945312,878.885986328125,-0.006250794698824223,0.03388086551182669,0.023956351186358686,0.028182210204618835,187974452000.0,1.350787978357825,4.9623760401459534e-05,-0.01090014396649433,1.414274872173324,bist100
2020-04-02,895.104248046875,237591800000,904.0880126953124,880.8189697265625,0.0047682648439809384,0.03375511735197371,0.023136105565906444,0.02599590273370184,192041834000.0,1.2371877265033826,-0.0044560271268290754,-0.011124308445093153,1.4589800887542426,bist100
2020-04-03,895.521240234375,157430390000,899.68798828125,890.4310302734375,0.00046575031771507866,0.033782016175740566,0.023106525774658642,0.010336949691321422,192395009500.0,0.8182664945890917,0.003213983792559467,-0.010100787389366591,1.4620119227439174,bist100
2020-04-06,920.7061157226562,178825080000,921.5750122070312,906.3060302734376,0.027734952668142777,0.03288924095940681,0.023371029970105917,0.01658399099652891,193387473500.0,0.9246983621201298,0.008909689527022919,-0.005862117725618769,1.407265362351412,bist100
2020-04-07,923.8131103515624,281702880000,947.7860107421876,923.8179931640624,0.003368896917468691,0.03266142355837935,0.02332010940739179,0.025944660569932873,198393908500.0,1.4199169829853924,0.00601741400969665,-0.004490456301580914,1.400569053420763,bist100
2020-04-08,932.2470703125,169094410000,932.7520141601562,918.0339965820312,0.009088086795659981,0.03279555579944612,0.02338651477873888,0.015787679089397783,197563687000.0,0.8558982299211697,0.009085190308593491,-0.003988435964796458,1.4023276281107595,bist100
2020-04-09,958.3389282226562,284964880000,958.343994140625,936.2930297851562,0.02760362623623928,0.028849347444972275,0.023740583464114666,0.023009567602940498,203094091500.0,1.4031175298863876,0.01365226258704516,0.0011584682752005492,1.2151911720526927,bist100
2020-04-10,964.7048950195312,223209680000,974.8289794921876,953.5250244140624,0.006620743608506297,0.028514473097671366,0.023758250399506808,0.02208339067015298,202972921000.0,1.0997017676067242,0.014883261245203403,0.0004507619091441373,1.2001924644359878,bist100
2020-04-13,963.9808959960938,198910630000,973.125,950.1900024414062,-0.0007507693174463451,0.020446265643557948,0.02369860567333184,0.023791962738944867,205992836500.0,0.9656191612274828,0.009186116848085579,0.004621248844522828,0.8627623888677229,bist100
2020-04-14,985.4927368164062,240109330000,986.3040161132812,972.7269897460938,0.02207027953356746,0.020373215953121224,0.023891546779764346,0.013776891355939899,207665255500.0,1.1562325600490255,0.012926393371305332,0.006360614416681613,0.8527374196792031,bist100
2020-04-15,958.5439453125,244009840000,990.4420166015624,946.0250244140624,-0.02772634707690086,0.021308116141491237,0.02408889336768847,0.04633798210787235,211507605500.0,1.1536693416918287,0.0055635065967931645,0.005671186164269161,0.8845618524789846,bist100
2020-04-16,962.4859008789062,209437470000,970.6489868164062,953.3040161132812,0.004104008177743412,0.021179351774165515,0.024110404792127484,0.018021012762146665,213107471500.0,0.9827786352389808,0.0008635829850939898,0.006099610420158119,0.8784320278637954,bist100
2020-04-17,981.7927856445312,233143610000,987.5850219726562,976.010009765625,0.019860855889084955,0.02140217993047313,0.024306803752924506,0.011789669242102284,216709464500.0,1.0758349227520703,0.003511605441209721,0.006741522633786789,0.8805016137877897,bist100
2020-04-20,989.4537353515624,221393140000,992.6669921875,980.6799926757812,0.007772734861260158,0.020579590996689615,0.024291637667308283,0.012114765029877475,218843094000.0,1.0116523942034927,0.0052163062769510216,0.008041488466678523,0.8471882908242804,bist100
2020-04-21,976.184814453125,223082880000,985.0330200195312,972.7589721679688,-0.013501080809743621,0.01739387718784519,0.024327678839085567,0.012573487796405259,220306795000.0,1.0126009958067794,-0.0018979657917111946,0.004461261323037389,0.7149830159669681,bist100
2020-04-22,981.704833984375,229136830000,989.6179809570312,978.9660034179688,0.0056387592239202766,0.017317415952899828,0.024353817500302674,0.010850489037351566,218568287500.0,1.0483535037076228,0.004775055468453032,0.004868344033560289,0.711076033672528,bist100
2020-04-24,987.5847778320312,223963750000,994.9710083007812,979.2930297851562,0.005971657277767292,0.016501071382572133,0.024376122551476274,0.01587507104963855,217805816000.0,1.0282725875419232,0.005148585288457809,0.003802100933441973,0.6769358558862673,bist100
2020-04-27,1012.6686401367188,256329310000,1013.6060180664062,1000.8629760742188,0.02508199921170726,0.01393643785397206,0.024645097767905345,0.012583624580758304,220082809500.0,1.1646948281982923,0.00619281395298227,0.006950416107988718,0.5654851924394113,bist100
2020-04-28,1007.0696411132812,248225560000,1019.1749877929688,1006.2109985351562,-0.005544295929637923,0.014116115593973336,0.024643243086794487,0.012872981895751768,225356244000.0,1.1014807293291593,0.0035294077948026534,0.006710380111715546,0.5728189079763493,bist100
2020-04-29,1015.9476318359376,213507810000,1017.427001953125,1005.791015625,0.008777035999943414,0.013884013200872118,0.02444047363623176,0.011453332793440737,226399145500.0,0.9430592572620818,0.00798503115674006,0.006257718186507716,0.5680746374853298,bist100
2020-04-30,1011.0956420898438,231739590000,1023.2839965820312,993.594970703125,-0.004787267321783696,0.013818318016570609,0.024433996305981517,0.029363222076144748,225290443500.0,1.0286259212765942,0.005899825847599265,0.006330894555359743,0.5655365517587413,bist100
2020-05-04,988.416748046875,170088190000,1002.5380249023438,983.0560302734376,-0.022685397444486426,0.015269147693594963,0.02455995318504684,0.019710304046752367,221915263000.0,0.7664555727291277,0.000168414903148522,0.004958211440936373,0.6217091530488534,bist100
2020-05-05,987.3697509765624,204478920000,997.9130249023438,978.8049926757812,-0.001059828244430477,0.015296557541350418,0.024545230640170678,0.019352458597869358,224267689500.0,0.911762726302132,-0.005059950588079025,0.0048819325128290954,0.6231987698789883,bist100
2020-05-06,985.7097778320312,228480200000,992.801025390625,980.6950073242188,-0.0016826220250521578,0.014369690215173854,0.024419477054971186,0.012281523769635531,226750445500.0,1.0076284502823611,-0.004287615807161872,0.0034110537781693482,0.5884520042270336,bist100
2020-05-07,983.9827270507812,238786160000,992.7349853515624,977.9959716796876,-0.0017536252176970607,0.014416058409031188,0.024337791299455822,0.014978935368155222,224604609500.0,1.063140068815017,-0.006393748050689968,0.0031549276714110614,0.5923322388483758,bist100
2020-05-08,978.4468383789062,259502530000,995.1439819335938,976.718017578125,-0.005641887437638723,0.014473142154790756,0.024329337783260213,0.01883185026791741,229125015500.0,1.1325805234915522,-0.006564672073860972,0.0024184289597461257,0.5948843443140895,bist100
2020-05-11,977.9168090820312,209128830000,986.4110107421876,977.9219970703124,-0.0005418515218590427,0.013208501519824981,0.024312493195114023,0.008680711480809752,225333213000.0,0.9280870192890739,-0.002135962889335496,0.0010111550718412095,0.543280420227714,bist100
2020-05-12,996.1536865234376,253824880000,997.0830078125,977.4030151367188,0.018476945290888027,0.013729307116517608,0.024477308769399235,0.01975598036931846,226863973000.0,1.1188417298854234,0.0017713918177282048,0.0016039651559602963,0.5608993719800421,bist100
2020-05-13,1001.585693359375,238757410000,1008.6489868164062,994.4290161132812,0.005438167037861298,0.013743179719149462,0.024478024485177996,0.014197457888431308,228856312000.0,1.0432633817851613,0.003195549630310896,0.001913411973725678,0.5614497087978351,bist100
2020-05-14,991.9247436523438,233288990000,1003.81201171875,984.9429931640624,-0.009692475303828416,0.013112024346889916,0.02447595183123524,0.019022631177855718,228515295000.0,1.0208900458938646,0.0016077796130846249,0.00032527423185588455,0.5357104980962117,bist100
2020-05-15,997.6766967773438,188248250000,1008.125,996.7830200195312,0.005782031549632359,0.011363192280946548,0.024502878281473916,0.011368392202709725,225727215500.0,0.8339634615304063,0.0038925634105388416,0.0020006931631825456,0.4637492848967873,bist100
2020-05-18,1019.8245849609376,242038680000,1022.2449951171876,1008.968017578125,0.02195664325728006,0.012206988547560043,0.024444030814827215,0.0130188835755231,227357276000.0,1.0645741550844408,0.008392262366366662,0.002893324917159378,0.4993852544219323,bist100
2020-05-20,1021.569580078125,207180380000,1029.9840087890625,1019.6799926757812,0.0017096115704557317,0.011535372384866247,0.024396044788853138,0.010086455503592075,226059114500.0,0.9164876207634618,0.005038795622280203,0.0019857627012279163,0.4728378097640198,bist100
2020-05-21,1026.4835205078125,206473120000,1032.27294921875,1021.4910278320312,0.004798654739719439,0.01147586153698255,0.024328057668785662,0.010503745234394818,225313113500.0,0.9163830581924829,0.004910893162651831,0.0018370586951508804,0.4717130193137761,bist100
2020-05-22,1030.237548828125,156761220000,1033.0670166015625,1020.1380004882812,0.0036505022923933677,0.010895517611354086,0.024337147174768047,0.01254954852692736,221997030500.0,0.7061410670535974,0.007579488681896186,0.00269463785025773,0.4476908297062114,bist100
2020-05-27,1049.5294189453125,255335930000,1054.9510498046875,1037.97998046875,0.01855248569634613,0.011447819942871714,0.024452714009366296,0.01617017020160519,223306985500.0,1.143430105548579,0.010133579511238942,0.0033403241738790223,0.4681615275296957,bist100
2020-05-28,1053.5924072265625,268233170000,1062.9150390625,1045.345947265625,0.003863773639071129,0.011432011781813875,0.0238726136929935,0.01667541610623716,225520456500.0,1.1893961823370112,0.006515005587597156,0.0032349299919442144,0.4788755822396237,bist100
2020-05-29,1055.1993408203125,285369280000,1056.6920166015625,1046.7099609375,0.0015240328081427578,0.010210961140486396,0.02328535989825547,0.009459876705668186,226972455000.0,1.2572859556900857,0.006477889835134561,0.0020570316717659896,0.4385142074291666,bist100
2020-06-01,1072.65625,284425740000,1073.7149658203125,1063.5699462890625,0.016408351129979362,0.010525895571548056,0.02332799695057573,0.009457847778587035,228782464000.0,1.2432147771605433,0.008799829113186546,0.003154664024746854,0.4512130035788726,bist100
2020-06-02,1080.96728515625,303372830000,1084.8370361328125,1070.987060546875,0.007718225844582736,0.01049875694393413,0.022878076432368947,0.012812576084516318,233275715000.0,1.300490408956629,0.009613373823624418,0.0031017235169788202,0.45890033521699447,bist100
2020-06-03,1091.1072998046875,289627880000,1092.3079833984375,1083.2659912109375,0.009336777274469635,0.01041486623990001,0.022908531737172357,0.008286987163515955,236170129500.0,1.226352717056879,0.007770232139249119,0.0038079257467914865,0.45462827384089416,bist100
2020-06-04,1095.3631591796875,291745640000,1098.531005859375,1087.7939453125,0.003892908529555797,0.008346792854108515,0.02288127569626719,0.009802283796833131,242253002000.0,1.204301443496663,0.007776059117346053,0.005136841045493598,0.36478704093715353,bist100
2020-06-05,1100.212158203125,200333120000,1106.01904296875,1095.4560546875,0.00441707179792024,0.008221696597277204,0.022742387314725894,0.009600864890005901,242045712000.0,0.8276664698773925,0.00835466691530155,0.005410686047611133,0.36151422818982526,bist100
2020-06-08,1096.3651123046875,252043950000,1110.427978515625,1092.4840087890625,-0.0035027675861848528,0.008313902730369447,0.02147920791795581,0.016366782858351064,243223899500.0,1.0362630914072652,0.0043724431720687075,0.0053196787695544995,0.38706747297787164,bist100
2020-06-09,1092.3592529296875,283749440000,1103.2989501953125,1084.56396484375,-0.0036604552966845957,0.008409668533723547,0.02123651063890852,0.017150937570506782,245472063500.0,1.1559337382601993,0.0020967069438152406,0.005224337265605122,0.39600048598924503,bist100
2020-06-10,1097.7830810546875,351118970000,1104.0980224609375,1093.916015625,0.00495295591418285,0.008013522273563046,0.021239596719130015,0.00927506263455546,250052885500.0,1.404178837200421,0.0012199426717578836,0.005754079433196201,0.3772916397393483,bist100
2020-06-11,1091.5482177734375,345027900000,1101.5849609375,1087.449951171875,-0.005695693602857524,0.008304230681201178,0.018730104873844404,0.012949505606319328,256847839000.0,1.3433163438061864,-0.0006977777547247806,0.005496387329146276,0.44336274340874593,bist100
2020-06-12,1098.34912109375,288189060000,1101.2740478515625,1078.3299560546875,0.006211181742454194,0.007728070145185738,0.018583787197799302,0.020889616385386625,258566048000.0,1.1145665188029636,-0.0003389557658179899,0.004883099151724584,0.4158501204803345,bist100
2020-06-15,1095.55419921875,298001300000,1100.6689453125,1087.1610107421875,-0.002547900229812173,0.007902235137303011,0.014735570925129253,0.012329772986078768,261528242500.0,1.1394612572292264,-0.00014798229454345392,0.004483795788340911,0.5362693564744725,bist100
2020-06-16,1109.39111328125,373469780000,1118.75,1107.06005859375,0.012550964982114611,0.007347878705964915,0.014619837378990983,0.010537258921855449,268537282000.0,1.390755790847693,0.0030943017612163875,0.005595967802638062,0.5025964732360138,bist100
2020-06-17,1109.3941650390625,320484840000,1116.1510009765625,1104.1409912109375,2.7508365430831033e-06,0.007453062105102252,0.014438058563975875,0.010825737275445396,275149111500.0,1.1647678535207626,0.002104260745688434,0.005307003766983598,0.5162094385527876,bist100
2020-06-18,1124.9400634765625,404874470000,1126.761962890625,1111.1689453125,0.013915688266803962,0.006684942490444193,0.014443368590429087,0.013861198551268302,283290901000.0,1.42918275373765,0.006026537119620731,0.004904956017459794,0.46283818408359234,bist100
2020-06-19,1136.113037109375,489228860000,1143.375,1128.5789794921875,0.009883062519008438,0.006729009151645776,0.014456106290217801,0.01302337005608014,297393325000.0,1.6450566266072044,0.0067609132749315804,0.005313628564887429,0.4654786715423628,bist100
2020-06-22,1151.8948974609375,430937180000,1154.4739990234375,1142.6719970703125,0.013795503422207141,0.006988492638615074,0.014184637611531421,0.010245728129484334,308616528000.0,1.3963515913833364,0.010029594005335441,0.005763470999011814,0.4926803792952574,bist100
2020-06-23,1153.3829345703125,469964200000,1162.7919921875,1150.595947265625,0.001290983061015334,0.007045721743649522,0.012375025397891048,0.010574150662649244,324276677000.0,1.4492691992153355,0.007777597621115587,0.005645495037442913,0.5693500835036875,bist100
2020-06-24,1144.48291015625,424831300000,1156.2740478515625,1143.3310546875,-0.007746378178946507,0.006963710638234144,0.012441978480611878,0.011309031396803875,332751445500.0,1.2767226280914834,0.006227771818017669,0.004330551843678281,0.5596947984667853,bist100
2020-06-25,1141.3839111328125,364319020000,1149.751953125,1134.196044921875,-0.002711444860401621,0.007139888735607483,0.012095286841230733,0.013628988503689272,337555738000.0,1.0792855193591762,0.0029023451925765534,0.0040017909187046435,0.5903033825761653,bist100
2020-06-26,1146.6778564453125,309253650000,1153.553955078125,1143.8929443359375,0.004627457907192919,0.007116891779935647,0.010794443569906326,0.008425217848137852,338749956500.0,0.9129260212908692,0.0018512242702134491,0.004156962173657151,0.659310666070526,bist100
2020-06-29,1158.4239501953125,374467370000,1160.14599609375,1144.321044921875,0.010191476475779225,0.0066757186820640335,0.01079864403172778,0.013660759663339905,343252038000.0,1.0909399757154536,0.0011304188809278658,0.003846118440947145,0.6181997167838785,bist100
2020-06-30,1165.2418212890625,539126540000,1169.70703125,1161.468017578125,0.005868219726284011,0.0066319153788412105,0.010659210215240987,0.0070706470720047565,355039723500.0,1.5184963943900773,0.002045866213981601,0.003753618135032208,0.6221769948169912,bist100
2020-07-01,1153.1439208984375,528177730000,1173.5789794921875,1151.2259521484375,-0.010436580920187377,0.007204912537494127,0.010743273075393283,0.019384421093192175,366967216000.0,1.4393049487014666,0.0015078256657334271,0.0027649502252993577,0.6706440846222625,bist100
2020-07-02,1169.07177734375,435468580000,1171.7769775390625,1157.4599609375,0.0137180247618691,0.007609465833678366,0.010811779136355601,0.0122464821057371,374153363000.0,1.163877230738669,0.004793719590187572,0.003256206036915023,0.7038125490457753,bist100
2020-07-03,1157.4788818359375,455603820000,1173.9119873046875,1153.114990234375,-0.009965819063579583,0.00815412842214167,0.01095980037874127,0.017967495905692292,386916898000.0,1.177523706912382,0.0018750641960330705,0.002537061493840032,0.7440033705320251,bist100
2020-07-06,1184.8458251953125,453968440000,1185.1219482421875,1166.739013671875,0.02336839862461423,0.009247100509532227,0.010814930492516278,0.015515043543561643,397013122500.0,1.1434595338848026,0.004510448625800072,0.003880619804379986,0.8550309700030935,bist100
2020-07-07,1193.3826904296875,766805850000,1197.4520263671875,1170.7509765625,0.007179210782186479,0.009098312334997919,0.010821130242871606,0.022374255985792423,421165943000.0,1.8206739237697573,0.004772646836980565,0.00442260310832354,0.8407913157677231,bist100
2020-07-08,1187.11865234375,591750790000,1202.0340576171875,1185.76904296875,-0.0052628011010437984,0.009350243890961434,0.010871253333803472,0.013701254391315632,433197534000.0,1.366006829577197,0.0058074028008092814,0.003911815257562208,0.8600888603973054,bist100
2020-07-09,1157.929931640625,526519920000,1196.864013671875,1156.344970703125,-0.024895201245640524,0.011192626976849907,0.0110527871253652,0.03499265530802902,442272135000.0,1.1904885665021605,-0.0019152424006926429,0.002951839875423057,1.0126519989843816,bist100
2020-07-10,1148.0799560546875,502818720000,1154.509033203125,1128.2939453125,-0.008542925634436739,0.011449764913034349,0.011145131265953838,0.02283385207830967,453003618000.0,1.1099662343094134,-0.001630663714864074,0.0022141345065785105,1.0273333386400847,bist100
2020-07-13,1183.9808349609375,445809330000,1183.987060546875,1161.2550048828125,0.030791406039093572,0.013036897477623403,0.011700078586464085,0.019199682117162383,460394019500.0,0.9683212881091736,-0.00014606223196820604,0.003881099820023798,1.1142572574432017,bist100
2020-07-14,1177.40478515625,517175780000,1186.5760498046875,1170.02197265625,-0.005569667866528916,0.01303231974784994,0.011495912514095848,0.014059801146672473,467579319500.0,1.1060706888256635,-0.0026958379617112844,0.0029750681775916215,1.1336481320530414,bist100
2020-07-16,1188.068603515625,385690320000,1194.512939453125,1186.8480224609375,0.009016284564298212,0.013079886603676809,0.010790242833093915,0.006451577770430236,470839593500.0,0.8191543899971531,0.00015997917135711777,0.0034257448639793777,1.2121957592613677,bist100
2020-07-17,1187.8546142578125,283413660000,1191.6109619140625,1183.60595703125,-0.00018013145945990197,0.012862867942696112,0.010800871323189756,0.006739044312939033,464766553000.0,0.6097978827663186,0.005102993128593242,0.002720953877666185,1.19091021064932,bist100
2020-07-20,1192.8026123046875,354900210000,1197.4730224609375,1185.8280029296875,0.00415683964621198,0.012758362683362303,0.010585980014410112,0.009762738118715166,458050120500.0,0.7748064984953977,0.007642946184722987,0.002434642734026362,1.2052131844189244,bist100
2020-07-21,1180.413818359375,473565610000,1205.85595703125,1171.60498046875,-0.010440604003065746,0.012773479776994176,0.010714294492424779,0.029016075574330787,460181542000.0,1.0290843216827676,-0.0006034558237088778,0.0012228373627627173,1.1921904690995084,bist100
2020-07-22,1180.792724609375,516305390000,1193.7159423828125,1175.35595703125,0.00032094291317346784,0.01277504896997493,0.010501255323045978,0.01554886388518042,462498601500.0,1.116339353947214,0.0005746663322315989,0.0011743353553706243,1.2165258892371562,bist100
2020-07-23,1190.3056640625,350833490000,1196.7239990234375,1185.85400390625,0.00802412126009609,0.012681815933124332,0.010515260275646948,0.009132104000991079,458798711000.0,0.7646784561258281,0.0003762336713911744,0.001962860327322754,1.206039185020942,bist100
2020-07-24,1192.0096435546875,316593300000,1192.0159912109375,1182.2080078125,0.001430524143738972,0.012635199599227548,0.010511397057511081,0.008228107424692597,456412425000.0,0.6936561816869906,0.0006983647920309492,0.0021699587775297837,1.2020475993910695,bist100
2020-07-27,1195.693603515625,2729247100,1203.4000244140625,1194.4000244140625,0.0030857795152644417,0.012624115803059848,0.010108874271101362,0.007527011914706116,441086204855.0,0.006187559415731889,0.0004841527658414416,0.00209287485793336,1.2488151958867375,bist100
2020-07-28,1152.69384765625,4094110200,1198.199951171875,1152.699951171875,-0.03662475907855389,0.015134271895399242,0.011271552408006463,0.03947275340500365,422567541865.0,0.00968865280549155,-0.0047526782492561875,-0.00024793691978329606,1.3426963161391146,bist100
2020-07-29,1135.593994140625,4345011800,1159.699951171875,1121.0,-0.014945822385154978,0.015404778441592775,0.011453358083699154,0.03407903825800142,395828465455.0,0.010977006908801927,-0.0078060313089218765,-0.0012886390253552455,1.3450010319259493,bist100
2020-07-30,1126.89404296875,1403498000,1137.199951171875,1124.5999755859375,-0.007690643141301727,0.015331015321428726,0.011487980205127517,0.011181153777992694,369489753855.0,0.0037984761021296926,-0.010948984189201441,-0.0011513421364109631,1.3345266137023737,bist100
2020-08-04,1087.1942138671875,4294044700,1143.300048828125,1064.9000244140625,-0.03586495196054233,0.016743849838649114,0.012075227319243608,0.07211225318721197,347931027090.0,0.012341654999596375,-0.0184080794100577,-0.0036304909725315346,1.3866281268233671,bist100
2020-08-05,1091.7943115234375,4574041300,1100.5999755859375,1066.0999755859375,0.0042222383794934875,0.016761857654429696,0.012074854157091369,0.031599358629978896,325379538155.0,0.014057556679612344,-0.01818078763721189,-0.002921088100377881,1.3881623277897501,bist100
2020-08-06,1034.39453125,5070717200,1093.699951171875,1033.800048828125,-0.05400623858982884,0.019135873355645667,0.014049476324772095,0.05790817771567757,302934652015.0,0.0167386502873528,-0.02165708353946688,-0.006789819961100034,1.3620346348358348,bist100
2020-08-07,1060.5943603515625,6044999200,1062.0999755859375,985.4000244140624,0.02501320671330614,0.020206626645973336,0.014387794763694176,0.07231789460623839,264896609475.0,0.02282022111185423,-0.013665277719774657,-0.00589812016454405,1.4044283351165296,bist100
2020-08-10,1075.4942626953125,3799076400,1078.9000244140625,1039.0,0.013950866871429789,0.0206893919576643,0.014450934539566406,0.03709924431774136,235499023795.0,0.01613202610685582,-0.009336975717228354,-0.004937436765920372,1.431699237237364,bist100
2020-08-11,1110.0941162109375,4701037100,1112.4000244140625,1082.199951171875,0.03166446594406254,0.021660544986719148,0.014960101877323773,0.027204966498938683,209408079650.0,0.022449167710516273,0.004168907863692621,-0.0021094534064352187,1.4478875320730118,bist100
2020-08-12,1114.194091796875,4620354200,1119.300048828125,1096.5,0.00368655484000038,0.02164198053778879,0.014806963234854522,0.020463264879959173,184498161360.0,0.025042819754634762,0.004061771155794,-0.001497979382713363,1.4616083118816106,bist100
2020-08-13,1100.294189453125,3870889800,1125.9000244140625,1095.800048828125,-0.012553766944366008,0.020371312306906184,0.014915191117677468,0.027356297865117306,162401239350.0,0.02383534642649881,0.012352265484886566,-0.003665238031886342,1.3658096732506584,bist100
2020-08-14,1083.7943115234375,3143601500,1096.199951171875,1077.300048828125,-0.01510945350907063,0.020529324054286868,0.01500064803529882,0.01743864323958604,136699630425.0,0.022996415500367656,0.004327733440411212,-0.004142227314013427,1.3685624784994774,bist100
2020-08-17,1086.1942138671875,2790529200,1090.199951171875,1077.300048828125,0.002211904159061901,0.020355425177117054,0.014990356328809106,0.011876239238857991,117554640885.0,0.023738145759212407,0.0019799408979376343,-0.004482446334275243,1.3579013554198929,bist100
2020-08-18,1092.4942626953125,2627158100,1100.5999755859375,1084.5,0.005783356781672227,0.020465146223989598,0.014758368614808415,0.014736897149662788,103515315790.0,0.02537941443689045,-0.003196280934540428,-0.004184271922218636,1.386680788244783,bist100
2020-08-19,1124.6939697265625,3996964800,1125.800048828125,1099.4000244140625,0.02904757530428276,0.021717596650527134,0.01519166535448777,0.023473073675749252,85970153530.0,0.04649247018740319,0.0018759231583160487,-0.0029397351393150974,1.4295731339363356,bist100
2020-08-20,1126.7940673828125,4220804500,1131.699951171875,1113.9000244140625,0.0018655202521115498,0.02166816910170456,0.015185925403355066,0.015796965277919968,62502913255.0,0.06752972429908859,0.00475978059761156,-0.0023244289265562327,1.4268586553781804,bist100
2020-08-21,1109.8941650390625,5659230900,1141.300048828125,1106.699951171875,-0.015111828025950695,0.02184309183194276,0.015334470641205947,0.03117423151335538,36970605300.0,0.1530737961707108,0.004759305694235547,-0.003096067473512441,1.42444381309435,bist100
2020-08-24,1108.3941650390625,3085298700,1118.0999755859375,1106.199951171875,-0.0013523942837209342,0.021691956308526654,0.015168018471956682,0.010736274864495623,19583195735.0,0.15754827464068136,0.00404644600567898,-0.0035648932507032923,1.430111411627809,bist100
2020-08-25,1092.1942138671875,3133299100,1118.199951171875,1083.0999755859375,-0.014723556647336255,0.021796658675458044,0.015295931159412003,0.03213711914995158,3910195690.0,0.8013151638454187,-5.4936680122716355e-05,-0.004372597290257053,1.424997173973679,bist100
2020-08-26,1098.994140625,3168451200,1104.699951171875,1086.0,0.006206630820127113,0.021863930830755357,0.01531266384349922,0.01701551489732266,3932155895.0,0.8057796497918351,-0.004623125576953846,-0.0042165547250139195,1.4278332662567648,bist100
2020-08-27,1108.8941650390625,2897594500,1111.5999755859375,1102.0,0.008967927171231347,0.02065022257755296,0.01521291572459902,0.008657251420922867,3872330110.0,0.7482818917006019,-0.003202644193129886,-0.0019369204125246578,1.3574138548708259,bist100
2020-08-28,1100.5941162109375,2913086000,1113.5999755859375,1094.800048828125,-0.007513131381017909,0.020469878398066,0.015218417638045998,0.017081616629512623,3800733820.0,0.7664535686953211,-0.0016829048641433292,-0.0015652858623178042,1.3450727194456384,bist100
2020-08-31,1078.59423828125,2918914900,1102.4000244140625,1076.0999755859375,-0.02019157758874091,0.02085401335169429,0.015397620989791638,0.02438363556441241,3876504665.0,0.7529759802314078,-0.005450741525147324,-0.0021903325846897637,1.3543659351999993,bist100
2020-09-01,1085.1942138671875,2789563000,1086.300048828125,1064.4000244140625,0.006100407872620664,0.019343990499575702,0.015410179864749435,0.020180741966933077,3801280580.0,0.7338482233268874,-0.0012859486211559406,-9.206459303161369e-05,1.2552735055237612,bist100
2020-09-02,1083.894287109375,2613688100,1091.300048828125,1079.800048828125,-0.0011985927848060373,0.019318318719043912,0.01539898717922032,0.010609890776958716,3703262920.0,0.7057797829812202,-0.002766993342142571,-0.00036310615124658993,1.2545187871259749,bist100
2020-09-03,1076.2943115234375,2352568600,1091.0999755859375,1074.300048828125,-0.007036429085682005,0.014774428042009614,0.015418387288007256,0.015609045386510586,3567355490.0,0.6594713104972894,-0.005967864593525241,0.001985384323960751,0.9582343319071686,bist100
2020-09-04,1086.2943115234375,2594136500,1090.0,1072.800048828125,0.009248241823070342,0.013874308981482926,0.015460818329994491,0.01583360143693793,3394812355.0,0.7641472425358838,-0.0026155899527075905,0.0011971360794489616,0.8973851632786031,bist100
2020-09-07,1096.794189453125,2272089100,1097.800048828125,1089.5,0.009619361642487738,0.01369742711530443,0.015498321807468338,0.00756755361027533,3318462990.0,0.6846811631911556,0.003346597893538139,0.000980560818001859,0.8838006647083498,bist100
2020-09-08,1089.59423828125,2386368100,1102.800048828125,1085.199951171875,-0.00658618304692076,0.011714517878803087,0.015504279161436457,0.016152891634240635,3202729540.0,0.7451044711068547,0.0008092797096298541,-0.000931971631547306,0.7555667539797927,bist100
2020-09-09,1099.694091796875,3330318000,1099.800048828125,1087.5,0.009226674283222448,0.011893610198236187,0.015529719429870248,0.011184973093769196,3138227730.0,1.0612097930827984,0.0028943331232355513,-0.0006549656593862025,0.765861241212106,bist100
2020-09-10,1099.0941162109375,4097641300,1106.0,1093.5999755859375,-0.0005457329620407218,0.011559735298282631,0.015526257962054972,0.011282040574296636,3149565305.0,1.301018046361798,0.004192472347963808,-5.456396026993815e-05,0.7445280972745507,bist100
2020-09-11,1102.694091796875,2843845300,1104.800048828125,1096.800048828125,0.003270050026419775,0.011017773140378844,0.015445664962404605,0.007254958614100984,3134577495.0,0.9072499577809927,0.002996833988633694,0.0008644112165045821,0.7133246232646224,bist100
2020-09-14,1107.294189453125,3091678500,1110.300048828125,1103.4000244140625,0.004163012391370397,0.011038949858993528,0.01545547310061995,0.006231428359134001,3149634960.0,0.9815989913954981,0.0019055641384102258,0.0009619666281200069,0.7142421190944154,bist100
2020-09-15,1111.194091796875,3417397000,1118.699951171875,1096.699951171875,0.0035158232693304503,0.010998395005199854,0.015354391229022246,0.01979852139460581,3189146905.0,1.071570893972349,0.003925965401660468,0.000848589952502918,0.7163029026127155,bist100
2020-09-16,1107.0941162109375,2147144900,1116.5999755859375,1104.699951171875,-0.0036965262130916414,0.008796517426912544,0.015303169751319588,0.010748882357708383,3096655910.0,0.6933753579357159,0.0013413253023976499,-0.0007886151233658021,0.5748166928720125,bist100
2020-09-17,1110.694091796875,2662498900,1110.699951171875,1100.300048828125,0.0032464585525028124,0.008823824488420088,0.015197180761061918,0.009363426366052864,3018740630.0,0.8819899508888911,0.002099763605306357,-0.000719568208346239,0.5806224606493077,bist100
2020-09-18,1111.994140625,2691021500,1115.800048828125,1109.5999755859375,0.0011697987665687487,0.008151576178888807,0.015196932283243347,0.005575634812880154,2870330160.0,0.9375303013922273,0.0016797133533361518,9.451313127973321e-05,0.5363961638413702,bist100
2020-09-21,1086.9942626953125,3285329700,1115.0999755859375,1085.699951171875,-0.022738596576430986,0.009621534414327981,0.015437620171435538,0.02704708334077326,2880331710.0,1.140608107251647,-0.0037006084402241247,-0.0009747969833557694,0.6232524383603407,bist100
2020-09-22,1096.194091796875,2923680200,1097.5,1084.9000244140625,0.008427933886641814,0.009266487283852837,0.015481882854666092,0.011494292552958111,2869850765.0,1.0187568760217398,-0.0027181863167618525,0.00018277754334313406,0.5985374886789049,bist100
2020-09-23,1102.694091796875,2989501500,1109.800048828125,1098.800048828125,0.005912095923108439,0.009256638836135927,0.015490223802446747,0.009975568094388853,2860903280.0,1.044950215863292,-0.0007964618895218359,0.00016805079849220033,0.597579412291887,bist100
2020-09-24,1119.593994140625,4087385500,1120.699951171875,1097.0,0.015209754528808466,0.009665154162757667,0.015563140008572758,0.021168344324735813,2920392830.0,1.3996012652859444,0.001596197305739295,0.0004801421663710562,0.6210285429183147,bist100
2020-09-25,1124.1939697265625,3987253400,1135.0999755859375,1123.800048828125,0.004100193159440949,0.00950722101366973,0.015552416810433284,0.010051581010135625,2974101200.0,1.3406582802226097,0.0021822761843137348,0.0010608083933939993,0.6113018400646159,bist100
2020-09-28,1121.1939697265625,3340709300,1130.699951171875,1116.300048828125,-0.002672145630051832,0.008157277305224432,0.015501381845519102,0.012843364067737412,2995190920.0,1.1153577148264058,0.006195566373589566,0.001936779991328453,0.5262290411601215,bist100
2020-09-29,1123.2940673828125,3802199200,1132.300048828125,1112.4000244140625,0.0018713383492272558,0.008098266616593507,0.015392690638674262,0.017715774517022068,3045822730.0,1.2483324004874046,0.004884247266106654,0.0017253265151587825,0.526111178785504,bist100
2020-09-30,1145.19384765625,4309357400,1146.699951171875,1129.0,0.01930842170667049,0.008960866886954391,0.015555996937885043,0.015455855974165126,3130606195.0,1.3765249065444976,0.007563512422819063,0.002750677239732609,0.576039383572461,bist100
2020-10-01,1143.493896484375,3510659300,1155.4000244140625,1142.800048828125,-0.001485525047133148,0.008724626080832815,0.015246195884215616,0.011018839387490924,3188510730.0,1.1010341809324882,0.004224456507630741,0.003028222441660052,0.5722493759814158,bist100
2020-10-02,1144.993896484375,3450389800,1150.4000244140625,1137.5999755859375,0.0013109095179962137,0.008606525569293703,0.015214287114460287,0.011179141537283884,3231323395.0,1.0677946396015245,0.003666599779341794,0.0026313558264063454,0.5656870745599184,bist100
2020-10-05,1160.69384765625,2538804700,1161.0,1150.800048828125,0.013618664421721736,0.008821213572287647,0.015313048756514753,0.008787804977575626,3244659175.0,0.7824565117844773,0.006924761789696507,0.0028313209653680455,0.5760586093957788,bist100
2020-10-06,1153.69384765625,3714641900,1170.5,1153.699951171875,-0.006049134602223409,0.008791805565965859,0.014991478487744507,0.014561964478058546,3311072865.0,1.1218846734742578,0.0053406671994063746,0.0028581733876029128,0.5864535357972288,bist100
2020-10-07,1152.3939208984375,3248033900,1156.9000244140625,1147.4000244140625,-0.0011273871820683301,0.008701444577711999,0.014950880064447942,0.008243708880895121,3306958660.0,0.9821815855418041,0.001253505421658611,0.0023404703143383742,0.5820021657723932,bist100
2020-10-08,1150.493896484375,3163287900,1159.4000244140625,1143.300048828125,-0.0016501236672088698,0.008724198965105996,0.01439710843532209,0.013993968707817613,3260240990.0,0.9702619866760218,0.0012205856976434666,0.0022852507790799667,0.6059688307759016,bist100
2020-10-09,1165.6937255859375,3660290600,1166.5,1151.0,0.013125057019272966,0.009054794646450199,0.014487064490807873,0.013296803148021496,3301063255.0,1.1088217090223556,0.003583415197898817,0.002778001128722626,0.6250261847177887,bist100
2020-10-12,1178.393798828125,4248628200,1181.5999755859375,1169.0999755859375,0.01083594138646573,0.00922976467063089,0.014508502823410634,0.010607659351594391,3358910740.0,1.2648827339782183,0.0030268705908476157,0.0031116475784773927,0.636162447839754,bist100
2020-10-13,1174.6937255859375,3910863500,1181.5999755859375,1170.800048828125,-0.0031448692437803572,0.009333992672935065,0.014513702353166688,0.009193823481457258,3383584065.0,1.1558345898522844,0.003607723662536226,0.002778612952821852,0.643115894608278,bist100
2020-10-14,1189.293701171875,5858456600,1189.699951171875,1172.5999755859375,0.012352147945875955,0.009437305907608749,0.014593605652444646,0.014378261289947113,3569149650.0,1.6414152317765662,0.006303630688125084,0.0035810466607702324,0.6466740387786112,bist100
2020-10-15,1180.393798828125,4411621100,1191.5,1175.199951171875,-0.007511491865443427,0.009758499399243134,0.014563122208650255,0.013808992256912407,3656605760.0,1.206479831175456,0.005131357048478172,0.00304314913987292,0.6700829162476399,bist100
2020-10-16,1192.693603515625,3948957700,1193.800048828125,1183.0999755859375,0.010366170936092272,0.009881472411933538,0.014624489315728387,0.008971351242806697,3719502570.0,1.0616897355712809,0.004579579831842033,0.0035029677483490963,0.6756798270765041,bist100
2020-10-19,1205.3936767578125,4244644000,1209.5,1195.5,0.01059193473112164,0.007818042500784392,0.014651603651757888,0.011614462785018306,3767468285.0,1.1266568631512714,0.0045307785007732155,0.005169494313726728,0.5335963684662184,bist100
2020-10-20,1210.3935546875,4244963400,1213.699951171875,1202.4000244140625,0.004139342243108664,0.007782700675422993,0.01465959973248603,0.009335745976216735,3833532445.0,1.1073242396935028,0.005987620798151019,0.004955064731550071,0.5308944867148274,bist100
2020-10-21,1211.4935302734375,4128393000,1223.0,1209.300048828125,0.0009083624652878295,0.007830595155729227,0.014655167944305148,0.011308315586945712,3890477020.0,1.0611534212326488,0.0036988637020333947,0.00470487805865904,0.5343231265235768,bist100
2020-10-22,1198.293701171875,5673161500,1216.0,1196.5999755859375,-0.01095529177647101,0.008161863166322988,0.013917489179934654,0.016189707410704225,3969765820.0,1.4290922329519176,0.0030101037198278784,0.003396625743395066,0.5864465250018115,bist100
2020-10-23,1190.5936279296875,4404421800,1204.5999755859375,1179.5,-0.006446599482040696,0.00844965440136749,0.013798845092162004,0.021081899816298884,3990624240.0,1.1036924388551301,-0.0003524503637987158,0.0028692861113209837,0.6123450437288442,bist100
2020-10-26,1144.493896484375,5592181900,1183.5999755859375,1141.5999755859375,-0.039489502254223686,0.012674716085601634,0.014710559782073394,0.03669744341058913,4103197870.0,1.3628837987284292,-0.010368737760867781,0.0010284182801123913,0.8616066467468707,bist100
2020-10-27,1152.5938720703125,5145879700,1157.9000244140625,1133.699951171875,0.007052415905805541,0.012745599827062389,0.01394797044736411,0.02099618419688354,4170381895.0,1.2339109054184114,-0.009786123028328406,0.0012874721579413054,0.9137960160699261,bist100
2020-10-28,1126.9940185546875,2517117400,1152.5999755859375,1127.0,-0.022461015753292745,0.013055665727601988,0.014264431697273693,0.022715271922000232,4080769895.0,0.6168241446507731,-0.014459998672044522,-0.0008009997150568562,0.9152601382708621,bist100
2020-10-30,1112.3941650390625,6603070600,1120.9000244140625,1095.699951171875,-0.013039329654950697,0.01334006898303084,0.012478465691332976,0.022653906352792297,4235390460.0,1.5590228722383248,-0.01487680624774046,-0.0013786899454477336,1.069047214057438,bist100
2020-11-02,1133.593994140625,5573290300,1143.5,1117.699951171875,0.01887851335550005,0.01408410951175119,0.012304051170161989,0.022759514395349244,4341535485.0,1.2837140959127735,-0.009811783680232309,-0.000500309753572542,1.144672540529248,bist100
2020-11-03,1150.69384765625,4442168200,1156.0,1122.5999755859375,0.014971994884097322,0.01415856794333051,0.012322806289433162,0.029025986783619426,4436703660.0,1.0012316666648862,0.0010805157474318926,-0.00043264323045376276,1.1489726942694471,bist100
2020-11-04,1167.6937255859375,4691755200,1170.9000244140625,1154.0,0.014665522551806578,0.014480096433091989,0.011792816308590014,0.014472994111176054,4485559325.0,1.0459688212907539,0.0026031370766321,0.0006030896272477366,1.2278743307944626,bist100
2020-11-05,1179.9937744140625,4969504100,1184.5999755859375,1165.800048828125,0.01047853376825288,0.014638783452582573,0.011853017931270967,0.015932225377331154,4571632835.0,1.0870304504670485,0.009191046980941225,0.0011833856747637968,1.2350258421496285,bist100
2020-11-06,1191.99365234375,4683698400,1192.199951171875,1177.0999755859375,0.010118080870634472,0.01475494762624307,0.01177615919563074,0.012667832212233067,4647653360.0,1.0077555353654861,0.013822529086058261,0.0017717959016559641,1.252950761035698,bist100
2020-11-09,1231.493408203125,5964972600,1235.300048828125,1211.199951171875,0.03260034249330488,0.016122882593487507,0.012248308203720786,0.019569814580992773,4762887460.0,1.2523857954015147,0.016566894913619228,0.00274556017535756,1.3163354746894518,bist100
2020-11-10,1242.993408203125,5130828600,1244.4000244140625,1218.800048828125,0.009294923472147037,0.016085823562487257,0.012283201301440751,0.020595423448741296,4806997480.0,1.0673666090625868,0.015431480631229169,0.0026685092796416253,1.3095790883603349,bist100
2020-11-11,1279.193115234375,8656772000,1284.5999755859375,1248.4000244140625,0.028706991056718936,0.017029078516272986,0.012742957469784566,0.028299050972645682,5044292905.0,1.7161517308836767,0.01823977433221164,0.00426110229466659,1.3363521424795968,bist100
2020-11-12,1271.7933349609375,8861019200,1303.800048828125,1262.5999755859375,-0.005801521233319787,0.017058898549093558,0.012305102178576425,0.03239525802629949,5194421035.0,1.705872346560756,0.014983763331897108,0.0033534188357068027,1.386327256899471,bist100
2020-11-13,1291.293212890625,5389577500,1292.800048828125,1272.800048828125,0.015216227625476388,0.017054042367894432,0.012421890600149154,0.015488349044466044,5243318855.0,1.027894287767857,0.01600339268286549,0.004489804810252794,1.372902315504989,bist100
2020-11-16,1292.9931640625,4343358100,1310.0,1291.5,0.001315606066129286,0.017009927570673853,0.01221151635194741,0.014307886935669643,5263038875.0,0.8252567011487256,0.00974644539743037,0.004037276566754644,1.3929414726584077,bist100
2020-11-17,1259.6932373046875,4561029500,1293.0,1259.699951171875,-0.026091584029466704,0.018201960208166355,0.012751076105480923,0.02643504612232079,5278858150.0,0.8640181968140213,0.002669143897107622,0.002203100628725227,1.4274842419254659,bist100
2020-11-18,1294.693115234375,6305883900,1294.699951171875,1264.0999755859375,0.027405461550110567,0.019055680327337506,0.01296528169567618,0.023634925702372384,5381904175.0,1.1716826786496992,0.0024088379957859485,0.0033664065940753217,1.469746726266073,bist100
2020-11-19,1312.9930419921875,9457914300,1325.699951171875,1277.699951171875,0.014035605571015826,0.019192149851201514,0.013038977604441985,0.03655769563498236,5648380240.0,1.6744471685921767,0.006376263356653071,0.004022768749361722,1.4719060369168309,bist100
2020-11-20,1323.992919921875,4814313900,1328.300048828125,1315.5999755859375,0.008342814023366838,0.01888209030576938,0.013034348889990582,0.009592251628458025,5605437860.0,0.8588649130078841,0.005001580636231162,0.004987674039353613,1.4486408538802755,bist100
2020-11-23,1314.2930908203125,5836002400,1336.0999755859375,1299.300048828125,-0.007353162444884188,0.01891204836429847,0.013032187583556116,0.02799978712118461,5677016890.0,1.0280051148482667,0.0032678269340284663,0.00494234589121144,1.4511798762136838,bist100
2020-11-24,1320.9930419921875,6986828400,1334.300048828125,1308.699951171875,0.005084810733997161,0.015764940434280037,0.0126748351229579,0.019379434139670058,5746749215.0,1.2157879417746613,0.00950310588672124,0.007171061540622482,1.2437984621768403,bist100
2020-11-25,1325.492919921875,5582814600,1341.9000244140625,1323.4000244140625,0.0034006469945258213,0.015787518003132196,0.012669800525056639,0.013957071910342905,5768595960.0,0.9677943538968189,0.00470214297560429,0.006988473095058496,1.246074709061895,bist100
2020-11-26,1342.492919921875,4251432200,1343.9000244140625,1326.0999755859375,0.012743868292639267,0.014215543303207597,0.012713048813424645,0.01325895173373492,5855311700.0,0.7260812776201138,0.004443795519928978,0.008748717297355098,1.1181852214864745,bist100
2020-11-27,1328.69287109375,5611336000,1351.699951171875,1324.699951171875,-0.010332618309223015,0.014008575984058302,0.012766650724629236,0.02032072316138357,5805724970.0,0.9665177095014889,0.0007087090534110077,0.008884052864641482,1.0972788624218537,bist100
2020-11-30,1283.5931396484375,5118634800,1316.5,1283.5999755859375,-0.03453236965518072,0.016813253236719203,0.013653526451835594,0.025631193715380456,5782992195.0,0.8851187460404311,-0.004727132388648299,0.006213508714107442,1.2314220282964927,bist100
2020-12-01,1325.29296875,4606842500,1325.300048828125,1287.5999755859375,0.03197025786650998,0.017686266160540098,0.014139503901695088,0.028446595681968903,5791225910.0,0.7954865811822561,0.0006499570378542645,0.007063421863228075,1.2508406435971076,bist100
2020-12-02,1325.492919921875,4573173200,1339.0,1318.4000244140625,0.0001508618052544988,0.017655674480959192,0.014087498621710947,0.01554136976239124,5785296810.0,0.7904820357868554,-1.951563910473908e-19,0.0063376888259004715,1.25328668737182,bist100
2020-12-03,1330.8929443359375,5744630100,1335.800048828125,1315.5,0.004065698380050112,0.01763473412725116,0.014066228732324606,0.015252953976890993,5824053110.0,0.9863629317075373,-0.0017356339825178313,0.006017047056490333,1.2536931158190272,bist100
2020-12-04,1330.8929443359375,5295296100,1337.9000244140625,1326.199951171875,0.0,0.017656012403633483,0.014063954814154997,0.008791145292325048,5854632995.0,0.9044625178934892,0.0003308896793267716,0.0055111430129586095,1.255408783442846,bist100
2020-12-07,1329.8929443359375,4879614200,1336.699951171875,1326.0999755859375,-0.0007516576597462477,0.016499985413099633,0.014073144583971442,0.007970548028759144,5800365075.0,0.8412598408730333,0.007087032078413667,0.003843543005306053,1.1724448160571186,bist100
2020-12-08,1339.8929443359375,5310555900,1348.300048828125,1331.5999755859375,0.007491272471217107,0.01647352992791622,0.014083871213605463,0.0124637369819603,5809351440.0,0.9141392038075769,0.0021912349993550933,0.0037533604552595556,1.1696734284251529,bist100
2020-12-09,1350.2928466796875,5509428500,1360.5999755859375,1342.4000244140625,0.007731773907632624,0.015436308333063047,0.014096097623756626,0.013478521504892737,5651984265.0,0.9747777491379835,0.0037074174198307185,0.0027045995978052404,1.0950767187542543,bist100
2020-12-10,1353.392822265625,5896164000,1366.800048828125,1346.5,0.002293148926287818,0.015307122009268814,0.014067262287178504,0.014999376747204878,5503741505.0,1.0713010403274745,0.00335290752907826,0.003109333105785621,1.0881379544064071,bist100
2020-12-11,1370.692626953125,5148070700,1371.0,1342.5999755859375,0.01270153788453682,0.015212475860480112,0.014118970218294565,0.020719469745155143,5491666165.0,0.9374332935257728,0.005893215105985623,0.002983598618738642,1.077449390803916,bist100
2020-12-14,1388.5926513671875,4631732400,1394.5999755859375,1378.199951171875,0.01297457400354281,0.015367788985277022,0.0141680344346219,0.011810536659484177,5506084880.0,0.8412025061262768,0.008638461438643436,0.0035665470156093183,1.0846803807678025,bist100
2020-12-15,1395.392578125,5279954200,1399.9000244140625,1385.199951171875,0.004885040486813276,0.01369088431315871,0.013736516281651283,0.01053472225138255,5542031115.0,0.9527110350768935,0.008117215041762669,0.005115378241423317,0.9966780537687326,bist100
2020-12-16,1392.4925537109375,5024838600,1409.800048828125,1385.0,-0.0020804483132767096,0.012717222292961055,0.01374819818776847,0.01780982509531836,5477978850.0,0.9172796641958557,0.006154770597580802,0.0036410827482539535,0.9250101081809646,bist100
2020-12-17,1399.392578125,4448044900,1406.0999755859375,1392.5,0.004942924323148555,0.012486502098123835,0.013746467896052066,0.00971848486159592,5227485380.0,0.8508957130741894,0.006684725676952949,0.0031864486858605907,0.9083425788023636,bist100
2020-12-18,1408.2926025390625,4457054800,1410.300048828125,1396.0,0.006339780745428285,0.012450949553201498,0.013671047050747495,0.010154174496367387,5209622425.0,0.8555427699733921,0.005412374249131243,0.0030862970219636627,0.9107531783763932,bist100
2020-12-21,1384.3927001953125,5000977600,1401.699951171875,1368.5999755859375,-0.017116490585002895,0.013058372863626946,0.01393560229920509,0.023909383212774596,5167871185.0,0.9677055446961571,-0.0006058386685778985,0.0025981306149577277,0.9370512004616993,bist100
2020-12-22,1404.9925537109375,4513173800,1410.800048828125,1391.699951171875,0.014770443058040256,0.013332177090716777,0.013987140440315954,0.013594447604581145,5044188455.0,0.8947274353967412,0.0013712418456674977,0.0030824122311598817,0.9531738919478253,bist100
2020-12-23,1417.6923828125,5126165100,1420.800048828125,1409.199951171875,0.008998464286051435,0.013397807350490993,0.01400108024931147,0.008182379899112567,5021355980.0,1.020872672723753,0.003587024365533127,0.0033623030957361626,0.9569124033232976,bist100
2020-12-24,1425.992431640625,5263356100,1432.300048828125,1415.4000244140625,0.00583754736527878,0.013231246508945395,0.013856736902547554,0.011851412419222152,5071952175.0,1.0377377227536653,0.003765948973959171,0.0030169870493681385,0.9548601955856459,bist100
2020-12-28,1439.2923583984375,2977132100,1442.800048828125,1431.699951171875,0.009283560450628853,0.012912804854373397,0.013858770230889083,0.0077121910579734864,4940241980.0,0.602628800785989,0.004354704914999286,0.0039977959873607315,0.9317424734838828,bist100
2020-12-29,1459.6922607421875,3420867100,1459.699951171875,1436.199951171875,0.014074058165625182,0.009366508670183788,0.013917208714135645,0.016099283823051383,4855353595.0,0.7045557101181629,0.0105928146651249,0.006428117378401027,0.6730163255129075,bist100
2020-12-30,1479.8922119140625,4193081700,1483.199951171875,1463.0999755859375,0.01374362214662779,0.007438885618015091,0.013918674590997802,0.013582053763186306,4834665555.0,0.8672950904873915,0.010387450482842408,0.0055167855924069175,0.5344535910643639,bist100
2020-12-31,1476.692138671875,3422723600,1484.4000244140625,1470.300048828125,-0.0021647104309228215,0.007544072315220244,0.013879887640827393,0.009548351492287962,4777143075.0,0.7164791898136733,0.008154815539447555,0.005401006980598052,0.5435254600353908,bist100
2021-01-04,1495.39208984375,5172334300,1500.0,1478.699951171875,0.01258389500547902,0.0077034864372192095,0.013904980936938606,0.014243788617572929,4748528285.0,1.0892499716888597,0.009504085067487605,0.0058269168118694975,0.554009133285101,bist100
2021-01-05,1489.592041015625,6659180300,1506.9000244140625,1474.800048828125,-0.0038861554187983776,0.007904582498075527,0.013924297062991748,0.0215495079874697,4816722495.0,1.3825127577751395,0.006870141893602158,0.005632609040929578,0.5676826961042415,bist100
2021-01-06,1505.39208984375,5330873300,1509.5,1497.0999755859375,0.01055110459149772,0.007827788490402067,0.013900608333053661,0.008237072917893133,4839285450.0,1.1015827346989833,0.006165551178776665,0.0061977471534917766,0.563125605934001,bist100
2021-01-07,1522.19189453125,6175892400,1522.699951171875,1505.699951171875,0.011097942915483718,0.007900364706879777,0.013902749348443934,0.0111681057172066,4882552275.0,1.2648901746781605,0.005636415332547851,0.006378080675705107,0.5682591629089555,bist100
2021-01-08,1540.591796875,5500828100,1542.800048828125,1519.800048828125,0.012015294293788616,0.007996472091186374,0.013903529782724041,0.014929327837947827,4882122255.0,1.126728871725069,0.008472416277490138,0.006592256695012906,0.5751397102858343,bist100
2021-01-11,1536.1917724609375,5408869300,1557.5,1522.300048828125,-0.0028601474978133864,0.008222131707240699,0.013896973648381834,0.02291377405015367,4857757520.0,1.1134498331238238,0.0053836077768316575,0.006334591873807846,0.591649082402778,bist100
2021-01-12,1549.4918212890625,5168557400,1556.4000244140625,1537.4000244140625,0.008620541146634976,0.00810561982521908,0.013821102211833055,0.01226208472929751,4858781855.0,1.0637558042827588,0.00788494708991833,0.006130542036912754,0.586466961967721,bist100
2021-01-13,1559.291748046875,4878475300,1567.9000244140625,1545.300048828125,0.006304690565143216,0.007944828073275576,0.013801989897368668,0.014493744108019294,4871119000.0,1.0015101868790313,0.007035664284647428,0.005797047864992775,0.5756291761081673,bist100
2021-01-14,1546.591796875,4811686600,1568.0999755859375,1542.199951171875,-0.008178041301002626,0.008538534089686885,0.013873343145081558,0.016746516091961282,4847705620.0,0.9925698829872429,0.0031804674413501584,0.005143893775601979,0.6154633386051584,bist100
2021-01-15,1524.491943359375,4762625400,1547.800048828125,1516.0999755859375,-0.0143924665490385,0.009478850946572175,0.014078449309572048,0.02079386078770159,4834594960.0,0.985113631939086,-0.002101084727215265,0.00452829286381389,0.6732879977148784,bist100
2021-01-18,1556.791748046875,4677723000,1558.800048828125,1508.9000244140625,0.02096592919255386,0.01016783065580105,0.014244682730833205,0.03205311466782005,4846078865.0,0.9652593633554084,0.002664130610858184,0.005329443107284154,0.7137983237627582,bist100
2021-01-19,1564.99169921875,4837702100,1578.300048828125,1561.0,0.005253388115456273,0.010165050584768933,0.014105810240792632,0.011054402931824655,4865111230.0,0.9943661863615809,0.0019907000046224437,0.005275123475785555,0.7206286212026726,bist100
2021-01-20,1569.3917236328125,4559421500,1574.300048828125,1552.0999755859375,0.0028075871460179146,0.008730143563198746,0.014035064420215288,0.014145654592085518,4843033425.0,0.9414391972733493,0.0012912793207973834,0.006271327362336594,0.622023761474465,bist100
2021-01-21,1551.591796875,5612415500,1582.0,1551.5999755859375,-0.011406737422074237,0.009330508797729361,0.0129673418856523,0.019592797844955094,4897995510.0,1.1458596661718867,0.0006455400965830613,0.0049624683383308705,0.7195390450878056,bist100
2021-01-22,1542.4918212890625,4687438600,1555.5999755859375,1525.9000244140625,-0.005882195148786337,0.009581658068973048,0.013041166125898855,0.019254527487254168,4876059185.0,0.9613170025539794,0.002347594376633494,0.004218435366588981,0.7347240251732194,bist100
2021-01-25,1540.1917724609375,4811784700,1560.0999755859375,1537.0,-0.0014922382949686648,0.009656356613179077,0.012569120422959924,0.014998116467683809,4853480615.0,0.9914090694271785,-0.0021440391208710106,0.0038519460835766094,0.7682603307340328,bist100
2021-01-26,1536.091796875,5298756700,1548.5999755859375,1516.800048828125,-0.0026655397144577093,0.009672248349447223,0.012383875802132975,0.020701840099989956,4969561845.0,1.066242229248281,-0.0037278246868538076,0.0032544910753222814,0.781035638921806,bist100
2021-01-27,1466.9921875,5789300600,1541.0,1467.0,-0.04602722287774472,0.014342633307201282,0.013923753733920694,0.050443349753694584,5087983520.0,1.1378379228712596,-0.013494786691606333,0.00024942702315378616,1.0300838108232355,bist100
2021-01-28,1498.2921142578125,5830526400,1498.4000244140625,1431.300048828125,0.021111695274317978,0.01479498133789461,0.014025723428071514,0.044784308044747236,5169855755.0,1.1277928585069392,-0.006991100152327891,0.0006178306795382954,1.0548462197880988,bist100
2021-01-29,1473.4921875,4511590500,1495.5,1469.5999755859375,-0.016690647747255566,0.015287126904097803,0.014219550147631568,0.01757730691331711,5224299100.0,0.8635781400800732,-0.009152790672021736,-0.00010846618627834183,1.0750780963801483,bist100
2021-02-01,1492.4920654296875,3818595500,1500.9000244140625,1471.5,0.012812028795951011,0.015297177734832924,0.014241087438414105,0.019698613543783397,5156612160.0,0.7405240847122386,-0.006291937253837801,-9.705949675474223e-05,1.0741579813329498,bist100
2021-02-02,1511.3919677734375,4768154900,1517.5,1500.0,0.012583809186833817,0.015524095841675026,0.014262830259700158,0.011578730318238204,5062060890.0,0.9419394597602322,-0.0032420674735794963,0.0007264387335268674,1.0884302455409984,bist100
2021-02-03,1533.591796875,5128373800,1533.5999755859375,1509.199951171875,0.014581504638805276,0.01568368254977545,0.013832710737378155,0.01591037749666008,5051935915.0,1.015130414614533,0.008879678029730503,0.0009279587358922454,1.133811213690436,bist100
2021-02-04,1534.891845703125,4217777700,1544.5999755859375,1530.800048828125,0.0008473559303840381,0.0155002618993878,0.013817330063336422,0.008990813780426876,4954030180.0,0.8513831258088944,0.004826810160943715,0.0004154293866372613,1.1217986274003073,bist100
2021-02-05,1527.19189453125,3818195700,1549.5,1527.199951171875,-0.005029233721069941,0.015296139784397015,0.01345654569444889,0.014601995275105677,4869898560.0,0.7840400889171704,0.00715909296618084,-0.0004367970141056665,1.1367062641274273,bist100
2021-02-08,1534.891845703125,6523204300,1542.4000244140625,1519.0,0.005029233721069849,0.015332041957943405,0.01340967590701975,0.015245389751447331,4925615310.0,1.3243430291351763,0.005602533951204608,-4.232795316150475e-05,1.1433566377183901,bist100
2021-02-09,1544.091796875,5427787600,1551.800048828125,1535.5999755859375,0.005975984038359766,0.015264654383445398,0.013321332579177999,0.010491651645953894,4938576820.0,1.0990590605007537,0.004280968921509797,-0.00017455580857526524,1.1458804359636603,bist100
2021-02-10,1547.091796875,3953837000,1556.699951171875,1536.4000244140625,0.0019410046999086235,0.015198210889256407,0.013320252935611992,0.013121345998224997,4892344905.0,0.8081680823359694,0.0017528689337304663,-0.0003927401018369948,1.1409851571679732,bist100
2021-02-11,1545.591796875,3343474000,1558.0999755859375,1543.699951171875,-0.0009700314126226314,0.015088948989627716,0.012774265679007083,0.00931683543040123,4818934275.0,0.6938202119388731,0.0013893914651291325,-3.233960741799512e-05,1.1811989329785528,bist100
2021-02-12,1538.391845703125,3016910100,1548.699951171875,1526.699951171875,-0.004669262283744619,0.014754860076540888,0.012419237536837296,0.01430064782353605,4731648510.0,0.6376023268896616,0.001461385752594197,0.00045382060584669894,1.188064889875549,bist100
2021-02-15,1562.49169921875,2959156100,1565.800048828125,1547.4000244140625,0.015544175340911797,0.014403790543324918,0.012443719381216146,0.01177607818541536,4645720165.0,0.6369639140759569,0.003564374076562586,0.00018273291326459574,1.1575148958331147,bist100
2021-02-16,1542.7918701171875,5626114900,1575.699951171875,1522.0999755859375,-0.012688112339915222,0.014628319146033209,0.012583212549061865,0.03474219473419065,4685140805.0,1.2008422231399725,-0.00016844519909241137,-0.0007143421095039791,1.1625265876259727,bist100
2021-02-17,1540.591796875,5053711600,1553.4000244140625,1529.9000244140625,-0.001427051481854611,0.014605287543753918,0.012527304136423875,0.015253878443120605,4709855310.0,1.0730078245227452,-0.0008420564354450581,-0.0009260740408976052,1.1658763437608404,bist100
2021-02-18,1546.391845703125,4680451700,1562.800048828125,1544.199951171875,0.0037577495216870736,0.01442506932487482,0.012524099607372868,0.01202806242669546,4663257120.0,1.0036872468228817,0.00010349975141688292,-0.00016784969370953984,1.151784940801881,bist100
2021-02-19,1560.291748046875,4235697200,1567.4000244140625,1550.0999755859375,0.00894844594030427,0.014496870046709642,0.012550369735050762,0.011087701290339237,4640670050.0,0.912733970388608,0.0028270413962266606,0.0005736823607449905,1.1550950571776926,bist100
2021-02-22,1550.591796875,4048658800,1569.800048828125,1547.5,-0.006236159256656769,0.014571071299101358,0.012532571315157186,0.014381637303297758,4602513755.0,0.8796625095583229,-0.0015290255232870528,0.00033648631266058524,1.1626561646993192,bist100
2021-02-23,1517.8919677734375,5095610200,1560.300048828125,1515.300048828125,-0.0213141535316383,0.015349191240139868,0.012799050921562433,0.029646378632604213,4592356430.0,1.1095850850583913,-0.003254233761631669,-0.0005959443781984443,1.1992444857205184,bist100
2021-02-24,1482.9921875,4253745800,1523.199951171875,1483.0,-0.02326071386207682,0.012354693921142784,0.012324405061895765,0.02710732498169347,4515578690.0,0.9420156511545589,-0.00762096623767611,0.0005423810725849505,1.002457632566838,bist100
2021-02-25,1488.1920166015625,4432962300,1514.800048828125,1460.4000244140625,0.0035001763963857396,0.011402387474850263,0.011699084405525246,0.036554439082592635,4445700485.0,0.9971347181298023,-0.007672480862736378,-0.00033819487131166143,0.9746393033513924,bist100
2021-02-26,1471.3922119140625,3712196500,1480.0,1443.199951171875,-0.011352935975238622,0.011056723628597017,0.011822386592212806,0.025010359936766015,4405730785.0,0.8425835987615843,-0.011732757245844955,-7.130928271081426e-05,0.9352361760763164,bist100
2021-03-01,1527.491943359375,3241634800,1527.5,1491.0999755859375,0.03741810212791768,0.01363427228909346,0.012686113896158781,0.02382992890555536,4376882750.0,0.7406263738730493,-0.0030019049689300665,0.001158994383887519,1.074739861292099,bist100
2021-03-02,1528.7919921875,4695222600,1537.5,1518.5,0.0008507383043925695,0.013366611224914114,0.012683979139001062,0.012428113240450392,4373236135.0,1.0736265902549988,0.0014310733982761078,0.0005723408397654567,1.0538184491185478,bist100
2021-03-03,1531.091796875,4182945000,1554.0,1526.5,0.0015031976892549682,0.012958876932363231,0.012678091764463419,0.017961039342074884,4325964695.0,0.9669392366596741,0.006383855708542466,-8.15745077120588e-05,1.0221472736683332,bist100
2021-03-04,1537.9918212890625,3296335100,1542.699951171875,1523.199951171875,0.0044964796650062006,0.012998273566865825,0.01266338652073179,0.012678871064253217,4279892565.0,0.7701910853923503,0.006583116362266557,0.00010088167901904932,1.026445299255912,bist100
2021-03-05,1541.9918212890625,3402004700,1546.0999755859375,1528.5,0.002597417852200816,0.012951637809045709,0.012643378293108338,0.011413793084339712,4259083015.0,0.7987645904103139,0.009373187127754446,0.00048221425768258714,1.024381103593602,bist100
2021-03-08,1530.2918701171875,3557388400,1553.800048828125,1526.5999755859375,-0.007616489170544992,0.013026433475301656,0.012706873127452618,0.017774434912278897,4110792220.0,0.8653778176120028,0.0003662688680619107,-0.0001500718868981549,1.0251486219027908,bist100
2021-03-09,1549.1917724609375,3047242200,1553.199951171875,1535.0,0.012274875820033762,0.013256454981947224,0.012700927783584287,0.01174802984072387,3991764950.0,0.763382172590097,0.0026510963711901493,0.00016487270218554497,1.0437391037748396,bist100
2021-03-10,1564.8917236328125,3002423400,1566.0,1551.300048828125,0.010083277607960137,0.01343766046303325,0.012664170841018504,0.009393589952504732,3944194270.0,0.7612260437668553,0.004367112354931183,0.0005719863475881206,1.0610770047028628,bist100
2021-03-11,1556.49169921875,3102707500,1580.0,1551.9000244140625,-0.005382257514858571,0.013500381027600254,0.012693750770854101,0.018053405360299528,3932155945.0,0.7890601347958492,0.002391364918958228,0.0003513750424763237,1.063545461960561,bist100
2021-03-12,1557.3917236328125,2623930900,1561.699951171875,1549.300048828125,0.0005780720193446336,0.013448563485037993,0.012684538239293735,0.007961967535582933,3912506985.0,0.6706520678582252,0.001987495752386992,0.0006137417576307862,1.0602327992813714,bist100
2021-03-15,1555.49169921875,2092203700,1566.4000244140625,1553.5,-0.0012207489917999185,0.012983405828700103,0.012684149772810184,0.008293213278181794,3869159365.0,0.5407385694489222,0.0032666437881360066,-0.00022450445900479946,1.0235929140896307,bist100
2021-03-16,1570.3917236328125,21745900,1572.9000244140625,1557.5,0.009533392803290809,0.012810343239521437,0.012710356511815717,0.009806485975637578,3588940915.0,0.006059141266191617,0.0027183471847874157,0.0008865707981555021,1.0078665557187771,bist100
2021-03-17,1562.0916748046875,28549100,1589.5,1562.0999755859375,-0.005299353386228023,0.012876245076703211,0.012501866533431615,0.017540599476972694,3337682790.0,0.008553568986704096,-0.0003581790140502163,0.0006929557029368314,1.0299458118730078,bist100
2021-03-18,1550.891845703125,3571672900,1574.5999755859375,1548.199951171875,-0.00719559056561386,0.012971615726081479,0.012443428439839137,0.01702247934774173,3282243850.0,1.0881802398685279,-0.0007208456242012741,0.00014528869857178476,1.042447086733049,bist100
2021-03-19,1528.991943359375,3191601500,1553.9000244140625,1511.300048828125,-0.014221492074740511,0.013177053395046174,0.012571327183394055,0.02786147812678486,3230039065.0,0.9880999690014585,-0.003680758443018303,-0.0010132082021804543,1.0481831554310548,bist100
2021-03-22,1379.292724609375,1956226800,1492.0,1378.5999755859375,-0.10303780832325798,0.026370110508510146,0.018403985125412872,0.0822160679823626,3125417465.0,0.6259089615729142,-0.024044170309309918,-0.005853290655510515,1.4328478494637211,bist100
2021-03-23,1377.3927001953125,5739708900,1403.0,1256.300048828125,-0.0013784849717259492,0.026130629232233214,0.018358797203594988,0.10650553843582382,3157622400.0,1.8177312461426673,-0.02622654586431327,-0.004856507227514897,1.4233301311872633,bist100
2021-03-24,1413.892578125,4122592300,1421.9000244140625,1371.699951171875,0.026154229963934048,0.026630260847210964,0.018588730989160532,0.03550487075104329,3151064725.0,1.3083172387073072,-0.019935829194280854,-0.0023857600362143542,1.432602411791295,bist100
2021-03-25,1394.392578125,3506861700,1432.5999755859375,1394.199951171875,-0.01388770180016656,0.026711695215336197,0.018571350517705275,0.027538890421876686,3104759695.0,1.1295114741561343,-0.021274251441191393,-0.0032551539460419694,1.4383280951953497,bist100
2021-03-26,1382.192626953125,2953052300,1412.4000244140625,1359.199951171875,-0.00878779420243448,0.026676902685619085,0.018598103940550233,0.03848962308492455,3066802485.0,0.9629091910690818,-0.020187511866730186,-0.003126896857401762,1.4343882995219908,bist100
2021-03-29,1392.592529296875,2666302400,1398.9000244140625,1382.5,0.007496040562537126,0.025074278044236665,0.018546171244533165,0.01177661381132278,3038035865.0,0.877640198628794,0.0019192579104288343,-0.00462299993567079,1.3519921558811112,bist100
2021-03-30,1395.7926025390625,3348091400,1400.800048828125,1371.4000244140625,0.0022952888469936457,0.02509294883386481,0.018548092289957258,0.021063318691173328,2970679305.0,1.127045721281584,0.002654012674172753,-0.004550772408540736,1.352858743723807,bist100
2021-03-31,1391.692626953125,2339048400,1403.800048828125,1389.9000244140625,-0.002941704228022885,0.025056164522729865,0.018486327120504176,0.009987855180704842,2878484475.0,0.8125971914439455,-0.0031651741642186337,-0.004773017504404628,1.3553890050413924,bist100
2021-04-01,1426.5924072265625,3171634700,1426.5999755859375,1399.300048828125,0.02476794500269862,0.025848357887308746,0.018724528523603148,0.019136458752704477,2872249455.0,1.1042337198389336,0.004565955196354402,-0.003759444237520007,1.3804544052858623,bist100
2021-04-05,1442.09228515625,2562662100,1443.0,1428.9000244140625,0.01080636628140741,0.026019221945836637,0.01871084260327266,0.009777443323892254,2830282325.0,0.9054439825185991,0.00848478729312278,-0.003348996816059677,1.3905959500341096,bist100
2021-04-06,1420.5924072265625,2647194900,1445.0999755859375,1419.699951171875,-0.01502106204079033,0.02613556010024079,0.01879589129990503,0.01787988186115343,2784772650.0,0.9505964158330843,0.003981366772457289,-0.003719225459571945,1.3904932563837953,bist100
2021-04-07,1417.8924560546875,2778656400,1422.5,1402.4000244140625,-0.001902389560769687,0.025869838572492577,0.01875075813288876,0.014175952132410706,2771343360.0,1.0026388069069867,0.0031418310909046227,-0.004428088728612117,1.3796689386717105,bist100
2021-04-08,1416.5924072265625,2096631700,1430.300048828125,1415.0999755859375,-0.0009173087753103144,0.025661170323905406,0.018723103446354097,0.010730025916167767,2726053775.0,0.7691087091633033,0.0035467101814471366,-0.0049781180477756395,1.3705617980176434,bist100
2021-04-09,1393.1925048828125,2874952000,1415.0,1373.699951171875,-0.016656394756295843,0.025794002867968076,0.018805405952094723,0.029644179597132506,2714666000.0,1.0590444644018822,-0.004738157770351756,-0.005541824909847504,1.3716270169161064,bist100
2021-04-12,1375.8927001953125,2304204000,1398.0999755859375,1374.699951171875,-0.012495122748345874,0.025796400081812103,0.01878535562601528,0.017007157906093105,2698679655.0,0.853826424240783,-0.009398455576302412,-0.006195484648232029,1.3732186174898617,bist100
2021-04-13,1378.3927001953125,2863663700,1386.4000244140625,1352.699951171875,0.001815353402526468,0.025836118661136363,0.018554834009780686,0.024448818712847462,2737252655.0,1.0461817234039728,-0.006031172487639054,-0.006043679528515709,1.3924198215687373,bist100
2021-04-14,1409.1925048828125,2625140600,1409.199951171875,1380.699951171875,0.022098738403250585,0.02638186341837254,0.01879280325706004,0.020224348271260528,2867422390.0,0.9155053713589786,-0.0012309468948349985,-0.00541541224851772,1.4038280004054988,bist100
2021-04-15,1407.7926025390625,4190463300,1418.5,1398.300048828125,-0.000993901213962163,0.026400419728856782,0.018783591065610776,0.014348669779513566,3075518100.0,1.3625227242200266,-0.0012462653825653686,-0.0052001396399044275,1.4055043913935599,bist100
2021-04-16,1408.092529296875,2315175700,1412.5999755859375,1400.5,0.0002130248535750464,0.026422913921195744,0.01874283794949401,0.008593167944708557,3012693240.0,0.7684737593794979,0.0021276185394088092,-0.004829708868944982,1.4097605705388425,bist100
2021-04-19,1377.192626953125,2490437900,1416.0,1377.199951171875,-0.022188873588929396,0.026631202782522387,0.01892308651056243,0.02817329113499939,2977635060.0,0.8363811715731209,0.00018886837129210437,-0.005228077944654427,1.4073392714057225,bist100
2021-04-20,1365.2928466796875,2563178700,1385.9000244140625,1357.300048828125,-0.008678153499178692,0.013524190243107595,0.01894326079889996,0.02094786891727366,3007982655.0,0.8521254920600597,-0.0019098330090489273,-0.000510095203450462,0.7139314813156639,bist100
2021-04-21,1330.492919921875,2306410700,1365.5,1308.5,-0.025819455263702377,0.014663079785876701,0.01919107926353513,0.04284126517813186,2836317745.0,0.8131707754061949,-0.01149347174243952,-0.0017321437180492835,0.7640570696687154,bist100
2021-04-22,1345.19287109375,2092726700,1345.5,1309.199951171875,0.010987911300971515,0.013490272067794297,0.018388782125624503,0.026985014274280343,2734824465.0,0.7652142676001693,-0.009097109239452785,-0.0024904596511974102,0.7336142206500885,bist100
2021-04-26,1373.99267578125,1948162900,1374.0,1343.5999755859375,0.021183461848695944,0.014191953749620016,0.018390276455415768,0.02212531765991918,2656889525.0,0.7332494940676918,-0.004903021840428604,-0.000736901468754285,0.7717096468900888,bist100
2021-04-27,1391.99267578125,1868473800,1397.5999755859375,1381.699951171875,0.013015437042366415,0.014377175568963532,0.018372698377401894,0.011422491433109501,2602660600.0,0.7179091272984268,0.0021378402858305574,0.00035326009348575987,0.7825293418329455,bist100
2021-04-28,1385.8927001953125,1688653100,1394.5999755859375,1379.9000244140625,-0.0043918193626138165,0.014311921374211946,0.018288360876811884,0.01060684652556677,2553778135.0,0.6612371986652631,0.002995107113143532,-0.00024113290277178725,0.7825699345400751,bist100
2021-04-29,1401.4925537109375,1549958000,1406.5,1390.9000244140625,0.01119329763891027,0.014531535242375618,0.018271425877029745,0.011130972865058151,2463871465.0,0.6290742118724931,0.010397657693666061,0.00020376753682404395,0.7953147904370289,bist100
2021-04-30,1397.7926025390625,1838903600,1405.9000244140625,1396.5,-0.0026434986934039508,0.014528290549535977,0.018153270365588378,0.006724906396691142,2438864225.0,0.7539999894828093,0.007671375694790969,0.00021867781355499068,0.8003125749218185,bist100
2021-05-03,1421.1923828125,1946216100,1421.199951171875,1400.199951171875,0.01660194563325854,0.013903358297805675,0.01830179826251159,0.014776324622878704,2377593295.0,0.8185656075380209,0.006755072451703488,-0.0001896221549170133,0.7596717053910795,bist100
2021-05-04,1416.29248046875,2277662700,1428.0999755859375,1411.0,-0.0034536975175941845,0.013673522286155733,0.01829746152220179,0.012073760061394892,2363343325.0,0.9637460101147175,0.0034612455397113684,-0.000902625344867093,0.7472906703241071,bist100
2021-05-05,1419.992431640625,1787262500,1425.0,1409.300048828125,0.0026090138228786544,0.013277998023342124,0.018286033877939475,0.011056362570704447,2320346705.0,0.7702566586918742,0.004861412176809863,-2.1121551683643873e-05,0.7261278258573548,bist100
2021-05-06,1427.6923828125,2291622100,1434.699951171875,1422.5999755859375,0.005407880744610517,0.013324023204375385,0.01828235095689906,0.008475197970938955,2295994990.0,0.9980954270287846,0.0037043287979499117,0.00034439196358536633,0.7287915671122925,bist100
2021-05-07,1441.2923583984375,4002061800,1444.800048828125,1423.4000244140625,0.009480759698503571,0.013474220274087066,0.018330896792813692,0.014847802591447986,2391266495.0,1.6736159722758128,0.006129180476331416,0.0008642953872760606,0.7350551599510068,bist100
2021-05-10,1460.892333984375,2494390500,1462.5,1447.9000244140625,0.013507254470132098,0.013092615782286,0.01842873619180601,0.009993875144869954,2372238420.0,1.0514923284987518,0.005510242243706128,0.0023724778485974575,0.7104456673544106,bist100
2021-05-11,1444.892333984375,2484579100,1455.9000244140625,1438.4000244140625,-0.011012627246603882,0.013007934367515944,0.018468649157578402,0.012111629073249166,2381257175.0,1.0433896540385228,0.003998456297904188,0.002446602623684557,0.704325165123313,bist100
2021-05-12,1441.2923583984375,922312200,1445.0,1437.699951171875,-0.0024946272235281484,0.013054560110423141,0.01834039941332125,0.005064932722072298,2284189600.0,0.403780929569069,0.0029777280886228276,0.0022311035923818267,0.7117925742086715,bist100
2021-05-17,1454.2923583984375,1993605300,1455.5,1445.5999755859375,0.008979248488419555,0.012312205646248978,0.018326591855273796,0.0068074513057093,2252612835.0,0.8850190627631757,0.003692001637384636,0.001575129096640275,0.6718218937530344,bist100
2021-05-18,1459.59228515625,2164820700,1465.5999755859375,1459.5999755859375,0.003637709278572246,0.01230489735434284,0.01833618092620188,0.004110736992116739,2151330705.0,1.0062705352406525,0.0025233915533983704,0.0018067096212669956,0.6710719862476647,bist100
2021-05-20,1449.7923583984375,2326522300,1454.800048828125,1439.4000244140625,-0.006736794904825669,0.012449553189683122,0.01834104915449581,0.01062222760718277,2151898035.0,1.0811489495133073,-0.0015254183215931832,0.0014592186333469595,0.6787808638870286,bist100
2021-05-21,1451.7923583984375,1965520800,1462.300048828125,1449.300048828125,0.0013785572450523472,0.011139874251706375,0.018296913403284668,0.008954448564766597,2125652180.0,0.9246671767344364,0.0009528185767380626,0.0026375901750460467,0.6088389886409225,bist100
2021-05-24,1452.1922607421875,2019625100,1457.800048828125,1441.699951171875,0.00027541629776008087,0.010836985059588458,0.018285851104252612,0.011086753518450477,2098474500.0,0.9624253713828784,0.0015068272809957086,0.0030852686648929857,0.5926431861335771,bist100
2021-05-25,1400.1925048828125,3335779500,1459.300048828125,1400.199951171875,-0.036464587960314244,0.01246976724898398,0.018670381779932195,0.04220855164568697,2149942940.0,1.551566526691169,-0.007581940008751051,0.002553012030062392,0.6678903193285032,bist100
2021-05-26,1427.0924072265625,2647968000,1427.0999755859375,1392.9000244140625,0.019029362032416525,0.012878983587774668,0.018627223021185458,0.023964776911916875,2177705005.0,1.2159443055511552,-0.004503609457982196,0.002955084566634643,0.6914065275928089,bist100
2021-05-27,1414.9925537109375,2540002900,1428.9000244140625,1411.5,-0.008514824002357322,0.01236863989022777,0.018646528966596583,0.012296901752895778,2207297005.0,1.1507300078994127,-0.004859215277488527,0.0014701702740819791,0.6633213029827143,bist100
2021-05-28,1422.0924072265625,2097371700,1422.800048828125,1401.300048828125,0.005005044568348516,0.012101925975677032,0.018609771928864847,0.015118567464916294,2218741900.0,0.9452977383263912,-0.0041339178128292926,0.0010696506503810844,0.6502995319843891,bist100
2021-05-31,1420.492431640625,2036537300,1427.4000244140625,1414.300048828125,-0.0011257189111992926,0.01204625789524369,0.017929097683101844,0.009222136840818948,2236136110.0,0.9107394182727097,-0.004414144854621167,0.0012329556729518108,0.6718831091314358,bist100
2021-06-01,1431.992431640625,2077004600,1433.5999755859375,1423.0,0.008063189013919593,0.011929812396964787,0.017967288610903374,0.007402256710109265,2262488440.0,0.9180177733858388,0.0044914105402256,0.001076450241702277,0.6639739949257135,bist100
2021-06-02,1430.6923828125,2234180900,1434.800048828125,1418.800048828125,-0.0009082724796912619,0.011907623843591926,0.017964085961172382,0.011183396369628179,2282252305.0,0.978936857728357,0.0005038836378040424,0.0011632115523879112,0.6628572068364119,bist100
2021-06-03,1428.0924072265625,2642229900,1441.199951171875,1411.5,-0.0018189381109339686,0.011349961430743329,0.017949053396328643,0.020796939344810333,2317052995.0,1.140340728374234,0.0018430608160887132,0.00024216736517828586,0.6323431759952804,bist100
2021-06-04,1432.8924560546875,1873471800,1435.199951171875,1427.4000244140625,0.003355525150513683,0.011335380496268418,0.017952063961030305,0.0054434837205359745,2296843450.0,0.8156723959571559,0.0015131569325217463,0.0005826284985836793,0.6314249169830752,bist100
2021-06-07,1447.09228515625,1965621500,1450.5999755859375,1432.5999755859375,0.009861124585998958,0.0115181339075758,0.01798832453312696,0.012438736758282453,2305761400.0,0.8524826116006626,0.0037105256319613965,0.0009452340367396945,0.640311658062663,bist100
2021-06-08,1447.59228515625,1951616100,1453.9000244140625,1443.4000244140625,0.0003454607870581549,0.01147042850818099,0.017905616434272634,0.007253423569376548,2288761100.0,0.8526954167475146,0.0021669799865891093,0.0006921130388620764,0.6406050610034161,bist100
2021-06-09,1449.1922607421875,2037958700,1453.4000244140625,1445.699951171875,0.0011046563686639378,0.011284049757362127,0.017847735418322876,0.0053133552053638445,2190555945.0,0.9303385766757946,0.002569565756260149,0.00027330787237009465,0.6322398608496669,bist100
2021-06-10,1456.6922607421875,2403240900,1462.0,1449.5999755859375,0.005161950929658738,0.010917260798328993,0.017858568063009336,0.008512453006199582,2185998465.0,1.0993790427936097,0.00396574356437869,-0.00014395730465357331,0.6113178144972353,bist100
2021-06-11,1460.892333984375,2225669800,1464.5,1455.4000244140625,0.0028791460930715994,0.010627440111027696,0.017864712201668298,0.006229052870117141,2173053000.0,1.0242133072686217,0.0038704677528902734,0.0005506313623302008,0.5948844846230017,bist100
2021-06-14,1454.2923583984375,1846455100,1469.0,1450.699951171875,-0.004528005981712371,0.01066775616152904,0.017870298844735188,0.012583473138976141,2219260145.0,0.8320138151266624,0.000992641639348008,0.00044896242442098963,0.5969545475548605,bist100
2021-06-15,1442.59228515625,2805616500,1456.5999755859375,1431.699951171875,-0.008077737501315716,0.010631658784404703,0.017836931301144887,0.017260611102856083,2259860705.0,1.2414997498706453,-0.0006919980183267664,-0.0004038868750657739,0.5960475266125119,bist100
2021-06-16,1431.29248046875,1735503100,1444.800048828125,1431.300048828125,-0.007863824641831812,0.010712297678593009,0.017849465606922726,0.00943203446131341,2238394825.0,0.775333770707766,-0.0024856942204259163,-0.000978963571085977,0.6001466886738815,bist100
2021-06-17,1414.1925048828125,2114643000,1429.199951171875,1413.5999755859375,-0.012019168281862532,0.01092474601536475,0.017886571820902062,0.01103101277377382,2227800860.0,0.9492064744063345,-0.005921918062730171,-0.0012430822399378198,0.6107791993208115,bist100
2021-06-18,1391.0926513671875,2103404000,1422.300048828125,1388.699951171875,-0.016469181811225475,0.01141717418167355,0.017915916272273565,0.02415374534775042,2234695020.0,0.9412487973414824,-0.009791583643589586,-0.002135469192751711,0.6372643189532325,bist100
2021-06-21,1398.4925537109375,1858341000,1398.5,1378.300048828125,0.005305390699279537,0.011527939640075532,0.01199921836482098,0.014444089186083893,2226630815.0,0.8345977193349855,-0.007824904307391205,-0.0018839704726757382,0.9607242146599205,bist100
2021-06-22,1409.892578125,1748724700,1411.4000244140625,1394.300048828125,0.008118606597849172,0.008366046148236835,0.012040204731340551,0.01212856628316929,2147278075.0,0.8143913545058666,-0.004585635487558226,0.0003451892552324326,0.6948425159632118,bist100
2021-06-23,1402.392578125,2100973900,1419.800048828125,1401.300048828125,-0.0053337534167913194,0.00719392229856869,0.011575385509166708,0.013191741234636676,2119928370.0,0.9910589101649694,-0.004079621242550128,-0.0008729665172279597,0.6214844674392679,bist100
2021-06-24,1410.7926025390625,1765543600,1416.0999755859375,1405.199951171875,0.005971913570768691,0.00711284591070575,0.011458851847854133,0.007726170660694754,2081205405.0,0.8483274143716727,-0.0004814048720238835,-0.00014862963857165904,0.620729371942945,bist100
2021-06-25,1391.8927001953125,1498646600,1414.9000244140625,1391.699951171875,-0.013487200166680665,0.007593341654560125,0.011537084392305875,0.016668004106158492,2051269150.0,0.7305948124847488,0.00011499145688507843,-0.0010732418753231182,0.658168164187492,bist100
2021-06-28,1373.292724609375,2037697000,1397.5999755859375,1368.199951171875,-0.013453170951195992,0.008082402907972054,0.011626621176141628,0.021408417802857845,2051327135.0,0.9933554552233815,-0.0036367208732100273,-0.0016896144773229532,0.6951635204695173,bist100
2021-06-29,1371.692626953125,1946070000,1374.699951171875,1351.5999755859375,-0.001165833425357004,0.007753022929838669,0.011622451930734804,0.01684048972199287,2044780405.0,0.9517256695346706,-0.005493608877851263,-0.002151065599286783,0.6670729185238713,bist100
2021-06-30,1356.2928466796875,1849986800,1376.699951171875,1352.199951171875,-0.01129034154208574,0.008008779355646537,0.0117044186510616,0.018063945452472113,2025570700.0,0.9133163310468502,-0.006684926502910147,-0.002670169052406507,0.6842526394867237,bist100
2021-07-01,1372.792724609375,1346010600,1372.800048828125,1358.199951171875,0.012092020235354703,0.008663876271555225,0.011350959530296216,0.010635325635488361,1960759735.0,0.6864740110546996,-0.0054609051699929445,-0.001974621135092073,0.7632725892847168,bist100
2021-07-02,1376.692626953125,1310982200,1379.800048828125,1367.699951171875,0.0028368254131129846,0.008647842429174957,0.011261011242495265,0.008789251441717785,1932635255.0,0.6783391726960916,-0.0021961000540342145,-0.0020005561219621085,0.7679454573796101,bist100
2021-07-05,1392.592529296875,1335786500,1392.5999755859375,1375.699951171875,0.011483163461834337,0.008771659115127652,0.011212385622531835,0.012135656380833368,1901143505.0,0.7026226565679481,0.0027911668285718516,-0.0019194541781703393,0.7823187152518707,bist100
2021-07-06,1382.5926513671875,1792918700,1399.9000244140625,1382.5999755859375,-0.007206669507221852,0.008831376901483263,0.011245840098555372,0.012512759134816543,1893208635.0,0.9470264749769641,0.0015829996121988822,-0.0022970606928843394,0.7853016603550794,bist100
2021-07-07,1390.5926513671875,1549805800,1392.800048828125,1384.0,0.005769554731117995,0.008986193161383783,0.01127392880029812,0.006328272207877027,1868800990.0,0.829304890297602,0.004994978866839629,-0.002063815774761637,0.7970773383938843,bist100
2021-07-08,1372.99267578125,1546486600,1390.9000244140625,1372.5,-0.01273723185586249,0.009119016429806191,0.011188638563962116,0.013401400268645029,1825963275.0,0.8469428827915502,2.9128448596190542e-05,-0.0029587749140376983,0.8150246678964103,bist100
2021-07-09,1378.292724609375,1461975700,1381.699951171875,1371.5,0.003852784871762,0.009154352944166815,0.011083789292703138,0.007400424445225009,1787778570.0,0.8177610608678456,0.00023232034032599362,-0.0029100929751031783,0.8259226788255041,bist100
2021-07-12,1356.9927978515625,1641193500,1382.5,1355.199951171875,-0.015574503745845672,0.009580434504847093,0.011262215595158238,0.020118049905163367,1777515490.0,0.9233075656629017,-0.0051792131012100085,-0.0034624178633098435,0.8506704940869573,bist100
2021-07-13,1346.7928466796875,1382851100,1360.0999755859375,1341.5,-0.007544976488722662,0.009567658511843493,0.010909394099286379,0.013810569035759957,1706377220.0,0.8104017586451371,-0.0052468744975101705,-0.0034357798126801904,0.8770109893151029,bist100
2021-07-14,1367.2928466796875,1149980200,1369.0,1349.199951171875,0.015106663661817779,0.01035449091720807,0.011099769248131974,0.01448120559996136,1677101075.0,0.6856952256142343,-0.0033794527113702143,-0.002287255397497711,0.9328564122133144,bist100
2021-07-16,1363.2928466796875,999354700,1373.5999755859375,1357.0,-0.0029297764731749886,0.0101012401888595,0.01110382693966891,0.012176382811929877,1621336660.0,0.616377045344796,-0.0014179616348327134,-0.0018327858070633339,0.9097079992099278,bist100
2021-07-19,1351.5927734375,498073000,1357.9000244140625,1348.4000244140625,-0.008619254962434448,0.009644788671219396,0.010789122584762115,0.007028744298357479,1541070110.0,0.32319944223692715,-0.003912369601672003,-0.0014402894646237826,0.8939363322130657,bist100
2021-07-26,1349.0927734375,1482276600,1362.5999755859375,1345.5,-0.0018513823032670395,0.009513206466455941,0.01073526984393348,0.012675166543488789,1522266890.0,0.9737297774373849,-0.0011677453131562767,-0.0017981281147511114,0.8861637019615181,bist100
2021-07-27,1359.5927734375,1492338400,1360.5,1341.9000244140625,0.00775287674552823,0.009493472069518163,0.010240788240444216,0.013680549021241568,1509447575.0,0.9886652737840199,0.0018918253336939017,-0.0018164146073671584,0.9270255225105958,bist100
2021-07-28,1360.7928466796875,1414616700,1367.5999755859375,1355.199951171875,0.0008822817700254318,0.009473990883423364,0.010145702219025167,0.009112352731952081,1475129715.0,0.9589778347052008,-0.0009530510446645676,-0.001505612848026321,0.933793509694951,bist100
2021-07-29,1391.5926513671875,1634795600,1393.4000244140625,1370.5,0.022381378190494638,0.01077664378718086,0.010188797313684217,0.016455982569011186,1468592315.0,1.1131718335323033,0.004109179888069358,-0.0006851396170400237,1.0576953741838722,bist100
2021-07-30,1392.892578125,1844733700,1392.9000244140625,1380.0,0.0009336927619381523,0.010348950445923747,0.010049915348767832,0.009261320375062573,1485896670.0,1.2414952784031745,0.006019769432943878,3.5905029390917315e-05,1.0297549866619102,bist100
2021-08-02,1399.6925048828125,2217851800,1405.5999755859375,1394.699951171875,0.004869996791573092,0.0098929562391904,0.010052275814203199,0.007787442153214281,1494904410.0,1.4836077712821785,0.007364045251911905,0.0009520634165293716,0.9841508949856219,bist100
2021-08-03,1408.7926025390625,2326902300,1409.4000244140625,1394.300048828125,0.006480454163495212,0.009954357446771695,0.009982815230635654,0.010718380802626918,1513946025.0,1.5369783741134364,0.007109560735505301,0.0013343777959719824,0.9971493227905665,bist100
2021-08-04,1413.7926025390625,1992079700,1422.300048828125,1411.9000244140625,0.0035428551251026324,0.009506751227040994,0.009986086899060111,0.007356117435743304,1521050670.0,1.3096734640667822,0.007641675406520741,0.002076037629331401,0.9519996494258195,bist100
2021-08-05,1431.79248046875,2067903200,1431.800048828125,1407.5999755859375,0.012651259747223855,0.00953853082806528,0.009888584791950742,0.016901941847232437,1557145300.0,1.3280091459673031,0.005695651717866584,0.0021039996049248585,0.9646001959582321,bist100
2021-08-06,1434.79248046875,1874569400,1440.5,1425.0999755859375,0.002093083677009644,0.009536973106657106,0.009880496721894094,0.01073327650074614,1585324660.0,1.1824514229154803,0.005927529900880883,0.0020668125181196916,0.9652321512869108,bist100
2021-08-09,1432.5924072265625,1846778700,1443.300048828125,1431.800048828125,-0.0015345506516161542,0.009301817514117941,0.009877969768023045,0.008027405382011975,1610874270.0,1.1464449674275323,0.004646620412243034,0.001415926812447167,0.9416730089850829,bist100
2021-08-10,1437.492431640625,1929244800,1441.800048828125,1426.5,0.0034145535411067725,0.009084275583925806,0.009863318169972395,0.010643568266069336,1617690575.0,1.1925919763734791,0.0040334402877653455,0.0019469879648635982,0.9210161760351315,bist100
2021-08-11,1410.892578125,2142439000,1439.5,1409.800048828125,-0.018677690490160534,0.01012770860340632,0.010077660226671179,0.021050469491692012,1647322235.0,1.3005585394772505,-0.0004106688352872881,0.0007246257037996715,1.0049662695119137,bist100
2021-08-12,1444.4923095703125,2029626600,1447.5999755859375,1419.699951171875,0.02353537873142181,0.010814617009897198,0.010389787067529065,0.019314761476550757,1671479235.0,1.2142697064376033,0.001766154961552303,0.0025382562331638867,1.0408891866221053,bist100
2021-08-13,1447.59228515625,1385371700,1449.300048828125,1440.0999755859375,0.002143766319153996,0.010810434724873589,0.010295874401931552,0.006355431247130792,1667649035.0,0.8307333683073189,0.0017762914899811736,0.0024528053055334867,1.0499773310021636,bist100
2021-08-16,1455.2923583984375,2053214400,1462.0,1451.300048828125,0.005305130755904353,0.009951985815771074,0.010312670083204491,0.007352440978698187,1688250080.0,1.2161790627606546,0.0031442277714852753,0.0034967870306209883,0.9650251327228204,bist100
2021-08-17,1461.692138671875,1876365800,1461.699951171875,1449.5999755859375,0.004387949643451216,0.009606884331864001,0.010263043762135852,0.008278060246620604,1712925815.0,1.0954156820854497,0.0033389069919541638,0.004093433337229682,0.9360658060630449,bist100
2021-08-18,1449.59228515625,2133101700,1467.199951171875,1448.5,-0.00831242944725961,0.009621094690678489,0.010308774544473619,0.012900145346634037,1762081890.0,1.2105576432659437,0.005411959200534348,0.002922478681775812,0.9332917942061518,bist100
2021-08-19,1439.892333984375,1744778000,1445.699951171875,1433.9000244140625,-0.006713991516135592,0.009778172391917387,0.01030852668077754,0.008195006306589966,1799353055.0,0.9696696238415534,-0.0006379148489771321,0.0027332679296277825,0.948551882797266,bist100
2021-08-20,1444.59228515625,1630931300,1449.300048828125,1432.4000244140625,0.003258783423571808,0.00940599599337308,0.01031599662007508,0.011698819513101968,1855995970.0,0.8787364446701896,-0.0004149114280935697,0.003327169848928095,0.9117874248881465,bist100
2021-08-23,1459.2923583984375,1715242600,1463.0999755859375,1453.699951171875,0.01012450604373296,0.009440109649750304,0.010399814750898129,0.006441494988967774,1867644270.0,0.9183989839778214,0.0005489636294721517,0.003925964266278096,0.9077190196041767,bist100
2021-08-24,1465.8922119140625,1664033700,1472.5,1463.9000244140625,0.004512443270440882,0.009398688071467117,0.009239984427476039,0.005866717563570541,1876229035.0,0.8869032879026947,0.0005738623548700849,0.003763942592523728,1.017175747993596,bist100
2021-08-25,1453.2923583984375,1863153600,1471.4000244140625,1451.9000244140625,-0.00863250093113859,0.009785092582938646,0.0090001812125325,0.013417809491195193,1898655880.0,0.9813013614663022,0.000509848058094289,0.0032882034574655264,1.087210618527678,bist100
2021-08-26,1448.4923095703125,1705162400,1463.800048828125,1445.199951171875,-0.00330834555659083,0.008781498920355003,0.008938610108587909,0.012841005460199936,1902174220.0,0.8964280884849759,0.001190977250003241,0.002003717270111253,0.982423308956953,bist100
2021-08-27,1458.1922607421875,1591599600,1458.199951171875,1444.0999755859375,0.006674261994969297,0.008838316913180903,0.008955798445432693,0.009669490070370367,1889517515.0,0.8423312233758257,0.0018740729642827386,0.0022907457317628103,0.9868820705414932,bist100
2021-08-31,1472.0921630859375,1885265000,1474.5,1463.0,0.00948713816757055,0.008968572906587974,0.009029299192882364,0.0078120108838108495,1872888175.0,1.0066084164368223,0.0017465993890502566,0.0025216028005626834,0.9932745293962283,bist100
2021-09-01,1474.0921630859375,1658639400,1479.0,1468.4000244140625,0.0013576885121905358,0.008922593308402607,0.008976636910282413,0.00719084996948019,1839475030.0,0.9016917179897789,0.0011156484374001874,0.0022654645179974496,0.9939795268072054,bist100
2021-09-02,1479.0921630859375,1526001500,1485.0,1472.0999755859375,0.0033861785959470765,0.008921481472150366,0.008982475100745643,0.008721582559905017,1816171120.0,0.8402300219375805,0.003519384342817321,0.0022576306915396715,0.9932097080246608,bist100
2021-09-03,1468.692138671875,1772196800,1482.0999755859375,1464.800048828125,-0.007056193059403028,0.008800611236579306,0.009031244229552798,0.011779137575732289,1801385800.0,0.983796363888291,0.002769814842254881,0.0012722580512083276,0.9744627664681247,bist100
2021-09-06,1474.692138671875,1697623600,1478.699951171875,1469.800048828125,0.004076945274813994,0.008821505227158875,0.009035633896505146,0.0060350917390563676,1792538510.0,0.9470500022897695,0.00225035149822382,0.0013714511310985449,0.9763017546085956,bist100
2021-09-07,1454.6922607421875,1847168900,1476.300048828125,1454.699951171875,-0.013654874853686634,0.009427174182522511,0.009131297139679553,0.014848568483638991,1792558020.0,1.0304653346729609,-0.002378051106027617,0.000765434920995021,1.0324025205090788,bist100
2021-09-08,1433.8924560546875,1951801300,1457.300048828125,1432.5,-0.014401630021308037,0.00998870904136764,0.009320737376017013,0.0172956128776642,1793685845.0,1.0881511416510063,-0.005529914812727332,-0.00012537425712571946,1.0716651095727008,bist100
2021-09-09,1452.6922607421875,1692677500,1452.699951171875,1427.800048828125,0.013025822796157731,0.00938706211127531,0.009473919938287029,0.017140521097722735,1771197770.0,0.9556682650972398,-0.003601985972685201,0.0014598014071901938,0.9908319019394813,bist100
2021-09-10,1438.6922607421875,1509835900,1457.0999755859375,1437.5999755859375,-0.009684017678058973,0.008130187222722851,0.009531579261750227,0.013553975740399416,1745208235.0,0.8651322344923499,-0.00412755089641639,-0.00020116841328384543,0.8529737831954988,bist100
2021-09-13,1438.2923583984375,1604110300,1448.0,1433.800048828125,-0.0002780010318198478,0.008111437272053637,0.009522962757467173,0.0098727849654203,1756145165.0,0.9134269375732387,-0.004998540157743158,-0.0003222567808325376,0.8517766454240592,bist100
2021-09-14,1434.3924560546875,1744666800,1443.5,1429.0,-0.002715163682423767,0.008016283213290393,0.009512061024350798,0.010108809439699936,1740717785.0,1.0022686130020784,-0.002810597923490585,-0.0007232715027489435,0.8427493466209661,bist100
2021-09-15,1423.992431640625,1605647800,1440.9000244140625,1420.4000244140625,-0.007276885874648057,0.00804911565886173,0.009501417674894534,0.014396143929207073,1727181885.0,0.9296344605883821,-0.0013856490941585888,-0.0013065132786539073,0.8471489133805578,bist100
2021-09-16,1417.992431640625,1537059300,1434.699951171875,1412.800048828125,-0.004222407368793576,0.007912548853622168,0.009463294387203688,0.015444301291800052,1697379765.0,0.9055482642683678,-0.00483529512714885,-0.0011020121747306057,0.8361304773865594,bist100
2021-09-17,1419.3924560546875,1543991500,1427.0999755859375,1412.199951171875,0.000986841463597323,0.007811812963721252,0.009335029755088067,0.010497466257837021,1687340440.0,0.9150444471063587,-0.002701123298817591,-0.0007169705257439598,0.8368278590074569,bist100
2021-09-20,1391.8927001953125,1741753000,1407.699951171875,1386.300048828125,-0.019564456463208858,0.008804425043465553,0.009435936588462042,0.015374678192325552,1692881525.0,1.028868809942267,-0.006558414385095393,-0.0018581325200829931,0.9330737824405603,bist100
2021-09-21,1385.5926513671875,1699234300,1403.800048828125,1383.4000244140625,-0.004536520510662976,0.008353010667038953,0.009427856436581915,0.014722959445500417,1692081110.0,1.0042274510114944,-0.0069226857507432345,-0.00259118384780279,0.8859925607933155,bist100
2021-09-22,1407.4925537109375,1500384700,1407.5,1385.5,0.015681835343954835,0.009184904386094797,0.009589520432088912,0.015630633314539177,1683898660.0,0.8910184060601367,-0.002330941507022656,-0.0020327142441270924,0.9578064358004631,bist100
2021-09-23,1401.4925537109375,2679240200,1417.5,1394.4000244140625,-0.004272012058154037,0.009071045550708805,0.009580539858980342,0.016482410502126683,1724702990.0,1.5534501972423669,-0.002340862444894748,-0.0018146898004778647,0.9468198748952584,bist100
2021-09-24,1384.692626953125,2025778000,1397.4000244140625,1376.0,-0.012059593511829062,0.009353556339635662,0.009672066326153675,0.015454711029371964,1740733770.0,1.1637494687082448,-0.0049501494399800255,-0.002252252198239776,0.9670690857798661,bist100
2021-09-27,1391.692626953125,1675935800,1397.699951171875,1380.800048828125,0.005042538547325549,0.009278411553270976,0.009539140680715465,0.01214341587822411,1744950580.0,0.9604488626835495,-2.875043787314395e-05,-0.0023338383706219636,0.9726674407924831,bist100
2021-09-28,1383.792724609375,1866974900,1393.4000244140625,1379.0999755859375,-0.00569264303491925,0.008872530917251849,0.009405343675810949,0.010333952891797216,1744036075.0,1.0704909874068975,-0.0002599749427243987,-0.0030928274307464535,0.943349995818929,bist100
2021-09-29,1391.8927001953125,1717260700,1396.699951171875,1389.9000244140625,0.005836395224285028,0.009045601655961548,0.009432434334774814,0.004885381435550545,1746967140.0,0.9829954214250418,-0.00222906296665836,-0.002868892095141729,0.9589890938983673,bist100
2021-09-30,1406.392578125,2070925300,1409.199951171875,1386.0999755859375,0.010363494971832789,0.00942608722752589,0.009397837579362269,0.016424983994678316,1774213330.0,1.167235791199923,0.0006980384393390051,-0.0025200262763474435,1.00300597322789,bist100
2021-10-01,1401.4925537109375,1530063400,1407.800048828125,1394.5999755859375,-0.003490192196694998,0.009369322513055356,0.009289687942237492,0.009418582501373788,1762106660.0,0.8683148612581715,0.0024119187023658177,-0.0023417262332120414,1.0085723623132472,bist100
2021-10-04,1394.392578125,1584796400,1407.800048828125,1394.4000244140625,-0.005078885943577164,0.009262263903678677,0.009309883927413233,0.009609936702389172,1756465300.0,0.9022645650898996,0.00038763380418527503,-0.0027995177941315995,0.9948850034967314,bist100
2021-10-05,1391.692626953125,1666252300,1396.4000244140625,1388.5,-0.0019381690209264988,0.00890310473594964,0.009195032605850757,0.00567655835854952,1747419470.0,0.953550265752733,0.0011385286069838252,-0.002213682502493593,0.9682515677306718,bist100
2021-10-06,1371.692626953125,2269729400,1392.4000244140625,1371.5,-0.014475252187187145,0.008908422863094952,0.009338210674556983,0.0152366674598862,1763315875.0,1.2871938784082007,-0.0029238008753106094,-0.002217363610787548,0.953975357117072,bist100
2021-10-07,1396.892578125,2045920900,1397.9000244140625,1385.0999755859375,0.018204711261647136,0.009434553865607927,0.00960557383848503,0.00916323060811595,1780978045.0,1.1487625609668872,-0.0013555576173477398,-0.0019584191875130783,0.9821957567811404,bist100
2021-10-08,1397.9925537109375,1927529700,1404.5999755859375,1393.5999755859375,0.0007871347771695396,0.00927241599433196,0.009457354922319324,0.007868425315142607,1801862735.0,1.069742807017983,-0.0005000922225748323,-0.0014348615647516525,0.9804449627293875,bist100
2021-10-11,1416.29248046875,1704525000,1419.699951171875,1401.5999755859375,0.013005210535134218,0.009819238472850775,0.009588519407446424,0.012779828909313248,1806883470.0,0.9433508183015256,0.003116727073167444,-0.0007707009864039493,1.0240620116203942,bist100
2021-10-12,1416.79248046875,2144789000,1423.0,1408.0,0.00035297212196976963,0.009811224701599112,0.00935489957389537,0.01058729503916989,1826889580.0,1.1740112941035001,0.0035749553017466983,-0.0006172941961842725,1.0487792652501697,bist100
2021-10-13,1413.4925537109375,2563662200,1432.0999755859375,1408.199951171875,-0.0023318699094067004,0.009696199532664948,0.00930090106886027,0.016908489790990515,1874790300.0,1.3674394410937587,0.006003631757302787,-0.0003700433979222046,1.0425010932680652,bist100
2021-10-14,1411.7926025390625,1775404100,1422.4000244140625,1407.9000244140625,-0.0012033839297676849,0.009656487988910457,0.009112276763869635,0.010270630384322901,1886707540.0,0.9410065218693089,0.002122012719019822,-0.00021909222597091006,1.0597228595161454,bist100
2021-10-15,1409.592529296875,2608280200,1421.699951171875,1397.199951171875,-0.0015595699171241527,0.009656538115511815,0.009105163602508164,0.017380909369760177,1939921975.0,1.3445284055818791,0.0016526717801610836,-0.0003464127950069839,1.0605562444645986,bist100
2021-10-18,1417.6923828125,2047698700,1419.199951171875,1407.9000244140625,0.005729790896637262,0.008606371386927306,0.009048334845015533,0.007970647860430098,1955219260.0,1.0472987566622067,0.00019758785246169248,0.0009182995729853221,0.9511552715877118,bist100
2021-10-19,1429.8924560546875,1906715300,1434.699951171875,1423.800048828125,0.008568768679723952,0.008667878164794503,0.009096536584124756,0.007622882614420286,1965593310.0,0.9700456805075308,0.0018407471640125288,0.0015735640325046686,0.9528767443118575,bist100
2021-10-20,1432.79248046875,2208567700,1437.9000244140625,1427.699951171875,0.002026087725631436,0.008011004312684986,0.009054099805102009,0.00711901645299706,2001002460.0,1.1037306270977798,0.002712338691020156,0.0008907766515884985,0.8847930203034391,bist100
2021-10-21,1455.392333984375,3429893000,1455.4000244140625,1417.199951171875,0.015650186012563093,0.008555357479640051,0.009252876216962589,0.026247268417038134,2038535100.0,1.6825283018183008,0.006083052679486311,0.0018868865551243548,0.9246160090152477,bist100
2021-10-22,1479.8922119140625,2706668900,1484.9000244140625,1454.0,0.016693745710242222,0.008504146779334433,0.0090584590081833,0.020879915554185554,2072579645.0,1.305942044991955,0.009733715804959586,0.003324553516227919,0.9388072266653622,bist100
2021-10-25,1492.89208984375,3060693400,1495.0999755859375,1470.5999755859375,0.008745983210212034,0.00858347368244105,0.00911310086787498,0.016411099078543736,2141817525.0,1.4290168813517388,0.010336954267674541,0.003509725749372243,0.9418828790427478,bist100
2021-10-26,1509.19189453125,2246666500,1512.699951171875,1501.199951171875,0.010859099841867404,0.008446351088152544,0.00918697664038525,0.007619972013944497,2160802105.0,1.0397372784862222,0.010795020500103232,0.004337312893211575,0.9193831027090053,bist100
2021-10-27,1519.2919921875,2927463700,1520.699951171875,1503.0,0.006670093340598633,0.00845619035641718,0.00918883716234751,0.011650131286738594,2221312255.0,1.3178983249250564,0.011723821623096672,0.004378997799027256,0.9202677343187178,bist100
2021-10-28,1521.991943359375,1095134000,1524.699951171875,1516.5,0.0017755342404055699,0.008353732585682635,0.009184221959541123,0.00538764426950637,2172522690.0,0.5040840332949527,0.008948891268665165,0.003949599762455896,0.9095743354726172,bist100
2021-11-01,1536.2918701171875,2569173400,1538.5,1516.199951171875,0.009351670312491425,0.008244610055397578,0.009124352585987525,0.01451550272567931,2224478190.0,1.1549555358868229,0.007480476189115006,0.004591692887915217,0.9035830189266264,bist100
2021-11-02,1533.091796875,2649191600,1545.9000244140625,1528.4000244140625,-0.0020851576399929647,0.008085433367039341,0.009133159787605913,0.01141484158722353,2277697950.0,1.1631004892461707,0.005314248019074007,0.004741379303094427,0.8852832486311714,bist100
2021-11-03,1546.9918212890625,4390871100,1547.0,1491.699951171875,0.009025806115104347,0.007979710889365119,0.009183060113971901,0.03574682688499614,2413928890.0,1.8189728447220332,0.004947589273721395,0.005289578059895969,0.8689598881340325,bist100
2021-11-04,1575.691650390625,3995947300,1577.4000244140625,1562.199951171875,0.018382034230944623,0.007021110131280613,0.009441670360387707,0.009646603914172736,2500239785.0,1.5982256277871365,0.007289977451790594,0.0069324423808025575,0.7436300848563306,bist100
2021-11-05,1583.591552734375,3136853600,1586.5999755859375,1568.800048828125,0.005001083031232865,0.006507376685968405,0.009070272547291102,0.011240225882158507,2554786420.0,1.2278339885648837,0.007935087209956051,0.006272260969281844,0.717440038547891,bist100
2021-11-08,1608.491455078125,3176989900,1609.0999755859375,1589.199951171875,0.01560135330966926,0.006690705951047489,0.00880379218093754,0.012371855847438088,2617259430.0,1.213861286956945,0.00918502380939162,0.00701297189590683,0.7599799965217917,bist100
2021-11-09,1615.5914306640625,4438372300,1631.5,1605.4000244140625,0.004404345244717225,0.006560426178602293,0.008810156569024638,0.01615505943554648,2753951795.0,1.6116376140127755,0.010482924386333659,0.00658292863138598,0.7446435403506785,bist100
2021-11-10,1624.09130859375,3398869700,1627.199951171875,1603.800048828125,0.005247364089227768,0.006405253855660048,0.00880977351551177,0.014407996779449084,2816655830.0,1.2067039443722167,0.009727235981158343,0.006827648229748881,0.7270622615192122,bist100
2021-11-11,1625.09130859375,4057827400,1643.800048828125,1621.5,0.000615539444464645,0.0062144882673569705,0.008804661458413608,0.01372233591441827,2891364090.0,1.4034301020872124,0.006173937023862347,0.006975018697442446,0.7058179688917505,bist100
2021-11-12,1638.4913330078125,2828953500,1642.800048828125,1631.4000244140625,0.008211895446416003,0.0059115793790886,0.008742280459331326,0.006957634858608156,2944041560.0,0.9609081401690539,0.006816099506898973,0.007445782666251633,0.676205642977137,bist100
2021-11-15,1702.490966796875,4669385500,1710.800048828125,1672.4000244140625,0.03831655362790278,0.008755123334719787,0.00984166195254498,0.022555200093842275,3047096825.0,1.5324047013176223,0.01135913957054568,0.009439588843502978,0.8895980553828896,bist100
2021-11-16,1685.591064453125,4893366200,1725.0,1681.800048828125,-0.009976170795024265,0.009752912567450762,0.009978392759033596,0.025628963087729016,3189380200.0,1.534268695842534,0.008483036362597382,0.008654290758919903,0.9774031552948542,bist100
2021-11-17,1706.990966796875,3382413600,1712.9000244140625,1683.0999755859375,0.012615869553163716,0.009792947539351775,0.010015470306743872,0.01745764881465309,3263165115.0,1.036543809705443,0.00995673745538457,0.00885664580259189,0.977782095041282,bist100
2021-11-18,1736.890869140625,6133931600,1759.199951171875,1697.9000244140625,0.01736450613837472,0.0098303997309679,0.010192648549755212,0.03529290633449086,3459433310.0,1.773103005705868,0.013306530794166587,0.009623566723229055,0.9644597950160841,bist100
2021-11-19,1737.2908935546875,3616528100,1759.0999755859375,1727.5999755859375,0.00023028410322425223,0.009936968107229136,0.010087435454090262,0.01813167853286075,3468765065.0,1.0425981674259048,0.011710208525528235,0.008852571627762111,0.9850836867758975,bist100
2021-11-22,1755.49072265625,2704386700,1759.199951171875,1741.199951171875,0.01042148970124105,0.00977411673563639,0.01009820841607133,0.010253543221671959,3468650955.0,0.7796652747955725,0.00613119574019589,0.008538958827312055,0.9679060218326305,bist100
2021-11-23,1784.5904541015625,5636652900,1791.800048828125,1746.4000244140625,0.01644051954642943,0.009932841087991138,0.010232908747797847,0.025440024241818984,3597448930.0,1.5668472324914977,0.01141453380848663,0.008923685644122924,0.9706762107234383,bist100
2021-11-24,1812.2904052734375,5032322400,1834.5,1799.0,0.015402511161540566,0.010030906272100766,0.01032099451272844,0.019588472077489025,3736731725.0,1.3467176052088674,0.011971862130161999,0.00915085621010658,0.9718933829225547,bist100
2021-11-25,1819.1903076171875,3397984700,1833.800048828125,1806.0,0.0038000535827560807,0.010088627208488648,0.010317357646815684,0.015281550650156041,3760257775.0,0.9036573829037559,0.00925897161903827,0.009007354222214454,0.9778305215194677,bist100
2021-11-26,1776.390625,3832466000,1811.0999755859375,1760.800048828125,-0.023807949278677774,0.012408924573283006,0.010903371111063247,0.028315802870110564,3897124375.0,0.9834086960593861,0.004451324942657865,0.007728180046260287,1.1380814655287785,bist100
2021-11-29,1808.7904052734375,3044014500,1811.9000244140625,1776.800048828125,0.018074770602576073,0.012620489530511094,0.010990812184214133,0.019405219910281084,3920866430.0,0.7763627132791667,0.00598198112292487,0.008164335060764518,1.1482763347223448,bist100
2021-11-30,1809.6903076171875,3357224800,1818.800048828125,1797.199951171875,0.0004973923774677754,0.012522936420112676,0.01099718293768169,0.011935797835316236,3956268090.0,0.8485837470129584,0.0027933556891325388,0.008293462561637557,1.138740392978552,bist100
2021-12-01,1857.39013671875,3828888300,1857.800048828125,1823.0999755859375,0.026016620208998347,0.013136518798644648,0.011145282483759619,0.018682167282038205,3928168950.0,0.9747259725170426,0.004916177498624095,0.009143003266332257,1.1786618076111186,bist100
2021-12-02,1880.0899658203125,3626407700,1882.5999755859375,1864.0999755859375,0.012147279773282501,0.012978761543390236,0.010924206054164257,0.009839954649153273,3909691970.0,0.9275430718906482,0.00658562273672938,0.00883126554344915,1.1880736667762497,bist100
2021-12-03,1910.389892578125,3682426400,1914.0999755859375,1893.699951171875,0.015987723609619135,0.013040475558852483,0.010969911708400242,0.010678461236272608,3936970610.0,0.9353451586980478,0.01454475731438876,0.009380597572368463,1.1887493633031432,bist100
2021-12-06,1927.3897705078125,3721283800,1928.0999755859375,1898.5999755859375,0.0088592835498306,0.012958084743864203,0.01082188711840671,0.015305674260286017,3964185305.0,0.9387259963116179,0.012701659903839665,0.009043494084376531,1.1973960365770293,bist100
2021-12-07,1980.989501953125,4351992900,1984.0,1942.5,0.02742983131886982,0.013534272847791016,0.011183458977129104,0.02094912666578179,3959866335.0,1.0990252023241587,0.018088147692120075,0.01019476838808416,1.2102045418568155,bist100
2021-12-08,2004.58935546875,5531176000,2012.300048828125,1977.9000244140625,0.011842761207082088,0.013487652046318487,0.01116373498934315,0.01716063408209531,4066481650.0,1.3601871288414642,0.015253375891736823,0.010524538243976877,1.2081666269571731,bist100
2021-12-09,2031.3892822265625,4967184400,2053.5,2010.199951171875,0.013280704914627746,0.013293857452572375,0.011077643942435801,0.021315485518691297,4111949500.0,1.207987695374177,0.015480060920005872,0.011157796517485032,1.2000618111263524,bist100
2021-12-10,2035.4892578125,4362181500,2042.9000244140625,2000.5999755859375,0.002016277070764035,0.013437528034219734,0.011009893805089356,0.02078126851604416,4188610900.0,1.0414387022676181,0.012685771612234853,0.010848015598702432,1.2204956988784212,bist100
2021-12-13,2101.48876953125,4768326800,2115.89990234375,2047.5999755859375,0.031909819896236015,0.012809952423365651,0.011483634395985024,0.03250073364562744,4193557965.0,1.1370599476141974,0.017295878881515937,0.010527678912119096,1.11549636479583,bist100
2021-12-14,2157.6884765625,6273059200,2157.699951171875,2124.10009765625,0.02639146751375667,0.012317989456728353,0.011243054717324875,0.015572152273415425,4262542615.0,1.4716707295605536,0.017088206120493304,0.012346060827558143,1.0956087795025196,bist100
2021-12-15,2162.28857421875,5558227600,2195.10009765625,2145.60009765625,0.0021296869593733503,0.012527292137909275,0.011156647235977573,0.022892411581966896,4371333315.0,1.2715176810990905,0.015145591270951558,0.011821751697868624,1.1228545523525826,bist100
2021-12-16,2278.587890625,5935348300,2278.60009765625,2175.5,0.052388718978363544,0.015450004004696975,0.012538377535124785,0.045247364861563624,4361404150.0,1.3608801422358439,0.022967194083698718,0.013572962339868067,1.2322171637770207,bist100
2021-12-17,2084.489013671875,8279014300,2406.89990234375,2071.300048828125,-0.08903215703634977,0.02761268219394221,0.017671808588168327,0.16099861947675043,4594528460.0,1.8019290493196771,0.004757507262275956,0.009109840282889362,1.5625272340505951,bist100
2021-12-20,2056.388916015625,5040625000,2149.39990234375,1914.0,-0.013572256648458084,0.028070134198712734,0.017699960449499907,0.11447246214488027,4711340375.0,1.0698919200886647,-0.004338908046662862,0.007910152965404408,1.5858868317135604,bist100
2021-12-21,1891.989990234375,4367949500,2103.60009765625,1884.699951171875,-0.08332231114844575,0.03458298979465473,0.02116758525493781,0.11569836395236859,4647905205.0,0.9397673376172051,-0.026281663779103348,0.0029220114306606473,1.6337711353536408,bist100
2021-12-22,1804.1904296875,4583903100,1895.5,1783.800048828125,-0.047517204278758184,0.036211431429941,0.022193453289759742,0.06191139767392642,4625484240.0,0.9910104244566619,-0.03621104202672965,-0.00022397434135429002,1.631626721500312,bist100
2021-12-23,1805.29052734375,3806386700,1849.300048828125,1726.300048828125,0.0006095600466708833,0.03619979686937256,0.02219806272298208,0.06813307782707888,4645904340.0,0.8192994132978639,-0.046566873813068184,-0.0003834990181585499,1.6307637887649633,bist100
2021-12-24,1891.2900390625,2530669100,1891.300048828125,1808.9000244140625,0.046537620773902215,0.037207485258186485,0.022846371999925216,0.04356815861775894,4580814495.0,0.55244959226405,-0.019452918251017786,0.0031337794844704496,1.6285949146896617,bist100
2021-12-27,1897.0899658203125,3014802700,1942.5,1873.300048828125,0.0030619585584416237,0.03704126073640583,0.022821052708859632,0.03647689483295145,4579353905.0,0.6583467367980156,-0.016126075209637845,0.002383138882263727,1.6231179695766447,bist100
2021-12-28,1850.490234375,2584687100,1916.199951171875,1830.9000244140625,-0.024870519601923383,0.03754020599366432,0.023111079632018864,0.04609585350588052,4540727020.0,0.5692231857620016,-0.004435716900333371,0.0011147432832941692,1.624338048736367,bist100
2021-12-29,1895.489990234375,2570994300,1901.5,1828.5999755859375,0.024026779615215065,0.037473312760768526,0.023227162138517252,0.03845972534260046,4477832320.0,0.5741604678935365,0.009873079878461278,0.001015251253605005,1.6133401289960903,bist100
2021-12-30,1863.6900634765625,2341048300,1923.699951171875,1860.699951171875,-0.016918947676181996,0.037582334434541134,0.023264269347890963,0.03380390400455246,4413564350.0,0.5304212455857815,0.006367378333890702,-0.0004380601188682198,1.6154530311070434,bist100
2021-12-31,1857.6900634765625,1586782500,1885.199951171875,1845.5999755859375,-0.0032246129093916054,0.03738540960903949,0.02322426624087854,0.021316782796280007,4308782155.0,0.3682670515516002,-0.0035850684027680622,-0.0013986769448187568,1.6097563307827998,bist100
2022-01-03,1926.689697265625,2294101600,1926.699951171875,1864.800048828125,0.03646953297293939,0.0382831331943035,0.023575242128095107,0.03212759295469265,4237423045.0,0.5413907404659428,0.0030964464801314906,-1.8164473663317625e-05,1.6238702018962805,bist100
2022-01-04,1963.589599609375,3089629800,1978.0999755859375,1925.199951171875,0.01897087905161468,0.038009680943833155,0.023620627983290995,0.026940468835537794,4174304890.0,0.7401543206394777,0.011864726210839104,-0.00044111208702607446,1.6091731756971421,bist100
2022-01-05,2005.2894287109375,2388007800,2006.800048828125,1954.699951171875,0.021014177217939217,0.03822042111645203,0.023695613502679343,0.02598133561684488,4017146480.0,0.5944537526547949,0.011262205731383933,1.7458713516782e-05,1.6129745326969618,bist100
2022-01-06,2007.58935546875,2926993600,2021.800048828125,1977.699951171875,0.0011462728546452069,0.038094901935175916,0.02367965675066035,0.021966692309918684,3915136940.0,0.7476095076255493,0.014875249837549374,-0.0005892628894823449,1.6087607323156645,bist100
2022-01-07,2033.289306640625,3497541200,2036.0999755859375,1994.5,0.012720153137906864,0.03820845358647425,0.023677608686449827,0.020459447384134653,3871904925.0,0.9033127795616004,0.01806420304700907,-5.4069086125203486e-05,1.6136956266339557,bist100
2022-01-10,2045.1890869140625,3135730300,2071.800048828125,2045.199951171875,0.0058354184540691635,0.037498655925391026,0.023656405850942815,0.013006180126056833,3790275100.0,0.8273094214190416,0.011937380143235024,-0.0013577891582335461,1.5851374955970556,bist100
2022-01-11,2045.9891357421875,3872105300,2068.199951171875,2018.0,0.0003911092574225537,0.03693242135545023,0.023668253626674997,0.02453578579422165,3670227405.0,1.0550041925808136,0.008221426184396599,-0.002657807071050252,1.5604202125764794,bist100
2022-01-12,2064.18896484375,3254102400,2074.800048828125,2055.699951171875,0.008856038646589607,0.037008859216850876,0.023668787628882075,0.009253076138644987,3555021145.0,0.9153538804056818,0.005789798470126677,-0.002321489486689439,1.563614486603042,bist100
2022-01-13,2070.68896484375,3395597800,2087.0,2054.5,0.003143988995430873,0.03474635151109238,0.023665950997806686,0.015695259187539248,3428033620.0,0.9905380682935075,0.006189341698283809,-0.004783725985836073,1.4682000953315844,bist100
2022-01-14,2072.888916015625,3212724900,2081.10009765625,2049.300048828125,0.001061860759876185,0.028533817490563166,0.02364149033132865,0.015340932445742934,3174719150.0,1.0119713739087755,0.0038576832226776742,-0.0002790250960247747,1.2069381875114455,bist100
2022-01-17,2085.7890625,3852414900,2103.0,2083.60009765625,0.006203984981573248,0.028391214818950187,0.023599023681187006,0.009300989583528416,3115308645.0,1.2366077775898832,0.003931396528178491,0.000709786985476792,1.2030673472980784,bist100
2022-01-18,1979.78955078125,4150695000,2086.300048828125,1979.800048828125,-0.0521566793265639,0.024061396700294422,0.024748432931886805,0.053793596373904365,3104445920.0,1.3370163652262945,-0.0065781611886188,0.002268068576570885,0.9722392026402941,bist100
2022-01-19,2042.089111328125,4919945200,2044.0,1959.4000244140625,0.030982806457020142,0.021810084106835246,0.02496863400374725,0.04142815076807091,3121248025.0,1.5762749901940267,-0.0021528076265326926,0.0061930691133598005,0.8734992912933093,bist100
2022-01-20,2014.189208984375,5447906900,2065.800048828125,1984.4000244140625,-0.013756621282553132,0.022236066981480784,0.025085017906487143,0.04041329585670219,3203324035.0,1.7007042810765787,-0.005532929682129494,0.0054747600468986,0.8864281885057135,bist100
2022-01-21,2011.1893310546875,3146605300,2021.0999755859375,1986.5,-0.0014904826739699992,0.020054441639970198,0.02509501201648085,0.01720373862951676,3234120845.0,0.9729399273576,-0.006043398368898731,0.0030733548745049888,0.7991405474043878,bist100
2022-01-24,1910.2899169921875,4236164800,2013.0999755859375,1910.300048828125,-0.05147123453290985,0.023472100579466186,0.02610962960997983,0.053813782841755385,3295188950.0,1.28556051391226,-0.017578442271795353,0.0003466952199374151,0.8989825183308803,bist100
2022-01-25,1945.089599609375,2649415800,1953.300048828125,1880.199951171875,0.018053023105686607,0.023002671703563092,0.026164278350390584,0.037581866496499916,3298425385.0,0.803236541911346,-0.0035365017853452503,0.0024928723553179146,0.879163239112219,bist100
2022-01-26,1951.1895751953125,2140896100,1975.300048828125,1946.0,0.0031311824928853555,0.02244080187085812,0.026156026788186203,0.015016505418337983,3276920475.0,0.653325619688711,-0.009106826578172208,0.0014480924992014293,0.8579591255424879,bist100
2022-01-27,1997.6893310546875,2538193600,1997.699951171875,1913.5,0.023551953034454644,0.022521965861513418,0.026213101189336285,0.0421486713989814,3286777740.0,0.7722437599324863,-0.0016451117147706514,0.0034716375347332616,0.8591873849201614,bist100
2022-01-28,1983.189453125,2827846600,2019.4000244140625,1976.699951171875,-0.00728479455884372,0.02260365222783152,0.02625274657347217,0.021531010653018094,3348830945.0,0.8444279948565753,-0.002803974091745396,0.003268628452260655,0.8610014256821426,bist100
2022-01-31,2003.1893310546875,2308574200,2009.4000244140625,1992.699951171875,0.01003419234324339,0.02129505529306553,0.02621996827291666,0.008336742305528775,3349554575.0,0.6892182671781069,0.009497111283485252,0.0019468614207758556,0.8121693768432889,bist100
2022-02-01,2015.3892822265625,2297661700,2034.9000244140625,2008.699951171875,0.006071792953108111,0.020944772971218897,0.026221657006601076,0.013000006238617174,3309956170.0,0.6941668052359738,0.007100865252969555,0.001301907115850527,0.798758559230114,bist100
2022-02-02,2002.1893310546875,3063582100,2032.699951171875,1994.300048828125,-0.006571121533567868,0.02048150684947727,0.026254092826138033,0.01917895662920259,3343734885.0,0.9162156107959498,0.00516040444767891,-7.735782172482727e-05,0.7801262448910938,bist100
2022-02-03,1957.8896484375,2542764700,2013.5999755859375,1949.199951171875,-0.022374064184912612,0.021074224545351287,0.026463650301421945,0.03289257107286774,3324523440.0,0.7648508864175733,-0.004024798996194542,-0.0012533746737027182,0.7963460938047132,bist100
2022-02-04,1943.789794921875,2068611600,1974.199951171875,1937.0,-0.007227613185415714,0.020848920508213572,0.026488204482519272,0.019137846730680128,3253076960.0,0.6358938400276888,-0.004013362721508941,-0.002250762989868847,0.7871020673361492,bist100
2022-02-07,1997.58935546875,2758457300,1997.5999755859375,1908.5999755859375,0.02730156130167531,0.021817166125311042,0.02627552957952239,0.04455370156851655,3234213310.0,0.8528990006537324,-0.0005598889298225565,-0.0011774558474885398,0.8303226033668247,bist100
2022-02-08,2007.08935546875,2394907100,2019.300048828125,1982.0999755859375,0.004744459421616452,0.021855322268972768,0.026224177725683105,0.01853433836457148,3160353400.0,0.7577972450802496,-0.0008253556361208882,-0.0009597883392788449,0.8334035292770449,bist100
2022-02-09,2042.88916015625,2515053800,2046.0,2017.4000244140625,0.0176794701606614,0.02215094861810829,0.026264061137009534,0.013999768633433855,3123400970.0,0.8052292434294788,0.004024762702724965,-0.0005186167635752552,0.8433938872802377,bist100
2022-02-10,2038.6890869140625,2510270200,2054.89990234375,2029.5999755859375,-0.002058064047993011,0.022136214812362005,0.026203562178644293,0.012409899537996092,3079134590.0,0.8152518594518469,0.008087962730108885,-0.0007787194157464494,0.8447788381383832,bist100
2022-02-11,2051.089111328125,2477683500,2052.5,1992.300048828125,0.006063929049446849,0.022186305859860474,0.026205178334244763,0.029350236827542914,3042382520.0,0.8143892109924429,0.010746271177081398,-0.0005286160012679161,0.8466382322179258,bist100
2022-02-14,2001.889404296875,2989051200,2026.9000244140625,1971.0999755859375,-0.02427948913479749,0.022739630529029914,0.02641547143127378,0.027873692077272215,2999214335.0,0.9966114008987623,0.00043006108978683804,-0.0020527897070864534,0.8608451523643085,bist100
2022-02-15,2038.1890869140625,2593348500,2054.800048828125,2006.0,0.017970274363684247,0.019827358814243853,0.02643019407788612,0.023942846687502937,2921347010.0,0.887723536821461,0.0030752240782003968,0.0014535579774259543,0.7501783284608269,bist100
2022-02-16,2041.38916015625,2123670900,2057.89990234375,2036.300048828125,0.0015688258465563223,0.01857295239344044,0.026373477752136967,0.010580958269598985,2781533295.0,0.7634892970065994,-0.0001469047846206187,-1.7141053097236817e-05,0.7042284134080696,bist100
2022-02-17,2009.9893798828125,2582485000,2059.10009765625,2010.0,-0.015501098551752647,0.018644830120704288,0.026468491185680443,0.02442803835068654,2638262200.0,0.9788583560799984,-0.002835511685372546,-0.00010436491655721252,0.7044160541644782,bist100
2022-02-18,2032.3892822265625,1759402000,2032.4000244140625,2004.5,0.011082648850180957,0.01880689667331209,0.026282042831071918,0.013727697079516639,2568902035.0,0.6848848169486541,-0.001831767725225724,0.0005242916596503353,0.715579713273949,bist100
2022-02-21,2038.089111328125,2272313300,2060.699951171875,2015.4000244140625,0.0028005714689436894,0.014280393527170024,0.026199949224825356,0.02222666639354778,2470709460.0,0.9197007324365852,0.003584244395522512,0.0032378819597430122,0.5450542443662012,bist100
2022-02-22,2017.4892578125,2679280300,2032.800048828125,1979.9000244140625,-0.010158862092304322,0.01413255288002351,0.02624631085449399,0.026220721725884345,2472202685.0,1.0837623938589,-0.0020415828956752017,0.001827287699843466,0.5384586412304754,bist100
2022-02-23,2015.9892578125,2272755900,2043.4000244140625,2016.0,-0.000743774914550486,0.014140295954278096,0.026054693010216668,0.013591354372489855,2478795675.0,0.9168790808060451,-0.0025041030478965636,0.0016335398294716741,0.5427158918638323,bist100
2022-02-24,1851.3902587890625,2428056400,1953.199951171875,1826.800048828125,-0.0851731736294936,0.023241231996440303,0.028304290948009847,0.06827296500221638,2473288815.0,0.9817116324120037,-0.016438518063444756,-0.003802716503725738,0.8211204456289147,bist100
2022-02-25,1952.3896484375,3298696000,1965.0,1866.300048828125,0.05311723494929896,0.026465745663456414,0.029061225681726945,0.05055340835824688,2496831285.0,1.3211529428589326,-0.008031600843621154,-0.0007826150283186048,0.9106892446073769,bist100
2022-02-28,1946.1895751953125,2813218200,1957.5,1912.199951171875,-0.0031806861492817665,0.02634617114860644,0.02904312309853923,0.023276277607015162,2522063485.0,1.1154430555502055,-0.009227852367266245,-0.0014433589529448626,0.9071397404203946,bist100
2022-03-01,1969.8895263671875,3185474100,1994.300048828125,1946.5,0.01210406629184133,0.026470966971930774,0.028866094669640845,0.024265344928391212,2566454105.0,1.2411965964222844,-0.004775266690437115,-0.0011417452860082015,0.917026264719173,bist100
2022-03-02,1986.0894775390625,2514380700,1999.800048828125,1961.5999755859375,0.008190155565375548,0.026517363961766287,0.028844338230636445,0.019233812813670766,2538994035.0,0.9903058712778741,-0.0029884805944519082,-0.00040368143106103065,0.9193264809799447,bist100
2022-03-03,2023.289306640625,2607235500,2047.0,2009.300048828125,0.018556937924224026,0.026311175591809104,0.02889399225397163,0.01863300075186491,2542217575.0,1.0255752794880273,0.017757541716291618,0.0016428686743958012,0.9106105989279656,bist100
2022-03-04,1990.7894287109375,2904339600,2024.0999755859375,1990.800048828125,-0.01619329876356197,0.026545596823888674,0.028967284424905034,0.016726995973338397,2584003975.0,1.1239687044212074,0.003895434973719431,0.0011945843954884884,0.9163992190122495,bist100
2022-03-07,1997.2894287109375,3121038200,2011.5999755859375,1963.800048828125,0.0032597177678781986,0.025836016807053767,0.028660672081472795,0.023932398615188616,2602133020.0,1.1994153165928465,0.005183515757151424,-7.507781201367071e-06,0.9014449044883013,bist100
2022-03-08,2011.389404296875,3045058300,2032.0999755859375,1986.0,0.0070347535042229676,0.025863249179196763,0.028457084526829567,0.02291946824789641,2634640580.0,1.155777498879942,0.0041696531996277516,0.00010700692292895868,0.908850980669249,bist100
2022-03-09,2042.6890869140625,3150905800,2055.0,2031.5,0.015441390490215397,0.02578794792872281,0.028535032335010955,0.011504442918183888,2666433180.0,1.1816931410972016,0.005619900184595721,-4.8970605933414294e-06,0.9037294097291902,bist100
2022-03-10,2041.9891357421875,3284467800,2068.300048828125,2027.0,-0.00034272035179845416,0.025783612113545865,0.027663173292816423,0.02022540086292573,2705143060.0,1.2141567847432069,0.001839968529391225,8.087012421638642e-05,0.9320554746422153,bist100
2022-03-11,2053.888916015625,2929252000,2067.699951171875,2042.9000244140625,0.005810628932050544,0.025780580566591396,0.025195348421515527,0.012074619306053956,2727721485.0,1.073882365229821,0.006240754068513728,6.820511834657118e-05,1.02322778535486,bist100
2022-03-14,2088.489013671875,2697172000,2092.60009765625,2066.199951171875,0.016705816289653452,0.025369001473686165,0.02522712218355363,0.012640787819113115,2713127525.0,0.9941191393132175,0.00892997377286878,0.0021174703895691185,1.0056240774948573,bist100
2022-03-15,2079.388916015625,2858433400,2101.300048828125,2077.60009765625,-0.004366784378252594,0.02512487280518334,0.022729004072526864,0.01139755578638321,2726381770.0,1.0484347538752798,0.006649666196373668,0.001000617452472276,1.1054101941735506,bist100
2022-03-16,2088.7890625,2386829300,2098.5,2078.199951171875,0.004510441957743345,0.02513698134126145,0.02179776198763416,0.009718572924653564,2739539690.0,0.8712519510896373,0.004463476489879257,0.0011476982580316275,1.1531909264594054,bist100
2022-03-17,2133.5888671875,2751363800,2136.300048828125,2104.0,0.021220973889407604,0.025197971114241276,0.021930416678915546,0.015138834535963328,2747983630.0,1.0012300546346413,0.00877621533812047,0.00298380188008964,1.1489964592632314,bist100
2022-03-18,2144.28857421875,2219482900,2148.699951171875,2132.60009765625,0.005002354316993703,0.025131707745420843,0.021168211294432318,0.0075082494535469975,2770987675.0,0.8009717690281679,0.008614560415109098,0.002679787153430277,1.1872381372171492,bist100
2022-03-21,2174.988525390625,2394237500,2176.300048828125,2152.39990234375,0.014215558508839378,0.02526386673459176,0.021225764966298282,0.01098863106879268,2777083885.0,0.8621408639948231,0.008116508858946285,0.0032505365054250612,1.1902452879651249,bist100
2022-03-22,2188.788330078125,2615868100,2188.800048828125,2146.300048828125,0.00632472793471783,0.025071528757435336,0.02092947984863592,0.019417135689170563,2773913275.0,0.9430244714481927,0.01025481132154037,0.004074716006776169,1.1979050095250874,bist100
2022-03-23,2183.088623046875,2995233300,2203.699951171875,2170.39990234375,-0.0026074431287094195,0.02509383365590634,0.020753310838143753,0.015253640404963983,2810037145.0,1.0659052337900679,0.008831234304249817,0.003981532596068223,1.209148451137005,bist100
2022-03-24,2176.1884765625,2710492500,2199.199951171875,2171.5,-0.0031657323402014843,0.014012344174480431,0.020612301934130727,0.012728654466376804,2824158950.0,0.9597521060208031,0.0039538930583279995,0.008081904660532827,0.6798049154945763,bist100
2022-03-25,2175.488525390625,2113966300,2195.199951171875,2173.60009765625,-0.0003216926153283203,0.009262895761874076,0.020601841846061626,0.009928737046198203,2764922465.0,0.7645662136135163,0.0028890836718635945,0.005409958282301465,0.4496149339989632,bist100
2022-03-28,2172.488525390625,2834935800,2192.89990234375,2170.199951171875,-0.0013799523047289524,0.009183409245173945,0.020122067057346045,0.010448824427182384,2766008345.0,1.024919467479047,-0.00023001849085007146,0.005499994974529106,0.45638498366008184,bist100
2022-03-29,2206.48828125,4036650100,2220.5,2181.800048828125,0.01552894231043568,0.00934357262855816,0.020077725873031013,0.017539160076549806,2808567145.0,1.4372631635979634,0.0016108243842934988,0.0056712387754588225,0.4653700666921008,bist100
2022-03-30,2230.188232421875,3579084100,2233.5,2212.800048828125,0.010683752367121421,0.009395447075716705,0.019955339268559694,0.009281705853768168,2861802315.0,1.2506398786668114,0.004269063483459666,0.005795918615546116,0.4708237203723991,bist100
2022-03-31,2233.2880859375,3140612800,2245.0,2220.800048828125,0.0013889864280221388,0.008941489923177661,0.019955234952479,0.010836018570222315,2888471180.0,1.0872924132827941,0.005180007237104391,0.004937521040736022,0.44807740647858807,bist100
2022-04-01,2251.68798828125,3586423400,2255.10009765625,2230.39990234375,0.008205174462513197,0.007446144666075719,0.0199217493784724,0.010969634976537784,2922575370.0,1.2271448794150346,0.0068853806526726945,0.00615744470203978,0.3737696185517765,bist100
2022-04-04,2311.3876953125,4602410700,2311.39990234375,2264.5,0.026167926108737447,0.008642732211906647,0.020164728468659986,0.02029079865695535,2996643995.0,1.5358550123669261,0.012394956335365975,0.007302855119082743,0.42860642657991543,bist100
2022-04-05,2326.28759765625,4698457400,2343.5,2303.699951171875,0.0064256131223882716,0.008644799787923865,0.02017141647017238,0.017108825610480754,3079313950.0,1.5258130467664721,0.010574290497756492,0.007272398099991008,0.42856681883034803,bist100
2022-04-06,2316.3876953125,3871056600,2348.199951171875,2308.300048828125,-0.0042647468211893524,0.0087865788443346,0.020168493429607474,0.01722505365768107,3115321490.0,1.2425865556495101,0.007584590660094338,0.006287091234420771,0.43565866111922114,bist100
2022-04-07,2345.1875,3552944200,2350.800048828125,2329.10009765625,0.012356411689862429,0.008740993076659442,0.020212977705619542,0.00925297067798417,3128745310.0,1.1355811508991123,0.009778075712462395,0.006922047836503816,0.4324446008877406,bist100
2022-04-08,2393.38720703125,4827395300,2395.0,2361.0,0.020344247982415166,0.009233956613325075,0.020349428854835087,0.014205808362355831,3223652475.0,1.4974924677636041,0.01220589041644279,0.007648728789022045,0.45376981728561183,bist100
2022-04-11,2449.087158203125,6381746100,2450.199951171875,2400.89990234375,0.02300576259946266,0.00965694821382164,0.020517627409630267,0.020129969104201274,3407881180.0,1.872643370740995,0.011573457714587832,0.007963726104512505,0.47066593134881674,bist100
2022-04-12,2463.786865234375,6202961500,2474.699951171875,2421.5,0.005984175791161494,0.009229233700128871,0.01921571358096423,0.021592757036966424,3575107585.0,1.7350419120324179,0.011485170248342478,0.008481274112983212,0.4802961732980699,bist100
2022-04-13,2460.386962890625,5347242700,2497.800048828125,2435.10009765625,-0.0013809028692698586,0.009453921405179611,0.018886741904431025,0.025483776380529573,3723128255.0,1.4362230720413365,0.012061939038726377,0.00818670687163255,0.5005586168867815,bist100
2022-04-14,2475.38671875,4931704300,2485.300048828125,2461.5,0.006077994253223905,0.008947934279027861,0.01875975216867726,0.009614679051095237,3832145280.0,1.2869304109472592,0.010806255551398672,0.007429557889823366,0.47697507933862937,bist100
2022-04-15,2494.38671875,3444523700,2497.39990234375,2471.699951171875,0.0076462610655906055,0.008929699589194363,0.018756164390743,0.010303114179806847,3893397320.0,0.8847090129501605,0.00826665816803376,0.007561753227253211,0.4760941204802815,bist100
2022-04-18,2510.28662109375,4574913600,2515.39990234375,2490.60009765625,0.0063540434146523925,0.008793377973761618,0.017308839781508614,0.009879272143311885,4002431125.0,1.1430336855577996,0.004936314331071706,0.007168677472543861,0.5080281569857595,bist100
2022-04-19,2519.1865234375,5163027000,2533.300048828125,2491.0,0.0035391029547036227,0.008829436420683576,0.017218145819446706,0.01679115398347138,4129789070.0,1.250191453482635,0.004447299763780132,0.007029396223543151,0.5127983299288439,bist100
2022-04-20,2525.886474609375,4118388000,2536.5,2502.39990234375,0.0026560389168703434,0.008602607841748907,0.017218806647476867,0.013500249515973806,4185946805.0,0.9838605677168896,0.005254688121008173,0.007292570325822138,0.4996053453570476,bist100
2022-04-21,2556.786376953125,4768751800,2562.300048828125,2531.199951171875,0.012159068246023879,0.008299196548310432,0.0170650663335191,0.012163745057696768,4288859770.0,1.1118926837750165,0.006470902919568167,0.008058810355133407,0.4863266503693103,bist100
2022-04-22,2472.48681640625,4807992100,2561.0,2465.5,-0.03352669600271556,0.01238133038533426,0.01768707036752342,0.038625079562126394,4423561060.0,1.0869053314254467,-0.0017636884940930657,0.006398560185764046,0.7000215484000429,bist100
2022-04-25,2482.5869140625,4142991500,2498.800048828125,2427.60009765625,0.00407667461421066,0.012260434132609865,0.01766747903071402,0.028679741590743966,4488963845.0,0.9229282398018512,-0.0022191622541814127,0.006671391531711026,0.6939549276552539,bist100
2022-04-26,2418.287109375,4188031800,2510.300048828125,2402.300048828125,-0.02624164351198443,0.014092960607999088,0.01807784951502095,0.04465970958589459,4496532930.0,0.9313913330998335,-0.008175311547519024,0.004582862240590021,0.7795706340120376,bist100
2022-04-27,2451.386962890625,3498374600,2453.89990234375,2398.89990234375,0.013594488168396784,0.0141740759610731,0.018083637487918563,0.02243627825088257,4492497455.0,0.7787148763114881,-0.005987621697213735,0.004728399030653789,0.7838066854935912,bist100
2022-04-28,2428.386962890625,3187487100,2477.89990234375,2427.89990234375,-0.009426736021378291,0.014510524922241178,0.01784688771207081,0.020589799222312827,4494841170.0,0.7091434334263695,-0.01030478255069417,0.004187612908183767,0.8130563242366863,bist100
2022-04-29,2430.587158203125,2974407500,2442.800048828125,2404.699951171875,0.0009056213958097206,0.014495948309707374,0.01779414592901072,0.015675264936566395,4464240375.0,0.6662740466792181,-0.0034183190709891134,0.0038226352548485928,0.8146470399612649,bist100
2022-05-05,2466.286865234375,3101306800,2491.60009765625,2460.10009765625,0.014580869078164792,0.01376921128283798,0.017583005085278044,0.012772236856966964,4389185180.0,0.7065791651105502,-0.0013174801781982866,0.003243282403319961,0.7830977251076786,bist100
2022-05-06,2458.68701171875,2943399300,2470.60009765625,2433.300048828125,-0.0030862537499124426,0.013817693512718346,0.017602759666916122,0.015170718619467683,4301432275.0,0.6842835390218948,0.0033135977742161106,0.002767689059704925,0.7849731391088808,bist100
2022-05-09,2465.686767578125,3003128600,2480.60009765625,2441.60009765625,0.0028429038442199907,0.013718349206662471,0.017502438953789595,0.01581709425253031,4258035875.0,0.7052849454914468,0.0011632809093807517,0.0031230715929753917,0.7837964321933658,bist100
2022-05-10,2490.186767578125,3126942600,2494.60009765625,2478.5,0.00988733849566982,0.013641779702206229,0.017510303322509285,0.006465417721221141,4236735795.0,0.738054660781603,0.005026095812790374,0.0029996179332657615,0.7790715815110915,bist100
2022-05-11,2453.886962890625,3155532400,2500.89990234375,2428.800048828125,-0.014684431887158587,0.01354603053386981,0.017659719801209343,0.029381896805341413,4153142650.0,0.7597938876479478,0.0019080851561967126,0.001248183939787074,0.7670580669656024,bist100
2022-05-12,2390.9873046875,3505163200,2430.10009765625,2361.800048828125,-0.025966903998599286,0.013829329244955063,0.01770516577265478,0.02856562587941125,4009313505.0,0.8742552049443687,-0.006201469459156103,-0.0012004493901160234,0.7810900740796307,bist100
2022-05-13,2419.18701171875,2485823900,2426.89990234375,2397.300048828125,0.01172515931801831,0.014044218096369743,0.017633641564516956,0.012235454874815697,3823456625.0,0.65015093508482,-0.0032391868455699524,-0.0009134002137731825,0.7964445713034125,bist100
2022-05-16,2390.787353515625,2773491600,2424.5,2390.800048828125,-0.011808789846967907,0.014254482382772826,0.017734479738471975,0.014095754322240167,3694769070.0,0.7506535719700609,-0.006169525583807532,-0.001434794562658085,0.8037722331290115,bist100
2022-05-17,2394.787353515625,2865110400,2416.800048828125,2380.10009765625,0.0016716909363632564,0.014166031596991771,0.01757470786722872,0.015324931091688908,3591439375.0,0.7977610369658544,-0.007812655095668846,-0.0016551097285011176,0.8060464904459064,bist100
2022-05-18,2393.58740234375,2909913400,2411.60009765625,2382.10009765625,-0.0005011935189596536,0.014000657026108134,0.017547116635884496,0.012324596950633274,3564708860.0,0.8163116580578196,-0.004976007422029058,-0.00206248245772863,0.7978893237351758,bist100
2022-05-20,2372.38720703125,3083541800,2407.300048828125,2372.39990234375,-0.008896537174451038,0.013933275074603865,0.017611139828983158,0.014710982415070527,3490140270.0,0.8835008227334084,-0.0015619340571994087,-0.0028250114871838016,0.791162594238987,bist100
2022-05-23,2380.88720703125,3533172700,2397.89990234375,2346.10009765625,0.0035764857317387867,0.01393417622804071,0.017532482018603735,0.021756513510814167,3408647555.0,1.0365321268892524,-0.003191668774455314,-0.0028231423483320436,0.7947634689289937,bist100
2022-05-24,2374.9873046875,2748134500,2399.300048828125,2372.800048828125,-0.0024811022056184127,0.013875082036939964,0.01753980033424132,0.011157954380512725,3340134880.0,0.8227615347078439,-0.0013261312461854144,-0.0030799994044564813,0.7910627129462205,bist100
2022-05-25,2418.087158203125,2926991700,2423.800048828125,2383.89990234375,0.017984705041541323,0.01426743774702995,0.013327127872798909,0.016500706498116764,3248046875.0,0.9011543898977751,0.0019364715748501986,-0.002788717564680609,1.0705560780391583,bist100
2022-05-26,2450.787109375,3022204200,2455.699951171875,2421.199951171875,0.013432444974288941,0.012723125582215665,0.01176400518824181,0.014077110112105247,3158757480.0,0.9567699385392512,0.004723199273499917,-0.00044076051583038416,1.0815300893383233,bist100
2022-05-27,2438.787109375,3414820900,2470.0,2434.199951171875,-0.0049084126983855655,0.012713847968600792,0.01178345353182834,0.014679448111934484,3122348950.0,1.093670488047148,0.005520824168713012,-0.0008900148814601956,1.0789577040601348,bist100
2022-05-30,2527.1865234375,3649923900,2539.10009765625,2466.699951171875,0.03560580849025004,0.013705898377985823,0.012437942160005632,0.028648517160457045,3095443555.0,1.179127913382352,0.011926688720415263,0.002202357718651528,1.1019426044653367,bist100
2022-05-31,2547.086669921875,4558931000,2553.5,2527.699951171875,0.007843585770974474,0.013513288840484474,0.01243611547247741,0.010129238683863218,3148471375.0,1.4479823561997607,0.01399162631573384,0.001914812598780412,1.086616546009964,bist100
2022-06-01,2568.786376953125,3524793100,2585.800048828125,2554.300048828125,0.008483336850168598,0.013314113565499478,0.01230558284043115,0.012262600067726382,3165336675.0,1.1135602502694284,0.012091352677459297,0.002810316242357757,1.08195716839634,bist100
2022-06-02,2601.586181640625,3270128600,2603.300048828125,2565.10009765625,0.012687768365829704,0.01348496634520942,0.012065684418465686,0.014683331054512735,3180122730.0,1.0283026403826874,0.011942417355767449,0.0033994235908587555,1.11762962443901,bist100
2022-06-03,2601.2861328125,2947918200,2623.199951171875,2591.5,-0.00011533968559020775,0.013241823573335771,0.012079234020800064,0.012186260777702736,3172453300.0,0.9292235129197962,0.012901031958326517,0.002664613152671006,1.0962469599093587,bist100
2022-06-06,2648.0859375,4270946400,2654.39990234375,2619.800048828125,0.01783110210016268,0.013585295974295327,0.012198915129880562,0.013065985897833046,3238830655.0,1.3186692528695978,0.00934609068030905,0.003710480945174762,1.1136478801314802,bist100
2022-06-07,2648.185791015625,3767018100,2656.199951171875,2619.5,3.770709689957187e-05,0.013609184570393715,0.012128419405531533,0.013858525824126538,3277025130.0,1.1495237145160373,0.007784914945494069,0.003570221107808741,1.122090530954663,bist100
2022-06-08,2540.386474609375,3906278400,2684.800048828125,2532.699951171875,-0.04155857356970638,0.016832544030586743,0.013488328339718691,0.05987281824102682,3315991920.0,1.1780120380992967,-0.002223467138480927,0.0009979255045399313,1.2479340364973497,bist100
2022-06-09,2571.58642578125,3329038000,2575.300048828125,2511.39990234375,0.012206769946502178,0.01658614078372187,0.013530983215017002,0.024848531569364653,3324667200.0,1.0013146579001952,-0.002319666822346433,0.0023424855962229695,1.2257897685745545,bist100
2022-06-10,2543.086669921875,3325290000,2597.89990234375,2527.60009765625,-0.011144427138868132,0.01555362750163221,0.013556554219499055,0.02764349541011107,3315673540.0,1.0029003036288067,-0.004525484313002018,0.003083609439209527,1.147314225266821,bist100
2022-06-13,2510.086669921875,2672736000,2552.199951171875,2506.0,-0.013061285224745072,0.015814141054398354,0.013685557075928872,0.01840571950183415,3325019145.0,0.8038257475958082,-0.010703961777983568,0.001844287212071358,1.155535062742414,bist100
2022-06-14,2508.886474609375,2474740900,2533.39990234375,2489.800048828125,-0.00047826330239885887,0.015499104854632708,0.013692226383855421,0.017378169142712344,3310081610.0,0.7476374275859622,-0.010807155857843255,0.00241081353929981,1.1319638180177758,bist100
2022-06-15,2531.086669921875,2613312700,2533.800048828125,2501.800048828125,0.008809705233387246,0.01556324063955351,0.013505601235493528,0.012642791090590239,3297491725.0,0.7925153170778617,-0.0007335000972245292,0.00276771425415101,1.1523545207785628,bist100
2022-06-16,2485.38671875,2792619400,2544.10009765625,2469.199951171875,-0.018220455659662807,0.016248390415263676,0.013772913995828815,0.03013621418321784,3291627025.0,0.8484009211219792,-0.006818945218457525,0.0018817511471158524,1.1797351250566561,bist100
2022-06-17,2533.28662109375,2651804000,2533.300048828125,2485.800048828125,0.01908925074400459,0.016474797271515376,0.0138575293485446,0.018750345738411476,3270040135.0,0.8109392822482896,-0.0007722096418829823,0.003281040543038634,1.1888697369596881,bist100
2022-06-20,2539.1865234375,2620212300,2555.10009765625,2511.300048828125,0.002326243958798227,0.01647598915015789,0.013848639207837994,0.017249638190749914,3224392115.0,0.8126221025695567,0.002305296194825678,0.003218528454391606,1.189718997143985,bist100
2022-06-21,2575.88623046875,2721684000,2582.199951171875,2550.800048828125,0.014349878705061889,0.016598927079892332,0.013916028516551491,0.012189941454842888,3223069590.0,0.8444384844945281,0.005270924596317827,0.0040600774999256205,1.1927919707946737,bist100
2022-06-22,2574.286376953125,2424694900,2586.89990234375,2552.10009765625,-0.0006212815332753176,0.016296066618200867,0.013901541469478165,0.013518233635174797,3197954750.0,0.7582017537927952,0.0033847272429853143,0.003129778171184789,1.1722488944107425,bist100
2022-06-23,2543.1865234375,2624314200,2588.699951171875,2533.89990234375,-0.012154528999692743,0.016448331218910397,0.014029917678002138,0.021547789878209354,3178060250.0,0.8257597381925028,0.004597912574979326,0.0018504294724857046,1.1723754619530056,bist100
2022-06-24,2554.086669921875,2511887500,2570.60009765625,2525.199951171875,0.004276860464769732,0.016377763415789913,0.014021704902736536,0.01777549173214381,3132913580.0,0.8017736320706299,0.0016354345191323557,0.0023096931306434694,1.1680293893928375,bist100
2022-06-27,2529.28662109375,2184404000,2548.699951171875,2483.0,-0.009757396976036893,0.01456470842872526,0.014009489569609125,0.02597568445740803,3059637585.0,0.7139420729792088,-0.0007812936678346684,4.153285732912291e-05,1.039631626574074,bist100
2022-06-28,2490.186767578125,2781960000,2561.10009765625,2471.5,-0.015579580308643195,0.014843390895186768,0.01415189730916521,0.03598127611263156,2970789035.0,0.9364380867253336,-0.006767185470575686,-0.0011296254466517605,1.0488622529484952,bist100
2022-06-29,2401.9873046875,2696174500,2494.300048828125,2402.0,-0.03606127638850827,0.016566927862228548,0.014974024676438932,0.03842653483138758,2929358105.0,0.9203977128634466,-0.013855184441622276,-0.003356856108585604,1.1063777588330004,bist100
2022-06-30,2405.38720703125,2941576100,2427.60009765625,2367.800048828125,0.0014144531083668658,0.01617955160449443,0.014945921945518975,0.024860882544532507,2912930480.0,1.0098339525081972,-0.011141388020010353,-0.003920521871458746,1.082539549147406,bist100
2022-07-01,2443.787109375,2054072300,2452.800048828125,2399.5,0.015838038615162277,0.016759876427447553,0.014709904071462995,0.021810430468207406,2868238185.0,0.7161442556417259,-0.008829152389931844,-0.0031228529564211217,1.1393600084694961,bist100
2022-07-04,2405.9873046875,2180474200,2475.5,2405.60009765625,-0.015588589041906176,0.016218018334460432,0.0148443949186934,0.0290524817847403,2763714575.0,0.7889650471594014,-0.009995390803105702,-0.0047938375135245645,1.0925348202665535,bist100
2022-07-05,2371.287353515625,2531245300,2426.5,2359.10009765625,-0.01452734620462779,0.016316360185690357,0.01495962458508971,0.028423338168537104,2701925935.0,0.9368300097389605,-0.00978494398230262,-0.005522090178600933,1.0906931582997683,bist100
2022-07-06,2408.187255859375,2262972700,2411.10009765625,2370.10009765625,0.015441293672606653,0.014575817515193178,0.015006674812634131,0.017025254120186316,2619760650.0,0.8638089514017244,0.0005155700299203647,-0.002672096816485281,0.9712889562264511,bist100
2022-07-07,2425.587158203125,1827890200,2428.60009765625,2403.5,0.0071993336911756155,0.014348015472003747,0.014805801925393281,0.010348050191213971,2544703260.0,0.7183117295963224,0.0016725461464821146,-0.002922468629251609,0.9690806039621273,bist100
2022-07-08,2433.987060546875,609358100,2439.800048828125,2422.800048828125,0.003457056248717245,0.01427895577376056,0.014508045520059678,0.006984424969038411,2408906665.0,0.2529604441938808,-0.0008036503268068918,-0.0021923944598723397,0.9842094687404748,bist100
2022-07-13,2408.08740234375,1915980100,2441.0,2387.89990234375,-0.010697854981953666,0.01419379731821265,0.014549201254065999,0.022050735203617854,2371068870.0,0.8080659841820622,0.00017449648518361033,-0.0020742229477327696,0.9755722716562172,bist100
2022-07-14,2382.38720703125,2251938700,2421.199951171875,2375.0,-0.010729810291105618,0.014317694533220534,0.014610024097959492,0.019392293173638164,2359928760.0,0.9542401186720568,0.0009340036678880448,-0.002586800297168107,0.9799911647798181,bist100
2022-07-18,2451.287109375,2153332200,2451.300048828125,2401.89990234375,0.028510224222397858,0.01574913570130845,0.015062192263488464,0.020152737839416315,2336929735.0,0.9214364333465935,0.0035477897778462856,-0.0016017743477175768,1.0456071351236946,bist100
2022-07-19,2501.98681640625,3003006300,2502.0,2448.0,0.020471905435174187,0.01597511561885732,0.015264550217887394,0.02158284753776735,2347449080.0,1.2792636592568816,0.006202304126646,0.0003328437070242728,1.0465500385420639,bist100
2022-07-20,2525.1865234375,2648672100,2527.5,2499.10009765625,0.009229787858621738,0.015511242818240057,0.015289172400083385,0.0112466552787909,2347292485.0,1.1283945724386366,0.007356850448626899,-0.00016012943724486974,1.0145246853358434,bist100
2022-07-21,2511.386474609375,2872792000,2535.89990234375,2505.199951171875,-0.005479949707035938,0.015543565301948102,0.015299106433123148,0.012224303778911655,2359921470.0,1.2173252527763139,0.008400431503610443,-0.000550439120536578,1.015978637046128,bist100
2022-07-22,2516.586669921875,2913024600,2542.699951171875,2497.800048828125,0.002068506341302637,0.01516183543654741,0.015297531922081529,0.017841587925578526,2369488500.0,1.2293896340919148,0.010960094830092094,-0.0011645077387245407,0.9911295177401627,bist100
2022-07-25,2548.486572265625,2931341800,2553.10009765625,2520.800048828125,0.012596194604949583,0.015471655871645167,0.01530355349828356,0.012674207970972356,2394820845.0,1.2240338587832862,0.007777288906602439,-0.0005036339318132955,1.0109845320160746,bist100
2022-07-26,2537.086669921875,3519164000,2565.60009765625,2535.300048828125,-0.004483239507191206,0.015261272009016445,0.014673205957123072,0.011942851297649219,2439563335.0,1.442538486093455,0.0027862599181293613,-0.0001200694571882187,1.0400775436269194,bist100
2022-07-27,2544.086669921875,2739557300,2553.800048828125,2531.699951171875,0.0027552708637173812,0.0152419795488908,0.014668630546679384,0.008686849358370585,2450946825.0,1.1177546864975334,0.0014913565191484901,-0.00019614893724083623,1.0390867436729605,bist100
2022-07-28,2543.28662109375,3160271500,2574.39990234375,2537.199951171875,-0.00031452334592130526,0.015075562355102056,0.014246068555807085,0.014626723886856693,2499740200.0,1.2642399798187027,0.0025244417913714164,0.0002759947442649432,1.0582261552403416,bist100
2022-07-29,2592.38623046875,2731198300,2593.60009765625,2538.5,0.01912158614068089,0.015151389606765295,0.01434744906611879,0.021254586607755168,2497202115.0,1.0937033424705394,0.005935057751247067,0.0020110530667311476,1.0560336919086888,bist100
2022-08-01,2656.285888671875,3034963600,2656.800048828125,2600.300048828125,0.024350088570889897,0.01303594447671273,0.014594630934105268,0.021270300851633714,2514141570.0,1.2071570019026414,0.00828583654443513,0.005031621314701056,0.8932013790256154,bist100
2022-08-02,2647.5859375,3543233000,2681.39990234375,2639.10009765625,-0.0032806067943143983,0.01314631861722775,0.014607496960364771,0.0159767447350328,2544224415.0,1.392657416189444,0.008526363087010491,0.004796868319566993,0.8999706556775807,bist100
2022-08-03,2684.48583984375,3469885100,2684.5,2664.800048828125,0.013840958248682032,0.013065375848477865,0.014596510764145407,0.007338444807375714,2615015055.0,1.32690826898509,0.010743500564003422,0.0046970143012429804,0.8951026762211834,bist100
2022-08-04,2723.685546875,3982537300,2733.5,2701.10009765625,0.014496727535918073,0.012317401550106324,0.014680911196992575,0.011895610482980967,2705118210.0,1.4722230197844108,0.013705750740371298,0.006201280130134193,0.8390079733354411,bist100
2022-08-05,2750.4853515625,5415724300,2763.0,2707.199951171875,0.00979144396394998,0.011323688228546099,0.014717392895736396,0.020287346302871972,2849342160.0,1.9006928602776159,0.011839722305025115,0.007417219638563082,0.7694085704422929,bist100
2022-08-08,2795.085205078125,4664390900,2802.800048828125,2759.39990234375,0.016085203381672762,0.011348590995153462,0.01479650056473375,0.015527307148106037,2969413070.0,1.570812409739949,0.010186745267181687,0.007449415124016387,0.7669780395373959,bist100
2022-08-09,2785.18505859375,4149059200,2807.199951171875,2762.300048828125,-0.0035482714648849834,0.011612449881338579,0.014653780717944142,0.016120976308274512,3085471520.0,1.3447083121998806,0.010133212333067571,0.006912034866213357,0.7924541867286624,bist100
2022-08-10,2829.585205078125,4691920200,2829.60009765625,2764.39990234375,0.01581581076909579,0.01174696883657552,0.014285020624009652,0.02304231559999969,3289599625.0,1.4262891338942196,0.010528182837150322,0.007529972592232284,0.8223277477689964,bist100
2022-08-11,2868.384765625,4844400500,2877.60009765625,2834.60009765625,0.01361894163783674,0.010995431530206474,0.014307134373851525,0.014991015332153535,3436020645.0,1.4098869013052744,0.010352625657534056,0.008745812423221805,0.7685278716821382,bist100
2022-08-12,2864.284912109375,4547335700,2896.699951171875,2841.0,-0.0014303472710236076,0.010303349280599514,0.014189297527552422,0.01944637243885606,3550790495.0,1.2806544645208644,0.00810826741053934,0.009210785574225906,0.726135262199748,bist100
2022-08-15,2857.184814453125,3581812800,2885.300048828125,2844.60009765625,-0.0024819151862138333,0.00955109915208185,0.014206067875188506,0.014244773724819446,3622214525.0,0.9888461258378947,0.00439484369696202,0.007661178603795321,0.6723253215453971,bist100
2022-08-16,2913.28466796875,5573685100,2913.300048828125,2773.10009765625,0.019444387051815486,0.009481069490319146,0.014356689453326752,0.04812435692033748,3750748465.0,1.4860194310577421,0.008993375400302114,0.007609802684627386,0.6603938548048889,bist100
2022-08-17,2979.984130859375,6197593400,2983.199951171875,2919.800048828125,0.022636778786896766,0.010058045178524664,0.01448022012480668,0.021275248309952102,3928194530.0,1.5777205921622217,0.010357569003862309,0.008280152231041137,0.6946058203420401,bist100
2022-08-18,3019.98388671875,6983716300,3033.800048828125,2924.800048828125,0.013333520560792442,0.009571393718030606,0.014532356763934941,0.03609290780634921,4133740745.0,1.6894422584307474,0.010300484788453449,0.009220825744432556,0.6586263930558054,bist100
2022-08-19,3020.183837890625,5087293100,3051.800048828125,2999.5,6.620715882891295e-05,0.009660202909790694,0.014516924507803883,0.017316842826578634,4242454170.0,1.1991392001295327,0.010599795674423953,0.009120710785308869,0.6654441789373255,bist100
2022-08-22,3062.483642578125,5529636900,3083.300048828125,3010.699951171875,0.013908531649821,0.009689465289500728,0.014459821059232427,0.02370628095669835,4372368925.0,1.2646775683504337,0.013877885041630919,0.009186327637552439,0.6700957950869052,bist100
2022-08-23,3121.4833984375,5847637200,3131.60009765625,3070.199951171875,0.019082102391245772,0.009367165609173627,0.01454086713727866,0.019670181976655605,4488792585.0,1.3027194037748127,0.013805428109516977,0.010364594732474289,0.644195804881462,bist100
2022-08-24,3060.283935546875,5583312800,3148.800048828125,3056.800048828125,-0.019800635994823776,0.011456400022017001,0.014820467458554814,0.030062569989460646,4630980360.0,1.2056438088629682,0.0053179451531728695,0.009236799389547232,0.7730120560673697,bist100
2022-08-25,3136.783447265625,6171108100,3145.89990234375,3074.800048828125,0.024690193978798583,0.011720541508359808,0.014486447575981418,0.022666484540908832,4781522190.0,1.2906158028307717,0.007589279836774097,0.010487035255783225,0.8090694041369058,bist100
2022-08-26,3146.08349609375,7918231300,3188.10009765625,3104.89990234375,0.002960449649595752,0.011650809045780846,0.014475924536760845,0.02644564119668257,5040873840.0,1.5708052911715005,0.008168128334927464,0.00967897843122897,0.8048404104479981,bist100
2022-08-29,3164.983154296875,5179466500,3174.0,3110.60009765625,0.005989388402519225,0.011146397844666133,0.014465008192755752,0.020031671340075354,5148098985.0,1.0060930287260201,0.00658429968546711,0.008760943422810436,0.7705766699979044,bist100
2022-08-31,3171.18310546875,5650411500,3199.0,3160.0,0.0019570045659923346,0.010907565064326198,0.014415468340529187,0.012298249171655824,5253457910.0,1.0755604397713734,0.0031592801204164225,0.009022823990825771,0.7566570025102483,bist100
2022-09-01,3142.683349609375,6456240300,3183.0,3125.5,-0.009027732728471835,0.011555322004252098,0.01449694158010547,0.018296466300732162,5402775670.0,1.1949858173548782,0.00531386077368681,0.007879389441968079,0.7970868848716178,bist100
2022-09-02,3222.682861328125,6328387400,3228.89990234375,3159.800048828125,0.02513719447432502,0.012107773840473292,0.014652189408180336,0.021441716882792408,5520068175.0,1.1464328336850658,0.005403260872792097,0.008411412788888425,0.8263457086975348,bist100
2022-09-05,3358.382080078125,7199086300,3367.300048828125,3247.89990234375,0.041245134822250035,0.014164536225447688,0.01544241990534383,0.035552877438411484,5609236275.0,1.2834343120980405,0.013060197907322954,0.00998409733180343,0.9172484825740341,bist100
2022-09-06,3391.3818359375,9055035100,3448.89990234375,3298.60009765625,0.009778125338867375,0.014091575704573126,0.014254136388741,0.04431816054884063,5828768485.0,1.5535074215595646,0.013817945294592585,0.009668743429663158,0.9885955430946853,bist100
2022-09-07,3402.781982421875,7007008800,3424.39990234375,3338.10009765625,0.0033558676205185777,0.013832945365760232,0.0142221093546181,0.02536154391709736,5971665965.0,1.1733758788700097,0.014097717905497834,0.010013950383933337,0.9726366898781086,bist100
2022-09-08,3437.381591796875,7521136300,3505.699951171875,3420.0,0.010116689198266032,0.013765674595569686,0.014085672231631353,0.02493175368611774,6113126770.0,1.2303255899926315,0.017926602290845407,0.00972899430539185,0.9772820472605441,bist100
2022-09-09,3521.381103515625,6467120100,3545.89990234375,3452.199951171875,0.02414325523397764,0.01411882527054944,0.014095014709080237,0.026608864084131142,6194262750.0,1.0440500122472203,0.01772781444277593,0.010255209985198894,1.0016892895793763,bist100
2022-09-12,3649.1806640625,7363322300,3650.10009765625,3543.89990234375,0.03564939518600452,0.014915640575859304,0.01459202845146167,0.02910247671713551,6335062080.0,1.1623125720024514,0.016608666515526827,0.012109197108050302,1.0221773227398838,bist100
2022-09-13,3426.8818359375,8391999700,3715.300048828125,3426.89990234375,-0.06285190482036487,0.02230304416783224,0.017096356188303605,0.0841581823627358,6575571425.0,1.2762388479416449,0.002082660483680376,0.009090697626342749,1.3045495731476842,bist100
2022-09-14,3446.981689453125,4599603300,3447.0,3277.39990234375,0.005848213520274856,0.022177705526066162,0.016821245993482267,0.04920249451141054,6526867335.0,0.704718368540273,0.0025811296636316324,0.00841088894976572,1.3184341715625205,bist100
2022-09-15,3363.082275390625,5313813100,3494.39990234375,3355.199951171875,-0.024641078157946927,0.023082755725505156,0.017164201621119132,0.041390587494832196,6482678320.0,0.819694089032016,-0.00437042380761096,0.006046996102523533,1.3448196563424035,bist100
2022-09-16,3377.2822265625,5524003000,3398.60009765625,3317.5,0.004213413733108203,0.023021235498854372,0.017161465305460543,0.02401342032312062,6409692655.0,0.8618202614895893,-0.008356392107784848,0.0055909907611393205,1.3414492928834771,bist100
2022-09-19,3199.48291015625,4208800900,3393.699951171875,3199.5,-0.0540821048993929,0.02660957635385534,0.018716423768311424,0.060697292851734926,6365768045.0,0.6611615236759699,-0.026302692124864337,0.00288357515822823,1.4217233315109976,bist100
2022-09-20,3277.482666015625,5632164100,3280.39990234375,3149.699951171875,0.02408644168696892,0.02692695178055989,0.018892654805927812,0.039878151767851915,6370894405.0,0.8840460604055483,-0.008915022823397574,0.0033924706600856258,1.4252603489114306,bist100
2022-09-21,3245.78271484375,4475482600,3295.699951171875,3225.0,-0.009719120365509662,0.026813613652895547,0.018859892201310624,0.021782096148502798,6302286675.0,0.7101363093737718,-0.012028489600554478,0.0019524095222478543,1.4217267716425335,bist100
2022-09-22,3295.282470703125,4658942200,3320.0,3237.0,0.015135363858579033,0.02645750988490427,0.018913973600244303,0.02518752208283074,6256068145.0,0.7447077128984821,-0.004073201197249287,0.0036992095149179947,1.3988340284329535,bist100
2022-09-23,3281.582763671875,3465169500,3330.39990234375,3275.60009765625,-0.004166035446131288,0.02603601079839589,0.018857496224969666,0.016699199329710833,6120771215.0,0.5661328251426891,-0.005749091033097184,0.002256398043671501,1.3806716696525692,bist100
2022-09-26,3260.1826171875,4074039500,3310.0,3222.199951171875,-0.0065426445543820405,0.026109098363351013,0.01873137008200467,0.026931021705731473,5928561625.0,0.6871885218870437,0.0037588010359049877,0.0017812433334726118,1.3938701893693386,bist100
2022-09-27,3265.582763671875,6151073800,3319.10009765625,3256.5,0.0016550235571887342,0.026090312217145795,0.01796459778884173,0.01916965582763593,5977141990.0,1.029099494422417,-0.0007274825900510488,0.0015645250912060872,1.4523181940288779,bist100
2022-09-28,3198.18310546875,3757115200,3283.89990234375,3198.199951171875,-0.02085536589223582,0.026566560599300605,0.018269897094766865,0.02679644921684813,5882477175.0,0.6386960948981498,-0.0029547316953962804,0.0004239065682946793,1.4541165974552859,bist100
2022-09-29,3146.88330078125,4524171700,3240.800048828125,3048.699951171875,-0.01617033431001061,0.026747695627762743,0.01840737824007567,0.06104455719999497,5785873745.0,0.7819340516909257,-0.009215871329114209,6.677648921774062e-05,1.453096431165245,bist100
2022-09-30,3179.983154296875,3497637300,3180.10009765625,3129.699951171875,0.010463364680321871,0.026219862228691368,0.018238831101229615,0.015849186627379778,5644336240.0,0.6196720307364254,-0.006289991303823577,-0.0006669150004824168,1.4375845734392316,bist100
2022-10-03,3392.08203125,4434928300,3392.10009765625,3195.800048828125,0.06456800199125591,0.028593262915060952,0.01963436701691862,0.05787007714426865,5506128340.0,0.8054531289766486,0.007932138005304012,0.000499228357967877,1.4562864639548907,bist100
2022-10-04,3457.981689453125,5259512100,3480.89990234375,3400.39990234375,0.019241190742351654,0.028832186640481993,0.01967153846903851,0.02327947549448446,5316352190.0,0.9893084415838899,0.011449371442336598,0.0009723816281420911,1.4656803119827988,bist100
2022-10-05,3484.38134765625,4626678400,3508.5,3425.39990234375,0.007605417726924376,0.02886631434330801,0.019672017390140878,0.02384931193370864,5197335670.0,0.8902019599592266,0.017141528166168634,0.0011848591334623806,1.4673794644861937,bist100
2022-10-06,3553.881103515625,4330068800,3565.5,3507.800048828125,0.019749765052711882,0.02910259195142329,0.019748104016947095,0.016235757328740167,5037782295.0,0.8595188411173691,0.024325548038713136,0.0016665129261846732,1.4736904325827187,bist100
2022-10-07,3567.5810546875,3741658300,3589.199951171875,3546.10009765625,0.0038475155152093185,0.028627566106552566,0.019624691954419755,0.012080973874159196,4901509205.0,0.7633686163810847,0.023002378205690625,0.0006517259402462573,1.458752380574577,bist100
2022-10-10,3581.98095703125,3453938700,3601.89990234375,3564.800048828125,0.004028196913784273,0.02744159537435519,0.019496498664990505,0.010357356435075356,4706040025.0,0.7339373829486289,0.010894417190196296,-0.000929333973364755,1.4075140283332794,bist100
2022-10-11,3571.5810546875,3952792800,3606.0,3563.199951171875,-0.002907617115403227,0.02328046947389295,0.019324591751291892,0.011983502032510878,4484079680.0,0.8815170742015004,0.006464655618645318,0.002067880411883327,1.2047069233603136,bist100
2022-10-12,3517.781494140625,3562425800,3591.39990234375,3510.89990234375,-0.015177836646028127,0.02357367400827916,0.019428406888684066,0.02288374082758819,4432220805.0,0.803756391374098,0.001908004744054819,0.0010165779035681782,1.213361143985999,bist100
2022-10-13,3553.381103515625,3366837700,3577.800048828125,3521.60009765625,0.01006904017740512,0.0228519677393312,0.019431308446293514,0.015815908717551348,4334872035.0,0.7766867563369723,-2.814023100653415e-05,0.0027520838203357804,1.176038546374378,bist100
2022-10-14,3626.980712890625,3475597600,3640.60009765625,3584.89990234375,0.020500968893259315,0.02319444054894505,0.019467554976570982,0.015357179902980005,4232451765.0,0.8211783129441051,0.003302550444603465,0.003566461578343336,1.19144086542246,bist100
2022-10-17,3847.57958984375,5872901000,3854.10009765625,3641.39990234375,0.05904372999757091,0.02216701763224467,0.02062163809465757,0.055281558274701666,4315656770.0,1.3608359776952328,0.014305657061360794,0.009222753323191526,1.0749397080141494,bist100
2022-10-18,3841.579833984375,6345757900,3927.199951171875,3805.5,-0.0015605755444296097,0.02200313281343205,0.020638385370114188,0.03167966212631103,4351336460.0,1.4583468684469414,0.014575065375555515,0.0079404024616216,1.0661266576257515,bist100
2022-10-19,3880.279541015625,6032411700,3916.89990234375,3844.5,0.010023500601712193,0.021608491527457176,0.02058840109448709,0.01865842436826086,4429182915.0,1.3619694232022928,0.01961533282510358,0.008927533509982693,1.049546850592649,bist100
2022-10-20,3900.879150390625,6564856700,3942.5,3877.800048828125,0.005294753215239253,0.021571703285228488,0.02058196593234633,0.016585992202654137,4524478640.0,1.4509642375060479,0.018660475432670406,0.008435502977815704,1.0480876003845045,bist100
2022-10-21,3934.579345703125,4590710500,3952.199951171875,3888.39990234375,0.008602024535612264,0.02136710095461188,0.02055952611274184,0.01621521469577167,4580755690.0,1.0021731807312344,0.016280686561140997,0.009073905976902882,1.039279837358194,bist100
2022-10-24,3977.47900390625,4155465300,4008.800048828125,3939.699951171875,0.01084422705534666,0.021049627177462123,0.020506372022714287,0.017372837817217227,4584826980.0,0.9063516067513632,0.006640785972696145,0.009943249557389316,1.0264920169275231,bist100
2022-10-25,3974.97900390625,5490367800,4011.10009765625,3928.199951171875,-0.0006287364434745211,0.02110308121887457,0.02040424439181757,0.020855492922832605,4551791680.0,1.2061992696467163,0.006827153792887163,0.009829061557356154,1.0342495812948234,bist100
2022-10-26,3976.37890625,4121101000,4015.60009765625,3958.800048828125,0.0003521165501620798,0.019983218268364442,0.02037944680340096,0.014284365289949535,4569990970.0,0.9017744295455359,0.00489287698257714,0.010889435679476048,0.9805574440337412,bist100
2022-10-27,3934.479248046875,4149961700,3990.10009765625,3906.300048828125,-0.010593047983210632,0.019621365746171907,0.020479813185972622,0.021298892062964724,4551280470.0,0.9118228875048872,0.001715316742887163,0.011168299995816047,0.9580832387480616,bist100
2022-10-28,3878.9794921875,1623829100,3929.800048828125,3877.60009765625,-0.014206433060562462,0.020426907021726008,0.02062154636883151,0.013457135124588534,4457590060.0,0.3642840813405798,-0.0028463747763477825,0.00993481010877183,0.9905613602576531,bist100
2022-10-31,3978.97900390625,3727242300,3982.300048828125,3880.89990234375,0.025453153142048622,0.016395517398002508,0.0207703148105507,0.02548396118321516,4422205760.0,0.8428468737736889,7.541044099260985e-05,0.007979067666311467,0.7893725996716272,bist100
2022-11-01,4054.678466796875,4480582500,4100.2001953125,3987.39990234375,0.01884613669716659,0.016381467053980654,0.020795732297621303,0.027819787411616944,4383259280.0,1.0222033910802557,0.003970385069120832,0.007959314964052213,0.7877321567490282,bist100
2022-11-02,4071.87841796875,4348934400,4098.60009765625,4040.10009765625,0.004233029337990651,0.016402644371391807,0.02075813713280375,0.014366833680948321,4369372080.0,0.9953225132522933,0.004746567626686547,0.007790695544605526,0.7901790158940116,bist100
2022-11-03,4105.47802734375,3875210400,4116.5,4055.89990234375,0.008217765407675406,0.01616103468464918,0.020722432596357435,0.01476078966995674,4346629160.0,0.8915438279533375,0.008508730304863755,0.007214095562353704,0.7798811558199952,bist100
2022-11-04,4216.9775390625,4863882700,4233.60009765625,4131.10009765625,0.026796462319290698,0.016714639530582283,0.02087165324304205,0.024306508405730648,4402740380.0,1.1047398393270693,0.016709309380834387,0.008361542902557773,0.8008296868459338,bist100
2022-11-07,4331.67724609375,6205301000,4338.89990234375,4230.10009765625,0.026836173301232315,0.017175147604779756,0.02100994293899697,0.02511724639355673,4540308495.0,1.3667135188795139,0.016985913412671125,0.009501941721930173,0.8174771180792035,bist100
2022-11-08,4360.27685546875,6696793100,4412.2001953125,4297.5,0.006580732537716748,0.016943812848845233,0.020973941502108982,0.026305713860495034,4677508510.0,1.4317008906949054,0.014532832580781158,0.009976359204586173,0.8078506773341334,bist100
2022-11-09,4360.97705078125,5651985600,4426.60009765625,4333.0,0.00016057216577603268,0.016069939000856088,0.020928416772593668,0.021463102549343145,4781986500.0,1.1819325713278361,0.013718341146338233,0.010743279645176382,0.7678525889211127,bist100
2022-11-10,4467.076171875,5621349600,4498.2998046875,4364.2001953125,0.024037967885431572,0.016340381751344137,0.02094724790458786,0.03001954840602446,4894712095.0,1.14845357416267,0.016882381641889467,0.011441726030577705,0.7800729635593452,bist100
2022-11-11,4455.4765625,5428750600,4552.39990234375,4428.39990234375,-0.0026000666524709616,0.016482163578209034,0.020963324112316627,0.027830917357676035,4992369745.0,1.0874095624501867,0.011003075847537135,0.01028667425329119,0.7862380741671228,bist100
2022-11-14,4570.17578125,5476788500,4571.2001953125,4449.7998046875,0.025417640630447994,0.012474674497404163,0.02108695181611068,0.02656361515088058,4972564120.0,1.1014012826847168,0.010719369313380269,0.008605369784935044,0.5915826339524978,bist100
2022-11-15,4656.97509765625,7228350200,4686.60009765625,4534.7001953125,0.01881444835801353,0.01243266989454531,0.021124051617049538,0.0326177184027026,5016693735.0,1.4408593750840164,0.013166112477439628,0.009624120980057202,0.5885551749225378,bist100
2022-11-16,4668.47509765625,7850253200,4784.0,4650.5,0.002466370113756906,0.012534316507196852,0.02107163194199685,0.028596061284984046,5107585810.0,1.536979209361536,0.013627272067035803,0.009246264455659436,0.594843177865845,bist100
2022-11-17,4507.17626953125,5821944300,4686.5,4446.60009765625,-0.03516163369401429,0.01599289929715558,0.02148837094562517,0.05322620816174553,5070440190.0,1.148212794518734,0.0017873517511466292,0.007223445110196761,0.744258340365796,bist100
2022-11-18,4526.67626953125,4802740600,4555.60009765625,4456.60009765625,0.004317101746213928,0.016002157836402898,0.021355860041559746,0.021870351247859774,5081041695.0,0.9452275514145333,0.0031707854308836076,0.007009198970726843,0.7493099226751706,bist100
2022-11-21,4570.275390625,5158394700,4570.2998046875,4463.5,0.009585508762308745,0.015988750594924345,0.02135641003568399,0.02336835213619256,5131188165.0,1.0053021900825185,4.359057255757734e-06,0.006946263056074947,0.7486628402530701,bist100
2022-11-22,4780.6748046875,6382803400,4780.7001953125,4566.7998046875,0.04500824544707161,0.017982974325818125,0.021935382461558208,0.044742719252785924,5175809945.0,1.2331989520144562,0.005243118475067374,0.009228112150602255,0.8198158549244954,bist100
2022-11-23,4854.17431640625,6513005600,4864.7998046875,4727.7998046875,0.015257309500358376,0.017904453474803687,0.021952049679710768,0.02822313148849316,5295405175.0,1.2299352711948053,0.0078013063523876686,0.009973371798112068,0.8156164793737652,bist100
2022-11-24,4858.17431640625,7264528500,4939.7001953125,4794.2001953125,0.0008236937073373795,0.017388806922238,0.021866084964196668,0.02994952229454605,5451133515.0,1.332663835881114,0.014998371832658003,0.01054420888263947,0.7952409839580463,bist100
2022-11-25,4874.27392578125,5819258800,4891.39990234375,4807.60009765625,0.0033084427801958432,0.016494759946405625,0.021744854593862568,0.017192264112253098,5660905000.0,1.0279732304287035,0.014796640039454384,0.011419952674677384,0.7585592203068229,bist100
2022-11-28,4923.17431640625,6204823300,4970.39990234375,4854.2998046875,0.009982353666355132,0.016161412297965604,0.02127736657056893,0.023582365806010933,5784784050.0,1.0726110510555704,0.014876009020263661,0.01064641270089271,0.7595588600856382,bist100
2022-11-29,4962.4736328125,5434243800,4988.2001953125,4817.2998046875,0.007950823989566211,0.01605374039833837,0.021273720287096082,0.03443854885091683,5832467115.0,0.9317230072372212,0.0074645247287625826,0.01010164706551269,0.7546277840306109,bist100
2022-11-30,4977.57373046875,5479948500,4988.7001953125,4922.89990234375,0.0030382368855969917,0.016078931536339103,0.021274516088842402,0.01321935073828699,5889017820.0,0.9305369193126334,0.005020710205810306,0.010041907442893008,0.7557836553928403,bist100
2022-12-01,5046.17333984375,5540902800,5091.7001953125,5001.7001953125,0.013687631962200264,0.016092784569416155,0.021290251960019428,0.017835296954501124,5972302440.0,0.9277666118998488,0.007593497856782883,0.01031540077061925,0.7558757218860772,bist100
2022-12-02,4962.9736328125,4834622100,5054.5,4912.7998046875,-0.01662511772050964,0.01667091866710167,0.021364765209352266,0.02855147050865934,5970839410.0,0.809705598831371,0.0036067857566417865,0.008144321768629234,0.7802996430685838,bist100
2022-12-05,4957.7734375,5491225600,5010.60009765625,4883.7001953125,-0.0010483476197729064,0.01618432247629127,0.021015843836062538,0.025596147936873124,5935135640.0,0.9252064203877235,0.0014006454994161786,0.0067500957225789734,0.7701010058192131,bist100
2022-12-06,5000.07373046875,5371669700,5032.60009765625,4910.2998046875,0.008495922199573538,0.016188932891171924,0.019030049825813997,0.024459697908751542,5868879470.0,0.9152802894416914,0.001509665141417644,0.0068458552056718126,0.850703652347345,bist100
2022-12-07,4826.974609375,5447953400,5014.60009765625,4773.39990234375,-0.03523276187994309,0.01869820145687137,0.019771059343283135,0.04996922810491659,5858677860.0,0.9298946844638425,-0.006144534611690373,0.005076188503385857,0.9457359432398725,bist100
2022-12-08,4855.8740234375,4738327300,4859.2998046875,4711.39990234375,0.0059692144262910056,0.018162651733854444,0.019368003445275617,0.030457936435313627,5814526745.0,0.8149119451681187,-0.0076882181188722256,0.0041727508304288275,0.9377658252268026,bist100
2022-12-09,5005.2734375,4459088100,5015.2001953125,4871.2998046875,0.030302933176520216,0.018988280935738972,0.019615703922433204,0.02874975611659578,5766043620.0,0.7733358250245079,0.0016973920605337465,0.005817900821878387,0.9680142507668721,bist100
2022-12-12,5193.2724609375,6912076100,5222.60009765625,5057.5,0.03687198630658122,0.01976731455283084,0.018321882936554082,0.03179114881764663,5837808000.0,1.184019087301261,0.009281458845804572,0.006390618105685047,1.0788909972453198,bist100
2022-12-13,5256.17236328125,6523443000,5299.2998046875,5179.7998046875,0.012039043818797605,0.019600544591715837,0.01820908247018815,0.022735175283597475,5802562640.0,1.124234826011288,0.009990083169649385,0.006051847878724252,1.0764158284090253,bist100
2022-12-14,5066.47314453125,8355647600,5302.10009765625,5041.7001953125,-0.03675813097101325,0.021815441394607362,0.018970491364155365,0.05139668067220007,5827832360.0,1.4337487909484068,0.009685009351435351,0.004090622824485744,1.1499671239843325,bist100
2022-12-15,5188.7724609375,6520482200,5247.7998046875,5050.39990234375,0.02385220585557941,0.020154671707063795,0.01906371630581888,0.03804366135339919,5862759255.0,1.1121865859388764,0.013261607637293036,0.007041314801965429,1.0572267958536459,bist100
2022-12-16,5214.27197265625,6291498000,5259.0,5154.60009765625,0.0049023269967259425,0.020150932913494526,0.019004977811357283,0.020021951845094626,5937197125.0,1.0596747703572331,0.00818148640133418,0.00707057606449103,1.0602976290481343,bist100
2022-12-19,5391.87109375,7195195300,5404.0,5267.7001953125,0.033492990230088775,0.020999226237319216,0.01919765176596153,0.025278758026224372,6039037155.0,1.191447430331301,0.007505687186035689,0.008265950137880031,1.0938434811361655,bist100
2022-12-20,5418.97119140625,6991291700,5445.89990234375,5344.2998046875,0.00501351397153881,0.019137983309438358,0.019182586327434015,0.018748964345367606,6069461570.0,1.1518800505396396,0.00610058121658393,0.006266213564103391,0.9976748172934393,bist100
2022-12-21,5429.0712890625,5943969000,5491.10009765625,5412.7001953125,0.001862105645859899,0.019040912301230544,0.01881521337825039,0.014440757575185242,6041009740.0,0.983936337768593,0.01382462853995856,0.005596453371378467,1.0119955547908404,bist100
2022-12-22,5447.17138671875,4755889800,5515.7001953125,5398.39990234375,0.003328376334612691,0.019016089795196756,0.018542684190173443,0.02153416601775201,5915577805.0,0.8039603157582,0.009719862635765218,0.005721687502742232,1.0255305866274846,bist100
2022-12-23,5454.77099609375,4070433500,5457.2001953125,5370.7998046875,0.0013941755219591281,0.019033685015030954,0.018568699096004376,0.015839416666047525,5828136540.0,0.6984107994147989,0.009018232340811854,0.005625974139830398,1.0250413837082768,bist100
2022-12-26,5504.07080078125,3819828400,5549.39990234375,5480.5,0.00899732620961737,0.019023090675367282,0.01707561139580908,0.012517989836535228,5708886795.0,0.6691021449830659,0.0041190995367175725,0.005576722766993509,1.1140503396578922,bist100
2022-12-27,5434.47119140625,4017121300,5513.60009765625,5428.5,-0.012725745112194592,0.01944445469101039,0.017219167336672614,0.015659315259748223,5638030670.0,0.712504336199363,0.0005712477199708924,0.004542894311905468,1.1292331569133693,bist100
2022-12-28,5345.57177734375,4132793700,5450.2998046875,5258.5,-0.016493705948686575,0.020006379592248588,0.017496323883349416,0.03588012895092143,5570672930.0,0.7418841048347098,-0.0030999145989384024,0.0035662971701912903,1.1434618909454402,bist100
2022-12-29,5476.87060546875,3544419500,5476.89990234375,5331.7998046875,0.02426536744687156,0.020423496441910015,0.01756110654717904,0.02649324917615637,5470848765.0,0.6478737856318717,0.001087483623513371,0.004095183944424855,1.1629959870148832,bist100
2022-12-30,5509.1708984375,4321634100,5563.0,5489.2001953125,0.0058802592415151435,0.01983324684046537,0.017556473322904203,0.013395809650492228,5445199365.0,0.7936594806386855,0.0019847003674245745,0.005220452792526095,1.1296828512017207,bist100
2023-01-02,5661.06982421875,4834734400,5661.5,5568.39990234375,0.02719874954381847,0.020362050187635462,0.01773847015667285,0.01644567202791889,5412374805.0,0.893274130892345,0.005624985034264794,0.006632807650705663,1.1479033990975638,bist100
2023-01-03,5626.5703125,5459192700,5704.7998046875,5610.39990234375,-0.006112813436280376,0.020552829965544157,0.017775524687360107,0.016777521136460517,5416750955.0,1.007835277152778,0.006947571369447637,0.005902370868912967,1.1562432235915348,bist100
2023-01-04,5523.470703125,4992602800,5651.7001953125,5478.7998046875,-0.018493662523082356,0.019077425346110857,0.017852449305093627,0.03130285284706563,5393983425.0,0.925587345496895,0.006547580054568482,0.006739325836756004,1.0686166934342014,bist100
2023-01-05,5116.37255859375,4510533000,5567.0,5116.39990234375,-0.07656070996640062,0.02666829230131751,0.020887838809010035,0.08807022797810071,5382593710.0,0.8379850390008352,-0.013617635428085953,0.0026128296171214226,1.2767377489438523,bist100
2023-01-06,5341.9716796875,5331359700,5420.39990234375,4961.2998046875,0.043149109922064464,0.0275116773715066,0.021352411862366784,0.0859420688061579,5426207290.0,0.9825204632018398,-0.006163865291976088,0.0032551384543986358,1.2884576013633104,bist100
2023-01-09,5170.97265625,4317306200,5416.7001953125,5123.7001953125,-0.032534007733559016,0.027425368940563726,0.020795238535800953,0.05666245394778092,5296468795.0,0.8151291675834371,-0.018110416747451584,-0.00021516124760837633,1.3188292547521578,bist100
2023-01-10,4987.9736328125,3964871800,5187.39990234375,4947.39990234375,-0.036031063816789353,0.028384524083626426,0.021443556811612124,0.0481157314908809,5168540235.0,0.7671163654973463,-0.024094066823553383,-0.002618666629387724,1.3236854470082886,bist100
2023-01-11,4728.875,3954341800,5091.2998046875,4728.89990234375,-0.0533424110168391,0.029648454511548513,0.022684032726740817,0.07663554277576591,4948474945.0,0.7991031265088077,-0.03106381652230473,-0.0034478806316790163,1.3070186799985422,bist100
2023-01-12,4970.673828125,5008515200,4977.2998046875,4601.2998046875,0.04986807935533809,0.03142664125176156,0.023466953225899742,0.07564366784087136,4872876595.0,1.0278354278742001,-0.00577805865795699,-0.002147086956691083,1.3391871091760204,bist100
2023-01-13,4984.87353515625,3864299600,5073.2998046875,4925.60009765625,0.0028526239979038293,0.03140577774147802,0.023459743260263465,0.029629579564974938,4751516675.0,0.8132770785235642,-0.013837355842789117,-0.0022495721066321884,1.3387093538518682,bist100
2023-01-16,5207.67236328125,4090424900,5207.7001953125,4981.39990234375,0.043724958635052796,0.032094454916245144,0.02400146378437993,0.043455170982792536,4596278155.0,0.8899428542091792,0.001414437430933245,-0.0017379736863839875,1.337187398425762,bist100
2023-01-17,5314.9716796875,5127613000,5338.89990234375,5194.39990234375,0.02039469075375692,0.03244709857332268,0.02407878222801694,0.02718735088509372,4503094220.0,1.1386865895957203,0.012699588345042501,-0.000968914847273082,1.3475390186289722,bist100
2023-01-18,5384.171875,4787154800,5424.2001953125,5310.7001953125,0.012935831719289491,0.03259210902261772,0.02409381181453709,0.021080307730703712,4445253510.0,1.0769137888831002,0.025955236892268217,-0.0004152285436016022,1.3527170077319668,bist100
2023-01-19,5422.37109375,3950727200,5452.7998046875,5348.7001953125,0.007069675836404662,0.032625446308943484,0.024007172226909283,0.01919817134887514,4404995380.0,0.896874311818234,0.017395556188481535,-0.00022816356851200378,1.3589874726009632,bist100
2023-01-20,5490.2705078125,4789491200,5507.7001953125,5426.60009765625,0.012444336172638206,0.03274770393987631,0.02388552165584096,0.014771603246296672,4440948265.0,1.078483898978724,0.01931389862342841,0.00032434446402195016,1.371027370125207,bist100
2023-01-23,5404.37109375,4639095500,5569.0,5351.60009765625,-0.015769439194901695,0.03287051933044715,0.023903203856478608,0.04022667921438014,4481911620.0,1.0350707227912719,0.007415019057437511,-0.0009139938062040032,1.375151194283861,bist100
2023-01-24,5366.4716796875,4071939800,5438.7001953125,5244.2001953125,-0.007037438253499238,0.032787442269749764,0.02388453120070567,0.036243552861034777,4484652545.0,0.907972191633856,0.001928593255986278,-0.0006295784632692354,1.3727479930098463,bist100
2023-01-25,5297.771484375,3918847000,5419.2998046875,5103.2998046875,-0.01288439219716649,0.0327053589707787,0.023991848174742137,0.05964772186418302,4473955210.0,0.8759245043939543,-0.003235451527304918,-0.0004491127756932311,1.3631863094736432,bist100
2023-01-26,5230.97216796875,3376747600,5315.89990234375,5200.5,-0.012689113708049966,0.03227668215602768,0.024086892592709862,0.022060890143975127,4465571615.0,0.7561736528101789,-0.007187209436195843,-0.0022968368334393076,1.3400102164193872,bist100
2023-01-27,5191.7724609375,3594118700,5229.0,5020.5,-0.007521990273095804,0.032237079274346735,0.02394434791293076,0.040159695281089085,4429195845.0,0.8114607765780563,-0.011180474725342646,-0.002966949309169855,1.3463335644625185,bist100
2023-01-30,5096.27294921875,2997771600,5232.60009765625,5096.2998046875,-0.018565675207305943,0.031601122611959395,0.023910654663742023,0.02674509280152363,4337347705.0,0.6911531663795905,-0.011739721927823495,-0.005255170546726076,1.321633516788612,bist100
2023-01-31,4976.57373046875,3697029600,5111.7001953125,4955.5,-0.023767829977246743,0.0318717711130721,0.02414719741349501,0.03138709557464696,4249239550.0,0.8700449942860953,-0.015085800272572997,-0.0061379213737743936,1.319895247771491,bist100
2023-02-01,4713.375,3202000600,5014.89990234375,4713.39990234375,-0.05433743639092523,0.0335658631303971,0.0252262097094229,0.06396690269711194,4159709440.0,0.7697654478482036,-0.023376409111324745,-0.007930110067166537,1.3305947868125048,bist100
2023-02-02,4752.1748046875,5014254000,4870.7001953125,4479.7001953125,0.008198154951010983,0.029555865583088134,0.02506654576874047,0.08227811813957712,4184895490.0,1.198179025493418,-0.019198955379512557,-0.0036921668212959572,1.1790960691499075,bist100
2023-02-03,4997.57373046875,4136725400,4997.60009765625,4727.2001953125,0.05035017387208666,0.030193508566470344,0.025856194273292308,0.054106235730990944,4125163775.0,1.002802706905861,-0.007624522550476062,-0.003332113623794848,1.1677475906675945,bist100
2023-02-06,4930.173828125,818423900,4991.7001953125,4748.2998046875,-0.013578294066502239,0.02951857476907514,0.025745245262071368,0.04936953525583253,3950219660.0,0.20718440249978404,-0.00662704632231532,-0.0023843279404420084,1.1465641313024408,bist100
2023-02-07,4505.27587890625,2246091000,4903.89990234375,4484.7001953125,-0.09012511912129603,0.03477416927949258,0.028209967585477273,0.09304640121905687,3864280620.0,0.5812442782687972,-0.01989850415112518,-0.005089030705667343,1.2326908626933204,bist100
2023-02-08,4505.27587890625,0,4505.2998046875,4186.0,0.0,0.03287204300402546,0.02820729170352243,0.07087242008474223,3666563530.0,0.0,-0.009031016872940133,-0.0024219101548253875,1.1653739518679316,bist100
2023-02-15,4950.4736328125,1366156900,4951.0,4769.2001953125,0.09423412783342569,0.037725171254640213,0.030382192836388527,0.0367237194199971,3484445615.0,0.39207295821146,0.008176177703542809,-0.00020360773092100714,1.2416869137061448,bist100
2023-02-16,5008.57373046875,3220661600,5320.39990234375,4943.5,0.01166793462956322,0.03781415069173428,0.03040829418526893,0.07525094420612155,3452263715.0,0.9329129712791944,0.000439729855038121,0.00023715780066196207,1.2435472526457292,bist100
2023-02-17,5026.77294921875,2361027300,5081.7998046875,4897.39990234375,0.003627027402695234,0.0364245435244005,0.030391783910492128,0.03668355507730044,3365793835.0,0.7014771004237698,0.003880794148877615,-0.001767738760955916,1.198499687668077,bist100
2023-02-20,5148.87255859375,2795290300,5173.39990234375,5014.39990234375,0.023999552615653504,0.03654869161723151,0.030001559965668858,0.030880546797496532,3249177700.0,0.8603069939818927,0.02670572849626752,-0.0015874956678610867,1.218226374197029,bist100
2023-02-21,5149.37255859375,3373251500,5264.7998046875,5136.39990234375,9.710392298940316e-05,0.036392595769870015,0.029945263647087942,0.024935057792519665,3178482535.0,1.0612773431520524,0.0267251492808654,-0.0022294320576760913,1.2153039024389771,bist100
2023-02-22,5071.373046875,3000149400,5174.89990234375,5047.5,-0.015263275108000119,0.0364348511099314,0.030018650397764347,0.025121382545946667,3130953645.0,0.9582222351937759,0.00482566869258024,-0.0033460796048963306,1.2137404789072364,bist100
2023-02-23,5086.17333984375,3086219900,5117.7998046875,5044.2001953125,0.002914149318993446,0.03627945710245845,0.030018116364464557,0.014470527144334609,3045790080.0,1.0132740008136083,0.0030749116304662856,-0.0038225889475785686,1.2085853976302814,bist100
2023-02-24,5058.77294921875,3666107600,5114.5,5054.2001953125,-0.0054017944445338365,0.036173684387832264,0.030003265631458245,0.0119198480131061,2997140685.0,1.2232017063289773,0.0012691472610204713,-0.0033042067100601752,1.2056582384120338,bist100
2023-02-27,5197.37255859375,3780474500,5204.10009765625,4980.10009765625,0.02702926696127464,0.03678552989869122,0.030184624324842795,0.04309869986703581,2982567420.0,1.2675235686709136,0.0018750901301446978,-0.0016008714493214817,1.2186843706521038,bist100
2023-02-28,5237.27197265625,3651685800,5265.7001953125,5180.2998046875,0.007647526161805418,0.036740531199032186,0.03019635600870491,0.01630627377590369,2969209360.0,1.229851235549116,0.003385174577907901,-0.0005742755313728863,1.2167206926703587,bist100
2023-03-01,5322.671875,3389485300,5350.7001953125,5253.89990234375,0.016174662559918767,0.03680644091736818,0.03021598079050672,0.01818640999145753,2969846245.0,1.1412999261178924,0.009672762111491678,0.0008689132820255505,1.2181117393658145,bist100
2023-03-02,5261.3720703125,3636998900,5352.10009765625,5256.7998046875,-0.011583566816555682,0.036866330342128446,0.0301734309887919,0.018113201593646204,2971990255.0,1.223758689612527,0.006773218884381854,0.0006658344548525562,1.2218143291633843,bist100
2023-03-03,5212.3720703125,3747489600,5298.39990234375,5054.39990234375,-0.009356798645471702,0.0366704828847437,0.030201916703178577,0.04681170045203073,3009476155.0,1.2452298695817379,0.00598221804419428,0.0011262782829442684,1.2141773399727422,bist100
2023-03-06,5392.27099609375,4322046300,5428.2998046875,5221.89990234375,0.03393158730850133,0.03687801550306502,0.030488430828952532,0.03827698987926784,3040726990.0,1.4213858443108698,0.007362682113639618,0.004011249147231671,1.2095740745058217,bist100
2023-03-07,5381.87158203125,4190369200,5497.7998046875,5377.39990234375,-0.0019304398872817072,0.03428455415755741,0.030113679842754117,0.022371381499650747,3090145420.0,1.356042719827729,0.005447088903822193,0.006631598972413849,1.1385043055708413,bist100
2023-03-08,5438.37109375,4276210500,5442.2001953125,5341.2001953125,0.01044339335414284,0.03429362841378112,0.030129680064566077,0.01857173742999505,3053243245.0,1.4005469452860446,0.004300835062667008,0.006743860892570441,1.1382008816652536,bist100
2023-03-09,5446.17138671875,4641697900,5503.10009765625,5431.60009765625,0.0014332792247509982,0.03272859257169289,0.02989784219322018,0.01312848879019172,3078491870.0,1.5077830626202045,0.006904204270928344,0.0042980161602036585,1.094680758570417,bist100
2023-03-10,5384.57177734375,3768780400,5453.89990234375,5375.89990234375,-0.011375077896419275,0.03266890954366025,0.029574897269286606,0.014485831599124487,3226009695.0,1.1682483179890133,0.006500548420738829,0.0044081769687078064,1.1046161630318414,bist100
2023-03-13,5323.171875,3348659800,5429.2998046875,5283.0,-0.011468443269712702,0.024370036317726537,0.029576536761010592,0.02748357710833825,3281138135.0,1.020578732812174,-0.0025794576949039767,0.008341010761286974,0.8239651759989849,bist100
2023-03-14,5207.27197265625,3220818500,5347.89990234375,5207.2998046875,-0.022013237853877626,0.025247880107831924,0.029324338699902176,0.02700072099067438,3442179060.0,0.9356917359203272,-0.006596017288223161,0.007240348868593092,0.8609871945012062,bist100
2023-03-15,5121.57275390625,3407563700,5239.5,5065.2998046875,-0.016594534559059692,0.015385721367368883,0.029242190086392287,0.03401302757627266,3544249400.0,0.9614345141738615,-0.012003602870863666,0.0016989157489688226,0.5261480525881868,bist100
2023-03-16,5229.572265625,2408700100,5230.7001953125,5129.7998046875,0.02086791957786415,0.015830559058668817,0.029361961285579344,0.019294195681784143,3503651325.0,0.6874828219386243,-0.008116674800241036,0.002158914996383869,0.5391519627962912,bist100
2023-03-17,5136.37255859375,2931813200,5291.89990234375,5136.39990234375,-0.017982387533074237,0.01645039397215363,0.029119221001439353,0.030274283694595006,3532190620.0,0.830026891357296,-0.009438136727572028,0.0010784442495953954,0.564932488109503,bist100
2023-03-20,4975.4736328125,2834484500,5137.10009765625,4971.10009765625,-0.03182653376941012,0.017080654721506817,0.02938158428154719,0.03336365786470156,3534150330.0,0.802027145234651,-0.013509754827511513,-0.001712860069657786,0.5813387922799708,bist100
2023-03-21,4906.57421875,2716626700,5019.89990234375,4890.39990234375,-0.013944585486698318,0.017289648916621547,0.029422464419920007,0.026393160324596383,3501319090.0,0.7758866387696187,-0.011896024354075652,-0.002414944540142172,0.5876342875247346,bist100
2023-03-22,5001.07373046875,2306010900,5001.10009765625,4890.89990234375,0.019076652305451535,0.017647953272405485,0.029537976269250008,0.022035307066382914,3466612165.0,0.6652059100473386,-0.004761786981173406,-0.0006979481694695894,0.5974665668202048,bist100
2023-03-23,5061.97314453125,2354594200,5062.0,4983.7001953125,0.01210372132771884,0.017865238109331424,0.029587611186362314,0.015468237869276712,3430030880.0,0.6864644320636554,-0.0065146266312024696,-0.0002384695690333196,0.6038080599614601,bist100
2023-03-24,5031.97314453125,2101903200,5117.39990234375,5000.2001953125,-0.005944174354380485,0.01787389798721248,0.029562807749396115,0.02329100407831522,3351820660.0,0.6270929781786118,-0.004106983995463718,-0.000265588564525652,0.6046075913603841,bist100
2023-03-27,4997.7734375,1988283700,5074.0,4997.7998046875,-0.006819681693503369,0.016718580568378032,0.029534597061465384,0.01524682866589028,3262211120.0,0.6094895844754523,0.0008943864197176327,-0.001958035997264552,0.5660676708601937,bist100
2023-03-28,4811.474609375,2297360400,5005.0,4811.5,-0.03798889202320897,0.018371215208549986,0.02984952213593928,0.04021636103471722,3194494850.0,0.7191623426783738,-0.003914474887584498,-0.004239856906515272,0.6154609485835206,bist100
2023-03-29,4943.173828125,2403997700,4946.0,4752.89990234375,0.027003991500026386,0.019147751216704267,0.029892047635317005,0.03906399094395088,3145220470.0,0.764333604887164,-0.0023290070486695277,-0.0036983904595098913,0.6405633849613396,bist100
2023-03-30,4896.07421875,2595119500,5000.2001953125,4880.7998046875,-0.009573896076318268,0.01910942833941626,0.02989212879923673,0.02438696500305171,3093126500.0,0.8389955923238186,-0.0066645305294769485,-0.0035979069224980204,0.6392796066068136,bist100
2023-03-31,4812.87451171875,2575164900,4881.7998046875,4790.7001953125,-0.017139186950624007,0.01931103847171217,0.029706379802889413,0.018928315947815345,3034510265.0,0.8486261950410637,-0.008903533048725654,-0.003987026337755635,0.6500636765518586,bist100
2023-04-03,4839.47412109375,2497155100,4851.7001953125,4680.5,0.005511544955912624,0.017316594696332017,0.029721682007758512,0.035375784853625324,2943265705.0,0.8484300604453923,-0.006437287718842455,-0.00540802845538507,0.5826249904635853,bist100
2023-04-04,4984.07373046875,2271301900,4988.60009765625,4830.60009765625,0.02944151264963393,0.018988378036032198,0.02992833249279471,0.03170097565654194,2847312340.0,0.7977002972564646,0.007048793215726125,-0.0038394308285392893,0.6344616106027183,bist100
2023-04-05,4919.8740234375,2212695500,5028.7998046875,4919.89990234375,-0.01296464962443976,0.018781969567676526,0.028315285291246658,0.022134693251284105,2744136590.0,0.8063357735410686,-0.0009449350091671044,-0.005009832977468419,0.6633155687639409,bist100
2023-04-06,4912.77392578125,1665310900,4970.2998046875,4890.60009765625,-0.0014441885699485338,0.018740992741955335,0.027725180235669365,0.01622295432993608,2595317240.0,0.6416598612044823,0.0006810064921068424,-0.005153706367203395,0.6759556685530371,bist100
2023-04-07,4924.57373046875,1781919500,4955.5,4899.5,0.002398982075032319,0.018753417615158936,0.027425379424715842,0.011371542607540489,2495974195.0,0.713917436954912,0.004588640297238108,-0.0044650033686308155,0.683797927632618,bist100
2023-04-10,5092.27294921875,2459728800,5102.39990234375,4956.0,0.03348656410807176,0.020484073970046413,0.027380754614096475,0.028749421683338966,2451527645.0,1.0033453242988006,0.010183644127669936,-0.0022172529997415927,0.7481194093715944,bist100
2023-04-11,5124.2724609375,3053840200,5143.5,5082.10009765625,0.006264273308717669,0.020016339157501846,0.02646588218342685,0.01198216972493237,2443178730.0,1.2499454757450348,0.005548196259486682,-0.0008033774416118276,0.756307272086182,bist100
2023-04-12,5146.07275390625,2902601800,5198.39990234375,5121.10009765625,0.0042452956067359415,0.019690815869425712,0.025692034533389616,0.015021125503681176,2417930635.0,1.2004487465373463,0.008990185305721824,0.00023861406667795407,0.7664171494022919,bist100
2023-04-13,5135.57275390625,2602989700,5195.5,5131.89990234375,-0.0020424753298999418,0.01908461377473978,0.025692461146189338,0.01238422678519628,2427645115.0,1.0722282610075815,0.008870527953731541,-0.0009069056787102507,0.7428098719756311,bist100
2023-04-14,5092.873046875,2067327000,5176.60009765625,5092.89990234375,-0.008349255774063239,0.01874960183254079,0.025079666904794365,0.01643476963633693,2384420805.0,0.8670143271963272,0.006720880383912428,-0.00042524909075970075,0.7476017087354743,bist100
2023-04-17,5059.373046875,1914352500,5138.10009765625,5057.5,-0.006599548765648601,0.017319999190294453,0.024942578171107087,0.015930846946744497,2338414205.0,0.8186541528471428,-0.0012963421908316441,0.0008361001594283754,0.6943949046276838,bist100
2023-04-18,5018.67333984375,1915472700,5105.10009765625,5011.89990234375,-0.00807694799768197,0.017104812138971203,0.024893611585550583,0.01857068372483507,2298356505.0,0.8334097411924353,-0.004164586452111572,0.0011294820338791926,0.68711653510733,bist100
2023-04-19,5061.17333984375,2115440800,5093.10009765625,4975.5,0.008432717917397194,0.016677260021281216,0.024901880462997353,0.02323573799191011,2288828000.0,0.924246295483977,-0.003327101989979321,0.0005972853144764758,0.669718901191522,bist100
2023-04-20,5012.2734375,1049019200,5037.5,4997.5,-0.00970874965282527,0.01659821824146959,0.024861116053521582,0.007980410585889948,2223549250.0,0.47177691251947756,-0.004860356854564387,-0.0004933382345507296,0.6676376959802031,bist100
2023-04-24,5022.77294921875,1676860000,5076.39990234375,5010.2998046875,0.0020925694103335235,0.016556541032829022,0.02479442607143718,0.013160080761072689,2202297090.0,0.7614140742473577,-0.0027719918176850344,-9.150104631502922e-05,0.6677525418465692,bist100
2023-04-25,4890.97412109375,2030580100,5042.10009765625,4881.0,-0.02659067110486066,0.017540411935267463,0.024999826984562327,0.03293824372561264,2204411910.0,0.9211436804476346,-0.006770216285527447,-0.0010800505168828938,0.7016213330635793,bist100
2023-04-26,4783.474609375,1919644400,4901.39990234375,4749.10009765625,-0.022224302253040496,0.016088645312652566,0.025100497256587813,0.03183874006334471,2185526110.0,0.8783442994419316,-0.009599687136599153,-0.00029182102837447003,0.6409691867132226,bist100
2023-04-27,4789.57470703125,1899706600,4831.39990234375,4750.5,0.001274431642471843,0.014765423524413136,0.025061603813643283,0.016890832128578417,2160311555.0,0.8793669577904933,-0.011031344391584222,-0.0015782990212521969,0.5891651481767894,bist100
2023-04-28,4617.87548828125,1768195800,4808.5,4578.10009765625,-0.036506871496449475,0.016641962260771036,0.02545649391040554,0.04989305210338265,2118965370.0,0.8344618675858775,-0.016390968760309065,-0.0029249477922587575,0.653741332932282,bist100
2023-05-02,4506.17626953125,1761788500,4660.2998046875,4499.0,-0.024485788214956738,0.017048336648705968,0.02553333517426938,0.035795271875655905,2078296550.0,0.8477079462023839,-0.021706640285367115,-0.003292277855475394,0.6676893767440937,bist100
2023-05-03,4485.97607421875,2062108400,4534.5,4311.39990234375,-0.004492857442797521,0.016922733944776343,0.025376243836101323,0.04973278813019611,2056544215.0,1.0027055995000818,-0.01728707755295449,-0.003792497975410901,0.6668730823236078,bist100
2023-05-04,4484.3759765625,1730186400,4577.7001953125,4447.5,-0.00035675248065242493,0.01505097935926682,0.024418325822311432,0.029034183572695216,2029488440.0,0.8525234073272179,-0.012913567598476875,-0.0052824112319252185,0.6163804786941818,bist100
2023-05-05,4400.7763671875,1416981300,4496.10009765625,4378.2998046875,-0.018818377722633263,0.015263647748601231,0.02449798622334602,0.02676807070840439,1989702730.0,0.7121572879381836,-0.016932129471497893,-0.005575097636834894,0.6230572427237029,bist100
2023-05-08,4561.87548828125,2270213000,4577.7001953125,4374.10009765625,0.03595285781163719,0.017865255355433828,0.02405011514771119,0.04463078796851581,2019947835.0,1.1238968455836384,-0.00244018360988056,-0.003705245317755608,0.7428345039393308,bist100
2023-05-09,4536.17626953125,2910741500,4622.10009765625,4513.2998046875,-0.005649404462611471,0.0178110831341301,0.024004477322774442,0.023985023179002914,2076388935.0,1.4018286511433369,0.0013270931405884934,-0.004107664644637798,0.7419900418840485,bist100
2023-05-10,4494.47607421875,2311022500,4554.89990234375,4485.7998046875,-0.009235322125795227,0.015473522076133159,0.021022570171960502,0.01537444999487761,2068953620.0,1.1170006314592977,0.00037860020398895224,-0.0062437589563311465,0.7360433072437281,bist100
2023-05-11,4847.97412109375,4353882300,4871.7998046875,4492.2001953125,0.0757118070239884,0.023916833699988656,0.023185967303128812,0.07830066743206102,2133955725.0,2.0402870823385992,0.015592312104917117,-0.0027713822705676106,1.0315219282122086,bist100
2023-05-12,4795.57470703125,3655138700,4982.89990234375,4758.10009765625,-0.010867354060268898,0.023922215101859726,0.019756362682239702,0.04687650978680397,2171582570.0,1.6831681882582066,0.01718251683738999,-0.0035270147539178524,1.2108613051209565,bist100
2023-05-15,4501.17626953125,2379215000,4700.0,4475.5,-0.06335480078609418,0.027398016825830526,0.02128614693056393,0.04987585167896109,2160393835.0,1.1012876270312075,-0.0026790148821562846,-0.006592631026727564,1.2871289912262518,bist100
2023-05-16,4589.67578125,4032864300,4589.7001953125,4406.0,0.01947062983619266,0.028003651762167934,0.02145198787571309,0.04002465622146172,2258670700.0,1.785503437929221,0.0023449919776045414,-0.005201636746214769,1.305410571943886,bist100
2023-05-17,4661.67529296875,2914998400,4680.89990234375,4599.7998046875,0.015565502775682225,0.028381462796334824,0.021309115388970262,0.017397200053503096,2308702995.0,1.2626129936648693,0.007305156957900033,-0.004093384169148228,1.3318930550737575,bist100
2023-05-18,4501.67626953125,2637205400,4700.0,4489.10009765625,-0.03492505670602284,0.02920285078218017,0.021735657532016263,0.04684919343738384,2344789630.0,1.124708744127293,-0.014822215788102217,-0.005435789604565271,1.3435457721564141,bist100
2023-05-22,4466.17626953125,2316840400,4556.7998046875,4415.7001953125,-0.007917209896137806,0.029022477061681408,0.0216816807119049,0.03159293338635046,2354859610.0,0.983854999322019,-0.014232186955276,-0.006253285995242021,1.3385713703341202,bist100
2023-05-23,4470.97607421875,1929211000,4499.2998046875,4436.5,0.0010741240530235114,0.02905504441371799,0.021675742981739705,0.014046106184648622,2398869200.0,0.8042168368329544,-0.0013464019874524602,-0.005714142309949583,1.340440530144449,bist100
2023-05-24,4424.87646484375,1934570100,4524.10009765625,4416.2001953125,-0.010364385390164575,0.029012372803826278,0.021697823486300363,0.024384839486713248,2411754705.0,0.8021421481999348,-0.007313405032723907,-0.006336990049974486,1.3371098175881189,bist100
2023-05-25,4427.9765625,1806193900,4471.5,4404.10009765625,0.000700361289946305,0.02864915763766288,0.021359630179459764,0.015221377392679007,2400535395.0,0.7524129424469495,-0.01028643332987109,-0.004972438430234138,1.3412759208356053,bist100
2023-05-26,4580.67578125,2576307800,4605.2998046875,4436.89990234375,0.033903815922154815,0.029603456855596438,0.0218381978587397,0.0367631132142245,2433368565.0,1.0587413008682471,0.003479341195764439,-0.002166032521474373,1.3555814929000225,bist100
2023-05-29,4768.57470703125,3189578800,4800.0,4622.2998046875,0.04020091895932534,0.03108416986827321,0.02239463465660912,0.03726484457724476,2497862175.0,1.2769234555545483,0.013102966966857066,-0.00021970815563169855,1.3880186189641466,bist100
2023-05-30,4951.37353515625,4367012700,4972.7998046875,4830.7998046875,0.03761756324719583,0.03094857024516506,0.02292600558659595,0.028678910809648482,2627803020.0,1.6618493345060543,0.020411654805691532,0.003486513581550567,1.349932945286362,bist100
2023-05-31,4886.8740234375,3946536500,4982.5,4868.0,-0.013112179876495045,0.030508898626436888,0.02295428211727878,0.02343011083380844,2737040420.0,1.4418992394712242,0.019862095908425435,0.004055193998473651,1.3291157819948283,bist100
2023-06-01,4959.7734375,2595881600,5007.10009765625,4928.60009765625,0.014807221707297901,0.03052951744771345,0.022589837391969927,0.01582733586306078,2763729080.0,0.9392677519606951,0.022683467991895755,0.005020197955978423,1.3514713239399352,bist100
2023-06-02,5114.97265625,3855620400,5146.7001953125,5051.39990234375,0.03081199182244366,0.03103199349058562,0.02296894673203097,0.018631632928145236,2870000780.0,1.3434213770492425,0.022065103171953527,0.006578635171133227,1.35104120587778,bist100
2023-06-05,5372.671875,3985495300,5374.60009765625,5204.5,0.04915328705419404,0.03181632578145859,0.023819382769600845,0.031660243099482045,2998426480.0,1.3291956052896117,0.023855576790927265,0.009977218409974592,1.3357325875825687,bist100
2023-06-06,5388.77099609375,3470806600,5439.89990234375,5314.5,0.002992002707563255,0.031248605557124796,0.023822047022681776,0.023270594062106326,3058456160.0,1.1348230670731603,0.016930464683000752,0.008329175654770895,1.311751484974064,bist100
2023-06-07,5561.1708984375,5135817600,5608.7998046875,5515.89990234375,0.03149133598061926,0.03147692962594677,0.02412142012541238,0.016705097548764723,3169709965.0,1.6202799804113939,0.025851167854423613,0.01018621267693243,1.3049368346594659,bist100
2023-06-08,5553.970703125,3575038400,5593.60009765625,5458.7998046875,-0.0012955653787817974,0.03126847083702041,0.024071298473723055,0.024270976599300966,3232910760.0,1.1058265029251844,0.022630610437207675,0.010583200514283101,1.298993939656143,bist100
2023-06-09,5626.47021484375,3366808700,5639.2001953125,5535.0,0.012969171510455261,0.027283842970332685,0.023934920583144833,0.018519638660416102,3183557080.0,1.0575619080779919,0.019062046374809995,0.007446068738606445,1.1399178399424559,bist100
2023-06-12,5588.97021484375,3335117200,5730.2001953125,5589.0,-0.0066872344393776725,0.027151862194035387,0.023843444223176267,0.02526408083862861,3167556005.0,1.0528992051712753,0.00789394207609565,0.007655074719651008,1.138755875195383,bist100
2023-06-13,5429.0712890625,3280041000,5595.2001953125,5392.7998046875,-0.02902696503114257,0.023228270430923625,0.024024328376964617,0.03728084967916323,3212597305.0,1.0209935104206906,0.0014901485283544853,0.009371466507398587,0.9668645077793608,bist100
2023-06-14,5360.771484375,3562526600,5490.89990234375,5322.0,-0.01266018761884578,0.02360115921451702,0.02396421520735382,0.03150664094450608,3189080420.0,1.1171015248339207,-0.007340156191538523,0.007764925634646666,0.9848500779309731,bist100
2023-06-15,5495.470703125,2789147400,5495.5,5378.2998046875,0.02481634606897217,0.023851406930943446,0.023775591284724597,0.021326689130715244,3182787870.0,0.8763221156803014,-0.0021177739019877296,0.008227467799311165,1.0031888017131065,bist100
2023-06-16,5475.47119140625,2959480100,5566.10009765625,5467.0,-0.0036459100895626273,0.02181117545491848,0.023698099399256607,0.018098916822316145,3198901605.0,0.9251550892888436,-0.0054407902219913064,0.009791425130134174,0.9203765706039144,bist100
2023-06-19,5269.27197265625,2641341700,5485.5,5269.10009765625,-0.038386126952455066,0.02406119735462624,0.02414611768468849,0.04106827346675416,3215126670.0,0.821535812148888,-0.011780568724606786,0.00826797927731831,0.9964830648483047,bist100
2023-06-20,5251.572265625,2773703400,5315.5,5200.2998046875,-0.003364696468998522,0.024151349074530506,0.024106695621215642,0.021936324872945417,3257351290.0,0.8515211142609062,-0.006648115012177975,0.008046038251217209,1.0018523257611285,bist100
2023-06-21,5186.7724609375,2280250300,5329.39990234375,5169.60009765625,-0.01241588370816346,0.024237858273051277,0.02415096901912487,0.030809102556740357,3274635300.0,0.6963371768453116,-0.0065992542300415125,0.007943463335317265,1.0035977543533596,bist100
2023-06-22,5428.27099609375,3804924300,5434.60009765625,5152.7998046875,0.04550903908766524,0.025567578949760646,0.02481762777681649,0.05191345332087085,3374571820.0,1.1275280251703164,-0.0024607156263028993,0.010183897225203211,1.030218487427099,bist100
2023-06-23,5582.77001953125,3404649500,5594.0,5478.89990234375,0.02806440617400306,0.025314541167250938,0.024504850149818957,0.020617022956986187,3415988905.0,0.9966804912675792,0.0038813476264102378,0.009891926737795622,1.0330420717727982,bist100
2023-06-26,5732.86962890625,2815649300,5749.7001953125,5632.10009765625,0.0265311407125291,0.024628373865594855,0.024496903570058546,0.020513304028978316,3397292430.0,0.8287921508128754,0.016864801159407073,0.009208437825455811,1.005366812795761,bist100
2023-06-27,5759.0693359375,1229126700,5766.60009765625,5692.89990234375,0.00455967483011569,0.023713720852611093,0.024447029121811174,0.012797240493806728,3240398130.0,0.37931348269232584,0.018449675419229913,0.007555543404601804,0.9700041970111682,bist100
2023-07-03,6015.26806640625,3725885300,6018.2998046875,5867.2001953125,0.043525026720757656,0.0244849372200069,0.02486330032627727,0.02511934758466594,3229365570.0,1.1537514781889497,0.029637857505014138,0.01038740373446444,0.9847822653748629,bist100
2023-07-04,6003.8681640625,4768264400,6076.7001953125,5980.10009765625,-0.0018969592396088223,0.02461081294493001,0.024872630286855473,0.016089643379325277,3337984710.0,1.4284859920763389,0.020156657839559326,0.009552194687119103,0.989473676933001,bist100
2023-07-05,6106.767578125,4054640000,6121.60009765625,5889.89990234375,0.016993639730907225,0.02417262365153326,0.024704721629592998,0.037941544744959886,3347935690.0,1.2110865845215801,0.01794250455094016,0.008861277082542281,0.9784616889824673,bist100
2023-07-06,6141.0673828125,4105306400,6207.89990234375,6124.2001953125,0.005600972655952725,0.022235985844075774,0.024612555982687294,0.013629504744648644,3353926245.0,1.2240300173923473,0.013756470939624881,0.006683661362630215,0.9034407421852805,bist100
2023-07-07,6187.0673828125,3663437400,6223.2998046875,6117.10009765625,0.00746263962172025,0.022219386268091633,0.024607892429621823,0.01716478914166505,3363557785.0,1.0891554818345421,0.014337063897945795,0.006907193208338065,0.9029373942379958,bist100
2023-07-10,6270.36669921875,4124593200,6290.2998046875,6228.2001953125,0.013373630137404773,0.021522746307766617,0.024637741003799334,0.009903664706361948,3312996565.0,1.2449735817942207,0.008306784581275218,0.006001307916177341,0.8735681694375974,bist100
2023-07-11,6362.8662109375,5496917600,6386.7998046875,6234.5,0.01464410027290989,0.021533442065682112,0.024374550442324134,0.02393572324775634,3409090525.0,1.612429344333706,0.01161499648377896,0.006798291198761924,0.8834395578550363,bist100
2023-07-12,6342.06640625,5762002600,6410.60009765625,6287.39990234375,-0.0032742910013105735,0.021594685093380448,0.024388727816093022,0.019425875955995712,3528850220.0,1.6328271932153584,0.0075614103373354,0.005986118073173633,0.8854371271932884,bist100
2023-07-13,6368.3662109375,5232799800,6436.7998046875,6315.39990234375,0.004138307957392093,0.021395054742516736,0.02438868029830922,0.019062958743680428,3623734350.0,1.444035156716165,0.007268877397623276,0.006527395193012121,0.8772534832071245,bist100
2023-07-14,6437.666015625,3424924800,6446.0,6353.89990234375,0.010823099604740196,0.0196979268801517,0.024395217844201778,0.01430644233992752,3630978540.0,0.9432511820904345,0.007940969394227265,0.008519898424806261,0.8074503374370758,bist100
2023-07-17,6600.46484375,4366785400,6604.0,6476.60009765625,0.02497402293117485,0.01936285595290859,0.024493842092950847,0.01930165607417565,3671191480.0,1.1894736147077787,0.010261047952981281,0.010401608952307292,0.79051934275681,bist100
2023-07-18,6364.96630859375,5162380200,6662.2001953125,6362.7001953125,-0.03633113865766972,0.021658470970748286,0.02501375640054401,0.047054451740871875,3789853120.0,1.36215838359456,6.600016686535842e-05,0.007344234715975196,0.8658623928342586,bist100
2023-07-19,6571.26513671875,4212504700,6572.2998046875,6299.60009765625,0.031897437859400204,0.02216161683443356,0.02522282964741657,0.04149881360097091,3852504350.0,1.093445799743224,0.007100345939007513,0.009121402113423337,0.8786332518684495,bist100
2023-07-20,6682.064453125,5594317800,6700.39990234375,6518.89990234375,0.0167206130463076,0.019167616608833486,0.02526742934478948,0.027162264188445223,4000153155.0,1.3985259021913625,0.009616806956790614,0.011876739113361472,0.7585898963950654,bist100
2023-07-21,6687.76416015625,4725626500,6724.39990234375,6617.7001953125,0.0008526223546169506,0.019013697978587017,0.02520254758035358,0.01595446616777185,4097749310.0,1.1532248906656517,0.007622711506765965,0.012087605054542244,0.7544355552931868,bist100
2023-07-24,6695.064453125,5181916900,6808.0,6626.2998046875,0.0010909941244579603,0.018324955961118754,0.02520470722580431,0.027139424360237384,4242832640.0,1.2213342687964237,0.002846105745422587,0.012762948946173316,0.727044983976559,bist100
2023-07-25,6604.96484375,4848903300,6724.5,6538.2998046875,-0.013548990862662365,0.017510741696441314,0.024984775380206773,0.02819094419385039,4295031590.0,1.1289563763138701,0.007402535304424057,0.009810047448656937,0.7008564787944231,bist100
2023-07-26,6743.8642578125,4650554600,6744.39990234375,6583.5,0.020811477363959753,0.017184869445504736,0.024806866269617263,0.02385871010931957,4357326845.0,1.0672953316174747,0.005185343205335967,0.009447401008154771,0.6927464863448822,bist100
2023-07-27,6856.06396484375,5262101300,6856.10009765625,6766.2998046875,0.016500418361432234,0.016802153905278085,0.024838431053656487,0.013097936867162317,4479649445.0,1.1746680995034868,0.0051413042683608945,0.008945864890599928,0.6764579400760752,bist100
2023-07-28,7067.26220703125,6446540500,7097.0,6912.0,0.030339653025550924,0.017425269438383538,0.024395726499112997,0.026177039224035397,4740520135.0,1.3598804174259667,0.011038710402547688,0.01023486380037169,0.7142754875128274,bist100
2023-07-31,7216.9619140625,6521695800,7256.60009765625,7117.10009765625,0.020960912784003367,0.015812247922102875,0.024102421135860516,0.01932946323690297,4880310660.0,1.3363280033488687,0.015012694134456769,0.009106658103533973,0.6560439647524372,bist100
2023-08-01,7168.4619140625,5805074100,7296.60009765625,7113.2998046875,-0.006742962090511277,0.016025429103591504,0.024123692020602543,0.025570379694585046,4932151145.0,1.1769862539360603,0.01637389988888699,0.008864357960988853,0.6643025076719261,bist100
2023-08-02,7258.46142578125,5354725100,7336.10009765625,7174.60009765625,0.01247676682160693,0.015936415349705284,0.024106922351041147,0.022249894368298207,4997155400.0,1.0715546488708356,0.014706957780416424,0.008638514315523838,0.6610721649840553,bist100
2023-08-03,7221.4619140625,5118646400,7365.60009765625,7200.7998046875,-0.005110467973666338,0.01622131225856064,0.02391237149009568,0.022820904538433006,5047822400.0,1.0140306045632668,0.010384780513396709,0.008102942284042885,0.6783648483078887,bist100
2023-08-04,7400.56103515625,4299741900,7427.10009765625,7205.39990234375,0.024498399317644602,0.01662809705988363,0.023732538652191083,0.029957214629987735,5079637625.0,0.8464662673648891,0.009216529771815446,0.008954730268839101,0.7006455273738049,bist100
2023-08-07,7470.060546875,3822805700,7493.89990234375,7399.0,0.009347291551971514,0.016596124282839558,0.023664541197623103,0.012704033889450883,5064548250.0,0.7548167203264378,0.006893805525409075,0.00875341333956744,0.7013076714331776,bist100
2023-08-08,7412.16064453125,4507561100,7504.39990234375,7359.5,-0.007781122687549005,0.016931349995701256,0.023647001512493843,0.019548942513902243,5015080425.0,0.8988013587040331,0.006686173406001529,0.007632152191544494,0.7160040983105453,bist100
2023-08-09,7600.65966796875,5888600900,7644.60009765625,7367.0,0.025113060180113878,0.01715729275125442,0.022051999547102158,0.03652315848664194,5021410340.0,1.1726986048306103,0.009213432077702918,0.009051519750615718,0.7780379604401476,bist100
2023-08-10,7441.46044921875,7271931300,7766.10009765625,7398.5,-0.02116791542318002,0.018425005265301685,0.02223669276025493,0.04939891841995114,5123366915.0,1.4193657063111202,0.0060019425878001815,0.007786208581587112,0.8285856833096098,bist100
2023-08-11,7714.35888671875,5205759600,7721.0,7397.60009765625,0.03601625626008783,0.019474833543282107,0.020517522786636582,0.041921811921470764,5212408655.0,0.9987243795642112,0.008305513976288828,0.009045866414354493,0.9491805490264352,bist100
2023-08-14,7737.35888671875,5476968800,7868.7001953125,7681.2998046875,0.0029770174842631307,0.019146313420209157,0.02048503951443169,0.02422020141093294,5267917825.0,1.039683795750933,0.0070314591627471485,0.007946016142008908,0.934648595953188,bist100
2023-08-15,7690.7587890625,4977818400,7794.89990234375,7550.2998046875,-0.00604094943408015,0.016470610228724467,0.020552180135341432,0.03180441675067365,5258689735.0,0.9465891031504258,0.007379493813440921,0.009460525603188386,0.8014045283887757,bist100
2023-08-16,7662.25927734375,5200431800,7734.39990234375,7588.89990234375,-0.0037125657417819277,0.015829769940461567,0.019820397882025238,0.018989177308346056,5308086090.0,0.9797188123601063,0.0016143686290617596,0.007680025423129279,0.798660553369481,bist100
2023-08-17,7764.458984375,4725467900,7798.60009765625,7633.10009765625,0.013249895469978316,0.015744238118540147,0.01970467971686842,0.021315071704680003,5264643595.0,0.8975855278195712,0.008497930807693427,0.0075064895443128134,0.799010100380475,bist100
2023-08-18,7513.259765625,4980347200,7815.7998046875,7424.0,-0.03288735228261873,0.018122694204356256,0.02041744082096265,0.05214777831588891,5277379630.0,0.9437159251702345,-0.005282790900847885,0.005819490812451031,0.8876085089836346,bist100
2023-08-21,7796.65869140625,5512184500,7820.10009765625,7411.5,0.03702584074590129,0.019367798552212767,0.020585313754805507,0.05240707767631579,5293893010.0,1.0412345866430723,0.0015269737514797467,0.007616233143523198,0.9408551544516285,bist100
2023-08-22,7771.2587890625,5027274400,7903.0,7691.2998046875,-0.0032631114487307144,0.018907286621247233,0.020620167159634148,0.02724142909903517,5302811565.0,0.9480394199147825,0.002082541348549634,0.008130527114219781,0.9169317821176526,bist100
2023-08-23,7602.15966796875,5849648800,7832.0,7602.2001953125,-0.02199978380977023,0.019798475742974126,0.020755597168729028,0.030228226546694076,5362766275.0,1.090789435905446,-0.001574902265048026,0.0059899640555332815,0.9538861051323096,bist100
2023-08-24,7491.8603515625,8173460100,7872.7998046875,7476.2998046875,-0.014615229028394546,0.0201485383430199,0.02053931369676794,0.052924104480578854,5508334215.0,1.4838351815586048,-0.007147927164722599,0.004434181686041942,0.9809742740425874,bist100
2023-08-25,7716.6591796875,4832637800,7747.60009765625,7407.89990234375,0.02956437689464578,0.020096754861222293,0.020364935089233392,0.04402166629396956,5427639080.0,0.8903756732476029,0.005342418670730304,0.004395417879496684,0.9868312750894609,bist100
2023-08-28,7941.658203125,5487016200,8008.7998046875,7837.10009765625,0.028740573529270532,0.020505399018440923,0.02036737842704649,0.021620133055296573,5375905100.0,1.0206683521998927,0.003685365227404152,0.004784400916760042,1.0067765516258662,bist100
2023-08-29,7907.05810546875,4693866900,8013.5,7865.60009765625,-0.004366303485064021,0.020441867842669183,0.02041061358604713,0.01870479518058153,5320344740.0,0.8822486378955963,0.0034647268201374905,0.004903233847032406,1.0015312747208844,bist100
2023-08-31,7917.85791015625,4424045500,8005.7998046875,7880.60009765625,0.0013649116814890318,0.020376091398400385,0.02020019608345424,0.01581232051040675,5273810760.0,0.8388707333897586,0.008137665918389343,0.004347641090026511,1.0087076043331193,bist100
2023-09-01,8056.05712890625,4229228600,8060.89990234375,7930.10009765625,0.01730354350961022,0.02044478713350178,0.01948714382302871,0.016236206197964034,5229339870.0,0.8087499962017194,0.014521420425990295,0.005468341664190339,1.0491423124481376,bist100
2023-09-04,8141.2568359375,5212121500,8238.900390625,8126.0,0.010520323680854704,0.019993955923343323,0.019486762595981783,0.013867685653476751,5274958850.0,0.9880876132332292,0.01071260978323208,0.004769437882350844,1.0260275828200485,bist100
2023-09-05,8236.0556640625,5547198400,8236.099609375,8090.2001953125,0.011576977226040048,0.020027013951703067,0.01922829854216361,0.017714719279900294,5361178485.0,1.0346975791834694,0.007279890522585984,0.00488092216605427,1.0415385379932625,bist100
2023-09-06,8181.65673828125,5981494100,8298.5,8127.89990234375,-0.006626882421612786,0.019990234512771175,0.019277400932928915,0.020851534489100133,5434875135.0,1.1005761772666742,0.0068277747352762305,0.004938634179351082,1.0369776808773337,bist100
2023-09-07,8337.65625,5098904900,8358.0,8218.5,0.01888748634645469,0.01970600384798302,0.019326369726224674,0.016731320627424523,5395390335.0,0.9450483808230346,0.010332289668269361,0.0046273554876681226,1.0196433229383586,bist100
2023-09-08,8325.255859375,4863767200,8398.400390625,8295.7001953125,-0.0014883824427328767,0.01882166614587754,0.019277586099916682,0.012335980665008654,5274982130.0,0.9220442989443833,0.006573904477800744,0.005611332136690479,0.9763497384124711,bist100
2023-09-11,8146.45654296875,5399368300,8403.7998046875,8127.10009765625,-0.0217107165483848,0.01833354988675012,0.01907016871711283,0.033965651884569494,5284662565.0,1.0217054038151252,0.00012769643195284232,0.0027249834962668473,0.9613732399912279,bist100
2023-09-12,8159.8564453125,4732159800,8276.2001953125,8081.2998046875,0.0016435236303467154,0.01833500979800625,0.01891198659103835,0.02388527199359766,5247422115.0,0.9018065816494735,-0.0018589942871858243,0.002658308803571027,0.9694914761992531,bist100
2023-09-13,8013.857421875,4573766200,8236.0,7977.7001953125,-0.01805435541050957,0.018825235541084496,0.019036970047287622,0.032231644648734674,5227219505.0,0.8749902688465729,-0.004144488884965181,0.002057638504749556,0.9888777202634043,bist100
2023-09-14,8118.7568359375,4404427900,8118.7998046875,7797.10009765625,0.013004822505716348,0.018926412062153775,0.01901105727025467,0.03962425695609619,5187419310.0,0.8490595490342191,-0.005321021653112849,0.0028935079171244693,0.9955475801846468,bist100
2023-09-15,7961.95751953125,4235100000,8139.2998046875,7962.0,-0.01950215426811949,0.019394313437938016,0.01840078652349234,0.022268368583048946,5162900915.0,0.8202946501831132,-0.008923776018190171,0.0012559054302195792,1.0539937199519835,bist100
2023-09-18,7680.359375,3611908200,7952.39990234375,7678.7998046875,-0.03600854947755492,0.019693759283459986,0.01917512619455942,0.03562334577035987,5094478965.0,0.7089848097939884,-0.011783342604024196,0.0010998455704727696,1.0270471799579455,bist100
2023-09-19,7783.95849609375,3499804100,7804.10009765625,7644.7001953125,0.01339867323394681,0.018066705084945452,0.019036362312605776,0.020478000033497375,4993859945.0,0.7008214364329755,-0.009432312683304175,-8.151280512495428e-05,0.9490628928081379,bist100
2023-09-20,7719.7587890625,3829158100,7897.7998046875,7706.39990234375,-0.008281894310071149,0.01814789403140745,0.018438069539780017,0.024793508135892664,4933954130.0,0.7760830358591112,-0.007477820463216493,-0.000332451948191976,0.9842621534891972,bist100
2023-09-21,8000.45751953125,4390353100,8000.5,7663.89990234375,0.03571561137749908,0.019085695049849055,0.01861973840582256,0.04207260607715489,4860989345.0,0.9031809758060682,-0.002935662688859947,0.0025533178111714896,1.0250248759607057,bist100
2023-09-22,8039.15771484375,4187860800,8094.0,7981.2001953125,0.004825585881656387,0.018655489233896098,0.01842384662439559,0.014031296398032215,4661709380.0,0.8983530414759575,0.001929885341095229,0.003525358556674037,1.0125729775232595,bist100
2023-09-25,8304.755859375,4864110600,8311.2001953125,8097.0,0.03250402994134459,0.018881652377761633,0.018746577295368022,0.02579247348622483,4663283020.0,1.0430657069576703,0.01563240122487513,0.0036723412090089768,1.0072053196839823,bist100
2023-09-26,8242.255859375,5971775000,8389.7001953125,8240.7998046875,-0.007554270013942214,0.018072331102770817,0.01816917968231958,0.01806548997816369,4687520960.0,1.2739729701389964,0.011441812575297328,0.0018575990318483392,0.9946696228865518,bist100
2023-09-27,8213.755859375,4426914800,8298.7001953125,8170.89990234375,-0.003463783203591417,0.018057092639864134,0.01818074740840724,0.015559300173608345,4674173355.0,0.9471011158078881,0.012405434796593274,0.0019027250459219696,0.9931985871776688,bist100
2023-09-28,8218.65625,4126896600,8288.5,8188.0,0.0005964298774459681,0.018059114819372248,0.018123973003484707,0.0122282763681715,4659315910.0,0.885730154322161,0.00538159849658265,0.0018643009557198162,0.9964214146589168,bist100
2023-09-29,8334.8564453125,4682116600,8379.400390625,8239.099609375,0.014039570467688318,0.01792650967609647,0.01816181157186158,0.01683301712159719,4681960310.0,1.0000333813167246,0.007224395413789037,0.0017011023036237216,0.9870441395763809,bist100
2023-10-02,8486.955078125,4981075900,8511.599609375,8367.2998046875,0.018083995015290313,0.018200051020569073,0.018236929355048167,0.01700254135425208,4670408030.0,1.066518357283657,0.004340388428578181,0.0020792858703455016,0.9979778210596135,bist100
2023-10-03,8513.455078125,4885888200,8562.7001953125,8462.0,0.0031175743667151484,0.018065508154829293,0.01820770752789012,0.011828358097671219,4637342520.0,1.0535965758250698,0.006474757304709654,0.0016563157273792567,0.992190155029511,bist100
2023-10-04,8333.0556640625,5140536000,8533.5,8329.0,-0.02141764698610959,0.018713557090853115,0.01848036659883181,0.024540817707715025,4595294615.0,1.1186521062697956,0.00288398454820602,0.0009167774991544166,1.0126182828016002,bist100
2023-10-05,8487.955078125,5891414000,8496.400390625,8179.89990234375,0.018417893567128578,0.01869010267514405,0.0185378762605366,0.03728819077953525,4634920070.0,1.2710929015006724,0.006448277286142541,0.000893297860188111,1.0082116426104055,bist100
2023-10-06,8464.85546875,4537952300,8516.7998046875,8397.599609375,-0.002725167441347831,0.01870044079181806,0.018563547070177967,0.014081775613600904,4618629325.0,0.9825322580958583,0.003095329704335311,0.0008314586102573634,1.0073743299770554,bist100
2023-10-09,8193.3564453125,4371047200,8383.5,8193.400390625,-0.032599305165037035,0.01953129939888801,0.019159352518564585,0.023201676949348136,4567213270.0,0.9570490672532137,-0.007041330331730158,0.0002870291794247519,1.0194133324684655,bist100
2023-10-10,8442.7548828125,4401431900,8450.7998046875,8304.7998046875,0.029985026971363113,0.020632027253308732,0.019262885486237384,0.01729293364861537,4550676875.0,0.9672037854808138,-0.0016678398108005657,0.0017041043464755714,1.071076670629099,bist100
2023-10-11,8330.5556640625,4038493900,8518.900390625,8315.7001953125,-0.013378502940535756,0.020421770573573746,0.01866492150640034,0.024392153837839776,4523913260.0,0.8926992335834485,-6.001100168579916e-05,0.0019378969699742625,1.0941257141944567,bist100
2023-10-12,8259.255859375,4830174800,8471.099609375,8054.60009765625,-0.008595666513502768,0.02037681295310055,0.01838696154433432,0.050428212760352434,4545200605.0,1.062697825633155,-0.005462723017812069,0.0008578725190133065,1.1082207848190868,bist100
2023-10-13,8113.2568359375,3284940200,8242.2998046875,8071.5,-0.017835123566312613,0.020292381353202858,0.01851646043628749,0.02105194105663534,4497692615.0,0.7303612054422265,-0.008484714242805025,0.0009412240541036501,1.0959103886526294,bist100
2023-10-16,7934.55810546875,3517496500,8252.2998046875,7926.60009765625,-0.022271707108449716,0.019177774205266323,0.018805283232396535,0.041048247766535026,4492972030.0,0.7828885816589426,-0.00641919463148756,0.0016280661725589101,1.019807783178085,bist100
2023-10-17,8114.95703125,3278573900,8115.0,7908.10009765625,0.022481242838337887,0.019574603012476533,0.018973391220941757,0.02549611803820973,4481910520.0,0.7315125737940882,-0.007919951458092605,0.0020821946527784644,1.0316871024548944,bist100
2023-10-18,7842.65869140625,2924773800,8015.2998046875,7837.0,-0.0341310102977514,0.021089670222418627,0.0194612314732789,0.02273461229198659,4436691305.0,0.6592240926710136,-0.012070452929535735,0.0007897388533944516,1.0836760382494623,bist100
2023-10-19,7768.958984375,3087950100,7971.39990234375,7728.39990234375,-0.009441719117677043,0.019511961982182156,0.019380058064778966,0.03127832190757137,4371571155.0,0.706370773919154,-0.01223966345037059,-0.0014681276713643548,1.0068061672964186,bist100
2023-10-20,7510.66015625,3243363800,7711.2001953125,7447.0,-0.03381281101743138,0.020730777998719443,0.019840798713147055,0.035176694167508786,4324346305.0,0.7500240663542325,-0.015435200940594345,-0.003400047516318743,1.0448560210926723,bist100
2023-10-23,7750.35888671875,3186983100,7794.5,7520.10009765625,0.03141578471554357,0.02063277688053816,0.019867760669471705,0.035404799487926936,4240489930.0,0.751560115130376,-0.004697702575795685,-0.003454459777608794,1.038505407015596,bist100
2023-10-24,7990.357421875,3998729200,8014.7998046875,7765.5,0.030496342172317892,0.021947274388887317,0.020062939953401148,0.031200081739147015,4141837640.0,0.9654480806736789,-0.0030946827089996854,-0.0015519291682957888,1.0939211521273944,bist100
2023-10-25,7424.96044921875,3568977300,8084.39990234375,7425.0,-0.07338813445907172,0.02720708950634811,0.022262398514503654,0.08880854071258139,4098940765.0,0.8707072155018079,-0.01094610754126375,-0.0050481467310698035,1.222109535440355,bist100
2023-10-26,7662.0595703125,4032161400,7741.2998046875,7384.5,0.03143346305143437,0.02839179750451206,0.022566450879403968,0.0465670883152567,4094204005.0,0.9848462350864219,-0.0027710711074414654,-0.0035062950723703844,1.258141905266317,bist100
2023-10-27,7706.35888671875,2892444400,7740.5,7500.5,0.0057649964726517395,0.028182175372527617,0.022561016277617425,0.03114311226974122,4004720395.0,0.7222587633362104,0.005144490390575159,-0.003920023772122212,1.2491536296832022,bist100
2023-10-30,7712.85888671875,2697877700,7786.39990234375,7660.89990234375,0.0008431037787437949,0.02773380351481377,0.022350605690057486,0.016271528086181666,3890560485.0,0.6934419116221503,-0.0009700457967847966,-0.004782068333949539,1.2408524359208288,bist100
2023-10-31,7514.06005859375,2301878300,7775.10009765625,7496.39990234375,-0.02611298126059276,0.028063832796097886,0.022585370908913438,0.03709049344019463,3761359990.0,0.6119803225747611,-0.012291910483366928,-0.0062435961153149335,1.2425668327201278,bist100
2023-11-01,7528.56005859375,2696169400,7597.7998046875,7297.0,0.0019278562348801858,0.027884409623139282,0.022562733190856103,0.039954493601222066,3639141660.0,0.7408805844617766,0.002771287655423454,-0.005076320954265445,1.2358613376875756,bist100
2023-11-02,7663.5595703125,2439676600,7701.10009765625,7577.5,0.017772775430916998,0.027856160597424896,0.022445285288989106,0.016128288235020518,3466554790.0,0.7037755777112642,3.915013131997949e-05,-0.005108576861076025,1.2410695715723508,bist100
2023-11-03,7705.958984375,2408234800,7721.2001953125,7581.60009765625,0.005517351954637216,0.027954079589095206,0.022279739330715784,0.018115863053425326,3360068915.0,0.7167218473553243,-1.0378772282925233e-05,-0.004696450891276772,1.2546861152256183,bist100
2023-11-06,7867.95849609375,2262442400,7900.5,7788.60009765625,0.020804701853983257,0.027697920180542075,0.021953856991336815,0.014222228345422206,3254638675.0,0.6951439548047527,0.003981940842764967,-0.0020262505403257575,1.2616425528995618,bist100
2023-11-07,7844.75830078125,2262467100,7919.2998046875,7818.60009765625,-0.002953049109481246,0.026653934329009605,0.021955080193605606,0.012836559543360493,3147690435.0,0.7187705229342224,0.00861392727298727,-0.003673154344367975,1.2140212695179557,bist100
2023-11-08,7860.8583984375,2403494900,7942.7998046875,7821.5,0.00205023509796114,0.026581427218573792,0.02194075557547175,0.015430859906039106,3065940485.0,0.7839339712427588,0.008638403045603461,-0.00290171744244313,1.2115091992679592,bist100
2023-11-09,7841.45849609375,2569080800,7885.7001953125,7738.7001953125,-0.002470961749760615,0.026547635518234195,0.02193743027615555,0.018746512536313056,2952885785.0,0.8700237621957329,0.004589655609467938,-0.0025954822042560223,1.2101524738332554,bist100
2023-11-10,7771.2587890625,2331836000,7855.2001953125,7765.39990234375,-0.008992692153104855,0.026353398140209813,0.021904261379799367,0.01155543720859452,2905230575.0,0.8026337117837885,0.0016876467879195236,-0.002153360633595635,1.2031174063926002,bist100
2023-11-13,7568.259765625,2581061300,7785.60009765625,7568.2998046875,-0.026469002201293945,0.026538107627824114,0.021756027645950405,0.028712055307050493,2858408815.0,0.9029713617084546,-0.007767094023135917,-0.002363225388237846,1.2198048310884468,bist100
2023-11-14,7671.0595703125,2790714000,7689.10009765625,7520.0,0.013491595227479973,0.0261687228133334,0.02128648834967763,0.022043903597187327,2834015820.0,0.9847206851512917,-0.004478165155743674,-0.002812707768780742,1.2293583790550267,bist100
2023-11-15,7665.859375,2289050000,7738.2001953125,7634.39990234375,-0.0006781277948095261,0.025109239870824872,0.021282944776755984,0.013540594457976214,2802229630.0,0.8168673885587313,-0.005023837734297806,-0.0011400636436336483,1.1797822215959395,bist100
2023-11-16,7780.65869140625,2150293700,7813.2001953125,7675.39990234375,0.014864376507943113,0.025273961968011564,0.021175597692582614,0.017710620454403254,2755346810.0,0.7804076395014681,-0.0015567700827570606,7.52411376473595e-05,1.1935418463708596,bist100
2023-11-17,7853.3583984375,2131782400,7864.0,7773.7001953125,0.00930026245019728,0.024039938262695282,0.02111341699201454,0.011498240638739473,2699767740.0,0.789616961642782,0.0021018208379033664,0.0022308948110287925,1.1386095520108188,bist100
2023-11-20,7946.35791015625,2501373200,7984.7001953125,7918.2998046875,0.011772437424681823,0.023170357860035254,0.020825349575737288,0.008356078517446788,2665487245.0,0.9384300017537694,0.009750108763098519,0.0012487274464857054,1.112603549619644,bist100
2023-11-21,8046.5576171875,2779719300,8046.60009765625,7945.39990234375,0.01253067559214635,0.02230903205325146,0.020556034572381702,0.012576831003650023,2604536750.0,1.0672605406700444,0.009557924836031795,0.0003504441174771283,1.085278971228479,bist100
2023-11-22,7986.95751953125,2524918600,8060.2998046875,7984.89990234375,-0.007434473559021431,0.014256850643852195,0.020571444263388392,0.009440378537054643,2552333815.0,0.9892587659032367,0.008206655683189413,0.0036481271624796427,0.6930408220887794,bist100
2023-11-23,7898.55810546875,3069908100,8062.10009765625,7898.60009765625,-0.011129676700234107,0.013013506280637953,0.020622296240545967,0.02069998065682355,2504221150.0,1.2258933680837254,0.0030078450415539706,0.0015199701748962189,0.6310406042490944,bist100
2023-11-24,7959.9580078125,2326065200,7996.10009765625,7851.2998046875,0.007743499922547041,0.013054928327453606,0.020522709728510464,0.018191087544259923,2475902190.0,0.9394818621651609,0.0026964925360239227,0.001618895347390984,0.6361210824571328,bist100
2023-11-27,8107.1572265625,3281642100,8129.10009765625,8023.39990234375,0.018323555302118297,0.01357504952290297,0.020616308057811318,0.013037886445100774,2505090410.0,1.3099894865670736,0.004006716111511217,0.002492917923559709,0.6584617131659282,bist100
2023-11-28,8093.45703125,2794079700,8149.39990234375,8046.10009765625,-0.001691318410564987,0.011856037560722493,0.020560345650750326,0.01276337222631128,2529700480.0,1.1045100880875827,0.0011623173109689504,0.0037140010660610978,0.5766458289231057,bist100
2023-11-29,8009.25732421875,2351023100,8125.10009765625,7993.10009765625,-0.010457923126293376,0.0122704815922747,0.020586287428513553,0.01648092883729088,2512443165.0,0.9357517546073525,0.0005576273975145616,0.00309471209800242,0.5960512129680635,bist100
2023-11-30,7948.55810546875,2475424100,8049.2998046875,7912.0,-0.007607496371842286,0.011981594359921958,0.020450248534291348,0.017273548594056987,2514230540.0,0.9845652817501771,0.0012620634631929253,0.0018256985078644553,0.5858899142389885,bist100
2023-12-01,8026.25732421875,2191777200,8090.2001953125,7956.60009765625,0.00972779082344461,0.012086403480396874,0.02049503169666942,0.01664537931684793,2503407660.0,0.8755174936230722,0.001658921643372439,0.0020362204513048247,0.5897235807818241,bist100
2023-12-04,8087.1572265625,2382038700,8108.2001953125,7962.2998046875,0.0075589431556561506,0.01134393855872818,0.020331957815871333,0.01804099840495075,2509387475.0,0.9492510517930277,-0.0004940007859199904,0.0013739325163884695,0.5579363611443747,bist100
2023-12-05,8057.35693359375,2294108500,8120.5,8023.39990234375,-0.0036916969464516076,0.01135995841887457,0.020335772851816654,0.012051110364914828,2510969545.0,0.9136345379290532,-0.0008940764930973144,0.0013370001245399513,0.5586194585105111,bist100
2023-12-06,7855.05859375,2989944300,8112.39990234375,7855.10009765625,-0.025427847767489405,0.012835027273156505,0.020467286175938775,0.03275593703301266,2540292015.0,1.177008108652422,-0.0038880614213365203,-3.690401873257584e-05,0.6270996146155072,bist100
2023-12-07,7978.75732421875,2411775400,7978.7998046875,7747.5,0.015624944452884565,0.013284372192435518,0.02049899769271931,0.028989452277914468,2532426745.0,0.9523574195233039,0.00075842674360885,0.0008678912913996832,0.64804984085411,bist100
2023-12-08,7913.7578125,2123975900,7992.2998046875,7888.5,-0.008179935471874171,0.013253828406196174,0.020370854478350593,0.013116373680724134,2522033740.0,0.8421679164371528,-0.002823118515454906,0.0009085291254612174,0.6506270230481428,bist100
2023-12-11,7728.35888671875,2326734600,7924.7001953125,7723.2001953125,-0.023706204456802674,0.012964708404390258,0.020062895640323847,0.0260728057474504,2509317405.0,0.9272380589891935,-0.009076148037946671,0.0010466690126857809,0.6462032518542765,bist100
2023-12-12,7748.85888671875,2378235100,7790.7998046875,7661.60009765625,0.002649056476211155,0.012639543298231347,0.01999002576105455,0.016673384935773368,2488693460.0,0.9556159238671363,-0.007807997353414119,0.0005045420751223402,0.6322924967338592,bist100
2023-12-13,7529.259765625,2510676300,7721.2001953125,7529.2998046875,-0.02874885981922972,0.014235551410985346,0.02030459116807326,0.025487285151340563,2499774775.0,1.0043610028827497,-0.008472199763762182,-0.0008989945260986697,0.7011001252450326,bist100
2023-12-14,7813.3583984375,2574908100,7831.89990234375,7582.2998046875,0.037038151745000664,0.01624893023352626,0.02034515770531962,0.031945302509886725,2521005495.0,1.021381391316642,-0.004189558305338961,0.00020969423575420768,0.7986632725524498,bist100
2023-12-15,7993.857421875,2699523100,7998.39990234375,7812.5,0.022838540461013877,0.01691587380227623,0.020555305506319656,0.023255343763705288,2549392530.0,1.0588887620220648,0.0020141368812386486,0.0008866081362950376,0.8229444119463709,bist100
2023-12-18,7790.3583984375,2367046400,8010.5,7782.2998046875,-0.025786558161769214,0.017709960856135687,0.020365116166494578,0.029292644014718212,2542676190.0,0.9309271897496315,0.0015980661402453405,-0.0009913416430275142,0.8696223832630403,bist100
2023-12-19,7725.85888671875,2458469900,7786.39990234375,7642.7001953125,-0.00831386697571941,0.017484220308892223,0.02036945378914419,0.018599835841977268,2526613720.0,0.9730295852268229,-0.0005945185501407725,-0.002033568771420802,0.8583548920791563,bist100
2023-12-20,7662.859375,1884819800,7764.2001953125,7614.7001953125,-0.008187798698296769,0.017497274426723785,0.020387951838885247,0.01950968857496488,2494608780.0,0.7555572701864699,0.003517693674045817,-0.0020712350283845693,0.8582163900030325,bist100
2023-12-21,7764.958984375,2157284500,7789.89990234375,7621.2998046875,0.013235973819506459,0.017680659468895306,0.020471505173785865,0.021712941175286916,2448977600.0,0.8808918872920684,-0.0012427419110530233,-0.0008529525023975408,0.8636716899319994,bist100
2023-12-22,7557.56005859375,1874128000,7795.0,7553.89990234375,-0.027072779945168254,0.01848538591412529,0.020648677388152254,0.03190184342393595,2426380740.0,0.7723965036089101,-0.01122500599228945,-0.0025937664957833054,0.8952334121279742,bist100
2023-12-26,7299.26123046875,1937122200,7405.10009765625,7202.89990234375,-0.03477525279877376,0.019125100472903632,0.020919105754840153,0.027701460316075704,2359154745.0,0.8211085788694205,-0.01302274491969036,-0.005248706900827909,0.9142408235341785,bist100
2023-12-27,7260.361328125,2146187500,7365.10009765625,7215.0,-0.005343544415076225,0.019106773306341515,0.02090902490793385,0.02067391564587786,2326760135.0,0.9223931026306672,-0.012428680407561721,-0.005431318201053471,0.913805086103825,bist100
2023-12-28,7396.2607421875,1715537400,7444.89990234375,7278.10009765625,0.018544970078255552,0.019793465414632665,0.02093765083169267,0.022551909742187876,2294985850.0,0.7475154585375766,-0.007082126652251258,-0.003981173540826025,0.9453527319632206,bist100
2023-12-29,7470.16064453125,2664606500,7510.39990234375,7415.2998046875,0.009941936814815307,0.02001203301664552,0.020825937435901432,0.012730662991279954,2304444970.0,1.156289924336965,-0.007740934053189488,-0.003103701881493145,0.9609187138989077,bist100
2024-01-02,7624.25927734375,2397081700,7634.10009765625,7542.2998046875,0.020418669614285918,0.020509417419693664,0.02102805581943195,0.012040552351301033,2314710195.0,1.0355860985007672,0.0017573558587013454,-0.002569157941951079,0.9753358843921741,bist100
2024-01-03,7411.96044921875,2169646100,7624.60009765625,7411.7998046875,-0.028240201458020586,0.021131708477790927,0.020926928281271167,0.028710392402482396,2304090565.0,0.9416496612406379,0.0030643661268519805,-0.004359115172634915,1.0097854875673766,bist100
2024-01-04,7547.759765625,2391591200,7547.7998046875,7387.0,0.018155827084382892,0.02172440347803265,0.020677885726328716,0.021304308785745355,2308964700.0,1.0357850858438848,0.007764240426743804,-0.003266738971093191,1.0506104814367663,bist100
2024-01-05,7628.65966796875,2355101900,7628.7001953125,7532.2001953125,0.010661364359994797,0.021281076571461093,0.020683968312166658,0.012649666415869176,2277222580.0,1.0341992568859915,0.006187519283091653,-0.0014622783647189807,1.028868167378849,bist100
2024-01-08,7818.8583984375,2873781100,7824.60009765625,7667.89990234375,0.024626395239719264,0.02175146042498551,0.020933071816015718,0.020041313875669438,2300322865.0,1.2492946723806964,0.009124410968072445,-0.001012205825377246,1.0390954856584236,bist100
2024-01-09,7736.2587890625,2981854200,7875.2001953125,7696.5,-0.010620348886844126,0.021800575639064707,0.02085479536069893,0.0230990456996017,2343216780.0,1.2725473056743815,0.002916607267846436,-0.0011342264961257437,1.0453507340641714,bist100
2024-01-10,7874.158203125,2774720400,7897.10009765625,7709.2998046875,0.01766807399775631,0.02150700942608471,0.020794930276052,0.023850205713954045,2365616070.0,1.1729377540117911,0.012098262359001816,0.0009344874266022058,1.0342429207782802,bist100
2024-01-11,7895.9580078125,2458858000,7950.10009765625,7860.2001953125,0.002764699800761573,0.021507510189233848,0.02058634341809023,0.011385559833879602,2369647215.0,1.0376472853998226,0.009020036902277552,0.0009402695928297268,1.0447464978328374,bist100
2024-01-12,7986.45751953125,3459555600,8081.7001953125,7774.89990234375,0.01139631324173579,0.02043756808299882,0.020158682707517642,0.03841506603127303,2417091180.0,1.431288827093399,0.009167026678625751,0.0029475282458780025,1.0138345039468861,bist100
2024-01-15,8043.95751953125,2354208000,8094.60009765625,7979.0,0.007173893684175153,0.018844638288941763,0.020136664852347417,0.014371047755481736,2406056175.0,0.9784509707052039,0.005676526367516928,0.0014543153428367268,0.9358371124076669,bist100
2024-01-16,8032.15771484375,2362808800,8090.10009765625,7995.0,-0.001467992314625631,0.018164456145162745,0.019626832003890034,0.01183991911420031,2389220460.0,0.9889454906141227,0.0075069976819606265,0.00023898870405475136,0.9254909881310724,bist100
2024-01-17,8024.357421875,2220438100,8052.7998046875,7982.7998046875,-0.0009716047991690992,0.017110091244314705,0.019220628766664485,0.0087234399366577,2381890045.0,0.9322168773747909,0.003779061922575544,0.0014797363721847571,0.8901941477580476,bist100
2024-01-18,8016.0576171875,2735824100,8116.89990234375,8016.10009765625,-0.0010348616800753463,0.016967629500270226,0.01881556834464743,0.012574735549726056,2395757755.0,1.1419452130710102,0.0030191496264081598,0.00184368663696696,0.9017867113802652,bist100
2024-01-19,7996.65771484375,2138728500,8044.7998046875,7937.10009765625,-0.002423063351001504,0.01683671022850987,0.01616442728382475,0.01346809015363169,2408453190.0,0.8880091624284382,0.0002552743078607013,0.0021319234043317235,1.041590273065712,bist100
2024-01-22,8010.0576171875,2294889200,8069.89990234375,7970.10009765625,0.0016742854728211687,0.016632636402155235,0.015671195216068922,0.012459311712484511,2415333425.0,0.9501334996844173,-0.0008446473344100956,0.001553838986997459,1.0613508524927615,bist100
2024-01-23,7950.05810546875,2681121300,8145.89990234375,7915.5,-0.007518716707863872,0.015389602036395935,0.015692823393996098,0.02898090797415187,2455683090.0,1.0918026478734273,-0.002054792213057744,0.0025315421488626777,0.980677705344204,bist100
2024-01-24,8090.85693359375,2544940300,8149.5,7939.39990234375,0.017555412999705314,0.012971531547091072,0.015846242471413738,0.025967595197969835,2486073995.0,1.0236784203199067,0.0016506113467171391,0.005148075438786631,0.8185872184204818,bist100
2024-01-25,8169.8564453125,2673145000,8212.900390625,8095.89990234375,0.009716687261128258,0.012765928297795414,0.015485962775481386,0.014320996833228284,2512421870.0,1.0639713942627,0.0038009211349578605,0.005901087022596856,0.824354835593913,bist100
2024-01-26,8346.255859375,3419146700,8347.599609375,8180.2998046875,0.02136170046217991,0.012927277711317256,0.015699073760343196,0.02004489288446377,2597602335.0,1.3162702596662086,0.008557873897594142,0.006041923541793074,0.8234420647141831,bist100
2024-01-29,8471.6552734375,2943653200,8502.5,8399.400390625,0.014912879140535872,0.013053380098272817,0.01565378039101622,0.012169948616566619,2611554670.0,1.1271650690735875,0.011205592631137084,0.006290470658079102,0.8338803645005916,bist100
2024-01-30,8474.2548828125,2779679600,8516.599609375,8438.900390625,0.0003068126021469107,0.01267695324132078,0.01564653090339777,0.009168855530601245,2630684565.0,1.0566373623741545,0.012770698493139238,0.005284877807472152,0.8102085580240588,bist100
2024-01-31,8496.6552734375,2698396400,8577.400390625,8438.7998046875,0.002639858844047332,0.009970440536950299,0.01544273248304836,0.016312370159443486,2657122080.0,1.015533467698255,0.009787587662007644,0.0068288808225755475,0.6456396591662097,bist100
2024-02-01,8646.0537109375,2950087900,8682.400390625,8514.5,0.017430409642520024,0.009928296604032886,0.01557167312026717,0.01941930922920376,2685046915.0,1.0987100014973108,0.011330332138285997,0.006792609950482404,0.6375870163310069,bist100
2024-02-02,8665.654296875,2854310900,8762.900390625,8622.2001953125,0.0022644321755046436,0.00993362737973899,0.015571797757174717,0.01623653454110663,2710007365.0,1.0532483921865652,0.007510878480950944,0.006372763341257898,0.6379242483522537,bist100
2024-02-05,8776.6533203125,2582745200,8784.2001953125,8694.900390625,0.012727733544442527,0.009104578856014697,0.015627567124862716,0.010174698877626445,2695455570.0,0.9581850388281489,0.0070738493617322745,0.005777830256494061,0.582597328379396,bist100
2024-02-06,8869.052734375,3552703200,8890.5,8751.2001953125,0.010472832122089357,0.008290357162674815,0.015600098199110145,0.015706277644240034,2723998020.0,1.304223855493111,0.009107053265720765,0.006832489306940734,0.5314298062013295,bist100
2024-02-07,8842.953125,3312304200,8939.7001953125,8843.0,-0.0029471115211706822,0.00815266123446794,0.015156625226316575,0.010935283037870903,2750877210.0,1.204090167296126,0.00798965919267716,0.005801730030994385,0.5378942286118157,bist100
2024-02-08,8949.751953125,2766683300,8990.400390625,8862.400390625,0.012004932391412964,0.008232921368264244,0.015139714367156217,0.01430207235579373,2766268475.0,1.0001499583296953,0.0069045637424557495,0.006263741660526954,0.5437963470516045,bist100
2024-02-09,9045.9521484375,3344741000,9046.0,8943.5,0.010691564070089206,0.008211277154169265,0.015169501099051427,0.01133103495553033,2760527745.0,1.2116310028247879,0.008589990121372662,0.006228504201944625,0.541301727759704,bist100
2024-02-12,9174.55078125,3654687400,9175.7998046875,9088.7001953125,0.014116050332178519,0.008397951890933524,0.015159684039023975,0.009493610254248655,2825551715.0,1.2934420490689904,0.00886765347891986,0.006575612034344792,0.5539661558456999,bist100
2024-02-13,8993.9521484375,4550398000,9217.5,8994.0,-0.019881063623174742,0.010152236931259016,0.015411865279518483,0.024850032145081868,2934931175.0,1.550427498525583,0.002796874329867041,0.005654958468917337,0.6587286319424799,bist100
2024-02-14,9072.0517578125,3513313700,9077.0,8917.7001953125,0.008646084248207371,0.010049092326151834,0.015384420776186361,0.01755940210000645,2999574955.0,1.1712705142252395,0.005115513483742652,0.006135842921286161,0.6531992638752371,bist100
2024-02-15,9242.1513671875,3758476500,9282.900390625,9112.599609375,0.01857623830377379,0.010267002703281892,0.015472718058708543,0.01842653019670512,3050707575.0,1.2320015627849876,0.006429774666214816,0.007116397920478618,0.6635552114583574,bist100
2024-02-16,9250.3515625,4501954100,9306.2998046875,9216.2001953125,0.0008868670597112697,0.010130915418459821,0.015421112006854266,0.00974012812013057,3168868855.0,1.42068173408205,0.004468835264139229,0.007281894441014257,0.6569510301174717,bist100
2024-02-19,9196.3515625,4222905800,9404.099609375,9173.2998046875,-0.005854721451733324,0.010483984273301125,0.01535730055852525,0.025096887947241305,3265269685.0,1.293279332913661,0.00047468090735686,0.006905444094786532,0.6826710354041475,bist100
2024-02-20,9344.9501953125,3359863100,9351.5,9200.2998046875,0.01602927523163049,0.010093841483919744,0.015441946809275596,0.016179882412679224,3299206775.0,1.0183851237999473,0.007656748678317907,0.008082843691761248,0.6536637904915346,bist100
2024-02-21,9312.0498046875,3753744000,9396.7998046875,9246.099609375,-0.0035268719224432034,0.010153194655713694,0.015323812377487261,0.016183353662545977,3359646960.0,1.117303110919726,0.005222157444187792,0.007028729445653824,0.6625762836035568,bist100
2024-02-22,9347.150390625,3767427500,9406.2998046875,9282.2998046875,0.0037622863760028995,0.010157526795005685,0.015315852055083057,0.013266075201311563,3414361085.0,1.103406290726278,0.0022593670586336136,0.006731009401397555,0.6632035069596133,bist100
2024-02-23,9374.150390625,3432546300,9416.7001953125,9294.0,0.0028844169574718365,0.009580683179304219,0.015222573954025114,0.01308920704272158,3415031065.0,1.0051288654968649,0.0026588770381857267,0.005807145226162153,0.6293734034887654,bist100
2024-02-26,9334.0498046875,3008920700,9450.5,9319.099609375,-0.004286959401005944,0.009582179681618511,0.015190754253040157,0.014077532622443429,3418294440.0,0.8802403516766684,0.002972429448331203,0.004847153299085061,0.6307902505697378,bist100
2024-02-27,9179.451171875,3244555900,9351.400390625,9179.5,-0.016701565702384038,0.01069631892386134,0.015365053164903577,0.01872665232445346,3441538255.0,0.9427632818801835,-0.003573738738471703,0.0039967343838585145,0.6961459104022869,bist100
2024-02-28,9062.3525390625,3285478300,9236.7998046875,9062.400390625,-0.01283866914970519,0.011340249675527785,0.015470608978203548,0.019244386411890968,3470892350.0,0.946580293681537,-0.0054360981839241,0.0032228079841708883,0.733018958174497,bist100
2024-02-29,9193.6513671875,3539839200,9214.599609375,9089.2001953125,0.01438442856728566,0.011158395282869223,0.015535788312266974,0.013639783482551383,3500379915.0,1.0112728577920662,-0.0033116697456675483,0.00307050893040917,0.7182381130964957,bist100
2024-03-01,9097.15234375,2676107500,9227.0,9090.7998046875,-0.010551741771986036,0.01156762532883523,0.015202552712473777,0.014971739525289292,3491469745.0,0.7664701960635205,-0.0059989014915591225,0.0024297002330346358,0.7609001953562661,bist100
2024-03-04,8907.6533203125,2856168800,9149.900390625,8907.7001953125,-0.021050604445772853,0.01241945750801751,0.015399746826851399,0.02719012366143624,3505140925.0,0.8148513458128649,-0.009351630500512504,0.0007407833335238669,0.8064715379841584,bist100
2024-03-05,8860.453125,3415499400,8970.7998046875,8814.7998046875,-0.005312924760446367,0.012269111135654648,0.015372567547339492,0.017606323040053325,3498280735.0,0.9763365660817956,-0.00707390231212497,-4.8504510602919357e-05,0.7981172369464101,bist100
2024-03-06,8744.552734375,2884509000,8908.599609375,8736.5,-0.013166944220478694,0.01260442687880917,0.015133569704714599,0.019680778949216375,3476890975.0,0.8296230801427416,-0.007139557326279672,-0.0005594961455683199,0.8328786350309988,bist100
2024-03-07,9054.15234375,2654610700,9054.2001953125,8797.5,0.03479251313349582,0.014661973669332829,0.015712669855751146,0.0283516540882701,3471287345.0,0.7647337820718497,-0.0030579404130376396,0.0005798828915358229,0.9331306394098428,bist100
2024-03-08,9155.2509765625,3312422100,9174.2001953125,9023.900390625,0.011104116904032629,0.014677230595336615,0.015199195759865712,0.0164167869425173,3469671400.0,0.9546789070573081,0.0012732313221660934,0.0006005105332329942,0.9656583695100911,bist100
2024-03-11,9131.7509765625,2855547900,9368.5,9131.7998046875,-0.0025701329278763102,0.014338873532310335,0.014553644919656472,0.025920570536802127,3429714425.0,0.8325905734848463,0.004969325625745402,-0.00023379862976974727,0.9852427767386257,bist100
2024-03-12,9068.9521484375,2683202300,9192.7001953125,8986.099609375,-0.006900730911398883,0.013681472492692132,0.014357750200124274,0.022781086784441292,3336354640.0,0.8042317407840073,0.004651764395554899,0.0004152180058190456,0.9528980726084586,bist100
2024-03-13,8910.1533203125,2514269000,9091.900390625,8910.2001953125,-0.017665279061925523,0.014106761956318157,0.014126793699304632,0.020392488072935578,3286402405.0,0.7650520813199077,0.0037520974272655335,-0.000900350159687599,0.9985820035732906,bist100
2024-03-14,8883.453125,2093970000,8972.5,8848.599609375,-0.0030011021581736732,0.013343262649753536,0.014076090577005257,0.01394732306025423,3203177080.0,0.6537165906544261,-0.003806625631068366,-0.001979217182784972,0.9479381065898459,bist100
2024-03-15,8828.6533203125,1786046100,8908.0,8795.900390625,-0.006187855714577366,0.013357052383144776,0.01405311867198746,0.012697248981006779,3067381680.0,0.5822705767741301,-0.007265020154790363,-0.002332953321499404,0.9504689097779999,bist100
2024-03-18,8718.0537109375,1981810800,8862.900390625,8718.099609375,-0.01260647640740428,0.013534885209475347,0.014110046599105665,0.01660930134765467,2955326930.0,0.6705893618341575,-0.009272288850695958,-0.002670541069282952,0.9592374564045186,bist100
2024-03-19,8929.8525390625,2407192200,8934.2998046875,8695.400390625,0.024003867047684493,0.01421513361103287,0.013869346939187316,0.026752895752473516,2907693385.0,0.8278700266052983,-0.0030913692588792827,-0.002271811478480252,1.0249317198107248,bist100
2024-03-20,8955.0517578125,2891550500,9027.7001953125,8905.099609375,0.002817933493718244,0.01425638905227441,0.012963543448838703,0.013690661902712254,2864583710.0,1.0094138599985267,0.0010052732522494701,-0.0019545712076721794,1.099729337780059,bist100
2024-03-21,9140.6513671875,3758344400,9192.5,9020.2001953125,0.02051383322054645,0.015078328764401383,0.013096811046356474,0.018849838787858196,2864129555.0,1.3122117305898195,0.005708260327993495,-0.0011169938654450018,1.1512977251508996,bist100
2024-03-22,9111.4521484375,2774677900,9223.2001953125,9080.900390625,-0.00319954832982755,0.015054705473639548,0.012983319686473475,0.015617686661714252,2831236135.0,0.9800234836293512,0.006305921804943458,-0.0014211921298099713,1.159542076848352,bist100
2024-03-25,9029.3525390625,3551032800,9336.0,9029.400390625,-0.00905143639583226,0.015139894970291006,0.013054347354378245,0.03395587978745967,2858341740.0,1.2423401828782026,0.007016929807257861,-0.001659415979551287,1.1597588572831485,bist100
2024-03-26,8807.353515625,3493996700,9048.7998046875,8760.599609375,-0.02489366443969745,0.01566981759148024,0.013346373377107514,0.03272267824848953,2870813780.0,1.2170753548493836,-0.002762576490218527,-0.0020690209164169575,1.1740880573862884,bist100
2024-03-27,8806.6533203125,2721398300,8906.400390625,8749.0,-7.950437619229635e-05,0.015466693455300013,0.012731442318106719,0.017872895060142405,2842609780.0,0.9573590857060936,-0.0033420640642006353,-0.001431062677741313,1.2148422047440144,bist100
2024-03-28,9079.9521484375,2649284500,9080.0,8863.7001953125,0.030561427661586284,0.01671031580565506,0.013079803021831315,0.023821689933104042,2798082045.0,0.946821593288913,-0.0013325451759926687,-0.0006222127230262819,1.277566319444116,bist100
2024-03-29,9142.3515625,2738133300,9154.2998046875,9055.7001953125,0.006848712320368026,0.016618852351136543,0.013051579368430549,0.01078492865877471,2801183335.0,0.9774916428310109,0.0006771069540464466,0.00024780998159142125,1.2733211730171594,bist100
2024-04-01,9157.451171875,3268696300,9258.599609375,8961.5,0.0016502486962214672,0.015844834383995157,0.012740148901132484,0.0324434827768968,2821809710.0,1.1583687902186715,0.0028174439724571922,0.0013828526386911373,1.2436930295678643,bist100
2024-04-02,9040.8525390625,3234371800,9266.0,8993.5,-0.01281440624419676,0.016098433840226516,0.01278191699782556,0.030140962793344835,2812753330.0,1.1498952878317275,0.00523329561155733,0.0010077785645036177,1.2594694397534545,bist100
2024-04-03,8945.751953125,2755647600,9018.599609375,8903.2001953125,-0.010574699876234508,0.01598836241954706,0.012737468595739376,0.01289991212222107,2806310260.0,0.9819468785322404,0.0031342565115488885,0.0011373907817158267,1.2552229117875975,bist100
2024-04-04,9128.951171875,3299084800,9168.7001953125,8939.0,0.020272033386266604,0.014653636148002799,0.012951072496494808,0.025161728985929253,2838533965.0,1.162249541727784,0.0010763776564849524,0.0004113667943543658,1.1314612092526535,bist100
2024-04-05,9618.7490234375,3581621800,9618.7998046875,9249.7998046875,0.05226340619221132,0.018594632395959577,0.014422310006303285,0.03836257699425124,2851993950.0,1.2558307846340278,0.010159316430853611,0.0024693312587633002,1.2892964017437412,bist100
2024-04-08,9756.6484375,2960715100,9766.599609375,9627.400390625,0.014234726575263283,0.018734087826874083,0.014484790923879302,0.014267114331493509,2857252310.0,1.0362105893266387,0.012676212006661974,0.0033095742339202803,1.2933626674575942,bist100
2024-04-09,9814.1484375,1224479300,9849.2998046875,9746.7998046875,0.005876118976405333,0.018584840049291836,0.014475556163544985,0.010444105329439082,2784316160.0,0.4397773922340773,0.016414317050782393,0.003948416728310491,1.2838774441078546,bist100
2024-04-15,9679.748046875,3154321500,9823.5,9679.7998046875,-0.013789189895397057,0.018366515517964033,0.014633969573359315,0.01484544789974074,2816318785.0,1.1200157868492149,0.015771419046949883,0.004142221186636914,1.255060387128295,bist100
2024-04-16,9548.048828125,2715574600,9650.400390625,9513.2001953125,-0.013699050307188536,0.01873753697870524,0.014785543195696346,0.014369448437293205,2847399015.0,0.9537035679560352,0.008977202308258856,0.003607323779186171,1.2672876965493705,bist100
2024-04-17,9530.44921875,2713296100,9716.900390625,9503.599609375,-0.001844968542497107,0.018642974499138657,0.014782193805883095,0.02238097872977033,2893761515.0,0.9376363898460375,-0.0018444726386828308,0.003824468137790184,1.261177788896194,bist100
2024-04-18,9524.548828125,2098778800,9601.599609375,9475.7998046875,-0.000619301119744945,0.018276006694618777,0.014788445813282125,0.013207954198946022,2899609915.0,0.7238141893303603,-0.004815278177684476,0.004423826902173151,1.2358301153055804,bist100
2024-04-19,9693.4482421875,3215136000,9714.7998046875,9420.900390625,0.017577665583016863,0.01796753899033045,0.014843972240182931,0.0303193875615285,2940007105.0,1.0935810306485636,-0.0024749688563621705,0.00410251682893977,1.2104266095090075,bist100
2024-04-22,9644.94921875,2943855900,9831.5,9645.0,-0.005015837037803811,0.01808203894370098,0.014762479009066534,0.019336545560803966,2942622375.0,1.0004191924218615,-0.0007202982848435211,0.003710828302363667,1.2248646675531734,bist100
2024-04-24,9722.0478515625,3290285500,9766.900390625,9667.599609375,0.007961899288517597,0.017681533026007376,0.014750535815133031,0.01021397783328547,2919219430.0,1.1271114004609102,0.003611891634297705,0.003083231605762224,1.1987044570860501,bist100
2024-04-25,9716.748046875,3010022100,9826.900390625,9664.5,-0.0005452811837221546,0.01764181056092877,0.014555630793322526,0.01671345082136091,2930986640.0,1.02696547944688,0.0038718291060526955,0.0032159449630674935,1.2120265216552515,bist100
2024-04-26,9915.546875,3453799600,9956.099609375,9751.5,0.020252917364568516,0.01778566638028522,0.014648633510402534,0.02063422340232747,2926124980.0,1.1803322221732306,0.008046272802915389,0.004681162651087532,1.2141519116888932,bist100
2024-04-29,10082.74609375,2954709300,10082.7998046875,9942.099609375,0.016721738696942264,0.01653382757032617,0.014757523409111229,0.01395455107212468,2899160610.0,1.0191602665296973,0.007875087425700467,0.006761932807919519,1.1203660066782113,bist100
2024-04-30,10045.646484375,2842169700,10132.900390625,10036.7998046875,-0.003686300457686993,0.01663175702828459,0.014781966992737951,0.009566391380283475,2905199180.0,0.978304592527112,0.00814099474172383,0.006581593003844784,1.1251382875131164,bist100
2024-05-02,10208.646484375,3302799700,10208.7998046875,10097.400390625,0.016095700727935175,0.015829210852253684,0.014760551927637242,0.01091226091852667,2937874940.0,1.1242138509816895,0.009767755029607347,0.005858306657162228,1.0723996588918545,bist100
2024-05-03,10276.845703125,3153888700,10286.599609375,10177.2998046875,0.006658318978438852,0.015828641115582492,0.014768904177330733,0.010635540110742728,2958662710.0,1.0659845373182129,0.011208475062039548,0.005848786990065769,1.0717546085699698,bist100
2024-05-06,10267.044921875,2815713100,10325.7001953125,10202.0,-0.0009541310526252832,0.015875642617990796,0.014719223570838002,0.012048276427518491,2936013550.0,0.9590259213892252,0.0069670653786007885,0.005718568002623431,1.0785652206169294,bist100
2024-05-07,10336.4453125,3423641400,10375.7001953125,10144.7001953125,0.006736786079374892,0.015264574950042794,0.014693294334689105,0.02234810836958124,2945477030.0,1.1623385160128035,0.004970074855087314,0.0066961276188020145,1.0388803628608299,bist100
2024-05-08,10247.7451171875,2354457600,10383.2998046875,10233.7998046875,-0.00861833693556871,0.015153942850016906,0.014747409365646849,0.014588575173406573,2925417530.0,0.8048278838337309,0.00398366755951097,0.006793945765835305,1.0275664338251198,bist100
2024-05-09,10268.544921875,2513814200,10304.2998046875,10187.7998046875,0.0020276386982359712,0.014845899016247914,0.014694082008641484,0.011345327004590589,2886154000.0,0.8709910143394982,0.00117005515357113,0.005881726031433773,1.0103318470331897,bist100
2024-05-10,10218.544921875,3052480800,10364.599609375,10218.599609375,-0.004881132425739579,0.010231318244415148,0.014680711811738929,0.014287748511772502,2859696950.0,1.0674140838594803,-0.0011378351272645563,0.0030244991005362273,0.6969224909267699,bist100
2024-05-13,10055.9462890625,2555246800,10288.7001953125,10056.0,-0.016040068998248547,0.010713685251654155,0.014775873706552659,0.023140556703808157,2839423535.0,0.8999174545476887,-0.004155022716389209,0.001510759321860636,0.7250796443193038,bist100
2024-05-14,10173.3466796875,2815967400,10273.099609375,10036.400390625,0.011607099552616266,0.010911402765678148,0.014560174460671196,0.02326660303659983,2918997940.0,0.9647034557345389,-0.0031809600217409346,0.0017973083506711827,0.7494005511507554,bist100
2024-05-15,10158.5458984375,2379755600,10241.0,10121.7001953125,-0.0014559179680453925,0.01031645229224845,0.01454104543009586,0.011743787534183378,2880269645.0,0.8262266708712962,-0.0017484762282362714,0.002413971947038766,0.7094711547284148,bist100
2024-05-16,10319.9453125,2964017900,10320.0,10145.099609375,0.015763149187890985,0.00999295688012996,0.01449076468505991,0.016947802079256415,2892691810.0,1.0246573415644995,0.0009986258696947313,0.003887081921792742,0.689608664367642,bist100
2024-05-17,10643.54296875,3252227500,10652.2998046875,10357.0,0.03087495340779094,0.011560558393799557,0.01496673235625774,0.027744502517114432,2919638380.0,1.113914491013096,0.008149843036400834,0.005523078019307144,0.7724169924750457,bist100
2024-05-20,10739.54296875,3307518800,10775.0,10633.900390625,0.008979119784344337,0.011491169644451606,0.014951612413337773,0.013138325325907505,2980075380.0,1.1098775628957414,0.013153680792919415,0.006002999064511608,0.76855721823024,bist100
2024-05-21,10895.2421875,5625623300,11088.0,10752.0,0.0143936633279562,0.01134347961189247,0.014928158422193565,0.030839149255946725,3100599745.0,1.8143661751478342,0.0137109935479874,0.0058437989517585755,0.7598713311501448,bist100
2024-05-22,10899.2421875,3429268100,11024.5,10800.900390625,0.00036706535250724374,0.01113418207613779,0.014909708715862233,0.02051515192785049,3124870355.0,1.0974113196449713,0.014075590212097927,0.0061129440712741285,0.7467739503382979,bist100
2024-05-23,10792.4423828125,2932761700,10972.7001953125,10785.599609375,-0.009847152934525157,0.011677414420856616,0.014995359194045597,0.01733625988455282,3106994165.0,0.9439225000926257,0.0089535297876147,0.00522249146012199,0.7787352253284816,bist100
2024-05-24,10676.6435546875,2234118100,10810.7001953125,10661.400390625,-0.01078759956910206,0.012158360136071328,0.015091386608604178,0.013983777197652257,3068198965.0,0.7281529410202379,0.0006210191922360979,0.004710375540852995,0.8056489739080291,bist100
2024-05-27,10656.943359375,2655557300,10758.900390625,10584.599609375,-0.0018468718824951479,0.0116657292865641,0.015076976870957553,0.016355607360591457,3028286850.0,0.8769173567556852,-0.001544179141131799,0.003605386078499812,0.7737445899406754,bist100
2024-05-28,10677.443359375,2872255400,10721.2001953125,10589.7001953125,0.0019217806988816443,0.011251992663725991,0.014871363409734531,0.012315682282176705,3024164155.0,0.9497683501244991,-0.00403855566694671,0.0028653881785967806,0.7566214578792847,bist100
2024-05-29,10479.14453125,2505729800,10714.7001953125,10464.900390625,-0.01874637218480389,0.012179237538107476,0.014993824163858114,0.023837805074886465,3007342160.0,0.8332040940762124,-0.007861243174408937,0.002112384592240936,0.8122836045700027,bist100
2024-05-30,10481.244140625,2283454400,10550.099609375,10413.7998046875,0.00020034069166274246,0.011729029150329072,0.014913607017083054,0.013004162755755864,2956374895.0,0.7723832332164355,-0.005851744449171357,0.001317616590427314,0.7864649468699187,bist100
2024-05-31,10400.4453125,3243273800,10724.900390625,10358.599609375,-0.007738763814980204,0.011825404178645544,0.014877267276891624,0.0352197209103877,2960844150.0,1.0953882189307398,-0.005241977298346986,0.0005977624507563613,0.7948640001254504,bist100
2024-06-03,10556.744140625,2819200600,10564.900390625,10334.7998046875,0.014916286980899014,0.012240961775562238,0.01464607446230097,0.02179654852598115,2961018525.0,0.9521050193362096,-0.0018893455256681533,0.0013912833524325763,0.8357844832122424,bist100
2024-06-04,10364.544921875,2628421000,10610.2001953125,10362.5,-0.01837407106741665,0.012932107812952913,0.014864602509102183,0.02389880088123442,2921257505.0,0.8997566957042358,-0.005948515878927812,0.00013574049509299907,0.8699935168151367,bist100
2024-06-05,10350.9453125,2695925200,10434.7001953125,10239.599609375,-0.0013129895720428273,0.012774039008805551,0.014729474523271254,0.018848576632116178,2938330885.0,0.9175022506017051,-0.0024618393563755996,0.0005010078632692931,0.8672433621867305,bist100
2024-06-06,10279.6455078125,2035557600,10446.5,10275.2998046875,-0.006912074325079104,0.012873826245422404,0.014168000858876756,0.01665428979845544,2914418055.0,0.6984439300009758,-0.0038843223597239693,5.402221210353934e-05,0.908655100578745,bist100
2024-06-07,10138.9462890625,1745750000,10335.7998046875,10112.400390625,-0.013781699259274319,0.013203036083427372,0.014264342669259356,0.022033790069831475,2849081515.0,0.612741331130359,-0.005092909448582792,-0.00039100612957319766,0.9255972314715089,bist100
2024-06-10,9997.84765625,1778970100,10143.0,9986.900390625,-0.014014241044538741,0.013083893747901412,0.014398304352522985,0.01561332146098633,2810267680.0,0.633025142999901,-0.010879015053670343,-0.00028971473188770734,0.9087107361783714,bist100
2024-06-11,10051.3466796875,2069567800,10165.2998046875,9958.099609375,0.00533678805420989,0.01285697586544636,0.014363773783773055,0.020614172599501056,2772947700.0,0.7463421686604476,-0.006136843229345035,-0.0006032303068080262,0.8950973510854825,bist100
2024-06-12,10165.4462890625,1947996300,10231.7998046875,10040.900390625,0.011287727091815436,0.013125472436262005,0.014186936464524019,0.018779245754108997,2751359735.0,0.7080122149130746,-0.0036166998965733816,3.3951946185015355e-05,0.9251801803076851,bist100
2024-06-13,10391.845703125,2013177800,10449.599609375,10320.0,0.022027080999985064,0.013587166437967705,0.014397896947382367,0.012471279220016446,2703817730.0,0.7445686067011625,0.0021711311684394522,0.00034714853678971937,0.9436910465203698,bist100
2024-06-14,10471.244140625,2203068600,10576.0,10403.7001953125,0.0076114153190474905,0.011701043219054064,0.014365093453595552,0.016454568566406848,2651359785.0,0.8309202743678183,0.0064497540841038144,-0.0008160283676474532,0.8145469611355238,bist100
2024-06-20,10739.84375,2071289200,10739.900390625,10569.2001953125,0.025327693639895975,0.012928058664051476,0.014507640760045891,0.015894104168182148,2589548305.0,0.7998650560024985,0.014318141020990757,1.400325130128735e-06,0.8911206775711877,bist100
2024-06-21,10771.3427734375,2671534800,10792.900390625,10708.2001953125,0.0029286200383803313,0.012503511792224203,0.014255140908165367,0.007863475993111423,2441843880.0,1.0940645394577806,0.013836507417824847,-0.0005718518393486646,0.877122988315196,bist100
2024-06-24,10767.84375,2421459800,10824.2001953125,10668.5,-0.0003248983859694385,0.012501734228017515,0.014262060171061863,0.014459737615759886,2391453465.0,1.0125473213002705,0.011513982322267871,-0.0006064500262724988,0.876572814731486,bist100
2024-06-25,10679.943359375,2190245900,10792.599609375,10645.099609375,-0.008196732121489766,0.012442836478652224,0.01414814419810874,0.013810934668536654,2354327675.0,0.9303063134574078,0.005469219697972904,-0.0005239289856207292,0.8794677453397406,bist100
2024-06-26,10486.64453125,2479075700,10706.900390625,10486.7001953125,-0.018265031944205222,0.012872384994834883,0.014384418477205565,0.020998155764344602,2366575555.0,1.0475371026132314,0.00029393024532236233,-0.0008978006043758874,0.8948839339757292,bist100
2024-06-27,10680.84375,2370467300,10715.5,10518.2001953125,0.018349335076006747,0.013567423776094068,0.0144513462989604,0.01847230511985535,2352321055.0,1.0077141872115751,-0.0011017414674554832,0.00011200974354920734,0.9388345899004634,bist100
2024-06-28,10647.84375,3168817300,10808.2001953125,10607.7998046875,-0.00309442635254052,0.013578567894704189,0.014010618993125733,0.018820748625748757,2367149150.0,1.3386639789892412,-0.0023063507456396537,-0.0001388006090219008,0.9691625974103265,bist100
2024-07-01,10343.2451171875,2565441200,10743.7001953125,10254.400390625,-0.029023745904831345,0.014484092434943448,0.014609638061778148,0.04730621764676391,2370134720.0,1.0824031133555143,-0.008046120249412035,-0.0006526692950232735,0.9914066572831018,bist100
2024-07-02,10446.14453125,2095203600,10446.2001953125,10264.599609375,0.0098993049929996,0.014675261639427716,0.0141784611788278,0.017384460400125194,2360722180.0,0.8875265449490546,-0.004426912826514162,-0.00016772107995643065,1.0350390958746476,bist100
2024-07-03,10682.1435546875,2488573200,10688.5,10480.400390625,0.022340554804655396,0.015382776260786091,0.014401337344910413,0.019481072156503878,2322987150.0,1.0712815178508412,0.003694204523257962,0.0013362448510253495,1.0681491511774446,bist100
2024-07-04,10872.5419921875,2894427600,10895.400390625,10683.7998046875,0.017667006959880528,0.015522249274213173,0.014531399843841207,0.019461923999883952,2326748500.0,1.2439795706325802,0.0035577389000327185,0.001473780849974425,1.0681867845506925,bist100
2024-07-05,10851.7421875,2670578600,10944.7001953125,10780.7998046875,-0.0019148903477043562,0.014835705264732999,0.014399646586392664,0.015103601596229869,2328856380.0,1.1467339175290836,0.0037936461009999514,0.0022967398859600396,1.0302825958765127,bist100
2024-07-08,10864.0419921875,2517766800,10962.900390625,10834.599609375,0.0011327986961943357,0.014814449528219522,0.01429090337684319,0.011809672803387825,2319948460.0,1.0852684201441267,0.009824955021205088,0.002419029299371898,1.0366349234594001,bist100
2024-07-09,10796.5419921875,2380562800,10900.599609375,10772.2998046875,-0.006232539117976602,0.014792685664995751,0.01416452333090956,0.011883416447631029,2337198720.0,1.018553869480127,0.006598586199009847,0.0024530060597270234,1.0443475801769782,bist100
2024-07-10,10743.2431640625,2818536100,10826.599609375,10709.0,-0.004948882871277744,0.014409369768111161,0.012619478591643371,0.01094637881495464,2390838025.0,1.1788904436552117,0.001140698663823219,0.002894646879126852,1.1418355888057894,bist100
2024-07-11,11024.2412109375,2995573100,11024.2998046875,10832.900390625,0.02581958047976056,0.014699219864880505,0.012897848006481095,0.01736168597913175,2451668175.0,1.2218509546056329,0.0027712133677992253,0.004886337955341817,1.1396645283379236,bist100
2024-07-12,11064.841796875,2901991700,11113.599609375,10995.099609375,0.0036760812248035025,0.014701231861720829,0.01288987007752904,0.01070959731511638,2493289370.0,1.1639209371032613,0.0038894076823007976,0.004803302613871498,1.1405259923720676,bist100
2024-07-16,11139.240234375,2519264400,11188.099609375,11102.599609375,0.006701354806724638,0.014630360012063597,0.012734990221070532,0.007675568369209988,2521852775.0,0.9989736216857465,0.0050031189044068575,0.004573983999616957,1.1488316644214696,bist100
2024-07-17,11134.041015625,2487761600,11169.2998046875,11045.599609375,-0.00046685701905127384,0.014071998826449298,0.012565968892857198,0.011110089781320623,2545581965.0,0.9772859936175734,0.006156255324191923,0.003449287098665141,1.1198498855466819,bist100
2024-07-18,11139.4404296875,2717956600,11252.099609375,11106.7998046875,0.0004848289371845654,0.014051272947870475,0.012555718216796618,0.01304372563457177,2571326365.0,1.057025135741569,0.007242997685884385,0.0030929577795719945,1.1191134354284213,bist100
2024-07-19,11156.140625,2734966100,11193.400390625,11082.7998046875,0.0014980725009841101,0.01304061428111553,0.012549490602988867,0.009913875206059443,2604510210.0,1.050088454059084,0.0023786960901290956,0.001901476722626401,1.0391349492711435,bist100
2024-07-22,11172.740234375,2557495200,11245.5,11119.2998046875,0.0014868288775913682,0.013038622318054641,0.0123957499135915,0.011295366460254913,2598808230.0,0.9841030863597042,0.0019408456206866681,0.001829387164586953,1.0518623245019048,bist100
2024-07-23,11089.44140625,2890740200,11187.400390625,11039.2001953125,-0.007483472933032323,0.013198153628028468,0.012424720394750701,0.013364081190687792,2622272250.0,1.1023798920954908,-0.0008961199272647238,0.0014714584372338088,1.06224954837652,bist100
2024-07-24,10991.541015625,3023325000,11121.2998046875,10991.599609375,-0.008867452567098862,0.013224838280518915,0.012485147767248036,0.011800001030622093,2663926205.0,1.134913194789493,-0.0025762390368742416,0.001437922414953354,1.0592456354590603,bist100
2024-07-25,10871.4423828125,2850698400,11017.2001953125,10838.400390625,-0.010986592146691896,0.012745575023039914,0.012594162037769911,0.01644674169180884,2682507340.0,1.0626991984297796,-0.0048705232536495335,0.00180184440482902,1.012022473969758,bist100
2024-07-26,10891.3427734375,2406029300,10948.099609375,10850.5,0.001828846448542564,0.012137542725956522,0.012360838250503395,0.008961209963295998,2684285440.0,0.8963388409244585,-0.0048043684641378434,0.0009758199734558111,0.9819352441944802,bist100
2024-07-29,10733.7431640625,2327571200,10873.2998046875,10728.7998046875,-0.014575886549105318,0.012602790833907637,0.012370733359349066,0.013462218891523181,2642223135.0,0.8809139429475172,-0.00801691154947718,0.00040174696362757126,1.0187585867238174,bist100
2024-07-30,10691.6435546875,2389298700,10832.7001953125,10666.099609375,-0.003929885990842298,0.01061080562071831,0.012372351490136515,0.015582317637633729,2633416010.0,0.9073001344743856,-0.007306194161039175,0.0016564399593270236,0.8576223872379842,bist100
2024-07-31,10638.54296875,2472286600,10703.599609375,10565.099609375,-0.004978924640410401,0.010523682255424417,0.012236044824229318,0.013018700061355618,2652270160.0,0.9321398088647199,-0.006528488575701483,0.0009125284776565235,0.8600558764369554,bist100
2024-08-01,10798.0419921875,2380074800,10880.0,10752.0,0.014881285164968795,0.009833866541569114,0.012349578394877322,0.011854000946894759,2646845240.0,0.899211923701289,-0.0013549131133693444,0.0005395649956721934,0.7962916811515007,bist100
2024-08-02,10473.4443359375,2179063900,10686.099609375,10415.599609375,-0.030521877977355585,0.011222039480052026,0.012994833101858989,0.02582722467639744,2611077055.0,0.834545995426397,-0.007825057998548974,-0.0018698792511896122,0.8635770380495803,bist100
2024-08-05,9893.34765625,2796453700,10117.7998046875,9733.400390625,-0.05698036533266484,0.016667495241868984,0.014923001400527417,0.038854331963120735,2617370810.0,1.0684209089960777,-0.016305953755260876,-0.0046231530004376365,1.1168996634470538,bist100
2024-08-06,9881.1474609375,2518096800,10193.900390625,9881.2001953125,-0.001233932577109044,0.01663284372846423,0.014887251316062413,0.03164614196364111,2617387310.0,0.9620650296497387,-0.015766763072514227,-0.004741489564102806,1.1172541777754792,bist100
2024-08-07,10024.2470703125,2455179100,10076.400390625,9902.2001953125,0.014378220379282729,0.017165568702322807,0.015009184648904893,0.01737788325553207,2621118125.0,0.9366915121385458,-0.011895334068575602,-0.0037109515892398393,1.1436709657359867,bist100
2024-08-08,10098.4462890625,2298653700,10148.099609375,10006.099609375,0.007374714081290992,0.017339101212086164,0.015030565504126533,0.014061569070659752,2595124005.0,0.8857587134839053,-0.01339664828531116,-0.003094771741611402,1.1535894113448917,bist100
2024-08-09,9907.34765625,2399290200,10189.2001953125,9907.400390625,-0.019104909892049143,0.01627335318448471,0.0150904085950965,0.028443516313846926,2565309860.0,0.935282804393852,-0.011113254668249875,-0.005340996260201888,1.0783904943284701,bist100
2024-08-12,9828.5478515625,2616142900,10078.099609375,9807.400390625,-0.007985472298077275,0.016141649998958316,0.015041427463127803,0.02754213774387489,2551017420.0,1.0255292180639048,-0.0013142760613323611,-0.005924073936345926,1.0731461517550493,bist100
2024-08-13,9920.546875,2480962000,9920.599609375,9708.2998046875,0.00931685124796109,0.01625948587510839,0.015094930787231751,0.021400010237590857,2549102300.0,0.9732689033311844,0.0007958807036816658,-0.005793299114284104,1.077148753067599,bist100
2024-08-14,9830.8486328125,2247376700,9989.900390625,9825.0,-0.009082786966045552,0.016225037134049755,0.014984543651832594,0.016773769669752688,2537083055.0,0.885811245150585,-0.0038963207653839906,-0.006224095611633817,1.0827848689316242,bist100
2024-08-15,9982.947265625,2597400200,9983.0,9763.2998046875,0.015353102583286055,0.016876170221108763,0.014556130237252581,0.022007548418993404,2531055235.0,1.0262123734332491,-0.0023006430649849773,-0.005480681929328743,1.1593857670989127,bist100
2024-08-16,9821.9482421875,2289150400,10055.099609375,9822.0,-0.01625886589932754,0.0169565979993658,0.014625367296161419,0.02373252267546923,2508764450.0,0.9124612715235183,-0.0017314342664406575,-0.006368528849344325,1.1593963868392034,bist100
2024-08-19,10054.146484375,2687269500,10061.099609375,9796.599609375,0.02336563690163858,0.018153552580245425,0.014834867914425912,0.026307553844680455,2515253165.0,1.0683892728547666,0.0045387875735025136,-0.0052745884481419664,1.2237084067726895,bist100
2024-08-20,9982.2470703125,2766856300,10110.0,9950.900390625,-0.007176912599833808,0.01815171866872115,0.014852122388371724,0.015938256011331052,2509058970.0,1.1027466205786307,0.0012400348039435336,-0.005259260431482039,1.2221632837427194,bist100
2024-08-21,9904.7470703125,2568349600,10080.7001953125,9897.599609375,-0.007794078057264181,0.018142073178701906,0.014834837772493375,0.018486144536321115,2486310200.0,1.0329964458980219,0.0014977765856998078,-0.005205591705990305,1.2229370793889487,bist100
2024-08-22,9921.34765625,2675534500,10031.099609375,9869.599609375,0.0016746202462909173,0.018150632293837787,0.014788779025946464,0.01627803052524445,2477552005.0,1.079910530475424,-0.0012379198816992198,-0.004572531086341165,1.2273245994137214,bist100
2024-08-23,9668.0478515625,2270981600,9935.2001953125,9651.2001953125,-0.025862352206291066,0.018684925426219526,0.015127074952840342,0.029375113193518317,2470799620.0,0.9191281970490185,-0.003158617143091925,-0.005957091019082846,1.235197517330417,bist100
2024-08-26,9565.7490234375,2603634600,9749.2001953125,9553.2001953125,-0.010637503706211533,0.01860991446153445,0.015164040924840526,0.02048977027515263,2484602790.0,1.0479077824749605,-0.009959245264661947,-0.005760171876938157,1.2272397940478497,bist100
2024-08-27,9748.748046875,2554173700,9748.7998046875,9523.2998046875,0.0189499627146248,0.019414205109059512,0.015232147827169576,0.023131175297148532,2492846540.0,1.0246012576450052,-0.004733870201770225,-0.004616179441664802,1.2745546674928143,bist100
2024-08-28,9757.1484375,2246401400,9836.599609375,9735.400390625,0.0008613181302444383,0.01945234638005896,0.015233419763131278,0.010371802724765096,2481552280.0,0.9052404086364846,-0.003002790964268501,-0.00432416730313206,1.2769520358874733,bist100
2024-08-29,9833.1484375,2980109500,9888.400390625,9705.5,0.00775898208818786,0.019145012472344996,0.015251929168801862,0.0186003894670689,2511554015.0,1.186559987243595,-0.0017859185958891126,-0.004680282456971107,1.2552518609584495,bist100
2024-09-02,10110.146484375,2599824100,10116.2998046875,9879.7998046875,0.02778035045049342,0.01943957667734078,0.015565718917473739,0.0233923415813515,2532592025.0,1.0265467451276524,0.008942621935467784,-0.0017651710355786564,1.2488711109589892,bist100
2024-09-03,10021.7470703125,2707675800,10159.2001953125,9983.7998046875,-0.008782083212582911,0.014625880705391428,0.015430000692331025,0.017501977389210905,2528153130.0,1.0710094131046564,0.009313706034193509,0.0006447430704254399,0.9478859396721052,bist100
2024-09-04,9984.84765625,2535020300,9988.400390625,9879.099609375,-0.003688729282201239,0.014652751853738776,0.015435011708546102,0.010946664887929797,2528999305.0,1.0023807815953512,0.004785967634828301,0.0005220032351708302,0.9493191278647232,bist100
2024-09-05,9936.7470703125,2681390200,10040.2998046875,9897.2001953125,-0.00482899888990461,0.01432251118721983,0.015422911673095419,0.014401051809251664,2540309860.0,1.0555366659089376,0.003647904230798492,-0.00043835772828853674,0.928651573114097,bist100
2024-09-06,9771.1484375,2350504700,9981.0,9768.599609375,-0.016805704115252874,0.014645213899165592,0.015471696606689685,0.021737505267020972,2542902410.0,0.9243393261009966,-0.0012650330098896551,-0.00164737863811573,0.9465809905316566,bist100
2024-09-09,9699.5478515625,2226899900,9838.0,9699.599609375,-0.00735473530340969,0.014134818348903693,0.015397659239509594,0.014268746620256642,2534282895.0,0.878710069974252,-0.008292050160670276,-0.0010598699086837575,0.9179848786778242,bist100
2024-09-10,9623.94921875,2488146200,9788.400390625,9588.0,-0.007824569045706083,0.014130714208566,0.015406774546792899,0.020823093105537902,2527883060.0,0.9842805782321276,-0.00810054732729491,-0.0010518247460651977,0.9171753740959021,bist100
2024-09-11,9419.650390625,2621007200,9643.5,9413.400390625,-0.02145672775843509,0.014609594114595401,0.015553317170901098,0.02442761671961933,2534885320.0,1.033974665173413,-0.011654147022541682,-0.002590503696385007,0.9393233581019411,bist100
2024-09-12,9520.94921875,3046973800,9560.0,9274.599609375,0.010696577306881444,0.014814999832412001,0.015332883413288437,0.02997604378174281,2574865175.0,1.1833527555476764,-0.00854903178318447,-0.001601535482738657,0.9662239927796226,bist100
2024-09-13,9685.4482421875,3001871400,9685.5,9427.2998046875,0.017130026208367684,0.014926934255711517,0.015476886399500102,0.02665856952162953,2595088735.0,1.156750965588851,-0.0017618857184603597,-0.0015126893014845756,0.9644662285686643,bist100
2024-09-16,9577.44921875,2305742600,9720.2001953125,9567.099609375,-0.011213282454857735,0.014705589425847017,0.015126294159154993,0.015985528342741962,2595918345.0,0.888218462048736,-0.002533595148749969,-0.0012604101292610856,0.9721871908028874,bist100
2024-09-17,9758.0478515625,2471659300,9786.099609375,9611.599609375,0.018681069772354,0.01432509027565765,0.015346781986536686,0.01788267516766259,2585137835.0,0.9561034876115223,0.002767532614862048,-0.0014946384857253143,0.933426322744707,bist100
2024-09-18,9774.4482421875,2265970500,9827.2998046875,9736.099609375,0.0016792932557529764,0.014276996590380432,0.015351887810111977,0.009330469920426894,2560093545.0,0.8851123836570589,0.007394736817699662,-0.001051828192945975,0.9299831243540266,bist100
2024-09-19,9975.546875,2806318100,9980.7998046875,9852.0,0.02036512736823512,0.01494974213993407,0.015585333894696846,0.012911553251309844,2571991970.0,1.0911068668694173,0.009328446829970397,0.0003561320783289899,0.9592185987764403,bist100
2024-09-20,9900.2470703125,3128526900,10008.7001953125,9887.400390625,-0.0075770724081635835,0.015049599824172132,0.015446715591566055,0.012252199750775633,2594641590.0,1.205764569587432,0.004387027106664143,-0.00010645255439373515,0.9742912488392841,bist100
2024-09-23,9887.7470703125,2669608900,9980.900390625,9857.7001953125,-0.0012633924968680006,0.013786025236676436,0.015237291663779035,0.012459885395167809,2614572955.0,1.0210496880168334,0.006377005098262089,0.001123495431077418,0.9047556180503886,bist100
2024-09-24,10029.6474609375,3609345900,10108.2001953125,9878.599609375,0.014249131965767497,0.013791739225995317,0.015366363433774278,0.022892189065640257,2664858520.0,1.3544230858454729,0.005490617536944789,0.0023678272146763694,0.8975278559195055,bist100
2024-09-25,9890.947265625,3361262000,10064.099609375,9886.5,-0.013925531703174562,0.013669974333140777,0.015019325130020416,0.01795577355793107,2705212935.0,1.2425129114651376,0.0023696525451592813,0.0007240524937864015,0.9101590261081322,bist100
2024-09-26,9829.1484375,2992398200,10049.5,9806.7001953125,-0.006267619727523138,0.013758861867618858,0.01497006167818732,0.02470201831128873,2742512775.0,1.0911155008202287,-0.0029568968739923708,0.00036760560089802265,0.9190918623713297,bist100
2024-09-27,9777.4482421875,2207650200,9820.5,9696.0,-0.00527376739406365,0.013698865363867826,0.014661159242565405,0.012733383692363655,2703889810.0,0.8164719552680292,-0.0024962358711723837,-0.0002840318732145529,0.9343644071538508,bist100
2024-09-30,9665.748046875,2500820300,9757.900390625,9643.2998046875,-0.01149002690135184,0.012196582729734163,0.01449824428796678,0.011856359733538794,2698939620.0,0.926593644951568,-0.004541562752069152,-0.0022475507408068157,0.8412454975570425,bist100
2024-10-01,9351.150390625,3495942200,9680.7998046875,9238.7001953125,-0.0330891350064258,0.013964876132310804,0.01504485715820326,0.04727756381912403,2738352940.0,1.2766587348670986,-0.014009216146507814,-0.0034629033304989605,0.9282159335555012,bist100
2024-10-02,9012.8525390625,2883131000,9339.2001953125,9012.900390625,-0.03684775363846129,0.015836099217887114,0.015676026591402922,0.03620383261273696,2755758475.0,1.0462204965186581,-0.018593660533565155,-0.005120854548311964,1.0102113010303249,bist100
2024-10-03,8898.1533203125,3048138700,9159.2998046875,8869.7998046875,-0.012807855415343657,0.015928591349764834,0.01572111988272244,0.03253484061003265,2774095900.0,1.098786346931986,-0.01990170767112926,-0.005519797374583916,1.013196990328304,bist100
2024-10-04,9109.251953125,2824289000,9109.2998046875,8850.400390625,0.02344683207198298,0.01693852821299894,0.016091332382073435,0.028421588885098575,2797785115.0,1.0094731667767844,-0.014157587777919936,-0.003507170565222123,1.05264920336052,bist100
2024-10-07,9031.5517578125,2360205300,9195.5,9005.400390625,-0.008566397796620192,0.01695517254082405,0.015663217314307608,0.021048388413492672,2804450385.0,0.8415928171251994,-0.013572861956973607,-0.0035677536898826483,1.0824833877096438,bist100
2024-10-08,9044.8525390625,3157534000,9152.7001953125,8978.099609375,0.001471618296644656,0.016959756515107637,0.01564910080943566,0.019303862078839083,2837919775.0,1.1126227132336748,-0.006660711296359513,-0.003102944322765111,1.0837527805355893,bist100
2024-10-09,9132.2509765625,2601466900,9132.2998046875,8901.2001953125,0.0096163958067952,0.01660956727549699,0.01568534840858211,0.02530587584245182,2836942760.0,0.9169966122263249,0.0026321185926917847,-0.0015492881445035964,1.05892243148448,bist100
2024-10-10,8964.0517578125,2465944300,9176.400390625,8964.099609375,-0.018589881601791328,0.016763388282454952,0.015803699971735377,0.023683573788490463,2807891285.0,0.8782192933085726,0.00147571335540225,-0.003013611089937235,1.060725546070601,bist100
2024-10-11,8876.1533203125,2506307200,9080.7001953125,8837.0,-0.009854051382911639,0.016130766655650847,0.01581462225408209,0.02745560903672179,2783113075.0,0.9005409167573977,-0.005184463335576673,-0.0043628149695012,1.019990638820801,bist100
2024-10-14,8699.154296875,2447452900,8887.2001953125,8680.7001953125,-0.020142464823151355,0.016450744591898457,0.01593837061728731,0.02373793968388181,2790198590.0,0.8771608260328165,-0.007499676740882905,-0.004809274087915883,1.0321471991657296,bist100
2024-10-15,8860.2529296875,2801284500,8890.2998046875,8685.2001953125,0.018349497898454165,0.016425974173108995,0.01618612594732633,0.023148279287579416,2806679850.0,0.9980776753002306,-0.004124100820521005,-0.004825852681610875,1.0148181366290605,bist100
2024-10-16,8955.9521484375,2364218600,8963.7998046875,8779.2998046875,0.010743044182498714,0.0167369838979948,0.016287780346442324,0.020600824674145764,2811592255.0,0.8408824557670437,-0.003898771145380301,-0.004372665135273587,1.027579175430776,bist100
2024-10-17,9002.251953125,2702266100,9060.099609375,8927.099609375,0.005156407290239869,0.015877301830727605,0.016310950629356797,0.01477408105133416,2806389655.0,0.9628976842846864,0.0008504866330259382,-0.005133101139173349,0.9734136404135328,bist100
2024-10-18,8793.552734375,2701251000,9070.0,8783.5,-0.023455953902556788,0.016394531419775035,0.016488661002689746,0.0325806882217285,2785025860.0,0.9699195396340055,-0.0018698938709030915,-0.00592704521389301,0.9942912536743065,bist100
2024-10-21,8654.3544921875,2130735600,8807.900390625,8642.2001953125,-0.015956205371316597,0.016503385630795,0.016550340286444514,0.019146453437062425,2758082195.0,0.7725424586195119,-0.0010326419805361399,-0.00666168585761544,0.9971629190193767,bist100
2024-10-22,8838.552734375,2881678500,8913.5,8676.7998046875,0.021060541638264013,0.01701982255844814,0.016795851281134776,0.02678042462675172,2721698825.0,1.058779345286303,-0.0004904332325741702,-0.006321115373990614,1.0133349166746273,bist100
2024-10-23,8714.654296875,2952799500,8867.099609375,8664.0,-0.014117134829205737,0.017024381547698583,0.016854354898423126,0.02330552681221443,2701275700.0,1.0931129688095147,-0.00546246903491506,-0.006330695530292173,1.0100879950790265,bist100
2024-10-24,8872.853515625,2020807300,8920.2001953125,8779.099609375,0.017990438128659997,0.01787213748872633,0.017077441552392342,0.01590250370853338,2652696155.0,0.761793730575223,-0.0028956628672310346,-0.005117792637483016,1.0465348356717203,bist100
2024-10-25,8908.453125,2001781600,8921.599609375,8782.599609375,0.004004166584556315,0.01798791184581158,0.01694132873700962,0.015603157815347431,2642402725.0,0.7575611321699648,0.002596361230191586,-0.004653895938552017,1.0617769199245641,bist100
2024-10-28,8945.751953125,797263500,8954.2001953125,8915.599609375,0.004178162200150349,0.018015683862766745,0.016581495636962793,0.004314962692880809,2557224885.0,0.31176902144059965,0.006623234744484975,-0.003870486483476908,1.0864932969379986,bist100
2024-10-30,9006.5517578125,2114681200,9050.7998046875,8917.599609375,0.006773508083008391,0.016775367466270757,0.015007481939487777,0.014789255521344108,2488161835.0,0.8498969682171015,0.003765828033433851,-0.0018773543290051987,1.1178002768160133,bist100
2024-10-31,8863.853515625,2151342200,9051.599609375,8846.099609375,-0.01597068147856365,0.015045101588090123,0.01512212197235079,0.023184047394031192,2451572395.0,0.8775356601288538,0.0033951187035622687,-0.0008335007210103166,0.9949067740359792,bist100
2024-11-01,8884.953125,2609629400,8982.0,8849.2001953125,0.002377581743010801,0.014790008290242884,0.014983094480748355,0.014946595983026079,2429646930.0,1.0740776232866065,0.00027254742643242945,-7.42288630925937e-05,0.9871130632758429,bist100
2024-11-04,8663.8544921875,2363159300,8862.5,8610.900390625,-0.025199470819927943,0.014718153659787157,0.0152254450245714,0.029040147154119008,2406590445.0,0.98195324630735,-0.005568180054464422,-0.00250654400768814,0.9666813440286601,bist100
2024-11-05,8618.5537109375,2244331100,8729.599609375,8566.599609375,-0.005242427382550123,0.01466479437442818,0.01507445939208978,0.018912685987341762,2400796735.0,0.9348276208814488,-0.0074522979710045165,-0.0023403454869846364,0.9728238998821697,bist100
2024-11-06,8862.2529296875,3172929200,8915.900390625,8586.900390625,0.027883725651577623,0.01614107399478227,0.015549829656913787,0.03712374298163945,2401566495.0,1.321191483394675,-0.003230254457290671,-0.001019740119237988,1.0380225604340048,bist100
2024-11-07,8946.0517578125,2658268000,8946.099609375,8801.2998046875,0.009411277279306067,0.016134023802685547,0.015550970841316479,0.016185889441232858,2404406550.0,1.1055817494757698,0.0018461372942832732,-0.0010299960456124448,1.0374930264688034,bist100
2024-11-08,9184.7509765625,3234512400,9195.7998046875,8927.900390625,0.026332315754844817,0.016678498753593483,0.0159342813505239,0.029167847309755204,2442834955.0,1.3240814298074428,0.0066370840966500765,0.0012161138222193625,1.0467054262880273,bist100
2024-11-11,9276.7509765625,3576132600,9330.099609375,9197.2001953125,0.009966768880671856,0.016574641781134773,0.015854800715164225,0.014326073255417477,2496326225.0,1.4325581985984224,0.013670332036770035,0.002207154835398537,1.0454020885473545,bist100
2024-11-12,9226.8515625,3008932000,9288.7998046875,9190.2001953125,-0.005393494042111322,0.015839730212362544,0.015741799628474867,0.010686159705411431,2524400180.0,1.1919393857751983,0.013640118704857795,0.0029446033744505388,1.0062210538946599,bist100
2024-11-13,9300.25,3614076400,9415.7998046875,9128.599609375,0.007923400349463365,0.015473383733852293,0.015459697097301139,0.030880911299427435,2565039775.0,1.4089747984512249,0.009648053644434943,0.0024232984970009993,1.0008853107835822,bist100
2024-11-14,9420.3505859375,2770728500,9437.7001953125,9335.400390625,0.012831023568213343,0.015539374554433744,0.01554630597958768,0.01085944771951598,2585365270.0,1.0716971145821883,0.0103320029022164,0.0025276974662867303,0.9995541432695949,bist100
2024-11-15,9389.5498046875,2849117000,9501.099609375,9375.900390625,-0.003274957138468281,0.015578624625350103,0.015523593185618915,0.013333889414751002,2592707815.0,1.098896290402087,0.0044105483235537795,0.002106129244851323,1.003545019447055,bist100
2024-11-18,9395.3505859375,2746161600,9445.2998046875,9315.2998046875,0.0006176004465031199,0.014383828970743459,0.01552123266714208,0.013836631087995549,2594953345.0,1.0582701246985233,0.0025407146367200325,0.003309806962304319,0.9267194996176775,bist100
2024-11-19,9232.8515625,3431118700,9443.099609375,9170.7001953125,-0.017447002577253835,0.0144923772495808,0.015328741157357812,0.02950328099813421,2659972500.0,1.2899075836310339,0.00013001292969153018,0.0032352671020074567,0.9454381870506335,bist100
2024-11-20,9031.751953125,2927162500,9307.7001953125,9023.400390625,-0.022021582464334787,0.014899515243621916,0.015522211479694547,0.03147781362497802,2662246700.0,1.0995083588609575,-0.0058589836330681004,0.0010811608968775163,0.9598835361258147,bist100
2024-11-21,9367.75,3731381000,9380.599609375,9069.900390625,0.0365265759936741,0.01640774130758289,0.016060795230196212,0.03316689906861306,2701175775.0,1.3813914053779044,-0.00111987314797595,0.0036133464380215087,1.0216020484922426,bist100
2024-11-22,9549.849609375,4756313100,9550.599609375,9337.2001953125,0.019252467312551456,0.01646825849911334,0.016264611264110298,0.02234584027930741,2837951065.0,1.6759672704222615,0.003385611742227997,0.003676447897216081,1.0125208793309688,bist100
2024-11-25,9659.94921875,4345646800,9720.2998046875,9591.5,0.011462984693212826,0.016560269955906096,0.016302925894692042,0.013333383206352583,2955144325.0,1.4705362317625552,0.005554688591569939,0.004049388802648907,1.0157851457386458,bist100
2024-11-26,9636.048828125,3469068800,9691.599609375,9576.599609375,-0.0024772393518519547,0.016624290809132494,0.01588227076419798,0.011934352144869414,3088734590.0,1.1231359312099394,0.008548641236650315,0.003716618725048792,1.0467200223413382,bist100
2024-11-27,9639.7490234375,3852893300,9744.599609375,9618.900390625,0.0003839213698382438,0.016623849087858366,0.015848242899836846,0.013039677531477485,3175645195.0,1.2132631523402917,0.013029742003484921,0.0033971393893902843,1.048939569700153,bist100
2024-11-28,9640.048828125,3334483300,9672.400390625,9586.900390625,3.1100397403718606e-05,0.01601661915436591,0.015843420125457246,0.00886924968165642,3234802250.0,1.0308151912531902,0.005730646884230844,0.004197228483188652,1.0109319217402037,bist100
2024-11-29,9651.94921875,3996106900,9734.2001953125,9575.900390625,0.00123371276583155,0.016025498732562943,0.015835229921191907,0.016400812012146188,3304126125.0,1.2094292859356268,0.0021268959748868633,0.00414003503432969,1.0120155382850744,bist100
2024-12-02,9681.0478515625,2976017300,9703.2001953125,9573.900390625,0.003010258024676065,0.014473561986865958,0.01569508693098284,0.013355972067283119,3334769025.0,0.8924208176606774,0.00043635064117951064,0.00555052147655989,0.922171508224938,bist100
2024-12-03,9827.1484375,4414056700,9885.7998046875,9661.099609375,0.014978659775551196,0.014385945926095153,0.015785995204110132,0.0228652489317301,3443255305.0,1.2819429025754452,0.003927530466660141,0.0065615758344649555,0.9113106738021525,bist100
2024-12-04,9886.046875,4485338800,9940.2998046875,9853.099609375,0.005975552093358683,0.013482667843043665,0.015767354323168475,0.008820532252685682,3508875785.0,1.2782837224316277,0.005045856611364229,0.0054661671565540085,0.8551002004966868,bist100
2024-12-05,9935.947265625,3426956700,9965.5,9849.5,0.005034861344908548,0.013450745999957353,0.01551242961180059,0.01167478015924265,3547310220.0,0.9660718931991237,0.006046608800865194,0.005247346359834133,0.8670947321962462,bist100
2024-12-06,10080.9462890625,3850853100,10098.099609375,10010.599609375,0.01448791834800694,0.012714116770730246,0.01556070269152885,0.008679740719870184,3578127255.0,1.0762202754580343,0.008697449917300273,0.004655126489492239,0.8170657214376142,bist100
2024-12-09,10257.345703125,4643352200,10262.2998046875,10149.900390625,0.017346966753849436,0.012980699110009318,0.015564550122177117,0.010957943440305071,3631488235.0,1.2786361677418459,0.011564791663134946,0.005024136383151119,0.8339912819911058,bist100
2024-12-10,10098.9462890625,3625481600,10276.7001953125,10078.7998046875,-0.01556301228490917,0.013594900649733321,0.015632175849966796,0.019596142504424725,3662315715.0,0.9899423976886711,0.005456457251042873,0.004515660471011226,0.8696742398635566,bist100
2024-12-11,10058.4462890625,3666352000,10171.5,10008.900390625,-0.004018382272457068,0.013699197125350393,0.015467968546238001,0.01616547970751804,3664929495.0,1.0003881397996717,0.0034576703778797227,0.0039185713399152045,0.8856494040830077,bist100
2024-12-12,10058.5458984375,3508831600,10155.2998046875,10026.099609375,9.903008767065538e-06,0.01355945749280823,0.0154673224960252,0.012844818387970972,3701834650.0,0.9478628657819711,0.0024526787106514264,0.00327751531194289,0.8766518895751185,bist100
2024-12-13,10125.4462890625,3544452300,10125.5,9962.599609375,0.006629078627893433,0.013488225757675805,0.015268348688944756,0.0160882183337405,3736601415.0,0.9485765021046538,0.0008809107666287253,0.0037727171002609763,0.8834109066059074,bist100
2024-12-16,9997.6474609375,2916214600,10157.7998046875,9997.7001953125,-0.012701878542043426,0.01397234027446416,0.015327090042381223,0.016013728229619644,3745104065.0,0.7786738497478841,-0.005128858292549847,0.003106743150833649,0.9116107647197856,bist100
2024-12-17,10011.2470703125,3309637800,10055.900390625,9912.400390625,0.0013593566049269062,0.013123326963373138,0.015326692570973317,0.014333878585969276,3739030020.0,0.8851594617579455,-0.001744384514582632,0.004047061109942686,0.8562399814965261,bist100
2024-12-18,9915.7470703125,3623063300,10052.900390625,9912.599609375,-0.009585061398030097,0.012075943320726019,0.015265321453329636,0.014149290038877358,3773825060.0,0.9600506760109331,-0.0028577203396972376,0.00466888716325792,0.7910703588945415,bist100
2024-12-19,9765.0478515625,2835097200,9897.5,9754.400390625,-0.01531464198789567,0.010312979150593912,0.015287542907383992,0.014654266067124567,3729010870.0,0.760281291429971,-0.005922629339029785,0.0020768262641794317,0.6746001769592855,bist100
2024-12-20,9724.4482421875,3050268300,9814.900390625,9699.900390625,-0.004166312757145676,0.0095623863369111,0.015275841081474836,0.011825863754520938,3643708630.0,0.8371328801886115,-0.008081707616037607,0.0009058872606945753,0.6259810039859279,bist100
2024-12-23,9626.548828125,2745098400,9778.599609375,9605.400390625,-0.010118367437255114,0.009525974364107846,0.015315980414323865,0.01799182883111545,3563681210.0,0.7702985307150972,-0.007565005395079945,-0.00017318034582882168,0.621963080809305,bist100
2024-12-24,9672.748046875,2394057200,9690.400390625,9562.400390625,0.00478766737425458,0.009571894007261784,0.01525772957669008,0.013233054286093318,3509930630.0,0.682081058678929,-0.00687934324121441,0.00019006499047650506,0.6273472051756113,bist100
2024-12-26,9948.947265625,3566484400,10050.599609375,9890.900390625,0.028154291313169124,0.011434487639616504,0.015052947876187639,0.016051871065975297,3495610185.0,1.0202752055432633,0.0006685273010254344,0.001578583487643049,0.7596178325778168,bist100
2024-12-27,10025.447265625,3100196100,10055.099609375,9954.0,0.0076598440990712745,0.0115071597488295,0.01422867122873662,0.01008429915357969,3483895825.0,0.889864753633958,0.0052634245184188235,0.001960020672726427,0.8087304544355006,bist100
2024-12-30,9889.6474609375,2297408400,10061.2998046875,9889.7001953125,-0.013638088235449645,0.012025400177827921,0.014243488817074958,0.0173514384666178,3398960900.0,0.6759149244700049,0.0033690694227580297,0.001216430622662367,0.8442735015463336,bist100
2024-12-31,9830.5478515625,2930480100,9942.599609375,9780.7001953125,-0.005993833770198627,0.012122860422652973,0.013988580525374121,0.016469012358936552,3396684040.0,0.8627473340146173,0.004193976156169327,0.0007662260329186325,0.8666254878872887,bist100
2025-01-02,9961.2470703125,3622646300,9961.2998046875,9827.0,0.01320760640465575,0.012019608963073605,0.01401149026368738,0.013482228052324257,3357113520.0,1.0790955618325353,0.00587796396224956,0.0006776733643738602,0.8578394401217979,bist100
2025-01-03,10075.146484375,6030811000,10097.099609375,9990.400390625,0.011369375497752852,0.012203837407304933,0.014067710680925697,0.010590339199085001,3434387130.0,1.7560079198177057,0.002520980799166306,0.0009473645345935688,0.867506994144543,bist100
2025-01-06,10085.4462890625,6778737700,10159.099609375,10063.2001953125,0.0010217760657490497,0.012166026826336206,0.01403045805206083,0.009508693151883752,3601976180.0,1.8819496191115845,0.001193367192501861,0.0007467102706355937,0.8671154413628875,bist100
2025-01-07,9971.947265625,5128720900,10095.099609375,9972.0,-0.011317545782115492,0.01199925730547232,0.013883245759057302,0.012344590890421704,3665869570.0,1.3990462022902794,0.0016574756831686916,-0.0005435629358705279,0.8642976947695473,bist100
2025-01-08,9890.7470703125,3932950500,10011.400390625,9881.7998046875,-0.008176196672284728,0.011335263545765686,0.013861095304844152,0.013103215057081148,3630349485.0,1.0833531361788438,0.0012210031027514716,-0.0018197211071772363,0.8177754568792451,bist100
2025-01-09,10000.6474609375,3934677900,10016.900390625,9899.2998046875,0.011050156261398785,0.011198257494783159,0.013606643766089251,0.011759297225189425,3645809300.0,1.079233052589997,0.0007895130741000785,-0.0004890626798618382,0.822999241200955,bist100
2025-01-10,9910.546875,4067234400,10038.7998046875,9865.7001953125,-0.009050306015134067,0.011337388600511924,0.013519186425587955,0.017466201568720193,3665853420.0,1.109491824689488,-0.0032944232284773055,-0.0007406588669956882,0.8386147097619342,bist100
2025-01-13,9733.1484375,4224022900,9916.7998046875,9707.400390625,-0.01806210669828679,0.011976579250664574,0.013708772358157689,0.02151404711508593,3701612985.0,1.141130344289626,-0.007111199781284475,-0.001644259352348381,0.8736434552826798,bist100
2025-01-14,9715.8486328125,4041740200,9851.599609375,9679.7998046875,-0.001778992426962941,0.01181739531619304,0.013705689238765216,0.017682429109413592,3726477380.0,1.0846007604103585,-0.0052034891102539635,-0.0020646629050912,0.8622255408191133,bist100
2025-01-15,9739.6484375,4157898600,9784.400390625,9659.5,0.002446590439014236,0.011582866324943337,0.013316019470118935,0.012823911604868952,3788561580.0,1.0974874004819528,-0.0030789316879941708,-0.0013072394560383167,0.8698445020251898,bist100
2025-01-16,9866.6474609375,4457760700,9878.7998046875,9734.900390625,0.01295510384291758,0.012005861918801363,0.013188651614250162,0.014584428462880045,3845967725.0,1.1590738713232442,-0.0026979421716904124,-0.000727452094138783,0.9103176177486704,bist100
2025-01-17,9977.84765625,3536571300,9989.400390625,9851.400390625,0.011207275224361423,0.012098364609641735,0.013009766737136937,0.013830638104958288,3841643125.0,0.9205881923246059,0.001353574076208686,0.000312164736980793,0.929944775651237,bist100
2025-01-20,10029.2470703125,3757456400,10048.900390625,9923.599609375,0.005138130032897696,0.011560402371395629,0.012841336584553272,0.012493538186022151,3887761085.0,0.966483360949635,0.005993621422445583,0.0013348033380204613,0.9002491520471111,bist100
2025-01-21,9999.546875,4168863600,10076.5,9966.2998046875,-0.0029657519232614967,0.011533419602295971,0.012692624667095845,0.011020518898512589,3943690850.0,1.0570969577901879,0.005756269523185873,0.0013948313797146703,0.908670972694483,bist100
2025-01-22,10105.3466796875,3559163500,10121.7998046875,9984.099609375,0.01052487853719018,0.011371414809467259,0.01273797738561028,0.013626469202614063,3984394105.0,0.893275967739642,0.007371927142821061,0.002426993678436935,0.8927174593914111,bist100
2025-01-23,10112.74609375,4008788200,10151.599609375,10069.599609375,0.0007319596834161313,0.011363261073608943,0.012736222332690077,0.008108578939866651,4065130655.0,0.9861400629446682,0.00492729831092077,0.002224208293895012,0.8922002754649506,bist100
2025-01-24,10104.8466796875,3110050300,10133.5,10064.099609375,-0.0007814396652463012,0.009592077954497577,0.012726009795737498,0.006868030047848906,4042308950.0,0.7693747159033948,0.002529555332999226,0.0007774217449742413,0.7537380615336621,bist100
2025-01-27,9997.84765625,3432008500,10069.7998046875,9962.599609375,-0.010645342569960048,0.009772434498179501,0.012617240846620977,0.010722327344674576,4058899570.0,0.8455514704937624,-0.0006271391875723228,-0.0001378375884773249,0.7745302334302874,bist100
2025-01-28,10121.74609375,3533420900,10139.7001953125,9977.099609375,0.01231635243149326,0.009607227203924557,0.012687242257798924,0.01606447982704318,4120700195.0,0.8574807029852363,0.0024292816833786286,0.0011598844448698204,0.7572352611158613,bist100
2025-01-29,10076.9462890625,3371837800,10180.400390625,10077.0,-0.004435918652583108,0.009552330796963998,0.012201887711626029,0.010261083830250302,4142768080.0,0.813909380126343,-0.0005628777545760289,0.0012377802007505964,0.7828568023833298,bist100
2025-01-30,10082.0458984375,3223926600,10155.0,10071.900390625,0.0005059389315050168,0.009127418738987727,0.012162424187985873,0.008242335951662216,4122832095.0,0.7819689295399259,-0.0006080819049582518,0.0006026968270930597,0.7504604836923756,bist100
2025-01-31,10004.34765625,3182020200,10119.0,9986.400390625,-0.0077364440273629985,0.008939133266317104,0.01177110361082969,0.013254198467619351,3980392555.0,0.7994237141266083,-0.0019990827773815915,-0.00035259414916273275,0.759413353399837,bist100
2025-02-03,9774.3486328125,4216874600,9918.400390625,9749.900390625,-0.023258296514116844,0.010289392030084634,0.012172187870803755,0.01723900040094184,3852299400.0,1.0946383347047222,-0.00452167356621295,-0.0015665977781560273,0.8453198504078958,bist100
2025-02-04,9807.0478515625,3470857200,9905.2001953125,9782.7998046875,0.0033398281038066963,0.010078142780357848,0.011730292174489865,0.01248085993640774,3769406215.0,0.9207968051275683,-0.006316978431750263,-0.000833729083859918,0.8591553075101587,bist100
2025-02-05,9719.748046875,4394277500,9841.7001953125,9619.7998046875,-0.008941598692550585,0.010108898381900268,0.011741828350170439,0.022829850069657237,3792472565.0,1.158684057612952,-0.007218114439743758,-0.0008719991848732109,0.8609305195432816,bist100
2025-02-06,9842.1484375,3172954400,9866.5,9780.599609375,0.012514327343390448,0.010204631200959914,0.011809712724309274,0.008727808889541552,3754386390.0,0.8451326183291432,-0.004816436757366672,-0.0007987906307736277,0.864088012907762,bist100
2025-02-07,9951.6474609375,3626768600,9962.7001953125,9801.0,0.011064087051827737,0.010338905524270166,0.01184747742572991,0.01624858556808914,3732363100.0,0.9717084063980806,-0.0010563305415285257,0.0002069290225744625,0.8726672482883585,bist100
2025-02-10,9845.8486328125,3052458800,9983.2001953125,9830.7001953125,-0.010688203680568532,0.009768892383261523,0.01184279544177149,0.01548876137418719,3673784895.0,0.8308757554516539,0.0014576880251811364,0.0005756241734603755,0.824880614656657,bist100
2025-02-11,9882.7470703125,3217232000,9888.400390625,9788.5,0.0037406089190828626,0.009776834916413457,0.011837152018794353,0.010108564948009043,3632559485.0,0.8856653313689645,0.0015378441882363697,0.0008516042407626656,0.8259448641776634,bist100
2025-02-12,9779.5478515625,3600167500,9904.2001953125,9756.7001953125,-0.01049726563530582,0.01008912706740049,0.011927528974565497,0.015082496884192206,3604672930.0,0.9987501140637467,0.0012267107996853225,0.00020441143704666285,0.8458690051321398,bist100
2025-02-13,9914.6474609375,3454207200,9930.7001953125,9845.599609375,0.013719954174819285,0.010141316491739242,0.011803262403425472,0.00858331940422349,3554495255.0,0.9717855707195198,0.0014678361659710899,0.00024265395364174818,0.8591960548802245,bist100
2025-02-14,9877.546875,3211745400,9954.2001953125,9855.099609375,-0.003749016280076273,0.009837109337907443,0.011423918553684482,0.010032914770399406,3538253960.0,0.907720428298482,-0.0014947845004097122,-0.0005051606215801367,0.8610976427816658,bist100
2025-02-17,9836.4482421875,2658890700,9899.2998046875,9836.5,-0.004169494017699211,0.009776057484720421,0.01047747722148755,0.006384398427285796,3483325675.0,0.7633195825136276,-0.00019104256783584791,-0.000970541824109982,0.9330545204785906,bist100
2025-02-18,9916.84765625,4039966200,9944.2001953125,9811.5,0.008140399298935057,0.009970260393595618,0.010241580693642,0.013381288077856773,3476880805.0,1.1619513082502695,0.0006889155081345911,-0.0004152342630001542,0.9735079663811252,bist100
2025-02-19,9763.6484375,4271206200,9953.900390625,9759.0,-0.01556894831631542,0.010168631708247743,0.010350878752761352,0.019961840276471958,3512482940.0,1.2160076712002479,-0.00032542102806732873,-0.001719925605675434,0.9823930847934055,bist100
2025-02-20,9807.4482421875,4390259900,9853.0,9754.2998046875,0.004475975825925048,0.01025028090957081,0.010359567591462683,0.010063799764747515,3531556525.0,1.2431515307545586,-0.0021742166978461763,-0.0015327247985499884,0.9894506521698901,bist100
2025-02-21,9602.1494140625,4099048700,9829.900390625,9474.0,-0.0211551510063022,0.011145019399793859,0.010723202402264997,0.037064658679834564,3581006445.0,1.1446638711648562,-0.005655443643091362,-0.0025514103656027833,1.0393368493575916,bist100
2025-02-24,9574.7490234375,2670499500,9706.0,9546.7001953125,-0.0028576476389658998,0.010982204083582824,0.010729246344455403,0.016637491415969107,3542930995.0,0.7537543078792027,-0.005393074367344699,-0.002162025619053076,1.0235764685613862,bist100
2025-02-25,9451.5498046875,2797791200,9605.5,9437.7001953125,-0.012950594516670378,0.010678103965384957,0.010854598250585268,0.017753681476055876,3506149510.0,0.7979668841902866,-0.009611273130465786,-0.0034253729664612577,0.9837401365646311,bist100
2025-02-26,9573.1494140625,2901856700,9629.2998046875,9422.2001953125,0.012783515149298286,0.011270122560297559,0.010978496464819316,0.021633383165500432,3482650455.0,0.8332322572981272,-0.003940780437343046,-0.002564401276367188,1.0265633911176053,bist100
2025-02-27,9741.0478515625,3429049800,9782.2001953125,9563.2998046875,0.01738645045945787,0.012112758607263668,0.01103910385574553,0.02247195516957527,3492906615.0,0.9817181442166899,-0.0013586855106364816,-0.0017203756999695451,1.0972592309618803,bist100
2025-02-28,9658.6494140625,3139822500,9749.7001953125,9623.900390625,-0.008494867922890314,0.012133753285116088,0.011061130590610134,0.013024575103051356,3490796730.0,0.8994572708907058,0.0011733711060458955,-0.0017582968947459112,1.0969722476124195,bist100
2025-03-03,9911.046875,4464860400,10029.7998046875,9748.0,0.025796154765830318,0.012511073558337475,0.01154767576119055,0.028432899999527042,3503196020.0,1.2745105824823357,0.006904131587005138,0.0006944256692514468,1.0834278531083037,bist100
2025-03-04,9897.947265625,3096365300,9958.7998046875,9859.599609375,-0.0013225922721312013,0.01250262197597284,0.011389811810266624,0.010022299841606205,3484471425.0,0.8886183648356364,0.009229732035912975,0.0004613046504545521,1.097702243394675,bist100
2025-03-05,10188.8466796875,4067928600,10203.2001953125,9984.7001953125,0.028966270513271133,0.01380744217591532,0.01178688860043941,0.021445017956311183,3468153980.0,1.172937713682482,0.012466283108707543,0.002356698110745638,1.1714238289653967,bist100
2025-03-06,10459.0439453125,5194444900,10459.099609375,10186.400390625,0.02617339418979141,0.014648500560092707,0.012087283318144485,0.02607305411239021,3569228505.0,1.4553410891802794,0.01422367185477425,0.003039651453065686,1.211893539229243,bist100
2025-03-07,10507.0439453125,4322849500,10556.7998046875,10407.400390625,0.004578830739729828,0.01453284371644888,0.012082757501744541,0.014218976796908844,3604032550.0,1.1994479628104358,0.01683841158729828,0.0027153886374607908,1.2027754189679456,bist100
2025-03-10,10422.14453125,3491440900,10544.0,10380.2001953125,-0.008113059886929268,0.014418801368876827,0.012136319627129494,0.01571651632697655,3625981655.0,0.9628953569540329,0.010056568656746364,0.0028441458271427538,1.1880703386094973,bist100
2025-03-11,10438.244140625,4479643200,10522.099609375,10357.099609375,0.0015435582552923545,0.014419981304760562,0.01211117388195855,0.01580725625661793,3689102215.0,1.2142908867598292,0.010629798762231076,0.0027342932939532286,1.1906344872350758,bist100
2025-03-12,10580.244140625,4553520700,10620.900390625,10470.599609375,0.013512119291562378,0.01425896986216266,0.012099413836130194,0.014205795183202774,3736769875.0,1.2185713469979202,0.0075389685178893235,0.003934762540296638,1.1784843510008554,bist100
2025-03-13,10727.54296875,4024056400,10744.0,10625.400390625,0.013826041514745221,0.014262820771375171,0.012213175580814847,0.011055617276061074,3765262335.0,1.0687320143922987,0.005069497982880085,0.003940066907292935,1.1678224616519903,bist100
2025-03-14,10840.5419921875,3774862100,10863.0,10726.2998046875,0.010478450688767895,0.014213856271749582,0.012188864540724497,0.012610088629426123,3793418170.0,0.9951083510521593,0.006249421972687698,0.004651440255735144,1.1661345668630034,bist100
2025-03-17,10862.0419921875,4653486100,10902.599609375,10809.099609375,0.001981331536279761,0.014078855849395,0.011987655742591998,0.00860795788372478,3893147940.0,1.1953016355191475,0.008268300257329504,0.004958981533434092,1.1744461262240784,bist100
2025-03-18,10802.142578125,4178140300,10872.2001953125,10752.0,-0.0055298242596187805,0.01424710374240752,0.01200039420186772,0.011127440176165862,3900056645.0,1.0713024656594443,0.006853623754347277,0.0042754703555064,1.1872196448505106,bist100
2025-03-19,9860.2470703125,4795426200,10378.099609375,9806.5,-0.09123327517590252,0.02544186804058542,0.016920653850291595,0.057970110211131284,3926267645.0,1.2213701748292303,-0.014095455139145702,0.000492254012527045,1.5035983990740984,bist100
2025-03-20,9810.8486328125,6763324600,10156.7001953125,9660.599609375,-0.005022449393272204,0.025452241395024975,0.016924931966515334,0.05056653144951046,4044920880.0,1.6720536199956524,-0.017865153320749186,1.733275156718247e-05,1.5038312381627448,bist100
2025-03-21,9044.5517578125,4999930100,9758.5,8984.5,-0.08132621603206422,0.03103138161646155,0.019560424986582645,0.08557638020385416,4089964950.0,1.222487273393382,-0.03622608666491561,-0.0029912204997209185,1.5864369837438264,bist100
2025-03-24,9299.3505859375,6077570000,9386.5,8872.7998046875,0.027782007535643756,0.03178548208326808,0.019891377016968442,0.05524043755155534,4260318475.0,1.4265529761833122,-0.031065951465042808,-0.0014592377409904356,1.5979528242893042,bist100
2025-03-25,9715.5478515625,5494342400,9811.599609375,9404.2001953125,0.04378290532536158,0.03320580662801341,0.02065217979171054,0.0419327268299111,4395146035.0,1.2500932520209196,-0.021203405548046738,0.0013774372511111623,1.6078596527298148,bist100
2025-03-26,9649.44921875,4418731600,9749.400390625,9566.7998046875,-0.006826635632486548,0.033140741805294756,0.020656353552517465,0.01892342058059499,4470989780.0,0.9883117200952314,-0.004322077639363544,0.0003969297120219206,1.6043849037070617,bist100
2025-03-27,9612.7490234375,4645849700,9830.7998046875,9593.7001953125,-0.003810597239243205,0.032906934405156386,0.02058431054462939,0.024665120122964956,4531829775.0,1.0251597987261116,-0.004079707208557744,-0.000662922672913133,1.5986415641082554,bist100
2025-03-28,9659.44921875,4104856500,9669.2001953125,9416.0,0.004846389200801453,0.03287502171366201,0.020537229114416404,0.026212694904075066,4580081475.0,0.8962409342292322,0.013154813838015391,4.14018327145535e-06,1.6007525421520916,bist100
2025-04-02,9523.2490234375,3209925600,9643.2001953125,9517.7001953125,-0.014200555352694034,0.03243709095174884,0.02060946754030804,0.013178275574978053,4517334735.0,0.7105795315830187,0.004758301260347833,-0.001995695322654762,1.57389272130919,bist100
2025-04-03,9484.2490234375,3069845000,9627.7001953125,9484.2998046875,-0.004103649479127418,0.03244001444600094,0.020568998012792886,0.015119846628934836,4516008720.0,0.679769502305124,-0.004819009700549967,-0.002134748183004573,1.577131488166068,bist100
2025-04-04,9379.75,3136667000,9524.7998046875,9339.7001953125,-0.01107931486362041,0.03164547500007514,0.02058996185451319,0.019733959793704525,4469445640.0,0.7018022485670057,-0.005669545546776739,-0.00413702745184915,1.536937038722034,bist100
2025-04-07,9407.150390625,4344745100,9506.7001953125,9050.599609375,0.002916969748471654,0.030891388532750468,0.020536764984787223,0.048484457779269886,4426960650.0,0.9814284434626723,-0.004324032149233768,-0.0052998486739151375,1.5041993495876063,bist100
2025-04-08,9477.0498046875,2987299200,9562.2001953125,9412.099609375,0.007402985836947791,0.030945329321238137,0.020537564662246207,0.015838324059799482,4360183135.0,0.6851315890886313,-0.0038127128220044994,-0.00515864091905424,1.5067672253334066,bist100
2025-04-09,9275.451171875,3553300600,9473.0,9275.5,-0.02150181461799546,0.03115670285799909,0.020591451704322007,0.021292764776646014,4363276120.0,0.8143652847713887,-0.005272964675064785,-0.00582807865560755,1.513089184064643,bist100
2025-04-10,9338.5498046875,3365247700,9581.2001953125,9338.599609375,0.006779721843129163,0.031243784441966422,0.020614206644362157,0.025978400395286885,4307556345.0,0.7812428742589088,-0.0030962904106134684,-0.005566270476215709,1.515643312448863,bist100
2025-04-11,9380.9501953125,3625978800,9406.5,9260.0,0.00453008500606788,0.031018860858111955,0.020621282270410185,0.01561675490753629,4261179250.0,0.8509331777113108,2.5589563324189198e-05,-0.006015372190490434,1.5042159091445746,bist100
2025-04-14,9423.5498046875,3863736400,9491.2998046875,9407.599609375,0.004530796591148396,0.03077460055664694,0.020555824420548475,0.008882023976873928,4253163250.0,0.9084383017745674,0.00034835493185953755,-0.006480134436670277,1.4971231475339584,bist100
2025-04-15,9393.75,4103788500,9492.2998046875,9383.7998046875,-0.003167280099546739,0.030529119701280555,0.02049759877949913,0.011550232867598136,4269609570.0,0.9611624746287984,-0.0017656982554393684,-0.007162420976086006,1.4893998087139135,bist100
2025-04-16,9266.05078125,3680631300,9398.7001953125,9245.2998046875,-0.013687307154428627,0.030483132922529247,0.020545989634538065,0.016555099280850923,4220966830.0,0.8719877336728562,-0.00020279676272600168,-0.007945852910621425,1.4836536698766127,bist100
2025-04-17,9395.9501953125,4975285600,9438.2998046875,9256.900390625,0.01392149879130269,0.030872089797020594,0.020638509500533104,0.019306127671153202,4260824095.0,1.1676815303965278,0.0012255586269087036,-0.006973286758075353,1.4958488061467399,bist100
2025-04-18,9317.150390625,3193961800,9433.7998046875,9289.0,-0.008421936289081146,0.023695546644831894,0.02060351611684248,0.015541211488138997,4180750875.0,0.7639684581779822,-0.0013648456321211015,-0.002832719813734284,1.150072954075145,bist100
2025-04-21,9321.5498046875,4667730300,9477.7998046875,9268.099609375,0.00047207306283183397,0.023700673915163305,0.020603097584409445,0.022496280093579363,4075971160.0,1.1451823667957455,-0.002176590337784414,-0.002557993690929082,1.1503451759165488,bist100
2025-04-22,9312.0498046875,3659290300,9409.099609375,9286.400390625,-0.001019663513465979,0.014775857668056143,0.02060300758683141,0.01317639202146832,4008939170.0,0.9127826950789079,-0.001747067020568262,0.0014573339350008297,0.7171699377279394,bist100
2025-04-24,9490.849609375,3674589600,9493.7998046875,9301.400390625,0.019018896002776144,0.014067083344497015,0.02073197474256067,0.020272095964143096,3888790150.0,0.9449184600511292,0.004794173610872692,0.0010191783583574493,0.678521150019477,bist100
2025-04-25,9432.5498046875,3523022500,9531.400390625,9427.900390625,-0.006161682461400752,0.009888534477507573,0.020669965401609636,0.010972642831799917,3790224155.0,0.9295024135584403,0.0007775373603320041,-0.0014780510309806674,0.4784011141468829,bist100
2025-04-28,9306.9501953125,3338854600,9464.5,9307.0,-0.013404999083297068,0.01018089065864626,0.02072630088715919,0.016922836879402856,3736230305.0,0.8936426096463558,-0.00021907519851118023,-0.0018069692035211937,0.4912063524540333,bist100
2025-04-29,9224.7509765625,3046991700,9312.2001953125,9216.7998046875,-0.00887125872271847,0.010295551680819031,0.020747605542139287,0.010341784929195984,3656287405.0,0.8333567256866121,-0.002087741555621241,-0.0020600022776949565,0.4962284278977793,bist100
2025-04-30,9078.3525390625,3727542700,9250.099609375,9058.2001953125,-0.015997457429647376,0.010609827667573736,0.020817114415639108,0.021138131972380642,3637421715.0,1.0247760617440533,-0.00508330033885752,-0.0031021946092173983,0.5096685090803448,bist100
2025-05-02,9167.55078125,2829490500,9194.7998046875,9103.7001953125,0.009777422495140816,0.010644405929025571,0.020671440462354265,0.00993718077475198,3618399960.0,0.7819728419408892,-0.006931595040384586,-0.0019032957168256554,0.51493295536954,bist100
2025-05-05,9112.15234375,3683513100,9240.7001953125,9087.7998046875,-0.006061215187676514,0.01067466086858639,0.020673091209362116,0.016779832563913834,3649083365.0,1.0094351735918754,-0.0069115015856397385,-0.00200117400225311,0.5163553316957364,bist100
2025-05-06,9134.6513671875,3100768400,9228.400390625,9105.400390625,0.0024660795607091127,0.010496588758957285,0.020653366637540346,0.013465210116483176,3647288435.0,0.8501571661414269,-0.003737285856838503,-0.0013239042810366344,0.5082265251553849,bist100
2025-05-07,9074.5517578125,3459697500,9189.5,9032.5,-0.006601038737668423,0.010509951793120954,0.020588151925568912,0.01730113003816799,3603036055.0,0.9602172854193101,-0.0032832418598284932,-0.001799804705343638,0.5104854399324884,bist100
2025-05-08,9279.1513671875,3052819400,9302.599609375,9093.7001953125,0.022296109262660783,0.011660897562051032,0.020753373899565625,0.022512771458950472,3606312065.0,0.8465211398725695,0.004375471478633139,-0.0010551485340579883,0.5618796065874907,bist100
2025-05-09,9390.4501953125,3664624700,9421.400390625,9231.7998046875,0.011923141078441222,0.010949795891519322,0.020782810385118117,0.02019078766129278,3611878270.0,1.0146036012448447,0.00480461519529322,0.0006160992507638458,0.5268679109616526,bist100
2025-05-12,9747.0478515625,4491760300,9767.7998046875,9570.5,0.037271218512533615,0.013644323144634894,0.0213497629842631,0.020242006368715208,3668203900.0,1.224512165204339,0.013471101935335244,0.0021406740842340685,0.6390854621989068,bist100
2025-05-13,9700.1484375,4159027300,9747.900390625,9652.099609375,-0.004823266478857889,0.013718210048656301,0.021316055896891957,0.009876218066894918,3694856325.0,1.125626258282181,0.012013232727421845,0.00167300650998778,0.6435623041623061,bist100
2025-05-14,9701.5478515625,3673880400,9771.7001953125,9658.599609375,0.00014425687775724525,0.013705174736494791,0.02123839787410535,0.011657993927153014,3685363525.0,0.9968841269193383,0.01336229185050698,0.0014536795243182223,0.6453017227445698,bist100
2025-05-15,9541.2490234375,3420683000,9761.099609375,9518.5,-0.016661043326151904,0.014265324742927509,0.021338478029114226,0.02542639949749438,3651208250.0,0.9368632972386607,0.005570861332744441,0.000778991362987964,0.6685258772187921,bist100
2025-05-16,9668.3486328125,3783035600,9677.599609375,9516.900390625,0.013233120901667466,0.014097566769962456,0.02140698659074936,0.01662116508755363,3656328465.0,1.0346541992090965,0.0058328572973896904,0.002125012765792769,0.6585498014958566,bist100
2025-05-20,9513.94921875,3300322700,9683.2998046875,9514.0,-0.016098462213633858,0.014370958365793962,0.021473855125320563,0.017794903125386202,3572580320.0,0.9237924425447207,-0.004841078847843803,0.0006240147155459414,0.6692304796658831,bist100
2025-05-21,9398.8505859375,3201755900,9530.099609375,9398.900390625,-0.01217165675931277,0.01451888316969616,0.0214384109470148,0.013959070585322362,3572970025.0,0.8961048868580979,-0.006310756903934779,0.0004365286920343602,0.6772369092830477,bist100
2025-05-22,9475.150390625,3689453800,9521.0,9353.900390625,0.00808521949637556,0.014619317805916993,0.021458048491231778,0.017635562760073276,3524056200.0,1.0469338712589202,-0.004722564380211116,0.0008171860137115465,0.6812976404583465,bist100
2025-05-23,9355.9501953125,3415316200,9505.7001953125,9326.099609375,-0.012660097784770574,0.014924816468933703,0.021347694047879645,0.0191964025233357,3511857495.0,0.972509905331452,-0.003922375271934851,0.00023516430014631668,0.6991301465844321,bist100
2025-05-26,9345.150390625,2468712900,9427.099609375,9296.2998046875,-0.0011549914764057913,0.01425520672301381,0.02134554776405704,0.013996543578230436,3451563660.0,0.7152447827081364,-0.006799997747549502,-0.00077353007381278,0.6678304478565602,bist100
2025-05-27,9213.55078125,2587950500,9391.0,9213.599609375,-0.014182222551843503,0.014525027131513227,0.02135840562011179,0.01925429129733761,3404810060.0,0.7600865993681891,-0.006416749815191432,-0.0011745570783349177,0.680061395492741,bist100
2025-05-28,9177.6513671875,2526357600,9248.0,9116.099609375,-0.003903981846125064,0.01425686248748105,0.02129203848960769,0.014371911216477271,3364185210.0,0.7509567524672638,-0.00476321483255389,-0.0006995062164763174,0.6695865449632548,bist100
2025-05-29,9170.55078125,2948378600,9265.599609375,9162.400390625,-0.0007739816941759678,0.014126969624317877,0.021159193540141327,0.011253328312733396,3359254555.0,0.8776883536889333,-0.006535055070664196,-0.0002946423650491923,0.6676516095718608,bist100
2025-05-30,9019.5517578125,3052560700,9176.2001953125,8985.5,-0.01660270926677047,0.014162980791653785,0.021233590961714864,0.021142979211502443,3325505455.0,0.9179238288153703,-0.007323577367064174,-0.00032490495690534694,0.6670082708662085,bist100
2025-06-02,9008.8525390625,2776663000,9083.7998046875,8965.0,-0.0011869292289993516,0.013962139951822172,0.02093707905239888,0.013187007354419725,3322864080.0,0.8356234059384097,-0.007329964917582888,-0.0008731225431123553,0.6668618825424194,bist100
2025-06-03,9276.951171875,3292121700,9299.2998046875,9077.0,0.029325245949455032,0.015434583112684471,0.02131418909589713,0.023962592943406656,3303294510.0,0.9966176766963476,0.0013715287826768202,0.000896200513744222,0.7241459219133768,bist100
2025-06-04,9474.9501953125,2537960800,9475.0,9255.5,0.021118539218909337,0.016084290327266552,0.021150131839104136,0.023166348685251376,3275154130.0,0.7749133931599121,0.006376032995683701,0.0018288234966542332,0.760481799812168,bist100
2025-06-05,9486.548828125,1046423000,9495.7001953125,9421.7001953125,0.0012233879024839797,0.015963158907244552,0.020845687078743094,0.007800518538481604,3154490405.0,0.33172489551446266,0.0067755069150156905,0.002220044828661853,0.7657775369526013,bist100
2025-06-10,9659.2490234375,3511944800,9679.099609375,9546.599609375,0.01804102193171074,0.01570781915344326,0.020985589596079764,0.013717422511677452,3177446675.0,1.1052726164161355,0.013704253154711932,0.0020072904621143512,0.7485050196720504,bist100
2025-06-11,9686.0478515625,3285779500,9733.599609375,9630.5,0.002770579892438865,0.01553611432333042,0.02097363347311432,0.010644135869963572,3158504415.0,1.0402959971800452,0.014495754978999575,0.0015496624028142332,0.7407450093588148,bist100
2025-06-12,9520.1494140625,2971097100,9651.2998046875,9510.2998046875,-0.017275940815333107,0.013602728544350686,0.021072083219653245,0.014810691919574775,3082471255.0,0.9638685503330022,0.005175517626041947,-0.001177695563579103,0.6455331635964623,bist100
2025-06-13,9311.8505859375,3438051400,9311.900390625,9065.2001953125,-0.022122697898803678,0.014374849513768155,0.021142872686776767,0.026493143659871415,3046422460.0,1.1285537200247664,-0.0034727297975006557,-0.0020426671345763923,0.6798910312106506,bist100
2025-06-16,9349.9501953125,3041103000,9434.099609375,9218.7998046875,0.004083171046089956,0.014433253229343695,0.021055496202419845,0.023026839736048896,3014783590.0,1.0087301158488793,-0.0029007731687794606,-0.0018457214261597566,0.6854862545431214,bist100
2025-06-17,9339.5498046875,2600371700,9419.5,9328.599609375,-0.001112966285729939,0.014005662781396182,0.02098942316688162,0.009732845000663445,2973768025.0,0.8744366333012811,-0.006731570812267597,-0.0010683175741386588,0.6672724004866967,bist100
2025-06-18,9196.05078125,3226657600,9330.599609375,9143.7998046875,-0.015483921308444072,0.013934165266596996,0.02104747458667796,0.02031304623375608,2945949125.0,1.095286260247281,-0.010382471052444183,-0.0025041696846442355,0.6620350203637567,bist100
2025-06-19,9101.9521484375,2857735500,9294.7001953125,9092.7001953125,-0.01028521666507868,0.013694233291536528,0.02106696843067269,0.022193041306493425,2923819765.0,0.9773979689886938,-0.008984326222393299,-0.0022135074072164767,0.6500334082998982,bist100
2025-06-20,9203.3515625,2684331700,9259.2001953125,9146.900390625,0.011078805662890838,0.013790920223313779,0.017656817779763294,0.012202055297450233,2897948555.0,0.9262868712312251,-0.002344025510054395,-0.0010509842861062962,0.7810535508340427,bist100
2025-06-23,9141.2509765625,2492313200,9175.2998046875,9077.7998046875,-0.006770473552180976,0.0136725000382488,0.017664757529587537,0.010665936232358446,2838091525.0,0.8781651958881065,-0.004514754429708582,-0.001793768938534123,0.7739987381852304,bist100
2025-06-24,9448.8505859375,3762868800,9483.099609375,9302.900390625,0.033095858556941825,0.015468706127233719,0.01481145561914699,0.01907102002630735,2855469155.0,1.3177760275964179,0.002327010538825771,0.0004940288785514966,1.0443744710166833,bist100
2025-06-25,9418.4501953125,2669240800,9484.0,9395.0,-0.0032225507279545953,0.015487204347530427,0.014386370798705203,0.009449537679170901,2865495550.0,0.9315110609751253,0.004779284654923666,0.0003906509159740565,1.076519197525779,bist100
2025-06-26,9301.0498046875,2552976900,9464.7001953125,9301.099609375,-0.01254327624935389,0.015410181178450971,0.013291069657042827,0.017589475314394008,2863746870.0,0.891481341016708,0.004327672738068623,0.00047259823109853713,1.1594387491818798,bist100
2025-06-27,9404.8505859375,3237572100,9431.400390625,9235.2998046875,0.011098299951166138,0.015550423341700951,0.013352943370052156,0.020851004930446983,2899307595.0,1.1166707891164613,0.004331571595723683,0.0012227123209630972,1.1645689576260227,bist100
2025-06-30,9948.447265625,5684934600,9949.5,9450.7998046875,0.056190909322704756,0.019801333833621797,0.015212623628096352,0.05012844537415053,3036135395.0,1.8724245991671264,0.01692384817070083,0.004070956871807133,1.3016383181301159,bist100
2025-07-01,10080.3466796875,4937295200,10137.400390625,9940.400390625,0.013171169591118968,0.019277547366704686,0.015290033891099859,0.019542978655383625,3130372120.0,1.5772230938473857,0.012938910377536259,0.005559650814701606,1.2607916701823605,bist100
2025-07-02,10188.9462890625,5177486400,10307.0,10103.7001953125,0.010715780637212947,0.01924200233642932,0.015216363064913004,0.01995297638439175,3250413290.0,1.5928701792872624,0.015726576650569764,0.0061547863080122205,1.2645598855878333,bist100
2025-07-03,10228.345703125,3998486200,10379.2998046875,10180.400390625,0.0038594210223877328,0.01845451237677429,0.01520469828809655,0.01944590257657517,3285731515.0,1.2169242014285515,0.01900711610491809,0.0048814950616588556,1.2137374926552773,bist100
2025-07-04,10275.7451171875,3238914900,10314.2998046875,10188.7001953125,0.0046234187033226005,0.018054933812682892,0.015123653525989602,0.012222919889762405,3320779220.0,0.9753478582656272,0.017712139855349383,0.004056739035879519,1.193820909851972,bist100
2025-07-07,10107.646484375,3585009800,10183.5,10093.2001953125,-0.0164940601714926,0.018626868165905922,0.015299864494468931,0.008933811132699466,3447708560.0,1.0398239113343153,0.003175145956509913,0.00317086663218069,1.2174531462445135,bist100
2025-07-08,9998.1474609375,3494377700,10203.599609375,9957.7998046875,-0.01089239314320303,0.01853452080395656,0.015356292337159823,0.024584534849864278,3446830205.0,1.0137945567875746,-0.0016375665903544865,0.001724195878435001,1.206965874119622,bist100
2025-07-09,10167.24609375,3942213400,10172.0,9986.7001953125,0.016771564222924435,0.018838046277753023,0.015204471889912436,0.018225171593063662,3479651900.0,1.1329332684111304,-0.0004264098732121892,0.0024242450949592794,1.2389806376801102,bist100
2025-07-10,10331.2451171875,4702200100,10365.099609375,10266.2998046875,0.016001423812460717,0.018472513109298455,0.015304716852441618,0.00956320400559778,3566207050.0,1.3185437732786716,0.0020019906848024083,0.004088113326348971,1.20698169638803,bist100
2025-07-11,10358.4453125,3970934000,10441.099609375,10270.0,0.002629349247693862,0.017423410214497295,0.01530069193038439,0.016517885089235008,3592851180.0,1.1052319734545755,0.0016031767936766604,0.0053257156836738475,1.1387334830196518,bist100
2025-07-14,10225.4453125,3816506800,10358.599609375,10225.5,-0.012922906883973715,0.017895805478353424,0.01541055280346792,0.013016509824984701,3631621370.0,1.0509098860160084,0.0023174074511804373,0.004475411787170665,1.1612695343625983,bist100
2025-07-16,10121.4462890625,4947250800,10306.7001953125,9990.099609375,-0.010222684738198807,0.018159515331075075,0.015472486050543098,0.03128017250653465,3748965325.0,1.3196309837835056,0.0024513491321812818,0.004019925864547221,1.1736649993901698,bist100
2025-07-17,10370.6455078125,4385813200,10386.7998046875,10178.400390625,0.024322700336390383,0.01809065793295976,0.015628152707911812,0.020095124638626095,3806923105.0,1.1520624606889716,0.0039615763548744715,0.0060102569467889435,1.1575685412775174,bist100
2025-07-18,10366.1455078125,4043577600,10407.400390625,10334.7998046875,-0.0004340112283762798,0.017754613935760926,0.015550326917874452,0.007003624045483848,3866215210.0,1.0458749397967424,0.000674489346707072,0.006502817218624064,1.1417518120054915,bist100
2025-07-21,10616.1435546875,4696216500,10641.0,10413.2001953125,0.0238305627271377,0.018152106928463207,0.01575282183622144,0.02145786777599821,3966809450.0,1.1838775114342839,0.00491473204259584,0.007140405071836406,1.1523082732215597,bist100
2025-07-22,10616.04296875,4589750100,10680.2001953125,10593.400390625,-9.474854357512374e-06,0.01794113681870467,0.01575382695645536,0.008176286111784677,4071681295.0,1.1272370717315683,0.00749741844851908,0.0074784550067275805,1.1388430803699432,bist100
2025-07-23,10591.943359375,4768832500,10673.099609375,10571.7001953125,-0.002272692878548301,0.017001687556326302,0.01575895299564782,0.009573258713921529,4121979480.0,1.1569277632599957,0.00908741682044918,0.005710027434953074,1.078858954717467,bist100
2025-07-24,10689.04296875,5054359700,10783.099609375,10592.0,0.009125543498044685,0.01688403363081905,0.01563065627688509,0.017878084121627176,4241235425.0,1.1917187313411162,0.006047985452780041,0.006327432146253037,1.080187122775355,bist100
2025-07-25,10642.54296875,4019066700,10723.0,10622.900390625,-0.004359739007648128,0.01649737573886633,0.015616469595144908,0.009405610075423263,4314539915.0,0.9315168660341389,0.005262839896925673,0.006736609008338326,1.0564087893460434,bist100
2025-07-28,10542.0439453125,4598116000,10682.2998046875,10540.900390625,-0.009488009161910272,0.01684937731140864,0.015559011447241524,0.013412903114046778,4382567110.0,1.049183249129983,-0.0014008744808839224,0.005707293552684505,1.0829336663542264,bist100
2025-07-29,10487.244140625,4746573200,10589.599609375,10487.2998046875,-0.005211772125186134,0.01208793410906118,0.015522497204870448,0.009754688964588492,4335649040.0,1.0947780035258574,-0.0024413339350496466,0.0026371594802899606,0.7787364332891221,bist100
2025-07-30,10618.943359375,6994997000,10648.900390625,10481.5,0.012479840620425137,0.012057175142014702,0.015393417118696778,0.015764317122683353,4438534130.0,1.5759700827173768,0.000509172764745041,0.0026025930317552693,0.7832682664962095,bist100
2025-07-31,10743.1435546875,5169761000,10747.900390625,10640.7998046875,0.011628226707740668,0.012091168151173894,0.01540986392555713,0.009969203649966061,4438147860.0,1.1648464997288306,0.0010097094066842376,0.0026482153352816555,0.7846382167671704,bist100
2025-08-01,10746.943359375,5082905900,10774.900390625,10702.5,0.00035363325818974466,0.012098095018026882,0.015370651490086838,0.006736835600965755,4492368845.0,1.131453376909883,0.0019523838598518122,0.002472925947071756,0.7870905814128593,bist100
2025-08-04,10853.4423828125,4627162600,10926.2998046875,10806.7998046875,0.009860924493208561,0.012203322430079199,0.015397957647598654,0.011010331633513813,4561781230.0,1.0143324211976732,0.005822170590875578,0.0027348012365660543,0.7925286397954429,bist100
2025-08-05,10849.9423828125,4106860600,10899.900390625,10839.400390625,-0.0003225303396808636,0.011369448291893448,0.015353749712998134,0.005576066477167532,4587873770.0,0.8951555351968631,0.006800018947976634,0.0035433777281566404,0.7404997804717588,bist100
2025-08-06,10900.9423828125,5618364500,10926.2998046875,10800.599609375,0.0046894730041494755,0.01085018811594938,0.01514511545850304,0.011531131061722821,4694073110.0,1.1969060490410641,0.005241945424721501,0.004322471035524266,0.716415014839499,bist100
2025-08-07,10956.041015625,5866227400,11044.400390625,10935.2001953125,0.005041752425021032,0.010451550076842757,0.015099957254369047,0.00996712180583878,4790273810.0,1.2246121271301609,0.003924650568177574,0.003735980445629096,0.6921575936129678,bist100
2025-08-08,10972.541015625,6476361400,11015.7001953125,10938.400390625,0.0015048855498656065,0.010051164592212787,0.014396415842215455,0.007044840805554918,4878981875.0,1.3274001760869423,0.004154901026512745,0.00301115353249934,0.698171315858991,bist100
2025-08-11,11038.2412109375,5117157400,11090.2001953125,11004.7001953125,0.005969836942636815,0.01007221915035508,0.014377463535394088,0.007745799205337198,4936293045.0,1.0366397118953865,0.003376683516398396,0.003178177917246488,0.700556056049771,bist100
2025-08-12,10954.44140625,5536909400,11044.7998046875,10935.900390625,-0.007620735651595988,0.009688594284939775,0.014430707296653566,0.009941119772694936,5022313175.0,1.1024619945170981,0.0019170424540153718,0.003443286478865374,0.6713873468410331,bist100
2025-08-13,10949.9423828125,5286842000,11026.5,10911.099609375,-0.0004107874975248518,0.009196079758822778,0.014225102576281125,0.010538903912968292,5039292735.0,1.049123811220703,0.000896990353680506,0.003933881340899071,0.6464684320910474,bist100
2025-08-14,10824.5419921875,7416283200,10963.099609375,10823.599609375,-0.011518231602137982,0.00847791250977418,0.014261373410687153,0.012887381295271677,5190816235.0,1.4287316029402841,-0.002415006451751297,0.002141834743972654,0.5944667645698851,bist100
2025-08-15,10870.5419921875,6560089100,10905.400390625,10786.7998046875,0.004240598373962895,0.008467592205763146,0.014067130098070018,0.010910273473276357,5316641810.0,1.2338783266650044,-0.0018678638869318392,0.0023755652240896124,0.6019417000291255,bist100
2025-08-18,10929.7421875,7954065300,10942.599609375,10850.2001953125,0.0054311531304436144,0.006861007381232561,0.013944888497891685,0.008453942689350374,5479534250.0,1.4515951424156168,-0.0019756006493704794,0.0014555947442549083,0.49200876595534415,bist100
2025-08-19,10961.94140625,9390284400,10993.599609375,10915.599609375,0.002941687132634618,0.00685957493399046,0.013925862317417836,0.007115527907814573,5719560965.0,1.641784125995412,0.000136883907475642,0.0016031528436045149,0.49257810953730424,bist100
2025-08-20,11134.6416015625,7883999600,11157.2998046875,10933.599609375,0.015631712093307007,0.007468430067946173,0.013885197157306479,0.020090471100669163,5875319320.0,1.3418844441632833,0.0033453838256420135,0.00249837309219728,0.5378699332343464,bist100
2025-08-21,11313.8408203125,1046732400,11334.5,11187.0,0.01596571402166313,0.00793022862018281,0.013976057126096168,0.013037128800255288,5674937955.0,0.18444825446554156,0.008842172950402235,0.0028403816183782027,0.5674152980797027,bist100
2025-08-22,11372.2998046875,1133918500,11398.2998046875,11289.5,0.00515372929534334,0.007759091543020774,0.013790477979593294,0.009567089028259198,5530680545.0,0.20502332231521067,0.009024799134678326,0.003316055033527776,0.5626412336470445,bist100
2025-08-25,11477.7998046875,10165200000,11519.599609375,11447.2001953125,0.009234161029100504,0.007245399504830744,0.013775083889800789,0.006307778084170129,5809034745.0,1.7498948527979583,0.009785400714409703,0.004252163543078315,0.5259786120210354,bist100
2025-08-26,11529.7998046875,12266700000,11605.2998046875,11430.099609375,0.004520253257574617,0.006894660953332948,0.013762712072867124,0.015195423882491997,6185041085.0,1.9832851280081674,0.010101113939397704,0.004738764812216353,0.5009667365580958,bist100
2025-08-27,11359.0,7870100000,11565.0,11359.0,-0.014924589887666229,0.007921867690394418,0.013722159926960504,0.0181353992428911,6228796235.0,1.263502561823649,0.003989853543203055,0.0033685432868117834,0.5773047197059693,bist100
2025-08-28,11368.7998046875,6767600000,11478.2998046875,11347.599609375,0.0008623628665363173,0.007693562398630572,0.01371197317045093,0.011496393423922432,6308688185.0,1.072742827279234,0.0009691833121776933,0.0028302500947515663,0.5610835364825588,bist100
2025-08-29,11288.099609375,7167500000,11405.5,11262.7998046875,-0.007123705244302811,0.00799598324039714,0.013368562410391999,0.01264164919256954,6412917890.0,1.1176659553331658,-0.0014863035957515367,0.0024563831696269387,0.5981184060734529,bist100
2025-09-01,11280.0,6947600000,11334.400390625,11244.2998046875,-0.0007177928016054045,0.00782853051189271,0.013170193588546085,0.007987640597296099,6528939760.0,1.0641237712997371,-0.0034766943618927187,0.0019274473048862405,0.5944127137737036,bist100
2025-09-02,10877.5,11272000000,11331.599609375,10616.599609375,-0.03633481045721477,0.01160427703189486,0.014110526420314469,0.06573201562859113,6887196730.0,1.6366600871004886,-0.011647707104850597,0.00012683329900954507,0.8223844161610128,bist100
2025-09-03,10737.7001953125,8133000000,10877.5,10612.2998046875,-0.012935503976712934,0.01190488764414211,0.014090772302065789,0.024698044319422522,7012928505.0,1.1597152308342262,-0.011249889922659937,-0.0007544155500335754,0.8448711957680833,bist100
2025-09-04,10828.900390625,7515000000,10870.7001953125,10763.099609375,0.008457590577056966,0.012016398319204343,0.01411676065013348,0.0099364277125177,7095367135.0,1.0591418114124125,-0.009730844380555808,-0.0005836236424317787,0.8512149930863014,bist100
2025-09-05,10729.5,9124700000,10961.7001953125,10727.099609375,-0.009221564978630997,0.012156830580689273,0.01396924395613099,0.02186500637844261,7227784065.0,1.2624477873081008,-0.010150416327421443,-0.001119946168856609,0.8702568742350396,bist100
2025-09-08,10449.400390625,7417400000,10626.7001953125,10406.900390625,-0.02645235935738227,0.013272227152818774,0.014106439749709846,0.02103468107937563,7342796195.0,1.0101601355966818,-0.015297329638576818,-0.002741055983857563,0.9408629950793763,bist100
2025-09-09,10486.099609375,7032000000,10594.099609375,10398.7998046875,0.0035059355010343546,0.013290106622537748,0.014105136895371243,0.018624637564275473,7417550725.0,0.948021828323931,-0.007329180446926993,-0.0021847224262260463,0.9422174858082408,bist100
2025-09-10,10586.2998046875,5534800000,10590.599609375,10445.7998046875,0.009510160522706623,0.01354255267919561,0.014133176160063644,0.013678037402963422,7429948625.0,0.7449311266267336,-0.002840047547043082,-0.0016886750252144724,0.9582101380341549,bist100
2025-09-11,10382.900390625,8218000000,10735.2001953125,10366.7001953125,-0.01940043413168306,0.01395216206716019,0.014224460385222033,0.035491046445242654,7470034465.0,1.1001287930470076,-0.008411652488791086,-0.002082785151691726,0.9808570370553573,bist100
2025-09-12,10372.0,5939400000,10435.5,10265.7001953125,-0.0010503920926688709,0.013875906092420301,0.014138726364640907,0.016370980012292712,7439000010.0,0.7984137642177527,-0.006777417911598661,-0.0023473346750233146,0.9814113191356554,bist100
2025-09-15,11000.2998046875,9347500000,11008.400390625,10264.2998046875,0.05881265972213357,0.019460939837271613,0.01588341547961818,0.0676436641863543,7508671745.0,1.2448939462861017,0.010275585904304507,0.00032174065456118324,1.2252364651824517,bist100
2025-09-16,11183.0,9370400000,11194.900390625,11000.0,0.01647224064749987,0.019789226394019248,0.0159251428745883,0.017428274222033444,7507677525.0,1.2481090149113723,0.01286884693359761,0.0009982683303044458,1.2426404302844185,bist100
2025-09-17,11165.900390625,8496300000,11244.2001953125,11147.2001953125,-0.00153024197279383,0.01949113860574754,0.0154495943134357,0.008687163292397106,7538292545.0,1.127085470520168,0.01066076643449752,0.000140170626999404,1.2615954963165035,bist100
2025-09-18,11048.099609375,7521000000,11288.2998046875,11023.0,-0.010606093951968765,0.019259879936960045,0.01552744883771667,0.024013161907263818,7862005925.0,0.9566260915785306,0.012419634470440376,-0.0011884197716821906,1.2403763257089073,bist100
2025-09-19,11294.5,8201200000,11297.400390625,11040.2998046875,0.022057449443903976,0.019912674252176975,0.015595621011048624,0.02276334374584975,8215370000.0,0.9982751841974251,0.01704120277775495,-0.00034323376425415884,1.276811884443073,bist100
2025-09-22,11468.099609375,7692500000,11540.7001953125,11452.900390625,0.015253352272324595,0.02010955886008917,0.015640283484304487,0.007656002971558162,8091735000.0,0.9506613847339291,0.008329341287793151,-4.2274202092954305e-05,1.2857541156635517,bist100
2025-09-23,11331.7998046875,6541700000,11432.7998046875,11293.5,-0.011956318395975411,0.02024981704265792,0.014136847179847091,0.012292822595566627,7805485000.0,0.8380901378966201,0.0026436294790980965,-0.0008661027847704558,1.4324139452766544,bist100
2025-09-24,11366.900390625,8781100000,11423.7001953125,11133.2001953125,0.0030927421934930366,0.019990585805553518,0.014063601325823205,0.025556659248953537,7851035000.0,1.1184639986957134,0.00356822631235547,3.476381928750761e-05,1.4214414460716647,bist100
2025-09-25,11377.599609375,5822900000,11470.2001953125,11305.900390625,0.0009408181792689006,0.019990764450106488,0.014017489703552734,0.014440638652121227,7803800000.0,0.7461621261436736,0.005877608738603003,3.868658492413677e-05,1.4261301326327942,bist100
2025-09-26,11151.2001953125,5773000000,11366.7998046875,11137.2001953125,-0.020099342865833498,0.020440934958471945,0.01429741899960389,0.02058967692746778,7734075000.0,0.7464370335172597,-0.002553749723344492,-0.0006100952961523976,1.4296940559018563,bist100
2025-09-29,11048.099609375,5908700000,11205.599609375,11048.099609375,-0.00928870082718182,0.020532949373531974,0.01435759587757994,0.014255845400448006,7682130000.0,0.7691486605928304,-0.0074621603432457745,-0.0010386406974312184,1.430110552533042,bist100
2025-09-30,11012.099609375,5808900000,11070.2998046875,10943.5,-0.0032637993519618515,0.018799335559499662,0.014181638395725941,0.011514589332224231,7408975000.0,0.7840355784707062,-0.005723656534443062,0.0006149098578314275,1.3256109791352035,bist100
2025-10-01,11220.2001953125,8434700000,11259.2998046875,10896.400390625,0.018721109885518228,0.01893061991420913,0.014260669290619523,0.03234339920370669,7424060000.0,1.1361303653257113,-0.002597982996038024,0.0021977405509429854,1.3274706487066101,bist100
2025-10-02,11082.599609375,8344200000,11256.5,11051.599609375,-0.012339467070346557,0.01913871501918276,0.014242087516589053,0.01848847723883037,7465520000.0,1.1176984322592398,-0.005254040045961117,0.0011578876685728093,1.3438138894238756,bist100
2025-10-03,10858.5,5868400000,11126.099609375,10831.0,-0.020428092165329707,0.019616668549555304,0.014386439780821717,0.027176830075516877,7302705000.0,0.803592641356867,-0.005319789905860358,0.0005975613092378737,1.3635526821379327,bist100
2025-10-06,10734.900390625,5704700000,10928.400390625,10706.099609375,-0.01144803106719823,0.01879753848518185,0.01447113273795719,0.02070822952806713,7217070000.0,0.7904454300706519,-0.0057516559538636405,0.0013477777237470758,1.298968009316691,bist100
2025-10-07,10814.099609375,5732800000,10847.400390625,10717.2998046875,0.0073506497153184094,0.018840381246452653,0.014386589417065896,0.01203064431038833,7152110000.0,0.8015536673792769,-0.003628766140407588,0.0015400134344612786,1.3095794076185636,bist100
2025-10-08,10756.2998046875,6148500000,10907.2998046875,10729.900390625,-0.005359190798146427,0.01880265972048388,0.014336283738860067,0.016492605941049628,7182795000.0,0.8560038258087556,-0.008444826277140518,0.0007965458684186259,1.311543497811585,bist100
2025-10-09,10727.0,6344100000,10862.7998046875,10684.0,-0.0027276836538504545,0.018220669871703045,0.01401253535855381,0.016668202170923838,7089100000.0,0.8949090857795771,-0.0065224695938412985,0.0016301833923102562,1.3003121423404953,bist100
2025-10-10,10720.400390625,5940500000,10784.599609375,10654.2001953125,-0.0006154227983902919,0.018217561225680374,0.014012773719720664,0.012163670134609375,7089155000.0,0.8379701106831491,-0.002559935720453416,0.0016519318570241855,1.3000681799380065,bist100
2025-10-13,10556.2001953125,5756300000,10683.0,10528.400390625,-0.01543512128247782,0.012679642052341192,0.01382318386191258,0.014645384372650515,6909595000.0,0.8330879016787525,-0.003357353763509334,-0.002060457193206384,0.9172736309525461,bist100
2025-10-14,10316.400390625,6084200000,10594.2001953125,10301.2001953125,-0.02297848368369488,0.012713395524372478,0.01413531858667211,0.028401379251067352,6745285000.0,0.9019930217922594,-0.009423180443311991,-0.004032993409766121,0.8994063661472524,bist100
2025-10-15,10464.5,6591100000,10501.2998046875,10288.7001953125,0.014253676597166339,0.013350852565600382,0.014260202574930927,0.02031627018729992,6650025000.0,0.9911391310558982,-0.005500606964249438,-0.0032437974812681127,0.9362316205150438,bist100
2025-10-16,10370.7998046875,6570900000,10562.2998046875,10335.2001953125,-0.00899443040261125,0.013308874200170462,0.014251190747863822,0.02189798411423902,6602520000.0,0.9952109194671126,-0.006753956314001597,-0.0031632143038002373,0.9338780482020699,bist100
2025-10-17,10208.7998046875,6527400000,10344.900390625,10053.7001953125,-0.01574407173943332,0.012174487692226992,0.014378614365070236,0.02852442999017296,6518830000.0,1.0013146530895882,-0.009779686102210203,-0.005053290362967102,0.8467079916825854,bist100
2025-10-20,10484.400390625,6695700000,10522.599609375,10109.0,0.026638401061795852,0.013380400954269997,0.014755559270545093,0.039449047533975795,6468990000.0,1.0350456562771004,-0.0013649816333554687,-0.004484037923493539,0.9068040532343512,bist100
2025-10-21,10467.2001953125,6689800000,10534.2001953125,10408.099609375,-0.0016418983462400981,0.013275602638938044,0.014741753538429218,0.012047212586415544,6476395000.0,1.0329512020190246,0.002902335434135488,-0.003968316921006773,0.9005443351315587,bist100
2025-10-22,10551.2998046875,7417100000,10661.900390625,10502.2998046875,0.008002479547432308,0.013457197290393083,0.014688582080831777,0.015126154018161454,6408195000.0,1.157439809493937,0.0016520960241886815,-0.00372283005330981,0.9161672118069436,bist100
2025-10-23,10608.2998046875,12483400000,10678.400390625,10563.900390625,0.005387638606475788,0.01357452981274859,0.01462604175023429,0.01079343552766163,6741220000.0,1.8518013059950573,0.004528509826006088,-0.0035004890319494655,0.9281068688684103,bist100
2025-10-24,10941.7998046875,11807500000,11158.099609375,10662.2998046875,0.030953604255031433,0.015012857223498462,0.015169451340731404,0.045312454398507444,7042945000.0,1.676500384427253,0.01386804502489904,-0.0009478416759062192,0.9896770085011267,bist100
2025-10-27,10853.400390625,6789400000,10948.099609375,10823.2001953125,-0.008111868485813696,0.014980717185213236,0.01515488897645799,0.011507860169830847,7086980000.0,0.9580103231559847,0.00691799111537713,-0.0008890000588378129,0.9885072209030817,bist100
2025-10-28,10871.099609375,3265800000,10920.5,10847.400390625,0.0016294250883556465,0.014979848694956043,0.015156280056162146,0.006724214845015355,6959825000.0,0.46923593624839705,0.007572255802296278,-0.0006443388368219381,0.9883591910051589,bist100
2025-10-30,10837.2998046875,6414800000,10946.0,10824.599609375,-0.0031139865593602977,0.014273201712465334,0.015149119941979613,0.01120208841804766,6858830000.0,0.9352615533553099,0.005348962580937758,-0.0017360936590658644,0.942180256485591,bist100
2025-10-31,10971.5,8021200000,10994.400390625,10816.900390625,0.012307132020259497,0.01437316463855747,0.015219767913421882,0.016178280089322334,6842680000.0,1.1722307633851063,0.006732861263694501,-0.0005037637045355616,0.9443747579016749,bist100
2025-11-03,11060.400390625,8573400000,11152.2998046875,11011.900390625,0.008070195629132791,0.0136903647763779,0.01525416042314421,0.012693881695413588,6977930000.0,1.2286451712757223,0.0021561795385147712,0.0009211506851875634,0.8974839910301678,bist100
2025-11-04,10914.099609375,7816000000,11083.2998046875,10871.7998046875,-0.013315701648191862,0.013785218177767592,0.015332071313946736,0.019378602685495523,7083495000.0,1.103410110404539,0.0011154129060391381,0.0008277671561378819,0.899109969911759,bist100
2025-11-05,10970.400390625,8034600000,11000.099609375,10849.0,0.005145276835957933,0.013739038259151327,0.015315754154673582,0.01377339057780658,7198585000.0,1.1161360183980602,0.001818583255559595,0.000717498512169858,0.8970526766361602,bist100
2025-11-06,11073.2998046875,7668900000,11108.099609375,10969.400390625,0.009336015328876273,0.013789808399936087,0.015362679474361506,0.012525554369194128,7274605000.0,1.054201568332576,0.004308583633206909,0.001452258818520993,0.8976173995525745,bist100
2025-11-07,10924.5,7431700000,11092.900390625,10869.0,-0.013528814295619815,0.014168432127080181,0.01539081053778017,0.020495252929195844,7328985000.0,1.0140149011084072,-0.0008586056299689535,0.000912202286432525,0.9205773855964643,bist100
2025-11-10,10789.0,6249800000,11044.5,10788.7001953125,-0.012480876774739465,0.014480742908191555,0.015466748827938841,0.023709315477569746,7344450000.0,0.8509554833922214,-0.0049688201107434046,0.00031892958761506633,0.9362499559075929,bist100
2025-11-11,10576.5,8288600000,10839.099609375,10373.7998046875,-0.019892537724135153,0.014767436174693746,0.01565689890831704,0.04399374128374226,7471065000.0,1.1094268353976307,-0.006284187325932063,9.605876553219969e-05,0.9431903636325578,bist100
2025-11-12,10640.900390625,7125100000,10706.599609375,10581.0,0.006070544667132588,0.013773609247665769,0.01567391862410478,0.01180347571768058,7523110000.0,0.9470950178848907,-0.006099133759697133,0.0015485101830735731,0.8787597778186406,bist100
2025-11-13,10628.599609375,5470900000,10714.7001953125,10581.0,-0.001156659312291763,0.01345275688471765,0.015530335344863748,0.012579286098478033,7467100000.0,0.7326673005584498,-0.008197668687930738,0.0007779933876006681,0.8662244945771115,bist100
2025-11-14,10565.7001953125,6635800000,10607.400390625,10440.400390625,-0.005935520333894811,0.013352823161768624,0.015386910270918961,0.015805862073778126,7470345000.0,0.888285614653674,-0.006679009895585739,0.0009309388910364898,0.8678040572580232,bist100
2025-11-17,10698.099609375,6280600000,10774.2001953125,10585.2998046875,0.012453195227459348,0.012983009057865374,0.015466170150183218,0.017657378181397943,7458005000.0,0.8421286925927242,-0.0016921954951459762,0.002340802239381123,0.8394456372712008,bist100
2025-11-18,10728.599609375,6159700000,10791.2001953125,10636.400390625,0.0028469173239113895,0.011662339452850948,0.0154163056027419,0.014428705546270073,7431205000.0,0.828896524857005,0.002855695514463333,0.0011512280524869,0.756493789976291,bist100
2025-11-19,10903.900390625,6535500000,10933.2001953125,10758.599609375,0.016207522812689352,0.012111659093179038,0.015561990748719187,0.016012672500898745,7423490000.0,0.8803810606601478,0.004883091143574686,0.0020436991104333725,0.7782846866282757,bist100
2025-11-20,10979.7001953125,7649600000,11038.7998046875,10887.0,0.006927571862185033,0.012086183523761193,0.015484438650348044,0.01382549632387112,7435115000.0,1.0288475699434374,0.006499937378470046,0.0019899537261710088,0.7805374025289274,bist100
2025-11-21,10922.900390625,6907200000,10945.2001953125,10815.7001953125,-0.0051865925047870085,0.012160783921905432,0.015494669366888597,0.011855825409810417,7156305000.0,0.9651908352145416,0.006649722944291605,0.0014612421706078692,0.7848366192241878,bist100
2025-11-24,10888.0,6108700000,10944.5,10816.400390625,-0.0032002732383068855,0.010008981712514402,0.015475224964159031,0.011765210265889052,6871365000.0,0.889008224712266,0.003519029251138359,-0.00024645170405904703,0.6467745532420646,bist100
2025-11-25,10857.2001953125,6386300000,10998.2001953125,10832.7998046875,-0.0028327929848883885,0.009859127568081792,0.015477903014232354,0.015234166051060765,6851210000.0,0.9321419136181784,0.002383087189378403,1.750207098721837e-05,0.6369808338387994,bist100
2025-11-26,10914.7001953125,5149100000,10953.0,10865.7001953125,0.0052820500421221755,0.00992417467798579,0.014767219167900828,0.007998369458191107,6945375000.0,0.7413710562784587,0.00019799263526496785,0.0002001333186755448,0.6720408605811001,bist100
2025-11-27,10945.5,4966700000,11032.5,10934.2001953125,0.0028178904852488727,0.009908543685808272,0.014672041473912722,0.008980841869946554,6872970000.0,0.722642467521319,-0.0006239436401222642,0.0004967271709060033,0.675335037964957,bist100
2025-11-28,10898.7001953125,4128400000,10953.0,10879.599609375,-0.004284878903641638,0.009555981521978302,0.014644443500696292,0.006734783901714197,6678330000.0,0.6181784967199884,-0.0004436009198931901,-0.00033287337528905344,0.6525329229153671,bist100
2025-12-01,11116.5,5268300000,11125.7001953125,10870.099609375,0.019786957089380375,0.010418482459445183,0.014809166100948654,0.022992901177304008,6513075000.0,0.808880597874276,0.004153845145644262,0.0002529646977233258,0.7035158082788868,bist100
2025-12-02,11123.5,5284600000,11184.099609375,11093.2001953125,0.0006294964236650087,0.009917184449408683,0.014377378030124328,0.008171835668854228,6386505000.0,0.8274635344370669,0.004846303027354942,0.0009502246013161694,0.6897769835800113,bist100
2025-12-03,11036.7998046875,6511600000,11201.7001953125,11017.7998046875,-0.007824861437145723,0.01005158497074529,0.014418819900391273,0.01666247407576376,6310355000.0,1.0318912327436411,0.002224920731501362,0.00030171768766098643,0.6971156474790651,bist100
2025-12-04,10918.5,4785400000,11077.7001953125,10896.7001953125,-0.010776527819620284,0.010106111017630197,0.01445019682258848,0.01657736868617484,6166180000.0,0.7760720575785981,-0.0004939629294724694,-0.0007039094697638414,0.6993753193612126,bist100
2025-12-05,11007.400390625,6036000000,11015.5,10909.2998046875,0.008109211134742866,0.009814915668146507,0.014242523785212138,0.009648072346214523,6096395000.0,0.9900933256457299,0.0019848550782044314,0.00037799180175429267,0.689127560266898,bist100
2025-12-08,11189.5,5712400000,11250.400390625,11074.7001953125,0.016408029194044358,0.009947763502179893,0.014378167052493033,0.015702238287010145,6069525000.0,0.9411609639963588,0.001309069499137228,0.0018224371001934838,0.6918659009776249,bist100
2025-12-09,11238.400390625,5402600000,11244.2001953125,11148.0,0.004360681763539741,0.008539979036041869,0.012244362906054601,0.008559954439134378,5925225000.0,0.9117965984414094,0.0020553065671121743,0.0030350980745772285,0.6974620975844332,bist100
2025-12-10,11193.900390625,5289900000,11316.5,11170.7998046875,-0.003967498368265116,0.008646501885644685,0.012071520005210234,0.013016034646379855,5833465000.0,0.9068195317877111,0.0028267791808882954,0.0025331959228073434,0.7162728373819317,bist100
2025-12-11,11233.7001953125,5366200000,11300.2998046875,11198.7998046875,0.003549184525011738,0.00860473509541618,0.012078299790999194,0.009035313230306166,5828230000.0,0.920725503283158,0.0056919216498147,0.0027684881146725184,0.7124127769893963,bist100
2025-12-12,11311.2998046875,4588100000,11331.0,11253.2998046875,0.006884002290994402,0.008397206744318469,0.012026458667682264,0.00686925434336913,5725845000.0,0.801296577186424,0.005446879881065007,0.0034094642459169787,0.6982277141053673,bist100
2025-12-15,11456.2998046875,4697700000,11468.7998046875,11328.599609375,0.012737571193417061,0.008413551120545804,0.011799948235454442,0.012237825275411804,5646700000.0,0.8319372376786441,0.004712788280939548,0.0034236830442148647,0.7130159347026813,bist100
2025-12-16,11348.7998046875,4198800000,11470.0,11309.0,-0.009427785722054603,0.008891933602735458,0.011697352833270462,0.01418652216717231,5548655000.0,0.7567239267894652,0.00195509478382068,0.002809947891916565,0.7601663153602047,bist100
2025-12-17,11286.7998046875,3937600000,11364.5,11250.5,-0.005478110244035083,0.008485116196727295,0.011616375469209583,0.010100294323697925,5418760000.0,0.7266607120448221,0.001652972408666686,0.0017256662390803435,0.7304443816591485,bist100
2025-12-18,11335.099609375,4332300000,11385.2001953125,11307.7001953125,0.004270187679380338,0.008419927563387069,0.011622795453773066,0.006837169735667919,5252895000.0,0.8247452119259951,0.001797173039540406,0.0015927970299401087,0.724432224319472,bist100
2025-12-19,11341.900390625,3638800000,11354.2998046875,11291.099609375,0.0005997955156223277,0.008272847910670926,0.011622387737250474,0.00557227564480641,5089475000.0,0.7149656889954268,0.0005403316844659913,0.0018821164309605753,0.711802780779369,bist100
2025-12-22,11311.099609375,5027700000,11402.400390625,11266.0,-0.0027193572798952224,0.008257983537676613,0.011327117188752175,0.01205898589310866,5035425000.0,0.9984658693158969,-0.0025510540101964653,0.0019061622288811587,0.7290454755669685,bist100
2025-12-23,11290.400390625,4885400000,11367.2998046875,11276.2001953125,-0.0018316682111515377,0.008230735457967778,0.011261544546122826,0.008068766936790364,4960380000.0,0.9848842225797217,-0.0010318305080158523,0.001956218467568001,0.7308709231009961,bist100
2025-12-24,11340.099609375,7012400000,11386.099609375,11313.7998046875,0.0043922404408938895,0.008214200081943514,0.011263144321429218,0.006375588149836784,5053545000.0,1.387619977659247,0.0009422396289699422,0.0019117279875065867,0.7292990169996496,bist100
2025-12-26,11294.400390625,4823000000,11352.2001953125,11228.599609375,-0.004038019911736467,0.008316808506561543,0.011019324950510832,0.010943527913185687,5046360000.0,0.9557383936144073,-0.0007194018892534189,0.0015689324676573199,0.7547475497739989,bist100
2025-12-29,11150.900390625,4535300000,11324.7998046875,11150.900390625,-0.012786815076554122,0.008833021194446988,0.011028038966643899,0.015595100661889516,5066705000.0,0.895118227723935,-0.003396724007688709,0.0011438356590116954,0.8009602814393293,bist100
2025-12-30,11220.2001953125,5401300000,11235.5,11102.2001953125,0.006195495486605118,0.007783720879707542,0.010719262008567768,0.011880341024858817,5073355000.0,1.064640656922293,-0.0016137534543886408,0.00046426257887293267,0.7261433551569235,bist100
2025-12-31,11261.5,4050400000,11324.400390625,11238.599609375,0.003674086104450794,0.007816824272569422,0.010609689468458156,0.00761894785330551,5011645000.0,0.8081977075391413,-0.0005126025912681744,0.0006164920629122219,0.7367627766871291,bist100
2026-01-02,11498.400390625,5742300000,11498.400390625,11296.5,0.020818100467706453,0.00875628995681916,0.010889432847345695,0.017558998101128535,4973180000.0,1.1546535617049856,0.002772569414094338,0.0020486401581548304,0.8041089081102614,bist100
2026-01-05,11702.0,6455800000,11726.2001953125,11510.2001953125,0.017551838139042045,0.00886304884109179,0.011062184882328165,0.01845838318236199,5056700000.0,1.2766824213419818,0.007090541024250041,0.0034650584560879465,0.8012023786775166,bist100
2026-01-06,12023.7998046875,6199000000,12032.400390625,11732.400390625,0.027128235302600667,0.010292589773802244,0.011534565087823308,0.02495051521758076,5064850000.0,1.2239256838800754,0.015073551100080998,0.004416009664480837,0.8923257786865167,bist100
2026-01-07,12028.7998046875,6120000000,12124.599609375,11990.2998046875,0.0004157554820040345,0.009926616376364744,0.011531518309748483,0.01116485492053536,5085230000.0,1.2034853880748757,0.013917603099160783,0.003616395978878821,0.8608247508893091,bist100
2026-01-08,12088.0,5653900000,12152.599609375,11907.7998046875,0.0049094668197895075,0.009929540068866307,0.011309548694177135,0.02025147292252647,5097795000.0,1.1090873603195106,0.014164679242228523,0.003643835231691309,0.8779784531966919,bist100
2026-01-09,12201.0,9496600000,12201.0,12066.0,0.009304690622758698,0.00983716071618038,0.010847035009311928,0.011064666830587657,5308130000.0,1.789066959550727,0.011861997273238974,0.0043074446812425,0.9068985863634998,bist100
2026-01-12,12254.7998046875,7846600000,12378.7998046875,12228.0,0.004399765446634445,0.009835548518210202,0.010744738472306056,0.012305366639267219,5432150000.0,1.444474103255617,0.009231582734757453,0.004349973727323635,0.9153827748865886,bist100
2026-01-13,12385.599609375,8717800000,12428.400390625,12236.0,0.010616794889838261,0.009921208909039829,0.010683173841724874,0.015534200740621945,5638635000.0,1.5460834049375425,0.005929294652204972,0.004536613357265828,0.9286761645954812,bist100
2026-01-14,12369.900390625,6430600000,12444.5,12323.7001953125,-0.0012683420536526743,0.009805505584854421,0.010413692843719744,0.009765624691614553,5725280000.0,1.1231939747924993,0.005592475145073631,0.003836317694912341,0.941597349951405,bist100
2026-01-15,12456.7001953125,7258100000,12472.900390625,12300.400390625,0.006992512572268558,0.009311437993309602,0.009963371274288212,0.013847969148756776,5878245000.0,1.234739280176311,0.00600908429556944,0.004657332609628499,0.9345669991581053,bist100
2026-01-16,12668.5,8709400000,12668.5,12449.5,0.016859950978729683,0.00937123795906835,0.010106558121763119,0.01728697162252832,6116835000.0,1.4238409242688417,0.007520136366763639,0.005774235670766738,0.9272432658244596,bist100
2026-01-19,12747.900390625,7847200000,12837.900390625,12700.2998046875,0.006247985371865072,0.00936496441406526,0.010094903597661303,0.010793980319982228,6292580000.0,1.2470560564982884,0.007889780351809764,0.005873125555390974,0.9276923076546121,bist100
2026-01-20,12805.7998046875,6838900000,12914.099609375,12706.2998046875,0.004531595244681894,0.009289403562713745,0.010092294895399232,0.016227007126211352,6452585000.0,1.0598698041172647,0.006672740422778489,0.006069715541843953,0.9204451176856216,bist100
2026-01-21,12728.2001953125,7685300000,12847.2001953125,12575.7001953125,-0.006078158398859989,0.009484964044084054,0.009475894108187078,0.02133058844407453,6585465000.0,1.167009467061172,0.005710777153737026,0.005901775485895715,1.000957158848909,bist100
2026-01-22,12851.5,7587200000,12862.0,12682.599609375,0.009640516401442858,0.009338425982163818,0.00941523887966297,0.01395949038050033,6720555000.0,1.128954379511811,0.0062403779195718875,0.006475384716525434,0.991841641143586,bist100
2026-01-23,12992.7001953125,6740800000,13030.7998046875,12904.599609375,0.01092714026456356,0.009375952409906546,0.009471716738230083,0.009713161499564998,6706975000.0,1.0050432572061174,0.005053815776738663,0.006802129707708918,0.9898894433849559,bist100
2026-01-26,13177.2998046875,9555400000,13182.099609375,12886.2001953125,0.014107961113752327,0.009146939912965179,0.009544846746516403,0.022455238815864316,6943595000.0,1.3761459301701784,0.006625810925116114,0.007709428758983357,0.9583118677419887,bist100
2026-01-27,13107.0,7475500000,13263.0,13053.900390625,-0.005349198787052631,0.008389622414417085,0.009533310014871668,0.015953277590218966,7090605000.0,1.0542823919820663,0.004649652118769209,0.008081309573458432,0.8800324757434232,bist100
2026-01-28,13407.400390625,12824200000,13512.400390625,13144.2001953125,0.022660383832722397,0.00898175930764169,0.009846688986080394,0.027462459879244044,7461750000.0,1.7186584916407008,0.010397360565085686,0.008904553990764296,0.912160353631419,bist100
2026-01-29,13831.099609375,13974900000,13906.5,13480.599609375,0.031112829038994153,0.010159189411729216,0.010245539749344081,0.030792952307010794,7957975000.0,1.7560874468693355,0.014691823092595946,0.010276491137491465,0.9915719093647171,bist100
2026-01-30,13838.2998046875,9811000000,13876.7998046875,13649.099609375,0.0005204446520341582,0.010064080564952877,0.010253771308968748,0.01645434760962255,8161410000.0,1.2021207119848163,0.012610483970090064,0.009261608346707851,0.9815003925580091,bist100
2026-02-02,13621.0,8998400000,13873.900390625,13393.7998046875,-0.015827376695954732,0.01130777398181069,0.010537132706573322,0.035247088021253946,8288540000.0,1.085643551216499,0.006623416408148652,0.00759264760495801,1.0731357663130334,bist100
2026-02-03,13875.2998046875,9163600000,13926.599609375,13660.7998046875,0.018497547478898962,0.010669687787084794,0.010473381487337605,0.019156328758943623,8436770000.0,1.0861502684084074,0.01139276566133897,0.007161113213772925,1.0187433542819504,bist100
2026-02-04,13891.2001953125,8678100000,13998.2001953125,13835.0,0.0011452932391939744,0.010646635593546151,0.010255758795583837,0.011748458953717397,8564675000.0,1.0132433513238972,0.007089747542633286,0.007197590101632423,1.038112908635354,bist100
2026-02-05,13589.099609375,7718500000,13977.900390625,13589.099609375,-0.021987588124256868,0.012490064854798479,0.010342418689040346,0.028611224615777323,8667905000.0,0.8904689195370739,-0.003530335890016918,0.005852737354430103,1.2076541503810854,bist100
2026-02-06,13522.0,6673000000,13628.0,13402.599609375,-0.004949983390554706,0.012687863428096365,0.01040588887800547,0.016669160673347137,8526725000.0,0.7825982425843451,-0.004624421498534691,0.005140003653764434,1.2192964557707526,bist100
2026-02-09,13838.400390625,9204600000,13858.2001953125,13620.599609375,0.02312937612923678,0.013306479115695508,0.010671118922033424,0.017169656841152358,8594625000.0,1.0709716828831974,0.003166929066503612,0.00607648418789455,1.2469619365051463,bist100
2026-02-10,13797.0,7359800000,13888.2001953125,13726.2001953125,-0.002996187571826586,0.013409773791582317,0.010629540292356568,0.011741682974559686,8526725000.0,0.8631449941214241,-0.0011318179436414976,0.005395835064811308,1.2615572661430094,bist100
2026-02-11,13787.7998046875,11761800000,13912.900390625,13680.900390625,-0.0006670482090701345,0.013394711935565481,0.01059695653435365,0.01682647001598659,8793285000.0,1.3375888533124993,-0.0014942862332943195,0.005425899757040435,1.2640149926199993,bist100
2026-02-12,14180.5,12788600000,14196.900390625,13784.7998046875,0.02808365239639178,0.014322645887026503,0.01103305640670329,0.029061075839180564,9069810000.0,1.4100185119644182,0.00851996187083541,0.0064804567482465965,1.2981575874410083,bist100
2026-02-13,14180.7001953125,9409300000,14320.900390625,14109.2001953125,1.4117548702178912e-05,0.014174692154576628,0.01094322164006469,0.014928754743893291,9104805000.0,1.0334433301976265,0.009512782058686787,0.005638165076745221,1.2952942580164022,bist100
2026-02-16,14339.2998046875,9800800000,14433.2001953125,14208.0,0.011122106892422465,0.014227530650632104,0.01097313355806133,0.015705104041334173,9202485000.0,1.0650166775604633,0.007111328211323924,0.0058818711527730905,1.2965786459584243,bist100
2026-02-17,14227.2998046875,10061600000,14409.2998046875,14227.2998046875,-0.00784136546944413,0.014554578607504583,0.011017907093464206,0.012792307921987843,9363620000.0,1.0745416836650783,0.006142292631800414,0.0052632231170667895,1.320993041966956,bist100
2026-02-18,14259.900390625,13066000000,14532.7001953125,14154.2001953125,0.0022887893471911706,0.014329945534165573,0.010976398507806002,0.026542962407285837,9632655000.0,1.3564276930918837,0.006733460143052676,0.005681570504369347,1.3055234395849107,bist100
2026-02-19,13804.2001953125,9025500000,14343.099609375,13728.599609375,-0.032478521898474964,0.016628159646630912,0.011937112175537267,0.044515436700828644,9704570000.0,0.9300257507545414,-0.005378974715920673,0.0035756185893734563,1.3929800945246216,bist100
2026-02-20,13934.099609375,9226800000,13934.099609375,13718.099609375,0.009366137404925852,0.01659546794849209,0.011956161660639918,0.015501539823547197,9828870000.0,0.938744738713606,-0.003508570744675939,0.0034975684463915712,1.388026393380488,bist100
2026-02-23,14061.7001953125,7659500000,14190.099609375,14020.0,0.009115758108654363,0.01646450582655803,0.011972612216755975,0.012096660219772222,9734075000.0,0.7868749727118396,-0.00390984050142956,0.003247958296136673,1.375180748234336,bist100
2026-02-24,14050.7998046875,6349300000,14093.0,13897.2001953125,-0.0007754835871066961,0.016370303860602682,0.011939105763541302,0.013935135893273424,9677765000.0,0.6560709006676645,-0.0024966641249620724,0.003476644056133969,1.3711499156488773,bist100
2026-02-25,13809.900390625,6634000000,14068.2998046875,13752.7998046875,-0.017293565208853695,0.01634387047533413,0.012079267035458944,0.022845928723293368,9368255000.0,0.7081361470199092,-0.006413135036171046,0.001478946604055165,1.3530515077906922,bist100
2026-02-26,13878.5,8459100000,13906.099609375,13652.400390625,0.0049551255232660905,0.014823568536953186,0.012074048174653419,0.018280017202867746,9092465000.0,0.9303417720057212,0.0010735944481771653,0.00017106142826876168,1.2277215000741615,bist100
2026-02-27,13717.7998046875,8938500000,13967.2001953125,13552.7998046875,-0.011646634726289106,0.015056314433275778,0.012145681694075509,0.030208954535361824,9048840000.0,0.9878061718408105,-0.003128959978065826,-0.00043729254064740156,1.2396434232769358,bist100
2026-03-02,13346.400390625,6994500000,13456.599609375,12987.400390625,-0.02744753052069272,0.015882970603506887,0.012660482250545285,0.035155487998065955,8948645000.0,0.7816267155530251,-0.010441617703935244,-0.001018300231884301,1.254531248430352,bist100
2026-03-03,12933.400390625,6395900000,13380.0,12905.5,-0.03143357203770256,0.016563547422272732,0.01341507362462492,0.03668795410864645,8810260000.0,0.7259604143351047,-0.016573235394054416,-0.003514856207714377,1.2346967214453763,bist100
2026-03-04,12943.2001953125,5857700000,13086.2001953125,12824.7998046875,0.0007574260091439232,0.016558030078311713,0.01329538934629559,0.020195962874750912,8669240000.0,0.6756878342276832,-0.012963037150454892,-0.0035342495692168795,1.2453964037484295,bist100
2026-03-05,13078.900390625,4047300000,13202.599609375,13048.0,0.010429705701150236,0.016240172959652247,0.013333385329013557,0.011820535729885787,8485680000.0,0.4769564725514043,-0.011868121114878064,-0.0019133848779465245,1.2180082221364663,bist100
2026-03-06,12792.7998046875,4944900000,13148.7001953125,12746.2001953125,-0.022117777104391858,0.016851332939769433,0.013684516273718198,0.03146301092373205,8399275000.0,0.5887293843813901,-0.013962349590498616,-0.0027717745636383823,1.231416047356622,bist100
2026-03-09,12702.0,6484000000,12717.599609375,12433.0,-0.007123036014935075,0.01572407550971252,0.013736276348865036,0.02240588957447646,8263245000.0,0.7846796264663579,-0.009897450689347085,-0.0042843951708469745,1.1447116460358433,bist100
2026-03-10,13175.7001953125,6231800000,13199.5,12904.099609375,0.03661477738872684,0.018195308637772238,0.014432316364567013,0.022420090488253077,8206845000.0,0.7593417446046562,0.0037122191959387944,-0.002303846922819304,1.260733771222186,bist100
2026-03-11,13200.400390625,5990400000,13269.5,13032.5,0.0018729229858966735,0.018216186550210678,0.01437026300737441,0.017954000862604045,7918275000.0,0.7565284105439631,0.003935318591289344,-0.0021768483630709634,1.2676306996512625,bist100
2026-03-12,13286.099609375,8463400000,13441.400390625,13156.5,0.006471184778144235,0.01692163863749308,0.01429557425893853,0.021443493500829035,7702015000.0,1.098855299554727,0.0031436144066881444,-0.0032574717439833407,1.1836977186776922,bist100
2026-03-13,13092.900390625,10364200000,13259.099609375,12944.7001953125,-0.014648218151213224,0.017089226880644993,0.014432060486883898,0.02401296921861726,7749760000.0,1.3373575439755554,0.004637526197323871,-0.003990588528979111,1.1841155250267952,bist100
2026-03-16,12956.7001953125,5958000000,13137.7001953125,12880.0,-0.010457084437219653,0.01676294592200027,0.014525925250768906,0.019889338444809525,7557620000.0,0.788343420283105,0.0039707165128669555,-0.005069548095461217,1.1540019401595742,bist100
2026-03-17,13217.599609375,5805700000,13253.599609375,12994.7998046875,0.019936201327586993,0.01764855091038055,0.01470260372402429,0.01957993980268082,7344825000.0,0.7904476961670291,0.000635001300638987,-0.0036806697556096605,1.2003690803107572,bist100
2026-03-18,13115.099609375,5822700000,13298.5,13062.2998046875,-0.007785036910274105,0.01761293323321573,0.014747854574599711,0.0180097904207802,6982660000.0,0.8338799254152429,-0.0012965906785951686,-0.004184361068482925,1.1942708781215239,bist100
2026-03-19,13047.7001953125,2243800000,13109.7001953125,12981.0,-0.00515232036835528,0.01631456286509904,0.01477047037646703,0.009863822235794219,6643575000.0,0.3377398463929436,-0.003621291707895072,-0.00281805099197694,1.1045391547646395,bist100
2026-03-23,13168.2001953125,11038400000,13168.2001953125,12632.400390625,0.009192958992788778,0.0163078003333421,0.014794368262625085,0.04068891699248538,6734155000.0,1.6391663096557771,0.0011469437209053288,-0.002826709912583794,1.1022978503610992,bist100
2026-03-24,12930.2001953125,5722100000,13136.599609375,12908.900390625,-0.018239171313484584,0.016400336162059145,0.01501258070373896,0.01760987574133201,6637285000.0,0.862114554369746,-0.0004094736543476571,-0.0041944563836907416,1.092439500290217,bist100
2026-03-25,12963.900390625,6379900000,13100.400390625,12961.5,0.0026029260393001055,0.01645471272851764,0.014882144838289773,0.01071439817027964,6638815000.0,0.9609998169854108,-0.0038761287120050343,-0.004025535902370401,1.105668094707818,bist100
2026-03-26,12727.099609375,6734900000,12978.400390625,12716.7998046875,-0.01843505411479134,0.016505058733569566,0.015116640798550155,0.020554611338533136,6643860000.0,1.0137028775440784,-0.006006132152908481,-0.0040826103476672825,1.0918469885950173,bist100
2026-03-27,12698.2001953125,4888600000,12825.0,12601.599609375,-0.0022732810806596676,0.016375371143717066,0.015125642590860758,0.01759307517513132,6465335000.0,0.7561247793037793,-0.0054303242953693594,-0.004444030677863571,1.082623170906565,bist100
2026-03-30,12626.400390625,4462800000,12777.7998046875,12622.599609375,-0.005670375477495665,0.016291333593038932,0.01495269417468498,0.012291721354546533,6241550000.0,0.7150146998742299,-0.008402991189426248,-0.004145217715423899,1.0895249647130667,bist100
2026-03-31,12791.0,5176500000,12848.7001953125,12634.900390625,0.012951907577523129,0.015745428134824362,0.014880929652008884,0.016714862378821044,6150650000.0,0.8416183655386016,-0.0021647754112247043,-0.0021252458105131067,1.0580943867776953,bist100
2026-04-01,12937.900390625,6534700000,13031.599609375,12895.099609375,0.011419219997083006,0.014405971193158985,0.014556739089856724,0.010550398123246488,6157590000.0,1.0612431162191702,-0.00040151661966812414,1.739379122617157e-05,0.9896427423911998,bist100
2026-04-02,13051.7001953125,7942800000,13078.2998046875,12820.900390625,0.008757389833957449,0.014538058993059507,0.014588715131641448,0.019721523649075593,6261845000.0,1.2684440448462075,0.0050369721700816335,0.0004173919824668478,0.9965277176142762,bist100
2026-04-03,12936.400390625,5735500000,13075.599609375,12916.400390625,-0.00887333499625287,0.014479002653954822,0.014640302517107432,0.012306299584339672,6346255000.0,0.9037613521675382,0.003716961386962993,-0.0005477600524033075,0.9889824774478445,bist100
2026-04-06,13112.2998046875,7806200000,13167.900390625,12960.2001953125,0.013505632637139412,0.013863943548481491,0.014690018018968905,0.01584010420797803,6489320000.0,1.202930353257352,0.007552163009890009,0.001233410434673256,0.9437662724837559,bist100
2026-04-07,12921.599609375,7085600000,13179.900390625,12876.2998046875,-0.01465040662324659,0.014200819222559884,0.014824950546438898,0.023495588403561807,6519400000.0,1.0868484829892322,0.0020317001697360646,0.0008570419042576802,0.9578999388953148,bist100
2026-04-08,13536.7998046875,9863100000,13679.900390625,13333.7001953125,0.046511588878080844,0.015614478324820796,0.01590901815111515,0.02557474442316997,6700965000.0,1.4718924811575647,0.009050173945935634,0.0013518824787253805,0.981485983390263,bist100
2026-04-09,13689.0,8298400000,13712.5,13529.099609375,0.011180702269357617,0.01576877195645141,0.015953666913803025,0.01339764706150924,6816365000.0,1.2174230693338752,0.009534836433015665,0.0018172714428984279,0.9884105040959802,bist100
2026-04-10,14073.7998046875,10909800000,14073.7998046875,13763.7998046875,0.02772230835116455,0.016782291303488333,0.016291363509186526,0.02202674503702615,6938685000.0,1.5723152153470001,0.01685396510249915,0.0028798276215494436,1.0301342360953998,bist100
2026-04-13,14058.5,10001000000,14099.2001953125,13842.7998046875,-0.0010877039063392224,0.016303979602976363,0.016178915066874838,0.01823810439413878,6920525000.0,1.4451215767589887,0.013935297793803422,0.0035578533337931434,1.00773009411228,bist100
2026-04-14,14202.2001953125,11794500000,14356.2001953125,14098.400390625,0.010169700878402585,0.01602071044583439,0.016205355862339493,0.018152103275701464,7212350000.0,1.6353199719924851,0.018899319294133257,0.0045891925995742554,0.9886059017726226,bist100
2026-04-15,14252.400390625,12480200000,14314.099609375,14181.599609375,0.003528445057119133,0.015608253359505275,0.016203007729993748,0.009296679602627244,7546075000.0,1.6538664139966803,0.010302690529940914,0.0037688047860508617,0.9632935822534041,bist100
2026-04-16,14201.099609375,13979500000,14431.7998046875,14124.7998046875,-0.0036059421046889446,0.01547282214561132,0.01618581050747069,0.0216180442673137,7953915000.0,1.757562156497775,0.007345361655131602,0.003977759526330121,0.9559497893830968,bist100
2026-04-17,14587.900390625,19679600000,14601.099609375,14183.2001953125,0.026873045861960782,0.016121758509350624,0.016477113337446843,0.02864698845428541,8825705000.0,2.2298048711122793,0.007175509157290849,0.005579027837845923,0.9784334293987881,bist100
2026-04-20,14484.900390625,12432000000,14609.900390625,14414.7998046875,-0.007085690279248353,0.016339161411080105,0.0164778797951206,0.013469239047289142,8895385000.0,1.3975786320659533,0.005975911882709023,0.004765095374244067,0.9915815392656542,bist100
2026-04-21,14375.400390625,11988700000,14616.099609375,14375.400390625,-0.007588314915356731,0.015711434219720783,0.01644149357668239,0.016743827108076474,9208715000.0,1.3018863109565233,0.002424308723957159,0.005297638194150459,0.9555965305976222,bist100
2026-04-22,14335.5,8032300000,14498.5,14243.599609375,-0.002779461164181833,0.01580583452469391,0.016426821378832803,0.017781060348435702,9291335000.0,0.8644936384276317,0.001162727479696966,0.005028518833976363,0.9621967732029351,bist100
2026-04-24,14409.099609375,9496300000,14409.099609375,14212.2998046875,0.005120945931780507,0.014811781807158706,0.016198227127716885,0.013658022362442136,9429405000.0,1.0070942970420722,0.002908105086990856,0.006206318836304956,0.9144075885819737,bist100
2026-04-27,14594.0,14002900000,14622.0,14423.900390625,0.012750561019440809,0.014739896495355342,0.0157918785369216,0.013574044770111005,9885120000.0,1.4165634812728627,8.360811848686159e-05,0.006957510941309979,0.9333846167125266,bist100
2026-04-28,14329.2998046875,13263000000,14608.5,14329.2998046875,-0.018304106896201912,0.015557586890182905,0.015985255831382154,0.019484566525795357,10325130000.0,1.2845358847782062,-0.0021600752049038504,0.0063258243703746666,0.9732460371162999,bist100
2026-04-29,14311.2001953125,11515400000,14476.2001953125,14246.2998046875,-0.0012639173048298894,0.015563666195138472,0.015841806294782698,0.016064368291088663,10642075000.0,1.0820634133850777,-0.000895195682798482,0.0056150331262570154,0.9824426524053744,bist100
2026-04-30,14442.599609375,10710700000,14469.2998046875,14250.2998046875,0.009139684469194128,0.015527227649293793,0.01571037679785527,0.015163475130740482,10850875000.0,0.987081686960729,0.0014886334438767104,0.005501056349862572,0.9883421543023412,bist100
2026-05-04,14369.599609375,11036400000,14544.599609375,14321.0,-0.005067308861167647,0.015681587748158005,0.015727640255313927,0.015560601231304967,11005555000.0,1.0028026755579342,-0.0005490175147129205,0.004809821415106316,0.9970718743302662,bist100
2026-05-05,14495.7998046875,12698400000,14579.0,14358.0,0.008744102071799483,0.015364111946566594,0.01547920474638934,0.015245795539238568,11353700000.0,1.1184371614539754,-0.0013503093042411857,0.005690693268508934,0.9925646826365809,bist100
2026-05-06,14917.400390625,16291700000,15043.599609375,14625.7001953125,0.028669404219156324,0.016125353791980778,0.01586113043006993,0.02801422520810887,11777975000.0,1.383234384518561,0.008044392918830462,0.00644888184760978,1.0166585454344368,bist100
2026-05-07,15040.2998046875,17513400000,15050.400390625,14909.7998046875,0.008204909103946046,0.01534223453208672,0.015633758629287734,0.009348256867438244,12299365000.0,1.4239271702238285,0.009938158200585648,0.007591647633969412,0.9813529104475949,bist100
2026-05-08,15062.7001953125,16960900000,15167.099609375,14933.5,0.0014882499923283728,0.012340420602785424,0.015623159158559762,0.015508481636492773,12654255000.0,1.3403317698276191,0.008407871305212497,0.005340480689681788,0.7898799773811584,bist100
2026-05-11,15133.5,16605600000,15204.900390625,14991.7001953125,0.004689327396753433,0.012263859072266202,0.015626085673330428,0.01408796347920177,13069615000.0,1.270550050632708,0.010359198556796713,0.00501591194605158,0.7848324480389448,bist100
2026-05-12,14779.900390625,18962500000,15141.400390625,14775.5,-0.023642653507629598,0.012631325967739984,0.015564278246259111,0.02475662088068559,13472250000.0,1.4075228710868637,0.0038818474409108975,0.002447663853111871,0.8115587351939005,bist100
2026-05-13,14598.5,15384900000,14867.7998046875,14566.2001953125,-0.012349392316600804,0.013041573773221748,0.015654955447401208,0.020659630056170154,13741445000.0,1.1195984119574034,-0.004321911866240528,0.0018845794325987927,0.8330636147154739,bist100
2026-05-14,14644.7001953125,11236200000,14762.5,14604.400390625,0.00315972488933878,0.012900624329161841,0.01559688847357017,0.010795687673115001,13713530000.0,0.8193513996760863,-0.005330948709161982,0.0015340806331456025,0.8271280743606454,bist100
2026-05-15,14367.599609375,9282800000,14538.400390625,14265.7001953125,-0.019102864258763036,0.013685169172866609,0.015764013196127996,0.018980219572277086,13553660000.0,0.684892493983175,-0.009449171559380264,0.00040251516735149393,0.8681272340109434,bist100
2026-05-18,14029.5,10696300000,14342.5,14029.5,-0.023813388780173604,0.01470466893227141,0.01606172636213366,0.022310132221390642,13389500000.0,0.7988573135666007,-0.015149714794765673,-0.0006078571664227389,0.9155098649257539,bist100
2026-05-20,14012.0,10129900000,14089.7998046875,13856.099609375,-0.0012481502253379048,0.013206833040480287,0.015496401602358729,0.016678575172173853,12912015000.0,0.784532855638721,-0.010670814138307332,-0.0020139169707876735,0.8522515987498709,bist100
2026-05-21,13163.900390625,9593700000,14063.599609375,13163.900390625,-0.06243584108427941,0.01889847168646807,0.0174319567569324,0.0683459455064506,12770100000.0,0.7512627152489018,-0.02068810389184305,-0.004781424511039226,1.0841279582082752,bist100
2026-05-22,13808.2001953125,12346900000,13865.0,12966.2998046875,0.04778436848678315,0.022228324351448597,0.018492844507618254,0.06508452822240973,12788010000.0,0.9655059700453784,-0.01176317517235418,-0.0020127903409322316,1.2019959580740263,bist100
2026-05-25,13890.900390625,8453000000,13936.900390625,13766.5,0.0059713448667571035,0.0222984534117276,0.018510428036371446,0.012267051510930393,12809045000.0,0.6599242956832457,-0.006748333347250152,-0.0015752500393852857,1.2046427758403533,bist100
2026-05-26,13662.7998046875,3431900000,13920.900390625,13662.7998046875,-0.0165571807241208,0.02248194786271776,0.01849913674420526,0.01889075369815121,12505825000.0,0.27442411836084385,-0.005297091736039591,-0.0026591563721803505,1.2152971337843692,bist100
2026-06-01,13704.0,8546900000,13922.5,13676.0,0.003010964141438303,0.022234716221449336,0.01849169359952974,0.017987448920023352,12233025000.0,0.698674285387302,-0.004445268862684349,-0.003146136216080476,1.2024164310193193,bist100
2026-06-02,14200.2001953125,8531000000,14200.2001953125,13798.5,0.03556830174746037,0.02352736515831277,0.01899457589419089,0.028288347332251107,11996425000.0,0.7111285237060208,0.015155559703663607,-0.0004525157838973618,1.2386359816282153,bist100
2026-06-03,13965.7001953125,9905000000,14220.0,13940.5,-0.016651725329931054,0.023805260475980684,0.01877447510093877,0.020013318064339692,11915905000.0,0.8312419409184615,0.0022683409403207663,-0.00122190618515242,1.2679587763702838,bist100
2026-06-04,13872.2998046875,9828300000,14189.0,13680.2998046875,-0.006710305416745731,0.02370578094776436,0.018321870694766706,0.03667021348115677,11871785000.0,0.8278704508210012,-0.00026798911637980065,-0.002014405679449413,1.293851558211,bist100
2026-06-05,13694.2001953125,8744300000,13903.400390625,13661.7998046875,-0.012921632231488955,0.023823782688252665,0.018411951148180294,0.017642548121956,11757180000.0,0.743741271291245,0.00045912058214656813,-0.0024071218479654786,1.2939303660170334,bist100
2026-06-08,13860.599609375,9281100000,13922.900390625,13580.400390625,0.012077854894544434,0.023917389479637497,0.01842757177203604,0.024710330696540765,11586315000.0,0.8010398474407091,0.0022724987327677943,-0.0022404342068282307,1.2979132451912243,bist100
2026-06-09,13741.900390625,8539700000,13935.099609375,13714.2001953125,-0.008600666638556097,0.02280855149750337,0.01822204070581305,0.01607488104143165,11198715000.0,0.7625607045094013,-0.006561294944435499,-0.004103937749713853,1.2517012702220103,bist100
2026-06-10,13744.599609375,6846000000,13835.5,13600.2998046875,0.00019640323494631858,0.02265083804685916,0.01818989767963606,0.017112189659717204,10665345000.0,0.6418920344348917,-0.0031916692314600246,-0.004504363043163839,1.2452427410967357,bist100
2026-06-11,13743.5,12496400000,13889.599609375,13567.400390625,-8.000621295855208e-05,0.022631707346886683,0.017589906473469,0.02344375295594281,10442120000.0,1.1967301659050078,-0.0018656093907025884,-0.004582775853428185,1.286630340020413,bist100
2026-06-12,13938.48046875,0,14125.83984375,13801.33984375,0.01408740921060847,0.022929958668016233,0.01767415335942335,0.023280873458733704,9611840000.0,0.0,0.003536198897716897,-0.004112871762735433,1.2973723946890299,bist100
