Date,market,Close,Regime_Name,Stress_Score,Signal,Signal_Label,Signal_Reason
2014-03-27,bist100,670.48046875,Transition,0.3638055132830082,1,BUY,Transition BUY=0.36
2014-03-28,bist100,691.1693115234375,Transition,0.0491385481795211,1,BUY,Transition BUY=0.05
2014-03-31,bist100,697.3592529296875,Transition,0.0592387557361065,1,BUY,Transition BUY=0.06
2014-04-01,bist100,708.5701904296875,Transition,0.0215495014801197,1,BUY,Transition BUY=0.02
2014-04-02,bist100,706.4762573242188,Transition,0.0158483183972696,1,BUY,Transition BUY=0.02
2014-04-03,bist100,715.4442138671875,Transition,0.0065997813750862,1,BUY,Transition BUY=0.01
2014-04-04,bist100,725.8251342773438,Transition,0.0040758189598111,1,BUY,Transition BUY=0.00
2014-04-07,bist100,724.8871459960938,Calm/Bull,0.0025090490510198,1,BUY,Calm/Bull low stress=0.00
2014-04-08,bist100,739.4611206054688,Calm/Bull,0.0067254244089109,1,BUY,Calm/Bull low stress=0.01
2014-04-09,bist100,724.2821655273438,Calm/Bull,0.0664653315686583,1,BUY,Calm/Bull low stress=0.07
2014-04-10,bist100,731.4981079101562,Calm/Bull,0.0070778784083481,1,BUY,Calm/Bull low stress=0.01
2014-04-11,bist100,727.359130859375,Calm/Bull,0.0172529200924309,1,BUY,Calm/Bull low stress=0.02
2014-04-14,bist100,737.7451171875,Transition,0.0274754126053002,1,BUY,Transition BUY=0.03
2014-04-15,bist100,724.3761596679688,Calm/Bull,0.1960031143384732,1,BUY,Calm/Bull low stress=0.20
2014-04-16,bist100,723.9901733398438,Calm/Bull,0.004879662023294,1,BUY,Calm/Bull low stress=0.00
2014-04-17,bist100,735.6140747070312,Calm/Bull,0.0216736318885716,1,BUY,Calm/Bull low stress=0.02
2014-04-18,bist100,734.756103515625,Calm/Bull,0.1080456995260566,1,BUY,Calm/Bull low stress=0.11
2014-04-21,bist100,734.4630737304688,Calm/Bull,0.0381747622467663,1,BUY,Calm/Bull low stress=0.04
2014-04-22,bist100,731.6961059570312,Calm/Bull,0.0121721101976358,1,BUY,Calm/Bull low stress=0.01
2014-04-24,bist100,723.9091796875,Calm/Bull,0.0003135348698228,1,BUY,Calm/Bull low stress=0.00
2014-04-25,bist100,713.8832397460938,Calm/Bull,0.0013467934041067,1,BUY,Calm/Bull low stress=0.00
2014-04-28,bist100,723.9811401367188,Calm/Bull,0.0007931454776612,1,BUY,Calm/Bull low stress=0.00
2014-04-29,bist100,723.1461791992188,Calm/Bull,6.8848306303931e-05,1,BUY,Calm/Bull low stress=0.00
2014-04-30,bist100,738.7111206054688,Transition,0.0020726616679462,1,BUY,Transition BUY=0.00
2014-05-02,bist100,751.5870361328125,Calm/Bull,0.0005388333395204,1,BUY,Calm/Bull low stress=0.00
2014-05-05,bist100,747.60400390625,Calm/Bull,0.0003656606215314,1,BUY,Calm/Bull low stress=0.00
2014-05-06,bist100,751.8990478515625,Calm/Bull,0.0001651538208204,1,BUY,Calm/Bull low stress=0.00
2014-05-07,bist100,749.6680297851562,Calm/Bull,0.0001357590193351,1,BUY,Calm/Bull low stress=0.00
2014-05-08,bist100,757.81298828125,Calm/Bull,0.0001172399808182,1,BUY,Calm/Bull low stress=0.00
2014-05-09,bist100,755.6259765625,Calm/Bull,1.872131438630285e-05,1,BUY,Calm/Bull low stress=0.00
2014-05-12,bist100,759.3519897460938,Calm/Bull,1.3556185739395485e-05,1,BUY,Calm/Bull low stress=0.00
2014-05-13,bist100,757.760986328125,Calm/Bull,1.069154906565208e-05,1,BUY,Calm/Bull low stress=0.00
2014-05-14,bist100,760.4739990234375,Calm/Bull,1.1099804343216225e-05,1,BUY,Calm/Bull low stress=0.00
2014-05-15,bist100,752.280029296875,Calm/Bull,1.0470758531938358e-05,1,BUY,Calm/Bull low stress=0.00
2014-05-16,bist100,750.0890502929688,Calm/Bull,3.3122697055717563e-06,1,BUY,Calm/Bull low stress=0.00
2014-05-20,bist100,752.5490112304688,Calm/Bull,1.8983983044752104e-06,1,BUY,Calm/Bull low stress=0.00
2014-05-21,bist100,764.5419921875,Calm/Bull,2.013929368079495e-05,1,BUY,Calm/Bull low stress=0.00
2014-05-22,bist100,780.4278564453125,Transition,0.0003972839099846,1,BUY,Transition BUY=0.00
2014-05-23,bist100,780.6018676757812,Calm/Bull,1.2346864790599282e-05,1,BUY,Calm/Bull low stress=0.00
2014-05-26,bist100,786.02783203125,Calm/Bull,2.9337283891384136e-05,1,BUY,Calm/Bull low stress=0.00
2014-05-27,bist100,775.327880859375,Calm/Bull,4.095472553184432e-05,1,BUY,Calm/Bull low stress=0.00
2014-05-28,bist100,779.9498291015625,Calm/Bull,3.855876461406659e-05,1,BUY,Calm/Bull low stress=0.00
2014-05-29,bist100,792.9957885742188,Calm/Bull,1.8273250726913365e-05,1,BUY,Calm/Bull low stress=0.00
2014-05-30,bist100,792.893798828125,Calm/Bull,1.3513141837187684e-06,1,BUY,Calm/Bull low stress=0.00
2014-06-02,bist100,786.4838256835938,Calm/Bull,1.6806468359704594e-06,1,BUY,Calm/Bull low stress=0.00
2014-06-03,bist100,788.1787719726562,Calm/Bull,7.304811130584511e-07,1,BUY,Calm/Bull low stress=0.00
2014-06-04,bist100,783.8428344726562,Calm/Bull,9.676834824077342e-07,1,BUY,Calm/Bull low stress=0.00
2014-06-05,bist100,798.0258178710938,Transition,6.729584272280206e-05,1,BUY,Transition BUY=0.00
2014-06-06,bist100,803.9717407226562,Calm/Bull,2.1530802352067435e-06,1,BUY,Calm/Bull low stress=0.00
2014-06-09,bist100,807.5337524414062,Calm/Bull,1.757264721246753e-06,1,BUY,Calm/Bull low stress=0.00
2014-06-10,bist100,816.7156372070312,Calm/Bull,4.344857414863394e-06,1,BUY,Calm/Bull low stress=0.00
2014-06-11,bist100,790.2017822265625,Stress/Bear,0.994060405213312,-1,REDUCE,Stress rising=0.99↑
2014-06-12,bist100,798.3388061523438,Transition,0.0054245102033514,1,BUY,Transition BUY=0.01
2014-06-13,bist100,790.11181640625,Calm/Bull,0.0001591119709354,1,BUY,Calm/Bull low stress=0.00
2014-06-16,bist100,776.452880859375,Calm/Bull,0.0011808970274756,1,BUY,Calm/Bull low stress=0.00
2014-06-17,bist100,780.15283203125,Calm/Bull,0.0018079562227478,1,BUY,Calm/Bull low stress=0.00
2014-06-18,bist100,780.9248657226562,Calm/Bull,0.0001246648120213,1,BUY,Calm/Bull low stress=0.00
2014-06-19,bist100,790.5687866210938,Calm/Bull,0.0002625719405595,1,BUY,Calm/Bull low stress=0.00
2014-06-20,bist100,784.0028686523438,Calm/Bull,0.0005252031843031,1,BUY,Calm/Bull low stress=0.00
2014-06-23,bist100,793.2608032226562,Calm/Bull,0.0003725989860385,1,BUY,Calm/Bull low stress=0.00
2014-06-24,bist100,789.8568115234375,Calm/Bull,0.0001392571110574,1,BUY,Calm/Bull low stress=0.00
2014-06-25,bist100,789.9747924804688,Calm/Bull,0.0003108522795564,1,BUY,Calm/Bull low stress=0.00
2014-06-26,bist100,781.036865234375,Calm/Bull,0.0012257745412036,1,BUY,Calm/Bull low stress=0.00
2014-06-27,bist100,784.7198486328125,Calm/Bull,0.0018887518433821,1,BUY,Calm/Bull low stress=0.00
2014-06-30,bist100,784.8858642578125,Calm/Bull,0.0002290133387871,1,BUY,Calm/Bull low stress=0.00
2014-07-01,bist100,771.06591796875,Calm/Bull,0.0019419186116277,1,BUY,Calm/Bull low stress=0.00
2014-07-02,bist100,768.3139038085938,Calm/Bull,0.0003371921487351,1,BUY,Calm/Bull low stress=0.00
2014-07-03,bist100,775.2808837890625,Calm/Bull,0.0002292212903905,1,BUY,Calm/Bull low stress=0.00
2014-07-04,bist100,775.3439331054688,Calm/Bull,0.0004167891131765,1,BUY,Calm/Bull low stress=0.00
2014-07-07,bist100,789.5067749023438,Calm/Bull,0.0166308115153247,1,BUY,Calm/Bull low stress=0.02
2014-07-08,bist100,792.90380859375,Calm/Bull,0.0005246556951428,1,BUY,Calm/Bull low stress=0.00
2014-07-09,bist100,794.5838012695312,Calm/Bull,1.669755389227515e-05,1,BUY,Calm/Bull low stress=0.00
2014-07-10,bist100,785.5118408203125,Calm/Bull,3.952763337083466e-05,1,BUY,Calm/Bull low stress=0.00
2014-07-11,bist100,793.6397705078125,Calm/Bull,2.497925610327289e-05,1,BUY,Calm/Bull low stress=0.00
2014-07-14,bist100,806.2117309570312,Calm/Bull,1.8217638549311824e-05,1,BUY,Calm/Bull low stress=0.00
2014-07-15,bist100,812.4466552734375,Calm/Bull,1.00737813732463e-05,1,BUY,Calm/Bull low stress=0.00
2014-07-16,bist100,822.7006225585938,Calm/Bull,3.533274314493282e-05,1,BUY,Calm/Bull low stress=0.00
2014-07-17,bist100,817.82763671875,Calm/Bull,6.086757192348824e-05,1,BUY,Calm/Bull low stress=0.00
2014-07-18,bist100,823.140625,Calm/Bull,4.020605293969661e-05,1,BUY,Calm/Bull low stress=0.00
2014-07-21,bist100,822.6986083984375,Calm/Bull,4.39265534774851e-06,1,BUY,Calm/Bull low stress=0.00
2014-07-22,bist100,825.3005981445312,Calm/Bull,4.185214253556038e-06,1,BUY,Calm/Bull low stress=0.00
2014-07-23,bist100,828.5416259765625,Calm/Bull,5.121367423507747e-06,1,BUY,Calm/Bull low stress=0.00
2014-07-24,bist100,838.2425537109375,Calm/Bull,2.464067893651229e-05,1,BUY,Calm/Bull low stress=0.00
2014-07-25,bist100,842.175537109375,Calm/Bull,2.8011655019869684e-06,1,BUY,Calm/Bull low stress=0.00
2014-07-31,bist100,821.5646362304688,Calm/Bull,0.0080621805623664,1,BUY,Calm/Bull low stress=0.01
2014-08-01,bist100,820.9346923828125,Calm/Bull,5.566584358098466e-05,1,BUY,Calm/Bull low stress=0.00
2014-08-04,bist100,818.9286499023438,Calm/Bull,2.063960763050613e-05,1,BUY,Calm/Bull low stress=0.00
2014-08-05,bist100,806.4147338867188,Calm/Bull,0.0042558828532554,1,BUY,Calm/Bull low stress=0.00
2014-08-06,bist100,794.3187866210938,Calm/Bull,0.0132136334859705,1,BUY,Calm/Bull low stress=0.01
2014-08-07,bist100,788.4287719726562,Calm/Bull,0.0001057689660924,1,BUY,Calm/Bull low stress=0.00
2014-08-08,bist100,791.9898071289062,Calm/Bull,0.0004797923200612,1,BUY,Calm/Bull low stress=0.00
2014-08-11,bist100,772.7089233398438,Stress/Bear,0.9696004913206292,-1,REDUCE,Stress rising=0.97↑
2014-08-12,bist100,778.267822265625,Calm/Bull,0.0003597998538326,1,BUY,Calm/Bull low stress=0.00
2014-08-13,bist100,776.181884765625,Calm/Bull,0.0002164840598477,1,BUY,Calm/Bull low stress=0.00
2014-08-14,bist100,775.6948852539062,Calm/Bull,4.6114384395389616e-05,1,BUY,Calm/Bull low stress=0.00
2014-08-15,bist100,766.9169311523438,Calm/Bull,0.0001056486756664,1,BUY,Calm/Bull low stress=0.00
2014-08-18,bist100,773.4169311523438,Calm/Bull,5.8331811046748825e-05,1,BUY,Calm/Bull low stress=0.00
2014-08-19,bist100,792.7547607421875,Transition,0.0102212073862136,1,BUY,Transition BUY=0.01
2014-08-20,bist100,788.664794921875,Calm/Bull,0.0003801521839787,1,BUY,Calm/Bull low stress=0.00
2014-08-21,bist100,789.57080078125,Calm/Bull,0.0004112093946146,1,BUY,Calm/Bull low stress=0.00
2014-08-22,bist100,789.2918090820312,Calm/Bull,0.0009696152227624,1,BUY,Calm/Bull low stress=0.00
2014-08-25,bist100,792.6198120117188,Calm/Bull,0.0012869973190693,1,BUY,Calm/Bull low stress=0.00
2014-08-26,bist100,807.5387573242188,Calm/Bull,0.0113759509311109,1,BUY,Calm/Bull low stress=0.01
2014-08-27,bist100,804.6697387695312,Calm/Bull,0.0005279080172561,1,BUY,Calm/Bull low stress=0.00
2014-08-28,bist100,808.3727416992188,Calm/Bull,0.0001360521996494,1,BUY,Calm/Bull low stress=0.00
2014-08-29,bist100,803.124755859375,Calm/Bull,0.0002291080538444,1,BUY,Calm/Bull low stress=0.00
2014-09-01,bist100,808.2427368164062,Calm/Bull,0.0003996060349039,1,BUY,Calm/Bull low stress=0.00
2014-09-02,bist100,807.095703125,Calm/Bull,4.8249190545797726e-05,1,BUY,Calm/Bull low stress=0.00
2014-09-03,bist100,812.919677734375,Calm/Bull,2.6008728529152586e-05,1,BUY,Calm/Bull low stress=0.00
2014-09-04,bist100,822.2556762695312,Calm/Bull,5.4573829254254546e-05,1,BUY,Calm/Bull low stress=0.00
2014-09-05,bist100,821.9266967773438,Calm/Bull,2.9477550805958785e-05,1,BUY,Calm/Bull low stress=0.00
2014-09-08,bist100,821.9906616210938,Calm/Bull,1.509689870117762e-06,1,BUY,Calm/Bull low stress=0.00
2014-09-09,bist100,800.7977294921875,Calm/Bull,0.0092970191988142,1,BUY,Calm/Bull low stress=0.01
2014-09-10,bist100,795.5017700195312,Calm/Bull,0.000168705401798,1,BUY,Calm/Bull low stress=0.00
2014-09-11,bist100,789.6597900390625,Calm/Bull,0.000392984436929,1,BUY,Calm/Bull low stress=0.00
2014-09-12,bist100,778.203857421875,Calm/Bull,0.0014167143907676,1,BUY,Calm/Bull low stress=0.00
2014-09-15,bist100,779.1768798828125,Calm/Bull,0.0007368239047468,1,BUY,Calm/Bull low stress=0.00
2014-09-16,bist100,786.3418579101562,Calm/Bull,7.28330570043638e-05,1,BUY,Calm/Bull low stress=0.00
2014-09-17,bist100,789.6768188476562,Calm/Bull,1.1731194700888433e-05,1,BUY,Calm/Bull low stress=0.00
2014-09-18,bist100,774.9598999023438,Calm/Bull,0.0006083869078595,1,BUY,Calm/Bull low stress=0.00
2014-09-19,bist100,769.2149047851562,Calm/Bull,8.110984631175685e-05,1,BUY,Calm/Bull low stress=0.00
2014-09-22,bist100,768.6948852539062,Calm/Bull,4.6292379649037986e-05,1,BUY,Calm/Bull low stress=0.00
2014-09-23,bist100,766.6849365234375,Calm/Bull,1.0767531263748451e-05,1,BUY,Calm/Bull low stress=0.00
2014-09-24,bist100,751.926025390625,Calm/Bull,0.0012365196883255,1,BUY,Calm/Bull low stress=0.00
2014-09-25,bist100,745.9030151367188,Calm/Bull,5.8812632951079135e-05,1,BUY,Calm/Bull low stress=0.00
2014-09-26,bist100,746.3200073242188,Calm/Bull,0.000268252958934,1,BUY,Calm/Bull low stress=0.00
2014-09-29,bist100,746.4530029296875,Calm/Bull,4.455149625157276e-05,1,BUY,Calm/Bull low stress=0.00
2014-09-30,bist100,749.3740234375,Calm/Bull,9.223455708532307e-05,1,BUY,Calm/Bull low stress=0.00
2014-10-01,bist100,741.5410766601562,Calm/Bull,6.018578525451627e-05,1,BUY,Calm/Bull low stress=0.00
2014-10-02,bist100,738.5761108398438,Calm/Bull,2.157975200005048e-05,1,BUY,Calm/Bull low stress=0.00
2014-10-03,bist100,743.8400268554688,Calm/Bull,0.0010327806217032,1,BUY,Calm/Bull low stress=0.00
2014-10-08,bist100,729.43115234375,Calm/Bull,0.0011044495529699,1,BUY,Calm/Bull low stress=0.00
2014-10-09,bist100,752.0760498046875,Transition,0.0147241484233192,1,BUY,Transition BUY=0.01
2014-10-10,bist100,734.9370727539062,Calm/Bull,0.0055803550807165,1,BUY,Calm/Bull low stress=0.01
2014-10-13,bist100,751.1530151367188,Transition,0.0390620147719385,1,BUY,Transition BUY=0.04
2014-10-14,bist100,746.862060546875,Calm/Bull,0.0106669169913235,1,BUY,Calm/Bull low stress=0.01
2014-10-15,bist100,748.5560302734375,Calm/Bull,0.0019734118844458,1,BUY,Calm/Bull low stress=0.00
2014-10-16,bist100,745.7550048828125,Calm/Bull,0.0025535919948026,1,BUY,Calm/Bull low stress=0.00
2014-10-17,bist100,755.3289794921875,Calm/Bull,0.0026269156939939,1,BUY,Calm/Bull low stress=0.00
2014-10-20,bist100,763.3099975585938,Calm/Bull,0.0004460481629343,1,BUY,Calm/Bull low stress=0.00
2014-10-21,bist100,776.451904296875,Calm/Bull,0.0043484016552624,1,BUY,Calm/Bull low stress=0.00
2014-10-22,bist100,780.8038330078125,Calm/Bull,0.0008362115850407,1,BUY,Calm/Bull low stress=0.00
2014-10-23,bist100,794.9428100585938,Transition,0.0457667525664058,1,BUY,Transition BUY=0.05
2014-10-24,bist100,794.1668090820312,Calm/Bull,0.0005497132175471,1,BUY,Calm/Bull low stress=0.00
2014-10-27,bist100,792.3497924804688,Calm/Bull,0.0009958931465249,1,BUY,Calm/Bull low stress=0.00
2014-10-28,bist100,795.8867797851562,Calm/Bull,0.0085867329600015,1,BUY,Calm/Bull low stress=0.01
2014-10-30,bist100,798.9818115234375,Calm/Bull,0.0002293623020449,1,BUY,Calm/Bull low stress=0.00
2014-10-31,bist100,805.792724609375,Calm/Bull,0.0004124949363642,1,BUY,Calm/Bull low stress=0.00
2014-11-03,bist100,800.2747192382812,Calm/Bull,0.0004222941414761,1,BUY,Calm/Bull low stress=0.00
2014-11-04,bist100,802.677734375,Calm/Bull,0.0002564689125645,1,BUY,Calm/Bull low stress=0.00
2014-11-05,bist100,789.5567626953125,Calm/Bull,0.005995767219306,1,BUY,Calm/Bull low stress=0.01
2014-11-06,bist100,775.0989379882812,Calm/Bull,0.0277129740106576,1,BUY,Calm/Bull low stress=0.03
2014-11-07,bist100,779.5738525390625,Calm/Bull,0.000457065169568,1,BUY,Calm/Bull low stress=0.00
2014-11-10,bist100,777.4298706054688,Calm/Bull,3.927421337062648e-05,1,BUY,Calm/Bull low stress=0.00
2014-11-11,bist100,784.0298461914062,Calm/Bull,8.75503919837081e-06,1,BUY,Calm/Bull low stress=0.00
2014-11-12,bist100,803.9447021484375,Transition,0.000722623911621,1,BUY,Transition BUY=0.00
2014-11-13,bist100,808.7567138671875,Calm/Bull,0.0003476380734712,1,BUY,Calm/Bull low stress=0.00
2014-11-14,bist100,812.1116943359375,Calm/Bull,2.8729715201576956e-05,1,BUY,Calm/Bull low stress=0.00
2014-11-17,bist100,804.9937133789062,Calm/Bull,9.82813291503491e-05,1,BUY,Calm/Bull low stress=0.00
2014-11-18,bist100,813.294677734375,Calm/Bull,3.434767298303314e-05,1,BUY,Calm/Bull low stress=0.00
2014-11-19,bist100,814.6116943359375,Calm/Bull,1.8854788986622257e-05,1,BUY,Calm/Bull low stress=0.00
2014-11-20,bist100,825.1146240234375,Calm/Bull,5.341339636740814e-05,1,BUY,Calm/Bull low stress=0.00
2014-11-21,bist100,832.8135986328125,Calm/Bull,9.294589157136488e-06,1,BUY,Calm/Bull low stress=0.00
2014-11-24,bist100,832.515625,Calm/Bull,1.6038591341947883e-05,1,BUY,Calm/Bull low stress=0.00
2014-11-25,bist100,835.300537109375,Calm/Bull,1.1626691854506684e-05,1,BUY,Calm/Bull low stress=0.00
2014-11-26,bist100,842.4285278320312,Calm/Bull,1.1183281354947467e-05,1,BUY,Calm/Bull low stress=0.00
2014-11-27,bist100,846.8804931640625,Calm/Bull,8.545409232132094e-06,1,BUY,Calm/Bull low stress=0.00
2014-11-28,bist100,861.6824340820312,Transition,0.0009330695621586,1,BUY,Transition BUY=0.00
2014-12-01,bist100,861.4684448242188,Calm/Bull,9.568096709646196e-05,1,BUY,Calm/Bull low stress=0.00
2014-12-02,bist100,849.1474609375,Calm/Bull,0.0001242700432814,1,BUY,Calm/Bull low stress=0.00
2014-12-03,bist100,849.146484375,Calm/Bull,9.882855646309358e-06,1,BUY,Calm/Bull low stress=0.00
2014-12-04,bist100,862.33642578125,Calm/Bull,2.1208745617560147e-05,1,BUY,Calm/Bull low stress=0.00
2014-12-05,bist100,852.3944702148438,Calm/Bull,2.7326403805914923e-05,1,BUY,Calm/Bull low stress=0.00
2014-12-08,bist100,848.1824951171875,Calm/Bull,3.007241797671279e-05,1,BUY,Calm/Bull low stress=0.00
2014-12-09,bist100,835.2685546875,Calm/Bull,0.0002034772527742,1,BUY,Calm/Bull low stress=0.00
2014-12-10,bist100,841.258544921875,Calm/Bull,3.6384988476213183e-06,1,BUY,Calm/Bull low stress=0.00
2014-12-11,bist100,847.177490234375,Calm/Bull,1.2078460257874138e-05,1,BUY,Calm/Bull low stress=0.00
2014-12-12,bist100,832.2595825195312,Calm/Bull,6.935034075547259e-05,1,BUY,Calm/Bull low stress=0.00
2014-12-15,bist100,828.0396118164062,Calm/Bull,2.0215691873877277e-05,1,BUY,Calm/Bull low stress=0.00
2014-12-16,bist100,791.9077758789062,Stress/Bear,0.9999999321854376,-1,REDUCE,Stress rising=1.00↑
2014-12-17,bist100,808.2026977539062,Transition,0.2028026392859,1,BUY,Transition BUY=0.20
2014-12-18,bist100,832.2576293945312,Transition,0.1796008034284905,1,BUY,Transition BUY=0.18
2014-12-19,bist100,835.7315673828125,Calm/Bull,0.0007022429436424,1,BUY,Calm/Bull low stress=0.00
2014-12-22,bist100,851.4334716796875,Calm/Bull,0.101048010920221,1,BUY,Calm/Bull low stress=0.10
2014-12-23,bist100,844.8755493164062,Calm/Bull,0.0214861433621727,1,BUY,Calm/Bull low stress=0.02
2014-12-24,bist100,848.2124633789062,Calm/Bull,0.0320374466794273,1,BUY,Calm/Bull low stress=0.03
2014-12-25,bist100,848.240478515625,Calm/Bull,0.0413822208313015,1,BUY,Calm/Bull low stress=0.04
2014-12-26,bist100,849.468505859375,Calm/Bull,0.0422106856514467,1,BUY,Calm/Bull low stress=0.04
2014-12-29,bist100,841.0135498046875,Calm/Bull,0.0050985863095135,1,BUY,Calm/Bull low stress=0.01
2014-12-30,bist100,845.3665161132812,Calm/Bull,0.0007956556781396,1,BUY,Calm/Bull low stress=0.00
2014-12-31,bist100,857.2064208984375,Calm/Bull,0.056396465428933,1,BUY,Calm/Bull low stress=0.06
2015-01-02,bist100,854.58447265625,Calm/Bull,0.0033859208593821,1,BUY,Calm/Bull low stress=0.00
2015-01-05,bist100,864.6213989257812,Calm/Bull,0.0013821322497413,1,BUY,Calm/Bull low stress=0.00
2015-01-06,bist100,869.0913696289062,Calm/Bull,0.0008663650629541,1,BUY,Calm/Bull low stress=0.00
2015-01-07,bist100,867.7614135742188,Calm/Bull,0.0020406276945361,1,BUY,Calm/Bull low stress=0.00
2015-01-08,bist100,876.891357421875,Calm/Bull,0.002474873313229,1,BUY,Calm/Bull low stress=0.00
2015-01-09,bist100,876.4793701171875,Calm/Bull,0.0013137107241739,1,BUY,Calm/Bull low stress=0.00
2015-01-12,bist100,878.642333984375,Calm/Bull,0.0004618912541949,1,BUY,Calm/Bull low stress=0.00
2015-01-13,bist100,883.1303100585938,Calm/Bull,0.0020088418031556,1,BUY,Calm/Bull low stress=0.00
2015-01-14,bist100,875.63037109375,Calm/Bull,2.9496129708925695e-05,1,BUY,Calm/Bull low stress=0.00
2015-01-15,bist100,877.42333984375,Calm/Bull,1.7826581335241242e-05,1,BUY,Calm/Bull low stress=0.00
2015-01-16,bist100,874.1593627929688,Calm/Bull,3.0663916532318334e-08,1,BUY,Calm/Bull low stress=0.00
2015-01-19,bist100,880.0603637695312,Calm/Bull,3.0919784744197416e-08,1,BUY,Calm/Bull low stress=0.00
2015-01-20,bist100,892.000244140625,Calm/Bull,7.52188209625506e-08,1,BUY,Calm/Bull low stress=0.00
2015-01-21,bist100,903.1232299804688,Calm/Bull,2.9931484803470043e-08,1,BUY,Calm/Bull low stress=0.00
2015-01-22,bist100,909.023193359375,Calm/Bull,2.8003971040883343e-08,1,BUY,Calm/Bull low stress=0.00
2015-01-23,bist100,907.356201171875,Calm/Bull,2.5557378129081875e-08,1,BUY,Calm/Bull low stress=0.00
2015-01-26,bist100,914.1242065429688,Calm/Bull,5.970436492646043e-08,1,BUY,Calm/Bull low stress=0.00
2015-01-27,bist100,911.4961547851562,Calm/Bull,5.258934315575499e-09,1,BUY,Calm/Bull low stress=0.00
2015-01-28,bist100,903.4111938476562,Calm/Bull,2.9410316827183324e-08,1,BUY,Calm/Bull low stress=0.00
2015-01-29,bist100,885.5733032226562,Calm/Bull,1.4900054564998403e-06,1,BUY,Calm/Bull low stress=0.00
2015-01-30,bist100,889.4533081054688,Calm/Bull,5.647845254728788e-07,1,BUY,Calm/Bull low stress=0.00
2015-02-02,bist100,897.1232299804688,Calm/Bull,7.437416290064998e-07,1,BUY,Calm/Bull low stress=0.00
2015-02-03,bist100,875.0803833007812,Calm/Bull,0.0056470356710899,1,BUY,Calm/Bull low stress=0.01
2015-02-04,bist100,859.096435546875,Calm/Bull,0.000592481882746,1,BUY,Calm/Bull low stress=0.00
2015-02-05,bist100,857.888427734375,Calm/Bull,2.994346707071074e-05,1,BUY,Calm/Bull low stress=0.00
2015-02-06,bist100,849.8695068359375,Calm/Bull,4.180788459683081e-05,1,BUY,Calm/Bull low stress=0.00
2015-02-09,bist100,845.7384643554688,Calm/Bull,0.0003007564348756,1,BUY,Calm/Bull low stress=0.00
2015-02-10,bist100,831.1596069335938,Calm/Bull,0.0011679911992015,1,BUY,Calm/Bull low stress=0.00
2015-02-11,bist100,834.29052734375,Calm/Bull,0.0001301049782859,1,BUY,Calm/Bull low stress=0.00
2015-02-12,bist100,860.8214111328125,Transition,0.01620773260009,1,BUY,Transition BUY=0.02
2015-02-13,bist100,858.0884399414062,Calm/Bull,0.0003168474302392,1,BUY,Calm/Bull low stress=0.00
2015-02-16,bist100,860.4004516601562,Calm/Bull,0.0005220233024599,1,BUY,Calm/Bull low stress=0.00
2015-02-17,bist100,844.2445678710938,Calm/Bull,0.0028774805015731,1,BUY,Calm/Bull low stress=0.00
2015-02-18,bist100,854.4124755859375,Calm/Bull,0.0020586437183016,1,BUY,Calm/Bull low stress=0.00
2015-02-19,bist100,864.138427734375,Calm/Bull,0.0006483039426694,1,BUY,Calm/Bull low stress=0.00
2015-02-20,bist100,854.8844604492188,Calm/Bull,0.0005997443132404,1,BUY,Calm/Bull low stress=0.00
2015-02-23,bist100,862.87841796875,Calm/Bull,0.0009320853167085,1,BUY,Calm/Bull low stress=0.00
2015-02-24,bist100,866.9074096679688,Calm/Bull,0.0010250122557663,1,BUY,Calm/Bull low stress=0.00
2015-02-25,bist100,867.3304443359375,Calm/Bull,0.0004497599271423,1,BUY,Calm/Bull low stress=0.00
2015-02-26,bist100,859.1494140625,Calm/Bull,0.0003068965146224,1,BUY,Calm/Bull low stress=0.00
2015-02-27,bist100,841.4705200195312,Calm/Bull,0.0298906355771989,1,BUY,Calm/Bull low stress=0.03
2015-03-02,bist100,839.4645385742188,Calm/Bull,0.0005903102261275,1,BUY,Calm/Bull low stress=0.00
2015-03-03,bist100,843.0345458984375,Calm/Bull,0.0001922221472234,1,BUY,Calm/Bull low stress=0.00
2015-03-04,bist100,820.6676635742188,Calm/Bull,0.0143907712028355,1,BUY,Calm/Bull low stress=0.01
2015-03-05,bist100,807.791748046875,Calm/Bull,0.3448443216459954,1,BUY,Calm/Bull low stress=0.34
2015-03-06,bist100,803.0977172851562,Calm/Bull,0.0093916496488305,1,BUY,Calm/Bull low stress=0.01
2015-03-09,bist100,806.44970703125,Calm/Bull,0.0010506697121998,1,BUY,Calm/Bull low stress=0.00
2015-03-10,bist100,779.7708740234375,Stress/Bear,0.8997512601957615,-1,REDUCE,Stress rising=0.90↑
2015-03-11,bist100,782.765869140625,Calm/Bull,0.0799454888859232,1,BUY,Calm/Bull low stress=0.08
2015-03-12,bist100,782.9278564453125,Calm/Bull,0.0049204478563234,1,BUY,Calm/Bull low stress=0.00
2015-03-13,bist100,766.4169311523438,Calm/Bull,0.0793848146220944,1,BUY,Calm/Bull low stress=0.08
2015-03-16,bist100,781.9528198242188,Calm/Bull,0.0411668406835067,1,BUY,Calm/Bull low stress=0.04
2015-03-17,bist100,800.302734375,Calm/Bull,0.0491574492205188,1,BUY,Calm/Bull low stress=0.05
2015-03-18,bist100,799.4187622070312,Calm/Bull,0.0015972146842861,1,BUY,Calm/Bull low stress=0.00
2015-03-19,bist100,819.2156372070312,Calm/Bull,0.038889027485086,1,BUY,Calm/Bull low stress=0.04
2015-03-20,bist100,825.0596313476562,Calm/Bull,0.0383260595691739,1,BUY,Calm/Bull low stress=0.04
2015-03-23,bist100,837.41552734375,Calm/Bull,0.1194342889072982,1,BUY,Calm/Bull low stress=0.12
2015-03-24,bist100,820.3216552734375,Calm/Bull,0.0535426584631065,1,BUY,Calm/Bull low stress=0.05
2015-03-25,bist100,826.4876098632812,Calm/Bull,0.0071702304994675,1,BUY,Calm/Bull low stress=0.01
2015-03-26,bist100,814.8196411132812,Calm/Bull,0.0163513628148804,1,BUY,Calm/Bull low stress=0.02
2015-03-27,bist100,808.937744140625,Calm/Bull,0.0017880106189749,1,BUY,Calm/Bull low stress=0.00
2015-03-30,bist100,821.835693359375,Calm/Bull,0.0382535969785087,1,BUY,Calm/Bull low stress=0.04
2015-03-31,bist100,808.4557495117188,Calm/Bull,0.0075894500358291,1,BUY,Calm/Bull low stress=0.01
2015-04-01,bist100,812.0806884765625,Calm/Bull,0.0015246604023846,1,BUY,Calm/Bull low stress=0.00
2015-04-02,bist100,816.7596435546875,Calm/Bull,0.0013527829405886,1,BUY,Calm/Bull low stress=0.00
2015-04-03,bist100,829.9385986328125,Calm/Bull,0.0379516378852859,1,BUY,Calm/Bull low stress=0.04
2015-04-06,bist100,831.297607421875,Calm/Bull,0.001097821513107,1,BUY,Calm/Bull low stress=0.00
2015-04-07,bist100,824.6546020507812,Calm/Bull,0.0004347708978094,1,BUY,Calm/Bull low stress=0.00
2015-04-08,bist100,827.9896240234375,Calm/Bull,0.0002874418377065,1,BUY,Calm/Bull low stress=0.00
2015-04-09,bist100,835.1315307617188,Calm/Bull,0.0003796117218552,1,BUY,Calm/Bull low stress=0.00
2015-04-10,bist100,826.45361328125,Calm/Bull,0.0003598814844962,1,BUY,Calm/Bull low stress=0.00
2015-04-13,bist100,819.3716430664062,Calm/Bull,0.0002168448103823,1,BUY,Calm/Bull low stress=0.00
2015-04-14,bist100,823.192626953125,Calm/Bull,0.00029130089065,1,BUY,Calm/Bull low stress=0.00
2015-04-15,bist100,813.5706787109375,Calm/Bull,0.0002665070283909,1,BUY,Calm/Bull low stress=0.00
2015-04-16,bist100,824.3626098632812,Calm/Bull,0.0001486871924854,1,BUY,Calm/Bull low stress=0.00
2015-04-17,bist100,824.172607421875,Calm/Bull,2.043347037763777e-05,1,BUY,Calm/Bull low stress=0.00
2015-04-20,bist100,823.0216064453125,Calm/Bull,1.1210797261601645e-05,1,BUY,Calm/Bull low stress=0.00
2015-04-21,bist100,842.7725219726562,Transition,0.0022028640578404,1,BUY,Transition BUY=0.00
2015-04-22,bist100,837.799560546875,Calm/Bull,0.0001124392986128,1,BUY,Calm/Bull low stress=0.00
2015-04-24,bist100,855.5084838867188,Transition,0.0003331676264506,1,BUY,Transition BUY=0.00
2015-04-27,bist100,864.014404296875,Calm/Bull,0.0001256042361244,1,BUY,Calm/Bull low stress=0.00
2015-04-28,bist100,862.0903930664062,Calm/Bull,6.562037407123585e-05,1,BUY,Calm/Bull low stress=0.00
2015-04-29,bist100,859.7794189453125,Calm/Bull,6.005305400376697e-06,1,BUY,Calm/Bull low stress=0.00
2015-04-30,bist100,839.4655151367188,Calm/Bull,0.0056499911421336,1,BUY,Calm/Bull low stress=0.01
2015-05-04,bist100,840.1845703125,Calm/Bull,3.5340262117752915e-05,1,BUY,Calm/Bull low stress=0.00
2015-05-05,bist100,833.8026123046875,Calm/Bull,3.536474913138051e-05,1,BUY,Calm/Bull low stress=0.00
2015-05-06,bist100,824.4096069335938,Calm/Bull,7.155235662926625e-05,1,BUY,Calm/Bull low stress=0.00
2015-05-07,bist100,825.6976318359375,Calm/Bull,5.7486673002394975e-05,1,BUY,Calm/Bull low stress=0.00
2015-05-08,bist100,840.5945434570312,Transition,0.0026947979072329,1,BUY,Transition BUY=0.00
2015-05-11,bist100,847.5234985351562,Calm/Bull,5.285748614674317e-05,1,BUY,Calm/Bull low stress=0.00
2015-05-12,bist100,853.6304931640625,Calm/Bull,4.761638000392368e-05,1,BUY,Calm/Bull low stress=0.00
2015-05-13,bist100,864.17041015625,Calm/Bull,0.0001290783235503,1,BUY,Calm/Bull low stress=0.00
2015-05-14,bist100,872.432373046875,Calm/Bull,0.000395047821337,1,BUY,Calm/Bull low stress=0.00
2015-05-15,bist100,876.0443725585938,Calm/Bull,5.73203422027968e-05,1,BUY,Calm/Bull low stress=0.00
2015-05-18,bist100,886.5142822265625,Calm/Bull,0.0002177114047006,1,BUY,Calm/Bull low stress=0.00
2015-05-20,bist100,877.9063720703125,Calm/Bull,9.058871802750474e-05,1,BUY,Calm/Bull low stress=0.00
2015-05-21,bist100,865.6454467773438,Calm/Bull,0.0004906944312009,1,BUY,Calm/Bull low stress=0.00
2015-05-22,bist100,858.034423828125,Calm/Bull,3.813570198026284e-05,1,BUY,Calm/Bull low stress=0.00
2015-05-25,bist100,845.6654663085938,Calm/Bull,0.0001757996130446,1,BUY,Calm/Bull low stress=0.00
2015-05-26,bist100,836.4895629882812,Calm/Bull,8.929267095438057e-05,1,BUY,Calm/Bull low stress=0.00
2015-05-27,bist100,842.9165649414062,Calm/Bull,9.889342316581131e-05,1,BUY,Calm/Bull low stress=0.00
2015-05-28,bist100,835.6915283203125,Calm/Bull,3.818520430055749e-05,1,BUY,Calm/Bull low stress=0.00
2015-05-29,bist100,829.8076171875,Calm/Bull,0.0002084705046452,1,BUY,Calm/Bull low stress=0.00
2015-06-01,bist100,804.2867431640625,Calm/Bull,0.019403755934131,1,BUY,Calm/Bull low stress=0.02
2015-06-02,bist100,814.1976928710938,Calm/Bull,0.0003299937210105,1,BUY,Calm/Bull low stress=0.00
2015-06-03,bist100,833.9315795898438,Stress/Bear,0.8335657797205299,-1,REDUCE,Stress rising=0.83↑
2015-06-04,bist100,824.985595703125,Calm/Bull,0.0002858473789683,1,BUY,Calm/Bull low stress=0.00
2015-06-05,bist100,819.4296875,Calm/Bull,0.0008260474037769,1,BUY,Calm/Bull low stress=0.00
2015-06-08,bist100,778.0498657226562,Stress/Bear,0.999952748887926,-1,REDUCE,Stress rising=1.00↑
2015-06-09,bist100,781.4588623046875,Calm/Bull,0.0339951038790276,1,BUY,Calm/Bull low stress=0.03
2015-06-10,bist100,797.4747924804688,Calm/Bull,0.2653138232479305,1,BUY,Calm/Bull low stress=0.27
2015-06-11,bist100,808.44775390625,Calm/Bull,0.0355495827448753,1,BUY,Calm/Bull low stress=0.04
2015-06-12,bist100,805.3207397460938,Calm/Bull,0.0077189118229384,1,BUY,Calm/Bull low stress=0.01
2015-06-15,bist100,789.509765625,Calm/Bull,0.084051321401024,1,BUY,Calm/Bull low stress=0.08
2015-06-16,bist100,801.833740234375,Calm/Bull,0.0454281901184571,1,BUY,Calm/Bull low stress=0.05
2015-06-17,bist100,807.1287231445312,Calm/Bull,0.0151800236293457,1,BUY,Calm/Bull low stress=0.02
2015-06-18,bist100,819.3206787109375,Calm/Bull,0.0095655702064221,1,BUY,Calm/Bull low stress=0.01
2015-06-19,bist100,824.5396118164062,Calm/Bull,0.0034090639398201,1,BUY,Calm/Bull low stress=0.00
2015-06-22,bist100,834.257568359375,Calm/Bull,0.0103681455629207,1,BUY,Calm/Bull low stress=0.01
2015-06-23,bist100,830.6806030273438,Calm/Bull,0.0040597404084642,1,BUY,Calm/Bull low stress=0.00
2015-06-24,bist100,841.4025268554688,Calm/Bull,0.0051967145989662,1,BUY,Calm/Bull low stress=0.01
2015-06-25,bist100,832.7666015625,Calm/Bull,0.0046847874738939,1,BUY,Calm/Bull low stress=0.00
2015-06-26,bist100,835.45654296875,Calm/Bull,0.0026809887393364,1,BUY,Calm/Bull low stress=0.00
2015-06-29,bist100,817.5576782226562,Calm/Bull,0.0581595581875847,1,BUY,Calm/Bull low stress=0.06
2015-06-30,bist100,822.4906616210938,Calm/Bull,0.0027704201066008,1,BUY,Calm/Bull low stress=0.00
2015-07-01,bist100,816.8126831054688,Calm/Bull,0.0019718040867873,1,BUY,Calm/Bull low stress=0.00
2015-07-02,bist100,818.795654296875,Calm/Bull,0.0014554060170195,1,BUY,Calm/Bull low stress=0.00
2015-07-03,bist100,812.1656494140625,Calm/Bull,0.0052918796079162,1,BUY,Calm/Bull low stress=0.01
2015-07-06,bist100,823.6546020507812,Calm/Bull,0.0003719222349234,1,BUY,Calm/Bull low stress=0.00
2015-07-07,bist100,815.7186889648438,Calm/Bull,6.535344606771854e-05,1,BUY,Calm/Bull low stress=0.00
2015-07-08,bist100,803.8617553710938,Calm/Bull,8.693253346026771e-05,1,BUY,Calm/Bull low stress=0.00
2015-07-09,bist100,822.8585815429688,Transition,0.2823024434022853,1,BUY,Transition BUY=0.28
2015-07-10,bist100,827.9146118164062,Calm/Bull,7.864367178792851e-05,1,BUY,Calm/Bull low stress=0.00
2015-07-13,bist100,833.8786010742188,Calm/Bull,3.935263419848928e-05,1,BUY,Calm/Bull low stress=0.00
2015-07-14,bist100,830.4066162109375,Calm/Bull,3.6534346177723605e-05,1,BUY,Calm/Bull low stress=0.00
2015-07-15,bist100,827.2745971679688,Calm/Bull,5.200312274083097e-05,1,BUY,Calm/Bull low stress=0.00
2015-07-16,bist100,827.8936157226562,Calm/Bull,5.18569199866568e-05,1,BUY,Calm/Bull low stress=0.00
2015-07-20,bist100,813.1956787109375,Calm/Bull,0.0001614997946072,1,BUY,Calm/Bull low stress=0.00
2015-07-21,bist100,815.8316650390625,Calm/Bull,6.097016451666075e-05,1,BUY,Calm/Bull low stress=0.00
2015-07-22,bist100,812.2196655273438,Calm/Bull,3.1237524686601254e-05,1,BUY,Calm/Bull low stress=0.00
2015-07-23,bist100,783.3618774414062,Stress/Bear,0.6638184415983018,-1,REDUCE,Stress/Bear active=0.66
2015-07-24,bist100,787.1168212890625,Calm/Bull,0.0010232723527289,1,BUY,Calm/Bull low stress=0.00
2015-07-27,bist100,773.5159301757812,Calm/Bull,0.0014293124714867,1,BUY,Calm/Bull low stress=0.00
2015-07-28,bist100,780.23583984375,Calm/Bull,0.0019637622159651,1,BUY,Calm/Bull low stress=0.00
2015-07-29,bist100,780.7938232421875,Calm/Bull,0.0002324936666009,1,BUY,Calm/Bull low stress=0.00
2015-07-30,bist100,782.7108764648438,Calm/Bull,0.0001567886080932,1,BUY,Calm/Bull low stress=0.00
2015-07-31,bist100,799.0927734375,Transition,0.0065218279633201,1,BUY,Transition BUY=0.01
2015-08-03,bist100,781.6368408203125,Calm/Bull,0.0069767386781689,1,BUY,Calm/Bull low stress=0.01
2015-08-04,bist100,782.3448486328125,Calm/Bull,0.0003711582945283,1,BUY,Calm/Bull low stress=0.00
2015-08-05,bist100,781.3388671875,Calm/Bull,0.0002995354821843,1,BUY,Calm/Bull low stress=0.00
2015-08-06,bist100,788.02685546875,Calm/Bull,0.0003165722719933,1,BUY,Calm/Bull low stress=0.00
2015-08-07,bist100,784.266845703125,Calm/Bull,0.0001157408102427,1,BUY,Calm/Bull low stress=0.00
2015-08-10,bist100,774.9489135742188,Calm/Bull,0.0002417202055498,1,BUY,Calm/Bull low stress=0.00
2015-08-11,bist100,797.19580078125,Transition,0.0138593016967315,1,BUY,Transition BUY=0.01
2015-08-12,bist100,781.7438354492188,Calm/Bull,0.0060041233030932,1,BUY,Calm/Bull low stress=0.01
2015-08-13,bist100,770.8508911132812,Calm/Bull,0.0364149874991791,1,BUY,Calm/Bull low stress=0.04
2015-08-14,bist100,773.0859375,Calm/Bull,0.0008561484536443,1,BUY,Calm/Bull low stress=0.00
2015-08-17,bist100,769.2199096679688,Calm/Bull,0.000435130738983,1,BUY,Calm/Bull low stress=0.00
2015-08-18,bist100,759.5969848632812,Calm/Bull,0.0045333441709368,1,BUY,Calm/Bull low stress=0.00
2015-08-19,bist100,752.9920043945312,Stress/Bear,0.8474758171331553,-1,REDUCE,Stress rising=0.85↑
2015-08-20,bist100,746.8140258789062,Calm/Bull,0.0005059926315614,1,BUY,Calm/Bull low stress=0.00
2015-08-21,bist100,737.97412109375,Calm/Bull,0.0003619466109494,1,BUY,Calm/Bull low stress=0.00
2015-08-24,bist100,713.4161987304688,Stress/Bear,0.8155255383026321,-1,REDUCE,Stress rising=0.82↑
2015-08-25,bist100,735.0930786132812,Transition,0.1239135307596795,1,BUY,Transition BUY=0.12
2015-08-26,bist100,736.1550903320312,Calm/Bull,0.0049163923309049,1,BUY,Calm/Bull low stress=0.00
2015-08-27,bist100,748.1310424804688,Calm/Bull,0.0084091546824462,1,BUY,Calm/Bull low stress=0.01
2015-08-28,bist100,746.4120483398438,Calm/Bull,0.0013049848819992,1,BUY,Calm/Bull low stress=0.00
2015-08-31,bist100,752.1000366210938,Calm/Bull,0.0064446168555517,1,BUY,Calm/Bull low stress=0.01
2015-09-01,bist100,735.693115234375,Calm/Bull,0.012173828450855,1,BUY,Calm/Bull low stress=0.01
2015-09-02,bist100,736.5570678710938,Calm/Bull,0.0014073119810569,1,BUY,Calm/Bull low stress=0.00
2015-09-03,bist100,740.037109375,Calm/Bull,0.0012850553571934,1,BUY,Calm/Bull low stress=0.00
2015-09-04,bist100,729.4971313476562,Calm/Bull,0.0035808394331603,1,BUY,Calm/Bull low stress=0.00
2015-09-07,bist100,718.6542358398438,Calm/Bull,0.0088589111249915,1,BUY,Calm/Bull low stress=0.01
2015-09-08,bist100,720.51416015625,Calm/Bull,0.0008196930011298,1,BUY,Calm/Bull low stress=0.00
2015-09-09,bist100,720.0291748046875,Calm/Bull,0.0004383836959122,1,BUY,Calm/Bull low stress=0.00
2015-09-10,bist100,718.4612426757812,Calm/Bull,0.0008576714499587,1,BUY,Calm/Bull low stress=0.00
2015-09-11,bist100,713.5051879882812,Calm/Bull,0.0008503251118451,1,BUY,Calm/Bull low stress=0.00
2015-09-14,bist100,712.990234375,Calm/Bull,0.000962002793231,1,BUY,Calm/Bull low stress=0.00
2015-09-15,bist100,731.7301025390625,Transition,0.0242138527997186,1,BUY,Transition BUY=0.02
2015-09-16,bist100,741.4910888671875,Calm/Bull,0.0034035197694221,1,BUY,Calm/Bull low stress=0.00
2015-09-17,bist100,749.8020629882812,Calm/Bull,0.0017892670813239,1,BUY,Calm/Bull low stress=0.00
2015-09-18,bist100,750.9860229492188,Calm/Bull,0.002027626818986,1,BUY,Calm/Bull low stress=0.00
2015-09-21,bist100,758.6029663085938,Calm/Bull,0.0022905653256886,1,BUY,Calm/Bull low stress=0.00
2015-09-22,bist100,749.9330444335938,Calm/Bull,0.0002970667029282,1,BUY,Calm/Bull low stress=0.00
2015-09-23,bist100,746.0980224609375,Calm/Bull,0.0009471172712437,1,BUY,Calm/Bull low stress=0.00
2015-09-28,bist100,733.1461181640625,Calm/Bull,0.0002163633847236,1,BUY,Calm/Bull low stress=0.00
2015-09-29,bist100,742.5730590820312,Transition,0.0012206241752599,1,BUY,Transition BUY=0.00
2015-09-30,bist100,742.0510864257812,Calm/Bull,0.0002505445821586,1,BUY,Calm/Bull low stress=0.00
2015-10-01,bist100,745.3060302734375,Calm/Bull,2.500496881986322e-05,1,BUY,Calm/Bull low stress=0.00
2015-10-02,bist100,743.9630126953125,Calm/Bull,1.7824551417940162e-05,1,BUY,Calm/Bull low stress=0.00
2015-10-05,bist100,769.0209350585938,Transition,0.0057660495810853,1,BUY,Transition BUY=0.01
2015-10-06,bist100,772.5819091796875,Calm/Bull,0.0004359380013806,1,BUY,Calm/Bull low stress=0.00
2015-10-07,bist100,786.9778442382812,Transition,0.0021911441913038,1,BUY,Transition BUY=0.00
2015-10-08,bist100,786.6058349609375,Calm/Bull,0.0004621721548876,1,BUY,Calm/Bull low stress=0.00
2015-10-09,bist100,792.144775390625,Calm/Bull,0.0004325118968704,1,BUY,Calm/Bull low stress=0.00
2015-10-12,bist100,792.9967651367188,Calm/Bull,8.144711662431022e-05,1,BUY,Calm/Bull low stress=0.00
2015-10-13,bist100,783.5818481445312,Calm/Bull,0.0003484983809199,1,BUY,Calm/Bull low stress=0.00
2015-10-14,bist100,793.7977905273438,Calm/Bull,0.0003810846046378,1,BUY,Calm/Bull low stress=0.00
2015-10-15,bist100,792.6287841796875,Calm/Bull,5.865645845091687e-05,1,BUY,Calm/Bull low stress=0.00
2015-10-16,bist100,784.8318481445312,Calm/Bull,5.269021074857764e-05,1,BUY,Calm/Bull low stress=0.00
2015-10-19,bist100,797.3407592773438,Calm/Bull,0.0001500375154518,1,BUY,Calm/Bull low stress=0.00
2015-10-20,bist100,804.9607543945312,Stress/Bear,0.5651980090266923,-1,REDUCE,Stress/Bear active=0.57
2015-10-21,bist100,797.6488037109375,Calm/Bull,0.0002848922650713,1,BUY,Calm/Bull low stress=0.00
2015-10-22,bist100,802.5547485351562,Calm/Bull,8.153464606229516e-05,1,BUY,Calm/Bull low stress=0.00
2015-10-23,bist100,801.2437133789062,Calm/Bull,5.843591934878307e-05,1,BUY,Calm/Bull low stress=0.00
2015-10-26,bist100,792.6187744140625,Calm/Bull,3.916411315515383e-05,1,BUY,Calm/Bull low stress=0.00
2015-10-27,bist100,786.620849609375,Calm/Bull,4.363627110947514e-05,1,BUY,Calm/Bull low stress=0.00
2015-10-28,bist100,785.3588256835938,Calm/Bull,0.000409481197086,1,BUY,Calm/Bull low stress=0.00
2015-10-30,bist100,794.0858154296875,Transition,0.001770069115095,1,BUY,Transition BUY=0.00
2015-11-02,bist100,836.9315185546875,Stress/Bear,0.9816145986755204,-1,REDUCE,Stress rising=0.98↑
2015-11-03,bist100,829.1345825195312,Calm/Bull,0.0036798175216786,1,BUY,Calm/Bull low stress=0.00
2015-11-04,bist100,836.8365478515625,Calm/Bull,0.0024635279305969,1,BUY,Calm/Bull low stress=0.00
2015-11-05,bist100,829.5526123046875,Calm/Bull,0.0044909269129904,1,BUY,Calm/Bull low stress=0.00
2015-11-06,bist100,819.2976684570312,Calm/Bull,0.0023470178797405,1,BUY,Calm/Bull low stress=0.00
2015-11-09,bist100,820.4966430664062,Calm/Bull,0.0010698559698751,1,BUY,Calm/Bull low stress=0.00
2015-11-10,bist100,811.7366943359375,Calm/Bull,0.0008875401686597,1,BUY,Calm/Bull low stress=0.00
2015-11-11,bist100,817.1756591796875,Calm/Bull,0.0014888822751884,1,BUY,Calm/Bull low stress=0.00
2015-11-12,bist100,821.4296875,Calm/Bull,0.0005429510606062,1,BUY,Calm/Bull low stress=0.00
2015-11-13,bist100,818.78369140625,Calm/Bull,0.0008397678490012,1,BUY,Calm/Bull low stress=0.00
2015-11-16,bist100,810.459716796875,Calm/Bull,0.0013957937370204,1,BUY,Calm/Bull low stress=0.00
2015-11-17,bist100,811.524658203125,Calm/Bull,0.0003865898210389,1,BUY,Calm/Bull low stress=0.00
2015-11-18,bist100,805.1377563476562,Calm/Bull,0.0003698881615518,1,BUY,Calm/Bull low stress=0.00
2015-11-19,bist100,804.40771484375,Calm/Bull,0.0004515645986183,1,BUY,Calm/Bull low stress=0.00
2015-11-20,bist100,806.812744140625,Calm/Bull,0.0006546177805249,1,BUY,Calm/Bull low stress=0.00
2015-11-23,bist100,797.4437866210938,Calm/Bull,0.0012246691352969,1,BUY,Calm/Bull low stress=0.00
2015-11-24,bist100,762.4259643554688,Stress/Bear,0.9999994588969467,-1,REDUCE,Stress rising=1.00↑
2015-11-25,bist100,768.3609008789062,Calm/Bull,0.1770442264394935,1,BUY,Calm/Bull low stress=0.18
2015-11-26,bist100,749.9720458984375,Calm/Bull,0.1281245122394155,1,BUY,Calm/Bull low stress=0.13
2015-11-27,bist100,756.3799438476562,Calm/Bull,0.2438780461497942,1,BUY,Calm/Bull low stress=0.24
2015-11-30,bist100,752.3240356445312,Calm/Bull,0.0005253112555634,1,BUY,Calm/Bull low stress=0.00
2015-12-01,bist100,767.8508911132812,Transition,0.0086621775286308,1,BUY,Transition BUY=0.01
2015-12-02,bist100,763.9459838867188,Calm/Bull,0.0018798234776508,1,BUY,Calm/Bull low stress=0.00
2015-12-03,bist100,754.5239868164062,Calm/Bull,0.0028979312954465,1,BUY,Calm/Bull low stress=0.00
2015-12-04,bist100,742.6490478515625,Calm/Bull,0.0896972717789813,1,BUY,Calm/Bull low stress=0.09
2015-12-07,bist100,739.0850830078125,Calm/Bull,0.0005673659127415,1,BUY,Calm/Bull low stress=0.00
2015-12-08,bist100,731.0050659179688,Calm/Bull,0.0009106635558609,1,BUY,Calm/Bull low stress=0.00
2015-12-09,bist100,745.8330078125,Transition,0.0234183714576324,1,BUY,Transition BUY=0.02
2015-12-10,bist100,723.5381469726562,Stress/Bear,0.9955473973048814,-1,REDUCE,Stress rising=1.00↑
2015-12-11,bist100,702.7992553710938,Stress/Bear,0.6074702551921078,-1,REDUCE,Stress/Bear active=0.61
2015-12-14,bist100,693.0833129882812,Stress/Bear,0.6256542498158288,-1,REDUCE,Stress/Bear active=0.63
2015-12-15,bist100,721.5641479492188,Stress/Bear,0.9708850041565168,-1,REDUCE,Stress rising=0.97↑
2015-12-16,bist100,728.3141479492188,Calm/Bull,0.1503984143286257,1,BUY,Calm/Bull low stress=0.15
2015-12-17,bist100,737.1151123046875,Calm/Bull,0.1825333173463239,1,BUY,Calm/Bull low stress=0.18
2015-12-18,bist100,724.6001586914062,Calm/Bull,0.405825790771367,1,BUY,Calm/Bull low stress=0.41
2015-12-21,bist100,733.278076171875,Stress/Bear,0.5198864930196282,-1,REDUCE,Stress/Bear active=0.52
2015-12-22,bist100,731.01708984375,Calm/Bull,0.0053878828978421,1,BUY,Calm/Bull low stress=0.01
2015-12-23,bist100,740.445068359375,Calm/Bull,0.0179982040996465,1,BUY,Calm/Bull low stress=0.02
2015-12-24,bist100,740.5001220703125,Calm/Bull,0.0097979758006663,1,BUY,Calm/Bull low stress=0.01
2015-12-25,bist100,741.89111328125,Calm/Bull,0.2020243124658152,1,BUY,Calm/Bull low stress=0.20
2015-12-28,bist100,742.4280395507812,Calm/Bull,0.0029882842368082,1,BUY,Calm/Bull low stress=0.00
2015-12-29,bist100,739.1220703125,Calm/Bull,0.0023752896037912,1,BUY,Calm/Bull low stress=0.00
2015-12-30,bist100,732.0031127929688,Calm/Bull,0.0037851838253814,1,BUY,Calm/Bull low stress=0.00
2015-12-31,bist100,717.2662353515625,Calm/Bull,0.0538901822358603,1,BUY,Calm/Bull low stress=0.05
2016-01-04,bist100,705.1802978515625,Calm/Bull,0.0201929918965745,1,BUY,Calm/Bull low stress=0.02
2016-01-05,bist100,706.8772583007812,Calm/Bull,0.0533493080995657,1,BUY,Calm/Bull low stress=0.05
2016-01-06,bist100,711.9752197265625,Calm/Bull,0.0413615127286923,1,BUY,Calm/Bull low stress=0.04
2016-01-07,bist100,714.9552001953125,Calm/Bull,0.0564625596162909,1,BUY,Calm/Bull low stress=0.06
2016-01-08,bist100,706.1282958984375,Calm/Bull,0.0018540492104638,1,BUY,Calm/Bull low stress=0.00
2016-01-11,bist100,710.4862060546875,Calm/Bull,0.00088356678133,1,BUY,Calm/Bull low stress=0.00
2016-01-12,bist100,717.4002075195312,Transition,0.0017409911531285,1,BUY,Transition BUY=0.00
2016-01-13,bist100,725.0831298828125,Calm/Bull,7.264637887461206e-05,1,BUY,Calm/Bull low stress=0.00
2016-01-14,bist100,719.4021606445312,Calm/Bull,7.772825675006455e-05,1,BUY,Calm/Bull low stress=0.00
2016-01-15,bist100,710.6162109375,Calm/Bull,0.0002038134485622,1,BUY,Calm/Bull low stress=0.00
2016-01-18,bist100,710.3931884765625,Calm/Bull,1.548186976110198e-05,1,BUY,Calm/Bull low stress=0.00
2016-01-19,bist100,710.7282104492188,Calm/Bull,1.189180248603248e-05,1,BUY,Calm/Bull low stress=0.00
2016-01-20,bist100,696.0363159179688,Calm/Bull,0.0002468580451259,1,BUY,Calm/Bull low stress=0.00
2016-01-21,bist100,685.6753540039062,Calm/Bull,0.0003390088424576,1,BUY,Calm/Bull low stress=0.00
2016-01-22,bist100,702.435302734375,Transition,0.0016415372054437,1,BUY,Transition BUY=0.00
2016-01-25,bist100,705.3862915039062,Calm/Bull,0.0001267149368104,1,BUY,Calm/Bull low stress=0.00
2016-01-26,bist100,718.085205078125,Transition,0.0061681555835133,1,BUY,Transition BUY=0.01
2016-01-27,bist100,720.525146484375,Calm/Bull,0.0002709711147514,1,BUY,Calm/Bull low stress=0.00
2016-01-28,bist100,724.2701416015625,Calm/Bull,0.0006606160524811,1,BUY,Calm/Bull low stress=0.00
2016-01-29,bist100,734.8070678710938,Calm/Bull,0.0002096712675478,1,BUY,Calm/Bull low stress=0.00
2016-02-01,bist100,734.4730834960938,Calm/Bull,5.460452124830889e-05,1,BUY,Calm/Bull low stress=0.00
2016-02-02,bist100,725.0581665039062,Calm/Bull,0.0001049855359914,1,BUY,Calm/Bull low stress=0.00
2016-02-03,bist100,732.6701049804688,Calm/Bull,0.0004853291233021,1,BUY,Calm/Bull low stress=0.00
2016-02-04,bist100,745.050048828125,Calm/Bull,0.0002136288785299,1,BUY,Calm/Bull low stress=0.00
2016-02-05,bist100,742.0310668945312,Calm/Bull,5.7330280387716024e-05,1,BUY,Calm/Bull low stress=0.00
2016-02-08,bist100,720.0481567382812,Calm/Bull,0.399614884111707,1,BUY,Calm/Bull low stress=0.40
2016-02-09,bist100,714.148193359375,Calm/Bull,0.0005188755398064,1,BUY,Calm/Bull low stress=0.00
2016-02-10,bist100,716.1382446289062,Calm/Bull,0.0003974998645581,1,BUY,Calm/Bull low stress=0.00
2016-02-11,bist100,709.4132080078125,Calm/Bull,0.001228194664134,1,BUY,Calm/Bull low stress=0.00
2016-02-12,bist100,709.3702392578125,Calm/Bull,0.0012425803477915,1,BUY,Calm/Bull low stress=0.00
2016-02-15,bist100,710.0772094726562,Calm/Bull,0.0161009467864497,1,BUY,Calm/Bull low stress=0.02
2016-02-16,bist100,709.4882202148438,Calm/Bull,0.0001337524255331,1,BUY,Calm/Bull low stress=0.00
2016-02-17,bist100,728.0471801757812,Transition,0.0142699467361934,1,BUY,Transition BUY=0.01
2016-02-18,bist100,734.4611206054688,Calm/Bull,0.0002788397396499,1,BUY,Calm/Bull low stress=0.00
2016-02-19,bist100,730.150146484375,Calm/Bull,0.0001349955737119,1,BUY,Calm/Bull low stress=0.00
2016-02-22,bist100,748.93505859375,Transition,0.0055599223678254,1,BUY,Transition BUY=0.01
2016-02-23,bist100,754.9939575195312,Calm/Bull,0.0010916527636228,1,BUY,Calm/Bull low stress=0.00
2016-02-24,bist100,740.6680908203125,Calm/Bull,0.0032186940202356,1,BUY,Calm/Bull low stress=0.00
2016-02-25,bist100,752.0150146484375,Calm/Bull,0.000885555743837,1,BUY,Calm/Bull low stress=0.00
2016-02-26,bist100,749.2860107421875,Calm/Bull,0.0002986034686699,1,BUY,Calm/Bull low stress=0.00
2016-02-29,bist100,758.1399536132812,Calm/Bull,0.0019324314861772,1,BUY,Calm/Bull low stress=0.00
2016-03-01,bist100,759.5499877929688,Calm/Bull,0.0002961604868962,1,BUY,Calm/Bull low stress=0.00
2016-03-02,bist100,767.8759155273438,Calm/Bull,0.0003001375617108,1,BUY,Calm/Bull low stress=0.00
2016-03-03,bist100,768.2789306640625,Calm/Bull,0.0001220864599915,1,BUY,Calm/Bull low stress=0.00
2016-03-04,bist100,771.9069213867188,Calm/Bull,0.0001513184124922,1,BUY,Calm/Bull low stress=0.00
2016-03-07,bist100,774.8348999023438,Calm/Bull,1.4580410959892602e-05,1,BUY,Calm/Bull low stress=0.00
2016-03-08,bist100,776.8248291015625,Calm/Bull,1.2909413389843767e-05,1,BUY,Calm/Bull low stress=0.00
2016-03-09,bist100,787.3778686523438,Calm/Bull,0.0001657339106948,1,BUY,Calm/Bull low stress=0.00
2016-03-10,bist100,790.2427978515625,Calm/Bull,2.7900967392659865e-05,1,BUY,Calm/Bull low stress=0.00
2016-03-11,bist100,793.7977905273438,Calm/Bull,1.4875815241173257e-05,1,BUY,Calm/Bull low stress=0.00
2016-03-14,bist100,801.104736328125,Calm/Bull,2.58945238186712e-05,1,BUY,Calm/Bull low stress=0.00
2016-03-15,bist100,790.3067626953125,Calm/Bull,0.0001888046241406,1,BUY,Calm/Bull low stress=0.00
2016-03-16,bist100,793.6878051757812,Calm/Bull,1.113845246933232e-05,1,BUY,Calm/Bull low stress=0.00
2016-03-17,bist100,813.7666625976562,Calm/Bull,0.0004173487173816,1,BUY,Calm/Bull low stress=0.00
2016-03-18,bist100,829.4296264648438,Transition,0.0010201370425763,1,BUY,Transition BUY=0.00
2016-03-21,bist100,834.0225830078125,Calm/Bull,1.2302753416568684e-05,1,BUY,Calm/Bull low stress=0.00
2016-03-22,bist100,817.6566772460938,Calm/Bull,0.003184655368236,1,BUY,Calm/Bull low stress=0.00
2016-03-23,bist100,803.8327026367188,Calm/Bull,0.0001922896815735,1,BUY,Calm/Bull low stress=0.00
2016-03-24,bist100,813.5796508789062,Calm/Bull,8.718359037838711e-05,1,BUY,Calm/Bull low stress=0.00
2016-03-25,bist100,813.5606689453125,Calm/Bull,0.0006859642715818,1,BUY,Calm/Bull low stress=0.00
2016-03-28,bist100,813.441650390625,Calm/Bull,0.0003421107647793,1,BUY,Calm/Bull low stress=0.00
2016-03-29,bist100,817.3316650390625,Calm/Bull,2.647636880706939e-05,1,BUY,Calm/Bull low stress=0.00
2016-03-30,bist100,829.173583984375,Calm/Bull,4.2298762528579776e-05,1,BUY,Calm/Bull low stress=0.00
2016-03-31,bist100,832.6755981445312,Calm/Bull,2.3333888463344692e-05,1,BUY,Calm/Bull low stress=0.00
2016-04-01,bist100,823.589599609375,Calm/Bull,9.966719738670124e-05,1,BUY,Calm/Bull low stress=0.00
2016-04-04,bist100,838.7245483398438,Calm/Bull,0.0005232936288292,1,BUY,Calm/Bull low stress=0.00
2016-04-05,bist100,829.6365966796875,Calm/Bull,0.0002084401218438,1,BUY,Calm/Bull low stress=0.00
2016-04-06,bist100,815.108642578125,Calm/Bull,0.0006028273960926,1,BUY,Calm/Bull low stress=0.00
2016-04-07,bist100,811.6426391601562,Calm/Bull,0.0002497429904887,1,BUY,Calm/Bull low stress=0.00
2016-04-08,bist100,825.0166015625,Calm/Bull,0.0048919432499199,1,BUY,Calm/Bull low stress=0.00
2016-04-11,bist100,839.8705444335938,Transition,0.0081368172087487,1,BUY,Transition BUY=0.01
2016-04-12,bist100,837.1935424804688,Calm/Bull,0.0004156167159114,1,BUY,Calm/Bull low stress=0.00
2016-04-13,bist100,856.9624633789062,Transition,0.0119264557085996,1,BUY,Transition BUY=0.01
2016-04-14,bist100,857.8453979492188,Calm/Bull,0.001061348447085,1,BUY,Calm/Bull low stress=0.00
2016-04-15,bist100,855.7284545898438,Calm/Bull,0.0003772369014117,1,BUY,Calm/Bull low stress=0.00
2016-04-18,bist100,863.4324340820312,Calm/Bull,0.0003553180422486,1,BUY,Calm/Bull low stress=0.00
2016-04-19,bist100,862.5054321289062,Calm/Bull,7.780043405979525e-05,1,BUY,Calm/Bull low stress=0.00
2016-04-20,bist100,855.4974975585938,Calm/Bull,0.0001840464767813,1,BUY,Calm/Bull low stress=0.00
2016-04-21,bist100,856.7034912109375,Calm/Bull,2.9077473104104683e-05,1,BUY,Calm/Bull low stress=0.00
2016-04-22,bist100,858.2824096679688,Calm/Bull,2.530545377222149e-05,1,BUY,Calm/Bull low stress=0.00
2016-04-25,bist100,851.0894775390625,Calm/Bull,6.94800171022651e-05,1,BUY,Calm/Bull low stress=0.00
2016-04-26,bist100,857.5594482421875,Calm/Bull,4.577425715070073e-05,1,BUY,Calm/Bull low stress=0.00
2016-04-27,bist100,853.7374877929688,Calm/Bull,4.032680760538716e-05,1,BUY,Calm/Bull low stress=0.00
2016-04-28,bist100,854.7734985351562,Calm/Bull,2.3289294140962096e-05,1,BUY,Calm/Bull low stress=0.00
2016-04-29,bist100,853.2734985351562,Calm/Bull,2.591298824695214e-05,1,BUY,Calm/Bull low stress=0.00
2016-05-02,bist100,838.2945556640625,Calm/Bull,0.0004864581561865,1,BUY,Calm/Bull low stress=0.00
2016-05-03,bist100,810.6937255859375,Stress/Bear,0.979228803199848,-1,REDUCE,Stress rising=0.98↑
2016-05-04,bist100,793.82177734375,Calm/Bull,0.0377258071061816,1,BUY,Calm/Bull low stress=0.04
2016-05-05,bist100,786.9838256835938,Calm/Bull,0.4452561600127654,1,BUY,Calm/Bull low stress=0.45
2016-05-06,bist100,783.6768798828125,Calm/Bull,0.0336298742587484,1,BUY,Calm/Bull low stress=0.03
2016-05-09,bist100,790.6167602539062,Calm/Bull,0.0010328879177905,1,BUY,Calm/Bull low stress=0.00
2016-05-10,bist100,788.0198364257812,Calm/Bull,9.047394906841062e-05,1,BUY,Calm/Bull low stress=0.00
2016-05-11,bist100,790.2738037109375,Calm/Bull,2.7234324363049756e-05,1,BUY,Calm/Bull low stress=0.00
2016-05-12,bist100,783.037841796875,Calm/Bull,4.52354848105477e-05,1,BUY,Calm/Bull low stress=0.00
2016-05-13,bist100,778.079833984375,Calm/Bull,3.414128515551089e-05,1,BUY,Calm/Bull low stress=0.00
2016-05-16,bist100,769.992919921875,Calm/Bull,0.0001037832985742,1,BUY,Calm/Bull low stress=0.00
2016-05-17,bist100,772.7678833007812,Calm/Bull,5.699741772777466e-05,1,BUY,Calm/Bull low stress=0.00
2016-05-18,bist100,772.4349365234375,Calm/Bull,3.985827958445892e-05,1,BUY,Calm/Bull low stress=0.00
2016-05-20,bist100,763.572998046875,Calm/Bull,6.468040453683877e-05,1,BUY,Calm/Bull low stress=0.00
2016-05-23,bist100,767.6549072265625,Calm/Bull,9.390499385487e-05,1,BUY,Calm/Bull low stress=0.00
2016-05-24,bist100,794.341796875,Transition,0.4950531114086668,1,BUY,Transition BUY=0.50
2016-05-25,bist100,786.0868530273438,Calm/Bull,0.0024675291908743,1,BUY,Calm/Bull low stress=0.00
2016-05-26,bist100,780.3518676757812,Calm/Bull,0.0015403600855673,1,BUY,Calm/Bull low stress=0.00
2016-05-27,bist100,780.2848510742188,Calm/Bull,0.003518753384007,1,BUY,Calm/Bull low stress=0.00
2016-05-30,bist100,785.3478393554688,Calm/Bull,0.0034621556962072,1,BUY,Calm/Bull low stress=0.00
2016-05-31,bist100,778.0298461914062,Calm/Bull,0.0004731048829671,1,BUY,Calm/Bull low stress=0.00
2016-06-01,bist100,770.3449096679688,Calm/Bull,5.484436619937632e-05,1,BUY,Calm/Bull low stress=0.00
2016-06-02,bist100,762.7169799804688,Calm/Bull,3.7479763016303194e-05,1,BUY,Calm/Bull low stress=0.00
2016-06-03,bist100,781.390869140625,Transition,0.0075802524634187,1,BUY,Transition BUY=0.01
2016-06-06,bist100,785.923828125,Calm/Bull,7.043586745976542e-05,1,BUY,Calm/Bull low stress=0.00
2016-06-07,bist100,781.5718383789062,Calm/Bull,7.309625684865518e-05,1,BUY,Calm/Bull low stress=0.00
2016-06-08,bist100,788.3228149414062,Calm/Bull,0.0001933782526519,1,BUY,Calm/Bull low stress=0.00
2016-06-09,bist100,777.1128540039062,Calm/Bull,0.0004444904800472,1,BUY,Calm/Bull low stress=0.00
2016-06-10,bist100,768.868896484375,Calm/Bull,0.0001793420373866,1,BUY,Calm/Bull low stress=0.00
2016-06-13,bist100,765.337890625,Calm/Bull,0.0001642541045832,1,BUY,Calm/Bull low stress=0.00
2016-06-14,bist100,757.5909423828125,Calm/Bull,0.0002898768568711,1,BUY,Calm/Bull low stress=0.00
2016-06-15,bist100,762.3699951171875,Calm/Bull,0.0009493164497655,1,BUY,Calm/Bull low stress=0.00
2016-06-16,bist100,746.7130126953125,Calm/Bull,0.0027121134979117,1,BUY,Calm/Bull low stress=0.00
2016-06-17,bist100,754.3009643554688,Calm/Bull,0.0006881214006659,1,BUY,Calm/Bull low stress=0.00
2016-06-20,bist100,775.2269287109375,Calm/Bull,0.0283157515049271,1,BUY,Calm/Bull low stress=0.03
2016-06-21,bist100,775.3099365234375,Calm/Bull,0.0001975311780785,1,BUY,Calm/Bull low stress=0.00
2016-06-22,bist100,772.6708984375,Calm/Bull,0.0001197103600605,1,BUY,Calm/Bull low stress=0.00
2016-06-23,bist100,779.8948364257812,Calm/Bull,0.0003952618467914,1,BUY,Calm/Bull low stress=0.00
2016-06-24,bist100,753.6559448242188,Calm/Bull,0.1679001020335033,1,BUY,Calm/Bull low stress=0.17
2016-06-27,bist100,751.6080322265625,Calm/Bull,0.0088943930039888,1,BUY,Calm/Bull low stress=0.01
2016-06-28,bist100,769.2889404296875,Calm/Bull,0.0197302244589461,1,BUY,Calm/Bull low stress=0.02
2016-06-29,bist100,767.1159057617188,Calm/Bull,0.0030159232956756,1,BUY,Calm/Bull low stress=0.00
2016-06-30,bist100,768.1679077148438,Calm/Bull,0.0008258859343459,1,BUY,Calm/Bull low stress=0.00
2016-07-01,bist100,779.516845703125,Calm/Bull,0.0016070718246087,1,BUY,Calm/Bull low stress=0.00
2016-07-04,bist100,783.8728637695312,Calm/Bull,0.1090647838216097,1,BUY,Calm/Bull low stress=0.11
2016-07-08,bist100,780.1908569335938,Calm/Bull,0.0007031433973141,1,BUY,Calm/Bull low stress=0.00
2016-07-11,bist100,792.3457641601562,Calm/Bull,0.0010621702015447,1,BUY,Calm/Bull low stress=0.00
2016-07-12,bist100,811.4116821289062,Transition,0.0185312799538545,1,BUY,Transition BUY=0.02
2016-07-13,bist100,813.212646484375,Calm/Bull,0.0021590866071408,1,BUY,Calm/Bull low stress=0.00
2016-07-14,bist100,825.8936157226562,Calm/Bull,0.001776522203396,1,BUY,Calm/Bull low stress=0.00
2016-07-15,bist100,828.2496337890625,Calm/Bull,0.0016946575735861,1,BUY,Calm/Bull low stress=0.00
2016-07-18,bist100,769.5718994140625,Stress/Bear,1.0,-1,REDUCE,Stress rising=1.00↑
2016-07-19,bist100,761.7739868164062,Stress/Bear,0.9999348375458964,1,BUY,Stress peak fading=1.00↓
2016-07-20,bist100,749.0240478515625,Stress/Bear,0.9962849543715142,1,BUY,Stress peak fading=1.00↓
2016-07-21,bist100,715.9462280273438,Stress/Bear,0.9999999966282188,-1,REDUCE,Stress rising=1.00↑
2016-07-22,bist100,717.3801879882812,Stress/Bear,0.999999889046891,1,BUY,Stress peak fading=1.00↓
2016-07-25,bist100,741.736083984375,Stress/Bear,0.9784655717309624,1,BUY,Stress peak fading=0.98↓
2016-07-26,bist100,736.8900756835938,Stress/Bear,0.8958523581690103,1,BUY,Stress peak fading=0.90↓
2016-07-27,bist100,750.7530517578125,Stress/Bear,0.826168796116493,1,BUY,Stress peak fading=0.83↓
2016-07-28,bist100,752.43701171875,Stress/Bear,0.8107207597255268,1,BUY,Stress peak fading=0.81↓
2016-07-29,bist100,754.0509643554688,Stress/Bear,0.7093978167539347,1,BUY,Stress peak fading=0.71↓
2016-08-01,bist100,767.1129150390625,Stress/Bear,0.8557279658182487,-1,REDUCE,Stress rising=0.86↑
2016-08-02,bist100,758.0349731445312,Stress/Bear,0.8696682476181589,-1,REDUCE,Stress rising=0.87↑
2016-08-03,bist100,745.5180053710938,Stress/Bear,0.6809118036371569,-1,REDUCE,Stress/Bear active=0.68
2016-08-04,bist100,761.251953125,Stress/Bear,0.787875552718386,-1,REDUCE,Stress rising=0.79↑
2016-08-05,bist100,760.6529541015625,Stress/Bear,0.6841440174776471,-1,REDUCE,Stress/Bear active=0.68
2016-08-08,bist100,777.786865234375,Stress/Bear,0.9596148478312284,-1,REDUCE,Stress rising=0.96↑
2016-08-09,bist100,785.244873046875,Stress/Bear,0.9532404579473744,1,BUY,Stress peak fading=0.95↓
2016-08-10,bist100,779.5528564453125,Stress/Bear,0.9150115334520592,1,BUY,Stress peak fading=0.92↓
2016-08-11,bist100,790.331787109375,Stress/Bear,0.8720870479026425,1,BUY,Stress peak fading=0.87↓
2016-08-12,bist100,782.2818603515625,Stress/Bear,0.867243826847141,1,BUY,Stress peak fading=0.87↓
2016-08-15,bist100,784.7218627929688,Calm/Bull,0.0110000888677145,1,BUY,Calm/Bull low stress=0.01
2016-08-16,bist100,777.0668334960938,Calm/Bull,0.0077644933463725,1,BUY,Calm/Bull low stress=0.01
2016-08-17,bist100,781.473876953125,Calm/Bull,0.0065948458597273,1,BUY,Calm/Bull low stress=0.01
2016-08-18,bist100,779.704833984375,Transition,0.0026206763820289,1,BUY,Transition BUY=0.00
2016-08-19,bist100,781.4518432617188,Transition,0.0018880828548005,1,BUY,Transition BUY=0.00
2016-08-22,bist100,779.5288696289062,Transition,0.0005362400291076,1,BUY,Transition BUY=0.00
2016-08-23,bist100,773.3319091796875,Transition,0.0004685981175368,1,BUY,Transition BUY=0.00
2016-08-24,bist100,761.1589965820312,Transition,0.002032267770258,1,BUY,Transition BUY=0.00
2016-08-25,bist100,767.8948974609375,Transition,0.0015369861231049,1,BUY,Transition BUY=0.00
2016-08-26,bist100,771.1929321289062,Transition,0.0003536102028676,1,BUY,Transition BUY=0.00
2016-08-29,bist100,761.1839599609375,Transition,0.0010359780305088,1,BUY,Transition BUY=0.00
2016-08-31,bist100,759.6719970703125,Transition,0.0003455172168057,1,BUY,Transition BUY=0.00
2016-09-01,bist100,758.5239868164062,Transition,0.0001716887710341,1,BUY,Transition BUY=0.00
2016-09-02,bist100,768.8389282226562,Transition,0.0001420185424596,1,BUY,Transition BUY=0.00
2016-09-05,bist100,777.911865234375,Transition,0.0002354045655844,1,BUY,Transition BUY=0.00
2016-09-06,bist100,779.94384765625,Transition,9.60038745966876e-05,1,BUY,Transition BUY=0.00
2016-09-07,bist100,776.4279174804688,Transition,0.0001127678948529,1,BUY,Transition BUY=0.00
2016-09-08,bist100,778.4308471679688,Transition,6.508550394301865e-05,1,BUY,Transition BUY=0.00
2016-09-09,bist100,770.5308837890625,Transition,5.6677707059849024e-05,1,BUY,Transition BUY=0.00
2016-09-16,bist100,760.198974609375,Transition,0.0001458597826474,1,BUY,Transition BUY=0.00
2016-09-19,bist100,776.703857421875,Transition,0.0004211219753318,1,BUY,Transition BUY=0.00
2016-09-20,bist100,773.1309204101562,Transition,0.0001269472805821,1,BUY,Transition BUY=0.00
2016-09-21,bist100,779.1548461914062,Transition,0.0001187300921241,1,BUY,Transition BUY=0.00
2016-09-22,bist100,797.9547729492188,Transition,0.0022413638406412,1,BUY,Transition BUY=0.00
2016-09-23,bist100,797.559814453125,Transition,0.0009913177991412,1,BUY,Transition BUY=0.00
2016-09-26,bist100,767.2529296875,Stress/Bear,0.9259070552660604,-1,REDUCE,Stress rising=0.93↑
2016-09-27,bist100,771.6029052734375,Transition,0.0018105324206325,1,BUY,Transition BUY=0.00
2016-09-28,bist100,776.7738647460938,Transition,0.0023717574392355,1,BUY,Transition BUY=0.00
2016-09-29,bist100,770.763916015625,Calm/Bull,0.006264739923034,1,BUY,Calm/Bull low stress=0.01
2016-09-30,bist100,764.8799438476562,Calm/Bull,0.0065993480787746,1,BUY,Calm/Bull low stress=0.01
2016-10-03,bist100,772.2499389648438,Calm/Bull,0.001350347506094,1,BUY,Calm/Bull low stress=0.00
2016-10-04,bist100,770.5739135742188,Transition,0.006135570179738,1,BUY,Transition BUY=0.01
2016-10-05,bist100,778.5328369140625,Transition,0.0027364547660697,1,BUY,Transition BUY=0.00
2016-10-06,bist100,778.94287109375,Calm/Bull,0.0010889693592171,1,BUY,Calm/Bull low stress=0.00
2016-10-07,bist100,779.755859375,Calm/Bull,0.0005548153004099,1,BUY,Calm/Bull low stress=0.00
2016-10-10,bist100,778.348876953125,Calm/Bull,0.0010199346611478,1,BUY,Calm/Bull low stress=0.00
2016-10-11,bist100,776.431884765625,Transition,0.0018657527860131,1,BUY,Transition BUY=0.00
2016-10-12,bist100,774.60888671875,Calm/Bull,0.0005957370708777,1,BUY,Calm/Bull low stress=0.00
2016-10-13,bist100,768.0989379882812,Calm/Bull,0.0010734144477474,1,BUY,Calm/Bull low stress=0.00
2016-10-14,bist100,775.5379028320312,Calm/Bull,0.0004000592444081,1,BUY,Calm/Bull low stress=0.00
2016-10-17,bist100,774.3718872070312,Calm/Bull,5.089860853834931e-05,1,BUY,Calm/Bull low stress=0.00
2016-10-18,bist100,783.3998413085938,Calm/Bull,0.0001541808842361,1,BUY,Calm/Bull low stress=0.00
2016-10-19,bist100,792.0947875976562,Calm/Bull,8.258020795170326e-05,1,BUY,Calm/Bull low stress=0.00
2016-10-20,bist100,792.519775390625,Calm/Bull,9.672441181380616e-05,1,BUY,Calm/Bull low stress=0.00
2016-10-21,bist100,788.4328002929688,Calm/Bull,9.8939199199729e-05,1,BUY,Calm/Bull low stress=0.00
2016-10-24,bist100,799.32177734375,Calm/Bull,9.924780731330913e-08,1,BUY,Calm/Bull low stress=0.00
2016-10-25,bist100,794.3287963867188,Calm/Bull,3.256620306951354e-08,1,BUY,Calm/Bull low stress=0.00
2016-10-26,bist100,793.9747924804688,Calm/Bull,2.3083545893779962e-08,1,BUY,Calm/Bull low stress=0.00
2016-10-27,bist100,787.3878784179688,Calm/Bull,2.4970395653517803e-08,1,BUY,Calm/Bull low stress=0.00
2016-10-28,bist100,783.3248291015625,Calm/Bull,1.775071634663767e-07,1,BUY,Calm/Bull low stress=0.00
2016-10-31,bist100,785.3578491210938,Calm/Bull,8.392882239155153e-09,1,BUY,Calm/Bull low stress=0.00
2016-11-01,bist100,774.2819213867188,Calm/Bull,2.7297200735304594e-07,1,BUY,Calm/Bull low stress=0.00
2016-11-02,bist100,771.7119140625,Calm/Bull,5.112374565831146e-08,1,BUY,Calm/Bull low stress=0.00
2016-11-03,bist100,766.8099365234375,Calm/Bull,5.993716445057191e-08,1,BUY,Calm/Bull low stress=0.00
2016-11-04,bist100,742.6680297851562,Calm/Bull,0.0081352190301559,1,BUY,Calm/Bull low stress=0.01
2016-11-07,bist100,756.8159790039062,Calm/Bull,0.0021291113326027,1,BUY,Calm/Bull low stress=0.00
2016-11-08,bist100,763.6739501953125,Calm/Bull,0.0002655203537473,1,BUY,Calm/Bull low stress=0.00
2016-11-09,bist100,762.0859985351562,Calm/Bull,0.0032009057014057,1,BUY,Calm/Bull low stress=0.00
2016-11-10,bist100,763.5999755859375,Calm/Bull,0.0002124545661411,1,BUY,Calm/Bull low stress=0.00
2016-11-11,bist100,751.738037109375,Calm/Bull,0.0006916903109099,1,BUY,Calm/Bull low stress=0.00
2016-11-14,bist100,744.18701171875,Calm/Bull,0.0002185986249418,1,BUY,Calm/Bull low stress=0.00
2016-11-15,bist100,751.5020141601562,Calm/Bull,0.000277370814435,1,BUY,Calm/Bull low stress=0.00
2016-11-16,bist100,747.5870361328125,Calm/Bull,0.0001107635018467,1,BUY,Calm/Bull low stress=0.00
2016-11-17,bist100,751.3580322265625,Calm/Bull,0.0001390041861011,1,BUY,Calm/Bull low stress=0.00
2016-11-18,bist100,756.385986328125,Calm/Bull,0.0003380818267744,1,BUY,Calm/Bull low stress=0.00
2016-11-21,bist100,755.4319458007812,Calm/Bull,0.0001444025786629,1,BUY,Calm/Bull low stress=0.00
2016-11-22,bist100,758.115966796875,Calm/Bull,9.420716337098978e-05,1,BUY,Calm/Bull low stress=0.00
2016-11-23,bist100,750.3650512695312,Calm/Bull,0.0002744805815835,1,BUY,Calm/Bull low stress=0.00
2016-11-24,bist100,741.9271240234375,Calm/Bull,0.0033522367730201,1,BUY,Calm/Bull low stress=0.00
2016-11-25,bist100,743.6310424804688,Calm/Bull,0.000123965550414,1,BUY,Calm/Bull low stress=0.00
2016-11-28,bist100,749.8980102539062,Calm/Bull,0.0003321463108881,1,BUY,Calm/Bull low stress=0.00
2016-11-29,bist100,742.0510864257812,Calm/Bull,0.0001674866933152,1,BUY,Calm/Bull low stress=0.00
2016-11-30,bist100,739.9481201171875,Calm/Bull,9.44563022930027e-05,1,BUY,Calm/Bull low stress=0.00
2016-12-01,bist100,725.1951293945312,Calm/Bull,0.0027091280103166,1,BUY,Calm/Bull low stress=0.00
2016-12-02,bist100,733.9050903320312,Calm/Bull,0.000819407732843,1,BUY,Calm/Bull low stress=0.00
2016-12-05,bist100,735.9931030273438,Calm/Bull,3.410996422697896e-06,1,BUY,Calm/Bull low stress=0.00
2016-12-06,bist100,754.3289794921875,Transition,0.0010356706919832,1,BUY,Transition BUY=0.00
2016-12-07,bist100,760.303955078125,Calm/Bull,4.191679509418807e-05,1,BUY,Calm/Bull low stress=0.00
2016-12-08,bist100,759.2890014648438,Calm/Bull,0.0002675994018406,1,BUY,Calm/Bull low stress=0.00
2016-12-09,bist100,757.2689819335938,Calm/Bull,4.060051931720584e-05,1,BUY,Calm/Bull low stress=0.00
2016-12-12,bist100,762.3919677734375,Calm/Bull,0.0001278530906667,1,BUY,Calm/Bull low stress=0.00
2016-12-13,bist100,769.9489135742188,Calm/Bull,1.0114240311906849e-05,1,BUY,Calm/Bull low stress=0.00
2016-12-14,bist100,768.804931640625,Calm/Bull,1.174819889359147e-05,1,BUY,Calm/Bull low stress=0.00
2016-12-15,bist100,776.7818603515625,Calm/Bull,0.0001023217028739,1,BUY,Calm/Bull low stress=0.00
2016-12-16,bist100,775.8928833007812,Calm/Bull,2.548856979804917e-05,1,BUY,Calm/Bull low stress=0.00
2016-12-19,bist100,771.5739135742188,Calm/Bull,0.0001795273664343,1,BUY,Calm/Bull low stress=0.00
2016-12-20,bist100,778.0748291015625,Calm/Bull,0.0002776450471326,1,BUY,Calm/Bull low stress=0.00
2016-12-21,bist100,776.19091796875,Calm/Bull,0.0001262292856214,1,BUY,Calm/Bull low stress=0.00
2016-12-22,bist100,774.0429077148438,Calm/Bull,4.405935435621327e-05,1,BUY,Calm/Bull low stress=0.00
2016-12-23,bist100,769.7178955078125,Calm/Bull,0.0001422803612645,1,BUY,Calm/Bull low stress=0.00
2016-12-26,bist100,770.2808837890625,Calm/Bull,0.0032585776848535,1,BUY,Calm/Bull low stress=0.00
2016-12-27,bist100,766.9899291992188,Calm/Bull,0.0001022860229762,1,BUY,Calm/Bull low stress=0.00
2016-12-28,bist100,775.472900390625,Calm/Bull,0.0001854057275713,1,BUY,Calm/Bull low stress=0.00
2016-12-29,bist100,778.3548583984375,Calm/Bull,8.39106677317561e-07,1,BUY,Calm/Bull low stress=0.00
2016-12-30,bist100,781.3828735351562,Calm/Bull,5.292857485863323e-07,1,BUY,Calm/Bull low stress=0.00
2017-01-02,bist100,777.5408325195312,Calm/Bull,2.3671273058211845e-06,1,BUY,Calm/Bull low stress=0.00
2017-01-03,bist100,766.1779174804688,Calm/Bull,2.113236783681677e-07,1,BUY,Calm/Bull low stress=0.00
2017-01-04,bist100,761.4319458007812,Calm/Bull,2.5471178808291332e-08,1,BUY,Calm/Bull low stress=0.00
2017-01-05,bist100,763.8589477539062,Calm/Bull,8.042481575511037e-07,1,BUY,Calm/Bull low stress=0.00
2017-01-06,bist100,771.0618896484375,Calm/Bull,7.498844520732936e-08,1,BUY,Calm/Bull low stress=0.00
2017-01-09,bist100,773.9398803710938,Calm/Bull,2.8108881783114407e-08,1,BUY,Calm/Bull low stress=0.00
2017-01-10,bist100,773.9329223632812,Calm/Bull,2.2147667531809878e-07,1,BUY,Calm/Bull low stress=0.00
2017-01-11,bist100,776.661865234375,Calm/Bull,2.325959840304493e-07,1,BUY,Calm/Bull low stress=0.00
2017-01-12,bist100,808.9057006835938,Stress/Bear,0.5685698587549585,-1,REDUCE,Stress/Bear active=0.57
2017-01-13,bist100,815.2386474609375,Transition,0.0088569956228072,1,BUY,Transition BUY=0.01
2017-01-16,bist100,817.1126708984375,Calm/Bull,0.0004549069837022,1,BUY,Calm/Bull low stress=0.00
2017-01-17,bist100,823.6235961914062,Calm/Bull,0.0017810051681861,1,BUY,Calm/Bull low stress=0.00
2017-01-18,bist100,827.7886352539062,Calm/Bull,0.0021274898449645,1,BUY,Calm/Bull low stress=0.00
2017-01-19,bist100,822.9985961914062,Calm/Bull,0.0002267829158845,1,BUY,Calm/Bull low stress=0.00
2017-01-20,bist100,830.6676025390625,Calm/Bull,0.000113180168394,1,BUY,Calm/Bull low stress=0.00
2017-01-23,bist100,830.4736328125,Calm/Bull,6.73726703464592e-05,1,BUY,Calm/Bull low stress=0.00
2017-01-24,bist100,842.0745239257812,Calm/Bull,0.0004407181747879,1,BUY,Calm/Bull low stress=0.00
2017-01-25,bist100,831.2786254882812,Calm/Bull,0.0003451881758976,1,BUY,Calm/Bull low stress=0.00
2017-01-26,bist100,838.2605590820312,Calm/Bull,0.0001557047652531,1,BUY,Calm/Bull low stress=0.00
2017-01-27,bist100,838.26953125,Calm/Bull,0.0003893196267504,1,BUY,Calm/Bull low stress=0.00
2017-01-30,bist100,862.3704223632812,Transition,0.0769957254529278,1,BUY,Transition BUY=0.08
2017-01-31,bist100,862.952392578125,Calm/Bull,0.0007679037225676,1,BUY,Calm/Bull low stress=0.00
2017-02-01,bist100,868.4754028320312,Calm/Bull,0.0005156329643155,1,BUY,Calm/Bull low stress=0.00
2017-02-02,bist100,873.9373779296875,Calm/Bull,0.000487312711533,1,BUY,Calm/Bull low stress=0.00
2017-02-03,bist100,883.8903198242188,Calm/Bull,0.0022309552036015,1,BUY,Calm/Bull low stress=0.00
2017-02-06,bist100,873.5743408203125,Calm/Bull,0.0179398696054173,1,BUY,Calm/Bull low stress=0.02
2017-02-07,bist100,874.7623901367188,Calm/Bull,0.0010204897893368,1,BUY,Calm/Bull low stress=0.00
2017-02-08,bist100,882.486328125,Calm/Bull,0.0013515209182618,1,BUY,Calm/Bull low stress=0.00
2017-02-09,bist100,888.2973022460938,Calm/Bull,9.7316001386119e-06,1,BUY,Calm/Bull low stress=0.00
2017-02-10,bist100,874.7283325195312,Calm/Bull,0.0005023235032347,1,BUY,Calm/Bull low stress=0.00
2017-02-13,bist100,885.7783203125,Calm/Bull,0.0002934104354117,1,BUY,Calm/Bull low stress=0.00
2017-02-14,bist100,880.8173217773438,Calm/Bull,6.684942242069214e-05,1,BUY,Calm/Bull low stress=0.00
2017-02-15,bist100,878.8153686523438,Calm/Bull,8.168725529373547e-05,1,BUY,Calm/Bull low stress=0.00
2017-02-16,bist100,881.8643188476562,Calm/Bull,0.0001640987823519,1,BUY,Calm/Bull low stress=0.00
2017-02-17,bist100,888.29931640625,Calm/Bull,0.0001494623197015,1,BUY,Calm/Bull low stress=0.00
2017-02-20,bist100,885.872314453125,Calm/Bull,9.801572581085637e-05,1,BUY,Calm/Bull low stress=0.00
2017-02-21,bist100,889.6463012695312,Calm/Bull,7.543428891687455e-05,1,BUY,Calm/Bull low stress=0.00
2017-02-22,bist100,885.3082885742188,Calm/Bull,0.0001255126945009,1,BUY,Calm/Bull low stress=0.00
2017-02-23,bist100,891.3792724609375,Calm/Bull,4.5409190815886575e-05,1,BUY,Calm/Bull low stress=0.00
2017-02-24,bist100,882.580322265625,Calm/Bull,0.0003001716795184,1,BUY,Calm/Bull low stress=0.00
2017-02-27,bist100,877.6493530273438,Calm/Bull,1.67458019813129e-06,1,BUY,Calm/Bull low stress=0.00
2017-02-28,bist100,874.7783813476562,Calm/Bull,2.1694380314843965e-06,1,BUY,Calm/Bull low stress=0.00
2017-03-01,bist100,893.1982421875,Transition,0.0005403772478404,1,BUY,Transition BUY=0.00
2017-03-02,bist100,899.334228515625,Calm/Bull,1.636260263519922e-05,1,BUY,Calm/Bull low stress=0.00
2017-03-03,bist100,897.2162475585938,Calm/Bull,1.7201199028086875e-05,1,BUY,Calm/Bull low stress=0.00
2017-03-06,bist100,910.4451904296876,Calm/Bull,9.175727349935544e-05,1,BUY,Calm/Bull low stress=0.00
2017-03-07,bist100,908.1311645507812,Calm/Bull,1.875464300642155e-05,1,BUY,Calm/Bull low stress=0.00
2017-03-08,bist100,894.84423828125,Calm/Bull,0.0001167981135809,1,BUY,Calm/Bull low stress=0.00
2017-03-09,bist100,890.0213012695312,Calm/Bull,2.3603035771599012e-05,1,BUY,Calm/Bull low stress=0.00
2017-03-10,bist100,896.1092529296875,Calm/Bull,5.571823765574693e-06,1,BUY,Calm/Bull low stress=0.00
2017-03-13,bist100,894.292236328125,Calm/Bull,2.2146304454475173e-06,1,BUY,Calm/Bull low stress=0.00
2017-03-14,bist100,891.3602905273438,Calm/Bull,3.1290514489417955e-06,1,BUY,Calm/Bull low stress=0.00
2017-03-15,bist100,894.4512329101562,Calm/Bull,1.444517607077714e-06,1,BUY,Calm/Bull low stress=0.00
2017-03-16,bist100,902.67822265625,Calm/Bull,2.731405781330591e-06,1,BUY,Calm/Bull low stress=0.00
2017-03-17,bist100,904.9091796875,Calm/Bull,1.790626017245501e-06,1,BUY,Calm/Bull low stress=0.00
2017-03-20,bist100,909.0161743164062,Calm/Bull,2.2231525727811343e-06,1,BUY,Calm/Bull low stress=0.00
2017-03-21,bist100,906.0601806640624,Calm/Bull,5.965064454544379e-06,1,BUY,Calm/Bull low stress=0.00
2017-03-22,bist100,898.0862426757812,Calm/Bull,1.0354070892217792e-05,1,BUY,Calm/Bull low stress=0.00
2017-03-23,bist100,897.63623046875,Calm/Bull,2.784522122313284e-06,1,BUY,Calm/Bull low stress=0.00
2017-03-24,bist100,903.8222045898438,Calm/Bull,1.5033339950493166e-06,1,BUY,Calm/Bull low stress=0.00
2017-03-27,bist100,896.9462280273438,Calm/Bull,1.999994426130181e-06,1,BUY,Calm/Bull low stress=0.00
2017-03-28,bist100,901.812255859375,Calm/Bull,2.552703580801836e-06,1,BUY,Calm/Bull low stress=0.00
2017-03-29,bist100,892.6922607421875,Calm/Bull,3.4058427647131973e-07,1,BUY,Calm/Bull low stress=0.00
2017-03-30,bist100,892.8182373046875,Calm/Bull,8.050947817499822e-08,1,BUY,Calm/Bull low stress=0.00
2017-03-31,bist100,889.4692993164062,Calm/Bull,9.55779948295178e-08,1,BUY,Calm/Bull low stress=0.00
2017-04-03,bist100,886.6903076171875,Calm/Bull,5.493526979977117e-09,1,BUY,Calm/Bull low stress=0.00
2017-04-04,bist100,886.1212768554688,Calm/Bull,2.967827152958066e-09,1,BUY,Calm/Bull low stress=0.00
2017-04-05,bist100,890.3703002929688,Calm/Bull,1.384918106029293e-10,1,BUY,Calm/Bull low stress=0.00
2017-04-06,bist100,886.7852783203125,Calm/Bull,1.3953143307211163e-09,1,BUY,Calm/Bull low stress=0.00
2017-04-07,bist100,884.9683227539062,Calm/Bull,3.036520647981889e-10,1,BUY,Calm/Bull low stress=0.00
2017-04-10,bist100,912.4002075195312,Transition,0.0017609268278721,1,BUY,Transition BUY=0.00
2017-04-11,bist100,909.0401611328124,Calm/Bull,4.4851703328873374e-05,1,BUY,Calm/Bull low stress=0.00
2017-04-12,bist100,909.5171508789062,Calm/Bull,2.793344218108351e-05,1,BUY,Calm/Bull low stress=0.00
2017-04-13,bist100,898.7022094726562,Calm/Bull,0.0001003120291546,1,BUY,Calm/Bull low stress=0.00
2017-04-14,bist100,900.6322631835938,Calm/Bull,0.0001165205135446,1,BUY,Calm/Bull low stress=0.00
2017-04-17,bist100,906.533203125,Calm/Bull,2.851792240289437e-05,1,BUY,Calm/Bull low stress=0.00
2017-04-18,bist100,913.733154296875,Calm/Bull,0.000166105686037,1,BUY,Calm/Bull low stress=0.00
2017-04-19,bist100,908.0361938476562,Calm/Bull,0.000305443463281,1,BUY,Calm/Bull low stress=0.00
2017-04-20,bist100,920.3890991210938,Calm/Bull,0.0001578295501772,1,BUY,Calm/Bull low stress=0.00
2017-04-21,bist100,924.234130859375,Calm/Bull,0.0001043833719984,1,BUY,Calm/Bull low stress=0.00
2017-04-24,bist100,938.0230102539062,Calm/Bull,0.0007080841881542,1,BUY,Calm/Bull low stress=0.00
2017-04-25,bist100,946.343994140625,Calm/Bull,0.0010087639333397,1,BUY,Calm/Bull low stress=0.00
2017-04-26,bist100,945.218017578125,Calm/Bull,0.0005295256889824,1,BUY,Calm/Bull low stress=0.00
2017-04-27,bist100,942.8200073242188,Calm/Bull,0.0002207213248173,1,BUY,Calm/Bull low stress=0.00
2017-04-28,bist100,946.5479736328124,Calm/Bull,0.0001682908020443,1,BUY,Calm/Bull low stress=0.00
2017-05-02,bist100,943.5540161132812,Calm/Bull,0.0002937806822338,1,BUY,Calm/Bull low stress=0.00
2017-05-03,bist100,938.6220092773438,Calm/Bull,0.0004742728659129,1,BUY,Calm/Bull low stress=0.00
2017-05-04,bist100,930.3800659179688,Calm/Bull,0.0011327669054075,1,BUY,Calm/Bull low stress=0.00
2017-05-05,bist100,939.2789916992188,Calm/Bull,0.0006321488539468,1,BUY,Calm/Bull low stress=0.00
2017-05-08,bist100,938.322021484375,Calm/Bull,0.0012127006587596,1,BUY,Calm/Bull low stress=0.00
2017-05-09,bist100,953.2289428710938,Calm/Bull,0.0002556075194931,1,BUY,Calm/Bull low stress=0.00
2017-05-10,bist100,961.9368896484376,Calm/Bull,2.9699312160034697e-05,1,BUY,Calm/Bull low stress=0.00
2017-05-11,bist100,951.1359252929688,Calm/Bull,0.0001995902932719,1,BUY,Calm/Bull low stress=0.00
2017-05-12,bist100,949.9589233398438,Calm/Bull,9.24324759100994e-06,1,BUY,Calm/Bull low stress=0.00
2017-05-15,bist100,955.8729248046876,Calm/Bull,1.7689127621011008e-05,1,BUY,Calm/Bull low stress=0.00
2017-05-16,bist100,961.60986328125,Calm/Bull,1.147227787640267e-05,1,BUY,Calm/Bull low stress=0.00
2017-05-17,bist100,957.2449340820312,Calm/Bull,6.348948208969264e-05,1,BUY,Calm/Bull low stress=0.00
2017-05-18,bist100,951.4679565429688,Calm/Bull,1.550334018443198e-05,1,BUY,Calm/Bull low stress=0.00
2017-05-22,bist100,963.994873046875,Calm/Bull,1.1218361997404647e-05,1,BUY,Calm/Bull low stress=0.00
2017-05-23,bist100,977.1697998046876,Calm/Bull,0.0001578028490475,1,BUY,Calm/Bull low stress=0.00
2017-05-24,bist100,983.1328125,Calm/Bull,3.144378964821995e-05,1,BUY,Calm/Bull low stress=0.00
2017-05-25,bist100,977.1238403320312,Calm/Bull,3.65353257235721e-05,1,BUY,Calm/Bull low stress=0.00
2017-05-26,bist100,975.3278198242188,Calm/Bull,2.8916281709767637e-05,1,BUY,Calm/Bull low stress=0.00
2017-05-29,bist100,977.2548217773438,Calm/Bull,5.3431993958104385e-05,1,BUY,Calm/Bull low stress=0.00
2017-05-30,bist100,973.4708251953124,Calm/Bull,2.7586091201587006e-05,1,BUY,Calm/Bull low stress=0.00
2017-05-31,bist100,975.4108276367188,Calm/Bull,3.673423905433606e-05,1,BUY,Calm/Bull low stress=0.00
2017-06-01,bist100,973.65283203125,Calm/Bull,2.215984696453458e-05,1,BUY,Calm/Bull low stress=0.00
2017-06-02,bist100,988.6737670898438,Calm/Bull,0.0001304153408371,1,BUY,Calm/Bull low stress=0.00
2017-06-05,bist100,981.914794921875,Calm/Bull,8.348884232816105e-05,1,BUY,Calm/Bull low stress=0.00
2017-06-06,bist100,983.309814453125,Calm/Bull,4.676809681151893e-05,1,BUY,Calm/Bull low stress=0.00
2017-06-07,bist100,976.1597900390624,Calm/Bull,2.2228681925257356e-05,1,BUY,Calm/Bull low stress=0.00
2017-06-08,bist100,979.7698364257812,Calm/Bull,9.949358916644786e-06,1,BUY,Calm/Bull low stress=0.00
2017-06-09,bist100,989.4237670898438,Calm/Bull,2.3749280072863284e-06,1,BUY,Calm/Bull low stress=0.00
2017-06-12,bist100,994.415771484375,Calm/Bull,1.9370890712693894e-06,1,BUY,Calm/Bull low stress=0.00
2017-06-13,bist100,992.9917602539062,Calm/Bull,2.0908234894684113e-06,1,BUY,Calm/Bull low stress=0.00
2017-06-14,bist100,996.357666015625,Calm/Bull,2.0649714317628493e-06,1,BUY,Calm/Bull low stress=0.00
2017-06-15,bist100,987.36474609375,Calm/Bull,8.86019688332575e-06,1,BUY,Calm/Bull low stress=0.00
2017-06-16,bist100,981.9208374023438,Calm/Bull,1.0220453352257916e-05,1,BUY,Calm/Bull low stress=0.00
2017-06-19,bist100,993.3157348632812,Calm/Bull,2.441113853183459e-06,1,BUY,Calm/Bull low stress=0.00
2017-06-20,bist100,992.687744140625,Calm/Bull,2.301683888363387e-07,1,BUY,Calm/Bull low stress=0.00
2017-06-21,bist100,993.895751953125,Calm/Bull,1.9675745705573449e-07,1,BUY,Calm/Bull low stress=0.00
2017-06-22,bist100,1000.7166748046876,Calm/Bull,1.5304500450010778e-07,1,BUY,Calm/Bull low stress=0.00
2017-06-23,bist100,996.3817138671876,Calm/Bull,7.139995015545484e-07,1,BUY,Calm/Bull low stress=0.00
2017-06-28,bist100,1006.1716918945312,Calm/Bull,1.2727550498790326e-06,1,BUY,Calm/Bull low stress=0.00
2017-06-29,bist100,1001.897705078125,Calm/Bull,8.62648715148594e-07,1,BUY,Calm/Bull low stress=0.00
2017-06-30,bist100,1004.398681640625,Calm/Bull,7.363188241059143e-07,1,BUY,Calm/Bull low stress=0.00
2017-07-03,bist100,1005.2177124023438,Calm/Bull,8.115305870569789e-07,1,BUY,Calm/Bull low stress=0.00
2017-07-04,bist100,1012.0726318359376,Calm/Bull,3.911024706109732e-08,1,BUY,Calm/Bull low stress=0.00
2017-07-05,bist100,1007.4396362304688,Calm/Bull,2.272772910154126e-08,1,BUY,Calm/Bull low stress=0.00
2017-07-06,bist100,1006.2647094726562,Calm/Bull,3.717390572961563e-08,1,BUY,Calm/Bull low stress=0.00
2017-07-07,bist100,1000.8386840820312,Calm/Bull,4.743842043245022e-07,1,BUY,Calm/Bull low stress=0.00
2017-07-10,bist100,1010.9666137695312,Calm/Bull,1.7031704779779438e-06,1,BUY,Calm/Bull low stress=0.00
2017-07-11,bist100,1031.820556640625,Transition,0.0008169089230697,1,BUY,Transition BUY=0.00
2017-07-12,bist100,1038.092529296875,Calm/Bull,7.495933202916279e-05,1,BUY,Calm/Bull low stress=0.00
2017-07-13,bist100,1042.0965576171875,Calm/Bull,4.953441776412567e-05,1,BUY,Calm/Bull low stress=0.00
2017-07-14,bist100,1051.7513427734375,Calm/Bull,0.0001839331037792,1,BUY,Calm/Bull low stress=0.00
2017-07-17,bist100,1062.1644287109375,Calm/Bull,4.561802279851733e-05,1,BUY,Calm/Bull low stress=0.00
2017-07-18,bist100,1057.1773681640625,Calm/Bull,2.2473232128557017e-05,1,BUY,Calm/Bull low stress=0.00
2017-07-19,bist100,1074.1693115234375,Calm/Bull,0.000127683660553,1,BUY,Calm/Bull low stress=0.00
2017-07-20,bist100,1067.350341796875,Calm/Bull,0.0001072803206413,1,BUY,Calm/Bull low stress=0.00
2017-07-21,bist100,1068.42236328125,Calm/Bull,8.824891223506535e-05,1,BUY,Calm/Bull low stress=0.00
2017-07-24,bist100,1067.099365234375,Calm/Bull,0.000117298108746,1,BUY,Calm/Bull low stress=0.00
2017-07-25,bist100,1070.4012451171875,Calm/Bull,6.911939045064061e-05,1,BUY,Calm/Bull low stress=0.00
2017-07-26,bist100,1072.0562744140625,Calm/Bull,7.329606944807506e-05,1,BUY,Calm/Bull low stress=0.00
2017-07-27,bist100,1083.9112548828125,Calm/Bull,6.58214774548019e-05,1,BUY,Calm/Bull low stress=0.00
2017-07-28,bist100,1076.9912109375,Calm/Bull,0.0002358937979755,1,BUY,Calm/Bull low stress=0.00
2017-07-31,bist100,1075.3082275390625,Calm/Bull,0.0001275985577795,1,BUY,Calm/Bull low stress=0.00
2017-08-01,bist100,1061.4683837890625,Calm/Bull,0.0022224027946072,1,BUY,Calm/Bull low stress=0.00
2017-08-02,bist100,1065.2484130859375,Calm/Bull,0.0005233391608855,1,BUY,Calm/Bull low stress=0.00
2017-08-03,bist100,1071.5322265625,Calm/Bull,0.0009661111798006,1,BUY,Calm/Bull low stress=0.00
2017-08-04,bist100,1085.447265625,Calm/Bull,0.0015230565203581,1,BUY,Calm/Bull low stress=0.00
2017-08-07,bist100,1097.80517578125,Calm/Bull,0.0005006102463574,1,BUY,Calm/Bull low stress=0.00
2017-08-08,bist100,1096.3851318359375,Calm/Bull,0.0002454863436906,1,BUY,Calm/Bull low stress=0.00
2017-08-09,bist100,1087.1402587890625,Calm/Bull,0.0008746840712727,1,BUY,Calm/Bull low stress=0.00
2017-08-10,bist100,1077.998291015625,Calm/Bull,0.0007039931259598,1,BUY,Calm/Bull low stress=0.00
2017-08-11,bist100,1069.6253662109375,Calm/Bull,0.0008991806715114,1,BUY,Calm/Bull low stress=0.00
2017-08-14,bist100,1095.3681640625,Calm/Bull,0.1146901774500823,1,BUY,Calm/Bull low stress=0.11
2017-08-15,bist100,1069.12744140625,Stress/Bear,0.7338477587315505,-1,REDUCE,Stress rising=0.73↑
2017-08-16,bist100,1068.6143798828125,Calm/Bull,0.0983387612460546,1,BUY,Calm/Bull low stress=0.10
2017-08-17,bist100,1068.2474365234375,Calm/Bull,0.0013381790340593,1,BUY,Calm/Bull low stress=0.00
2017-08-18,bist100,1072.018310546875,Calm/Bull,0.0013019974382786,1,BUY,Calm/Bull low stress=0.00
2017-08-21,bist100,1086.143310546875,Calm/Bull,0.0143520415749903,1,BUY,Calm/Bull low stress=0.01
2017-08-22,bist100,1085.939208984375,Calm/Bull,0.0013465486028425,1,BUY,Calm/Bull low stress=0.00
2017-08-23,bist100,1089.521240234375,Calm/Bull,0.0018303281131307,1,BUY,Calm/Bull low stress=0.00
2017-08-24,bist100,1091.533203125,Calm/Bull,0.0014482183443406,1,BUY,Calm/Bull low stress=0.00
2017-08-25,bist100,1097.545166015625,Calm/Bull,0.0068355024028926,1,BUY,Calm/Bull low stress=0.01
2017-08-28,bist100,1103.3941650390625,Calm/Bull,0.0055666401821074,1,BUY,Calm/Bull low stress=0.01
2017-08-29,bist100,1104.22509765625,Calm/Bull,0.0009190518607313,1,BUY,Calm/Bull low stress=0.00
2017-08-31,bist100,1100.09912109375,Calm/Bull,0.1549890999386955,1,BUY,Calm/Bull low stress=0.15
2017-09-05,bist100,1088.7242431640625,Calm/Bull,0.0022331517059014,1,BUY,Calm/Bull low stress=0.00
2017-09-06,bist100,1096.1121826171875,Calm/Bull,0.0009411177724253,1,BUY,Calm/Bull low stress=0.00
2017-09-07,bist100,1097.4241943359375,Calm/Bull,0.0017049641533183,1,BUY,Calm/Bull low stress=0.00
2017-09-08,bist100,1084.51123046875,Calm/Bull,0.0022510569960159,1,BUY,Calm/Bull low stress=0.00
2017-09-11,bist100,1094.5740966796875,Calm/Bull,0.0010832222142027,1,BUY,Calm/Bull low stress=0.00
2017-09-12,bist100,1091.291259765625,Calm/Bull,0.00067451526081,1,BUY,Calm/Bull low stress=0.00
2017-09-13,bist100,1081.54931640625,Calm/Bull,0.0009876899240123,1,BUY,Calm/Bull low stress=0.00
2017-09-14,bist100,1082.436279296875,Calm/Bull,5.112791910730961e-05,1,BUY,Calm/Bull low stress=0.00
2017-09-15,bist100,1077.4112548828125,Calm/Bull,5.558780769217123e-08,1,BUY,Calm/Bull low stress=0.00
2017-09-18,bist100,1065.34033203125,Calm/Bull,5.129086852944172e-07,1,BUY,Calm/Bull low stress=0.00
2017-09-19,bist100,1049.17236328125,Calm/Bull,1.566323836768495e-05,1,BUY,Calm/Bull low stress=0.00
2017-09-20,bist100,1053.2314453125,Calm/Bull,3.3280728189970732e-06,1,BUY,Calm/Bull low stress=0.00
2017-09-21,bist100,1040.0064697265625,Calm/Bull,2.1986743650638907e-06,1,BUY,Calm/Bull low stress=0.00
2017-09-22,bist100,1041.2235107421875,Calm/Bull,1.3544332465917772e-06,1,BUY,Calm/Bull low stress=0.00
2017-09-25,bist100,1022.6965942382812,Calm/Bull,3.670323745158946e-05,1,BUY,Calm/Bull low stress=0.00
2017-09-26,bist100,1039.2874755859375,Calm/Bull,0.0007383593965184,1,BUY,Calm/Bull low stress=0.00
2017-09-27,bist100,1012.1776123046876,Calm/Bull,0.0154939142560994,1,BUY,Calm/Bull low stress=0.02
2017-09-28,bist100,1026.5054931640625,Calm/Bull,0.0074670098892501,1,BUY,Calm/Bull low stress=0.01
2017-09-29,bist100,1029.071533203125,Calm/Bull,0.0003908737424625,1,BUY,Calm/Bull low stress=0.00
2017-10-02,bist100,1039.301513671875,Calm/Bull,0.0015233519325194,1,BUY,Calm/Bull low stress=0.00
2017-10-03,bist100,1039.070556640625,Calm/Bull,0.000382482227701,1,BUY,Calm/Bull low stress=0.00
2017-10-04,bist100,1045.4735107421875,Calm/Bull,0.001069214451902,1,BUY,Calm/Bull low stress=0.00
2017-10-05,bist100,1043.3375244140625,Calm/Bull,0.0007852664159826,1,BUY,Calm/Bull low stress=0.00
2017-10-06,bist100,1041.3695068359375,Calm/Bull,0.0009528928334726,1,BUY,Calm/Bull low stress=0.00
2017-10-09,bist100,1012.974609375,Calm/Bull,0.0414877283092517,1,BUY,Calm/Bull low stress=0.04
2017-10-10,bist100,1033.9344482421875,Calm/Bull,0.0079102458120897,1,BUY,Calm/Bull low stress=0.01
2017-10-11,bist100,1038.154541015625,Calm/Bull,0.0017798842985001,1,BUY,Calm/Bull low stress=0.00
2017-10-12,bist100,1059.3173828125,Calm/Bull,0.0039876384700499,1,BUY,Calm/Bull low stress=0.00
2017-10-13,bist100,1062.2513427734375,Calm/Bull,0.0005775796402486,1,BUY,Calm/Bull low stress=0.00
2017-10-16,bist100,1064.7393798828125,Calm/Bull,0.0020128473893883,1,BUY,Calm/Bull low stress=0.00
2017-10-17,bist100,1069.9034423828125,Calm/Bull,0.0005394692360604,1,BUY,Calm/Bull low stress=0.00
2017-10-18,bist100,1069.2584228515625,Calm/Bull,0.0008464147953377,1,BUY,Calm/Bull low stress=0.00
2017-10-19,bist100,1084.330322265625,Calm/Bull,0.000779502644829,1,BUY,Calm/Bull low stress=0.00
2017-10-20,bist100,1084.8812255859375,Calm/Bull,0.0004091757805649,1,BUY,Calm/Bull low stress=0.00
2017-10-23,bist100,1073.0272216796875,Calm/Bull,0.0017557233026311,1,BUY,Calm/Bull low stress=0.00
2017-10-24,bist100,1072.0572509765625,Calm/Bull,0.0003974342756668,1,BUY,Calm/Bull low stress=0.00
2017-10-25,bist100,1083.542236328125,Calm/Bull,5.463691928858181e-05,1,BUY,Calm/Bull low stress=0.00
2017-10-26,bist100,1073.34228515625,Calm/Bull,7.159940630545311e-05,1,BUY,Calm/Bull low stress=0.00
2017-10-27,bist100,1078.834228515625,Calm/Bull,7.429713584996313e-05,1,BUY,Calm/Bull low stress=0.00
2017-10-30,bist100,1084.6622314453125,Calm/Bull,4.354997508369685e-05,1,BUY,Calm/Bull low stress=0.00
2017-10-31,bist100,1101.420166015625,Calm/Bull,0.0005248569664546,1,BUY,Calm/Bull low stress=0.00
2017-11-01,bist100,1130.237060546875,Transition,0.0141642915034956,1,BUY,Transition BUY=0.01
2017-11-02,bist100,1129.9429931640625,Transition,0.0402747186979494,1,BUY,Transition BUY=0.04
2017-11-03,bist100,1112.922119140625,Calm/Bull,0.0146399016888336,1,BUY,Calm/Bull low stress=0.01
2017-11-06,bist100,1141.65087890625,Transition,0.0060092027097506,1,BUY,Transition BUY=0.01
2017-11-07,bist100,1122.7130126953125,Calm/Bull,0.001060663038985,1,BUY,Calm/Bull low stress=0.00
2017-11-08,bist100,1118.93896484375,Calm/Bull,0.0005419350114354,1,BUY,Calm/Bull low stress=0.00
2017-11-09,bist100,1102.4591064453125,Calm/Bull,0.0009597210029394,1,BUY,Calm/Bull low stress=0.00
2017-11-10,bist100,1089.48828125,Calm/Bull,0.0005375102232275,1,BUY,Calm/Bull low stress=0.00
2017-11-13,bist100,1088.5902099609375,Calm/Bull,0.0014587800870118,1,BUY,Calm/Bull low stress=0.00
2017-11-14,bist100,1101.4791259765625,Calm/Bull,0.0113524744620477,1,BUY,Calm/Bull low stress=0.01
2017-11-15,bist100,1077.1593017578125,Calm/Bull,0.0168064733722819,1,BUY,Calm/Bull low stress=0.02
2017-11-16,bist100,1069.7613525390625,Calm/Bull,0.0007736238882211,1,BUY,Calm/Bull low stress=0.00
2017-11-17,bist100,1062.389404296875,Calm/Bull,0.0008461881549355,1,BUY,Calm/Bull low stress=0.00
2017-11-20,bist100,1039.113525390625,Calm/Bull,0.0194938893392578,1,BUY,Calm/Bull low stress=0.02
2017-11-21,bist100,1052.67236328125,Calm/Bull,0.0685392639189145,1,BUY,Calm/Bull low stress=0.07
2017-11-22,bist100,1059.63037109375,Calm/Bull,0.006004272149958,1,BUY,Calm/Bull low stress=0.01
2017-11-23,bist100,1050.25537109375,Calm/Bull,0.0024052435165415,1,BUY,Calm/Bull low stress=0.00
2017-11-24,bist100,1045.3885498046875,Calm/Bull,0.0014938550138432,1,BUY,Calm/Bull low stress=0.00
2017-11-27,bist100,1047.5914306640625,Calm/Bull,0.0006871391069038,1,BUY,Calm/Bull low stress=0.00
2017-11-28,bist100,1020.674560546875,Stress/Bear,0.9738511581114466,-1,REDUCE,Stress rising=0.97↑
2017-11-29,bist100,1023.41259765625,Calm/Bull,0.0007266809357959,1,BUY,Calm/Bull low stress=0.00
2017-11-30,bist100,1039.8385009765625,Calm/Bull,0.0040270115932041,1,BUY,Calm/Bull low stress=0.00
2017-12-01,bist100,1035.58447265625,Calm/Bull,0.0006741484834464,1,BUY,Calm/Bull low stress=0.00
2017-12-04,bist100,1052.1434326171875,Calm/Bull,0.0064944168079852,1,BUY,Calm/Bull low stress=0.01
2017-12-05,bist100,1062.5943603515625,Calm/Bull,0.001201531579373,1,BUY,Calm/Bull low stress=0.00
2017-12-06,bist100,1053.0333251953125,Calm/Bull,0.001137293192917,1,BUY,Calm/Bull low stress=0.00
2017-12-07,bist100,1064.4693603515625,Calm/Bull,0.0007527620382126,1,BUY,Calm/Bull low stress=0.00
2017-12-08,bist100,1079.207275390625,Calm/Bull,0.0009210662814608,1,BUY,Calm/Bull low stress=0.00
2017-12-11,bist100,1091.5592041015625,Calm/Bull,0.0003493224101335,1,BUY,Calm/Bull low stress=0.00
2017-12-12,bist100,1090.4892578125,Calm/Bull,0.0001948111214943,1,BUY,Calm/Bull low stress=0.00
2017-12-13,bist100,1081.5262451171875,Calm/Bull,0.0001520653153945,1,BUY,Calm/Bull low stress=0.00
2017-12-14,bist100,1096.6580810546875,Calm/Bull,0.0004214794777154,1,BUY,Calm/Bull low stress=0.00
2017-12-15,bist100,1093.296142578125,Calm/Bull,6.26333402038427e-05,1,BUY,Calm/Bull low stress=0.00
2017-12-18,bist100,1102.47314453125,Calm/Bull,1.7086698289373758e-05,1,BUY,Calm/Bull low stress=0.00
2017-12-19,bist100,1101.76513671875,Calm/Bull,3.5052786422679875e-05,1,BUY,Calm/Bull low stress=0.00
2017-12-20,bist100,1104.5411376953125,Calm/Bull,1.8710389451420835e-05,1,BUY,Calm/Bull low stress=0.00
2017-12-21,bist100,1112.714111328125,Calm/Bull,1.43173659275201e-05,1,BUY,Calm/Bull low stress=0.00
2017-12-22,bist100,1110.9891357421875,Calm/Bull,9.6519641175616e-06,1,BUY,Calm/Bull low stress=0.00
2017-12-26,bist100,1120.06103515625,Calm/Bull,1.52910640695187e-05,1,BUY,Calm/Bull low stress=0.00
2017-12-27,bist100,1121.490966796875,Calm/Bull,1.1983076633202414e-07,1,BUY,Calm/Bull low stress=0.00
2017-12-28,bist100,1144.7989501953125,Transition,1.8284075219851825e-05,1,BUY,Transition BUY=0.00
2017-12-29,bist100,1153.3238525390625,Calm/Bull,7.275200093240066e-07,1,BUY,Calm/Bull low stress=0.00
2018-01-02,bist100,1175.2357177734375,Transition,1.1284396956857016e-05,1,BUY,Transition BUY=0.00
2018-01-03,bist100,1160.515869140625,Calm/Bull,0.001219204109534,1,BUY,Calm/Bull low stress=0.00
2018-01-04,bist100,1154.9058837890625,Calm/Bull,1.8607128296774022e-05,1,BUY,Calm/Bull low stress=0.00
2018-01-05,bist100,1166.372802734375,Calm/Bull,1.3466571291685098e-06,1,BUY,Calm/Bull low stress=0.00
2018-01-08,bist100,1163.038818359375,Calm/Bull,1.2975494988647063e-06,1,BUY,Calm/Bull low stress=0.00
2018-01-09,bist100,1150.221923828125,Calm/Bull,6.2197937828720524e-06,1,BUY,Calm/Bull low stress=0.00
2018-01-10,bist100,1135.8890380859375,Calm/Bull,1.3450584128979458e-05,1,BUY,Calm/Bull low stress=0.00
2018-01-11,bist100,1147.181884765625,Calm/Bull,1.9089372352028666e-05,1,BUY,Calm/Bull low stress=0.00
2018-01-12,bist100,1146.43994140625,Calm/Bull,5.197943320363107e-06,1,BUY,Calm/Bull low stress=0.00
2018-01-15,bist100,1121.5860595703125,Calm/Bull,0.0024077859670309,1,BUY,Calm/Bull low stress=0.00
2018-01-16,bist100,1144.1778564453125,Transition,0.005380919362333,1,BUY,Transition BUY=0.01
2018-01-17,bist100,1165.9188232421875,Transition,0.0022704045757136,1,BUY,Transition BUY=0.00
2018-01-18,bist100,1168.5538330078125,Calm/Bull,5.007398382163581e-05,1,BUY,Calm/Bull low stress=0.00
2018-01-19,bist100,1151.46484375,Calm/Bull,0.0003547947496442,1,BUY,Calm/Bull low stress=0.00
2018-01-22,bist100,1172.3487548828125,Calm/Bull,0.0021552574809393,1,BUY,Calm/Bull low stress=0.00
2018-01-23,bist100,1183.9947509765625,Calm/Bull,0.0002000690880967,1,BUY,Calm/Bull low stress=0.00
2018-01-24,bist100,1196.4776611328125,Calm/Bull,0.0002049932745889,1,BUY,Calm/Bull low stress=0.00
2018-01-25,bist100,1186.03466796875,Calm/Bull,0.0002791795686882,1,BUY,Calm/Bull low stress=0.00
2018-01-26,bist100,1207.0126953125,Calm/Bull,0.0022246379548298,1,BUY,Calm/Bull low stress=0.00
2018-01-29,bist100,1208.446533203125,Calm/Bull,0.0005192374471108,1,BUY,Calm/Bull low stress=0.00
2018-01-30,bist100,1193.024658203125,Calm/Bull,0.0003217531921003,1,BUY,Calm/Bull low stress=0.00
2018-01-31,bist100,1195.2816162109375,Calm/Bull,0.0001305677649002,1,BUY,Calm/Bull low stress=0.00
2018-02-01,bist100,1190.4376220703125,Calm/Bull,0.0003669778602936,1,BUY,Calm/Bull low stress=0.00
2018-02-02,bist100,1181.187744140625,Calm/Bull,0.0005184671986625,1,BUY,Calm/Bull low stress=0.00
2018-02-05,bist100,1168.520751953125,Calm/Bull,0.0006897844791159,1,BUY,Calm/Bull low stress=0.00
2018-02-06,bist100,1154.56689453125,Calm/Bull,0.000514504865651,1,BUY,Calm/Bull low stress=0.00
2018-02-07,bist100,1155.6959228515625,Calm/Bull,0.0005182503315942,1,BUY,Calm/Bull low stress=0.00
2018-02-08,bist100,1142.62890625,Calm/Bull,0.0005501927684969,1,BUY,Calm/Bull low stress=0.00
2018-02-09,bist100,1135.89697265625,Calm/Bull,0.0006411751540428,1,BUY,Calm/Bull low stress=0.00
2018-02-12,bist100,1148.2098388671875,Calm/Bull,0.0003447449573686,1,BUY,Calm/Bull low stress=0.00
2018-02-13,bist100,1144.9388427734375,Calm/Bull,5.133204570214277e-05,1,BUY,Calm/Bull low stress=0.00
2018-02-14,bist100,1134.5440673828125,Calm/Bull,0.0001271006739453,1,BUY,Calm/Bull low stress=0.00
2018-02-15,bist100,1162.249755859375,Calm/Bull,0.0034617291628162,1,BUY,Calm/Bull low stress=0.00
2018-02-16,bist100,1165.103759765625,Calm/Bull,8.536780832169583e-05,1,BUY,Calm/Bull low stress=0.00
2018-02-19,bist100,1158.8138427734375,Calm/Bull,6.028603273139667e-05,1,BUY,Calm/Bull low stress=0.00
2018-02-20,bist100,1134.322998046875,Calm/Bull,0.0340404475060401,1,BUY,Calm/Bull low stress=0.03
2018-02-21,bist100,1163.15380859375,Calm/Bull,0.0059481624060075,1,BUY,Calm/Bull low stress=0.01
2018-02-22,bist100,1168.40283203125,Calm/Bull,0.0001874887406382,1,BUY,Calm/Bull low stress=0.00
2018-02-23,bist100,1175.208740234375,Calm/Bull,0.0001632415362139,1,BUY,Calm/Bull low stress=0.00
2018-02-26,bist100,1187.91259765625,Calm/Bull,0.0002939225968395,1,BUY,Calm/Bull low stress=0.00
2018-02-27,bist100,1188.3096923828125,Calm/Bull,0.0005188292380713,1,BUY,Calm/Bull low stress=0.00
2018-02-28,bist100,1189.501708984375,Calm/Bull,0.0001582183816757,1,BUY,Calm/Bull low stress=0.00
2018-03-01,bist100,1176.3148193359375,Calm/Bull,0.0002844494277882,1,BUY,Calm/Bull low stress=0.00
2018-03-02,bist100,1168.5858154296875,Calm/Bull,0.0001470192720739,1,BUY,Calm/Bull low stress=0.00
2018-03-05,bist100,1169.455810546875,Calm/Bull,0.0001450710896647,1,BUY,Calm/Bull low stress=0.00
2018-03-06,bist100,1167.0927734375,Calm/Bull,0.0001497234257971,1,BUY,Calm/Bull low stress=0.00
2018-03-07,bist100,1168.417724609375,Calm/Bull,9.744397385986417e-05,1,BUY,Calm/Bull low stress=0.00
2018-03-08,bist100,1165.664794921875,Calm/Bull,7.326585975773722e-05,1,BUY,Calm/Bull low stress=0.00
2018-03-09,bist100,1169.1387939453125,Calm/Bull,5.532883760354426e-05,1,BUY,Calm/Bull low stress=0.00
2018-03-12,bist100,1184.1077880859375,Calm/Bull,8.749439104052624e-05,1,BUY,Calm/Bull low stress=0.00
2018-03-13,bist100,1182.6627197265625,Calm/Bull,9.206198635208668e-05,1,BUY,Calm/Bull low stress=0.00
2018-03-14,bist100,1175.9207763671875,Calm/Bull,4.205687562258128e-05,1,BUY,Calm/Bull low stress=0.00
2018-03-15,bist100,1172.0087890625,Calm/Bull,5.9375620965985485e-06,1,BUY,Calm/Bull low stress=0.00
2018-03-16,bist100,1172.15673828125,Calm/Bull,3.797965635783067e-06,1,BUY,Calm/Bull low stress=0.00
2018-03-19,bist100,1154.4969482421875,Calm/Bull,2.541814145980748e-05,1,BUY,Calm/Bull low stress=0.00
2018-03-20,bist100,1164.311767578125,Calm/Bull,1.8846505624781397e-06,1,BUY,Calm/Bull low stress=0.00
2018-03-21,bist100,1176.5067138671875,Calm/Bull,2.0095965328673945e-07,1,BUY,Calm/Bull low stress=0.00
2018-03-22,bist100,1171.0968017578125,Calm/Bull,1.0887273408801693e-07,1,BUY,Calm/Bull low stress=0.00
2018-03-23,bist100,1166.021728515625,Transition,1.332968826045122e-06,1,BUY,Transition BUY=0.00
2018-03-26,bist100,1164.19677734375,Transition,6.990120810882763e-07,1,BUY,Transition BUY=0.00
2018-03-27,bist100,1161.9588623046875,Calm/Bull,7.055848454238059e-08,1,BUY,Calm/Bull low stress=0.00
2018-03-28,bist100,1141.286865234375,Calm/Bull,1.4446408417054505e-06,1,BUY,Calm/Bull low stress=0.00
2018-03-29,bist100,1148.43994140625,Calm/Bull,1.0188380339857673e-07,1,BUY,Calm/Bull low stress=0.00
2018-03-30,bist100,1149.2958984375,Calm/Bull,3.56129449562914e-08,1,BUY,Calm/Bull low stress=0.00
2018-04-02,bist100,1144.4149169921875,Calm/Bull,8.893129251377803e-08,1,BUY,Calm/Bull low stress=0.00
2018-04-03,bist100,1145.9349365234375,Calm/Bull,4.8341537704873063e-08,1,BUY,Calm/Bull low stress=0.00
2018-04-04,bist100,1139.7498779296875,Calm/Bull,9.254589559240229e-08,1,BUY,Calm/Bull low stress=0.00
2018-04-05,bist100,1149.4698486328125,Calm/Bull,4.138426315737701e-07,1,BUY,Calm/Bull low stress=0.00
2018-04-06,bist100,1147.368896484375,Calm/Bull,1.487581392436466e-07,1,BUY,Calm/Bull low stress=0.00
2018-04-09,bist100,1131.5550537109375,Calm/Bull,9.337016031347611e-06,1,BUY,Calm/Bull low stress=0.00
2018-04-10,bist100,1107.12109375,Calm/Bull,0.0015256265070838,1,BUY,Calm/Bull low stress=0.00
2018-04-11,bist100,1092.5262451171875,Stress/Bear,0.9975634157203238,-1,REDUCE,Stress rising=1.00↑
2018-04-12,bist100,1102.34814453125,Calm/Bull,0.0002219676053178,1,BUY,Calm/Bull low stress=0.00
2018-04-13,bist100,1096.0341796875,Calm/Bull,7.532061222110766e-05,1,BUY,Calm/Bull low stress=0.00
2018-04-16,bist100,1106.87109375,Calm/Bull,6.516143582887566e-05,1,BUY,Calm/Bull low stress=0.00
2018-04-17,bist100,1087.4422607421875,Calm/Bull,0.0511201887083002,1,BUY,Calm/Bull low stress=0.05
2018-04-18,bist100,1120.9840087890625,Stress/Bear,0.8235125360070001,-1,REDUCE,Stress rising=0.82↑
2018-04-19,bist100,1121.216064453125,Calm/Bull,0.0007224116407974,1,BUY,Calm/Bull low stress=0.00
2018-04-20,bist100,1109.319091796875,Calm/Bull,0.002112928867445,1,BUY,Calm/Bull low stress=0.00
2018-04-24,bist100,1100.5802001953125,Calm/Bull,0.0013663483455362,1,BUY,Calm/Bull low stress=0.00
2018-04-25,bist100,1074.00830078125,Stress/Bear,0.7054517393898623,-1,REDUCE,Stress rising=0.71↑
2018-04-26,bist100,1070.145263671875,Calm/Bull,0.0018638145915743,1,BUY,Calm/Bull low stress=0.00
2018-04-27,bist100,1076.13720703125,Calm/Bull,0.0018737904805482,1,BUY,Calm/Bull low stress=0.00
2018-04-30,bist100,1042.822509765625,Stress/Bear,0.9987378902987724,-1,REDUCE,Stress rising=1.00↑
2018-05-02,bist100,1047.2513427734375,Calm/Bull,0.0175577384813127,1,BUY,Calm/Bull low stress=0.02
2018-05-03,bist100,1029.08544921875,Calm/Bull,0.0069260462695255,1,BUY,Calm/Bull low stress=0.01
2018-05-04,bist100,1025.9864501953125,Calm/Bull,0.003562368028245,1,BUY,Calm/Bull low stress=0.00
2018-05-07,bist100,1008.6566162109376,Calm/Bull,0.0186020059659142,1,BUY,Calm/Bull low stress=0.02
2018-05-08,bist100,993.6327514648438,Calm/Bull,0.0263817777766219,1,BUY,Calm/Bull low stress=0.03
2018-05-09,bist100,1007.8006591796876,Stress/Bear,0.9248126524999348,-1,REDUCE,Stress rising=0.92↑
2018-05-10,bist100,1023.8015747070312,Transition,0.4231594412486142,1,BUY,Transition BUY=0.42
2018-05-11,bist100,1018.5195922851562,Calm/Bull,0.0011324169828537,1,BUY,Calm/Bull low stress=0.00
2018-05-14,bist100,1033.698486328125,Calm/Bull,0.1040438367277589,1,BUY,Calm/Bull low stress=0.10
2018-05-15,bist100,1015.3986206054688,Calm/Bull,0.0160231769289094,1,BUY,Calm/Bull low stress=0.02
2018-05-16,bist100,1021.5735473632812,Calm/Bull,0.0074657812740634,1,BUY,Calm/Bull low stress=0.01
2018-05-17,bist100,1018.6885375976562,Calm/Bull,0.0012782065605671,1,BUY,Calm/Bull low stress=0.00
2018-05-18,bist100,1024.0975341796875,Calm/Bull,0.0022195205803098,1,BUY,Calm/Bull low stress=0.00
2018-05-21,bist100,1022.5715942382812,Calm/Bull,0.0013646737411307,1,BUY,Calm/Bull low stress=0.00
2018-05-22,bist100,1033.271484375,Calm/Bull,0.0023855792188174,1,BUY,Calm/Bull low stress=0.00
2018-05-23,bist100,1018.9115600585938,Calm/Bull,0.0033444687930545,1,BUY,Calm/Bull low stress=0.00
2018-05-24,bist100,1011.3756103515624,Calm/Bull,0.0154570839142299,1,BUY,Calm/Bull low stress=0.02
2018-05-25,bist100,1031.9954833984375,Calm/Bull,0.0229794339431974,1,BUY,Calm/Bull low stress=0.02
2018-05-28,bist100,1065.2474365234375,Transition,0.2124480790301378,1,BUY,Transition BUY=0.21
2018-05-29,bist100,1051.12841796875,Calm/Bull,0.0012258354203158,1,BUY,Calm/Bull low stress=0.00
2018-05-30,bist100,1038.6844482421875,Calm/Bull,0.0016613686574455,1,BUY,Calm/Bull low stress=0.00
2018-05-31,bist100,1006.5177001953124,Stress/Bear,0.8633541935354903,-1,REDUCE,Stress rising=0.86↑
2018-06-01,bist100,991.7067260742188,Calm/Bull,0.0208166067325009,1,BUY,Calm/Bull low stress=0.02
2018-06-04,bist100,992.4927368164062,Calm/Bull,0.0262409334301481,1,BUY,Calm/Bull low stress=0.03
2018-06-05,bist100,978.226806640625,Calm/Bull,0.0219568076883912,1,BUY,Calm/Bull low stress=0.02
2018-06-06,bist100,966.5718994140624,Calm/Bull,0.3217591314863028,1,BUY,Calm/Bull low stress=0.32
2018-06-07,bist100,986.2317504882812,Transition,0.0739944123129374,1,BUY,Transition BUY=0.07
2018-06-08,bist100,958.751953125,Calm/Bull,0.0364842719471884,1,BUY,Calm/Bull low stress=0.04
2018-06-11,bist100,966.60888671875,Stress/Bear,0.919010850967302,-1,REDUCE,Stress rising=0.92↑
2018-06-12,bist100,953.06494140625,Calm/Bull,0.0020939221869841,1,BUY,Calm/Bull low stress=0.00
2018-06-13,bist100,935.0430297851562,Calm/Bull,0.0089135991776006,1,BUY,Calm/Bull low stress=0.01
2018-06-14,bist100,945.4030151367188,Stress/Bear,0.6864693449205437,-1,REDUCE,Stress/Bear active=0.69
2018-06-18,bist100,930.4280395507812,Calm/Bull,0.0078223809159821,1,BUY,Calm/Bull low stress=0.01
2018-06-19,bist100,944.364013671875,Transition,0.1359656624273016,1,BUY,Transition BUY=0.14
2018-06-20,bist100,945.5139770507812,Calm/Bull,0.0027780075011602,1,BUY,Calm/Bull low stress=0.00
2018-06-21,bist100,950.5669555664062,Calm/Bull,0.0036931217803144,1,BUY,Calm/Bull low stress=0.00
2018-06-22,bist100,958.5159301757812,Calm/Bull,0.0089428507276852,1,BUY,Calm/Bull low stress=0.01
2018-06-25,bist100,940.0780029296876,Stress/Bear,1.0,-1,REDUCE,Stress rising=1.00↑
2018-06-26,bist100,944.0769653320312,Calm/Bull,0.0035749146963554,1,BUY,Calm/Bull low stress=0.00
2018-06-27,bist100,959.5429077148438,Transition,0.0301124775836294,1,BUY,Transition BUY=0.03
2018-06-28,bist100,962.264892578125,Calm/Bull,0.002746787868213,1,BUY,Calm/Bull low stress=0.00
2018-06-29,bist100,965.1958618164062,Calm/Bull,0.0002713480880301,1,BUY,Calm/Bull low stress=0.00
2018-07-02,bist100,967.7298583984376,Calm/Bull,0.0004430332344208,1,BUY,Calm/Bull low stress=0.00
2018-07-03,bist100,965.8768920898438,Calm/Bull,0.0003374350052939,1,BUY,Calm/Bull low stress=0.00
2018-07-04,bist100,972.2958374023438,Calm/Bull,0.0001604471880391,1,BUY,Calm/Bull low stress=0.00
2018-07-05,bist100,990.9647216796876,Transition,0.0019932870823421,1,BUY,Transition BUY=0.00
2018-07-06,bist100,987.333740234375,Calm/Bull,0.0002081004126751,1,BUY,Calm/Bull low stress=0.00
2018-07-09,bist100,992.5227661132812,Calm/Bull,0.0002152394317606,1,BUY,Calm/Bull low stress=0.00
2018-07-10,bist100,962.7418823242188,Calm/Bull,0.1226511453042706,1,BUY,Calm/Bull low stress=0.12
2018-07-11,bist100,912.8901977539062,Stress/Bear,0.999995292852494,-1,REDUCE,Stress rising=1.00↑
2018-07-12,bist100,895.708251953125,Stress/Bear,0.999999515992206,-1,REDUCE,Stress rising=1.00↑
2018-07-13,bist100,898.9722290039062,Stress/Bear,0.5164314273989019,-1,REDUCE,Stress/Bear active=0.52
2018-07-16,bist100,897.4352416992188,Stress/Bear,0.6345361486029544,-1,REDUCE,Stress/Bear active=0.63
2018-07-17,bist100,916.2911376953124,Transition,0.2783614457291988,1,BUY,Transition BUY=0.28
2018-07-18,bist100,923.215087890625,Calm/Bull,0.0139905976986374,1,BUY,Calm/Bull low stress=0.01
2018-07-19,bist100,930.0240478515624,Calm/Bull,0.0056184250346346,1,BUY,Calm/Bull low stress=0.01
2018-07-20,bist100,940.8179931640624,Calm/Bull,0.0164939980881233,1,BUY,Calm/Bull low stress=0.02
2018-07-23,bist100,953.0469360351562,Calm/Bull,0.0739302898990957,1,BUY,Calm/Bull low stress=0.07
2018-07-24,bist100,921.3331298828124,Stress/Bear,0.998100421888398,-1,REDUCE,Stress rising=1.00↑
2018-07-25,bist100,953.680908203125,Stress/Bear,0.5862598291921671,-1,REDUCE,Stress/Bear active=0.59
2018-07-26,bist100,948.16796875,Stress/Bear,0.6660904816684552,-1,REDUCE,Stress/Bear active=0.67
2018-07-27,bist100,955.8429565429688,Calm/Bull,0.0218418152847933,1,BUY,Calm/Bull low stress=0.02
2018-07-30,bist100,961.5718994140624,Calm/Bull,0.0202892980307327,1,BUY,Calm/Bull low stress=0.02
2018-07-31,bist100,969.516845703125,Calm/Bull,0.0543312817686704,1,BUY,Calm/Bull low stress=0.05
2018-08-01,bist100,972.1008911132812,Calm/Bull,0.0207159478733236,1,BUY,Calm/Bull low stress=0.02
2018-08-02,bist100,945.427978515625,Stress/Bear,0.7222233067783954,-1,REDUCE,Stress rising=0.72↑
2018-08-03,bist100,956.0999145507812,Calm/Bull,0.0614848287109141,1,BUY,Calm/Bull low stress=0.06
2018-08-06,bist100,941.7349853515624,Calm/Bull,0.0651346690256979,1,BUY,Calm/Bull low stress=0.07
2018-08-07,bist100,961.6048583984376,Transition,0.2118120355566906,1,BUY,Transition BUY=0.21
2018-08-08,bist100,969.73388671875,Calm/Bull,0.0040963194535561,1,BUY,Calm/Bull low stress=0.00
2018-08-09,bist100,971.8458862304688,Transition,0.3276403030693815,1,BUY,Transition BUY=0.33
2018-08-10,bist100,949.3909301757812,Stress/Bear,1.0,-1,REDUCE,Stress rising=1.00↑
2018-08-13,bist100,926.841064453125,Stress/Bear,0.9999999998677858,1,BUY,Stress peak fading=1.00↓
2018-08-14,bist100,934.1820678710938,Transition,0.0890376261622037,1,BUY,Transition BUY=0.09
2018-08-15,bist100,902.625244140625,Stress/Bear,0.9999999929360914,-1,REDUCE,Stress rising=1.00↑
2018-08-16,bist100,871.4273681640625,Stress/Bear,0.9999993051326256,1,BUY,Stress peak fading=1.00↓
2018-08-17,bist100,887.3433227539062,Stress/Bear,0.9993186315133464,1,BUY,Stress peak fading=1.00↓
2018-08-20,bist100,901.855224609375,Stress/Bear,0.5790916640285376,-1,REDUCE,Stress/Bear active=0.58
2018-08-27,bist100,912.835205078125,Calm/Bull,0.0892272604158515,1,BUY,Calm/Bull low stress=0.09
2018-08-28,bist100,938.6640014648438,Transition,0.4998109892106132,1,BUY,Transition BUY=0.50
2018-08-29,bist100,932.8020629882812,Stress/Bear,0.5113992658338726,-1,REDUCE,Stress/Bear active=0.51
2018-08-31,bist100,927.2290649414062,Calm/Bull,0.1306337255060932,1,BUY,Calm/Bull low stress=0.13
2018-09-03,bist100,939.1510009765624,Stress/Bear,0.5171142832656701,-1,REDUCE,Stress/Bear active=0.52
2018-09-04,bist100,931.8880615234376,Calm/Bull,0.0616236057822016,1,BUY,Calm/Bull low stress=0.06
2018-09-05,bist100,927.905029296875,Calm/Bull,0.0129919177452713,1,BUY,Calm/Bull low stress=0.01
2018-09-06,bist100,927.6280517578124,Calm/Bull,0.0126228625421098,1,BUY,Calm/Bull low stress=0.01
2018-09-07,bist100,932.737060546875,Calm/Bull,0.0079046288119883,1,BUY,Calm/Bull low stress=0.01
2018-09-10,bist100,916.9780883789062,Calm/Bull,0.0165747851090579,1,BUY,Calm/Bull low stress=0.02
2018-09-11,bist100,923.8861083984376,Calm/Bull,0.0065563609482616,1,BUY,Calm/Bull low stress=0.01
2018-09-12,bist100,922.2691040039062,Calm/Bull,0.0029282073528737,1,BUY,Calm/Bull low stress=0.00
2018-09-13,bist100,944.18701171875,Transition,0.4104606949794092,1,BUY,Transition BUY=0.41
2018-09-14,bist100,947.5910034179688,Calm/Bull,0.0108837313966262,1,BUY,Calm/Bull low stress=0.01
2018-09-17,bist100,943.4719848632812,Calm/Bull,0.0040085940812753,1,BUY,Calm/Bull low stress=0.00
2018-09-18,bist100,948.864013671875,Calm/Bull,0.0068902546049622,1,BUY,Calm/Bull low stress=0.01
2018-09-19,bist100,966.0328979492188,Transition,0.0098106732116625,1,BUY,Transition BUY=0.01
2018-09-20,bist100,961.2058715820312,Transition,0.0103301469401894,1,BUY,Transition BUY=0.01
2018-09-21,bist100,979.8768310546876,Transition,0.0008263135432157,1,BUY,Transition BUY=0.00
2018-09-24,bist100,995.4686889648438,Transition,0.0010016706260215,1,BUY,Transition BUY=0.00
2018-09-25,bist100,992.9197387695312,Transition,0.0010984618418311,1,BUY,Transition BUY=0.00
2018-09-26,bist100,991.4837646484376,Transition,0.0003240483309955,1,BUY,Transition BUY=0.00
2018-09-27,bist100,1002.981689453125,Transition,0.0003686759122299,1,BUY,Transition BUY=0.00
2018-09-28,bist100,999.5636596679688,Transition,0.000380226745072,1,BUY,Transition BUY=0.00
2018-10-01,bist100,985.3667602539062,Calm/Bull,0.0017330910690423,1,BUY,Calm/Bull low stress=0.00
2018-10-02,bist100,981.601806640625,Transition,0.0002414542750334,1,BUY,Transition BUY=0.00
2018-10-03,bist100,971.8739013671876,Calm/Bull,0.0006193193914167,1,BUY,Calm/Bull low stress=0.00
2018-10-04,bist100,944.9630126953124,Calm/Bull,0.0599833441983422,1,BUY,Calm/Bull low stress=0.06
2018-10-05,bist100,948.8300170898438,Transition,0.0048525154159746,1,BUY,Transition BUY=0.00
2018-10-08,bist100,960.8678588867188,Transition,0.0043007983977133,1,BUY,Transition BUY=0.00
2018-10-09,bist100,967.3128662109376,Transition,0.000625549951156,1,BUY,Transition BUY=0.00
2018-10-10,bist100,944.4019775390624,Calm/Bull,0.0125567401290268,1,BUY,Calm/Bull low stress=0.01
2018-10-11,bist100,947.469970703125,Calm/Bull,0.0001779136384448,1,BUY,Calm/Bull low stress=0.00
2018-10-12,bist100,966.56884765625,Transition,0.2942074873187077,1,BUY,Transition BUY=0.29
2018-10-15,bist100,986.3077392578124,Transition,0.0021629655504287,1,BUY,Transition BUY=0.00
2018-10-16,bist100,984.6587524414062,Calm/Bull,0.000293674821217,1,BUY,Calm/Bull low stress=0.00
2018-10-17,bist100,989.9047241210938,Calm/Bull,0.0007959696292825,1,BUY,Calm/Bull low stress=0.00
2018-10-18,bist100,974.5347900390624,Calm/Bull,0.0048609038136632,1,BUY,Calm/Bull low stress=0.00
2018-10-19,bist100,964.5408935546876,Calm/Bull,0.0004155746870748,1,BUY,Calm/Bull low stress=0.00
2018-10-22,bist100,946.81201171875,Calm/Bull,0.0129366931734347,1,BUY,Calm/Bull low stress=0.01
2018-10-23,bist100,934.68505859375,Calm/Bull,0.0008554979398511,1,BUY,Calm/Bull low stress=0.00
2018-10-24,bist100,926.9170532226562,Calm/Bull,0.0012328575409657,1,BUY,Calm/Bull low stress=0.00
2018-10-25,bist100,937.4720458984376,Calm/Bull,0.0031368580073283,1,BUY,Calm/Bull low stress=0.00
2018-10-26,bist100,905.41015625,Stress/Bear,0.9089125359181848,-1,REDUCE,Stress rising=0.91↑
2018-10-30,bist100,899.9942626953125,Calm/Bull,0.0685259335769092,1,BUY,Calm/Bull low stress=0.07
2018-10-31,bist100,902.0022583007812,Calm/Bull,0.0455820962729685,1,BUY,Calm/Bull low stress=0.05
2018-11-01,bist100,923.869140625,Transition,0.0523695403361183,1,BUY,Transition BUY=0.05
2018-11-02,bist100,941.2249755859376,Transition,0.0110176819572608,1,BUY,Transition BUY=0.01
2018-11-05,bist100,959.471923828125,Transition,0.0659435664625311,1,BUY,Transition BUY=0.07
2018-11-06,bist100,947.27197265625,Calm/Bull,0.0560584121453283,1,BUY,Calm/Bull low stress=0.06
2018-11-07,bist100,954.9279174804688,Calm/Bull,0.0261444116947351,1,BUY,Calm/Bull low stress=0.03
2018-11-08,bist100,935.0570678710938,Calm/Bull,0.018961889958609,1,BUY,Calm/Bull low stress=0.02
2018-11-09,bist100,928.3870849609376,Calm/Bull,0.0010897576362393,1,BUY,Calm/Bull low stress=0.00
2018-11-12,bist100,914.4481811523438,Calm/Bull,0.0061273178571986,1,BUY,Calm/Bull low stress=0.01
2018-11-13,bist100,927.0810546875,Calm/Bull,0.0061984130576737,1,BUY,Calm/Bull low stress=0.01
2018-11-14,bist100,932.8670654296876,Calm/Bull,0.002993867306186,1,BUY,Calm/Bull low stress=0.00
2018-11-15,bist100,932.9630737304688,Calm/Bull,0.0012099144131176,1,BUY,Calm/Bull low stress=0.00
2018-11-16,bist100,936.1600341796876,Calm/Bull,0.0010292121234207,1,BUY,Calm/Bull low stress=0.00
2018-11-19,bist100,945.7039794921876,Calm/Bull,0.001242699948494,1,BUY,Calm/Bull low stress=0.00
2018-11-20,bist100,916.859130859375,Calm/Bull,0.2271668977538901,1,BUY,Calm/Bull low stress=0.23
2018-11-21,bist100,927.0750732421876,Calm/Bull,0.0019070510501777,1,BUY,Calm/Bull low stress=0.00
2018-11-22,bist100,926.2830810546876,Calm/Bull,0.0011866355661183,1,BUY,Calm/Bull low stress=0.00
2018-11-23,bist100,930.028076171875,Calm/Bull,0.0014062582008841,1,BUY,Calm/Bull low stress=0.00
2018-11-26,bist100,939.6190185546876,Calm/Bull,0.0009543348577013,1,BUY,Calm/Bull low stress=0.00
2018-11-27,bist100,935.1650390625,Calm/Bull,0.0002995619686648,1,BUY,Calm/Bull low stress=0.00
2018-11-28,bist100,940.7050170898438,Calm/Bull,0.0002573283041702,1,BUY,Calm/Bull low stress=0.00
2018-11-29,bist100,951.2509155273438,Calm/Bull,0.0002038965411531,1,BUY,Calm/Bull low stress=0.00
2018-11-30,bist100,954.1549072265624,Calm/Bull,0.0005710263027451,1,BUY,Calm/Bull low stress=0.00
2018-12-03,bist100,949.7399291992188,Calm/Bull,8.847457580776538e-05,1,BUY,Calm/Bull low stress=0.00
2018-12-04,bist100,938.7999877929688,Calm/Bull,0.0001204085830781,1,BUY,Calm/Bull low stress=0.00
2018-12-05,bist100,939.697021484375,Calm/Bull,2.6912520378457744e-05,1,BUY,Calm/Bull low stress=0.00
2018-12-06,bist100,928.26806640625,Calm/Bull,2.127236516102014e-05,1,BUY,Calm/Bull low stress=0.00
2018-12-07,bist100,936.9900512695312,Calm/Bull,3.692474977898001e-05,1,BUY,Calm/Bull low stress=0.00
2018-12-10,bist100,922.2681274414062,Calm/Bull,6.971856525346277e-05,1,BUY,Calm/Bull low stress=0.00
2018-12-11,bist100,918.0040893554688,Calm/Bull,1.0925947285975686e-05,1,BUY,Calm/Bull low stress=0.00
2018-12-12,bist100,900.5062255859375,Calm/Bull,0.0003154225887071,1,BUY,Calm/Bull low stress=0.00
2018-12-13,bist100,913.8601684570312,Calm/Bull,0.0001650737023514,1,BUY,Calm/Bull low stress=0.00
2018-12-14,bist100,905.2811889648438,Calm/Bull,0.0001040491472759,1,BUY,Calm/Bull low stress=0.00
2018-12-17,bist100,899.6142578125,Calm/Bull,6.956661479349445e-05,1,BUY,Calm/Bull low stress=0.00
2018-12-18,bist100,910.7362060546876,Calm/Bull,2.4266821908637332e-05,1,BUY,Calm/Bull low stress=0.00
2018-12-19,bist100,925.5220947265624,Calm/Bull,7.852728065169813e-05,1,BUY,Calm/Bull low stress=0.00
2018-12-20,bist100,918.5361328125,Calm/Bull,1.2524344241895544e-05,1,BUY,Calm/Bull low stress=0.00
2018-12-21,bist100,918.6030883789062,Calm/Bull,1.1119765791974456e-05,1,BUY,Calm/Bull low stress=0.00
2018-12-24,bist100,915.2640991210938,Calm/Bull,3.2116285426349984e-05,1,BUY,Calm/Bull low stress=0.00
2018-12-26,bist100,910.0171508789062,Calm/Bull,0.0001004594167596,1,BUY,Calm/Bull low stress=0.00
2018-12-27,bist100,909.7431640625,Calm/Bull,8.832839645064783e-06,1,BUY,Calm/Bull low stress=0.00
2018-12-28,bist100,904.3482055664062,Calm/Bull,1.1577980465493551e-05,1,BUY,Calm/Bull low stress=0.00
2018-12-31,bist100,912.7001953125,Calm/Bull,1.956095341373706e-05,1,BUY,Calm/Bull low stress=0.00
2019-01-02,bist100,888.6453247070312,Calm/Bull,0.001838331387485,1,BUY,Calm/Bull low stress=0.00
2019-01-03,bist100,873.9853515625,Calm/Bull,0.0002537422572979,1,BUY,Calm/Bull low stress=0.00
2019-01-04,bist100,888.3032836914062,Calm/Bull,0.0006989833573651,1,BUY,Calm/Bull low stress=0.00
2019-01-07,bist100,899.5062255859375,Calm/Bull,0.0002881698691564,1,BUY,Calm/Bull low stress=0.00
2019-01-08,bist100,906.9651489257812,Calm/Bull,0.0001788161667233,1,BUY,Calm/Bull low stress=0.00
2019-01-09,bist100,911.5641479492188,Calm/Bull,0.0002592681207929,1,BUY,Calm/Bull low stress=0.00
2019-01-10,bist100,911.9581909179688,Calm/Bull,0.000220043027875,1,BUY,Calm/Bull low stress=0.00
2019-01-11,bist100,916.8651123046876,Calm/Bull,3.934745152527557e-05,1,BUY,Calm/Bull low stress=0.00
2019-01-14,bist100,920.5331420898438,Calm/Bull,4.996001265590793e-05,1,BUY,Calm/Bull low stress=0.00
2019-01-15,bist100,931.72802734375,Calm/Bull,0.0002078120443295,1,BUY,Calm/Bull low stress=0.00
2019-01-16,bist100,954.1099243164062,Transition,0.0020169817460378,1,BUY,Transition BUY=0.00
2019-01-17,bist100,968.1688842773438,Transition,0.0029874442033649,1,BUY,Transition BUY=0.00
2019-01-18,bist100,984.5437622070312,Transition,0.0017519914362858,1,BUY,Transition BUY=0.00
2019-01-21,bist100,979.5468139648438,Calm/Bull,0.0056811388984406,1,BUY,Calm/Bull low stress=0.01
2019-01-22,bist100,996.7656860351562,Transition,0.0017755385580484,1,BUY,Transition BUY=0.00
2019-01-23,bist100,1001.4046630859376,Calm/Bull,0.0004273852876554,1,BUY,Calm/Bull low stress=0.00
2019-01-24,bist100,1017.7376098632812,Calm/Bull,0.0008199370979577,1,BUY,Calm/Bull low stress=0.00
2019-01-25,bist100,1018.0086059570312,Calm/Bull,0.0001552433684366,1,BUY,Calm/Bull low stress=0.00
2019-01-28,bist100,1012.8926391601562,Calm/Bull,0.0002712463339656,1,BUY,Calm/Bull low stress=0.00
2019-01-29,bist100,1040.978515625,Transition,0.0103169084994192,1,BUY,Transition BUY=0.01
2019-01-30,bist100,1041.8895263671875,Calm/Bull,8.064442342225956e-05,1,BUY,Calm/Bull low stress=0.00
2019-01-31,bist100,1040.7364501953125,Calm/Bull,0.0002296621310634,1,BUY,Calm/Bull low stress=0.00
2019-02-01,bist100,1029.365478515625,Calm/Bull,6.013598453496541e-05,1,BUY,Calm/Bull low stress=0.00
2019-02-04,bist100,1022.5445556640624,Calm/Bull,0.0001037929209744,1,BUY,Calm/Bull low stress=0.00
2019-02-05,bist100,1024.478515625,Calm/Bull,0.0002949767218153,1,BUY,Calm/Bull low stress=0.00
2019-02-06,bist100,1025.8375244140625,Calm/Bull,8.679636414693528e-05,1,BUY,Calm/Bull low stress=0.00
2019-02-07,bist100,1027.83447265625,Calm/Bull,7.685365290507437e-05,1,BUY,Calm/Bull low stress=0.00
2019-02-08,bist100,1024.511474609375,Calm/Bull,0.0001447149038374,1,BUY,Calm/Bull low stress=0.00
2019-02-11,bist100,1043.9415283203125,Calm/Bull,0.000605829681388,1,BUY,Calm/Bull low stress=0.00
2019-02-12,bist100,1037.6195068359375,Calm/Bull,0.0001163433210646,1,BUY,Calm/Bull low stress=0.00
2019-02-13,bist100,1016.45263671875,Calm/Bull,0.0055490073466732,1,BUY,Calm/Bull low stress=0.01
2019-02-14,bist100,1021.2945556640624,Calm/Bull,0.0002438861723854,1,BUY,Calm/Bull low stress=0.00
2019-02-15,bist100,1027.14453125,Calm/Bull,0.0001703923410934,1,BUY,Calm/Bull low stress=0.00
2019-02-18,bist100,1017.2796020507812,Calm/Bull,0.0001408477109534,1,BUY,Calm/Bull low stress=0.00
2019-02-19,bist100,1017.4156494140624,Calm/Bull,3.3951757128215274e-05,1,BUY,Calm/Bull low stress=0.00
2019-02-20,bist100,1019.7075805664062,Calm/Bull,2.9009487255460185e-05,1,BUY,Calm/Bull low stress=0.00
2019-02-21,bist100,1024.9344482421875,Calm/Bull,1.6955186918012216e-05,1,BUY,Calm/Bull low stress=0.00
2019-02-22,bist100,1031.8515625,Calm/Bull,1.3823427383450353e-05,1,BUY,Calm/Bull low stress=0.00
2019-02-25,bist100,1043.2955322265625,Calm/Bull,4.316549025956879e-05,1,BUY,Calm/Bull low stress=0.00
2019-02-26,bist100,1050.8173828125,Calm/Bull,1.1925061719946647e-06,1,BUY,Calm/Bull low stress=0.00
2019-02-27,bist100,1041.404541015625,Calm/Bull,3.3238142087918044e-06,1,BUY,Calm/Bull low stress=0.00
2019-02-28,bist100,1045.29345703125,Calm/Bull,1.28408860235601e-06,1,BUY,Calm/Bull low stress=0.00
2019-03-01,bist100,1032.6605224609375,Calm/Bull,3.2798127862250723e-06,1,BUY,Calm/Bull low stress=0.00
2019-03-04,bist100,1041.927490234375,Calm/Bull,1.6137889372166815e-06,1,BUY,Calm/Bull low stress=0.00
2019-03-05,bist100,1037.300537109375,Calm/Bull,2.989488825981429e-05,1,BUY,Calm/Bull low stress=0.00
2019-03-06,bist100,1034.5235595703125,Calm/Bull,2.5476424635070106e-06,1,BUY,Calm/Bull low stress=0.00
2019-03-07,bist100,1022.8215942382812,Calm/Bull,1.0281941301578364e-05,1,BUY,Calm/Bull low stress=0.00
2019-03-08,bist100,1015.3776245117188,Calm/Bull,1.1560029643657964e-05,1,BUY,Calm/Bull low stress=0.00
2019-03-11,bist100,1008.4986572265624,Calm/Bull,2.043253774259191e-06,1,BUY,Calm/Bull low stress=0.00
2019-03-12,bist100,1017.2056274414062,Calm/Bull,2.7632902576850997e-06,1,BUY,Calm/Bull low stress=0.00
2019-03-13,bist100,1021.9605712890624,Calm/Bull,8.638179055395758e-08,1,BUY,Calm/Bull low stress=0.00
2019-03-14,bist100,1024.3175048828125,Calm/Bull,5.1178486076429596e-08,1,BUY,Calm/Bull low stress=0.00
2019-03-15,bist100,1033.0355224609375,Calm/Bull,1.727860872440799e-07,1,BUY,Calm/Bull low stress=0.00
2019-03-18,bist100,1045.9415283203125,Calm/Bull,3.736559293784941e-07,1,BUY,Calm/Bull low stress=0.00
2019-03-19,bist100,1048.6103515625,Calm/Bull,6.417200092036511e-07,1,BUY,Calm/Bull low stress=0.00
2019-03-20,bist100,1033.0965576171875,Calm/Bull,9.075495211696672e-06,1,BUY,Calm/Bull low stress=0.00
2019-03-21,bist100,1034.072509765625,Calm/Bull,1.5064175543946047e-06,1,BUY,Calm/Bull low stress=0.00
2019-03-22,bist100,998.3477172851562,Stress/Bear,0.9488807136987618,-1,REDUCE,Stress rising=0.95↑
2019-03-25,bist100,993.2537231445312,Calm/Bull,0.0002748869597938,1,BUY,Calm/Bull low stress=0.00
2019-03-26,bist100,973.7808227539062,Calm/Bull,0.0228770451176613,1,BUY,Calm/Bull low stress=0.02
2019-03-27,bist100,918.546142578125,Stress/Bear,1.0,-1,REDUCE,Stress rising=1.00↑
2019-03-28,bist100,921.1981201171876,Stress/Bear,0.9990281735334492,1,BUY,Stress peak fading=1.00↓
2019-03-29,bist100,937.8369750976562,Stress/Bear,0.6047146860503336,-1,REDUCE,Stress/Bear active=0.60
2019-04-01,bist100,941.0079956054688,Stress/Bear,0.851242132407624,-1,REDUCE,Stress rising=0.85↑
2019-04-02,bist100,935.3260498046876,Calm/Bull,0.0100426413618759,1,BUY,Calm/Bull low stress=0.01
2019-04-03,bist100,944.406005859375,Calm/Bull,0.0164468343565316,1,BUY,Calm/Bull low stress=0.02
2019-04-04,bist100,983.3638305664062,Stress/Bear,0.9660118195114388,-1,REDUCE,Stress rising=0.97↑
2019-04-05,bist100,987.8287353515624,Calm/Bull,0.0243806637618467,1,BUY,Calm/Bull low stress=0.02
2019-04-08,bist100,969.7778930664062,Calm/Bull,0.3341651620458577,1,BUY,Calm/Bull low stress=0.33
2019-04-09,bist100,981.3478393554688,Calm/Bull,0.0310837249582057,1,BUY,Calm/Bull low stress=0.03
2019-04-10,bist100,970.1448974609376,Calm/Bull,0.0296378999709896,1,BUY,Calm/Bull low stress=0.03
2019-04-11,bist100,960.724853515625,Calm/Bull,0.0144122108235274,1,BUY,Calm/Bull low stress=0.01
2019-04-12,bist100,959.762939453125,Calm/Bull,0.0224214297115413,1,BUY,Calm/Bull low stress=0.02
2019-04-15,bist100,951.9119262695312,Calm/Bull,0.0307743756512584,1,BUY,Calm/Bull low stress=0.03
2019-04-16,bist100,968.0848999023438,Calm/Bull,0.049612390610505,1,BUY,Calm/Bull low stress=0.05
2019-04-17,bist100,982.0267944335938,Calm/Bull,0.0146350409170066,1,BUY,Calm/Bull low stress=0.01
2019-04-18,bist100,968.85986328125,Calm/Bull,0.0309680333471308,1,BUY,Calm/Bull low stress=0.03
2019-04-19,bist100,968.60888671875,Stress/Bear,0.9617553947051682,-1,REDUCE,Stress rising=0.96↑
2019-04-22,bist100,959.52294921875,Calm/Bull,0.1093289446931367,1,BUY,Calm/Bull low stress=0.11
2019-04-24,bist100,961.4168701171876,Calm/Bull,0.0123856607607136,1,BUY,Calm/Bull low stress=0.01
2019-04-25,bist100,944.97998046875,Calm/Bull,0.0061292135604431,1,BUY,Calm/Bull low stress=0.01
2019-04-26,bist100,947.8259887695312,Calm/Bull,0.0005149729770807,1,BUY,Calm/Bull low stress=0.00
2019-04-29,bist100,945.3460083007812,Calm/Bull,0.0007407071069372,1,BUY,Calm/Bull low stress=0.00
2019-04-30,bist100,954.1509399414062,Calm/Bull,0.0016670470883468,1,BUY,Calm/Bull low stress=0.00
2019-05-02,bist100,941.7890014648438,Calm/Bull,0.000825546887663,1,BUY,Calm/Bull low stress=0.00
2019-05-03,bist100,939.4559936523438,Calm/Bull,0.0002820291118767,1,BUY,Calm/Bull low stress=0.00
2019-05-06,bist100,929.8180541992188,Calm/Bull,1.919976205757433e-05,1,BUY,Calm/Bull low stress=0.00
2019-05-07,bist100,914.8201293945312,Calm/Bull,0.0002907841924469,1,BUY,Calm/Bull low stress=0.00
2019-05-08,bist100,902.7172241210938,Calm/Bull,0.000126998899943,1,BUY,Calm/Bull low stress=0.00
2019-05-09,bist100,886.8543090820312,Calm/Bull,9.493895966167703e-05,1,BUY,Calm/Bull low stress=0.00
2019-05-10,bist100,885.3292846679688,Calm/Bull,5.8534478346430987e-05,1,BUY,Calm/Bull low stress=0.00
2019-05-13,bist100,862.8204345703125,Calm/Bull,0.2501688052828338,1,BUY,Calm/Bull low stress=0.25
2019-05-14,bist100,880.2243041992188,Transition,0.0085180465560171,1,BUY,Transition BUY=0.01
2019-05-15,bist100,873.7993774414062,Calm/Bull,0.0003812249983489,1,BUY,Calm/Bull low stress=0.00
2019-05-16,bist100,872.0343627929688,Calm/Bull,0.0001208619604523,1,BUY,Calm/Bull low stress=0.00
2019-05-17,bist100,867.9564208984375,Calm/Bull,0.0001035551952546,1,BUY,Calm/Bull low stress=0.00
2019-05-20,bist100,867.71044921875,Calm/Bull,0.0001463466202397,1,BUY,Calm/Bull low stress=0.00
2019-05-21,bist100,853.0914916992188,Calm/Bull,0.0003870550806424,1,BUY,Calm/Bull low stress=0.00
2019-05-22,bist100,836.74853515625,Calm/Bull,0.0003295554136022,1,BUY,Calm/Bull low stress=0.00
2019-05-23,bist100,845.9574584960938,Calm/Bull,0.0003809953841016,1,BUY,Calm/Bull low stress=0.00
2019-05-24,bist100,860.7184448242188,Transition,0.0015061978048344,1,BUY,Transition BUY=0.00
2019-05-27,bist100,855.449462890625,Calm/Bull,0.0003605023857824,1,BUY,Calm/Bull low stress=0.00
2019-05-28,bist100,867.7714233398438,Calm/Bull,0.0028364997410257,1,BUY,Calm/Bull low stress=0.00
2019-05-29,bist100,871.8583374023438,Calm/Bull,0.0033114374492687,1,BUY,Calm/Bull low stress=0.00
2019-05-30,bist100,900.1112670898438,Transition,0.1433153047742493,1,BUY,Transition BUY=0.14
2019-05-31,bist100,905.8921508789062,Calm/Bull,0.0130687395407261,1,BUY,Calm/Bull low stress=0.01
2019-06-03,bist100,903.451171875,Stress/Bear,0.588747163302595,-1,REDUCE,Stress/Bear active=0.59
2019-06-07,bist100,938.0859985351562,Stress/Bear,0.9487837891374028,-1,REDUCE,Stress rising=0.95↑
2019-06-10,bist100,941.0260009765624,Calm/Bull,0.0326764746137535,1,BUY,Calm/Bull low stress=0.03
2019-06-11,bist100,928.2510375976562,Calm/Bull,0.0077645628248022,1,BUY,Calm/Bull low stress=0.01
2019-06-12,bist100,926.0531005859376,Calm/Bull,0.0016240080663203,1,BUY,Calm/Bull low stress=0.00
2019-06-13,bist100,905.0101928710938,Calm/Bull,0.013266625538079,1,BUY,Calm/Bull low stress=0.01
2019-06-14,bist100,907.8651733398438,Calm/Bull,0.0031752800900632,1,BUY,Calm/Bull low stress=0.00
2019-06-17,bist100,922.4931030273438,Transition,0.0206992146772058,1,BUY,Transition BUY=0.02
2019-06-18,bist100,942.1820068359376,Transition,0.0106419051846244,1,BUY,Transition BUY=0.01
2019-06-19,bist100,942.4359741210938,Calm/Bull,0.0046191269993489,1,BUY,Calm/Bull low stress=0.00
2019-06-20,bist100,941.572021484375,Transition,0.0237012522763139,1,BUY,Transition BUY=0.02
2019-06-21,bist100,940.218017578125,Calm/Bull,0.0015389777810458,1,BUY,Calm/Bull low stress=0.00
2019-06-24,bist100,951.8199462890624,Calm/Bull,0.0017241877039607,1,BUY,Calm/Bull low stress=0.00
2019-06-25,bist100,954.2059326171876,Calm/Bull,0.0011325685305347,1,BUY,Calm/Bull low stress=0.00
2019-06-26,bist100,948.3070068359376,Calm/Bull,0.0006715456897917,1,BUY,Calm/Bull low stress=0.00
2019-06-27,bist100,955.7259521484376,Calm/Bull,0.0007492923667178,1,BUY,Calm/Bull low stress=0.00
2019-06-28,bist100,964.847900390625,Calm/Bull,0.0005572242915872,1,BUY,Calm/Bull low stress=0.00
2019-07-01,bist100,997.3516845703124,Transition,0.0302982590952828,1,BUY,Transition BUY=0.03
2019-07-02,bist100,1002.0046997070312,Calm/Bull,0.0011628690073617,1,BUY,Calm/Bull low stress=0.00
2019-07-03,bist100,993.6277465820312,Calm/Bull,0.0015364389807654,1,BUY,Calm/Bull low stress=0.00
2019-07-04,bist100,993.8167724609376,Calm/Bull,0.0011467130385671,1,BUY,Calm/Bull low stress=0.00
2019-07-05,bist100,996.3427124023438,Calm/Bull,5.766565914577033e-05,1,BUY,Calm/Bull low stress=0.00
2019-07-08,bist100,986.94873046875,Calm/Bull,0.0001247345963083,1,BUY,Calm/Bull low stress=0.00
2019-07-09,bist100,968.1068725585938,Calm/Bull,0.0014655123034741,1,BUY,Calm/Bull low stress=0.00
2019-07-10,bist100,985.8477783203124,Transition,0.0071742255864576,1,BUY,Transition BUY=0.01
2019-07-11,bist100,994.0587768554688,Calm/Bull,8.89445608033547e-05,1,BUY,Calm/Bull low stress=0.00
2019-07-12,bist100,970.9778442382812,Calm/Bull,0.0464373887759192,1,BUY,Calm/Bull low stress=0.05
2019-07-16,bist100,980.27978515625,Calm/Bull,0.0002922520128642,1,BUY,Calm/Bull low stress=0.00
2019-07-17,bist100,998.0567016601562,Transition,0.0018020888462333,1,BUY,Transition BUY=0.00
2019-07-18,bist100,1015.6576538085938,Transition,0.0037378686493129,1,BUY,Transition BUY=0.00
2019-07-19,bist100,1018.486572265625,Calm/Bull,0.0001831372188952,1,BUY,Calm/Bull low stress=0.00
2019-07-22,bist100,1010.8816528320312,Calm/Bull,0.0008428777451037,1,BUY,Calm/Bull low stress=0.00
2019-07-23,bist100,1025.5565185546875,Calm/Bull,0.0017038890600642,1,BUY,Calm/Bull low stress=0.00
2019-07-24,bist100,1034.5675048828125,Calm/Bull,0.0005206290487534,1,BUY,Calm/Bull low stress=0.00
2019-07-25,bist100,1020.444580078125,Calm/Bull,0.0029677700945716,1,BUY,Calm/Bull low stress=0.00
2019-07-26,bist100,1028.366455078125,Calm/Bull,0.0008019048821985,1,BUY,Calm/Bull low stress=0.00
2019-07-29,bist100,1033.7254638671875,Calm/Bull,0.0004115670244471,1,BUY,Calm/Bull low stress=0.00
2019-07-30,bist100,1026.85546875,Calm/Bull,5.1525298674226e-05,1,BUY,Calm/Bull low stress=0.00
2019-07-31,bist100,1020.819580078125,Calm/Bull,5.149034343259295e-05,1,BUY,Calm/Bull low stress=0.00
2019-08-01,bist100,1018.99755859375,Calm/Bull,4.221943208693312e-05,1,BUY,Calm/Bull low stress=0.00
2019-08-02,bist100,996.7886962890624,Calm/Bull,0.0010005085363245,1,BUY,Calm/Bull low stress=0.00
2019-08-05,bist100,986.7277221679688,Calm/Bull,0.0004158192393575,1,BUY,Calm/Bull low stress=0.00
2019-08-06,bist100,995.8327026367188,Calm/Bull,0.0005009264394379,1,BUY,Calm/Bull low stress=0.00
2019-08-07,bist100,980.559814453125,Calm/Bull,0.0010254720947231,1,BUY,Calm/Bull low stress=0.00
2019-08-08,bist100,992.0797729492188,Calm/Bull,0.0003876727330566,1,BUY,Calm/Bull low stress=0.00
2019-08-09,bist100,994.0447387695312,Calm/Bull,6.231033004700054e-05,1,BUY,Calm/Bull low stress=0.00
2019-08-15,bist100,965.7818603515624,Calm/Bull,0.002823958277451,1,BUY,Calm/Bull low stress=0.00
2019-08-16,bist100,957.3369140625,Calm/Bull,0.0002263339926398,1,BUY,Calm/Bull low stress=0.00
2019-08-19,bist100,952.85693359375,Calm/Bull,7.219724946258759e-05,1,BUY,Calm/Bull low stress=0.00
2019-08-20,bist100,960.3129272460938,Calm/Bull,0.0001127297540601,1,BUY,Calm/Bull low stress=0.00
2019-08-21,bist100,955.2159423828124,Calm/Bull,9.225914209637968e-05,1,BUY,Calm/Bull low stress=0.00
2019-08-22,bist100,953.9369506835938,Calm/Bull,5.2317178184299205e-05,1,BUY,Calm/Bull low stress=0.00
2019-08-23,bist100,971.48486328125,Transition,0.0022577245534423,1,BUY,Transition BUY=0.00
2019-08-26,bist100,971.0078735351562,Calm/Bull,0.0002026351371772,1,BUY,Calm/Bull low stress=0.00
2019-08-27,bist100,960.2999267578124,Calm/Bull,0.0001154530677046,1,BUY,Calm/Bull low stress=0.00
2019-08-28,bist100,959.0789184570312,Calm/Bull,7.772948232282063e-05,1,BUY,Calm/Bull low stress=0.00
2019-08-29,bist100,967.1798706054688,Calm/Bull,0.0001249895598867,1,BUY,Calm/Bull low stress=0.00
2019-09-02,bist100,983.423828125,Transition,0.0011204598306966,1,BUY,Transition BUY=0.00
2019-09-03,bist100,988.2557373046876,Transition,0.0044396375447978,1,BUY,Transition BUY=0.00
2019-09-04,bist100,1000.7697143554688,Transition,0.0082112261106059,1,BUY,Transition BUY=0.01
2019-09-05,bist100,1002.7786865234376,Calm/Bull,0.0012752362462417,1,BUY,Calm/Bull low stress=0.00
2019-09-06,bist100,989.8697509765624,Calm/Bull,0.000270876537971,1,BUY,Calm/Bull low stress=0.00
2019-09-09,bist100,1006.044677734375,Calm/Bull,0.0003149798729036,1,BUY,Calm/Bull low stress=0.00
2019-09-10,bist100,1012.1236572265624,Calm/Bull,0.0001150549435452,1,BUY,Calm/Bull low stress=0.00
2019-09-11,bist100,1019.216552734375,Calm/Bull,5.0455854426486706e-05,1,BUY,Calm/Bull low stress=0.00
2019-09-12,bist100,1024.467529296875,Calm/Bull,7.341488464435583e-05,1,BUY,Calm/Bull low stress=0.00
2019-09-13,bist100,1030.7125244140625,Calm/Bull,1.560276260539001e-06,1,BUY,Calm/Bull low stress=0.00
2019-09-16,bist100,1025.8914794921875,Calm/Bull,7.987840453954018e-07,1,BUY,Calm/Bull low stress=0.00
2019-09-17,bist100,1014.4686279296876,Calm/Bull,4.064971688938227e-06,1,BUY,Calm/Bull low stress=0.00
2019-09-18,bist100,1019.2955932617188,Calm/Bull,1.8640712187520925e-06,1,BUY,Calm/Bull low stress=0.00
2019-09-19,bist100,1003.3826904296876,Calm/Bull,2.7270544235587543e-05,1,BUY,Calm/Bull low stress=0.00
2019-09-20,bist100,1002.3616943359376,Calm/Bull,1.6927658279629956e-05,1,BUY,Calm/Bull low stress=0.00
2019-09-23,bist100,1000.20166015625,Calm/Bull,1.6879043067415218e-06,1,BUY,Calm/Bull low stress=0.00
2019-09-24,bist100,1018.4635620117188,Calm/Bull,1.8625685381620936e-05,1,BUY,Calm/Bull low stress=0.00
2019-09-25,bist100,1026.178466796875,Calm/Bull,2.219758684307595e-06,1,BUY,Calm/Bull low stress=0.00
2019-09-26,bist100,1019.3975830078124,Calm/Bull,4.5142168909106e-06,1,BUY,Calm/Bull low stress=0.00
2019-09-27,bist100,1051.516357421875,Transition,0.0029650551007129,1,BUY,Transition BUY=0.00
2019-09-30,bist100,1050.3243408203125,Calm/Bull,9.447093624196768e-05,1,BUY,Calm/Bull low stress=0.00
2019-10-01,bist100,1038.760498046875,Calm/Bull,0.0002142772944143,1,BUY,Calm/Bull low stress=0.00
2019-10-02,bist100,1035.0865478515625,Calm/Bull,3.643109381126689e-05,1,BUY,Calm/Bull low stress=0.00
2019-10-03,bist100,1027.8375244140625,Calm/Bull,0.0014887930704036,1,BUY,Calm/Bull low stress=0.00
2019-10-04,bist100,1034.6295166015625,Calm/Bull,4.458742186275248e-05,1,BUY,Calm/Bull low stress=0.00
2019-10-07,bist100,1029.926513671875,Calm/Bull,0.0003191789569816,1,BUY,Calm/Bull low stress=0.00
2019-10-08,bist100,1018.5875854492188,Calm/Bull,0.0002779999960224,1,BUY,Calm/Bull low stress=0.00
2019-10-09,bist100,996.481689453125,Calm/Bull,0.0063885023702307,1,BUY,Calm/Bull low stress=0.01
2019-10-10,bist100,987.7987670898438,Calm/Bull,0.0023987685256978,1,BUY,Calm/Bull low stress=0.00
2019-10-11,bist100,990.2727661132812,Calm/Bull,0.0003839460340812,1,BUY,Calm/Bull low stress=0.00
2019-10-14,bist100,939.8090209960938,Stress/Bear,0.9999979579779672,-1,REDUCE,Stress rising=1.00↑
2019-10-15,bist100,952.5709228515624,Calm/Bull,0.1728446660330785,1,BUY,Calm/Bull low stress=0.17
2019-10-16,bist100,941.3670043945312,Calm/Bull,0.0151413286080532,1,BUY,Calm/Bull low stress=0.02
2019-10-17,bist100,948.9569702148438,Calm/Bull,0.062925711353002,1,BUY,Calm/Bull low stress=0.06
2019-10-18,bist100,984.1477661132812,Stress/Bear,0.7359831349996655,-1,REDUCE,Stress rising=0.74↑
2019-10-21,bist100,973.2348022460938,Calm/Bull,0.0328914589608659,1,BUY,Calm/Bull low stress=0.03
2019-10-22,bist100,978.8588256835938,Calm/Bull,0.0049908251496723,1,BUY,Calm/Bull low stress=0.00
2019-10-23,bist100,997.8466796875,Calm/Bull,0.0330893613545649,1,BUY,Calm/Bull low stress=0.03
2019-10-24,bist100,1003.45068359375,Calm/Bull,0.033233637778832,1,BUY,Calm/Bull low stress=0.03
2019-10-25,bist100,1002.1546630859376,Calm/Bull,0.0110163758072362,1,BUY,Calm/Bull low stress=0.01
2019-10-28,bist100,998.377685546875,Calm/Bull,0.1293130714686944,1,BUY,Calm/Bull low stress=0.13
2019-10-30,bist100,986.9147338867188,Calm/Bull,0.0101483277843482,1,BUY,Calm/Bull low stress=0.01
2019-10-31,bist100,984.6797485351562,Calm/Bull,0.00338570212066,1,BUY,Calm/Bull low stress=0.00
2019-11-01,bist100,984.6217651367188,Calm/Bull,0.0026283427627877,1,BUY,Calm/Bull low stress=0.00
2019-11-04,bist100,1000.8726806640624,Calm/Bull,0.0068076967526867,1,BUY,Calm/Bull low stress=0.01
2019-11-05,bist100,1005.2476806640624,Calm/Bull,0.0072643809751391,1,BUY,Calm/Bull low stress=0.01
2019-11-06,bist100,1011.431640625,Calm/Bull,0.00246583957724,1,BUY,Calm/Bull low stress=0.00
2019-11-07,bist100,1035.4384765625,Calm/Bull,0.0366205310067044,1,BUY,Calm/Bull low stress=0.04
2019-11-08,bist100,1031.5264892578125,Calm/Bull,0.017953753744462,1,BUY,Calm/Bull low stress=0.02
2019-11-11,bist100,1031.1795654296875,Calm/Bull,0.0011671626095938,1,BUY,Calm/Bull low stress=0.00
2019-11-12,bist100,1039.718505859375,Calm/Bull,0.0006679854047678,1,BUY,Calm/Bull low stress=0.00
2019-11-13,bist100,1048.2763671875,Calm/Bull,0.0001065717610051,1,BUY,Calm/Bull low stress=0.00
2019-11-14,bist100,1037.800537109375,Calm/Bull,0.0002472009614533,1,BUY,Calm/Bull low stress=0.00
2019-11-15,bist100,1053.7913818359375,Calm/Bull,0.0001748227118009,1,BUY,Calm/Bull low stress=0.00
2019-11-18,bist100,1068.4564208984375,Calm/Bull,3.001665899703005e-05,1,BUY,Calm/Bull low stress=0.00
2019-11-19,bist100,1075.28125,Calm/Bull,5.192652665297204e-06,1,BUY,Calm/Bull low stress=0.00
2019-11-20,bist100,1067.8453369140625,Calm/Bull,2.5169748997171108e-05,1,BUY,Calm/Bull low stress=0.00
2019-11-21,bist100,1068.04638671875,Calm/Bull,1.9624624140461905e-06,1,BUY,Calm/Bull low stress=0.00
2019-11-22,bist100,1065.87841796875,Calm/Bull,1.4048656318919975e-06,1,BUY,Calm/Bull low stress=0.00
2019-11-25,bist100,1053.8193359375,Calm/Bull,7.587901688627905e-05,1,BUY,Calm/Bull low stress=0.00
2019-11-26,bist100,1059.825439453125,Calm/Bull,8.113380074723373e-06,1,BUY,Calm/Bull low stress=0.00
2019-11-27,bist100,1058.4364013671875,Calm/Bull,1.5773493892203374e-06,1,BUY,Calm/Bull low stress=0.00
2019-11-28,bist100,1071.2562255859375,Calm/Bull,3.5518309154954063e-06,1,BUY,Calm/Bull low stress=0.00
2019-11-29,bist100,1069.0313720703125,Calm/Bull,1.6612624048097318e-06,1,BUY,Calm/Bull low stress=0.00
2019-12-02,bist100,1080.0372314453125,Calm/Bull,2.207670923646275e-06,1,BUY,Calm/Bull low stress=0.00
2019-12-03,bist100,1067.8934326171875,Calm/Bull,1.8991688397305216e-05,1,BUY,Calm/Bull low stress=0.00
2019-12-04,bist100,1077.0072021484375,Calm/Bull,2.4588315499551623e-06,1,BUY,Calm/Bull low stress=0.00
2019-12-05,bist100,1086.584228515625,Calm/Bull,8.445982484364335e-07,1,BUY,Calm/Bull low stress=0.00
2019-12-06,bist100,1088.685302734375,Calm/Bull,4.193072819324373e-07,1,BUY,Calm/Bull low stress=0.00
2019-12-09,bist100,1087.855224609375,Calm/Bull,6.067607196112725e-07,1,BUY,Calm/Bull low stress=0.00
2019-12-10,bist100,1080.1092529296875,Calm/Bull,6.57133883403584e-07,1,BUY,Calm/Bull low stress=0.00
2019-12-11,bist100,1079.2113037109375,Calm/Bull,3.24140633461268e-07,1,BUY,Calm/Bull low stress=0.00
2019-12-12,bist100,1101.14111328125,Calm/Bull,8.217125973336959e-06,1,BUY,Calm/Bull low stress=0.00
2019-12-13,bist100,1104.7601318359375,Calm/Bull,1.1226359951353595e-06,1,BUY,Calm/Bull low stress=0.00
2019-12-16,bist100,1111.2491455078125,Calm/Bull,2.1497973751482433e-07,1,BUY,Calm/Bull low stress=0.00
2019-12-17,bist100,1110.731201171875,Calm/Bull,5.006145755111334e-07,1,BUY,Calm/Bull low stress=0.00
2019-12-18,bist100,1105.7410888671875,Calm/Bull,5.104735167669089e-07,1,BUY,Calm/Bull low stress=0.00
2019-12-19,bist100,1105.9881591796875,Calm/Bull,1.1665946402758356e-07,1,BUY,Calm/Bull low stress=0.00
2019-12-20,bist100,1111.7620849609375,Calm/Bull,1.265934287762609e-07,1,BUY,Calm/Bull low stress=0.00
2019-12-23,bist100,1121.7459716796875,Calm/Bull,2.1640197768754565e-07,1,BUY,Calm/Bull low stress=0.00
2019-12-24,bist100,1131.529052734375,Calm/Bull,1.225730394084615e-07,1,BUY,Calm/Bull low stress=0.00
2019-12-26,bist100,1136.5240478515625,Calm/Bull,4.1782812291976344e-08,1,BUY,Calm/Bull low stress=0.00
2019-12-27,bist100,1136.830078125,Calm/Bull,2.9989799338197735e-08,1,BUY,Calm/Bull low stress=0.00
2019-12-30,bist100,1147.533935546875,Calm/Bull,3.16818732448849e-08,1,BUY,Calm/Bull low stress=0.00
2019-12-31,bist100,1144.243896484375,Calm/Bull,1.7564983476134928e-08,1,BUY,Calm/Bull low stress=0.00
2020-01-02,bist100,1159.31494140625,Calm/Bull,1.3859970380281697e-08,1,BUY,Calm/Bull low stress=0.00
2020-01-03,bist100,1136.833984375,Calm/Bull,1.358866918425101e-05,1,BUY,Calm/Bull low stress=0.00
2020-01-06,bist100,1114.12109375,Calm/Bull,1.1147015693768556e-05,1,BUY,Calm/Bull low stress=0.00
2020-01-07,bist100,1125.9930419921875,Calm/Bull,7.819587513268234e-06,1,BUY,Calm/Bull low stress=0.00
2020-01-08,bist100,1128.7550048828125,Calm/Bull,4.2179338279663325e-05,1,BUY,Calm/Bull low stress=0.00
2020-01-09,bist100,1179.8988037109375,Transition,0.0956444705539014,1,BUY,Transition BUY=0.10
2020-01-10,bist100,1186.630615234375,Calm/Bull,0.0009988846717426,1,BUY,Calm/Bull low stress=0.00
2020-01-13,bist100,1202.483642578125,Calm/Bull,0.0019604263614811,1,BUY,Calm/Bull low stress=0.00
2020-01-14,bist100,1214.2265625,Calm/Bull,0.0067496356880451,1,BUY,Calm/Bull low stress=0.01
2020-01-15,bist100,1209.3814697265625,Calm/Bull,0.0054349013684748,1,BUY,Calm/Bull low stress=0.01
2020-01-16,bist100,1210.0025634765625,Calm/Bull,0.0006726390123793,1,BUY,Calm/Bull low stress=0.00
2020-01-17,bist100,1214.7415771484375,Calm/Bull,0.0008893032012415,1,BUY,Calm/Bull low stress=0.00
2020-01-20,bist100,1226.1915283203125,Calm/Bull,0.0008865892504603,1,BUY,Calm/Bull low stress=0.00
2020-01-21,bist100,1235.554443359375,Calm/Bull,0.0023926607038684,1,BUY,Calm/Bull low stress=0.00
2020-01-22,bist100,1227.4644775390625,Calm/Bull,0.0012803657387256,1,BUY,Calm/Bull low stress=0.00
2020-01-23,bist100,1225.3955078125,Calm/Bull,0.0008937993385751,1,BUY,Calm/Bull low stress=0.00
2020-01-24,bist100,1221.4114990234375,Calm/Bull,0.0367076085509681,1,BUY,Calm/Bull low stress=0.04
2020-01-27,bist100,1201.4906005859375,Calm/Bull,0.0046862544685664,1,BUY,Calm/Bull low stress=0.00
2020-01-28,bist100,1198.0096435546875,Calm/Bull,0.0017952337859428,1,BUY,Calm/Bull low stress=0.00
2020-01-29,bist100,1196.888671875,Calm/Bull,0.0018361108788814,1,BUY,Calm/Bull low stress=0.00
2020-01-30,bist100,1198.4906005859375,Calm/Bull,0.0012477328678277,1,BUY,Calm/Bull low stress=0.00
2020-01-31,bist100,1191.3946533203125,Calm/Bull,0.0032235636980824,1,BUY,Calm/Bull low stress=0.00
2020-02-03,bist100,1192.421630859375,Calm/Bull,0.0007206501622921,1,BUY,Calm/Bull low stress=0.00
2020-02-04,bist100,1221.3555908203125,Calm/Bull,0.0366849924059794,1,BUY,Calm/Bull low stress=0.04
2020-02-05,bist100,1223.2015380859375,Calm/Bull,0.0004399228843047,1,BUY,Calm/Bull low stress=0.00
2020-02-06,bist100,1222.83251953125,Calm/Bull,2.013746264898507e-06,1,BUY,Calm/Bull low stress=0.00
2020-02-07,bist100,1210.14453125,Calm/Bull,1.1682431245680214e-05,1,BUY,Calm/Bull low stress=0.00
2020-02-10,bist100,1183.4088134765625,Stress/Bear,0.6351185629482861,-1,REDUCE,Stress/Bear active=0.64
2020-02-11,bist100,1197.9716796875,Calm/Bull,0.0005590663384535,1,BUY,Calm/Bull low stress=0.00
2020-02-12,bist100,1200.480712890625,Calm/Bull,5.314808182329441e-05,1,BUY,Calm/Bull low stress=0.00
2020-02-13,bist100,1205.398681640625,Calm/Bull,1.9030376152540433e-05,1,BUY,Calm/Bull low stress=0.00
2020-02-14,bist100,1201.5076904296875,Calm/Bull,1.7636349880558183e-05,1,BUY,Calm/Bull low stress=0.00
2020-02-17,bist100,1207.91259765625,Calm/Bull,3.230300991154165e-05,1,BUY,Calm/Bull low stress=0.00
2020-02-18,bist100,1195.734619140625,Calm/Bull,3.468485307091222e-05,1,BUY,Calm/Bull low stress=0.00
2020-02-19,bist100,1191.9547119140625,Calm/Bull,2.3483824168637795e-05,1,BUY,Calm/Bull low stress=0.00
2020-02-20,bist100,1156.4139404296875,Stress/Bear,0.7261473860438591,-1,REDUCE,Stress rising=0.73↑
2020-02-21,bist100,1168.2877197265625,Calm/Bull,0.0144201709572358,1,BUY,Calm/Bull low stress=0.01
2020-02-24,bist100,1147.8858642578125,Calm/Bull,0.0012979993220276,1,BUY,Calm/Bull low stress=0.00
2020-02-25,bist100,1143.638916015625,Calm/Bull,0.0004506668171476,1,BUY,Calm/Bull low stress=0.00
2020-02-26,bist100,1151.7069091796875,Calm/Bull,0.0011464399598988,1,BUY,Calm/Bull low stress=0.00
2020-02-27,bist100,1104.1781005859375,Stress/Bear,0.9357433336140872,-1,REDUCE,Stress rising=0.94↑
2020-02-28,bist100,1059.931396484375,Stress/Bear,1.0,-1,REDUCE,Stress rising=1.00↑
2020-03-02,bist100,1073.09326171875,Stress/Bear,0.7589368298934575,1,BUY,Stress peak fading=0.76↓
2020-03-03,bist100,1112.067138671875,Stress/Bear,0.5783707076219253,-1,REDUCE,Stress/Bear active=0.58
2020-03-04,bist100,1107.84814453125,Calm/Bull,0.0112013939386783,1,BUY,Calm/Bull low stress=0.01
2020-03-05,bist100,1118.14501953125,Calm/Bull,0.0283720724321591,1,BUY,Calm/Bull low stress=0.03
2020-03-06,bist100,1095.9991455078125,Stress/Bear,0.9977278244053132,-1,REDUCE,Stress rising=1.00↑
2020-03-09,bist100,1035.2344970703125,Stress/Bear,0.9999999107643274,-1,REDUCE,Stress rising=1.00↑
2020-03-10,bist100,1010.61962890625,Stress/Bear,0.9999999999565024,-1,REDUCE,Stress rising=1.00↑
2020-03-11,bist100,1009.6576538085938,Stress/Bear,0.999833148137323,1,BUY,Stress peak fading=1.00↓
2020-03-12,bist100,936.3900756835938,Stress/Bear,1.0,-1,REDUCE,Stress rising=1.00↑
2020-03-13,bist100,956.0469360351562,Stress/Bear,1.0,-1,REDUCE,Stress rising=1.00↑
2020-03-16,bist100,878.8783569335938,Stress/Bear,1.0,-1,REDUCE,Stress rising=1.00↑
2020-03-17,bist100,867.7723999023438,Stress/Bear,1.0,-1,REDUCE,Stress rising=1.00↑
2020-03-18,bist100,855.761474609375,Stress/Bear,0.9999999999999218,1,BUY,Stress peak fading=1.00↓
2020-03-19,bist100,851.949462890625,Stress/Bear,0.9999999991577226,1,BUY,Stress peak fading=1.00↓
2020-03-20,bist100,857.9534301757812,Stress/Bear,0.999999998771381,1,BUY,Stress peak fading=1.00↓
2020-03-23,bist100,842.45751953125,Stress/Bear,0.9999999999999378,-1,REDUCE,Stress rising=1.00↑
2020-03-24,bist100,892.8572387695312,Stress/Bear,1.0,-1,REDUCE,Stress rising=1.00↑
2020-03-25,bist100,890.6253051757812,Stress/Bear,1.0,-1,REDUCE,Stress rising=1.00↑
2020-03-26,bist100,915.2711181640624,Stress/Bear,0.9999999999999964,1,BUY,Stress peak fading=1.00↓
2020-03-27,bist100,881.2453002929688,Stress/Bear,1.0,-1,REDUCE,Stress rising=1.00↑
2020-03-30,bist100,880.5902709960938,Stress/Bear,0.99999999999981,1,BUY,Stress peak fading=1.00↓
2020-03-31,bist100,896.4322509765625,Stress/Bear,0.9999999999495426,1,BUY,Stress peak fading=1.00↓
2020-04-01,bist100,890.8463134765625,Stress/Bear,0.999999999998746,-1,REDUCE,Stress rising=1.00↑
2020-04-02,bist100,895.104248046875,Stress/Bear,0.9999999999268764,1,BUY,Stress peak fading=1.00↓
2020-04-03,bist100,895.521240234375,Stress/Bear,0.999999999967388,-1,REDUCE,Stress rising=1.00↑
2020-04-06,bist100,920.7061157226562,Stress/Bear,0.9999999981653928,1,BUY,Stress peak fading=1.00↓
2020-04-07,bist100,923.8131103515624,Stress/Bear,0.9999999961341342,1,BUY,Stress peak fading=1.00↓
2020-04-08,bist100,932.2470703125,Stress/Bear,0.999999989052217,1,BUY,Stress peak fading=1.00↓
2020-04-09,bist100,958.3389282226562,Stress/Bear,0.999973004838874,1,BUY,Stress peak fading=1.00↓
2020-04-10,bist100,964.7048950195312,Stress/Bear,0.9999644108459304,1,BUY,Stress peak fading=1.00↓
2020-04-13,bist100,963.9808959960938,Transition,0.1174511536830901,1,BUY,Transition BUY=0.12
2020-04-14,bist100,985.4927368164062,Transition,0.2063213716600283,1,BUY,Transition BUY=0.21
2020-04-15,bist100,958.5439453125,Stress/Bear,0.9999998160997848,-1,REDUCE,Stress rising=1.00↑
2020-04-16,bist100,962.4859008789062,Transition,0.0914089696995836,1,BUY,Transition BUY=0.09
2020-04-17,bist100,981.7927856445312,Stress/Bear,0.5567462071483187,-1,REDUCE,Stress/Bear active=0.56
2020-04-20,bist100,989.4537353515624,Transition,0.1109548899437805,1,BUY,Transition BUY=0.11
2020-04-21,bist100,976.184814453125,Transition,0.0112013890340332,1,BUY,Transition BUY=0.01
2020-04-22,bist100,981.704833984375,Transition,0.0054897374885896,1,BUY,Transition BUY=0.01
2020-04-24,bist100,987.5847778320312,Transition,0.0015481666872435,1,BUY,Transition BUY=0.00
2020-04-27,bist100,1012.6686401367188,Transition,0.0167169524754098,1,BUY,Transition BUY=0.02
2020-04-28,bist100,1007.0696411132812,Transition,0.001113904786783,1,BUY,Transition BUY=0.00
2020-04-29,bist100,1015.9476318359376,Transition,0.0012935692781164,1,BUY,Transition BUY=0.00
2020-04-30,bist100,1011.0956420898438,Transition,0.0104159660970125,1,BUY,Transition BUY=0.01
2020-05-04,bist100,988.416748046875,Transition,0.0147263563287595,1,BUY,Transition BUY=0.01
2020-05-05,bist100,987.3697509765624,Transition,0.0025300284235483,1,BUY,Transition BUY=0.00
2020-05-06,bist100,985.7097778320312,Transition,0.0014261982950303,1,BUY,Transition BUY=0.00
2020-05-07,bist100,983.9827270507812,Transition,0.0023074214479663,1,BUY,Transition BUY=0.00
2020-05-08,bist100,978.4468383789062,Transition,0.0022683332206444,1,BUY,Transition BUY=0.00
2020-05-11,bist100,977.9168090820312,Transition,0.0004412854887142,1,BUY,Transition BUY=0.00
2020-05-12,bist100,996.1536865234376,Transition,0.0011679504409176,1,BUY,Transition BUY=0.00
2020-05-13,bist100,1001.585693359375,Transition,0.000382481661056,1,BUY,Transition BUY=0.00
2020-05-14,bist100,991.9247436523438,Transition,0.0005174808708414,1,BUY,Transition BUY=0.00
2020-05-15,bist100,997.6766967773438,Transition,0.0002616448996937,1,BUY,Transition BUY=0.00
2020-05-18,bist100,1019.8245849609376,Transition,0.0026197480147075,1,BUY,Transition BUY=0.00
2020-05-20,bist100,1021.569580078125,Transition,0.0002973287731312,1,BUY,Transition BUY=0.00
2020-05-21,bist100,1026.4835205078125,Transition,0.0003193095213683,1,BUY,Transition BUY=0.00
2020-05-22,bist100,1030.237548828125,Transition,0.0005935296420846,1,BUY,Transition BUY=0.00
2020-05-27,bist100,1049.5294189453125,Transition,0.0015382253761915,1,BUY,Transition BUY=0.00
2020-05-28,bist100,1053.5924072265625,Transition,0.0004681124305743,1,BUY,Transition BUY=0.00
2020-05-29,bist100,1055.1993408203125,Transition,0.0006557171266922,1,BUY,Transition BUY=0.00
2020-06-01,bist100,1072.65625,Transition,0.002967255406627,1,BUY,Transition BUY=0.00
2020-06-02,bist100,1080.96728515625,Transition,0.0011203829331602,1,BUY,Transition BUY=0.00
2020-06-03,bist100,1091.1072998046875,Transition,0.0015070684925509,1,BUY,Transition BUY=0.00
2020-06-04,bist100,1095.3631591796875,Transition,0.0008740565816828,1,BUY,Transition BUY=0.00
2020-06-05,bist100,1100.212158203125,Transition,0.0012271440265934,1,BUY,Transition BUY=0.00
2020-06-08,bist100,1096.3651123046875,Transition,0.000603758174482,1,BUY,Transition BUY=0.00
2020-06-09,bist100,1092.3592529296875,Transition,0.000616811419328,1,BUY,Transition BUY=0.00
2020-06-10,bist100,1097.7830810546875,Transition,0.002145133727349,1,BUY,Transition BUY=0.00
2020-06-11,bist100,1091.5482177734375,Transition,0.0003589091202988,1,BUY,Transition BUY=0.00
2020-06-12,bist100,1098.34912109375,Transition,0.0003030111894431,1,BUY,Transition BUY=0.00
2020-06-15,bist100,1095.55419921875,Calm/Bull,2.1233017500770976e-06,1,BUY,Calm/Bull low stress=0.00
2020-06-16,bist100,1109.39111328125,Transition,4.330104673122414e-06,1,BUY,Transition BUY=0.00
2020-06-17,bist100,1109.3941650390625,Calm/Bull,8.655693558584886e-07,1,BUY,Calm/Bull low stress=0.00
2020-06-18,bist100,1124.9400634765625,Transition,1.3960555657866578e-06,1,BUY,Transition BUY=0.00
2020-06-19,bist100,1136.113037109375,Transition,2.399074579541576e-06,1,BUY,Transition BUY=0.00
2020-06-22,bist100,1151.8948974609375,Transition,1.3526539867685765e-06,1,BUY,Transition BUY=0.00
2020-06-23,bist100,1153.3829345703125,Calm/Bull,1.76819008041368e-07,1,BUY,Calm/Bull low stress=0.00
2020-06-24,bist100,1144.48291015625,Calm/Bull,8.271492590266055e-08,1,BUY,Calm/Bull low stress=0.00
2020-06-25,bist100,1141.3839111328125,Calm/Bull,2.4134245389585308e-08,1,BUY,Calm/Bull low stress=0.00
2020-06-26,bist100,1146.6778564453125,Calm/Bull,1.6682957979037176e-08,1,BUY,Calm/Bull low stress=0.00
2020-06-29,bist100,1158.4239501953125,Calm/Bull,1.2365065644993118e-08,1,BUY,Calm/Bull low stress=0.00
2020-06-30,bist100,1165.2418212890625,Calm/Bull,1.246007024254195e-07,1,BUY,Calm/Bull low stress=0.00
2020-07-01,bist100,1153.1439208984375,Calm/Bull,4.059115005404867e-07,1,BUY,Calm/Bull low stress=0.00
2020-07-02,bist100,1169.07177734375,Calm/Bull,2.112500131938631e-07,1,BUY,Calm/Bull low stress=0.00
2020-07-03,bist100,1157.4788818359375,Calm/Bull,8.428491441260765e-07,1,BUY,Calm/Bull low stress=0.00
2020-07-06,bist100,1184.8458251953125,Transition,7.819656016425546e-05,1,BUY,Transition BUY=0.00
2020-07-07,bist100,1193.3826904296875,Transition,0.0002250133839425,1,BUY,Transition BUY=0.00
2020-07-08,bist100,1187.11865234375,Calm/Bull,2.1026928579433345e-05,1,BUY,Calm/Bull low stress=0.00
2020-07-09,bist100,1157.929931640625,Calm/Bull,0.3060720082862612,1,BUY,Calm/Bull low stress=0.31
2020-07-10,bist100,1148.0799560546875,Calm/Bull,0.000424357801754,1,BUY,Calm/Bull low stress=0.00
2020-07-13,bist100,1183.9808349609375,Transition,0.0729530514133681,1,BUY,Transition BUY=0.07
2020-07-14,bist100,1177.40478515625,Calm/Bull,0.0005774558523076,1,BUY,Calm/Bull low stress=0.00
2020-07-16,bist100,1188.068603515625,Calm/Bull,0.0009390174716412,1,BUY,Calm/Bull low stress=0.00
2020-07-17,bist100,1187.8546142578125,Calm/Bull,0.0022354858780145,1,BUY,Calm/Bull low stress=0.00
2020-07-20,bist100,1192.8026123046875,Calm/Bull,0.0009608713092872,1,BUY,Calm/Bull low stress=0.00
2020-07-21,bist100,1180.413818359375,Calm/Bull,0.0291681754640613,1,BUY,Calm/Bull low stress=0.03
2020-07-22,bist100,1180.792724609375,Calm/Bull,0.0004011488056534,1,BUY,Calm/Bull low stress=0.00
2020-07-23,bist100,1190.3056640625,Calm/Bull,0.0006451290474022,1,BUY,Calm/Bull low stress=0.00
2020-07-24,bist100,1192.0096435546875,Calm/Bull,0.0008474735195835,1,BUY,Calm/Bull low stress=0.00
2020-07-27,bist100,1195.693603515625,Stress/Bear,0.94704511448177,-1,REDUCE,Stress rising=0.95↑
2020-07-28,bist100,1152.69384765625,Stress/Bear,0.9999999999767012,-1,REDUCE,Stress rising=1.00↑
2020-07-29,bist100,1135.593994140625,Stress/Bear,0.9999998483943556,1,BUY,Stress peak fading=1.00↓
2020-07-30,bist100,1126.89404296875,Stress/Bear,0.9293213704635924,1,BUY,Stress peak fading=0.93↓
2020-08-04,bist100,1087.1942138671875,Stress/Bear,1.0,-1,REDUCE,Stress rising=1.00↑
2020-08-05,bist100,1091.7943115234375,Stress/Bear,0.9999875348364088,1,BUY,Stress peak fading=1.00↓
2020-08-06,bist100,1034.39453125,Stress/Bear,1.0,-1,REDUCE,Stress rising=1.00↑
2020-08-07,bist100,1060.5943603515625,Stress/Bear,0.9999999999999964,1,BUY,Stress peak fading=1.00↓
2020-08-10,bist100,1075.4942626953125,Stress/Bear,0.9996726950101906,1,BUY,Stress peak fading=1.00↓
2020-08-11,bist100,1110.0941162109375,Stress/Bear,0.9967826054457254,1,BUY,Stress peak fading=1.00↓
2020-08-12,bist100,1114.194091796875,Stress/Bear,0.9995699273047048,-1,REDUCE,Stress rising=1.00↑
2020-08-13,bist100,1100.294189453125,Stress/Bear,0.9999999945992322,-1,REDUCE,Stress rising=1.00↑
2020-08-14,bist100,1083.7943115234375,Stress/Bear,0.9995665364386156,1,BUY,Stress peak fading=1.00↓
2020-08-17,bist100,1086.1942138671875,Stress/Bear,0.9858620392437386,1,BUY,Stress peak fading=0.99↓
2020-08-18,bist100,1092.4942626953125,Stress/Bear,0.9777192716163932,1,BUY,Stress peak fading=0.98↓
2020-08-19,bist100,1124.6939697265625,Stress/Bear,0.9920810774113245,-1,REDUCE,Stress rising=0.99↑
2020-08-20,bist100,1126.7940673828125,Stress/Bear,0.9955420204045358,-1,REDUCE,Stress rising=1.00↑
2020-08-21,bist100,1109.8941650390625,Stress/Bear,0.9999978781806028,-1,REDUCE,Stress rising=1.00↑
2020-08-24,bist100,1108.3941650390625,Stress/Bear,0.9390342435223512,1,BUY,Stress peak fading=0.94↓
2020-08-25,bist100,1092.1942138671875,Stress/Bear,0.7503198368683439,1,BUY,Stress peak fading=0.75↓
2020-08-26,bist100,1098.994140625,Calm/Bull,0.0679906745625424,1,BUY,Calm/Bull low stress=0.07
2020-08-27,bist100,1108.8941650390625,Calm/Bull,0.0576264989925535,1,BUY,Calm/Bull low stress=0.06
2020-08-28,bist100,1100.5941162109375,Calm/Bull,0.0126896415128198,1,BUY,Calm/Bull low stress=0.01
2020-08-31,bist100,1078.59423828125,Calm/Bull,0.0927308489523931,1,BUY,Calm/Bull low stress=0.09
2020-09-01,bist100,1085.1942138671875,Calm/Bull,0.0234930956624592,1,BUY,Calm/Bull low stress=0.02
2020-09-02,bist100,1083.894287109375,Calm/Bull,0.0130891040459377,1,BUY,Calm/Bull low stress=0.01
2020-09-03,bist100,1076.2943115234375,Calm/Bull,0.0015624938493837,1,BUY,Calm/Bull low stress=0.00
2020-09-04,bist100,1086.2943115234375,Calm/Bull,0.0007360261572286,1,BUY,Calm/Bull low stress=0.00
2020-09-07,bist100,1096.794189453125,Calm/Bull,0.0005156596146795,1,BUY,Calm/Bull low stress=0.00
2020-09-08,bist100,1089.59423828125,Calm/Bull,0.0001350208254709,1,BUY,Calm/Bull low stress=0.00
2020-09-09,bist100,1099.694091796875,Calm/Bull,0.0001281312746337,1,BUY,Calm/Bull low stress=0.00
2020-09-10,bist100,1099.0941162109375,Calm/Bull,0.0002718649791208,1,BUY,Calm/Bull low stress=0.00
2020-09-11,bist100,1102.694091796875,Calm/Bull,5.260973126991065e-05,1,BUY,Calm/Bull low stress=0.00
2020-09-14,bist100,1107.294189453125,Calm/Bull,7.330271422243237e-05,1,BUY,Calm/Bull low stress=0.00
2020-09-15,bist100,1111.194091796875,Calm/Bull,0.0001190606216247,1,BUY,Calm/Bull low stress=0.00
2020-09-16,bist100,1107.0941162109375,Calm/Bull,1.38102202366267e-05,1,BUY,Calm/Bull low stress=0.00
2020-09-17,bist100,1110.694091796875,Calm/Bull,6.9399922127787025e-06,1,BUY,Calm/Bull low stress=0.00
2020-09-18,bist100,1111.994140625,Calm/Bull,5.0348638573070456e-06,1,BUY,Calm/Bull low stress=0.00
2020-09-21,bist100,1086.9942626953125,Calm/Bull,0.0004289841005526,1,BUY,Calm/Bull low stress=0.00
2020-09-22,bist100,1096.194091796875,Calm/Bull,1.751276796099557e-05,1,BUY,Calm/Bull low stress=0.00
2020-09-23,bist100,1102.694091796875,Calm/Bull,1.4477467066231142e-05,1,BUY,Calm/Bull low stress=0.00
2020-09-24,bist100,1119.593994140625,Transition,0.0001840558098099,1,BUY,Transition BUY=0.00
2020-09-25,bist100,1124.1939697265625,Transition,4.863387052474635e-05,1,BUY,Transition BUY=0.00
2020-09-28,bist100,1121.1939697265625,Calm/Bull,1.0957210385557724e-05,1,BUY,Calm/Bull low stress=0.00
2020-09-29,bist100,1123.2940673828125,Transition,1.3884892641236125e-05,1,BUY,Transition BUY=0.00
2020-09-30,bist100,1145.19384765625,Transition,6.793100627436153e-05,1,BUY,Transition BUY=0.00
2020-10-01,bist100,1143.493896484375,Calm/Bull,7.361018034129702e-06,1,BUY,Calm/Bull low stress=0.00
2020-10-02,bist100,1144.993896484375,Calm/Bull,5.209105748898922e-06,1,BUY,Calm/Bull low stress=0.00
2020-10-05,bist100,1160.69384765625,Calm/Bull,2.6552210973985043e-05,1,BUY,Calm/Bull low stress=0.00
2020-10-06,bist100,1153.69384765625,Calm/Bull,9.114779065573485e-06,1,BUY,Calm/Bull low stress=0.00
2020-10-07,bist100,1152.3939208984375,Calm/Bull,4.015330781020517e-06,1,BUY,Calm/Bull low stress=0.00
2020-10-08,bist100,1150.493896484375,Calm/Bull,1.6342770821111354e-06,1,BUY,Calm/Bull low stress=0.00
2020-10-09,bist100,1165.6937255859375,Calm/Bull,6.9705704388499115e-06,1,BUY,Calm/Bull low stress=0.00
2020-10-12,bist100,1178.393798828125,Calm/Bull,1.1112046049512171e-05,1,BUY,Calm/Bull low stress=0.00
2020-10-13,bist100,1174.6937255859375,Calm/Bull,8.06534233356168e-06,1,BUY,Calm/Bull low stress=0.00
2020-10-14,bist100,1189.293701171875,Transition,6.907993561950744e-05,1,BUY,Transition BUY=0.00
2020-10-15,bist100,1180.393798828125,Calm/Bull,1.7601275160456675e-05,1,BUY,Calm/Bull low stress=0.00
2020-10-16,bist100,1192.693603515625,Calm/Bull,1.172736918811385e-05,1,BUY,Calm/Bull low stress=0.00
2020-10-19,bist100,1205.3936767578125,Calm/Bull,2.175986952485836e-06,1,BUY,Calm/Bull low stress=0.00
2020-10-20,bist100,1210.3935546875,Calm/Bull,1.5469232898795273e-06,1,BUY,Calm/Bull low stress=0.00
2020-10-21,bist100,1211.4935302734375,Calm/Bull,1.2788805513089292e-06,1,BUY,Calm/Bull low stress=0.00
2020-10-22,bist100,1198.293701171875,Calm/Bull,6.465281430113075e-06,1,BUY,Calm/Bull low stress=0.00
2020-10-23,bist100,1190.5936279296875,Calm/Bull,2.563441385701995e-06,1,BUY,Calm/Bull low stress=0.00
2020-10-26,bist100,1144.493896484375,Stress/Bear,0.7090739213622566,-1,REDUCE,Stress rising=0.71↑
2020-10-27,bist100,1152.5938720703125,Calm/Bull,0.0059746386086774,1,BUY,Calm/Bull low stress=0.01
2020-10-28,bist100,1126.9940185546875,Calm/Bull,0.007472366077231,1,BUY,Calm/Bull low stress=0.01
2020-10-30,bist100,1112.3941650390625,Stress/Bear,0.5480113755805716,-1,REDUCE,Stress/Bear active=0.55
2020-11-02,bist100,1133.593994140625,Transition,0.2373466167718204,1,BUY,Transition BUY=0.24
2020-11-03,bist100,1150.69384765625,Transition,0.1077544493254573,1,BUY,Transition BUY=0.11
2020-11-04,bist100,1167.6937255859375,Calm/Bull,0.0011310820912264,1,BUY,Calm/Bull low stress=0.00
2020-11-05,bist100,1179.9937744140625,Calm/Bull,0.0015440911119074,1,BUY,Calm/Bull low stress=0.00
2020-11-06,bist100,1191.99365234375,Calm/Bull,0.00345803920395,1,BUY,Calm/Bull low stress=0.00
2020-11-09,bist100,1231.493408203125,Transition,0.2106143047871979,1,BUY,Transition BUY=0.21
2020-11-10,bist100,1242.993408203125,Calm/Bull,0.0464394963810641,1,BUY,Calm/Bull low stress=0.05
2020-11-11,bist100,1279.193115234375,Transition,0.0540087138593543,1,BUY,Transition BUY=0.05
2020-11-12,bist100,1271.7933349609375,Stress/Bear,0.8720565212466765,-1,REDUCE,Stress rising=0.87↑
2020-11-13,bist100,1291.293212890625,Calm/Bull,0.0119075996791746,1,BUY,Calm/Bull low stress=0.01
2020-11-16,bist100,1292.9931640625,Calm/Bull,0.0021409970590367,1,BUY,Calm/Bull low stress=0.00
2020-11-17,bist100,1259.6932373046875,Calm/Bull,0.1203528682249232,1,BUY,Calm/Bull low stress=0.12
2020-11-18,bist100,1294.693115234375,Transition,0.1603985659967115,1,BUY,Transition BUY=0.16
2020-11-19,bist100,1312.9930419921875,Transition,0.2833114375228883,1,BUY,Transition BUY=0.28
2020-11-20,bist100,1323.992919921875,Calm/Bull,0.0022980374090708,1,BUY,Calm/Bull low stress=0.00
2020-11-23,bist100,1314.2930908203125,Calm/Bull,0.0388407072819813,1,BUY,Calm/Bull low stress=0.04
2020-11-24,bist100,1320.9930419921875,Calm/Bull,0.0058651504082901,1,BUY,Calm/Bull low stress=0.01
2020-11-25,bist100,1325.492919921875,Calm/Bull,0.0023329101326867,1,BUY,Calm/Bull low stress=0.00
2020-11-26,bist100,1342.492919921875,Calm/Bull,0.0216420822130785,1,BUY,Calm/Bull low stress=0.02
2020-11-27,bist100,1328.69287109375,Calm/Bull,0.0217408315550784,1,BUY,Calm/Bull low stress=0.02
2020-11-30,bist100,1283.5931396484375,Stress/Bear,0.8313907313980822,-1,REDUCE,Stress rising=0.83↑
2020-12-01,bist100,1325.29296875,Transition,0.353399365463705,1,BUY,Transition BUY=0.35
2020-12-02,bist100,1325.492919921875,Calm/Bull,0.0154026671566599,1,BUY,Calm/Bull low stress=0.02
2020-12-03,bist100,1330.8929443359375,Calm/Bull,0.0148565593955093,1,BUY,Calm/Bull low stress=0.01
2020-12-04,bist100,1330.8929443359375,Calm/Bull,0.0122518345465178,1,BUY,Calm/Bull low stress=0.01
2020-12-07,bist100,1329.8929443359375,Calm/Bull,0.0027859276315461,1,BUY,Calm/Bull low stress=0.00
2020-12-08,bist100,1339.8929443359375,Calm/Bull,0.0014628080857465,1,BUY,Calm/Bull low stress=0.00
2020-12-09,bist100,1350.2928466796875,Calm/Bull,0.0006048439246991,1,BUY,Calm/Bull low stress=0.00
2020-12-10,bist100,1353.392822265625,Calm/Bull,0.0005412264970212,1,BUY,Calm/Bull low stress=0.00
2020-12-11,bist100,1370.692626953125,Calm/Bull,0.0069192978704007,1,BUY,Calm/Bull low stress=0.01
2020-12-14,bist100,1388.5926513671875,Calm/Bull,0.0017243533266546,1,BUY,Calm/Bull low stress=0.00
2020-12-15,bist100,1395.392578125,Calm/Bull,0.0003244754171561,1,BUY,Calm/Bull low stress=0.00
2020-12-16,bist100,1392.4925537109375,Calm/Bull,0.0002779398384286,1,BUY,Calm/Bull low stress=0.00
2020-12-17,bist100,1399.392578125,Calm/Bull,9.557101083442224e-05,1,BUY,Calm/Bull low stress=0.00
2020-12-18,bist100,1408.2926025390625,Calm/Bull,7.935035840422224e-05,1,BUY,Calm/Bull low stress=0.00
2020-12-21,bist100,1384.3927001953125,Calm/Bull,0.001085125880358,1,BUY,Calm/Bull low stress=0.00
2020-12-22,bist100,1404.9925537109375,Calm/Bull,0.0004495223444733,1,BUY,Calm/Bull low stress=0.00
2020-12-23,bist100,1417.6923828125,Calm/Bull,0.0002206568898098,1,BUY,Calm/Bull low stress=0.00
2020-12-24,bist100,1425.992431640625,Calm/Bull,0.0001234223516275,1,BUY,Calm/Bull low stress=0.00
2020-12-28,bist100,1439.2923583984375,Calm/Bull,0.0005024283221403,1,BUY,Calm/Bull low stress=0.00
2020-12-29,bist100,1459.6922607421875,Transition,0.0002496730141603,1,BUY,Transition BUY=0.00
2020-12-30,bist100,1479.8922119140625,Calm/Bull,4.117894675506854e-06,1,BUY,Calm/Bull low stress=0.00
2020-12-31,bist100,1476.692138671875,Calm/Bull,1.9786213563407228e-06,1,BUY,Calm/Bull low stress=0.00
2021-01-04,bist100,1495.39208984375,Calm/Bull,2.146129249406644e-06,1,BUY,Calm/Bull low stress=0.00
2021-01-05,bist100,1489.592041015625,Calm/Bull,1.0045752224792932e-05,1,BUY,Calm/Bull low stress=0.00
2021-01-06,bist100,1505.39208984375,Calm/Bull,8.446891310418757e-07,1,BUY,Calm/Bull low stress=0.00
2021-01-07,bist100,1522.19189453125,Calm/Bull,1.61520394683212e-06,1,BUY,Calm/Bull low stress=0.00
2021-01-08,bist100,1540.591796875,Calm/Bull,3.0465315061410743e-06,1,BUY,Calm/Bull low stress=0.00
2021-01-11,bist100,1536.1917724609375,Calm/Bull,2.227463990543702e-05,1,BUY,Calm/Bull low stress=0.00
2021-01-12,bist100,1549.4918212890625,Calm/Bull,1.4118288556810451e-06,1,BUY,Calm/Bull low stress=0.00
2021-01-13,bist100,1559.291748046875,Calm/Bull,1.4219199923665988e-06,1,BUY,Calm/Bull low stress=0.00
2021-01-14,bist100,1546.591796875,Calm/Bull,2.9132382095124595e-06,1,BUY,Calm/Bull low stress=0.00
2021-01-15,bist100,1524.491943359375,Calm/Bull,2.4289387462182595e-05,1,BUY,Calm/Bull low stress=0.00
2021-01-18,bist100,1556.791748046875,Transition,0.0040293352549725,1,BUY,Transition BUY=0.00
2021-01-19,bist100,1564.99169921875,Calm/Bull,1.103516088702518e-05,1,BUY,Calm/Bull low stress=0.00
2021-01-20,bist100,1569.3917236328125,Calm/Bull,3.807563473961e-06,1,BUY,Calm/Bull low stress=0.00
2021-01-21,bist100,1551.591796875,Calm/Bull,8.65960286649392e-06,1,BUY,Calm/Bull low stress=0.00
2021-01-22,bist100,1542.4918212890625,Calm/Bull,9.845351632212598e-06,1,BUY,Calm/Bull low stress=0.00
2021-01-25,bist100,1540.1917724609375,Calm/Bull,3.7918701469491834e-06,1,BUY,Calm/Bull low stress=0.00
2021-01-26,bist100,1536.091796875,Calm/Bull,1.29616953637718e-05,1,BUY,Calm/Bull low stress=0.00
2021-01-27,bist100,1466.9921875,Stress/Bear,0.9999973185361328,-1,REDUCE,Stress rising=1.00↑
2021-01-28,bist100,1498.2921142578125,Stress/Bear,0.955005153815477,1,BUY,Stress peak fading=0.96↓
2021-01-29,bist100,1473.4921875,Calm/Bull,0.0028958719331711,1,BUY,Calm/Bull low stress=0.00
2021-02-01,bist100,1492.4920654296875,Calm/Bull,0.0142278165246422,1,BUY,Calm/Bull low stress=0.01
2021-02-02,bist100,1511.3919677734375,Calm/Bull,0.002112685541546,1,BUY,Calm/Bull low stress=0.00
2021-02-03,bist100,1533.591796875,Calm/Bull,0.0034406827994389,1,BUY,Calm/Bull low stress=0.00
2021-02-04,bist100,1534.891845703125,Calm/Bull,0.0008431037581849,1,BUY,Calm/Bull low stress=0.00
2021-02-05,bist100,1527.19189453125,Calm/Bull,0.0025557409566101,1,BUY,Calm/Bull low stress=0.00
2021-02-08,bist100,1534.891845703125,Calm/Bull,0.0020833175261228,1,BUY,Calm/Bull low stress=0.00
2021-02-09,bist100,1544.091796875,Calm/Bull,0.0008399658177156,1,BUY,Calm/Bull low stress=0.00
2021-02-10,bist100,1547.091796875,Calm/Bull,0.0005275154799101,1,BUY,Calm/Bull low stress=0.00
2021-02-11,bist100,1545.591796875,Calm/Bull,0.0009856805469159,1,BUY,Calm/Bull low stress=0.00
2021-02-12,bist100,1538.391845703125,Calm/Bull,0.0016747458732723,1,BUY,Calm/Bull low stress=0.00
2021-02-15,bist100,1562.49169921875,Calm/Bull,0.0037057338032732,1,BUY,Calm/Bull low stress=0.00
2021-02-16,bist100,1542.7918701171875,Calm/Bull,0.2396718446107226,1,BUY,Calm/Bull low stress=0.24
2021-02-17,bist100,1540.591796875,Calm/Bull,0.0004643059909592,1,BUY,Calm/Bull low stress=0.00
2021-02-18,bist100,1546.391845703125,Calm/Bull,0.0003782037901071,1,BUY,Calm/Bull low stress=0.00
2021-02-19,bist100,1560.291748046875,Calm/Bull,0.0004207226209647,1,BUY,Calm/Bull low stress=0.00
2021-02-22,bist100,1550.591796875,Calm/Bull,0.0004486776996183,1,BUY,Calm/Bull low stress=0.00
2021-02-23,bist100,1517.8919677734375,Calm/Bull,0.0225472339705552,1,BUY,Calm/Bull low stress=0.02
2021-02-24,bist100,1482.9921875,Calm/Bull,0.0043793080190764,1,BUY,Calm/Bull low stress=0.00
2021-02-25,bist100,1488.1920166015625,Stress/Bear,0.6893670875668724,-1,REDUCE,Stress/Bear active=0.69
2021-02-26,bist100,1471.3922119140625,Calm/Bull,0.0010712265366285,1,BUY,Calm/Bull low stress=0.00
2021-03-01,bist100,1527.491943359375,Transition,0.1421507337037152,1,BUY,Transition BUY=0.14
2021-03-02,bist100,1528.7919921875,Calm/Bull,0.0001717686644811,1,BUY,Calm/Bull low stress=0.00
2021-03-03,bist100,1531.091796875,Calm/Bull,0.0004940414304178,1,BUY,Calm/Bull low stress=0.00
2021-03-04,bist100,1537.9918212890625,Calm/Bull,0.0004459229914586,1,BUY,Calm/Bull low stress=0.00
2021-03-05,bist100,1541.9918212890625,Calm/Bull,0.0006989076370546,1,BUY,Calm/Bull low stress=0.00
2021-03-08,bist100,1530.2918701171875,Calm/Bull,0.0002259335646288,1,BUY,Calm/Bull low stress=0.00
2021-03-09,bist100,1549.1917724609375,Calm/Bull,0.0004198568695339,1,BUY,Calm/Bull low stress=0.00
2021-03-10,bist100,1564.8917236328125,Calm/Bull,0.0003609210150014,1,BUY,Calm/Bull low stress=0.00
2021-03-11,bist100,1556.49169921875,Calm/Bull,0.000610918290463,1,BUY,Calm/Bull low stress=0.00
2021-03-12,bist100,1557.3917236328125,Calm/Bull,0.0004056151966819,1,BUY,Calm/Bull low stress=0.00
2021-03-15,bist100,1555.49169921875,Calm/Bull,0.0009131675778498,1,BUY,Calm/Bull low stress=0.00
2021-03-16,bist100,1570.3917236328125,Stress/Bear,0.7525404063627273,-1,REDUCE,Stress rising=0.75↑
2021-03-17,bist100,1562.0916748046875,Stress/Bear,0.9635979361724212,-1,REDUCE,Stress rising=0.96↑
2021-03-18,bist100,1550.891845703125,Calm/Bull,0.0001795432973283,1,BUY,Calm/Bull low stress=0.00
2021-03-19,bist100,1528.991943359375,Calm/Bull,0.0037574719287512,1,BUY,Calm/Bull low stress=0.00
2021-03-22,bist100,1379.292724609375,Stress/Bear,1.0,-1,REDUCE,Stress rising=1.00↑
2021-03-23,bist100,1377.3927001953125,Stress/Bear,1.0,-1,REDUCE,Stress rising=1.00↑
2021-03-24,bist100,1413.892578125,Stress/Bear,0.9999983242914384,1,BUY,Stress peak fading=1.00↓
2021-03-25,bist100,1394.392578125,Stress/Bear,0.9999986691285276,-1,REDUCE,Stress rising=1.00↑
2021-03-26,bist100,1382.192626953125,Stress/Bear,0.9999991913889944,-1,REDUCE,Stress rising=1.00↑
2021-03-29,bist100,1392.592529296875,Stress/Bear,0.9681577356388706,1,BUY,Stress peak fading=0.97↓
2021-03-30,bist100,1395.7926025390625,Stress/Bear,0.9601878116861654,1,BUY,Stress peak fading=0.96↓
2021-03-31,bist100,1391.692626953125,Stress/Bear,0.9864136738347152,-1,REDUCE,Stress rising=0.99↑
2021-04-01,bist100,1426.5924072265625,Stress/Bear,0.9858879531688114,1,BUY,Stress peak fading=0.99↓
2021-04-05,bist100,1442.09228515625,Stress/Bear,0.996804052794513,-1,REDUCE,Stress rising=1.00↑
2021-04-06,bist100,1420.5924072265625,Stress/Bear,0.9963201714506782,1,BUY,Stress peak fading=1.00↓
2021-04-07,bist100,1417.8924560546875,Stress/Bear,0.9916805008950148,1,BUY,Stress peak fading=0.99↓
2021-04-08,bist100,1416.5924072265625,Stress/Bear,0.9926861537019908,-1,REDUCE,Stress rising=0.99↑
2021-04-09,bist100,1393.1925048828125,Stress/Bear,0.9938319754706242,-1,REDUCE,Stress rising=0.99↑
2021-04-12,bist100,1375.8927001953125,Stress/Bear,0.9963554050121448,-1,REDUCE,Stress rising=1.00↑
2021-04-13,bist100,1378.3927001953125,Stress/Bear,0.9904151236229958,1,BUY,Stress peak fading=0.99↓
2021-04-14,bist100,1409.1925048828125,Stress/Bear,0.9905507415914784,-1,REDUCE,Stress rising=0.99↑
2021-04-15,bist100,1407.7926025390625,Stress/Bear,0.9995624424261356,-1,REDUCE,Stress rising=1.00↑
2021-04-16,bist100,1408.092529296875,Stress/Bear,0.9986815819595416,1,BUY,Stress peak fading=1.00↓
2021-04-19,bist100,1377.192626953125,Stress/Bear,0.9991773200511612,-1,REDUCE,Stress rising=1.00↑
2021-04-20,bist100,1365.2928466796875,Transition,0.0052391618095199,1,BUY,Transition BUY=0.01
2021-04-21,bist100,1330.492919921875,Stress/Bear,0.999398153756246,-1,REDUCE,Stress rising=1.00↑
2021-04-22,bist100,1345.19287109375,Transition,0.0120589827772419,1,BUY,Transition BUY=0.01
2021-04-26,bist100,1373.99267578125,Transition,0.0074976119325668,1,BUY,Transition BUY=0.01
2021-04-27,bist100,1391.99267578125,Transition,0.003274463384197,1,BUY,Transition BUY=0.00
2021-04-28,bist100,1385.8927001953125,Transition,0.0048935023242546,1,BUY,Transition BUY=0.00
2021-04-29,bist100,1401.4925537109375,Transition,0.0301438938144539,1,BUY,Transition BUY=0.03
2021-04-30,bist100,1397.7926025390625,Transition,0.0143807260623487,1,BUY,Transition BUY=0.01
2021-05-03,bist100,1421.1923828125,Transition,0.0047914435623207,1,BUY,Transition BUY=0.00
2021-05-04,bist100,1416.29248046875,Transition,0.0022876241983508,1,BUY,Transition BUY=0.00
2021-05-05,bist100,1419.992431640625,Transition,0.0020725060487366,1,BUY,Transition BUY=0.00
2021-05-06,bist100,1427.6923828125,Transition,0.0017034042206121,1,BUY,Transition BUY=0.00
2021-05-07,bist100,1441.2923583984375,Transition,0.0069710031064522,1,BUY,Transition BUY=0.01
2021-05-10,bist100,1460.892333984375,Transition,0.0018125705979873,1,BUY,Transition BUY=0.00
2021-05-11,bist100,1444.892333984375,Transition,0.0030220587288839,1,BUY,Transition BUY=0.00
2021-05-12,bist100,1441.2923583984375,Transition,0.0105979151769039,1,BUY,Transition BUY=0.01
2021-05-17,bist100,1454.2923583984375,Transition,0.0013129265961061,1,BUY,Transition BUY=0.00
2021-05-18,bist100,1459.59228515625,Transition,0.00194615838472,1,BUY,Transition BUY=0.00
2021-05-20,bist100,1449.7923583984375,Transition,0.0012434717331534,1,BUY,Transition BUY=0.00
2021-05-21,bist100,1451.7923583984375,Transition,0.0004007736837879,1,BUY,Transition BUY=0.00
2021-05-24,bist100,1452.1922607421875,Transition,0.0003018619626919,1,BUY,Transition BUY=0.00
2021-05-25,bist100,1400.1925048828125,Stress/Bear,0.999745638845465,-1,REDUCE,Stress rising=1.00↑
2021-05-26,bist100,1427.0924072265625,Transition,0.0105642714353738,1,BUY,Transition BUY=0.01
2021-05-27,bist100,1414.9925537109375,Transition,0.0022639476335221,1,BUY,Transition BUY=0.00
2021-05-28,bist100,1422.0924072265625,Transition,0.0007559194217914,1,BUY,Transition BUY=0.00
2021-05-31,bist100,1420.492431640625,Transition,0.0009143086472582,1,BUY,Transition BUY=0.00
2021-06-01,bist100,1431.992431640625,Transition,0.0008587296141869,1,BUY,Transition BUY=0.00
2021-06-02,bist100,1430.6923828125,Transition,0.0004738000704004,1,BUY,Transition BUY=0.00
2021-06-03,bist100,1428.0924072265625,Transition,0.0009992485297971,1,BUY,Transition BUY=0.00
2021-06-04,bist100,1432.8924560546875,Transition,0.0006132054872517,1,BUY,Transition BUY=0.00
2021-06-07,bist100,1447.09228515625,Transition,0.0004871644634634,1,BUY,Transition BUY=0.00
2021-06-08,bist100,1447.59228515625,Transition,0.0005209775308874,1,BUY,Transition BUY=0.00
2021-06-09,bist100,1449.1922607421875,Transition,0.0005912684010278,1,BUY,Transition BUY=0.00
2021-06-10,bist100,1456.6922607421875,Transition,0.0003857052593451,1,BUY,Transition BUY=0.00
2021-06-11,bist100,1460.892333984375,Transition,0.000359896349266,1,BUY,Transition BUY=0.00
2021-06-14,bist100,1454.2923583984375,Transition,0.0003063913669823,1,BUY,Transition BUY=0.00
2021-06-15,bist100,1442.59228515625,Transition,0.0006501507852566,1,BUY,Transition BUY=0.00
2021-06-16,bist100,1431.29248046875,Transition,0.000314057319463,1,BUY,Transition BUY=0.00
2021-06-17,bist100,1414.1925048828125,Transition,0.0005646851451784,1,BUY,Transition BUY=0.00
2021-06-18,bist100,1391.0926513671875,Calm/Bull,0.0076681971391952,1,BUY,Calm/Bull low stress=0.01
2021-06-21,bist100,1398.4925537109375,Calm/Bull,0.0001477064588599,1,BUY,Calm/Bull low stress=0.00
2021-06-22,bist100,1409.892578125,Calm/Bull,4.6636288580772324e-07,1,BUY,Calm/Bull low stress=0.00
2021-06-23,bist100,1402.392578125,Calm/Bull,1.7244446820604717e-08,1,BUY,Calm/Bull low stress=0.00
2021-06-24,bist100,1410.7926025390625,Calm/Bull,1.3161521027236568e-08,1,BUY,Calm/Bull low stress=0.00
2021-06-25,bist100,1391.8927001953125,Calm/Bull,4.343385697734721e-07,1,BUY,Calm/Bull low stress=0.00
2021-06-28,bist100,1373.292724609375,Calm/Bull,8.035587464207164e-07,1,BUY,Calm/Bull low stress=0.00
2021-06-29,bist100,1371.692626953125,Calm/Bull,1.3465014785572804e-07,1,BUY,Calm/Bull low stress=0.00
2021-06-30,bist100,1356.2928466796875,Calm/Bull,3.02550994584433e-07,1,BUY,Calm/Bull low stress=0.00
2021-07-01,bist100,1372.792724609375,Calm/Bull,3.3698595106845585e-06,1,BUY,Calm/Bull low stress=0.00
2021-07-02,bist100,1376.692626953125,Calm/Bull,1.223883446596003e-06,1,BUY,Calm/Bull low stress=0.00
2021-07-05,bist100,1392.592529296875,Calm/Bull,9.306331542842854e-06,1,BUY,Calm/Bull low stress=0.00
2021-07-06,bist100,1382.5926513671875,Calm/Bull,2.511982480140302e-06,1,BUY,Calm/Bull low stress=0.00
2021-07-07,bist100,1390.5926513671875,Calm/Bull,5.247339438921258e-06,1,BUY,Calm/Bull low stress=0.00
2021-07-08,bist100,1372.99267578125,Calm/Bull,9.324491459660358e-06,1,BUY,Calm/Bull low stress=0.00
2021-07-09,bist100,1378.292724609375,Calm/Bull,5.143864795274879e-06,1,BUY,Calm/Bull low stress=0.00
2021-07-12,bist100,1356.9927978515625,Calm/Bull,2.5577026938293334e-05,1,BUY,Calm/Bull low stress=0.00
2021-07-13,bist100,1346.7928466796875,Calm/Bull,1.3437689622427284e-05,1,BUY,Calm/Bull low stress=0.00
2021-07-14,bist100,1367.2928466796875,Calm/Bull,0.0003975890708947,1,BUY,Calm/Bull low stress=0.00
2021-07-16,bist100,1363.2928466796875,Calm/Bull,4.688884304476558e-05,1,BUY,Calm/Bull low stress=0.00
2021-07-19,bist100,1351.5927734375,Calm/Bull,0.000440019225024,1,BUY,Calm/Bull low stress=0.00
2021-07-26,bist100,1349.0927734375,Calm/Bull,7.792109837254056e-06,1,BUY,Calm/Bull low stress=0.00
2021-07-27,bist100,1359.5927734375,Calm/Bull,3.0876686520638454e-05,1,BUY,Calm/Bull low stress=0.00
2021-07-28,bist100,1360.7928466796875,Calm/Bull,1.6946801401700165e-05,1,BUY,Calm/Bull low stress=0.00
2021-07-29,bist100,1391.5926513671875,Calm/Bull,0.0035997488953431,1,BUY,Calm/Bull low stress=0.00
2021-07-30,bist100,1392.892578125,Calm/Bull,0.0002404259476584,1,BUY,Calm/Bull low stress=0.00
2021-08-02,bist100,1399.6925048828125,Calm/Bull,0.0008629466418878,1,BUY,Calm/Bull low stress=0.00
2021-08-03,bist100,1408.7926025390625,Calm/Bull,0.0008524740238427,1,BUY,Calm/Bull low stress=0.00
2021-08-04,bist100,1413.7926025390625,Calm/Bull,8.389894291249478e-05,1,BUY,Calm/Bull low stress=0.00
2021-08-05,bist100,1431.79248046875,Calm/Bull,0.0001750866620354,1,BUY,Calm/Bull low stress=0.00
2021-08-06,bist100,1434.79248046875,Calm/Bull,3.08783872894121e-05,1,BUY,Calm/Bull low stress=0.00
2021-08-09,bist100,1432.5924072265625,Calm/Bull,2.6980171674423964e-05,1,BUY,Calm/Bull low stress=0.00
2021-08-10,bist100,1437.492431640625,Calm/Bull,1.1507395888317452e-05,1,BUY,Calm/Bull low stress=0.00
2021-08-11,bist100,1410.892578125,Calm/Bull,0.0006832384300939,1,BUY,Calm/Bull low stress=0.00
2021-08-12,bist100,1444.4923095703125,Transition,0.0043774614410985,1,BUY,Transition BUY=0.00
2021-08-13,bist100,1447.59228515625,Calm/Bull,0.0001202664806459,1,BUY,Calm/Bull low stress=0.00
2021-08-16,bist100,1455.2923583984375,Calm/Bull,5.393225366671409e-05,1,BUY,Calm/Bull low stress=0.00
2021-08-17,bist100,1461.692138671875,Calm/Bull,1.5986612519707612e-05,1,BUY,Calm/Bull low stress=0.00
2021-08-18,bist100,1449.59228515625,Calm/Bull,4.038992945648278e-05,1,BUY,Calm/Bull low stress=0.00
2021-08-19,bist100,1439.892333984375,Calm/Bull,3.4576233398392887e-05,1,BUY,Calm/Bull low stress=0.00
2021-08-20,bist100,1444.59228515625,Calm/Bull,1.0408424744011897e-05,1,BUY,Calm/Bull low stress=0.00
2021-08-23,bist100,1459.2923583984375,Calm/Bull,1.2857774458305358e-05,1,BUY,Calm/Bull low stress=0.00
2021-08-24,bist100,1465.8922119140625,Calm/Bull,7.092620346667862e-05,1,BUY,Calm/Bull low stress=0.00
2021-08-25,bist100,1453.2923583984375,Calm/Bull,0.0002760838301715,1,BUY,Calm/Bull low stress=0.00
2021-08-26,bist100,1448.4923095703125,Calm/Bull,3.312672737948261e-05,1,BUY,Calm/Bull low stress=0.00
2021-08-27,bist100,1458.1922607421875,Calm/Bull,3.3337133014196455e-05,1,BUY,Calm/Bull low stress=0.00
2021-08-31,bist100,1472.0921630859375,Calm/Bull,3.239713449198819e-05,1,BUY,Calm/Bull low stress=0.00
2021-09-01,bist100,1474.0921630859375,Calm/Bull,3.249625294898557e-05,1,BUY,Calm/Bull low stress=0.00
2021-09-02,bist100,1479.0921630859375,Calm/Bull,3.7275990864211046e-05,1,BUY,Calm/Bull low stress=0.00
2021-09-03,bist100,1468.692138671875,Calm/Bull,3.4653090574522256e-05,1,BUY,Calm/Bull low stress=0.00
2021-09-06,bist100,1474.692138671875,Calm/Bull,2.4314171806049325e-05,1,BUY,Calm/Bull low stress=0.00
2021-09-07,bist100,1454.6922607421875,Calm/Bull,0.0001748420353879,1,BUY,Calm/Bull low stress=0.00
2021-09-08,bist100,1433.8924560546875,Calm/Bull,0.000487831679369,1,BUY,Calm/Bull low stress=0.00
2021-09-09,bist100,1452.6922607421875,Calm/Bull,0.0003972187416114,1,BUY,Calm/Bull low stress=0.00
2021-09-10,bist100,1438.6922607421875,Calm/Bull,2.5220107654295157e-06,1,BUY,Calm/Bull low stress=0.00
2021-09-13,bist100,1438.2923583984375,Calm/Bull,1.7793340626682844e-06,1,BUY,Calm/Bull low stress=0.00
2021-09-14,bist100,1434.3924560546875,Calm/Bull,1.3751687561775518e-06,1,BUY,Calm/Bull low stress=0.00
2021-09-15,bist100,1423.992431640625,Calm/Bull,2.280884121922316e-06,1,BUY,Calm/Bull low stress=0.00
2021-09-16,bist100,1417.992431640625,Calm/Bull,1.5753019236133883e-06,1,BUY,Calm/Bull low stress=0.00
2021-09-17,bist100,1419.3924560546875,Calm/Bull,8.992347040140068e-07,1,BUY,Calm/Bull low stress=0.00
2021-09-20,bist100,1391.8927001953125,Calm/Bull,8.589218988798887e-05,1,BUY,Calm/Bull low stress=0.00
2021-09-21,bist100,1385.5926513671875,Calm/Bull,8.194874361800705e-06,1,BUY,Calm/Bull low stress=0.00
2021-09-22,bist100,1407.4925537109375,Calm/Bull,0.000293000737318,1,BUY,Calm/Bull low stress=0.00
2021-09-23,bist100,1401.4925537109375,Calm/Bull,0.0008786200495123,1,BUY,Calm/Bull low stress=0.00
2021-09-24,bist100,1384.692626953125,Calm/Bull,0.0001059725537458,1,BUY,Calm/Bull low stress=0.00
2021-09-27,bist100,1391.692626953125,Calm/Bull,4.621964717305804e-05,1,BUY,Calm/Bull low stress=0.00
2021-09-28,bist100,1383.792724609375,Calm/Bull,5.1971206551167535e-05,1,BUY,Calm/Bull low stress=0.00
2021-09-29,bist100,1391.8927001953125,Calm/Bull,8.994016109222892e-05,1,BUY,Calm/Bull low stress=0.00
2021-09-30,bist100,1406.392578125,Calm/Bull,0.0003489158257088,1,BUY,Calm/Bull low stress=0.00
2021-10-01,bist100,1401.4925537109375,Calm/Bull,0.0001503420661925,1,BUY,Calm/Bull low stress=0.00
2021-10-04,bist100,1394.392578125,Calm/Bull,0.0001098313867603,1,BUY,Calm/Bull low stress=0.00
2021-10-05,bist100,1391.692626953125,Calm/Bull,8.057198260461558e-05,1,BUY,Calm/Bull low stress=0.00
2021-10-06,bist100,1371.692626953125,Calm/Bull,0.0002120823347637,1,BUY,Calm/Bull low stress=0.00
2021-10-07,bist100,1396.892578125,Calm/Bull,0.000342112684644,1,BUY,Calm/Bull low stress=0.00
2021-10-08,bist100,1397.9925537109375,Calm/Bull,5.822910919864625e-05,1,BUY,Calm/Bull low stress=0.00
2021-10-11,bist100,1416.29248046875,Calm/Bull,0.0002089375547298,1,BUY,Calm/Bull low stress=0.00
2021-10-12,bist100,1416.79248046875,Calm/Bull,0.0001769407838026,1,BUY,Calm/Bull low stress=0.00
2021-10-13,bist100,1413.4925537109375,Calm/Bull,0.0006670202014897,1,BUY,Calm/Bull low stress=0.00
2021-10-14,bist100,1411.7926025390625,Calm/Bull,0.0001255055071094,1,BUY,Calm/Bull low stress=0.00
2021-10-15,bist100,1409.592529296875,Calm/Bull,0.0004614943928296,1,BUY,Calm/Bull low stress=0.00
2021-10-18,bist100,1417.6923828125,Calm/Bull,1.4615851543667798e-05,1,BUY,Calm/Bull low stress=0.00
2021-10-19,bist100,1429.8924560546875,Calm/Bull,1.356064690591377e-05,1,BUY,Calm/Bull low stress=0.00
2021-10-20,bist100,1432.79248046875,Calm/Bull,3.887815709361144e-06,1,BUY,Calm/Bull low stress=0.00
2021-10-21,bist100,1455.392333984375,Transition,0.0006330622264454,1,BUY,Transition BUY=0.00
2021-10-22,bist100,1479.8922119140625,Transition,0.0005098939101014,1,BUY,Transition BUY=0.00
2021-10-25,bist100,1492.89208984375,Calm/Bull,0.0001566401920937,1,BUY,Calm/Bull low stress=0.00
2021-10-26,bist100,1509.19189453125,Calm/Bull,1.6360684213381417e-05,1,BUY,Calm/Bull low stress=0.00
2021-10-27,bist100,1519.2919921875,Calm/Bull,3.7868757490430255e-05,1,BUY,Calm/Bull low stress=0.00
2021-10-28,bist100,1521.991943359375,Calm/Bull,0.0002848718434207,1,BUY,Calm/Bull low stress=0.00
2021-11-01,bist100,1536.2918701171875,Calm/Bull,1.6535025441824798e-05,1,BUY,Calm/Bull low stress=0.00
2021-11-02,bist100,1533.091796875,Calm/Bull,4.842170468828026e-06,1,BUY,Calm/Bull low stress=0.00
2021-11-03,bist100,1546.9918212890625,Transition,0.006772877006842,1,BUY,Transition BUY=0.01
2021-11-04,bist100,1575.691650390625,Transition,1.621503029200306e-06,1,BUY,Transition BUY=0.00
2021-11-05,bist100,1583.591552734375,Calm/Bull,5.0658227022965014e-08,1,BUY,Calm/Bull low stress=0.00
2021-11-08,bist100,1608.491455078125,Calm/Bull,4.554207927363057e-07,1,BUY,Calm/Bull low stress=0.00
2021-11-09,bist100,1615.5914306640625,Transition,7.630757281917513e-07,1,BUY,Transition BUY=0.00
2021-11-10,bist100,1624.09130859375,Calm/Bull,1.529885298383213e-07,1,BUY,Calm/Bull low stress=0.00
2021-11-11,bist100,1625.09130859375,Calm/Bull,6.930001560086081e-08,1,BUY,Calm/Bull low stress=0.00
2021-11-12,bist100,1638.4913330078125,Calm/Bull,6.411930396856504e-09,1,BUY,Calm/Bull low stress=0.00
2021-11-15,bist100,1702.490966796875,Transition,0.0002677218360141,1,BUY,Transition BUY=0.00
2021-11-16,bist100,1685.591064453125,Calm/Bull,0.021352629793957,1,BUY,Calm/Bull low stress=0.02
2021-11-17,bist100,1706.990966796875,Calm/Bull,0.0018759789578648,1,BUY,Calm/Bull low stress=0.00
2021-11-18,bist100,1736.890869140625,Transition,0.0088472048573945,1,BUY,Transition BUY=0.01
2021-11-19,bist100,1737.2908935546875,Calm/Bull,0.0024239942793998,1,BUY,Calm/Bull low stress=0.00
2021-11-22,bist100,1755.49072265625,Calm/Bull,0.0004007585658935,1,BUY,Calm/Bull low stress=0.00
2021-11-23,bist100,1784.5904541015625,Transition,0.001120592797936,1,BUY,Transition BUY=0.00
2021-11-24,bist100,1812.2904052734375,Transition,0.0011563593075166,1,BUY,Transition BUY=0.00
2021-11-25,bist100,1819.1903076171875,Calm/Bull,0.0011200444951271,1,BUY,Calm/Bull low stress=0.00
2021-11-26,bist100,1776.390625,Stress/Bear,0.6252895927738182,-1,REDUCE,Stress/Bear active=0.63
2021-11-29,bist100,1808.7904052734375,Calm/Bull,0.1884657238720238,1,BUY,Calm/Bull low stress=0.19
2021-11-30,bist100,1809.6903076171875,Calm/Bull,0.0025417743638311,1,BUY,Calm/Bull low stress=0.00
2021-12-01,bist100,1857.39013671875,Transition,0.2132445212847732,1,BUY,Transition BUY=0.21
2021-12-02,bist100,1880.0899658203125,Calm/Bull,0.0029126802074826,1,BUY,Calm/Bull low stress=0.00
2021-12-03,bist100,1910.389892578125,Calm/Bull,0.010290446477915,1,BUY,Calm/Bull low stress=0.01
2021-12-06,bist100,1927.3897705078125,Calm/Bull,0.014474887128635,1,BUY,Calm/Bull low stress=0.01
2021-12-07,bist100,1980.989501953125,Transition,0.1715990806481173,1,BUY,Transition BUY=0.17
2021-12-08,bist100,2004.58935546875,Calm/Bull,0.0267853291166053,1,BUY,Calm/Bull low stress=0.03
2021-12-09,bist100,2031.3892822265625,Transition,0.1478405746362933,1,BUY,Transition BUY=0.15
2021-12-10,bist100,2035.4892578125,Calm/Bull,0.1455422038069869,1,BUY,Calm/Bull low stress=0.15
2021-12-13,bist100,2101.48876953125,Transition,0.1018253780147793,1,BUY,Transition BUY=0.10
2021-12-14,bist100,2157.6884765625,Transition,0.0157320401316031,1,BUY,Transition BUY=0.02
2021-12-15,bist100,2162.28857421875,Calm/Bull,0.1872682614933927,1,BUY,Calm/Bull low stress=0.19
2021-12-16,bist100,2278.587890625,Stress/Bear,0.7203675577717013,-1,REDUCE,Stress rising=0.72↑
2021-12-17,bist100,2084.489013671875,Stress/Bear,1.0,-1,REDUCE,Stress rising=1.00↑
2021-12-20,bist100,2056.388916015625,Stress/Bear,1.0,-1,REDUCE,Stress rising=1.00↑
2021-12-21,bist100,1891.989990234375,Stress/Bear,1.0,-1,REDUCE,Stress rising=1.00↑
2021-12-22,bist100,1804.1904296875,Stress/Bear,1.0,-1,REDUCE,Stress rising=1.00↑
2021-12-23,bist100,1805.29052734375,Stress/Bear,1.0,-1,REDUCE,Stress rising=1.00↑
2021-12-24,bist100,1891.2900390625,Stress/Bear,1.0,-1,REDUCE,Stress rising=1.00↑
2021-12-27,bist100,1897.0899658203125,Stress/Bear,0.9999999999996536,1,BUY,Stress peak fading=1.00↓
2021-12-28,bist100,1850.490234375,Stress/Bear,1.0,-1,REDUCE,Stress rising=1.00↑
2021-12-29,bist100,1895.489990234375,Stress/Bear,0.9999999999956036,1,BUY,Stress peak fading=1.00↓
2021-12-30,bist100,1863.6900634765625,Stress/Bear,0.9999999999999982,-1,REDUCE,Stress rising=1.00↑
2021-12-31,bist100,1857.6900634765625,Stress/Bear,0.9999999999927828,1,BUY,Stress peak fading=1.00↓
2022-01-03,bist100,1926.689697265625,Stress/Bear,0.9999999999977174,-1,REDUCE,Stress rising=1.00↑
2022-01-04,bist100,1963.589599609375,Stress/Bear,0.999999999998984,-1,REDUCE,Stress rising=1.00↑
2022-01-05,bist100,2005.2894287109375,Stress/Bear,0.9999999999991118,-1,REDUCE,Stress rising=1.00↑
2022-01-06,bist100,2007.58935546875,Stress/Bear,0.9999999999999768,-1,REDUCE,Stress rising=1.00↑
2022-01-07,bist100,2033.289306640625,Stress/Bear,0.9999999999999734,1,BUY,Stress peak fading=1.00↓
2022-01-10,bist100,2045.1890869140625,Stress/Bear,0.9999999999998206,1,BUY,Stress peak fading=1.00↓
2022-01-11,bist100,2045.9891357421875,Stress/Bear,0.9999999999988596,1,BUY,Stress peak fading=1.00↓
2022-01-12,bist100,2064.18896484375,Stress/Bear,0.9999999999994742,-1,REDUCE,Stress rising=1.00↑
2022-01-13,bist100,2070.68896484375,Stress/Bear,0.999999999897952,1,BUY,Stress peak fading=1.00↓
2022-01-14,bist100,2072.888916015625,Stress/Bear,0.9997086328392828,1,BUY,Stress peak fading=1.00↓
2022-01-17,bist100,2085.7890625,Stress/Bear,0.9999523429170686,-1,REDUCE,Stress rising=1.00↑
2022-01-18,bist100,1979.78955078125,Stress/Bear,0.9999999999717596,-1,REDUCE,Stress rising=1.00↑
2022-01-19,bist100,2042.089111328125,Stress/Bear,0.9976985634983352,1,BUY,Stress peak fading=1.00↓
2022-01-20,bist100,2014.189208984375,Stress/Bear,0.9998898270382672,-1,REDUCE,Stress rising=1.00↑
2022-01-21,bist100,2011.1893310546875,Transition,0.0385270914209561,1,BUY,Transition BUY=0.04
2022-01-24,bist100,1910.2899169921875,Stress/Bear,0.9999999999898748,-1,REDUCE,Stress rising=1.00↑
2022-01-25,bist100,1945.089599609375,Stress/Bear,0.7608263150272796,1,BUY,Stress peak fading=0.76↓
2022-01-26,bist100,1951.1895751953125,Transition,0.1642259829442907,1,BUY,Transition BUY=0.16
2022-01-27,bist100,1997.6893310546875,Stress/Bear,0.926443435667756,-1,REDUCE,Stress rising=0.93↑
2022-01-28,bist100,1983.189453125,Transition,0.105373487126869,1,BUY,Transition BUY=0.11
2022-01-31,bist100,2003.1893310546875,Transition,0.1185005674331308,1,BUY,Transition BUY=0.12
2022-02-01,bist100,2015.3892822265625,Transition,0.0211711782644856,1,BUY,Transition BUY=0.02
2022-02-02,bist100,2002.1893310546875,Transition,0.0166854509632026,1,BUY,Transition BUY=0.02
2022-02-03,bist100,1957.8896484375,Stress/Bear,0.830122780800867,-1,REDUCE,Stress rising=0.83↑
2022-02-04,bist100,1943.789794921875,Transition,0.0057190170364389,1,BUY,Transition BUY=0.01
2022-02-07,bist100,1997.58935546875,Stress/Bear,0.9750627649318472,-1,REDUCE,Stress rising=0.98↑
2022-02-08,bist100,2007.08935546875,Transition,0.0183285180548127,1,BUY,Transition BUY=0.02
2022-02-09,bist100,2042.88916015625,Transition,0.1126508411494074,1,BUY,Transition BUY=0.11
2022-02-10,bist100,2038.6890869140625,Transition,0.1710115713571587,1,BUY,Transition BUY=0.17
2022-02-11,bist100,2051.089111328125,Stress/Bear,0.7113867271653104,-1,REDUCE,Stress rising=0.71↑
2022-02-14,bist100,2001.889404296875,Stress/Bear,0.9592846660415972,-1,REDUCE,Stress rising=0.96↑
2022-02-15,bist100,2038.1890869140625,Transition,0.0057632172513319,1,BUY,Transition BUY=0.01
2022-02-16,bist100,2041.38916015625,Transition,0.0010967858335055,1,BUY,Transition BUY=0.00
2022-02-17,bist100,2009.9893798828125,Transition,0.0063128302140724,1,BUY,Transition BUY=0.01
2022-02-18,bist100,2032.3892822265625,Transition,0.0017790624963925,1,BUY,Transition BUY=0.00
2022-02-21,bist100,2038.089111328125,Transition,0.0001681549203867,1,BUY,Transition BUY=0.00
2022-02-22,bist100,2017.4892578125,Transition,0.0006209770136694,1,BUY,Transition BUY=0.00
2022-02-23,bist100,2015.9892578125,Transition,0.0001160018350579,1,BUY,Transition BUY=0.00
2022-02-24,bist100,1851.3902587890625,Stress/Bear,1.0,-1,REDUCE,Stress rising=1.00↑
2022-02-25,bist100,1952.3896484375,Stress/Bear,0.9999999905300428,1,BUY,Stress peak fading=1.00↓
2022-02-28,bist100,1946.1895751953125,Stress/Bear,0.9224353011383102,1,BUY,Stress peak fading=0.92↓
2022-03-01,bist100,1969.8895263671875,Stress/Bear,0.9670455995491306,-1,REDUCE,Stress rising=0.97↑
2022-03-02,bist100,1986.0894775390625,Stress/Bear,0.8129740596543432,1,BUY,Stress peak fading=0.81↓
2022-03-03,bist100,2023.289306640625,Stress/Bear,0.9919161611257246,-1,REDUCE,Stress rising=0.99↑
2022-03-04,bist100,1990.7894287109375,Stress/Bear,0.9397490815206232,1,BUY,Stress peak fading=0.94↓
2022-03-07,bist100,1997.2894287109375,Stress/Bear,0.7681025952176485,1,BUY,Stress peak fading=0.77↓
2022-03-08,bist100,2011.389404296875,Stress/Bear,0.7388951099371763,1,BUY,Stress peak fading=0.74↓
2022-03-09,bist100,2042.6890869140625,Stress/Bear,0.9609594285247772,-1,REDUCE,Stress rising=0.96↑
2022-03-10,bist100,2041.9891357421875,Stress/Bear,0.8602872310905796,1,BUY,Stress peak fading=0.86↓
2022-03-11,bist100,2053.888916015625,Stress/Bear,0.9805063137425036,-1,REDUCE,Stress rising=0.98↑
2022-03-14,bist100,2088.489013671875,Stress/Bear,0.9674572259806138,1,BUY,Stress peak fading=0.97↓
2022-03-15,bist100,2079.388916015625,Stress/Bear,0.9842443696794034,-1,REDUCE,Stress rising=0.98↑
2022-03-16,bist100,2088.7890625,Stress/Bear,0.974283378081607,1,BUY,Stress peak fading=0.97↓
2022-03-17,bist100,2133.5888671875,Stress/Bear,0.961627778092422,1,BUY,Stress peak fading=0.96↓
2022-03-18,bist100,2144.28857421875,Stress/Bear,0.9893148760880196,-1,REDUCE,Stress rising=0.99↑
2022-03-21,bist100,2174.988525390625,Stress/Bear,0.9749690105047556,1,BUY,Stress peak fading=0.97↓
2022-03-22,bist100,2188.788330078125,Stress/Bear,0.931491033785442,1,BUY,Stress peak fading=0.93↓
2022-03-23,bist100,2183.088623046875,Stress/Bear,0.969884369975864,-1,REDUCE,Stress rising=0.97↑
2022-03-24,bist100,2176.1884765625,Transition,0.0048949378687929,1,BUY,Transition BUY=0.00
2022-03-25,bist100,2175.488525390625,Transition,0.0005452804847421,1,BUY,Transition BUY=0.00
2022-03-28,bist100,2172.488525390625,Transition,0.0005052520160959,1,BUY,Transition BUY=0.00
2022-03-29,bist100,2206.48828125,Transition,0.0023723509757305,1,BUY,Transition BUY=0.00
2022-03-30,bist100,2230.188232421875,Transition,0.0009477591268746,1,BUY,Transition BUY=0.00
2022-03-31,bist100,2233.2880859375,Transition,0.000284617338927,1,BUY,Transition BUY=0.00
2022-04-01,bist100,2251.68798828125,Transition,0.0003513318153582,1,BUY,Transition BUY=0.00
2022-04-04,bist100,2311.3876953125,Transition,0.0065612038879089,1,BUY,Transition BUY=0.01
2022-04-05,bist100,2326.28759765625,Transition,0.0009416812994245,1,BUY,Transition BUY=0.00
2022-04-06,bist100,2316.3876953125,Transition,0.0007242318675069,1,BUY,Transition BUY=0.00
2022-04-07,bist100,2345.1875,Transition,0.0009979390057467,1,BUY,Transition BUY=0.00
2022-04-08,bist100,2393.38720703125,Transition,0.0032255485043862,1,BUY,Transition BUY=0.00
2022-04-11,bist100,2449.087158203125,Transition,0.0179964262500564,1,BUY,Transition BUY=0.02
2022-04-12,bist100,2463.786865234375,Transition,0.0019427957089906,1,BUY,Transition BUY=0.00
2022-04-13,bist100,2460.386962890625,Transition,0.005401812914114,1,BUY,Transition BUY=0.01
2022-04-14,bist100,2475.38671875,Transition,0.0003562071964271,1,BUY,Transition BUY=0.00
2022-04-15,bist100,2494.38671875,Transition,0.0004208083788579,1,BUY,Transition BUY=0.00
2022-04-18,bist100,2510.28662109375,Transition,0.0001133556168827,1,BUY,Transition BUY=0.00
2022-04-19,bist100,2519.1865234375,Transition,0.0001159680040294,1,BUY,Transition BUY=0.00
2022-04-20,bist100,2525.886474609375,Transition,9.551329939447094e-05,1,BUY,Transition BUY=0.00
2022-04-21,bist100,2556.786376953125,Transition,9.178955182933556e-05,1,BUY,Transition BUY=0.00
2022-04-22,bist100,2472.48681640625,Stress/Bear,0.9980617340155274,-1,REDUCE,Stress rising=1.00↑
2022-04-25,bist100,2482.5869140625,Transition,0.0197754493120832,1,BUY,Transition BUY=0.02
2022-04-26,bist100,2418.287109375,Stress/Bear,0.999971379337567,-1,REDUCE,Stress rising=1.00↑
2022-04-27,bist100,2451.386962890625,Transition,0.0192673271466483,1,BUY,Transition BUY=0.02
2022-04-28,bist100,2428.386962890625,Calm/Bull,0.062804559463774,1,BUY,Calm/Bull low stress=0.06
2022-04-29,bist100,2430.587158203125,Transition,0.0053288530989692,1,BUY,Transition BUY=0.01
2022-05-05,bist100,2466.286865234375,Transition,0.0035669740045409,1,BUY,Transition BUY=0.00
2022-05-06,bist100,2458.68701171875,Calm/Bull,0.0027642111561998,1,BUY,Calm/Bull low stress=0.00
2022-05-09,bist100,2465.686767578125,Transition,0.0018033328193776,1,BUY,Transition BUY=0.00
2022-05-10,bist100,2490.186767578125,Calm/Bull,0.0026484896056475,1,BUY,Calm/Bull low stress=0.00
2022-05-11,bist100,2453.886962890625,Calm/Bull,0.2642653897137033,1,BUY,Calm/Bull low stress=0.26
2022-05-12,bist100,2390.9873046875,Calm/Bull,0.0402161682756783,1,BUY,Calm/Bull low stress=0.04
2022-05-13,bist100,2419.18701171875,Transition,0.0023938271599983,1,BUY,Transition BUY=0.00
2022-05-16,bist100,2390.787353515625,Calm/Bull,0.002530909971203,1,BUY,Calm/Bull low stress=0.00
2022-05-17,bist100,2394.787353515625,Calm/Bull,0.0018117237901878,1,BUY,Calm/Bull low stress=0.00
2022-05-18,bist100,2393.58740234375,Calm/Bull,0.001176438221259,1,BUY,Calm/Bull low stress=0.00
2022-05-20,bist100,2372.38720703125,Calm/Bull,0.0016185601422357,1,BUY,Calm/Bull low stress=0.00
2022-05-23,bist100,2380.88720703125,Transition,0.0025146280800182,1,BUY,Transition BUY=0.00
2022-05-24,bist100,2374.9873046875,Calm/Bull,0.0014210623483193,1,BUY,Calm/Bull low stress=0.00
2022-05-25,bist100,2418.087158203125,Calm/Bull,0.0047399496783808,1,BUY,Calm/Bull low stress=0.00
2022-05-26,bist100,2450.787109375,Calm/Bull,0.0005785019324753,1,BUY,Calm/Bull low stress=0.00
2022-05-27,bist100,2438.787109375,Calm/Bull,0.0004237986793867,1,BUY,Calm/Bull low stress=0.00
2022-05-30,bist100,2527.1865234375,Transition,0.0426670749283401,1,BUY,Transition BUY=0.04
2022-05-31,bist100,2547.086669921875,Calm/Bull,0.007604088747135,1,BUY,Calm/Bull low stress=0.01
2022-06-01,bist100,2568.786376953125,Calm/Bull,0.0007080123470403,1,BUY,Calm/Bull low stress=0.00
2022-06-02,bist100,2601.586181640625,Calm/Bull,0.0017572856505286,1,BUY,Calm/Bull low stress=0.00
2022-06-03,bist100,2601.2861328125,Calm/Bull,0.0018096235693739,1,BUY,Calm/Bull low stress=0.00
2022-06-06,bist100,2648.0859375,Calm/Bull,0.0018929753194723,1,BUY,Calm/Bull low stress=0.00
2022-06-07,bist100,2648.185791015625,Calm/Bull,0.0004101153045522,1,BUY,Calm/Bull low stress=0.00
2022-06-08,bist100,2540.386474609375,Stress/Bear,0.9999999999978524,-1,REDUCE,Stress rising=1.00↑
2022-06-09,bist100,2571.58642578125,Calm/Bull,0.052970798490125,1,BUY,Calm/Bull low stress=0.05
2022-06-10,bist100,2543.086669921875,Calm/Bull,0.0184806890685812,1,BUY,Calm/Bull low stress=0.02
2022-06-13,bist100,2510.086669921875,Calm/Bull,0.0114404387838838,1,BUY,Calm/Bull low stress=0.01
2022-06-14,bist100,2508.886474609375,Calm/Bull,0.0158383987185941,1,BUY,Calm/Bull low stress=0.02
2022-06-15,bist100,2531.086669921875,Calm/Bull,0.0013835076643425,1,BUY,Calm/Bull low stress=0.00
2022-06-16,bist100,2485.38671875,Calm/Bull,0.112690542566647,1,BUY,Calm/Bull low stress=0.11
2022-06-17,bist100,2533.28662109375,Calm/Bull,0.0457210427841019,1,BUY,Calm/Bull low stress=0.05
2022-06-20,bist100,2539.1865234375,Calm/Bull,0.0021506271688965,1,BUY,Calm/Bull low stress=0.00
2022-06-21,bist100,2575.88623046875,Calm/Bull,0.0030780443980224,1,BUY,Calm/Bull low stress=0.00
2022-06-22,bist100,2574.286376953125,Calm/Bull,0.001522759642001,1,BUY,Calm/Bull low stress=0.00
2022-06-23,bist100,2543.1865234375,Calm/Bull,0.0084930658529415,1,BUY,Calm/Bull low stress=0.01
2022-06-24,bist100,2554.086669921875,Calm/Bull,0.0022247531924538,1,BUY,Calm/Bull low stress=0.00
2022-06-27,bist100,2529.28662109375,Calm/Bull,0.0145265879262204,1,BUY,Calm/Bull low stress=0.01
2022-06-28,bist100,2490.186767578125,Calm/Bull,0.3739805061181546,1,BUY,Calm/Bull low stress=0.37
2022-06-29,bist100,2401.9873046875,Stress/Bear,0.9087413786532532,-1,REDUCE,Stress rising=0.91↑
2022-06-30,bist100,2405.38720703125,Calm/Bull,0.0223355433460839,1,BUY,Calm/Bull low stress=0.02
2022-07-01,bist100,2443.787109375,Transition,0.1051640064735149,1,BUY,Transition BUY=0.11
2022-07-04,bist100,2405.9873046875,Calm/Bull,0.0309663053731023,1,BUY,Calm/Bull low stress=0.03
2022-07-05,bist100,2371.287353515625,Calm/Bull,0.0182355095365015,1,BUY,Calm/Bull low stress=0.02
2022-07-06,bist100,2408.187255859375,Calm/Bull,0.0027394447580861,1,BUY,Calm/Bull low stress=0.00
2022-07-07,bist100,2425.587158203125,Calm/Bull,0.0007740441380642,1,BUY,Calm/Bull low stress=0.00
2022-07-08,bist100,2433.987060546875,Calm/Bull,0.0179012927728435,1,BUY,Calm/Bull low stress=0.02
2022-07-13,bist100,2408.08740234375,Calm/Bull,0.0013531468576795,1,BUY,Calm/Bull low stress=0.00
2022-07-14,bist100,2382.38720703125,Calm/Bull,0.000663822578488,1,BUY,Calm/Bull low stress=0.00
2022-07-18,bist100,2451.287109375,Transition,0.0304237922953172,1,BUY,Transition BUY=0.03
2022-07-19,bist100,2501.98681640625,Transition,0.0123546602462272,1,BUY,Transition BUY=0.01
2022-07-20,bist100,2525.1865234375,Calm/Bull,0.0017987473392054,1,BUY,Calm/Bull low stress=0.00
2022-07-21,bist100,2511.386474609375,Calm/Bull,0.0061970702635412,1,BUY,Calm/Bull low stress=0.01
2022-07-22,bist100,2516.586669921875,Calm/Bull,0.0080320130967979,1,BUY,Calm/Bull low stress=0.01
2022-07-25,bist100,2548.486572265625,Calm/Bull,0.003608141481822,1,BUY,Calm/Bull low stress=0.00
2022-07-26,bist100,2537.086669921875,Calm/Bull,0.0174345665158693,1,BUY,Calm/Bull low stress=0.02
2022-07-27,bist100,2544.086669921875,Calm/Bull,0.0016310337690164,1,BUY,Calm/Bull low stress=0.00
2022-07-28,bist100,2543.28662109375,Calm/Bull,0.001073455059527,1,BUY,Calm/Bull low stress=0.00
2022-07-29,bist100,2592.38623046875,Transition,0.0076327553496759,1,BUY,Transition BUY=0.01
2022-08-01,bist100,2656.285888671875,Transition,0.0017117296739097,1,BUY,Transition BUY=0.00
2022-08-02,bist100,2647.5859375,Calm/Bull,0.0009633002286016,1,BUY,Calm/Bull low stress=0.00
2022-08-03,bist100,2684.48583984375,Calm/Bull,0.0013143713418636,1,BUY,Calm/Bull low stress=0.00
2022-08-04,bist100,2723.685546875,Transition,0.0009893610350337,1,BUY,Transition BUY=0.00
2022-08-05,bist100,2750.4853515625,Transition,0.0008211610701428,1,BUY,Transition BUY=0.00
2022-08-08,bist100,2795.085205078125,Transition,0.0003546066268884,1,BUY,Transition BUY=0.00
2022-08-09,bist100,2785.18505859375,Calm/Bull,0.0004098453402245,1,BUY,Calm/Bull low stress=0.00
2022-08-10,bist100,2829.585205078125,Transition,0.0005937109783877,1,BUY,Transition BUY=0.00
2022-08-11,bist100,2868.384765625,Transition,0.0001988175394105,1,BUY,Transition BUY=0.00
2022-08-12,bist100,2864.284912109375,Transition,0.0002146596139763,1,BUY,Transition BUY=0.00
2022-08-15,bist100,2857.184814453125,Calm/Bull,1.9657790534164773e-05,1,BUY,Calm/Bull low stress=0.00
2022-08-16,bist100,2913.28466796875,Stress/Bear,0.9256064985274306,-1,REDUCE,Stress rising=0.93↑
2022-08-17,bist100,2979.984130859375,Transition,0.0001679956372523,1,BUY,Transition BUY=0.00
2022-08-18,bist100,3019.98388671875,Transition,0.0090135345516276,1,BUY,Transition BUY=0.01
2022-08-19,bist100,3020.183837890625,Transition,9.713252741492524e-05,1,BUY,Transition BUY=0.00
2022-08-22,bist100,3062.483642578125,Transition,0.0002575870014918,1,BUY,Transition BUY=0.00
2022-08-23,bist100,3121.4833984375,Transition,8.971408325111771e-05,1,BUY,Transition BUY=0.00
2022-08-24,bist100,3060.283935546875,Calm/Bull,0.1975542476076899,1,BUY,Calm/Bull low stress=0.20
2022-08-25,bist100,3136.783447265625,Transition,0.0013355941019844,1,BUY,Transition BUY=0.00
2022-08-26,bist100,3146.08349609375,Transition,0.0029710102691379,1,BUY,Transition BUY=0.00
2022-08-29,bist100,3164.983154296875,Transition,0.0006170166110083,1,BUY,Transition BUY=0.00
2022-08-31,bist100,3171.18310546875,Calm/Bull,0.0001712281803062,1,BUY,Calm/Bull low stress=0.00
2022-09-01,bist100,3142.683349609375,Calm/Bull,0.0004745089689041,1,BUY,Calm/Bull low stress=0.00
2022-09-02,bist100,3222.682861328125,Transition,0.0017376270509964,1,BUY,Transition BUY=0.00
2022-09-05,bist100,3358.382080078125,Transition,0.0781971105281001,1,BUY,Transition BUY=0.08
2022-09-06,bist100,3391.3818359375,Stress/Bear,0.9138470687171644,-1,REDUCE,Stress rising=0.91↑
2022-09-07,bist100,3402.781982421875,Transition,0.0452809544565622,1,BUY,Transition BUY=0.05
2022-09-08,bist100,3437.381591796875,Transition,0.031494765189252,1,BUY,Transition BUY=0.03
2022-09-09,bist100,3521.381103515625,Transition,0.0342697477956915,1,BUY,Transition BUY=0.03
2022-09-12,bist100,3649.1806640625,Transition,0.0288910261580841,1,BUY,Transition BUY=0.03
2022-09-13,bist100,3426.8818359375,Stress/Bear,1.0,-1,REDUCE,Stress rising=1.00↑
2022-09-14,bist100,3446.981689453125,Stress/Bear,0.999966631726794,1,BUY,Stress peak fading=1.00↓
2022-09-15,bist100,3363.082275390625,Stress/Bear,0.9999970077789108,-1,REDUCE,Stress rising=1.00↑
2022-09-16,bist100,3377.2822265625,Stress/Bear,0.98128126149842,1,BUY,Stress peak fading=0.98↓
2022-09-19,bist100,3199.48291015625,Stress/Bear,1.0,-1,REDUCE,Stress rising=1.00↑
2022-09-20,bist100,3277.482666015625,Stress/Bear,0.999452748678615,1,BUY,Stress peak fading=1.00↓
2022-09-21,bist100,3245.78271484375,Stress/Bear,0.9998597057390496,-1,REDUCE,Stress rising=1.00↑
2022-09-22,bist100,3295.282470703125,Stress/Bear,0.9851227083055898,1,BUY,Stress peak fading=0.99↓
2022-09-23,bist100,3281.582763671875,Stress/Bear,0.9965271679217258,-1,REDUCE,Stress rising=1.00↑
2022-09-26,bist100,3260.1826171875,Stress/Bear,0.9975135470108948,-1,REDUCE,Stress rising=1.00↑
2022-09-27,bist100,3265.582763671875,Stress/Bear,0.9710113718814948,1,BUY,Stress peak fading=0.97↓
2022-09-28,bist100,3198.18310546875,Stress/Bear,0.999067311294827,-1,REDUCE,Stress rising=1.00↑
2022-09-29,bist100,3146.88330078125,Stress/Bear,0.999999999999888,-1,REDUCE,Stress rising=1.00↑
2022-09-30,bist100,3179.983154296875,Stress/Bear,0.9928102989183336,1,BUY,Stress peak fading=0.99↓
2022-10-03,bist100,3392.08203125,Stress/Bear,0.999999987226758,-1,REDUCE,Stress rising=1.00↑
2022-10-04,bist100,3457.981689453125,Stress/Bear,0.998909281515418,1,BUY,Stress peak fading=1.00↓
2022-10-05,bist100,3484.38134765625,Stress/Bear,0.9999776671490012,-1,REDUCE,Stress rising=1.00↑
2022-10-06,bist100,3553.881103515625,Stress/Bear,0.9999991135364452,-1,REDUCE,Stress rising=1.00↑
2022-10-07,bist100,3567.5810546875,Stress/Bear,0.9999998253863424,-1,REDUCE,Stress rising=1.00↑
2022-10-10,bist100,3581.98095703125,Stress/Bear,0.9997256549311307,1,BUY,Stress peak fading=1.00↓
2022-10-11,bist100,3571.5810546875,Stress/Bear,0.7086654705199836,1,BUY,Stress peak fading=0.71↓
2022-10-12,bist100,3517.781494140625,Stress/Bear,0.815459002996777,-1,REDUCE,Stress rising=0.82↑
2022-10-13,bist100,3553.381103515625,Stress/Bear,0.5263830780854676,-1,REDUCE,Stress/Bear active=0.53
2022-10-14,bist100,3626.980712890625,Stress/Bear,0.6974050441625088,-1,REDUCE,Stress/Bear active=0.70
2022-10-17,bist100,3847.57958984375,Stress/Bear,0.9999912520601988,-1,REDUCE,Stress rising=1.00↑
2022-10-18,bist100,3841.579833984375,Stress/Bear,0.9288440788215652,1,BUY,Stress peak fading=0.93↓
2022-10-19,bist100,3880.279541015625,Stress/Bear,0.5291172551476016,-1,REDUCE,Stress/Bear active=0.53
2022-10-20,bist100,3900.879150390625,Stress/Bear,0.609762232238071,-1,REDUCE,Stress/Bear active=0.61
2022-10-21,bist100,3934.579345703125,Transition,0.4332880659804016,1,BUY,Transition BUY=0.43
2022-10-24,bist100,3977.47900390625,Transition,0.2598698316963554,1,BUY,Transition BUY=0.26
2022-10-25,bist100,3974.97900390625,Transition,0.3413171065567176,1,BUY,Transition BUY=0.34
2022-10-26,bist100,3976.37890625,Transition,0.3515023193835754,1,BUY,Transition BUY=0.35
2022-10-27,bist100,3934.479248046875,Stress/Bear,0.6852164009770021,-1,REDUCE,Stress/Bear active=0.69
2022-10-28,bist100,3878.9794921875,Stress/Bear,0.9760511559605416,-1,REDUCE,Stress rising=0.98↑
2022-10-31,bist100,3978.97900390625,Transition,0.0781884645280981,1,BUY,Transition BUY=0.08
2022-11-01,bist100,4054.678466796875,Transition,0.0250260691674064,1,BUY,Transition BUY=0.03
2022-11-02,bist100,4071.87841796875,Transition,0.010741101324931,1,BUY,Transition BUY=0.01
2022-11-03,bist100,4105.47802734375,Transition,0.008443821865097,1,BUY,Transition BUY=0.01
2022-11-04,bist100,4216.9775390625,Transition,0.0541706945039949,1,BUY,Transition BUY=0.05
2022-11-07,bist100,4331.67724609375,Transition,0.0500450848078399,1,BUY,Transition BUY=0.05
2022-11-08,bist100,4360.27685546875,Transition,0.0380000678761019,1,BUY,Transition BUY=0.04
2022-11-09,bist100,4360.97705078125,Transition,0.0243205471337028,1,BUY,Transition BUY=0.02
2022-11-10,bist100,4467.076171875,Transition,0.0800557721813148,1,BUY,Transition BUY=0.08
2022-11-11,bist100,4455.4765625,Transition,0.1091999612292015,1,BUY,Transition BUY=0.11
2022-11-14,bist100,4570.17578125,Transition,0.0130263487524492,1,BUY,Transition BUY=0.01
2022-11-15,bist100,4656.97509765625,Transition,0.0430257195014988,1,BUY,Transition BUY=0.04
2022-11-16,bist100,4668.47509765625,Transition,0.0270892484159122,1,BUY,Transition BUY=0.03
2022-11-17,bist100,4507.17626953125,Stress/Bear,0.99999999995263,-1,REDUCE,Stress rising=1.00↑
2022-11-18,bist100,4526.67626953125,Transition,0.0076172251938071,1,BUY,Transition BUY=0.01
2022-11-21,bist100,4570.275390625,Transition,0.0125311954686291,1,BUY,Transition BUY=0.01
2022-11-22,bist100,4780.6748046875,Stress/Bear,0.9905919575769656,-1,REDUCE,Stress rising=0.99↑
2022-11-23,bist100,4854.17431640625,Transition,0.0405397447573552,1,BUY,Transition BUY=0.04
2022-11-24,bist100,4858.17431640625,Transition,0.1795243063382636,1,BUY,Transition BUY=0.18
2022-11-25,bist100,4874.27392578125,Transition,0.0244225953634416,1,BUY,Transition BUY=0.02
2022-11-28,bist100,4923.17431640625,Transition,0.0224004032907324,1,BUY,Transition BUY=0.02
2022-11-29,bist100,4962.4736328125,Transition,0.2164358481912391,1,BUY,Transition BUY=0.22
2022-11-30,bist100,4977.57373046875,Transition,0.0187243507452193,1,BUY,Transition BUY=0.02
2022-12-01,bist100,5046.17333984375,Transition,0.0134466071540367,1,BUY,Transition BUY=0.01
2022-12-02,bist100,4962.9736328125,Stress/Bear,0.6511342048427786,-1,REDUCE,Stress/Bear active=0.65
2022-12-05,bist100,4957.7734375,Transition,0.0254414458836836,1,BUY,Transition BUY=0.03
2022-12-06,bist100,5000.07373046875,Transition,0.0183533254559852,1,BUY,Transition BUY=0.02
2022-12-07,bist100,4826.974609375,Stress/Bear,0.9999999772979644,-1,REDUCE,Stress rising=1.00↑
2022-12-08,bist100,4855.8740234375,Transition,0.4065822956545156,1,BUY,Transition BUY=0.41
2022-12-09,bist100,5005.2734375,Transition,0.2055908227259204,1,BUY,Transition BUY=0.21
2022-12-12,bist100,5193.2724609375,Transition,0.2059240995668094,1,BUY,Transition BUY=0.21
2022-12-13,bist100,5256.17236328125,Transition,0.0636938321245969,1,BUY,Transition BUY=0.06
2022-12-14,bist100,5066.47314453125,Stress/Bear,0.9999999994043628,-1,REDUCE,Stress rising=1.00↑
2022-12-15,bist100,5188.7724609375,Stress/Bear,0.6781487554399435,-1,REDUCE,Stress/Bear active=0.68
2022-12-16,bist100,5214.27197265625,Transition,0.1043074172049547,1,BUY,Transition BUY=0.10
2022-12-19,bist100,5391.87109375,Transition,0.2939342318666316,1,BUY,Transition BUY=0.29
2022-12-20,bist100,5418.97119140625,Transition,0.044092315462629,1,BUY,Transition BUY=0.04
2022-12-21,bist100,5429.0712890625,Calm/Bull,0.124492614999063,1,BUY,Calm/Bull low stress=0.12
2022-12-22,bist100,5447.17138671875,Transition,0.1553502097312269,1,BUY,Transition BUY=0.16
2022-12-23,bist100,5454.77099609375,Calm/Bull,0.1253536157090583,1,BUY,Calm/Bull low stress=0.13
2022-12-26,bist100,5504.07080078125,Calm/Bull,0.0640422209168996,1,BUY,Calm/Bull low stress=0.06
2022-12-27,bist100,5434.47119140625,Calm/Bull,0.0997534745340658,1,BUY,Calm/Bull low stress=0.10
2022-12-28,bist100,5345.57177734375,Stress/Bear,0.9924577107103492,-1,REDUCE,Stress rising=0.99↑
2022-12-29,bist100,5476.87060546875,Transition,0.2731817953879508,1,BUY,Transition BUY=0.27
2022-12-30,bist100,5509.1708984375,Calm/Bull,0.0705810796447403,1,BUY,Calm/Bull low stress=0.07
2023-01-02,bist100,5661.06982421875,Transition,0.2931854142779282,1,BUY,Transition BUY=0.29
2023-01-03,bist100,5626.5703125,Calm/Bull,0.1470644864312267,1,BUY,Calm/Bull low stress=0.15
2023-01-04,bist100,5523.470703125,Stress/Bear,0.9646881516314428,-1,REDUCE,Stress rising=0.96↑
2023-01-05,bist100,5116.37255859375,Stress/Bear,1.0,-1,REDUCE,Stress rising=1.00↑
2023-01-06,bist100,5341.9716796875,Stress/Bear,1.0,-1,REDUCE,Stress rising=1.00↑
2023-01-09,bist100,5170.97265625,Stress/Bear,0.9999999999999378,1,BUY,Stress peak fading=1.00↓
2023-01-10,bist100,4987.9736328125,Stress/Bear,0.999999999981803,1,BUY,Stress peak fading=1.00↓
2023-01-11,bist100,4728.875,Stress/Bear,1.0,-1,REDUCE,Stress rising=1.00↑
2023-01-12,bist100,4970.673828125,Stress/Bear,1.0,-1,REDUCE,Stress rising=1.00↑
2023-01-13,bist100,4984.87353515625,Stress/Bear,0.999999751729718,1,BUY,Stress peak fading=1.00↓
2023-01-16,bist100,5207.67236328125,Stress/Bear,0.9999999938778004,-1,REDUCE,Stress rising=1.00↑
2023-01-17,bist100,5314.9716796875,Stress/Bear,0.9999999579280124,1,BUY,Stress peak fading=1.00↓
2023-01-18,bist100,5384.171875,Stress/Bear,0.9999999999833592,-1,REDUCE,Stress rising=1.00↑
2023-01-19,bist100,5422.37109375,Stress/Bear,0.9999999964134894,1,BUY,Stress peak fading=1.00↓
2023-01-20,bist100,5490.2705078125,Stress/Bear,0.9999999984308908,-1,REDUCE,Stress rising=1.00↑
2023-01-23,bist100,5404.37109375,Stress/Bear,0.999999999995932,-1,REDUCE,Stress rising=1.00↑
2023-01-24,bist100,5366.4716796875,Stress/Bear,0.999999997075868,1,BUY,Stress peak fading=1.00↓
2023-01-25,bist100,5297.771484375,Stress/Bear,1.0,-1,REDUCE,Stress rising=1.00↑
2023-01-26,bist100,5230.97216796875,Stress/Bear,0.9999999242262672,1,BUY,Stress peak fading=1.00↓
2023-01-27,bist100,5191.7724609375,Stress/Bear,0.9999999988208684,-1,REDUCE,Stress rising=1.00↑
2023-01-30,bist100,5096.27294921875,Stress/Bear,0.9999999722795024,1,BUY,Stress peak fading=1.00↓
2023-01-31,bist100,4976.57373046875,Stress/Bear,0.9999999993045758,-1,REDUCE,Stress rising=1.00↑
2023-02-01,bist100,4713.375,Stress/Bear,1.0,-1,REDUCE,Stress rising=1.00↑
2023-02-02,bist100,4752.1748046875,Stress/Bear,1.0,-1,REDUCE,Stress rising=1.00↑
2023-02-03,bist100,4997.57373046875,Stress/Bear,0.9999999999796644,1,BUY,Stress peak fading=1.00↓
2023-02-06,bist100,4930.173828125,Stress/Bear,0.9999999999300117,1,BUY,Stress peak fading=1.00↓
2023-02-07,bist100,4505.27587890625,Stress/Bear,1.0,-1,REDUCE,Stress rising=1.00↑
2023-02-08,bist100,4505.27587890625,Stress/Bear,1.0,-1,REDUCE,Stress rising=1.00↑
2023-02-15,bist100,4950.4736328125,Stress/Bear,1.0,-1,REDUCE,Stress rising=1.00↑
2023-02-16,bist100,5008.57373046875,Stress/Bear,1.0,-1,REDUCE,Stress rising=1.00↑
2023-02-17,bist100,5026.77294921875,Stress/Bear,0.9999999999978436,1,BUY,Stress peak fading=1.00↓
2023-02-20,bist100,5148.87255859375,Stress/Bear,1.0,-1,REDUCE,Stress rising=1.00↑
2023-02-21,bist100,5149.37255859375,Stress/Bear,1.0,-1,REDUCE,Stress rising=1.00↑
2023-02-22,bist100,5071.373046875,Stress/Bear,0.9999999999996464,1,BUY,Stress peak fading=1.00↓
2023-02-23,bist100,5086.17333984375,Stress/Bear,0.9999999999972822,1,BUY,Stress peak fading=1.00↓
2023-02-24,bist100,5058.77294921875,Stress/Bear,0.9999999999993604,-1,REDUCE,Stress rising=1.00↑
2023-02-27,bist100,5197.37255859375,Stress/Bear,0.9999999999999912,-1,REDUCE,Stress rising=1.00↑
2023-02-28,bist100,5237.27197265625,Stress/Bear,0.9999999999994243,1,BUY,Stress peak fading=1.00↓
2023-03-01,bist100,5322.671875,Stress/Bear,0.9999999999992272,1,BUY,Stress peak fading=1.00↓
2023-03-02,bist100,5261.3720703125,Stress/Bear,0.9999999999996448,-1,REDUCE,Stress rising=1.00↑
2023-03-03,bist100,5212.3720703125,Stress/Bear,1.0,-1,REDUCE,Stress rising=1.00↑
2023-03-06,bist100,5392.27099609375,Stress/Bear,0.9999999999999628,1,BUY,Stress peak fading=1.00↓
2023-03-07,bist100,5381.87158203125,Stress/Bear,0.9999999956686364,1,BUY,Stress peak fading=1.00↓
2023-03-08,bist100,5438.37109375,Stress/Bear,0.9999999990114344,-1,REDUCE,Stress rising=1.00↑
2023-03-09,bist100,5446.17138671875,Stress/Bear,0.999999983670442,1,BUY,Stress peak fading=1.00↓
2023-03-10,bist100,5384.57177734375,Stress/Bear,0.9999998304673828,1,BUY,Stress peak fading=1.00↓
2023-03-13,bist100,5323.171875,Transition,0.3536694015586992,1,BUY,Transition BUY=0.35
2023-03-14,bist100,5207.27197265625,Stress/Bear,0.9480775143365298,-1,REDUCE,Stress rising=0.95↑
2023-03-15,bist100,5121.57275390625,Transition,0.0012998388245453,1,BUY,Transition BUY=0.00
2023-03-16,bist100,5229.572265625,Transition,0.0001260978427215,1,BUY,Transition BUY=0.00
2023-03-17,bist100,5136.37255859375,Transition,0.0002967120393711,1,BUY,Transition BUY=0.00
2023-03-20,bist100,4975.4736328125,Transition,0.0151425802694512,1,BUY,Transition BUY=0.02
2023-03-21,bist100,4906.57421875,Transition,3.03484472386003e-05,1,BUY,Transition BUY=0.00
2023-03-22,bist100,5001.07373046875,Transition,2.4448977941047787e-05,1,BUY,Transition BUY=0.00
2023-03-23,bist100,5061.97314453125,Transition,2.4220018830968437e-05,1,BUY,Transition BUY=0.00
2023-03-24,bist100,5031.97314453125,Transition,7.392679727970935e-06,1,BUY,Transition BUY=0.00
2023-03-27,bist100,4997.7734375,Transition,2.8415686256772524e-06,1,BUY,Transition BUY=0.00
2023-03-28,bist100,4811.474609375,Stress/Bear,0.9739837167227126,-1,REDUCE,Stress rising=0.97↑
2023-03-29,bist100,4943.173828125,Transition,0.0037833270928144,1,BUY,Transition BUY=0.00
2023-03-30,bist100,4896.07421875,Transition,1.8859077464237072e-05,1,BUY,Transition BUY=0.00
2023-03-31,bist100,4812.87451171875,Transition,3.431269712174858e-05,1,BUY,Transition BUY=0.00
2023-04-03,bist100,4839.47412109375,Transition,8.25366737066256e-05,1,BUY,Transition BUY=0.00
2023-04-04,bist100,4984.07373046875,Transition,0.0033343567266259,1,BUY,Transition BUY=0.00
2023-04-05,bist100,4919.8740234375,Transition,0.0004664978299611,1,BUY,Transition BUY=0.00
2023-04-06,bist100,4912.77392578125,Transition,0.0003063834951393,1,BUY,Transition BUY=0.00
2023-04-07,bist100,4924.57373046875,Transition,0.0013613737187756,1,BUY,Transition BUY=0.00
2023-04-10,bist100,5092.27294921875,Transition,0.3755718544227975,1,BUY,Transition BUY=0.38
2023-04-11,bist100,5124.2724609375,Transition,0.0231148116457319,1,BUY,Transition BUY=0.02
2023-04-12,bist100,5146.07275390625,Transition,0.0240106851163904,1,BUY,Transition BUY=0.02
2023-04-13,bist100,5135.57275390625,Transition,0.0197672459770075,1,BUY,Transition BUY=0.02
2023-04-14,bist100,5092.873046875,Transition,0.017096026363107,1,BUY,Transition BUY=0.02
2023-04-17,bist100,5059.373046875,Transition,0.0012409140709907,1,BUY,Transition BUY=0.00
2023-04-18,bist100,5018.67333984375,Transition,0.0016137723770113,1,BUY,Transition BUY=0.00
2023-04-19,bist100,5061.17333984375,Transition,0.0013994996973572,1,BUY,Transition BUY=0.00
2023-04-20,bist100,5012.2734375,Transition,0.0013185178131572,1,BUY,Transition BUY=0.00
2023-04-24,bist100,5022.77294921875,Transition,0.0007236982725795,1,BUY,Transition BUY=0.00
2023-04-25,bist100,4890.97412109375,Stress/Bear,0.7833887857459739,-1,REDUCE,Stress rising=0.78↑
2023-04-26,bist100,4783.474609375,Transition,0.2131036613354109,1,BUY,Transition BUY=0.21
2023-04-27,bist100,4789.57470703125,Transition,0.0007049511185804,1,BUY,Transition BUY=0.00
2023-04-28,bist100,4617.87548828125,Stress/Bear,0.9999999130277042,-1,REDUCE,Stress rising=1.00↑
2023-05-02,bist100,4506.17626953125,Stress/Bear,0.9664439948212072,1,BUY,Stress peak fading=0.97↓
2023-05-03,bist100,4485.97607421875,Stress/Bear,0.999582610360346,-1,REDUCE,Stress rising=1.00↑
2023-05-04,bist100,4484.3759765625,Transition,0.005876334757484,1,BUY,Transition BUY=0.01
2023-05-05,bist100,4400.7763671875,Transition,0.0240716346270321,1,BUY,Transition BUY=0.02
2023-05-08,bist100,4561.87548828125,Stress/Bear,0.9871408692107474,-1,REDUCE,Stress rising=0.99↑
2023-05-09,bist100,4536.17626953125,Transition,0.0823231564665561,1,BUY,Transition BUY=0.08
2023-05-10,bist100,4494.47607421875,Transition,0.0274380421039279,1,BUY,Transition BUY=0.03
2023-05-11,bist100,4847.97412109375,Stress/Bear,1.0,-1,REDUCE,Stress rising=1.00↑
2023-05-12,bist100,4795.57470703125,Stress/Bear,0.9999999998918304,1,BUY,Stress peak fading=1.00↓
2023-05-15,bist100,4501.17626953125,Stress/Bear,0.9999999999990764,-1,REDUCE,Stress rising=1.00↑
2023-05-16,bist100,4589.67578125,Stress/Bear,0.9999990616241694,1,BUY,Stress peak fading=1.00↓
2023-05-17,bist100,4661.67529296875,Stress/Bear,0.9999372452722474,1,BUY,Stress peak fading=1.00↓
2023-05-18,bist100,4501.67626953125,Stress/Bear,0.9999999990362198,-1,REDUCE,Stress rising=1.00↑
2023-05-22,bist100,4466.17626953125,Stress/Bear,0.9999981847212434,1,BUY,Stress peak fading=1.00↓
2023-05-23,bist100,4470.97607421875,Stress/Bear,0.9999582090976792,1,BUY,Stress peak fading=1.00↓
2023-05-24,bist100,4424.87646484375,Stress/Bear,0.9999769915660308,-1,REDUCE,Stress rising=1.00↑
2023-05-25,bist100,4427.9765625,Stress/Bear,0.9999288224182812,1,BUY,Stress peak fading=1.00↓
2023-05-26,bist100,4580.67578125,Stress/Bear,0.9999810316881278,-1,REDUCE,Stress rising=1.00↑
2023-05-29,bist100,4768.57470703125,Stress/Bear,0.9999997098697756,-1,REDUCE,Stress rising=1.00↑
2023-05-30,bist100,4951.37353515625,Stress/Bear,0.9999997780658204,-1,REDUCE,Stress rising=1.00↑
2023-05-31,bist100,4886.8740234375,Stress/Bear,0.9999999847951778,-1,REDUCE,Stress rising=1.00↑
2023-06-01,bist100,4959.7734375,Stress/Bear,0.9999993611858498,1,BUY,Stress peak fading=1.00↓
2023-06-02,bist100,5114.97265625,Stress/Bear,0.9999990786271624,1,BUY,Stress peak fading=1.00↓
2023-06-05,bist100,5372.671875,Stress/Bear,0.9999998870556218,-1,REDUCE,Stress rising=1.00↑
2023-06-06,bist100,5388.77099609375,Stress/Bear,0.999996587615594,1,BUY,Stress peak fading=1.00↓
2023-06-07,bist100,5561.1708984375,Stress/Bear,0.9999999364155684,-1,REDUCE,Stress rising=1.00↑
2023-06-08,bist100,5553.970703125,Stress/Bear,0.9999996498998422,1,BUY,Stress peak fading=1.00↓
2023-06-09,bist100,5626.47021484375,Stress/Bear,0.9985238690151212,1,BUY,Stress peak fading=1.00↓
2023-06-12,bist100,5588.97021484375,Stress/Bear,0.9977333725260308,1,BUY,Stress peak fading=1.00↓
2023-06-13,bist100,5429.0712890625,Stress/Bear,0.9999857757906196,-1,REDUCE,Stress rising=1.00↑
2023-06-14,bist100,5360.771484375,Stress/Bear,0.9980751509379197,1,BUY,Stress peak fading=1.00↓
2023-06-15,bist100,5495.470703125,Stress/Bear,0.967502873574792,1,BUY,Stress peak fading=0.97↓
2023-06-16,bist100,5475.47119140625,Stress/Bear,0.8997661554820309,1,BUY,Stress peak fading=0.90↓
2023-06-19,bist100,5269.27197265625,Stress/Bear,0.999999996772134,-1,REDUCE,Stress rising=1.00↑
2023-06-20,bist100,5251.572265625,Stress/Bear,0.9774364411508412,1,BUY,Stress peak fading=0.98↓
2023-06-21,bist100,5186.7724609375,Stress/Bear,0.997116852606966,-1,REDUCE,Stress rising=1.00↑
2023-06-22,bist100,5428.27099609375,Stress/Bear,0.9999997168703516,-1,REDUCE,Stress rising=1.00↑
2023-06-23,bist100,5582.77001953125,Stress/Bear,0.9883920938011116,1,BUY,Stress peak fading=0.99↓
2023-06-26,bist100,5732.86962890625,Stress/Bear,0.9382616264590669,1,BUY,Stress peak fading=0.94↓
2023-06-27,bist100,5759.0693359375,Stress/Bear,0.991674887342186,-1,REDUCE,Stress rising=0.99↑
2023-07-03,bist100,6015.26806640625,Stress/Bear,0.9997639814425509,-1,REDUCE,Stress rising=1.00↑
2023-07-04,bist100,6003.8681640625,Stress/Bear,0.9810465040851224,1,BUY,Stress peak fading=0.98↓
2023-07-05,bist100,6106.767578125,Stress/Bear,0.9898352840491332,-1,REDUCE,Stress rising=0.99↑
2023-07-06,bist100,6141.0673828125,Transition,0.3855708952400317,1,BUY,Transition BUY=0.39
2023-07-07,bist100,6187.0673828125,Transition,0.2847050176255419,1,BUY,Transition BUY=0.28
2023-07-10,bist100,6270.36669921875,Transition,0.4290246943348828,1,BUY,Transition BUY=0.43
2023-07-11,bist100,6362.8662109375,Transition,0.3321553242178172,1,BUY,Transition BUY=0.33
2023-07-12,bist100,6342.06640625,Transition,0.478501544068468,1,BUY,Transition BUY=0.48
2023-07-13,bist100,6368.3662109375,Transition,0.1805926763093499,1,BUY,Transition BUY=0.18
2023-07-14,bist100,6437.666015625,Transition,0.0344872786576715,1,BUY,Transition BUY=0.03
2023-07-17,bist100,6600.46484375,Transition,0.0903034182394138,1,BUY,Transition BUY=0.09
2023-07-18,bist100,6364.96630859375,Stress/Bear,0.9999999873542544,-1,REDUCE,Stress rising=1.00↑
2023-07-19,bist100,6571.26513671875,Stress/Bear,0.9451182628788418,1,BUY,Stress peak fading=0.95↓
2023-07-20,bist100,6682.064453125,Transition,0.0535526770162706,1,BUY,Transition BUY=0.05
2023-07-21,bist100,6687.76416015625,Transition,0.0352243627145214,1,BUY,Transition BUY=0.04
2023-07-24,bist100,6695.064453125,Transition,0.1021282306120219,1,BUY,Transition BUY=0.10
2023-07-25,bist100,6604.96484375,Transition,0.105948547635863,1,BUY,Transition BUY=0.11
2023-07-26,bist100,6743.8642578125,Transition,0.014691363791128,1,BUY,Transition BUY=0.01
2023-07-27,bist100,6856.06396484375,Transition,0.0233507206633438,1,BUY,Transition BUY=0.02
2023-07-28,bist100,7067.26220703125,Transition,0.0674399186349598,1,BUY,Transition BUY=0.07
2023-07-31,bist100,7216.9619140625,Transition,0.010975176335282,1,BUY,Transition BUY=0.01
2023-08-01,bist100,7168.4619140625,Transition,0.0908801566640651,1,BUY,Transition BUY=0.09
2023-08-02,bist100,7258.46142578125,Transition,0.0074583151373335,1,BUY,Transition BUY=0.01
2023-08-03,bist100,7221.4619140625,Transition,0.012358144904816,1,BUY,Transition BUY=0.01
2023-08-04,bist100,7400.56103515625,Transition,0.0416965867924253,1,BUY,Transition BUY=0.04
2023-08-07,bist100,7470.060546875,Transition,0.0096380649198962,1,BUY,Transition BUY=0.01
2023-08-08,bist100,7412.16064453125,Transition,0.0116360791929576,1,BUY,Transition BUY=0.01
2023-08-09,bist100,7600.65966796875,Transition,0.2204004832283213,1,BUY,Transition BUY=0.22
2023-08-10,bist100,7441.46044921875,Stress/Bear,0.9999994313705312,-1,REDUCE,Stress rising=1.00↑
2023-08-11,bist100,7714.35888671875,Stress/Bear,0.8983545039088958,1,BUY,Stress peak fading=0.90↓
2023-08-14,bist100,7737.35888671875,Transition,0.0739503128764979,1,BUY,Transition BUY=0.07
2023-08-15,bist100,7690.7587890625,Transition,0.4696839980409769,1,BUY,Transition BUY=0.47
2023-08-16,bist100,7662.25927734375,Transition,0.0180048169768205,1,BUY,Transition BUY=0.02
2023-08-17,bist100,7764.458984375,Transition,0.0086949687768738,1,BUY,Transition BUY=0.01
2023-08-18,bist100,7513.259765625,Stress/Bear,0.9999999992994066,-1,REDUCE,Stress rising=1.00↑
2023-08-21,bist100,7796.65869140625,Stress/Bear,0.9996838742493732,1,BUY,Stress peak fading=1.00↓
2023-08-22,bist100,7771.2587890625,Transition,0.2415908291072876,1,BUY,Transition BUY=0.24
2023-08-23,bist100,7602.15966796875,Stress/Bear,0.955942493310957,-1,REDUCE,Stress rising=0.96↑
2023-08-24,bist100,7491.8603515625,Stress/Bear,0.9999999543351692,-1,REDUCE,Stress rising=1.00↑
2023-08-25,bist100,7716.6591796875,Stress/Bear,0.9682999706138162,1,BUY,Stress peak fading=0.97↓
2023-08-28,bist100,7941.658203125,Transition,0.215221610082469,1,BUY,Transition BUY=0.22
2023-08-29,bist100,7907.05810546875,Transition,0.1589029899049676,1,BUY,Transition BUY=0.16
2023-08-31,bist100,7917.85791015625,Transition,0.1420858364310899,1,BUY,Transition BUY=0.14
2023-09-01,bist100,8056.05712890625,Transition,0.357854629501851,1,BUY,Transition BUY=0.36
2023-09-04,bist100,8141.2568359375,Transition,0.1043932418826414,1,BUY,Transition BUY=0.10
2023-09-05,bist100,8236.0556640625,Transition,0.0642861143385172,1,BUY,Transition BUY=0.06
2023-09-06,bist100,8181.65673828125,Calm/Bull,0.1498946376147921,1,BUY,Calm/Bull low stress=0.15
2023-09-07,bist100,8337.65625,Transition,0.0916855237507605,1,BUY,Transition BUY=0.09
2023-09-08,bist100,8325.255859375,Transition,0.0589159182581409,1,BUY,Transition BUY=0.06
2023-09-11,bist100,8146.45654296875,Stress/Bear,0.8067600464821394,-1,REDUCE,Stress rising=0.81↑
2023-09-12,bist100,8159.8564453125,Transition,0.0429394219094222,1,BUY,Transition BUY=0.04
2023-09-13,bist100,8013.857421875,Stress/Bear,0.6270283591163756,-1,REDUCE,Stress/Bear active=0.63
2023-09-14,bist100,8118.7568359375,Stress/Bear,0.8756072956494448,-1,REDUCE,Stress rising=0.88↑
2023-09-15,bist100,7961.95751953125,Calm/Bull,0.1700840682110102,1,BUY,Calm/Bull low stress=0.17
2023-09-18,bist100,7680.359375,Stress/Bear,0.995225719922597,-1,REDUCE,Stress rising=1.00↑
2023-09-19,bist100,7783.95849609375,Transition,0.0928871976678224,1,BUY,Transition BUY=0.09
2023-09-20,bist100,7719.7587890625,Calm/Bull,0.0414571716413628,1,BUY,Calm/Bull low stress=0.04
2023-09-21,bist100,8000.45751953125,Stress/Bear,0.9376125953110306,-1,REDUCE,Stress rising=0.94↑
2023-09-22,bist100,8039.15771484375,Calm/Bull,0.0181982949792724,1,BUY,Calm/Bull low stress=0.02
2023-09-25,bist100,8304.755859375,Transition,0.3116335041328684,1,BUY,Transition BUY=0.31
2023-09-26,bist100,8242.255859375,Calm/Bull,0.1002777492991068,1,BUY,Calm/Bull low stress=0.10
2023-09-27,bist100,8213.755859375,Calm/Bull,0.0622309794540659,1,BUY,Calm/Bull low stress=0.06
2023-09-28,bist100,8218.65625,Calm/Bull,0.0097024359808547,1,BUY,Calm/Bull low stress=0.01
2023-09-29,bist100,8334.8564453125,Transition,0.0170360545081858,1,BUY,Transition BUY=0.02
2023-10-02,bist100,8486.955078125,Transition,0.0229792176008241,1,BUY,Transition BUY=0.02
2023-10-03,bist100,8513.455078125,Calm/Bull,0.0138145423593268,1,BUY,Calm/Bull low stress=0.01
2023-10-04,bist100,8333.0556640625,Calm/Bull,0.1225524724336947,1,BUY,Calm/Bull low stress=0.12
2023-10-05,bist100,8487.955078125,Stress/Bear,0.576485024866885,-1,REDUCE,Stress/Bear active=0.58
2023-10-06,bist100,8464.85546875,Calm/Bull,0.0152345062382963,1,BUY,Calm/Bull low stress=0.02
2023-10-09,bist100,8193.3564453125,Stress/Bear,0.6631913860288355,-1,REDUCE,Stress/Bear active=0.66
2023-10-10,bist100,8442.7548828125,Stress/Bear,0.5498210761726394,-1,REDUCE,Stress/Bear active=0.55
2023-10-11,bist100,8330.5556640625,Calm/Bull,0.1347393093002758,1,BUY,Calm/Bull low stress=0.13
2023-10-12,bist100,8259.255859375,Stress/Bear,0.9999982306416214,-1,REDUCE,Stress rising=1.00↑
2023-10-13,bist100,8113.2568359375,Calm/Bull,0.2435339668721564,1,BUY,Calm/Bull low stress=0.24
2023-10-16,bist100,7934.55810546875,Stress/Bear,0.9992031442172234,-1,REDUCE,Stress rising=1.00↑
2023-10-17,bist100,8114.95703125,Transition,0.4020469671686906,1,BUY,Transition BUY=0.40
2023-10-18,bist100,7842.65869140625,Stress/Bear,0.97844719491499,-1,REDUCE,Stress rising=0.98↑
2023-10-19,bist100,7768.958984375,Stress/Bear,0.757678079864138,1,BUY,Stress peak fading=0.76↓
2023-10-20,bist100,7510.66015625,Stress/Bear,0.9800027970756874,-1,REDUCE,Stress rising=0.98↑
2023-10-23,bist100,7750.35888671875,Stress/Bear,0.8434667258656452,1,BUY,Stress peak fading=0.84↓
2023-10-24,bist100,7990.357421875,Stress/Bear,0.7569470213253673,1,BUY,Stress peak fading=0.76↓
2023-10-25,bist100,7424.96044921875,Stress/Bear,1.0,-1,REDUCE,Stress rising=1.00↑
2023-10-26,bist100,7662.0595703125,Stress/Bear,0.9999984875276532,1,BUY,Stress peak fading=1.00↓
2023-10-27,bist100,7706.35888671875,Stress/Bear,0.9999662472575962,1,BUY,Stress peak fading=1.00↓
2023-10-30,bist100,7712.85888671875,Stress/Bear,0.9991494775758522,1,BUY,Stress peak fading=1.00↓
2023-10-31,bist100,7514.06005859375,Stress/Bear,0.9999982070705112,-1,REDUCE,Stress rising=1.00↑
2023-11-01,bist100,7528.56005859375,Stress/Bear,0.9999992116612384,-1,REDUCE,Stress rising=1.00↑
2023-11-02,bist100,7663.5595703125,Stress/Bear,0.999448312709032,1,BUY,Stress peak fading=1.00↓
2023-11-03,bist100,7705.958984375,Stress/Bear,0.9992525556614744,1,BUY,Stress peak fading=1.00↓
2023-11-06,bist100,7867.95849609375,Stress/Bear,0.999250590807832,1,BUY,Stress peak fading=1.00↓
2023-11-07,bist100,7844.75830078125,Stress/Bear,0.9996182866776364,-1,REDUCE,Stress rising=1.00↑
2023-11-08,bist100,7860.8583984375,Stress/Bear,0.9986910851722404,1,BUY,Stress peak fading=1.00↓
2023-11-09,bist100,7841.45849609375,Stress/Bear,0.9958243135372968,1,BUY,Stress peak fading=1.00↓
2023-11-10,bist100,7771.2587890625,Stress/Bear,0.9980424410418944,-1,REDUCE,Stress rising=1.00↑
2023-11-13,bist100,7568.259765625,Stress/Bear,0.9995962135767268,-1,REDUCE,Stress rising=1.00↑
2023-11-14,bist100,7671.0595703125,Stress/Bear,0.9877120308578212,1,BUY,Stress peak fading=0.99↓
2023-11-15,bist100,7665.859375,Stress/Bear,0.9701284826920076,1,BUY,Stress peak fading=0.97↓
2023-11-16,bist100,7780.65869140625,Stress/Bear,0.9366004572944354,1,BUY,Stress peak fading=0.94↓
2023-11-17,bist100,7853.3583984375,Stress/Bear,0.8574038621911703,1,BUY,Stress peak fading=0.86↓
2023-11-20,bist100,7946.35791015625,Stress/Bear,0.8902349107827331,-1,REDUCE,Stress rising=0.89↑
2023-11-21,bist100,8046.5576171875,Stress/Bear,0.6403584016143099,-1,REDUCE,Stress/Bear active=0.64
2023-11-22,bist100,7986.95751953125,Transition,0.0067385502629254,1,BUY,Transition BUY=0.01
2023-11-23,bist100,7898.55810546875,Transition,0.0063692027281966,1,BUY,Transition BUY=0.01
2023-11-24,bist100,7959.9580078125,Transition,0.0010297129320795,1,BUY,Transition BUY=0.00
2023-11-27,bist100,8107.1572265625,Transition,0.0053707748767853,1,BUY,Transition BUY=0.01
2023-11-28,bist100,8093.45703125,Transition,0.0007585077854274,1,BUY,Transition BUY=0.00
2023-11-29,bist100,8009.25732421875,Transition,0.0016839355828921,1,BUY,Transition BUY=0.00
2023-11-30,bist100,7948.55810546875,Transition,0.0011494314262943,1,BUY,Transition BUY=0.00
2023-12-01,bist100,8026.25732421875,Transition,0.000704000181581,1,BUY,Transition BUY=0.00
2023-12-04,bist100,8087.1572265625,Transition,0.0005374829471394,1,BUY,Transition BUY=0.00
2023-12-05,bist100,8057.35693359375,Transition,0.000438718193447,1,BUY,Transition BUY=0.00
2023-12-06,bist100,7855.05859375,Stress/Bear,0.9046055795596456,-1,REDUCE,Stress rising=0.90↑
2023-12-07,bist100,7978.75732421875,Transition,0.0087230676822454,1,BUY,Transition BUY=0.01
2023-12-08,bist100,7913.7578125,Transition,0.0014633422979739,1,BUY,Transition BUY=0.00
2023-12-11,bist100,7728.35888671875,Transition,0.2633463094669899,1,BUY,Transition BUY=0.26
2023-12-12,bist100,7748.85888671875,Transition,0.001897808775106,1,BUY,Transition BUY=0.00
2023-12-13,bist100,7529.259765625,Stress/Bear,0.5117275869538681,-1,REDUCE,Stress/Bear active=0.51
2023-12-14,bist100,7813.3583984375,Transition,0.4150892932288679,1,BUY,Transition BUY=0.42
2023-12-15,bist100,7993.857421875,Transition,0.0178756555321933,1,BUY,Transition BUY=0.02
2023-12-18,bist100,7790.3583984375,Stress/Bear,0.738131379372057,-1,REDUCE,Stress rising=0.74↑
2023-12-19,bist100,7725.85888671875,Transition,0.0274533686372491,1,BUY,Transition BUY=0.03
2023-12-20,bist100,7662.859375,Transition,0.0841975829514627,1,BUY,Transition BUY=0.08
2023-12-21,bist100,7764.958984375,Transition,0.015070785742163,1,BUY,Transition BUY=0.02
2023-12-22,bist100,7557.56005859375,Stress/Bear,0.7969367697570697,-1,REDUCE,Stress rising=0.80↑
2023-12-26,bist100,7299.26123046875,Stress/Bear,0.8796288208217643,-1,REDUCE,Stress rising=0.88↑
2023-12-27,bist100,7260.361328125,Transition,0.1765529807091351,1,BUY,Transition BUY=0.18
2023-12-28,bist100,7396.2607421875,Transition,0.1293820265275742,1,BUY,Transition BUY=0.13
2023-12-29,bist100,7470.16064453125,Transition,0.4753622769905328,1,BUY,Transition BUY=0.48
2024-01-02,bist100,7624.25927734375,Transition,0.396455644173235,1,BUY,Transition BUY=0.40
2024-01-03,bist100,7411.96044921875,Stress/Bear,0.9697548459887272,-1,REDUCE,Stress rising=0.97↑
2024-01-04,bist100,7547.759765625,Stress/Bear,0.692433574474173,-1,REDUCE,Stress/Bear active=0.69
2024-01-05,bist100,7628.65966796875,Transition,0.3613080888263581,1,BUY,Transition BUY=0.36
2024-01-08,bist100,7818.8583984375,Stress/Bear,0.6772679328416338,-1,REDUCE,Stress/Bear active=0.68
2024-01-09,bist100,7736.2587890625,Stress/Bear,0.6894250722936386,-1,REDUCE,Stress/Bear active=0.69
2024-01-10,bist100,7874.158203125,Stress/Bear,0.5481316887922325,-1,REDUCE,Stress/Bear active=0.55
2024-01-11,bist100,7895.9580078125,Stress/Bear,0.4547232455634745,0,HOLD,Stress exit zone=0.45
2024-01-12,bist100,7986.45751953125,Stress/Bear,0.9009464959387048,-1,REDUCE,Stress rising=0.90↑
2024-01-15,bist100,8043.95751953125,Transition,0.0312057240263641,1,BUY,Transition BUY=0.03
2024-01-16,bist100,8032.15771484375,Calm/Bull,0.0481855011841003,1,BUY,Calm/Bull low stress=0.05
2024-01-17,bist100,8024.357421875,Transition,0.0198210971763967,1,BUY,Transition BUY=0.02
2024-01-18,bist100,8016.0576171875,Transition,0.0123390345855834,1,BUY,Transition BUY=0.01
2024-01-19,bist100,7996.65771484375,Calm/Bull,0.0017582145253618,1,BUY,Calm/Bull low stress=0.00
2024-01-22,bist100,8010.0576171875,Calm/Bull,0.0015422807506232,1,BUY,Calm/Bull low stress=0.00
2024-01-23,bist100,7950.05810546875,Calm/Bull,0.0165706985144067,1,BUY,Calm/Bull low stress=0.02
2024-01-24,bist100,8090.85693359375,Transition,0.0035399531068458,1,BUY,Transition BUY=0.00
2024-01-25,bist100,8169.8564453125,Calm/Bull,0.0003854915156108,1,BUY,Calm/Bull low stress=0.00
2024-01-26,bist100,8346.255859375,Transition,0.0011947458254823,1,BUY,Transition BUY=0.00
2024-01-29,bist100,8471.6552734375,Calm/Bull,0.0009003158960575,1,BUY,Calm/Bull low stress=0.00
2024-01-30,bist100,8474.2548828125,Calm/Bull,0.0009638397674158,1,BUY,Calm/Bull low stress=0.00
2024-01-31,bist100,8496.6552734375,Transition,0.0001343159279051,1,BUY,Transition BUY=0.00
2024-02-01,bist100,8646.0537109375,Transition,0.0002228686156344,1,BUY,Transition BUY=0.00
2024-02-02,bist100,8665.654296875,Transition,8.097779694756249e-05,1,BUY,Transition BUY=0.00
2024-02-05,bist100,8776.6533203125,Transition,3.640146711655139e-05,1,BUY,Transition BUY=0.00
2024-02-06,bist100,8869.052734375,Transition,2.2042347414040363e-05,1,BUY,Transition BUY=0.00
2024-02-07,bist100,8842.953125,Transition,9.45531081614592e-06,1,BUY,Transition BUY=0.00
2024-02-08,bist100,8949.751953125,Transition,1.3193777196283603e-05,1,BUY,Transition BUY=0.00
2024-02-09,bist100,9045.9521484375,Transition,9.595289640307824e-06,1,BUY,Transition BUY=0.00
2024-02-12,bist100,9174.55078125,Transition,1.7782856429856243e-05,1,BUY,Transition BUY=0.00
2024-02-13,bist100,8993.9521484375,Calm/Bull,0.0070435878798398,1,BUY,Calm/Bull low stress=0.01
2024-02-14,bist100,9072.0517578125,Transition,7.253411388874325e-05,1,BUY,Transition BUY=0.00
2024-02-15,bist100,9242.1513671875,Transition,0.0001753536271463,1,BUY,Transition BUY=0.00
2024-02-16,bist100,9250.3515625,Transition,0.0001953259991251,1,BUY,Transition BUY=0.00
2024-02-19,bist100,9196.3515625,Calm/Bull,0.0012796424756873,1,BUY,Calm/Bull low stress=0.00
2024-02-20,bist100,9344.9501953125,Transition,0.0001649113376777,1,BUY,Transition BUY=0.00
2024-02-21,bist100,9312.0498046875,Calm/Bull,8.421101796242239e-05,1,BUY,Calm/Bull low stress=0.00
2024-02-22,bist100,9347.150390625,Calm/Bull,5.769941768740799e-05,1,BUY,Calm/Bull low stress=0.00
2024-02-23,bist100,9374.150390625,Calm/Bull,2.081001025104487e-05,1,BUY,Calm/Bull low stress=0.00
2024-02-26,bist100,9334.0498046875,Calm/Bull,2.280154634612556e-05,1,BUY,Calm/Bull low stress=0.00
2024-02-27,bist100,9179.451171875,Calm/Bull,0.0001730304269243,1,BUY,Calm/Bull low stress=0.00
2024-02-28,bist100,9062.3525390625,Calm/Bull,0.000193297503247,1,BUY,Calm/Bull low stress=0.00
2024-02-29,bist100,9193.6513671875,Calm/Bull,0.0002747680620213,1,BUY,Calm/Bull low stress=0.00
2024-03-01,bist100,9097.15234375,Calm/Bull,0.000130110731058,1,BUY,Calm/Bull low stress=0.00
2024-03-04,bist100,8907.6533203125,Calm/Bull,0.0037945956297912,1,BUY,Calm/Bull low stress=0.00
2024-03-05,bist100,8860.453125,Calm/Bull,0.0001337009142982,1,BUY,Calm/Bull low stress=0.00
2024-03-06,bist100,8744.552734375,Calm/Bull,0.0001997784643873,1,BUY,Calm/Bull low stress=0.00
2024-03-07,bist100,9054.15234375,Transition,0.0756892756654595,1,BUY,Transition BUY=0.08
2024-03-08,bist100,9155.2509765625,Calm/Bull,0.0007505807397123,1,BUY,Calm/Bull low stress=0.00
2024-03-11,bist100,9131.7509765625,Calm/Bull,0.0229688161071668,1,BUY,Calm/Bull low stress=0.02
2024-03-12,bist100,9068.9521484375,Calm/Bull,0.0033931003135259,1,BUY,Calm/Bull low stress=0.00
2024-03-13,bist100,8910.1533203125,Calm/Bull,0.0053107177782042,1,BUY,Calm/Bull low stress=0.01
2024-03-14,bist100,8883.453125,Calm/Bull,0.000234392042662,1,BUY,Calm/Bull low stress=0.00
2024-03-15,bist100,8828.6533203125,Calm/Bull,0.0004350267601106,1,BUY,Calm/Bull low stress=0.00
2024-03-18,bist100,8718.0537109375,Calm/Bull,0.0005594833297336,1,BUY,Calm/Bull low stress=0.00
2024-03-19,bist100,8929.8525390625,Transition,0.0328857199183261,1,BUY,Transition BUY=0.03
2024-03-20,bist100,8955.0517578125,Calm/Bull,0.0003867000068731,1,BUY,Calm/Bull low stress=0.00
2024-03-21,bist100,9140.6513671875,Transition,0.0157332713136181,1,BUY,Transition BUY=0.02
2024-03-22,bist100,9111.4521484375,Calm/Bull,0.0012672006934941,1,BUY,Calm/Bull low stress=0.00
2024-03-25,bist100,9029.3525390625,Stress/Bear,0.6639647239040899,-1,REDUCE,Stress/Bear active=0.66
2024-03-26,bist100,8807.353515625,Calm/Bull,0.11407725971291,1,BUY,Calm/Bull low stress=0.11
2024-03-27,bist100,8806.6533203125,Calm/Bull,0.0008097790535725,1,BUY,Calm/Bull low stress=0.00
2024-03-28,bist100,9079.9521484375,Transition,0.1429111627699656,1,BUY,Transition BUY=0.14
2024-03-29,bist100,9142.3515625,Calm/Bull,0.0010932052060666,1,BUY,Calm/Bull low stress=0.00
2024-04-01,bist100,9157.451171875,Calm/Bull,0.2906581805129814,1,BUY,Calm/Bull low stress=0.29
2024-04-02,bist100,9040.8525390625,Calm/Bull,0.0681638130292922,1,BUY,Calm/Bull low stress=0.07
2024-04-03,bist100,8945.751953125,Calm/Bull,0.0015184536126623,1,BUY,Calm/Bull low stress=0.00
2024-04-04,bist100,9128.951171875,Transition,0.0208002664045003,1,BUY,Transition BUY=0.02
2024-04-05,bist100,9618.7490234375,Transition,0.4405352614284622,1,BUY,Transition BUY=0.44
2024-04-08,bist100,9756.6484375,Calm/Bull,0.0136156776005967,1,BUY,Calm/Bull low stress=0.01
2024-04-09,bist100,9814.1484375,Stress/Bear,0.7584771917435039,-1,REDUCE,Stress rising=0.76↑
2024-04-15,bist100,9679.748046875,Calm/Bull,0.2154072152557053,1,BUY,Calm/Bull low stress=0.22
2024-04-16,bist100,9548.048828125,Calm/Bull,0.0328438429742557,1,BUY,Calm/Bull low stress=0.03
2024-04-17,bist100,9530.44921875,Calm/Bull,0.0186601704609886,1,BUY,Calm/Bull low stress=0.02
2024-04-18,bist100,9524.548828125,Calm/Bull,0.0310616439483522,1,BUY,Calm/Bull low stress=0.03
2024-04-19,bist100,9693.4482421875,Transition,0.1885398855003744,1,BUY,Transition BUY=0.19
2024-04-22,bist100,9644.94921875,Calm/Bull,0.0056862712988487,1,BUY,Calm/Bull low stress=0.01
2024-04-24,bist100,9722.0478515625,Calm/Bull,0.0053250597167434,1,BUY,Calm/Bull low stress=0.01
2024-04-25,bist100,9716.748046875,Calm/Bull,0.0020978635615174,1,BUY,Calm/Bull low stress=0.00
2024-04-26,bist100,9915.546875,Transition,0.027667138157191,1,BUY,Transition BUY=0.03
2024-04-29,bist100,10082.74609375,Calm/Bull,0.0090545296260116,1,BUY,Calm/Bull low stress=0.01
2024-04-30,bist100,10045.646484375,Calm/Bull,0.0075579351213868,1,BUY,Calm/Bull low stress=0.01
2024-05-02,bist100,10208.646484375,Calm/Bull,0.0035790759996615,1,BUY,Calm/Bull low stress=0.00
2024-05-03,bist100,10276.845703125,Calm/Bull,0.0024007122289756,1,BUY,Calm/Bull low stress=0.00
2024-05-06,bist100,10267.044921875,Calm/Bull,0.0018272791687638,1,BUY,Calm/Bull low stress=0.00
2024-05-07,bist100,10336.4453125,Calm/Bull,0.0080103193706613,1,BUY,Calm/Bull low stress=0.01
2024-05-08,bist100,10247.7451171875,Calm/Bull,0.0048874704081607,1,BUY,Calm/Bull low stress=0.00
2024-05-09,bist100,10268.544921875,Calm/Bull,0.0012747555946203,1,BUY,Calm/Bull low stress=0.00
2024-05-10,bist100,10218.544921875,Calm/Bull,1.335524774633836e-05,1,BUY,Calm/Bull low stress=0.00
2024-05-13,bist100,10055.9462890625,Calm/Bull,0.000116502126409,1,BUY,Calm/Bull low stress=0.00
2024-05-14,bist100,10173.3466796875,Transition,0.0004789986656709,1,BUY,Transition BUY=0.00
2024-05-15,bist100,10158.5458984375,Calm/Bull,1.0319778745734492e-05,1,BUY,Calm/Bull low stress=0.00
2024-05-16,bist100,10319.9453125,Transition,5.59145518780128e-05,1,BUY,Transition BUY=0.00
2024-05-17,bist100,10643.54296875,Transition,0.0029702389715907,1,BUY,Transition BUY=0.00
2024-05-20,bist100,10739.54296875,Calm/Bull,0.0002796096556197,1,BUY,Calm/Bull low stress=0.00
2024-05-21,bist100,10895.2421875,Transition,0.0073807487300586,1,BUY,Transition BUY=0.01
2024-05-22,bist100,10899.2421875,Calm/Bull,0.0021634546017019,1,BUY,Calm/Bull low stress=0.00
2024-05-23,bist100,10792.4423828125,Calm/Bull,0.0006378388519782,1,BUY,Calm/Bull low stress=0.00
2024-05-24,bist100,10676.6435546875,Calm/Bull,0.0003615373235758,1,BUY,Calm/Bull low stress=0.00
2024-05-27,bist100,10656.943359375,Calm/Bull,8.031564523711332e-05,1,BUY,Calm/Bull low stress=0.00
2024-05-28,bist100,10677.443359375,Calm/Bull,5.0088552626650765e-05,1,BUY,Calm/Bull low stress=0.00
2024-05-29,bist100,10479.14453125,Calm/Bull,0.0010597124885805,1,BUY,Calm/Bull low stress=0.00
2024-05-30,bist100,10481.244140625,Calm/Bull,7.229047320805908e-05,1,BUY,Calm/Bull low stress=0.00
2024-05-31,bist100,10400.4453125,Calm/Bull,0.0854881307276444,1,BUY,Calm/Bull low stress=0.09
2024-06-03,bist100,10556.744140625,Transition,0.0010577090166553,1,BUY,Transition BUY=0.00
2024-06-04,bist100,10364.544921875,Calm/Bull,0.000637211901575,1,BUY,Calm/Bull low stress=0.00
2024-06-05,bist100,10350.9453125,Calm/Bull,0.0001192469716774,1,BUY,Calm/Bull low stress=0.00
2024-06-06,bist100,10279.6455078125,Calm/Bull,0.0001712894560813,1,BUY,Calm/Bull low stress=0.00
2024-06-07,bist100,10138.9462890625,Calm/Bull,0.0017383991293979,1,BUY,Calm/Bull low stress=0.00
2024-06-10,bist100,9997.84765625,Calm/Bull,0.0008531833679623,1,BUY,Calm/Bull low stress=0.00
2024-06-11,bist100,10051.3466796875,Calm/Bull,0.0008879104768634,1,BUY,Calm/Bull low stress=0.00
2024-06-12,bist100,10165.4462890625,Calm/Bull,0.0015543200007984,1,BUY,Calm/Bull low stress=0.00
2024-06-13,bist100,10391.845703125,Calm/Bull,0.0023548939427371,1,BUY,Calm/Bull low stress=0.00
2024-06-14,bist100,10471.244140625,Calm/Bull,0.0003123216890977,1,BUY,Calm/Bull low stress=0.00
2024-06-20,bist100,10739.84375,Transition,0.0669941202758321,1,BUY,Transition BUY=0.07
2024-06-21,bist100,10771.3427734375,Calm/Bull,0.0025369935990402,1,BUY,Calm/Bull low stress=0.00
2024-06-24,bist100,10767.84375,Calm/Bull,0.0009917392839675,1,BUY,Calm/Bull low stress=0.00
2024-06-25,bist100,10679.943359375,Calm/Bull,0.0001785463392641,1,BUY,Calm/Bull low stress=0.00
2024-06-26,bist100,10486.64453125,Calm/Bull,0.0004405399514402,1,BUY,Calm/Bull low stress=0.00
2024-06-27,bist100,10680.84375,Calm/Bull,0.0018676322792706,1,BUY,Calm/Bull low stress=0.00
2024-06-28,bist100,10647.84375,Calm/Bull,0.0008027005517309,1,BUY,Calm/Bull low stress=0.00
2024-07-01,bist100,10343.2451171875,Stress/Bear,0.9997382222648056,-1,REDUCE,Stress rising=1.00↑
2024-07-02,bist100,10446.14453125,Calm/Bull,0.0013620648760404,1,BUY,Calm/Bull low stress=0.00
2024-07-03,bist100,10682.1435546875,Transition,0.0091169395935878,1,BUY,Transition BUY=0.01
2024-07-04,bist100,10872.5419921875,Transition,0.0059309173912784,1,BUY,Transition BUY=0.01
2024-07-05,bist100,10851.7421875,Calm/Bull,0.0004645719649383,1,BUY,Calm/Bull low stress=0.00
2024-07-08,bist100,10864.0419921875,Calm/Bull,0.0008503998942836,1,BUY,Calm/Bull low stress=0.00
2024-07-09,bist100,10796.5419921875,Calm/Bull,0.0007571965121985,1,BUY,Calm/Bull low stress=0.00
2024-07-10,bist100,10743.2431640625,Calm/Bull,0.0012275417584284,1,BUY,Calm/Bull low stress=0.00
2024-07-11,bist100,11024.2412109375,Transition,0.0256606929629255,1,BUY,Transition BUY=0.03
2024-07-12,bist100,11064.841796875,Calm/Bull,0.0009212334090665,1,BUY,Calm/Bull low stress=0.00
2024-07-16,bist100,11139.240234375,Calm/Bull,0.000717108722512,1,BUY,Calm/Bull low stress=0.00
2024-07-17,bist100,11134.041015625,Calm/Bull,0.0003697511751214,1,BUY,Calm/Bull low stress=0.00
2024-07-18,bist100,11139.4404296875,Calm/Bull,0.0003722540532446,1,BUY,Calm/Bull low stress=0.00
2024-07-19,bist100,11156.140625,Calm/Bull,0.000155834255649,1,BUY,Calm/Bull low stress=0.00
2024-07-22,bist100,11172.740234375,Calm/Bull,0.0001280110480649,1,BUY,Calm/Bull low stress=0.00
2024-07-23,bist100,11089.44140625,Calm/Bull,0.0002899776241006,1,BUY,Calm/Bull low stress=0.00
2024-07-24,bist100,10991.541015625,Calm/Bull,0.0006739822524909,1,BUY,Calm/Bull low stress=0.00
2024-07-25,bist100,10871.4423828125,Calm/Bull,0.0002905625825788,1,BUY,Calm/Bull low stress=0.00
2024-07-26,bist100,10891.3427734375,Calm/Bull,0.0001386465632566,1,BUY,Calm/Bull low stress=0.00
2024-07-29,bist100,10733.7431640625,Calm/Bull,0.0005777780737564,1,BUY,Calm/Bull low stress=0.00
2024-07-30,bist100,10691.6435546875,Calm/Bull,2.4041795671999857e-05,1,BUY,Calm/Bull low stress=0.00
2024-07-31,bist100,10638.54296875,Calm/Bull,1.6005846137745556e-05,1,BUY,Calm/Bull low stress=0.00
2024-08-01,bist100,10798.0419921875,Calm/Bull,9.967353041186305e-06,1,BUY,Calm/Bull low stress=0.00
2024-08-02,bist100,10473.4443359375,Calm/Bull,0.0018349748325126,1,BUY,Calm/Bull low stress=0.00
2024-08-05,bist100,9893.34765625,Stress/Bear,0.99955598455357,-1,REDUCE,Stress rising=1.00↑
2024-08-06,bist100,9881.1474609375,Stress/Bear,0.5471457386121414,-1,REDUCE,Stress/Bear active=0.55
2024-08-07,bist100,10024.2470703125,Calm/Bull,0.1296888999543481,1,BUY,Calm/Bull low stress=0.13
2024-08-08,bist100,10098.4462890625,Calm/Bull,0.0921113193777817,1,BUY,Calm/Bull low stress=0.09
2024-08-09,bist100,9907.34765625,Calm/Bull,0.0204048002808661,1,BUY,Calm/Bull low stress=0.02
2024-08-12,bist100,9828.5478515625,Calm/Bull,0.0274129971460433,1,BUY,Calm/Bull low stress=0.03
2024-08-13,bist100,9920.546875,Calm/Bull,0.0231435458848272,1,BUY,Calm/Bull low stress=0.02
2024-08-14,bist100,9830.8486328125,Calm/Bull,0.0038243257923028,1,BUY,Calm/Bull low stress=0.00
2024-08-15,bist100,9982.947265625,Calm/Bull,0.0521074118160174,1,BUY,Calm/Bull low stress=0.05
2024-08-16,bist100,9821.9482421875,Calm/Bull,0.0218236777026653,1,BUY,Calm/Bull low stress=0.02
2024-08-19,bist100,10054.146484375,Transition,0.306830974747354,1,BUY,Transition BUY=0.31
2024-08-20,bist100,9982.2470703125,Calm/Bull,0.0186757084105049,1,BUY,Calm/Bull low stress=0.02
2024-08-21,bist100,9904.7470703125,Calm/Bull,0.0123250162293581,1,BUY,Calm/Bull low stress=0.01
2024-08-22,bist100,9921.34765625,Calm/Bull,0.0082184033513675,1,BUY,Calm/Bull low stress=0.01
2024-08-23,bist100,9668.0478515625,Calm/Bull,0.2483432197633754,1,BUY,Calm/Bull low stress=0.25
2024-08-26,bist100,9565.7490234375,Calm/Bull,0.032731876750323,1,BUY,Calm/Bull low stress=0.03
2024-08-27,bist100,9748.748046875,Transition,0.2144141141491828,1,BUY,Transition BUY=0.21
2024-08-28,bist100,9757.1484375,Calm/Bull,0.0297186382791975,1,BUY,Calm/Bull low stress=0.03
2024-08-29,bist100,9833.1484375,Calm/Bull,0.0453740077642698,1,BUY,Calm/Bull low stress=0.05
2024-09-02,bist100,10110.146484375,Transition,0.2637369292480756,1,BUY,Transition BUY=0.26
2024-09-03,bist100,10021.7470703125,Calm/Bull,0.0026538433022315,1,BUY,Calm/Bull low stress=0.00
2024-09-04,bist100,9984.84765625,Calm/Bull,0.0006267617116854,1,BUY,Calm/Bull low stress=0.00
2024-09-05,bist100,9936.7470703125,Calm/Bull,0.0004266584786761,1,BUY,Calm/Bull low stress=0.00
2024-09-06,bist100,9771.1484375,Calm/Bull,0.0012159961759203,1,BUY,Calm/Bull low stress=0.00
2024-09-09,bist100,9699.5478515625,Calm/Bull,0.0005958550751838,1,BUY,Calm/Bull low stress=0.00
2024-09-10,bist100,9623.94921875,Calm/Bull,0.0006381188829117,1,BUY,Calm/Bull low stress=0.00
2024-09-11,bist100,9419.650390625,Calm/Bull,0.0047114565594955,1,BUY,Calm/Bull low stress=0.00
2024-09-12,bist100,9520.94921875,Transition,0.0887551522073058,1,BUY,Transition BUY=0.09
2024-09-13,bist100,9685.4482421875,Transition,0.0147605230556495,1,BUY,Transition BUY=0.01
2024-09-16,bist100,9577.44921875,Calm/Bull,0.0004501537315115,1,BUY,Calm/Bull low stress=0.00
2024-09-17,bist100,9758.0478515625,Transition,0.0032900091284709,1,BUY,Transition BUY=0.00
2024-09-18,bist100,9774.4482421875,Calm/Bull,0.0009756722340663,1,BUY,Calm/Bull low stress=0.00
2024-09-19,bist100,9975.546875,Calm/Bull,0.0049786408980668,1,BUY,Calm/Bull low stress=0.00
2024-09-20,bist100,9900.2470703125,Calm/Bull,0.0025431786929164,1,BUY,Calm/Bull low stress=0.00
2024-09-23,bist100,9887.7470703125,Calm/Bull,0.0003013775900434,1,BUY,Calm/Bull low stress=0.00
2024-09-24,bist100,10029.6474609375,Transition,0.0024622148745068,1,BUY,Transition BUY=0.00
2024-09-25,bist100,9890.947265625,Calm/Bull,0.0008439334047283,1,BUY,Calm/Bull low stress=0.00
2024-09-26,bist100,9829.1484375,Calm/Bull,0.0007982880157399,1,BUY,Calm/Bull low stress=0.00
2024-09-27,bist100,9777.4482421875,Calm/Bull,0.0001712630362159,1,BUY,Calm/Bull low stress=0.00
2024-09-30,bist100,9665.748046875,Calm/Bull,0.0001290146089984,1,BUY,Calm/Bull low stress=0.00
2024-10-01,bist100,9351.150390625,Stress/Bear,0.9986226283941758,-1,REDUCE,Stress rising=1.00↑
2024-10-02,bist100,9012.8525390625,Stress/Bear,0.788227404234103,1,BUY,Stress peak fading=0.79↓
2024-10-03,bist100,8898.1533203125,Stress/Bear,0.5660991483849325,-1,REDUCE,Stress/Bear active=0.57
2024-10-04,bist100,9109.251953125,Stress/Bear,0.5729479909990878,-1,REDUCE,Stress/Bear active=0.57
2024-10-07,bist100,9031.5517578125,Calm/Bull,0.0132920907426931,1,BUY,Calm/Bull low stress=0.01
2024-10-08,bist100,9044.8525390625,Calm/Bull,0.0068922211237063,1,BUY,Calm/Bull low stress=0.01
2024-10-09,bist100,9132.2509765625,Calm/Bull,0.036303548920662,1,BUY,Calm/Bull low stress=0.04
2024-10-10,bist100,8964.0517578125,Calm/Bull,0.0163337946001588,1,BUY,Calm/Bull low stress=0.02
2024-10-11,bist100,8876.1533203125,Calm/Bull,0.0103726790814666,1,BUY,Calm/Bull low stress=0.01
2024-10-14,bist100,8699.154296875,Calm/Bull,0.0072164549683593,1,BUY,Calm/Bull low stress=0.01
2024-10-15,bist100,8860.2529296875,Transition,0.0345930609071784,1,BUY,Transition BUY=0.03
2024-10-16,bist100,8955.9521484375,Calm/Bull,0.0138786260507284,1,BUY,Calm/Bull low stress=0.01
2024-10-17,bist100,9002.251953125,Calm/Bull,0.0040955827509166,1,BUY,Calm/Bull low stress=0.00
2024-10-18,bist100,8793.552734375,Calm/Bull,0.3183059936898391,1,BUY,Calm/Bull low stress=0.32
2024-10-21,bist100,8654.3544921875,Calm/Bull,0.021380470169524,1,BUY,Calm/Bull low stress=0.02
2024-10-22,bist100,8838.552734375,Transition,0.1379985432171356,1,BUY,Transition BUY=0.14
2024-10-23,bist100,8714.654296875,Calm/Bull,0.0177376996030266,1,BUY,Calm/Bull low stress=0.02
2024-10-24,bist100,8872.853515625,Transition,0.0506949106206358,1,BUY,Transition BUY=0.05
2024-10-25,bist100,8908.453125,Calm/Bull,0.016493298074767,1,BUY,Calm/Bull low stress=0.02
2024-10-28,bist100,8945.751953125,Stress/Bear,0.5700742693878891,-1,REDUCE,Stress/Bear active=0.57
2024-10-30,bist100,9006.5517578125,Calm/Bull,0.0022626225213599,1,BUY,Calm/Bull low stress=0.00
2024-10-31,bist100,8863.853515625,Calm/Bull,0.0056457703286741,1,BUY,Calm/Bull low stress=0.01
2024-11-01,bist100,8884.953125,Calm/Bull,0.000387680238977,1,BUY,Calm/Bull low stress=0.00
2024-11-04,bist100,8663.8544921875,Calm/Bull,0.0119045177505354,1,BUY,Calm/Bull low stress=0.01
2024-11-05,bist100,8618.5537109375,Calm/Bull,0.0006067294620635,1,BUY,Calm/Bull low stress=0.00
2024-11-06,bist100,8862.2529296875,Transition,0.3268208335530768,1,BUY,Transition BUY=0.33
2024-11-07,bist100,8946.0517578125,Calm/Bull,0.0019777198783009,1,BUY,Calm/Bull low stress=0.00
2024-11-08,bist100,9184.7509765625,Transition,0.0331014589539066,1,BUY,Transition BUY=0.03
2024-11-11,bist100,9276.7509765625,Calm/Bull,0.0283614026399832,1,BUY,Calm/Bull low stress=0.03
2024-11-12,bist100,9226.8515625,Calm/Bull,0.0194740721316478,1,BUY,Calm/Bull low stress=0.02
2024-11-13,bist100,9300.25,Transition,0.1002955198247292,1,BUY,Transition BUY=0.10
2024-11-14,bist100,9420.3505859375,Calm/Bull,0.0021182306230128,1,BUY,Calm/Bull low stress=0.00
2024-11-15,bist100,9389.5498046875,Calm/Bull,0.0009495745802817,1,BUY,Calm/Bull low stress=0.00
2024-11-18,bist100,9395.3505859375,Calm/Bull,0.00038047925584,1,BUY,Calm/Bull low stress=0.00
2024-11-19,bist100,9232.8515625,Calm/Bull,0.0201568404084459,1,BUY,Calm/Bull low stress=0.02
2024-11-20,bist100,9031.751953125,Calm/Bull,0.0324624571494132,1,BUY,Calm/Bull low stress=0.03
2024-11-21,bist100,9367.75,Transition,0.2383515067755933,1,BUY,Transition BUY=0.24
2024-11-22,bist100,9549.849609375,Transition,0.0319256150756079,1,BUY,Transition BUY=0.03
2024-11-25,bist100,9659.94921875,Transition,0.0204399691497296,1,BUY,Transition BUY=0.02
2024-11-26,bist100,9636.048828125,Calm/Bull,0.0041397499033819,1,BUY,Calm/Bull low stress=0.00
2024-11-27,bist100,9639.7490234375,Calm/Bull,0.010027280757875,1,BUY,Calm/Bull low stress=0.01
2024-11-28,bist100,9640.048828125,Calm/Bull,0.0026931657952296,1,BUY,Calm/Bull low stress=0.00
2024-11-29,bist100,9651.94921875,Calm/Bull,0.0025097782433149,1,BUY,Calm/Bull low stress=0.00
2024-12-02,bist100,9681.0478515625,Calm/Bull,0.0011146089798,1,BUY,Calm/Bull low stress=0.00
2024-12-03,bist100,9827.1484375,Transition,0.0041545946252509,1,BUY,Transition BUY=0.00
2024-12-04,bist100,9886.046875,Calm/Bull,0.0016171638117748,1,BUY,Calm/Bull low stress=0.00
2024-12-05,bist100,9935.947265625,Calm/Bull,0.0003417994278094,1,BUY,Calm/Bull low stress=0.00
2024-12-06,bist100,10080.9462890625,Calm/Bull,0.0004249348069663,1,BUY,Calm/Bull low stress=0.00
2024-12-09,bist100,10257.345703125,Calm/Bull,0.0011980346459329,1,BUY,Calm/Bull low stress=0.00
2024-12-10,bist100,10098.9462890625,Calm/Bull,0.0022478799355391,1,BUY,Calm/Bull low stress=0.00
2024-12-11,bist100,10058.4462890625,Calm/Bull,0.0003156872937059,1,BUY,Calm/Bull low stress=0.00
2024-12-12,bist100,10058.5458984375,Calm/Bull,0.0002005863002768,1,BUY,Calm/Bull low stress=0.00
2024-12-13,bist100,10125.4462890625,Calm/Bull,0.0003503908528871,1,BUY,Calm/Bull low stress=0.00
2024-12-16,bist100,9997.6474609375,Calm/Bull,0.0010684772032077,1,BUY,Calm/Bull low stress=0.00
2024-12-17,bist100,10011.2470703125,Calm/Bull,0.0002703121824807,1,BUY,Calm/Bull low stress=0.00
2024-12-18,bist100,9915.7470703125,Calm/Bull,0.0002449637101146,1,BUY,Calm/Bull low stress=0.00
2024-12-19,bist100,9765.0478515625,Calm/Bull,7.457239731879335e-05,1,BUY,Calm/Bull low stress=0.00
2024-12-20,bist100,9724.4482421875,Calm/Bull,2.2275811225223795e-05,1,BUY,Calm/Bull low stress=0.00
2024-12-23,bist100,9626.548828125,Calm/Bull,2.601133121540332e-05,1,BUY,Calm/Bull low stress=0.00
2024-12-24,bist100,9672.748046875,Calm/Bull,2.9187376854193458e-05,1,BUY,Calm/Bull low stress=0.00
2024-12-26,bist100,9948.947265625,Transition,0.0011576606958389,1,BUY,Transition BUY=0.00
2024-12-27,bist100,10025.447265625,Calm/Bull,3.365080447445501e-05,1,BUY,Calm/Bull low stress=0.00
2024-12-30,bist100,9889.6474609375,Calm/Bull,0.0005885317224889,1,BUY,Calm/Bull low stress=0.00
2024-12-31,bist100,9830.5478515625,Calm/Bull,0.0001025368711145,1,BUY,Calm/Bull low stress=0.00
2025-01-02,bist100,9961.2470703125,Calm/Bull,0.0001178403025342,1,BUY,Calm/Bull low stress=0.00
2025-01-03,bist100,10075.146484375,Transition,0.0065411266528922,1,BUY,Transition BUY=0.01
2025-01-06,bist100,10085.4462890625,Transition,0.0212635260169158,1,BUY,Transition BUY=0.02
2025-01-07,bist100,9971.947265625,Calm/Bull,0.0013152130299636,1,BUY,Calm/Bull low stress=0.00
2025-01-08,bist100,9890.7470703125,Calm/Bull,4.9169121038399426e-05,1,BUY,Calm/Bull low stress=0.00
2025-01-09,bist100,10000.6474609375,Calm/Bull,3.478652469549793e-05,1,BUY,Calm/Bull low stress=0.00
2025-01-10,bist100,9910.546875,Calm/Bull,3.212512298246989e-05,1,BUY,Calm/Bull low stress=0.00
2025-01-13,bist100,9733.1484375,Calm/Bull,0.0002348863931613,1,BUY,Calm/Bull low stress=0.00
2025-01-14,bist100,9715.8486328125,Calm/Bull,6.399518586009755e-05,1,BUY,Calm/Bull low stress=0.00
2025-01-15,bist100,9739.6484375,Calm/Bull,4.5725577147372246e-05,1,BUY,Calm/Bull low stress=0.00
2025-01-16,bist100,9866.6474609375,Calm/Bull,0.000246106409124,1,BUY,Calm/Bull low stress=0.00
2025-01-17,bist100,9977.84765625,Calm/Bull,9.062410617077716e-05,1,BUY,Calm/Bull low stress=0.00
2025-01-20,bist100,10029.2470703125,Calm/Bull,3.876582599328023e-05,1,BUY,Calm/Bull low stress=0.00
2025-01-21,bist100,9999.546875,Calm/Bull,4.6106578541943494e-05,1,BUY,Calm/Bull low stress=0.00
2025-01-22,bist100,10105.3466796875,Calm/Bull,8.592644438543205e-05,1,BUY,Calm/Bull low stress=0.00
2025-01-23,bist100,10112.74609375,Calm/Bull,3.0155919227285736e-05,1,BUY,Calm/Bull low stress=0.00
2025-01-24,bist100,10104.8466796875,Calm/Bull,3.157667210178849e-06,1,BUY,Calm/Bull low stress=0.00
2025-01-27,bist100,9997.84765625,Calm/Bull,4.8245605999030255e-06,1,BUY,Calm/Bull low stress=0.00
2025-01-28,bist100,10121.74609375,Calm/Bull,1.401750252463486e-05,1,BUY,Calm/Bull low stress=0.00
2025-01-29,bist100,10076.9462890625,Calm/Bull,2.201188168014842e-06,1,BUY,Calm/Bull low stress=0.00
2025-01-30,bist100,10082.0458984375,Calm/Bull,1.0205233824862252e-06,1,BUY,Calm/Bull low stress=0.00
2025-01-31,bist100,10004.34765625,Calm/Bull,1.1119464070903714e-06,1,BUY,Calm/Bull low stress=0.00
2025-02-03,bist100,9774.3486328125,Calm/Bull,8.735635341900688e-05,1,BUY,Calm/Bull low stress=0.00
2025-02-04,bist100,9807.0478515625,Calm/Bull,1.1221467122212194e-05,1,BUY,Calm/Bull low stress=0.00
2025-02-05,bist100,9719.748046875,Calm/Bull,4.901564386998785e-05,1,BUY,Calm/Bull low stress=0.00
2025-02-06,bist100,9842.1484375,Calm/Bull,2.564757537645748e-05,1,BUY,Calm/Bull low stress=0.00
2025-02-07,bist100,9951.6474609375,Calm/Bull,3.27354565216948e-05,1,BUY,Calm/Bull low stress=0.00
2025-02-10,bist100,9845.8486328125,Calm/Bull,1.023397608579824e-05,1,BUY,Calm/Bull low stress=0.00
2025-02-11,bist100,9882.7470703125,Calm/Bull,3.22054616508239e-06,1,BUY,Calm/Bull low stress=0.00
2025-02-12,bist100,9779.5478515625,Calm/Bull,1.029748367145142e-05,1,BUY,Calm/Bull low stress=0.00
2025-02-13,bist100,9914.6474609375,Calm/Bull,1.277938859521073e-05,1,BUY,Calm/Bull low stress=0.00
2025-02-14,bist100,9877.546875,Calm/Bull,5.926431967774599e-06,1,BUY,Calm/Bull low stress=0.00
2025-02-17,bist100,9836.4482421875,Calm/Bull,3.559666222156899e-05,1,BUY,Calm/Bull low stress=0.00
2025-02-18,bist100,9916.84765625,Calm/Bull,5.567793954110964e-05,1,BUY,Calm/Bull low stress=0.00
2025-02-19,bist100,9763.6484375,Calm/Bull,0.0003020652625448,1,BUY,Calm/Bull low stress=0.00
2025-02-20,bist100,9807.4482421875,Calm/Bull,0.0002054901880843,1,BUY,Calm/Bull low stress=0.00
2025-02-21,bist100,9602.1494140625,Calm/Bull,0.4861418013242561,1,BUY,Calm/Bull low stress=0.49
2025-02-24,bist100,9574.7490234375,Calm/Bull,0.000216617214229,1,BUY,Calm/Bull low stress=0.00
2025-02-25,bist100,9451.5498046875,Calm/Bull,0.0002189864894386,1,BUY,Calm/Bull low stress=0.00
2025-02-26,bist100,9573.1494140625,Calm/Bull,0.0064372539992393,1,BUY,Calm/Bull low stress=0.01
2025-02-27,bist100,9741.0478515625,Calm/Bull,0.0181306800071771,1,BUY,Calm/Bull low stress=0.02
2025-02-28,bist100,9658.6494140625,Calm/Bull,0.0003865179992529,1,BUY,Calm/Bull low stress=0.00
2025-03-03,bist100,9911.046875,Transition,0.0181496579003438,1,BUY,Transition BUY=0.02
2025-03-04,bist100,9897.947265625,Calm/Bull,0.0007865017168176,1,BUY,Calm/Bull low stress=0.00
2025-03-05,bist100,10188.8466796875,Transition,0.047616635944228,1,BUY,Transition BUY=0.05
2025-03-06,bist100,10459.0439453125,Transition,0.0367140503652917,1,BUY,Transition BUY=0.04
2025-03-07,bist100,10507.0439453125,Calm/Bull,0.0091874114986845,1,BUY,Calm/Bull low stress=0.01
2025-03-10,bist100,10422.14453125,Calm/Bull,0.0027989152957,1,BUY,Calm/Bull low stress=0.00
2025-03-11,bist100,10438.244140625,Calm/Bull,0.0012621045993102,1,BUY,Calm/Bull low stress=0.00
2025-03-12,bist100,10580.244140625,Calm/Bull,0.0010963390345433,1,BUY,Calm/Bull low stress=0.00
2025-03-13,bist100,10727.54296875,Calm/Bull,0.0006835868500302,1,BUY,Calm/Bull low stress=0.00
2025-03-14,bist100,10840.5419921875,Calm/Bull,0.0006153201066806,1,BUY,Calm/Bull low stress=0.00
2025-03-17,bist100,10862.0419921875,Calm/Bull,0.0010710665723032,1,BUY,Calm/Bull low stress=0.00
2025-03-18,bist100,10802.142578125,Calm/Bull,0.0009183504952352,1,BUY,Calm/Bull low stress=0.00
2025-03-19,bist100,9860.2470703125,Stress/Bear,1.0,-1,REDUCE,Stress rising=1.00↑
2025-03-20,bist100,9810.8486328125,Stress/Bear,0.9999999967730416,1,BUY,Stress peak fading=1.00↓
2025-03-21,bist100,9044.5517578125,Stress/Bear,1.0,-1,REDUCE,Stress rising=1.00↑
2025-03-24,bist100,9299.3505859375,Stress/Bear,1.0,-1,REDUCE,Stress rising=1.00↑
2025-03-25,bist100,9715.5478515625,Stress/Bear,0.9999999999996554,1,BUY,Stress peak fading=1.00↓
2025-03-26,bist100,9649.44921875,Stress/Bear,0.9999999440069354,1,BUY,Stress peak fading=1.00↓
2025-03-27,bist100,9612.7490234375,Stress/Bear,0.9999997912339684,1,BUY,Stress peak fading=1.00↓
2025-03-28,bist100,9659.44921875,Stress/Bear,0.9999998949529588,-1,REDUCE,Stress rising=1.00↑
2025-04-02,bist100,9523.2490234375,Stress/Bear,0.999999990723044,-1,REDUCE,Stress rising=1.00↑
2025-04-03,bist100,9484.2490234375,Stress/Bear,0.9999997815637964,1,BUY,Stress peak fading=1.00↓
2025-04-04,bist100,9379.75,Stress/Bear,0.9999996944890346,1,BUY,Stress peak fading=1.00↓
2025-04-07,bist100,9407.150390625,Stress/Bear,0.999999997018678,-1,REDUCE,Stress rising=1.00↑
2025-04-08,bist100,9477.0498046875,Stress/Bear,0.9999937816780572,1,BUY,Stress peak fading=1.00↓
2025-04-09,bist100,9275.451171875,Stress/Bear,0.9999999602112792,-1,REDUCE,Stress rising=1.00↑
2025-04-10,bist100,9338.5498046875,Stress/Bear,0.9999943394049372,1,BUY,Stress peak fading=1.00↓
2025-04-11,bist100,9380.9501953125,Stress/Bear,0.9999979240287156,-1,REDUCE,Stress rising=1.00↑
2025-04-14,bist100,9423.5498046875,Stress/Bear,0.9999995960494132,-1,REDUCE,Stress rising=1.00↑
2025-04-15,bist100,9393.75,Stress/Bear,0.999999453029194,1,BUY,Stress peak fading=1.00↓
2025-04-16,bist100,9266.05078125,Stress/Bear,0.9999998706639732,-1,REDUCE,Stress rising=1.00↑
2025-04-17,bist100,9395.9501953125,Stress/Bear,0.9999980882764324,1,BUY,Stress peak fading=1.00↓
2025-04-18,bist100,9317.150390625,Stress/Bear,0.7765741595070335,1,BUY,Stress peak fading=0.78↓
2025-04-21,bist100,9321.5498046875,Stress/Bear,0.8275230766542214,-1,REDUCE,Stress rising=0.83↑
2025-04-22,bist100,9312.0498046875,Transition,0.0023877422500665,1,BUY,Transition BUY=0.00
2025-04-24,bist100,9490.849609375,Transition,0.003389445419877,1,BUY,Transition BUY=0.00
2025-04-25,bist100,9432.5498046875,Transition,0.0002827810530188,1,BUY,Transition BUY=0.00
2025-04-28,bist100,9306.9501953125,Transition,0.001159455700557,1,BUY,Transition BUY=0.00
2025-04-29,bist100,9224.7509765625,Transition,0.0002801994860096,1,BUY,Transition BUY=0.00
2025-04-30,bist100,9078.3525390625,Transition,0.0033718952380989,1,BUY,Transition BUY=0.00
2025-05-02,bist100,9167.55078125,Transition,0.000643246890447,1,BUY,Transition BUY=0.00
2025-05-05,bist100,9112.15234375,Transition,0.0005261074298085,1,BUY,Transition BUY=0.00
2025-05-06,bist100,9134.6513671875,Transition,0.0002509817272276,1,BUY,Transition BUY=0.00
2025-05-07,bist100,9074.5517578125,Transition,0.000464089602074,1,BUY,Transition BUY=0.00
2025-05-08,bist100,9279.1513671875,Transition,0.0047806997156716,1,BUY,Transition BUY=0.00
2025-05-09,bist100,9390.4501953125,Transition,0.001042619998629,1,BUY,Transition BUY=0.00
2025-05-12,bist100,9747.0478515625,Transition,0.1278146747925451,1,BUY,Transition BUY=0.13
2025-05-13,bist100,9700.1484375,Transition,0.0118141189693517,1,BUY,Transition BUY=0.01
2025-05-14,bist100,9701.5478515625,Transition,0.0165242779421923,1,BUY,Transition BUY=0.02
2025-05-15,bist100,9541.2490234375,Transition,0.220801830485994,1,BUY,Transition BUY=0.22
2025-05-16,bist100,9668.3486328125,Transition,0.001930288850813,1,BUY,Transition BUY=0.00
2025-05-20,bist100,9513.94921875,Transition,0.0070665499616491,1,BUY,Transition BUY=0.01
2025-05-21,bist100,9398.8505859375,Transition,0.0039950988307786,1,BUY,Transition BUY=0.00
2025-05-22,bist100,9475.150390625,Transition,0.0031261985013507,1,BUY,Transition BUY=0.00
2025-05-23,bist100,9355.9501953125,Transition,0.0073423959610397,1,BUY,Transition BUY=0.01
2025-05-26,bist100,9345.150390625,Transition,0.0014875552530191,1,BUY,Transition BUY=0.00
2025-05-27,bist100,9213.55078125,Transition,0.0067427010317839,1,BUY,Transition BUY=0.01
2025-05-28,bist100,9177.6513671875,Transition,0.0013634527682164,1,BUY,Transition BUY=0.00
2025-05-29,bist100,9170.55078125,Transition,0.0021664088090081,1,BUY,Transition BUY=0.00
2025-05-30,bist100,9019.5517578125,Transition,0.0147602102870741,1,BUY,Transition BUY=0.01
2025-06-02,bist100,9008.8525390625,Transition,0.0017516185002189,1,BUY,Transition BUY=0.00
2025-06-03,bist100,9276.951171875,Transition,0.0210814991962499,1,BUY,Transition BUY=0.02
2025-06-04,bist100,9474.9501953125,Transition,0.0147923670082237,1,BUY,Transition BUY=0.01
2025-06-05,bist100,9486.548828125,Transition,0.062602354389067,1,BUY,Transition BUY=0.06
2025-06-10,bist100,9659.2490234375,Transition,0.0316237271114651,1,BUY,Transition BUY=0.03
2025-06-11,bist100,9686.0478515625,Transition,0.0560037995380668,1,BUY,Transition BUY=0.06
2025-06-12,bist100,9520.1494140625,Transition,0.0203982411725929,1,BUY,Transition BUY=0.02
2025-06-13,bist100,9311.8505859375,Transition,0.266996699865082,1,BUY,Transition BUY=0.27
2025-06-16,bist100,9349.9501953125,Transition,0.0031871549310738,1,BUY,Transition BUY=0.00
2025-06-17,bist100,9339.5498046875,Transition,0.0022092559635792,1,BUY,Transition BUY=0.00
2025-06-18,bist100,9196.05078125,Transition,0.0172103913164833,1,BUY,Transition BUY=0.02
2025-06-19,bist100,9101.9521484375,Transition,0.0071499893187658,1,BUY,Transition BUY=0.01
2025-06-20,bist100,9203.3515625,Transition,0.0015109762120367,1,BUY,Transition BUY=0.00
2025-06-23,bist100,9141.2509765625,Calm/Bull,0.0017517389248861,1,BUY,Calm/Bull low stress=0.00
2025-06-24,bist100,9448.8505859375,Transition,0.0351057184416222,1,BUY,Transition BUY=0.04
2025-06-25,bist100,9418.4501953125,Calm/Bull,0.0010437488005489,1,BUY,Calm/Bull low stress=0.00
2025-06-26,bist100,9301.0498046875,Calm/Bull,0.0019487160801799,1,BUY,Calm/Bull low stress=0.00
2025-06-27,bist100,9404.8505859375,Calm/Bull,0.0037120421887506,1,BUY,Calm/Bull low stress=0.00
2025-06-30,bist100,9948.447265625,Stress/Bear,0.980393309546064,-1,REDUCE,Stress rising=0.98↑
2025-07-01,bist100,10080.3466796875,Transition,0.0832568731287947,1,BUY,Transition BUY=0.08
2025-07-02,bist100,10188.9462890625,Transition,0.1256871691459777,1,BUY,Transition BUY=0.13
2025-07-03,bist100,10228.345703125,Calm/Bull,0.2311198998242561,1,BUY,Calm/Bull low stress=0.23
2025-07-04,bist100,10275.7451171875,Calm/Bull,0.0605841084265536,1,BUY,Calm/Bull low stress=0.06
2025-07-07,bist100,10107.646484375,Calm/Bull,0.1802703312242923,1,BUY,Calm/Bull low stress=0.18
2025-07-08,bist100,9998.1474609375,Calm/Bull,0.0125869135280399,1,BUY,Calm/Bull low stress=0.01
2025-07-09,bist100,10167.24609375,Calm/Bull,0.0474141130923712,1,BUY,Calm/Bull low stress=0.05
2025-07-10,bist100,10331.2451171875,Calm/Bull,0.1647830180033648,1,BUY,Calm/Bull low stress=0.16
2025-07-11,bist100,10358.4453125,Calm/Bull,0.0065458532713715,1,BUY,Calm/Bull low stress=0.01
2025-07-14,bist100,10225.4453125,Calm/Bull,0.0217933311455028,1,BUY,Calm/Bull low stress=0.02
2025-07-16,bist100,10121.4462890625,Calm/Bull,0.2330281334083017,1,BUY,Calm/Bull low stress=0.23
2025-07-17,bist100,10370.6455078125,Transition,0.0525208603989601,1,BUY,Transition BUY=0.05
2025-07-18,bist100,10366.1455078125,Calm/Bull,0.0969681637903656,1,BUY,Calm/Bull low stress=0.10
2025-07-21,bist100,10616.1435546875,Transition,0.046849853257543,1,BUY,Transition BUY=0.05
2025-07-22,bist100,10616.04296875,Calm/Bull,0.0542236773786681,1,BUY,Calm/Bull low stress=0.05
2025-07-23,bist100,10591.943359375,Calm/Bull,0.0138726710462998,1,BUY,Calm/Bull low stress=0.01
2025-07-24,bist100,10689.04296875,Calm/Bull,0.0084197299312747,1,BUY,Calm/Bull low stress=0.01
2025-07-25,bist100,10642.54296875,Calm/Bull,0.0097116386975004,1,BUY,Calm/Bull low stress=0.01
2025-07-28,bist100,10542.0439453125,Calm/Bull,0.0186535334586336,1,BUY,Calm/Bull low stress=0.02
2025-07-29,bist100,10487.244140625,Calm/Bull,0.0003200097857732,1,BUY,Calm/Bull low stress=0.00
2025-07-30,bist100,10618.943359375,Transition,0.0016011942162949,1,BUY,Transition BUY=0.00
2025-07-31,bist100,10743.1435546875,Calm/Bull,0.0002577722524719,1,BUY,Calm/Bull low stress=0.00
2025-08-01,bist100,10746.943359375,Calm/Bull,0.000308459571557,1,BUY,Calm/Bull low stress=0.00
2025-08-04,bist100,10853.4423828125,Calm/Bull,0.0001190722899459,1,BUY,Calm/Bull low stress=0.00
2025-08-05,bist100,10849.9423828125,Calm/Bull,0.0001474053276183,1,BUY,Calm/Bull low stress=0.00
2025-08-06,bist100,10900.9423828125,Calm/Bull,5.0100599786178736e-05,1,BUY,Calm/Bull low stress=0.00
2025-08-07,bist100,10956.041015625,Calm/Bull,4.270581750162353e-05,1,BUY,Calm/Bull low stress=0.00
2025-08-08,bist100,10972.541015625,Calm/Bull,5.609601461468235e-05,1,BUY,Calm/Bull low stress=0.00
2025-08-11,bist100,11038.2412109375,Calm/Bull,9.764046314093042e-06,1,BUY,Calm/Bull low stress=0.00
2025-08-12,bist100,10954.44140625,Calm/Bull,1.2243012530776202e-05,1,BUY,Calm/Bull low stress=0.00
2025-08-13,bist100,10949.9423828125,Calm/Bull,3.0322772023122e-06,1,BUY,Calm/Bull low stress=0.00
2025-08-14,bist100,10824.5419921875,Calm/Bull,2.510179978281733e-05,1,BUY,Calm/Bull low stress=0.00
2025-08-15,bist100,10870.5419921875,Calm/Bull,2.673389492298403e-06,1,BUY,Calm/Bull low stress=0.00
2025-08-18,bist100,10929.7421875,Transition,1.532920198522113e-06,1,BUY,Transition BUY=0.00
2025-08-19,bist100,10961.94140625,Transition,3.4029292010651377e-06,1,BUY,Transition BUY=0.00
2025-08-20,bist100,11134.6416015625,Transition,4.587098802771268e-06,1,BUY,Transition BUY=0.00
2025-08-21,bist100,11313.8408203125,Transition,0.001404047934193,1,BUY,Transition BUY=0.00
2025-08-22,bist100,11372.2998046875,Transition,0.0006206890074743,1,BUY,Transition BUY=0.00
2025-08-25,bist100,11477.7998046875,Transition,5.854151839101742e-06,1,BUY,Transition BUY=0.00
2025-08-26,bist100,11529.7998046875,Transition,6.688447241750135e-06,1,BUY,Transition BUY=0.00
2025-08-27,bist100,11359.0,Calm/Bull,2.780365692466471e-06,1,BUY,Calm/Bull low stress=0.00
2025-08-28,bist100,11368.7998046875,Calm/Bull,1.8957799745373919e-07,1,BUY,Calm/Bull low stress=0.00
2025-08-29,bist100,11288.099609375,Calm/Bull,3.156120222521743e-07,1,BUY,Calm/Bull low stress=0.00
2025-09-01,bist100,11280.0,Calm/Bull,2.622600782714434e-07,1,BUY,Calm/Bull low stress=0.00
2025-09-02,bist100,10877.5,Stress/Bear,0.999999999999888,-1,REDUCE,Stress rising=1.00↑
2025-09-03,bist100,10737.7001953125,Calm/Bull,0.0006470365890641,1,BUY,Calm/Bull low stress=0.00
2025-09-04,bist100,10828.900390625,Calm/Bull,0.0010108950004655,1,BUY,Calm/Bull low stress=0.00
2025-09-05,bist100,10729.5,Calm/Bull,0.0007701271113557,1,BUY,Calm/Bull low stress=0.00
2025-09-08,bist100,10449.400390625,Calm/Bull,0.0090553437064251,1,BUY,Calm/Bull low stress=0.01
2025-09-09,bist100,10486.099609375,Calm/Bull,0.0004145102014591,1,BUY,Calm/Bull low stress=0.00
2025-09-10,bist100,10586.2998046875,Calm/Bull,0.0003900457349806,1,BUY,Calm/Bull low stress=0.00
2025-09-11,bist100,10382.900390625,Calm/Bull,0.100028759603076,1,BUY,Calm/Bull low stress=0.10
2025-09-12,bist100,10372.0,Calm/Bull,0.0003329935803465,1,BUY,Calm/Bull low stress=0.00
2025-09-15,bist100,11000.2998046875,Stress/Bear,0.9999999954358216,-1,REDUCE,Stress rising=1.00↑
2025-09-16,bist100,11183.0,Calm/Bull,0.126766563428683,1,BUY,Calm/Bull low stress=0.13
2025-09-17,bist100,11165.900390625,Calm/Bull,0.0860353531237792,1,BUY,Calm/Bull low stress=0.09
2025-09-18,bist100,11048.099609375,Calm/Bull,0.4716157926168629,1,BUY,Calm/Bull low stress=0.47
2025-09-19,bist100,11294.5,Stress/Bear,0.859195672872421,-1,REDUCE,Stress rising=0.86↑
2025-09-22,bist100,11468.099609375,Calm/Bull,0.0472531414765918,1,BUY,Calm/Bull low stress=0.05
2025-09-23,bist100,11331.7998046875,Calm/Bull,0.0149056432002329,1,BUY,Calm/Bull low stress=0.01
2025-09-24,bist100,11366.900390625,Calm/Bull,0.0179962536893913,1,BUY,Calm/Bull low stress=0.02
2025-09-25,bist100,11377.599609375,Calm/Bull,0.0054396009570405,1,BUY,Calm/Bull low stress=0.01
2025-09-26,bist100,11151.2001953125,Calm/Bull,0.0326570718170891,1,BUY,Calm/Bull low stress=0.03
2025-09-29,bist100,11048.099609375,Calm/Bull,0.0271328774744431,1,BUY,Calm/Bull low stress=0.03
2025-09-30,bist100,11012.099609375,Calm/Bull,0.0111782912493601,1,BUY,Calm/Bull low stress=0.01
2025-10-01,bist100,11220.2001953125,Transition,0.2860946012865559,1,BUY,Transition BUY=0.29
2025-10-02,bist100,11082.599609375,Calm/Bull,0.017942542656974,1,BUY,Calm/Bull low stress=0.02
2025-10-03,bist100,10858.5,Calm/Bull,0.0888087753267248,1,BUY,Calm/Bull low stress=0.09
2025-10-06,bist100,10734.900390625,Calm/Bull,0.0135441925457979,1,BUY,Calm/Bull low stress=0.01
2025-10-07,bist100,10814.099609375,Calm/Bull,0.0100783958417602,1,BUY,Calm/Bull low stress=0.01
2025-10-08,bist100,10756.2998046875,Calm/Bull,0.0158767779312271,1,BUY,Calm/Bull low stress=0.02
2025-10-09,bist100,10727.0,Calm/Bull,0.0073962204188305,1,BUY,Calm/Bull low stress=0.01
2025-10-10,bist100,10720.400390625,Calm/Bull,0.0036863691399011,1,BUY,Calm/Bull low stress=0.00
2025-10-13,bist100,10556.2001953125,Calm/Bull,0.0001933814958217,1,BUY,Calm/Bull low stress=0.00
2025-10-14,bist100,10316.400390625,Calm/Bull,0.0030168998142641,1,BUY,Calm/Bull low stress=0.00
2025-10-15,bist100,10464.5,Calm/Bull,0.0026659329198306,1,BUY,Calm/Bull low stress=0.00
2025-10-16,bist100,10370.7998046875,Calm/Bull,0.0003450185576882,1,BUY,Calm/Bull low stress=0.00
2025-10-17,bist100,10208.7998046875,Calm/Bull,0.0016051703638512,1,BUY,Calm/Bull low stress=0.00
2025-10-20,bist100,10484.400390625,Stress/Bear,0.6144220766438385,-1,REDUCE,Stress/Bear active=0.61
2025-10-21,bist100,10467.2001953125,Calm/Bull,0.000581512659646,1,BUY,Calm/Bull low stress=0.00
2025-10-22,bist100,10551.2998046875,Calm/Bull,0.0008366613410048,1,BUY,Calm/Bull low stress=0.00
2025-10-23,bist100,10608.2998046875,Transition,0.0832068635660698,1,BUY,Transition BUY=0.08
2025-10-24,bist100,10941.7998046875,Stress/Bear,0.9924887657433532,-1,REDUCE,Stress rising=0.99↑
2025-10-27,bist100,10853.400390625,Calm/Bull,0.0021533121689499,1,BUY,Calm/Bull low stress=0.00
2025-10-28,bist100,10871.099609375,Calm/Bull,0.0142455230170513,1,BUY,Calm/Bull low stress=0.01
2025-10-30,bist100,10837.2998046875,Calm/Bull,0.0007427246317874,1,BUY,Calm/Bull low stress=0.00
2025-10-31,bist100,10971.5,Calm/Bull,0.0015072484937867,1,BUY,Calm/Bull low stress=0.00
2025-11-03,bist100,11060.400390625,Calm/Bull,0.0005231632365768,1,BUY,Calm/Bull low stress=0.00
2025-11-04,bist100,10914.099609375,Calm/Bull,0.0004722143804082,1,BUY,Calm/Bull low stress=0.00
2025-11-05,bist100,10970.400390625,Calm/Bull,0.0002572601385602,1,BUY,Calm/Bull low stress=0.00
2025-11-06,bist100,11073.2998046875,Calm/Bull,0.0002935004847568,1,BUY,Calm/Bull low stress=0.00
2025-11-07,bist100,10924.5,Calm/Bull,0.0005350238933683,1,BUY,Calm/Bull low stress=0.00
2025-11-10,bist100,10789.0,Calm/Bull,0.0014113045287857,1,BUY,Calm/Bull low stress=0.00
2025-11-11,bist100,10576.5,Stress/Bear,0.9945170919211388,-1,REDUCE,Stress rising=0.99↑
2025-11-12,bist100,10640.900390625,Calm/Bull,0.0009672928602515,1,BUY,Calm/Bull low stress=0.00
2025-11-13,bist100,10628.599609375,Calm/Bull,0.0005902080290276,1,BUY,Calm/Bull low stress=0.00
2025-11-14,bist100,10565.7001953125,Calm/Bull,0.0002791060224485,1,BUY,Calm/Bull low stress=0.00
2025-11-17,bist100,10698.099609375,Calm/Bull,0.0008135758525969,1,BUY,Calm/Bull low stress=0.00
2025-11-18,bist100,10728.599609375,Calm/Bull,7.64783386768898e-05,1,BUY,Calm/Bull low stress=0.00
2025-11-19,bist100,10903.900390625,Transition,0.000475884268888,1,BUY,Transition BUY=0.00
2025-11-20,bist100,10979.7001953125,Calm/Bull,0.0001274507243677,1,BUY,Calm/Bull low stress=0.00
2025-11-21,bist100,10922.900390625,Calm/Bull,0.0001830130799162,1,BUY,Calm/Bull low stress=0.00
2025-11-24,bist100,10888.0,Calm/Bull,3.001420744943304e-05,1,BUY,Calm/Bull low stress=0.00
2025-11-25,bist100,10857.2001953125,Calm/Bull,2.4134517811538625e-05,1,BUY,Calm/Bull low stress=0.00
2025-11-26,bist100,10914.7001953125,Calm/Bull,1.0999295552743663e-05,1,BUY,Calm/Bull low stress=0.00
2025-11-27,bist100,10945.5,Calm/Bull,9.007521365961642e-06,1,BUY,Calm/Bull low stress=0.00
2025-11-28,bist100,10898.7001953125,Calm/Bull,1.49550802207716e-05,1,BUY,Calm/Bull low stress=0.00
2025-12-01,bist100,11116.5,Transition,0.0008673597522738,1,BUY,Transition BUY=0.00
2025-12-02,bist100,11123.5,Calm/Bull,9.76889407553642e-06,1,BUY,Calm/Bull low stress=0.00
2025-12-03,bist100,11036.7998046875,Calm/Bull,1.1426495681180331e-05,1,BUY,Calm/Bull low stress=0.00
2025-12-04,bist100,10918.5,Calm/Bull,1.821835180591312e-05,1,BUY,Calm/Bull low stress=0.00
2025-12-05,bist100,11007.400390625,Calm/Bull,5.781540729395867e-06,1,BUY,Calm/Bull low stress=0.00
2025-12-08,bist100,11189.5,Calm/Bull,3.7146026755131096e-05,1,BUY,Calm/Bull low stress=0.00
2025-12-09,bist100,11238.400390625,Calm/Bull,3.018911139460201e-07,1,BUY,Calm/Bull low stress=0.00
2025-12-10,bist100,11193.900390625,Calm/Bull,5.39306225293906e-07,1,BUY,Calm/Bull low stress=0.00
2025-12-11,bist100,11233.7001953125,Calm/Bull,4.754506569045756e-07,1,BUY,Calm/Bull low stress=0.00
2025-12-12,bist100,11311.2998046875,Calm/Bull,4.196716386258322e-07,1,BUY,Calm/Bull low stress=0.00
2025-12-15,bist100,11456.2998046875,Calm/Bull,1.240680988414845e-06,1,BUY,Calm/Bull low stress=0.00
2025-12-16,bist100,11348.7998046875,Calm/Bull,3.078892779161318e-06,1,BUY,Calm/Bull low stress=0.00
2025-12-17,bist100,11286.7998046875,Calm/Bull,6.690238530127285e-07,1,BUY,Calm/Bull low stress=0.00
2025-12-18,bist100,11335.099609375,Calm/Bull,2.978494543424326e-07,1,BUY,Calm/Bull low stress=0.00
2025-12-19,bist100,11341.900390625,Calm/Bull,3.249841308770546e-07,1,BUY,Calm/Bull low stress=0.00
2025-12-22,bist100,11311.099609375,Calm/Bull,2.2702973094038986e-07,1,BUY,Calm/Bull low stress=0.00
2025-12-23,bist100,11290.400390625,Calm/Bull,2.510865970540693e-07,1,BUY,Calm/Bull low stress=0.00
2025-12-24,bist100,11340.099609375,Calm/Bull,3.626199302266888e-06,1,BUY,Calm/Bull low stress=0.00
2025-12-26,bist100,11294.400390625,Calm/Bull,2.987749170212947e-07,1,BUY,Calm/Bull low stress=0.00
2025-12-29,bist100,11150.900390625,Calm/Bull,2.2513929225006643e-06,1,BUY,Calm/Bull low stress=0.00
2025-12-30,bist100,11220.2001953125,Calm/Bull,1.4457861932916998e-07,1,BUY,Calm/Bull low stress=0.00
2025-12-31,bist100,11261.5,Calm/Bull,1.3046613925842898e-07,1,BUY,Calm/Bull low stress=0.00
2026-01-02,bist100,11498.400390625,Transition,2.6083176631181975e-05,1,BUY,Transition BUY=0.00
2026-01-05,bist100,11702.0,Transition,2.4021667760455698e-05,1,BUY,Transition BUY=0.00
2026-01-06,bist100,12023.7998046875,Transition,0.0023847308398266,1,BUY,Transition BUY=0.00
2026-01-07,bist100,12028.7998046875,Calm/Bull,7.33666502198813e-05,1,BUY,Calm/Bull low stress=0.00
2026-01-08,bist100,12088.0,Calm/Bull,0.0012657055738269,1,BUY,Calm/Bull low stress=0.00
2026-01-09,bist100,12201.0,Transition,0.0006559256030053,1,BUY,Transition BUY=0.00
2026-01-12,bist100,12254.7998046875,Calm/Bull,8.466850951131279e-05,1,BUY,Calm/Bull low stress=0.00
2026-01-13,bist100,12385.599609375,Calm/Bull,0.000225028982352,1,BUY,Calm/Bull low stress=0.00
2026-01-14,bist100,12369.900390625,Calm/Bull,2.288946089635389e-05,1,BUY,Calm/Bull low stress=0.00
2026-01-15,bist100,12456.7001953125,Calm/Bull,2.706265817855873e-05,1,BUY,Calm/Bull low stress=0.00
2026-01-16,bist100,12668.5,Transition,0.0001893948598568,1,BUY,Transition BUY=0.00
2026-01-19,bist100,12747.900390625,Calm/Bull,2.6022267665257552e-05,1,BUY,Calm/Bull low stress=0.00
2026-01-20,bist100,12805.7998046875,Calm/Bull,4.9634414340861994e-05,1,BUY,Calm/Bull low stress=0.00
2026-01-21,bist100,12728.2001953125,Calm/Bull,0.000707633467118,1,BUY,Calm/Bull low stress=0.00
2026-01-22,bist100,12851.5,Calm/Bull,0.000114171653496,1,BUY,Calm/Bull low stress=0.00
2026-01-23,bist100,12992.7001953125,Calm/Bull,7.638742319168971e-05,1,BUY,Calm/Bull low stress=0.00
2026-01-26,bist100,13177.2998046875,Transition,0.0009565396939562,1,BUY,Transition BUY=0.00
2026-01-27,bist100,13107.0,Calm/Bull,3.415201564089923e-05,1,BUY,Calm/Bull low stress=0.00
2026-01-28,bist100,13407.400390625,Transition,0.0002796886799435,1,BUY,Transition BUY=0.00
2026-01-29,bist100,13831.099609375,Transition,0.0015654254067998,1,BUY,Transition BUY=0.00
2026-01-30,bist100,13838.2998046875,Calm/Bull,0.001029779864107,1,BUY,Calm/Bull low stress=0.00
2026-02-02,bist100,13621.0,Stress/Bear,0.9872468827304964,-1,REDUCE,Stress rising=0.99↑
2026-02-03,bist100,13875.2998046875,Transition,0.0051714341932277,1,BUY,Transition BUY=0.01
2026-02-04,bist100,13891.2001953125,Calm/Bull,0.0002202510940546,1,BUY,Calm/Bull low stress=0.00
2026-02-05,bist100,13589.099609375,Calm/Bull,0.4339713943183663,1,BUY,Calm/Bull low stress=0.43
2026-02-06,bist100,13522.0,Calm/Bull,0.0061238336676131,1,BUY,Calm/Bull low stress=0.01
2026-02-09,bist100,13838.400390625,Calm/Bull,0.032716826100139,1,BUY,Calm/Bull low stress=0.03
2026-02-10,bist100,13797.0,Calm/Bull,0.0018465966768151,1,BUY,Calm/Bull low stress=0.00
2026-02-11,bist100,13787.7998046875,Calm/Bull,0.0046082717103726,1,BUY,Calm/Bull low stress=0.00
2026-02-12,bist100,14180.5,Transition,0.0508373288166596,1,BUY,Transition BUY=0.05
2026-02-13,bist100,14180.7001953125,Calm/Bull,0.0012198507698458,1,BUY,Calm/Bull low stress=0.00
2026-02-16,bist100,14339.2998046875,Calm/Bull,0.0015353685936301,1,BUY,Calm/Bull low stress=0.00
2026-02-17,bist100,14227.2998046875,Calm/Bull,0.0013468705481459,1,BUY,Calm/Bull low stress=0.00
2026-02-18,bist100,14259.900390625,Calm/Bull,0.0288340203844573,1,BUY,Calm/Bull low stress=0.03
2026-02-19,bist100,13804.2001953125,Stress/Bear,0.9999532317389584,-1,REDUCE,Stress rising=1.00↑
2026-02-20,bist100,13934.099609375,Calm/Bull,0.0033790204589994,1,BUY,Calm/Bull low stress=0.00
2026-02-23,bist100,14061.7001953125,Calm/Bull,0.0038784472740494,1,BUY,Calm/Bull low stress=0.00
2026-02-24,bist100,14050.7998046875,Calm/Bull,0.0036669039117746,1,BUY,Calm/Bull low stress=0.00
2026-02-25,bist100,13809.900390625,Calm/Bull,0.0188026932659304,1,BUY,Calm/Bull low stress=0.02
2026-02-26,bist100,13878.5,Calm/Bull,0.0009138103104648,1,BUY,Calm/Bull low stress=0.00
2026-02-27,bist100,13717.7998046875,Calm/Bull,0.0318711805090283,1,BUY,Calm/Bull low stress=0.03
2026-03-02,bist100,13346.400390625,Stress/Bear,0.776766073842646,-1,REDUCE,Stress rising=0.78↑
2026-03-03,bist100,12933.400390625,Stress/Bear,0.9472460321839078,-1,REDUCE,Stress rising=0.95↑
2026-03-04,bist100,12943.2001953125,Calm/Bull,0.0277890652179854,1,BUY,Calm/Bull low stress=0.03
2026-03-05,bist100,13078.900390625,Calm/Bull,0.0860136880687022,1,BUY,Calm/Bull low stress=0.09
2026-03-06,bist100,12792.7998046875,Stress/Bear,0.6041859607237987,-1,REDUCE,Stress/Bear active=0.60
2026-03-09,bist100,12702.0,Calm/Bull,0.0045259453210254,1,BUY,Calm/Bull low stress=0.00
2026-03-10,bist100,13175.7001953125,Transition,0.3234547347915831,1,BUY,Transition BUY=0.32
2026-03-11,bist100,13200.400390625,Calm/Bull,0.0075739278735251,1,BUY,Calm/Bull low stress=0.01
2026-03-12,bist100,13286.099609375,Calm/Bull,0.0089507611942947,1,BUY,Calm/Bull low stress=0.01
2026-03-13,bist100,13092.900390625,Calm/Bull,0.0684244012694856,1,BUY,Calm/Bull low stress=0.07
2026-03-16,bist100,12956.7001953125,Calm/Bull,0.0261878564407861,1,BUY,Calm/Bull low stress=0.03
2026-03-17,bist100,13217.599609375,Calm/Bull,0.0822572352277214,1,BUY,Calm/Bull low stress=0.08
2026-03-18,bist100,13115.099609375,Calm/Bull,0.0038752547937588,1,BUY,Calm/Bull low stress=0.00
2026-03-19,bist100,13047.7001953125,Calm/Bull,0.0225541951086691,1,BUY,Calm/Bull low stress=0.02
2026-03-23,bist100,13168.2001953125,Stress/Bear,0.9393005921883808,-1,REDUCE,Stress rising=0.94↑
2026-03-24,bist100,12930.2001953125,Calm/Bull,0.0072389272388185,1,BUY,Calm/Bull low stress=0.01
2026-03-25,bist100,12963.900390625,Calm/Bull,0.0043418015491985,1,BUY,Calm/Bull low stress=0.00
2026-03-26,bist100,12727.099609375,Calm/Bull,0.0051768457050599,1,BUY,Calm/Bull low stress=0.01
2026-03-27,bist100,12698.2001953125,Calm/Bull,0.0021777185183883,1,BUY,Calm/Bull low stress=0.00
2026-03-30,bist100,12626.400390625,Calm/Bull,0.0038058416641962,1,BUY,Calm/Bull low stress=0.00
2026-03-31,bist100,12791.0,Calm/Bull,0.0031296542275163,1,BUY,Calm/Bull low stress=0.00
2026-04-01,bist100,12937.900390625,Calm/Bull,0.0007218209848257,1,BUY,Calm/Bull low stress=0.00
2026-04-02,bist100,13051.7001953125,Calm/Bull,0.0016692876439589,1,BUY,Calm/Bull low stress=0.00
2026-04-03,bist100,12936.400390625,Calm/Bull,0.0006291145156246,1,BUY,Calm/Bull low stress=0.00
2026-04-06,bist100,13112.2998046875,Calm/Bull,0.0009188498902046,1,BUY,Calm/Bull low stress=0.00
2026-04-07,bist100,12921.599609375,Calm/Bull,0.0013001296870671,1,BUY,Calm/Bull low stress=0.00
2026-04-08,bist100,13536.7998046875,Transition,0.1800781062967902,1,BUY,Transition BUY=0.18
2026-04-09,bist100,13689.0,Calm/Bull,0.0033458824785782,1,BUY,Calm/Bull low stress=0.00
2026-04-10,bist100,14073.7998046875,Transition,0.0731742759283096,1,BUY,Transition BUY=0.07
2026-04-13,bist100,14058.5,Calm/Bull,0.0369718808425309,1,BUY,Calm/Bull low stress=0.04
2026-04-14,bist100,14202.2001953125,Transition,0.0726863475628219,1,BUY,Transition BUY=0.07
2026-04-15,bist100,14252.400390625,Transition,0.0514328459542768,1,BUY,Transition BUY=0.05
2026-04-16,bist100,14201.099609375,Transition,0.0538105521902301,1,BUY,Transition BUY=0.05
2026-04-17,bist100,14587.900390625,Transition,0.3383037872484378,1,BUY,Transition BUY=0.34
2026-04-20,bist100,14484.900390625,Calm/Bull,0.02735008440562,1,BUY,Calm/Bull low stress=0.03
2026-04-21,bist100,14375.400390625,Calm/Bull,0.0085829674747681,1,BUY,Calm/Bull low stress=0.01
2026-04-22,bist100,14335.5,Calm/Bull,0.0032965724836228,1,BUY,Calm/Bull low stress=0.00
2026-04-24,bist100,14409.099609375,Calm/Bull,0.0017278781207862,1,BUY,Calm/Bull low stress=0.00
2026-04-27,bist100,14594.0,Transition,0.0298435089001965,1,BUY,Transition BUY=0.03
2026-04-28,bist100,14329.2998046875,Calm/Bull,0.0643319596683611,1,BUY,Calm/Bull low stress=0.06
2026-04-29,bist100,14311.2001953125,Calm/Bull,0.003500637664974,1,BUY,Calm/Bull low stress=0.00
2026-04-30,bist100,14442.599609375,Calm/Bull,0.0028073310217488,1,BUY,Calm/Bull low stress=0.00
2026-05-04,bist100,14369.599609375,Calm/Bull,0.0021003687833156,1,BUY,Calm/Bull low stress=0.00
2026-05-05,bist100,14495.7998046875,Calm/Bull,0.0060699091272897,1,BUY,Calm/Bull low stress=0.01
2026-05-06,bist100,14917.400390625,Transition,0.0136546449803426,1,BUY,Transition BUY=0.01
2026-05-07,bist100,15040.2998046875,Transition,0.0153604022455191,1,BUY,Transition BUY=0.02
2026-05-08,bist100,15062.7001953125,Calm/Bull,0.0004582259802526,1,BUY,Calm/Bull low stress=0.00
2026-05-11,bist100,15133.5,Calm/Bull,0.0003937628562777,1,BUY,Calm/Bull low stress=0.00
2026-05-12,bist100,14779.900390625,Calm/Bull,0.0133144125373218,1,BUY,Calm/Bull low stress=0.01
2026-05-13,bist100,14598.5,Calm/Bull,0.0004858768379067,1,BUY,Calm/Bull low stress=0.00
2026-05-14,bist100,14644.7001953125,Calm/Bull,0.0002993003352628,1,BUY,Calm/Bull low stress=0.00
2026-05-15,bist100,14367.599609375,Calm/Bull,0.0021510107097035,1,BUY,Calm/Bull low stress=0.00
2026-05-18,bist100,14029.5,Calm/Bull,0.021266976318342,1,BUY,Calm/Bull low stress=0.02
2026-05-20,bist100,14012.0,Calm/Bull,0.000543488228453,1,BUY,Calm/Bull low stress=0.00
2026-05-21,bist100,13163.900390625,Stress/Bear,1.0,-1,REDUCE,Stress rising=1.00↑
2026-05-22,bist100,13808.2001953125,Stress/Bear,0.9999999987572928,1,BUY,Stress peak fading=1.00↓
2026-05-25,bist100,13890.900390625,Stress/Bear,0.5440465618201131,-1,REDUCE,Stress/Bear active=0.54
2026-05-26,bist100,13662.7998046875,Stress/Bear,0.9348485977452216,-1,REDUCE,Stress rising=0.93↑
2026-06-01,bist100,13704.0,Calm/Bull,0.2525303548453369,1,BUY,Calm/Bull low stress=0.25
2026-06-02,bist100,14200.2001953125,Stress/Bear,0.9938340648161292,-1,REDUCE,Stress rising=0.99↑
2026-06-03,bist100,13965.7001953125,Stress/Bear,0.799574402038292,1,BUY,Stress peak fading=0.80↓
2026-06-04,bist100,13872.2998046875,Stress/Bear,0.9983138407006712,-1,REDUCE,Stress rising=1.00↑
2026-06-05,bist100,13694.2001953125,Stress/Bear,0.7061214815802486,1,BUY,Stress peak fading=0.71↓
2026-06-08,bist100,13860.599609375,Stress/Bear,0.8323108994964702,-1,REDUCE,Stress rising=0.83↑
2026-06-09,bist100,13741.900390625,Calm/Bull,0.4563150809522924,1,BUY,Calm/Bull low stress=0.46
2026-06-10,bist100,13744.599609375,Calm/Bull,0.3457177421301584,1,BUY,Calm/Bull low stress=0.35
2026-06-11,bist100,13743.5,Stress/Bear,0.5487768325491018,-1,REDUCE,Stress/Bear active=0.55
2026-06-12,bist100,13938.48046875,Stress/Bear,0.9984084589044095,-1,REDUCE,Stress rising=1.00↑
