Date,market,Close,Regime,Regime_Name,Stress_Score
2014-03-27,dax,9451.2099609375,0,Calm/Bull,0.004025084600499377
2014-03-28,dax,9587.1904296875,0,Calm/Bull,0.01308294095417141
2014-03-31,dax,9555.91015625,0,Calm/Bull,0.000353393748573069
2014-04-01,dax,9603.7099609375,0,Calm/Bull,1.8674160554355853e-05
2014-04-02,dax,9623.3603515625,0,Calm/Bull,1.8433402646435245e-05
2014-04-03,dax,9628.8203125,0,Calm/Bull,7.3637762117466595e-06
2014-04-04,dax,9695.76953125,0,Calm/Bull,3.5471164307320092e-06
2014-04-07,dax,9510.849609375,0,Calm/Bull,0.0001525162837675912
2014-04-08,dax,9490.7900390625,0,Calm/Bull,2.1459486932450343e-05
2014-04-09,dax,9506.349609375,0,Calm/Bull,1.541214923899505e-05
2014-04-10,dax,9454.5400390625,1,Transition,1.9574569291678386e-05
2014-04-11,dax,9315.2900390625,1,Transition,0.0003947656944967022
2014-04-14,dax,9339.169921875,0,Calm/Bull,1.399411943822747e-05
2014-04-15,dax,9173.7099609375,1,Transition,0.00016255647799795782
2014-04-16,dax,9317.8203125,1,Transition,0.0002133719125665238
2014-04-17,dax,9409.7099609375,0,Calm/Bull,7.018863558708864e-05
2014-04-22,dax,9600.08984375,1,Transition,0.0019499370046264582
2014-04-23,dax,9544.1904296875,0,Calm/Bull,4.3154559542083064e-05
2014-04-24,dax,9548.6796875,1,Transition,0.0021946977027039144
2014-04-25,dax,9401.5498046875,0,Calm/Bull,0.00016383779521131957
2014-04-28,dax,9446.3603515625,0,Calm/Bull,1.05918791354598e-05
2014-04-29,dax,9584.1201171875,0,Calm/Bull,0.00025627771844034385
2014-04-30,dax,9603.23046875,0,Calm/Bull,0.00011804234429690329
2014-05-02,dax,9556.01953125,0,Calm/Bull,3.8074088423628366e-05
2014-05-05,dax,9529.5,0,Calm/Bull,2.647757839583351e-05
2014-05-06,dax,9467.5302734375,0,Calm/Bull,2.9444406361611872e-05
2014-05-07,dax,9521.2998046875,0,Calm/Bull,6.654766194171155e-05
2014-05-08,dax,9607.400390625,0,Calm/Bull,9.932407743792981e-05
2014-05-09,dax,9581.4501953125,0,Calm/Bull,2.791522871231906e-05
2014-05-12,dax,9702.4599609375,0,Calm/Bull,5.291486937093359e-05
2014-05-13,dax,9754.4296875,0,Calm/Bull,0.00017275691750756053
2014-05-14,dax,9754.3896484375,0,Calm/Bull,2.316366570287401e-05
2014-05-15,dax,9656.0498046875,0,Calm/Bull,0.010665095993357668
2014-05-16,dax,9629.099609375,0,Calm/Bull,0.00011664034688971484
2014-05-19,dax,9659.3896484375,1,Transition,1.7711315629021502e-05
2014-05-20,dax,9639.080078125,0,Calm/Bull,3.0160231577034834e-06
2014-05-21,dax,9697.8701171875,1,Transition,5.765243198371772e-06
2014-05-22,dax,9720.91015625,1,Transition,2.6701757806319053e-06
2014-05-23,dax,9768.009765625,1,Transition,2.4841090719209095e-06
2014-05-26,dax,9892.8203125,1,Transition,2.5654804872948393e-06
2014-05-27,dax,9940.8203125,1,Transition,6.01944786325334e-06
2014-05-28,dax,9939.169921875,1,Transition,3.9163752473995395e-06
2014-05-29,dax,9938.900390625,0,Calm/Bull,9.160283914867521e-08
2014-05-30,dax,9943.26953125,0,Calm/Bull,2.995089102474864e-07
2014-06-02,dax,9950.1201171875,0,Calm/Bull,2.2568594407775365e-09
2014-06-03,dax,9919.740234375,0,Calm/Bull,3.0606589105224907e-09
2014-06-04,dax,9926.669921875,0,Calm/Bull,8.227137506205899e-10
2014-06-05,dax,9947.830078125,0,Calm/Bull,5.163321984021014e-07
2014-06-06,dax,9987.1904296875,0,Calm/Bull,3.119228900382688e-09
2014-06-09,dax,10008.6298828125,0,Calm/Bull,2.1563841011131255e-11
2014-06-10,dax,10028.7998046875,0,Calm/Bull,3.7156784033318676e-11
2014-06-11,dax,9949.8095703125,0,Calm/Bull,3.1365046741804687e-09
2014-06-12,dax,9938.7001953125,0,Calm/Bull,1.7629254170927255e-11
2014-06-13,dax,9912.8701171875,0,Calm/Bull,7.321441220528706e-11
2014-06-16,dax,9883.98046875,0,Calm/Bull,2.823783014107692e-11
2014-06-17,dax,9920.3203125,0,Calm/Bull,9.696640826372449e-11
2014-06-18,dax,9930.330078125,0,Calm/Bull,4.6757515271627245e-11
2014-06-19,dax,10004.0,0,Calm/Bull,1.6757039774915198e-09
2014-06-20,dax,9987.240234375,2,Stress/Bear,0.9999210892084321
2014-06-23,dax,9920.919921875,0,Calm/Bull,1.8395861272757838e-11
2014-06-24,dax,9938.080078125,0,Calm/Bull,4.12643735865905e-12
2014-06-25,dax,9867.75,0,Calm/Bull,1.262525701688166e-10
2014-06-26,dax,9804.900390625,0,Calm/Bull,1.836924189633599e-09
2014-06-27,dax,9815.169921875,0,Calm/Bull,1.1372959579792863e-10
2014-06-30,dax,9833.0703125,0,Calm/Bull,8.083533303853002e-11
2014-07-01,dax,9902.41015625,0,Calm/Bull,9.904833011185249e-11
2014-07-02,dax,9911.26953125,0,Calm/Bull,3.0462146747316993e-10
2014-07-03,dax,10029.4296875,0,Calm/Bull,1.651107591572269e-07
2014-07-04,dax,10009.080078125,0,Calm/Bull,6.746136798625261e-09
2014-07-07,dax,9906.0703125,0,Calm/Bull,3.5015484059470476e-08
2014-07-08,dax,9772.669921875,0,Calm/Bull,9.058411949632635e-07
2014-07-09,dax,9808.2001953125,0,Calm/Bull,1.336954003751006e-07
2014-07-10,dax,9659.1298828125,0,Calm/Bull,6.587066462204806e-05
2014-07-11,dax,9666.33984375,0,Calm/Bull,2.997602936882247e-06
2014-07-14,dax,9783.009765625,0,Calm/Bull,9.346830710092462e-06
2014-07-15,dax,9719.41015625,0,Calm/Bull,3.7385261782386386e-06
2014-07-16,dax,9859.26953125,0,Calm/Bull,0.00015362737217843554
2014-07-17,dax,9753.8798828125,0,Calm/Bull,9.9595586691316e-05
2014-07-18,dax,9720.01953125,0,Calm/Bull,0.012185246023355694
2014-07-21,dax,9612.0498046875,0,Calm/Bull,0.0001113254780247691
2014-07-22,dax,9734.330078125,0,Calm/Bull,0.00015914031083753732
2014-07-23,dax,9753.5595703125,0,Calm/Bull,0.00020458473868529867
2014-07-24,dax,9794.0595703125,0,Calm/Bull,0.0002599883123170566
2014-07-25,dax,9644.009765625,0,Calm/Bull,0.0027370591892187
2014-07-28,dax,9598.169921875,0,Calm/Bull,0.00013031200241265124
2014-07-29,dax,9653.6298828125,0,Calm/Bull,0.00012622170261935987
2014-07-30,dax,9593.6796875,0,Calm/Bull,0.0001472520308568284
2014-07-31,dax,9407.48046875,0,Calm/Bull,0.10537179006221205
2014-08-01,dax,9210.080078125,0,Calm/Bull,0.34522221872419256
2014-08-04,dax,9154.1396484375,0,Calm/Bull,0.0013782075333381002
2014-08-05,dax,9189.740234375,0,Calm/Bull,0.007913326807625342
2014-08-06,dax,9130.0400390625,0,Calm/Bull,0.0016772069620886367
2014-08-07,dax,9038.9697265625,0,Calm/Bull,0.00045016421168016344
2014-08-08,dax,9009.3203125,0,Calm/Bull,0.0002368741098158581
2014-08-11,dax,9180.740234375,0,Calm/Bull,0.001107818121089962
2014-08-12,dax,9069.4697265625,0,Calm/Bull,9.123281841766832e-05
2014-08-13,dax,9198.8798828125,0,Calm/Bull,0.0004937401846580023
2014-08-14,dax,9225.099609375,0,Calm/Bull,0.00012979519993865291
2014-08-15,dax,9092.599609375,2,Stress/Bear,0.8912685881442167
2014-08-18,dax,9245.330078125,0,Calm/Bull,0.00014961437928526474
2014-08-19,dax,9334.2802734375,0,Calm/Bull,0.00011650490869944113
2014-08-20,dax,9314.5703125,0,Calm/Bull,3.154709244822854e-05
2014-08-21,dax,9401.5302734375,0,Calm/Bull,8.019286966995189e-05
2014-08-22,dax,9339.169921875,0,Calm/Bull,0.00020478532431304872
2014-08-25,dax,9510.1396484375,0,Calm/Bull,0.00019951763693627628
2014-08-26,dax,9588.150390625,0,Calm/Bull,0.00022254178724094356
2014-08-27,dax,9569.7099609375,0,Calm/Bull,0.00012256537781146055
2014-08-28,dax,9462.5595703125,0,Calm/Bull,0.00014985453104376315
2014-08-29,dax,9470.169921875,0,Calm/Bull,5.521249978566719e-05
2014-09-01,dax,9479.0302734375,0,Calm/Bull,1.7994853229536714e-05
2014-09-02,dax,9507.01953125,0,Calm/Bull,2.715063937609975e-05
2014-09-03,dax,9626.490234375,0,Calm/Bull,0.0023534051978897153
2014-09-04,dax,9724.259765625,0,Calm/Bull,0.14152658727646783
2014-09-05,dax,9747.01953125,0,Calm/Bull,0.00017609093354257566
2014-09-08,dax,9758.0302734375,0,Calm/Bull,5.766766474713881e-06
2014-09-09,dax,9710.7001953125,0,Calm/Bull,6.240160590559545e-06
2014-09-10,dax,9700.169921875,0,Calm/Bull,1.2036035539553658e-06
2014-09-11,dax,9691.2802734375,0,Calm/Bull,1.930027102330925e-06
2014-09-12,dax,9651.1298828125,0,Calm/Bull,9.716423150792543e-07
2014-09-15,dax,9659.6298828125,0,Calm/Bull,9.936309639247176e-08
2014-09-16,dax,9632.9296875,0,Calm/Bull,1.0768094805830981e-07
2014-09-17,dax,9661.5,0,Calm/Bull,2.1554554361871283e-07
2014-09-18,dax,9798.1298828125,0,Calm/Bull,4.367764769474787e-06
2014-09-19,dax,9799.259765625,2,Stress/Bear,0.9999998594779697
2014-09-22,dax,9749.5400390625,0,Calm/Bull,4.653657619000513e-08
2014-09-23,dax,9595.0302734375,0,Calm/Bull,3.4873189037104503e-06
2014-09-24,dax,9661.9697265625,0,Calm/Bull,1.2276570919346308e-06
2014-09-25,dax,9510.009765625,1,Transition,0.0003081684725799821
2014-09-26,dax,9490.5498046875,0,Calm/Bull,2.7472911458273347e-06
2014-09-29,dax,9422.91015625,0,Calm/Bull,1.8010505179759327e-06
2014-09-30,dax,9474.2998046875,0,Calm/Bull,1.4754792951932663e-06
2014-10-01,dax,9382.0302734375,0,Calm/Bull,3.0353782130916467e-06
2014-10-02,dax,9195.6796875,1,Transition,0.004170432468268083
2014-10-06,dax,9209.509765625,0,Calm/Bull,7.801952876895276e-05
2014-10-07,dax,9086.2099609375,0,Calm/Bull,0.0004739027807641753
2014-10-08,dax,8995.330078125,1,Transition,0.001096746017169223
2014-10-09,dax,9005.01953125,0,Calm/Bull,0.00019908505559982604
2014-10-10,dax,8788.8095703125,2,Stress/Bear,0.6353506121817244
2014-10-13,dax,8812.4296875,1,Transition,0.00153728501593762
2014-10-14,dax,8825.2099609375,0,Calm/Bull,0.0007312063772317015
2014-10-15,dax,8571.9501953125,2,Stress/Bear,0.595934565742902
2014-10-16,dax,8582.900390625,2,Stress/Bear,0.9981176053636803
2014-10-17,dax,8850.26953125,2,Stress/Bear,0.9508352525217535
2014-10-20,dax,8717.759765625,1,Transition,0.03434353627051408
2014-10-21,dax,8886.9599609375,1,Transition,0.2647896085106083
2014-10-22,dax,8940.1396484375,1,Transition,0.11683532811932133
2014-10-23,dax,9047.3095703125,2,Stress/Bear,0.5411232419601322
2014-10-24,dax,8987.7998046875,0,Calm/Bull,0.02538736143730855
2014-10-27,dax,8902.6103515625,2,Stress/Bear,0.703371452410351
2014-10-28,dax,9068.1904296875,0,Calm/Bull,0.21287904730685067
2014-10-29,dax,9082.8095703125,0,Calm/Bull,0.05471988772657962
2014-10-30,dax,9114.83984375,1,Transition,0.3559351474292165
2014-10-31,dax,9326.8701171875,1,Transition,0.24579159101309925
2014-11-03,dax,9251.7001953125,1,Transition,0.2079955474693384
2014-11-04,dax,9166.4697265625,1,Transition,0.22527128960874968
2014-11-05,dax,9315.48046875,1,Transition,0.249707215698608
2014-11-06,dax,9377.41015625,1,Transition,0.4181826681584511
2014-11-07,dax,9291.830078125,1,Transition,0.08238141431942625
2014-11-10,dax,9351.8701171875,1,Transition,0.1741836101773265
2014-11-11,dax,9369.0302734375,0,Calm/Bull,0.1958814230388456
2014-11-12,dax,9210.9599609375,1,Transition,0.05853017271510765
2014-11-13,dax,9248.509765625,1,Transition,0.025408307768075063
2014-11-14,dax,9252.9404296875,0,Calm/Bull,0.00011751982902839396
2014-11-17,dax,9306.349609375,1,Transition,0.0004625215552026678
2014-11-18,dax,9456.5302734375,1,Transition,0.00019576450903432063
2014-11-19,dax,9472.7998046875,0,Calm/Bull,3.1350987418437606e-05
2014-11-20,dax,9483.9697265625,0,Calm/Bull,2.7115895148019094e-05
2014-11-21,dax,9732.5498046875,2,Stress/Bear,0.9905886461359488
2014-11-24,dax,9785.5400390625,1,Transition,0.0008789170493357935
2014-11-25,dax,9861.2099609375,1,Transition,0.0016527468372553333
2014-11-26,dax,9915.5595703125,1,Transition,0.0002196145243007236
2014-11-27,dax,9974.8701171875,1,Transition,0.0002653048156662127
2014-11-28,dax,9980.849609375,1,Transition,7.855113046643674e-05
2014-12-01,dax,9963.509765625,1,Transition,6.210096123339291e-05
2014-12-02,dax,9934.080078125,1,Transition,1.4028295003739031e-05
2014-12-03,dax,9971.7900390625,1,Transition,9.205734095788214e-06
2014-12-04,dax,9851.349609375,1,Transition,0.0004310809631290505
2014-12-05,dax,10087.1201171875,1,Transition,0.00017714483278409443
2014-12-08,dax,10014.990234375,1,Transition,2.3663904883685804e-05
2014-12-09,dax,9793.7099609375,1,Transition,0.0010748748578065868
2014-12-10,dax,9799.73046875,1,Transition,5.524018478637992e-05
2014-12-11,dax,9862.5302734375,1,Transition,7.308698010209437e-05
2014-12-12,dax,9594.73046875,1,Transition,0.007076480041999249
2014-12-15,dax,9334.009765625,2,Stress/Bear,0.7964910841069353
2014-12-16,dax,9563.8896484375,2,Stress/Bear,0.954359155112076
2014-12-17,dax,9544.4296875,1,Transition,0.0006612685577679965
2014-12-18,dax,9811.0595703125,1,Transition,0.0330084390834783
2014-12-19,dax,9786.9599609375,1,Transition,0.4842670947636852
2014-12-22,dax,9865.759765625,1,Transition,0.0013362855985482854
2014-12-23,dax,9922.1103515625,1,Transition,0.0010912518084853422
2014-12-29,dax,9927.1298828125,1,Transition,0.002612430642151701
2014-12-30,dax,9805.5498046875,1,Transition,0.0038483070392583947
2015-01-02,dax,9764.73046875,1,Transition,0.0008185744876981362
2015-01-05,dax,9473.16015625,1,Transition,0.2165454253189686
2015-01-06,dax,9469.66015625,1,Transition,0.005196834510604344
2015-01-07,dax,9518.1796875,1,Transition,0.0026775042049647715
2015-01-08,dax,9837.6103515625,1,Transition,0.14501334472457356
2015-01-09,dax,9648.5,1,Transition,0.013821381004731887
2015-01-12,dax,9781.900390625,1,Transition,0.005291399273604851
2015-01-13,dax,9941.0,1,Transition,0.026491644827366538
2015-01-14,dax,9817.080078125,1,Transition,0.03630091846308579
2015-01-15,dax,10032.6103515625,2,Stress/Bear,0.9823632800048324
2015-01-16,dax,10167.76953125,1,Transition,0.21876037003463755
2015-01-19,dax,10242.349609375,1,Transition,0.0035880092030408425
2015-01-20,dax,10257.1298828125,1,Transition,0.01196677072791509
2015-01-21,dax,10299.23046875,1,Transition,0.010721631657295285
2015-01-22,dax,10435.6201171875,1,Transition,0.1498222786606183
2015-01-23,dax,10649.580078125,2,Stress/Bear,0.9637060369290308
2015-01-26,dax,10798.330078125,1,Transition,0.0056042635660679685
2015-01-27,dax,10628.580078125,1,Transition,0.01678091434915344
2015-01-28,dax,10710.9697265625,1,Transition,0.00297664522763231
2015-01-29,dax,10737.8701171875,1,Transition,0.0014483298116705148
2015-01-30,dax,10694.3203125,1,Transition,0.002777336826943274
2015-02-02,dax,10828.009765625,1,Transition,0.0016763421361372373
2015-02-03,dax,10890.9501953125,1,Transition,0.007263891412688386
2015-02-04,dax,10911.3203125,1,Transition,0.0009091557593728079
2015-02-05,dax,10905.41015625,1,Transition,4.564219128391003e-05
2015-02-06,dax,10846.3896484375,1,Transition,1.9772869364996767e-05
2015-02-09,dax,10663.509765625,1,Transition,0.00010843428488384168
2015-02-10,dax,10753.830078125,1,Transition,7.980621117655053e-05
2015-02-11,dax,10752.1103515625,1,Transition,1.99079545228598e-05
2015-02-12,dax,10919.650390625,1,Transition,4.255956789475386e-05
2015-02-13,dax,10963.400390625,1,Transition,1.0143792547370532e-05
2015-02-16,dax,10923.23046875,1,Transition,3.870077609853007e-06
2015-02-17,dax,10895.6201171875,1,Transition,4.687010200187672e-06
2015-02-18,dax,10961.0,1,Transition,3.6197543582482504e-06
2015-02-19,dax,11001.9404296875,1,Transition,3.3035146753429655e-06
2015-02-20,dax,11050.6396484375,1,Transition,0.00040027324205591365
2015-02-23,dax,11130.919921875,1,Transition,1.0182415057195127e-06
2015-02-24,dax,11205.740234375,1,Transition,5.675144592062616e-07
2015-02-25,dax,11210.26953125,1,Transition,7.099508729809749e-07
2015-02-26,dax,11327.1904296875,1,Transition,9.496840141507503e-07
2015-02-27,dax,11401.66015625,1,Transition,2.0672451326651454e-06
2015-03-02,dax,11410.3603515625,1,Transition,3.9565670377929137e-07
2015-03-03,dax,11280.3603515625,1,Transition,1.1957904933152368e-06
2015-03-04,dax,11390.3798828125,1,Transition,1.491561663375621e-06
2015-03-05,dax,11504.009765625,1,Transition,1.4576437500889496e-06
2015-03-06,dax,11550.9697265625,1,Transition,1.2825560375790034e-06
2015-03-09,dax,11582.1103515625,1,Transition,1.5214324551808913e-07
2015-03-10,dax,11500.3798828125,1,Transition,2.376634917609639e-06
2015-03-11,dax,11805.990234375,1,Transition,0.0008597030873687137
2015-03-12,dax,11799.3896484375,1,Transition,0.0013084941098622561
2015-03-13,dax,11901.6103515625,1,Transition,3.4022647903422896e-05
2015-03-16,dax,12167.7197265625,1,Transition,0.0014533186698863134
2015-03-17,dax,11980.849609375,1,Transition,0.001634980899165235
2015-03-18,dax,11922.76953125,1,Transition,0.0002494877470373981
2015-03-19,dax,11899.400390625,1,Transition,0.00021069120569068236
2015-03-20,dax,12039.3701171875,2,Stress/Bear,0.9012888083429527
2015-03-23,dax,11895.83984375,1,Transition,0.0002051491454994225
2015-03-24,dax,12005.6904296875,1,Transition,0.00029303608133216034
2015-03-25,dax,11865.3203125,1,Transition,0.0001658224701779007
2015-03-26,dax,11843.6796875,1,Transition,0.00045165803888149434
2015-03-27,dax,11868.330078125,1,Transition,8.827242232490383e-05
2015-03-30,dax,12086.009765625,0,Calm/Bull,0.002333504113735669
2015-03-31,dax,11966.169921875,1,Transition,0.001449424292185908
2015-04-01,dax,12001.3798828125,1,Transition,0.0013444101652705636
2015-04-02,dax,11967.3896484375,0,Calm/Bull,5.42229850417413e-05
2015-04-07,dax,12123.51953125,0,Calm/Bull,0.00022124917584429165
2015-04-08,dax,12035.8603515625,0,Calm/Bull,0.000530878656014503
2015-04-09,dax,12166.4404296875,0,Calm/Bull,0.0005138253857615444
2015-04-10,dax,12374.73046875,0,Calm/Bull,0.0008188958720757965
2015-04-13,dax,12338.73046875,0,Calm/Bull,7.805572387261849e-05
2015-04-14,dax,12227.599609375,0,Calm/Bull,0.00010596005289506299
2015-04-15,dax,12231.33984375,0,Calm/Bull,2.375063393102756e-06
2015-04-16,dax,11998.8603515625,0,Calm/Bull,0.0009157163011003416
2015-04-17,dax,11688.7001953125,2,Stress/Bear,0.6142214044824753
2015-04-20,dax,11891.91015625,1,Transition,0.1456650682141053
2015-04-21,dax,11939.580078125,0,Calm/Bull,0.0006261140262945515
2015-04-22,dax,11867.3701171875,0,Calm/Bull,0.013088581310123325
2015-04-23,dax,11723.580078125,0,Calm/Bull,0.009177288535748881
2015-04-24,dax,11810.849609375,0,Calm/Bull,9.608529555254468e-05
2015-04-27,dax,12039.16015625,2,Stress/Bear,0.7242959478326214
2015-04-28,dax,11811.66015625,2,Stress/Bear,0.8753573220846219
2015-04-29,dax,11432.7197265625,2,Stress/Bear,0.9957862007005013
2015-04-30,dax,11454.3798828125,1,Transition,0.1743039276980991
2015-05-04,dax,11619.849609375,1,Transition,0.06379716786764861
2015-05-05,dax,11327.6796875,2,Stress/Bear,0.8985052781769283
2015-05-06,dax,11350.150390625,1,Transition,0.017665799062758322
2015-05-07,dax,11407.9697265625,1,Transition,0.0585360200801632
2015-05-08,dax,11709.73046875,1,Transition,0.17883853972900834
2015-05-11,dax,11673.349609375,1,Transition,0.028091666763675135
2015-05-12,dax,11472.41015625,1,Transition,0.05354559927051292
2015-05-13,dax,11351.4599609375,1,Transition,0.023416196445119365
2015-05-14,dax,11559.8203125,2,Stress/Bear,0.6834679714604455
2015-05-15,dax,11447.0302734375,1,Transition,0.006863849243074807
2015-05-18,dax,11594.2802734375,1,Transition,0.004288111245751069
2015-05-19,dax,11853.330078125,1,Transition,0.007955432567046566
2015-05-20,dax,11848.4697265625,1,Transition,0.006848694012323833
2015-05-21,dax,11864.58984375,1,Transition,0.00273982581353353
2015-05-22,dax,11815.009765625,1,Transition,0.004243169202727943
2015-05-26,dax,11625.1298828125,1,Transition,0.021735781540746294
2015-05-27,dax,11771.1298828125,1,Transition,0.0018020364945612924
2015-05-28,dax,11677.5703125,1,Transition,0.0007346548887461386
2015-05-29,dax,11413.8203125,1,Transition,0.014507787738487226
2015-06-01,dax,11436.0498046875,1,Transition,0.0004916977528221353
2015-06-02,dax,11328.7998046875,1,Transition,0.0002833230005167706
2015-06-03,dax,11419.6201171875,1,Transition,0.00029642467968815157
2015-06-04,dax,11340.599609375,1,Transition,0.0005565092320951671
2015-06-05,dax,11197.150390625,1,Transition,0.0003072217560070757
2015-06-08,dax,11064.919921875,1,Transition,0.00016254624133260962
2015-06-09,dax,11001.2900390625,1,Transition,0.00016360445971057617
2015-06-10,dax,11265.3896484375,1,Transition,0.02334844585542829
2015-06-11,dax,11332.7802734375,1,Transition,0.0001118617154567965
2015-06-12,dax,11196.490234375,1,Transition,0.000571943985677626
2015-06-15,dax,10984.9697265625,1,Transition,0.00021120430187690457
2015-06-16,dax,11044.009765625,1,Transition,0.00035021517168026616
2015-06-17,dax,10978.009765625,1,Transition,4.113695921698293e-05
2015-06-18,dax,11100.2998046875,1,Transition,0.0007011892175039325
2015-06-19,dax,11040.099609375,2,Stress/Bear,0.9999866464251133
2015-06-22,dax,11460.5,1,Transition,0.19085164684791694
2015-06-23,dax,11542.5400390625,1,Transition,0.0005932121221628998
2015-06-24,dax,11471.259765625,1,Transition,0.00115422417476644
2015-06-25,dax,11473.1298828125,1,Transition,0.0005968507698765673
2015-06-26,dax,11492.4296875,1,Transition,0.00019618080660675525
2015-06-29,dax,11083.2001953125,2,Stress/Bear,0.9190444130206725
2015-06-30,dax,10944.9697265625,1,Transition,0.010368403216433494
2015-07-01,dax,11180.5,1,Transition,0.025084622655380424
2015-07-02,dax,11099.349609375,1,Transition,0.000996931146024436
2015-07-03,dax,11058.3896484375,1,Transition,0.0016050933078947717
2015-07-06,dax,10890.6298828125,1,Transition,0.0012010174922441792
2015-07-07,dax,10676.7802734375,1,Transition,0.007913034482770637
2015-07-08,dax,10747.2998046875,1,Transition,0.0013069471137364846
2015-07-09,dax,10996.41015625,1,Transition,0.008106954120452177
2015-07-10,dax,11315.6298828125,1,Transition,0.020396488604678128
2015-07-13,dax,11484.3798828125,1,Transition,0.01291304397123505
2015-07-14,dax,11516.900390625,1,Transition,0.015109420337090803
2015-07-15,dax,11539.66015625,1,Transition,0.011847649711034282
2015-07-16,dax,11716.759765625,1,Transition,0.007472291661396815
2015-07-17,dax,11673.419921875,1,Transition,0.003568929131769108
2015-07-20,dax,11735.7197265625,1,Transition,0.0002408438913690469
2015-07-21,dax,11604.7998046875,1,Transition,0.00046812662897729995
2015-07-22,dax,11520.669921875,1,Transition,0.0004337558551514525
2015-07-23,dax,11512.1103515625,1,Transition,0.0003760474808503901
2015-07-24,dax,11347.4501953125,1,Transition,0.0012016494029656727
2015-07-27,dax,11056.400390625,1,Transition,0.007636759266243293
2015-07-28,dax,11173.91015625,1,Transition,0.0012041103307601157
2015-07-29,dax,11211.849609375,1,Transition,0.00022265390756848668
2015-07-30,dax,11257.150390625,1,Transition,0.0011042900094310275
2015-07-31,dax,11308.990234375,1,Transition,0.0002895411390512653
2015-08-03,dax,11443.7197265625,1,Transition,0.00032370162645161673
2015-08-04,dax,11456.0703125,1,Transition,8.670202984422578e-05
2015-08-05,dax,11636.2998046875,1,Transition,0.0002592910251247458
2015-08-06,dax,11585.099609375,1,Transition,7.983948764504988e-05
2015-08-07,dax,11490.830078125,1,Transition,1.1007196106061015e-05
2015-08-10,dax,11604.7802734375,1,Transition,8.299392636869721e-06
2015-08-11,dax,11293.650390625,1,Transition,0.0010532420764710433
2015-08-12,dax,10924.6103515625,1,Transition,0.3744574680668227
2015-08-13,dax,11014.6298828125,1,Transition,0.0017578029453973953
2015-08-14,dax,10985.1396484375,1,Transition,0.00019343239231356098
2015-08-17,dax,10940.330078125,1,Transition,0.002120021378617461
2015-08-18,dax,10915.919921875,1,Transition,0.00017749326553650888
2015-08-19,dax,10682.150390625,1,Transition,0.0008246884634902318
2015-08-20,dax,10432.1904296875,1,Transition,0.024824831646894314
2015-08-21,dax,10124.51953125,2,Stress/Bear,0.9969915106876107
2015-08-24,dax,9648.4296875,2,Stress/Bear,1.0
2015-08-25,dax,10128.1201171875,2,Stress/Bear,0.9999999999997335
2015-08-26,dax,9997.4296875,2,Stress/Bear,0.9938513277481532
2015-08-27,dax,10315.6201171875,2,Stress/Bear,0.9997297508971181
2015-08-28,dax,10298.5302734375,2,Stress/Bear,0.9886263951098585
2015-08-31,dax,10259.4599609375,2,Stress/Bear,0.9992447192098587
2015-09-01,dax,10015.5703125,2,Stress/Bear,0.9997456906738686
2015-09-02,dax,10048.0498046875,2,Stress/Bear,0.992274672052732
2015-09-03,dax,10317.83984375,2,Stress/Bear,0.9999337146530368
2015-09-04,dax,10038.0400390625,2,Stress/Bear,0.9999976490022333
2015-09-07,dax,10108.6103515625,2,Stress/Bear,0.9999691487473422
2015-09-08,dax,10271.3603515625,2,Stress/Bear,0.9998920342859228
2015-09-09,dax,10303.1201171875,2,Stress/Bear,0.9959039799910031
2015-09-10,dax,10210.4404296875,2,Stress/Bear,0.995690262984436
2015-09-11,dax,10123.5595703125,2,Stress/Bear,0.9959044940861306
2015-09-14,dax,10131.740234375,2,Stress/Bear,0.9788023142228365
2015-09-15,dax,10188.1298828125,2,Stress/Bear,0.9974885962559614
2015-09-16,dax,10227.2099609375,2,Stress/Bear,0.9719041897494934
2015-09-17,dax,10229.580078125,2,Stress/Bear,0.9897680855353191
2015-09-18,dax,9916.16015625,2,Stress/Bear,0.9999999999982574
2015-09-21,dax,9948.509765625,1,Transition,0.10516871414646006
2015-09-22,dax,9570.66015625,2,Stress/Bear,0.9995608239599387
2015-09-23,dax,9612.6201171875,1,Transition,0.07748816498371479
2015-09-24,dax,9427.6396484375,2,Stress/Bear,0.726005628692256
2015-09-25,dax,9688.5302734375,1,Transition,0.14587100009153267
2015-09-28,dax,9483.5498046875,1,Transition,0.06294446372483423
2015-09-29,dax,9450.400390625,1,Transition,0.006489609720300195
2015-09-30,dax,9660.4404296875,1,Transition,0.048125622858106544
2015-10-01,dax,9509.25,1,Transition,0.38661313164364297
2015-10-02,dax,9553.0703125,1,Transition,0.008517259398379638
2015-10-05,dax,9814.7900390625,1,Transition,0.04459415180224869
2015-10-06,dax,9902.830078125,1,Transition,0.020035651527418454
2015-10-07,dax,9970.400390625,1,Transition,0.006378093169330574
2015-10-08,dax,9993.0703125,1,Transition,0.008849442619993009
2015-10-09,dax,10096.599609375,1,Transition,0.012611529539102252
2015-10-12,dax,10119.830078125,1,Transition,0.003045139469339168
2015-10-13,dax,10032.8203125,1,Transition,0.0033652471615144616
2015-10-14,dax,9915.849609375,1,Transition,0.004064708918635736
2015-10-15,dax,10064.7998046875,1,Transition,0.006710574166494774
2015-10-16,dax,10104.4296875,1,Transition,0.001328587847324473
2015-10-19,dax,10164.3095703125,1,Transition,0.0007909478790657848
2015-10-20,dax,10147.6796875,1,Transition,8.097983865133856e-05
2015-10-21,dax,10238.099609375,1,Transition,0.00016536743439788307
2015-10-22,dax,10491.9697265625,1,Transition,0.11904541883627726
2015-10-23,dax,10794.5400390625,1,Transition,0.12545134322051998
2015-10-26,dax,10801.33984375,1,Transition,0.001231074208583618
2015-10-27,dax,10692.1904296875,1,Transition,0.002851608289022341
2015-10-28,dax,10831.9599609375,1,Transition,0.0008872576072625536
2015-10-29,dax,10800.83984375,1,Transition,0.08601422004812799
2015-10-30,dax,10850.1396484375,1,Transition,0.002519518843167827
2015-11-02,dax,10950.669921875,1,Transition,0.004699554433400604
2015-11-03,dax,10951.150390625,1,Transition,0.0003378159270993808
2015-11-04,dax,10845.240234375,1,Transition,0.0002750255858326102
2015-11-05,dax,10887.740234375,1,Transition,0.00014782934541844527
2015-11-06,dax,10988.0302734375,1,Transition,0.0002098722424109435
2015-11-09,dax,10815.4501953125,1,Transition,0.00017729715842780837
2015-11-10,dax,10832.51953125,1,Transition,9.631526618502052e-05
2015-11-11,dax,10907.8701171875,1,Transition,0.00010015956760296818
2015-11-12,dax,10782.6298828125,1,Transition,0.0002659651022797174
2015-11-13,dax,10708.400390625,1,Transition,7.658223046802824e-05
2015-11-16,dax,10713.23046875,1,Transition,1.0242249092525906e-05
2015-11-17,dax,10971.0400390625,1,Transition,0.0001836444536236919
2015-11-18,dax,10959.9501953125,1,Transition,2.293651477175962e-05
2015-11-19,dax,11085.4404296875,1,Transition,2.110403600836806e-05
2015-11-20,dax,11119.830078125,1,Transition,5.698757602108906e-06
2015-11-23,dax,11092.3095703125,1,Transition,3.2157153319627057e-06
2015-11-24,dax,10933.990234375,1,Transition,1.0846003718290135e-05
2015-11-25,dax,11169.5400390625,1,Transition,0.00013271515261102708
2015-11-26,dax,11320.76953125,1,Transition,3.937241122965221e-05
2015-11-27,dax,11293.759765625,1,Transition,9.585472466186633e-06
2015-11-30,dax,11382.23046875,1,Transition,9.784489306014765e-05
2015-12-01,dax,11261.240234375,1,Transition,0.0018732824342812342
2015-12-02,dax,11190.01953125,1,Transition,3.409966387047295e-05
2015-12-03,dax,10789.240234375,2,Stress/Bear,0.9999870571736768
2015-12-04,dax,10752.099609375,1,Transition,0.00279158730384634
2015-12-07,dax,10886.08984375,1,Transition,0.0007337925795021723
2015-12-08,dax,10673.599609375,1,Transition,0.0034793357942323124
2015-12-09,dax,10592.490234375,1,Transition,0.000645824073424269
2015-12-10,dax,10598.9296875,1,Transition,0.00010013073136395013
2015-12-11,dax,10340.0595703125,1,Transition,0.012025713854773412
2015-12-14,dax,10139.33984375,1,Transition,0.06732097767983804
2015-12-15,dax,10450.3798828125,1,Transition,0.03245167943220212
2015-12-16,dax,10469.259765625,1,Transition,0.0006095890885432628
2015-12-17,dax,10738.1201171875,1,Transition,0.03750863727140337
2015-12-18,dax,10608.1904296875,2,Stress/Bear,0.9999951614877153
2015-12-21,dax,10497.76953125,1,Transition,0.10697074562978329
2015-12-22,dax,10488.75,1,Transition,0.006765039923419345
2015-12-23,dax,10727.6396484375,1,Transition,0.004962575593480394
2015-12-28,dax,10653.91015625,1,Transition,0.022779250268177738
2015-12-29,dax,10860.1396484375,1,Transition,0.008189943931973816
2015-12-30,dax,10743.009765625,1,Transition,0.06681928639269484
2016-01-04,dax,10283.4404296875,2,Stress/Bear,0.8576020717998365
2016-01-05,dax,10310.099609375,1,Transition,0.012918126572707241
2016-01-06,dax,10214.01953125,1,Transition,0.0055658621985316785
2016-01-07,dax,9979.849609375,2,Stress/Bear,0.8015334273198121
2016-01-08,dax,9849.33984375,1,Transition,0.20586160150312932
2016-01-11,dax,9825.0703125,1,Transition,0.008566336713260538
2016-01-12,dax,9985.4296875,1,Transition,0.037188331429096826
2016-01-13,dax,9960.9599609375,1,Transition,0.00589235871749212
2016-01-14,dax,9794.2001953125,1,Transition,0.17734891720302617
2016-01-15,dax,9545.26953125,2,Stress/Bear,0.9236051256878949
2016-01-18,dax,9521.849609375,1,Transition,0.0025004051617599746
2016-01-19,dax,9664.2099609375,1,Transition,0.025616866054921167
2016-01-20,dax,9391.6396484375,2,Stress/Bear,0.5902097234795103
2016-01-21,dax,9574.16015625,2,Stress/Bear,0.7460726169489762
2016-01-22,dax,9764.8798828125,2,Stress/Bear,0.5394752778215617
2016-01-25,dax,9736.150390625,1,Transition,0.018345833204845747
2016-01-26,dax,9822.75,1,Transition,0.061897398920797035
2016-01-27,dax,9880.8203125,1,Transition,0.02318781638149748
2016-01-28,dax,9639.58984375,1,Transition,0.4991228250350954
2016-01-29,dax,9798.1103515625,1,Transition,0.03763540899578997
2016-02-01,dax,9757.8798828125,1,Transition,0.0004588087934263952
2016-02-02,dax,9581.0400390625,1,Transition,0.0016908606166234517
2016-02-03,dax,9434.8203125,1,Transition,0.004871908251748819
2016-02-04,dax,9393.3603515625,1,Transition,0.004221372441665831
2016-02-05,dax,9286.23046875,1,Transition,0.003705149890667312
2016-02-08,dax,8979.3603515625,2,Stress/Bear,0.9983801915246994
2016-02-09,dax,8879.400390625,1,Transition,0.1513791669581399
2016-02-10,dax,9017.2900390625,1,Transition,0.08100423453805618
2016-02-11,dax,8752.8701171875,1,Transition,0.36309045869699125
2016-02-12,dax,8967.509765625,2,Stress/Bear,0.7176880427779059
2016-02-15,dax,9206.83984375,1,Transition,0.3080282658853999
2016-02-16,dax,9135.1103515625,1,Transition,0.06379027078513894
2016-02-17,dax,9377.2099609375,1,Transition,0.30018689631305745
2016-02-18,dax,9463.6396484375,1,Transition,0.356524237148386
2016-02-19,dax,9388.0498046875,1,Transition,0.03650430256111842
2016-02-22,dax,9573.58984375,1,Transition,0.03220334718681418
2016-02-23,dax,9416.76953125,1,Transition,0.08041402851611704
2016-02-24,dax,9167.7998046875,2,Stress/Bear,0.9313575841469941
2016-02-25,dax,9331.48046875,1,Transition,0.1499550831026565
2016-02-26,dax,9513.2998046875,1,Transition,0.1065108430112561
2016-02-29,dax,9495.400390625,1,Transition,0.05599947149375624
2016-03-01,dax,9717.16015625,2,Stress/Bear,0.604607084790867
2016-03-02,dax,9776.6201171875,1,Transition,0.218054806174488
2016-03-03,dax,9751.919921875,1,Transition,0.09796331994427701
2016-03-04,dax,9824.169921875,1,Transition,0.05088165768599364
2016-03-07,dax,9778.9296875,1,Transition,0.006311701618229573
2016-03-08,dax,9692.8203125,1,Transition,0.01686808030738352
2016-03-09,dax,9723.08984375,1,Transition,0.00828056750474225
2016-03-10,dax,9498.150390625,2,Stress/Bear,0.9999998679376761
2016-03-11,dax,9831.1298828125,2,Stress/Bear,0.5689320444475032
2016-03-14,dax,9990.259765625,1,Transition,0.005262470382810465
2016-03-15,dax,9933.849609375,1,Transition,0.0034415461314439653
2016-03-16,dax,9983.41015625,1,Transition,0.001184586464738199
2016-03-17,dax,9892.2001953125,1,Transition,0.10485183121984094
2016-03-18,dax,9950.7998046875,2,Stress/Bear,0.999999406639571
2016-03-21,dax,9948.6396484375,1,Transition,0.001487694097501179
2016-03-22,dax,9990.0,1,Transition,0.0009187981459697362
2016-03-23,dax,10022.9296875,1,Transition,0.0001008540781326196
2016-03-24,dax,9851.349609375,1,Transition,0.00013803600699737478
2016-03-29,dax,9887.9404296875,1,Transition,3.497554154857173e-05
2016-03-30,dax,10046.6103515625,1,Transition,9.437997974335205e-05
2016-03-31,dax,9965.509765625,1,Transition,3.65843948026856e-05
2016-04-01,dax,9794.6396484375,1,Transition,0.00010917318355111942
2016-04-04,dax,9822.080078125,1,Transition,3.919315682425026e-05
2016-04-05,dax,9563.3603515625,1,Transition,0.001006535331047378
2016-04-06,dax,9624.509765625,1,Transition,0.0004595511153751689
2016-04-07,dax,9530.6201171875,1,Transition,0.0007283936671599653
2016-04-08,dax,9622.259765625,1,Transition,0.0001807619537825363
2016-04-11,dax,9682.990234375,1,Transition,0.0002912075032060272
2016-04-12,dax,9761.4697265625,1,Transition,1.0806033716692908e-05
2016-04-13,dax,10026.099609375,1,Transition,0.0019377853914916805
2016-04-14,dax,10093.650390625,1,Transition,0.00016969976439294563
2016-04-15,dax,10051.5703125,1,Transition,0.00025721253657585747
2016-04-18,dax,10120.3095703125,1,Transition,0.00019822830458867007
2016-04-19,dax,10349.58984375,1,Transition,0.003914940993437146
2016-04-20,dax,10421.2900390625,1,Transition,0.0005650702028471847
2016-04-21,dax,10435.73046875,1,Transition,0.0009021874496977348
2016-04-22,dax,10373.490234375,1,Transition,0.00021121517101829819
2016-04-25,dax,10294.349609375,1,Transition,4.460896397918588e-05
2016-04-26,dax,10259.58984375,1,Transition,4.2955633312766194e-05
2016-04-27,dax,10299.830078125,1,Transition,0.00027419150543469536
2016-04-28,dax,10321.150390625,1,Transition,6.697121544672389e-05
2016-04-29,dax,10038.9697265625,1,Transition,0.005364042577598956
2016-05-02,dax,10123.26953125,1,Transition,7.28469343815925e-05
2016-05-03,dax,9926.76953125,1,Transition,0.022242155531897213
2016-05-04,dax,9828.25,1,Transition,0.0005773619793033624
2016-05-05,dax,9851.8603515625,1,Transition,0.00015677752165019397
2016-05-06,dax,9869.9501953125,1,Transition,4.921932838352157e-05
2016-05-09,dax,9980.490234375,1,Transition,0.00010413876993907056
2016-05-10,dax,10045.4404296875,1,Transition,4.97483824931351e-05
2016-05-11,dax,9975.3203125,1,Transition,9.170904715880201e-05
2016-05-12,dax,9862.1201171875,1,Transition,0.00015332081824584706
2016-05-13,dax,9952.900390625,1,Transition,6.292593562778654e-05
2016-05-17,dax,9890.1904296875,1,Transition,8.709216502556251e-05
2016-05-18,dax,9943.23046875,1,Transition,9.065891103731639e-06
2016-05-19,dax,9795.8896484375,1,Transition,4.0257653772769216e-05
2016-05-20,dax,9916.01953125,1,Transition,8.108715936697883e-05
2016-05-23,dax,9842.2900390625,1,Transition,3.057794080953158e-05
2016-05-24,dax,10057.3095703125,1,Transition,0.01032096698000227
2016-05-25,dax,10205.2099609375,1,Transition,0.0008282918818995939
2016-05-26,dax,10272.7099609375,1,Transition,0.0005201205642854684
2016-05-27,dax,10286.3095703125,1,Transition,0.00038084759283544455
2016-05-30,dax,10333.23046875,1,Transition,0.0001347047043940714
2016-05-31,dax,10262.740234375,1,Transition,9.876586896863227e-05
2016-06-01,dax,10204.4404296875,1,Transition,1.1200723229885293e-05
2016-06-02,dax,10208.0,1,Transition,5.52682748321701e-06
2016-06-03,dax,10103.259765625,1,Transition,7.343171660251617e-05
2016-06-06,dax,10121.080078125,1,Transition,1.3907690018222655e-05
2016-06-07,dax,10287.6796875,1,Transition,4.59159187505006e-05
2016-06-08,dax,10217.0302734375,0,Calm/Bull,1.524730240573636e-05
2016-06-09,dax,10088.8701171875,0,Calm/Bull,0.0005456803447090194
2016-06-10,dax,9834.6201171875,1,Transition,0.010194119907439526
2016-06-13,dax,9657.4404296875,1,Transition,0.016152108616328136
2016-06-14,dax,9519.2001953125,1,Transition,0.04990297088599462
2016-06-15,dax,9606.7099609375,1,Transition,0.029335083026692303
2016-06-16,dax,9550.4697265625,1,Transition,0.002903424244352342
2016-06-17,dax,9631.3603515625,2,Stress/Bear,0.47918073573736475
2016-06-20,dax,9962.01953125,1,Transition,0.017841332134732064
2016-06-21,dax,10015.5400390625,1,Transition,0.001649318942312946
2016-06-22,dax,10071.0595703125,1,Transition,0.0011067866524099286
2016-06-23,dax,10257.0302734375,1,Transition,0.0786394864898596
2016-06-24,dax,9557.16015625,2,Stress/Bear,1.0
2016-06-27,dax,9268.66015625,2,Stress/Bear,0.9999943445999577
2016-06-28,dax,9447.2802734375,2,Stress/Bear,0.9965258028933751
2016-06-29,dax,9612.26953125,2,Stress/Bear,0.946216184216783
2016-06-30,dax,9680.08984375,2,Stress/Bear,0.9470338703083979
2016-07-01,dax,9776.1201171875,1,Transition,0.35868632429253144
2016-07-04,dax,9709.08984375,2,Stress/Bear,0.7641103387349877
2016-07-05,dax,9532.6103515625,2,Stress/Bear,0.7515598238355766
2016-07-06,dax,9373.259765625,2,Stress/Bear,0.8385865563546433
2016-07-07,dax,9418.7802734375,2,Stress/Bear,0.5823907418509459
2016-07-08,dax,9629.66015625,2,Stress/Bear,0.9617286794773705
2016-07-11,dax,9833.41015625,2,Stress/Bear,0.8346364018348551
2016-07-12,dax,9964.0703125,2,Stress/Bear,0.783751499743854
2016-07-13,dax,9930.7099609375,2,Stress/Bear,0.9060511819622191
2016-07-14,dax,10068.2998046875,2,Stress/Bear,0.8652671715657554
2016-07-15,dax,10066.900390625,2,Stress/Bear,0.775393307439432
2016-07-18,dax,10063.1298828125,1,Transition,0.2570966446455439
2016-07-19,dax,9981.240234375,1,Transition,0.33978961019562703
2016-07-20,dax,10142.009765625,1,Transition,0.3809662460310086
2016-07-21,dax,10156.2099609375,1,Transition,0.30435053669524564
2016-07-22,dax,10147.4599609375,1,Transition,0.00011128225955920137
2016-07-25,dax,10198.240234375,1,Transition,3.8938452595312775e-05
2016-07-26,dax,10247.759765625,1,Transition,1.6962735684470775e-05
2016-07-27,dax,10319.5498046875,1,Transition,4.250954836668244e-05
2016-07-28,dax,10274.9296875,1,Transition,4.605952890379389e-05
2016-07-29,dax,10337.5,1,Transition,9.757787085921688e-05
2016-08-01,dax,10330.51953125,1,Transition,1.404978455788419e-05
2016-08-02,dax,10144.33984375,1,Transition,0.0020444015041435975
2016-08-03,dax,10170.2099609375,1,Transition,2.335832424091486e-05
2016-08-04,dax,10227.8603515625,1,Transition,7.439030991723169e-06
2016-08-05,dax,10367.2099609375,1,Transition,6.477201686052167e-06
2016-08-08,dax,10432.3603515625,1,Transition,6.720287179470572e-07
2016-08-09,dax,10692.900390625,1,Transition,0.00039263995009454673
2016-08-10,dax,10650.8896484375,1,Transition,0.0005692242616398168
2016-08-11,dax,10742.83984375,1,Transition,5.388277571471276e-06
2016-08-12,dax,10713.4296875,1,Transition,2.596112425883037e-06
2016-08-15,dax,10739.2099609375,1,Transition,1.4356183013376304e-06
2016-08-16,dax,10676.650390625,1,Transition,1.3010143977563919e-06
2016-08-17,dax,10537.669921875,1,Transition,2.922206789142178e-06
2016-08-18,dax,10603.0302734375,1,Transition,1.5578076809654497e-06
2016-08-19,dax,10544.3603515625,1,Transition,2.9860979280389146e-06
2016-08-22,dax,10494.349609375,1,Transition,6.849241159632568e-06
2016-08-23,dax,10592.8798828125,1,Transition,1.918366010348387e-06
2016-08-24,dax,10622.9697265625,1,Transition,1.4483318220306545e-06
2016-08-25,dax,10529.58984375,1,Transition,1.5909885628037607e-06
2016-08-26,dax,10587.76953125,1,Transition,1.4909825038454248e-06
2016-08-29,dax,10544.4404296875,1,Transition,2.7683279568651726e-06
2016-08-30,dax,10657.6396484375,1,Transition,2.440095738833312e-06
2016-08-31,dax,10592.6904296875,1,Transition,0.0012993303949835602
2016-09-01,dax,10534.3095703125,1,Transition,0.003363384610501688
2016-09-02,dax,10683.8203125,1,Transition,4.032702673679793e-05
2016-09-05,dax,10672.2197265625,1,Transition,1.894110672841932e-06
2016-09-06,dax,10687.1396484375,1,Transition,8.90884603135721e-07
2016-09-07,dax,10752.98046875,1,Transition,9.812070749737097e-06
2016-09-08,dax,10675.2900390625,1,Transition,8.170215716742882e-05
2016-09-09,dax,10573.4404296875,1,Transition,0.0007077880857110653
2016-09-12,dax,10431.76953125,2,Stress/Bear,0.9999999962503416
2016-09-13,dax,10386.599609375,1,Transition,6.975199540487583e-06
2016-09-14,dax,10378.400390625,1,Transition,2.065802674576815e-05
2016-09-15,dax,10431.2001953125,1,Transition,1.6660267616323946e-06
2016-09-16,dax,10276.169921875,2,Stress/Bear,0.9999983954044871
2016-09-19,dax,10373.8701171875,0,Calm/Bull,2.8681220554639485e-06
2016-09-20,dax,10393.8603515625,0,Calm/Bull,4.3453164394923795e-07
2016-09-21,dax,10436.490234375,0,Calm/Bull,5.524729071422819e-07
2016-09-22,dax,10674.1796875,1,Transition,0.0009735691889812138
2016-09-23,dax,10626.9697265625,0,Calm/Bull,1.2452493394330004e-05
2016-09-26,dax,10393.7099609375,0,Calm/Bull,0.0014291166778770206
2016-09-27,dax,10361.48046875,0,Calm/Bull,5.3333397554690176e-05
2016-09-28,dax,10438.33984375,0,Calm/Bull,5.879798706688306e-06
2016-09-29,dax,10405.5400390625,0,Calm/Bull,0.00015514497573383034
2016-09-30,dax,10511.01953125,2,Stress/Bear,0.9907955728726145
2016-10-04,dax,10619.6103515625,0,Calm/Bull,0.00014190452219086275
2016-10-05,dax,10585.7802734375,0,Calm/Bull,1.8790427736260536e-05
2016-10-06,dax,10568.7998046875,0,Calm/Bull,9.003663946745524e-06
2016-10-07,dax,10490.8603515625,0,Calm/Bull,2.6995410287212284e-05
2016-10-10,dax,10624.080078125,0,Calm/Bull,0.0001863661236522184
2016-10-11,dax,10577.16015625,0,Calm/Bull,6.426664061582266e-06
2016-10-12,dax,10523.0703125,0,Calm/Bull,6.099030054228002e-06
2016-10-13,dax,10414.0703125,0,Calm/Bull,4.360195350338019e-05
2016-10-14,dax,10580.3798828125,0,Calm/Bull,0.00029018164460280194
2016-10-17,dax,10503.5703125,0,Calm/Bull,2.6987432592090534e-05
2016-10-18,dax,10631.5498046875,0,Calm/Bull,2.489611216159443e-05
2016-10-19,dax,10645.6796875,0,Calm/Bull,6.03501921254067e-06
2016-10-20,dax,10701.3896484375,0,Calm/Bull,7.53642195455161e-05
2016-10-21,dax,10710.73046875,0,Calm/Bull,1.5261493631765601e-06
2016-10-24,dax,10761.169921875,0,Calm/Bull,1.5167393961004958e-06
2016-10-25,dax,10757.3095703125,0,Calm/Bull,1.1777717395565344e-07
2016-10-26,dax,10709.6796875,0,Calm/Bull,1.1775788563768102e-07
2016-10-27,dax,10717.080078125,0,Calm/Bull,8.780893892874873e-08
2016-10-28,dax,10696.1904296875,0,Calm/Bull,1.149416562528385e-07
2016-10-31,dax,10665.009765625,0,Calm/Bull,6.871999196082506e-08
2016-11-01,dax,10526.16015625,0,Calm/Bull,2.058870972118786e-05
2016-11-02,dax,10370.9296875,0,Calm/Bull,1.3464740298430913e-05
2016-11-03,dax,10325.8798828125,0,Calm/Bull,1.0222352952480925e-05
2016-11-04,dax,10259.1298828125,0,Calm/Bull,4.244683838316465e-05
2016-11-07,dax,10456.9501953125,0,Calm/Bull,0.0002696540416511899
2016-11-08,dax,10482.3203125,0,Calm/Bull,1.234863859774448e-06
2016-11-09,dax,10646.009765625,2,Stress/Bear,0.9999933154644957
2016-11-10,dax,10630.1201171875,2,Stress/Bear,0.913448595109677
2016-11-11,dax,10667.9501953125,0,Calm/Bull,0.000300963166985755
2016-11-14,dax,10693.6904296875,0,Calm/Bull,2.1055099267774018e-05
2016-11-15,dax,10735.1396484375,0,Calm/Bull,1.365631004831956e-06
2016-11-16,dax,10663.8701171875,0,Calm/Bull,4.895586051568431e-07
2016-11-17,dax,10685.5400390625,0,Calm/Bull,3.5809717143205723e-07
2016-11-18,dax,10664.5595703125,0,Calm/Bull,5.612624452569786e-07
2016-11-21,dax,10685.1298828125,0,Calm/Bull,2.0479216147529925e-07
2016-11-22,dax,10713.849609375,0,Calm/Bull,3.1340270882937873e-07
2016-11-23,dax,10662.4404296875,0,Calm/Bull,4.6449112808974945e-07
2016-11-24,dax,10689.259765625,0,Calm/Bull,1.408050971797639e-07
2016-11-25,dax,10699.26953125,0,Calm/Bull,1.398593476839326e-07
2016-11-28,dax,10582.669921875,0,Calm/Bull,8.09929709539874e-07
2016-11-29,dax,10620.490234375,0,Calm/Bull,1.9480803789047293e-07
2016-11-30,dax,10640.2998046875,0,Calm/Bull,1.146486193689649e-07
2016-12-01,dax,10534.0498046875,0,Calm/Bull,2.3650287515463553e-07
2016-12-02,dax,10513.349609375,0,Calm/Bull,1.9792306216985507e-07
2016-12-05,dax,10684.830078125,1,Transition,0.00024287343941455366
2016-12-06,dax,10775.3203125,0,Calm/Bull,2.2688213841316648e-06
2016-12-07,dax,10986.6904296875,0,Calm/Bull,0.0002413333193357902
2016-12-08,dax,11179.419921875,2,Stress/Bear,0.840256957236306
2016-12-09,dax,11203.6298828125,0,Calm/Bull,0.0002926021165543563
2016-12-12,dax,11190.2099609375,0,Calm/Bull,9.307251175860119e-06
2016-12-13,dax,11284.650390625,0,Calm/Bull,1.5121770675002517e-05
2016-12-14,dax,11244.83984375,0,Calm/Bull,1.879591089564041e-06
2016-12-15,dax,11366.400390625,0,Calm/Bull,9.237954189642823e-05
2016-12-16,dax,11404.009765625,0,Calm/Bull,0.005660108335153285
2016-12-19,dax,11426.7001953125,0,Calm/Bull,2.2480199162077252e-06
2016-12-20,dax,11464.740234375,0,Calm/Bull,5.816848971348188e-06
2016-12-21,dax,11468.6396484375,0,Calm/Bull,6.320982832839067e-06
2016-12-22,dax,11456.099609375,0,Calm/Bull,1.1059473112582425e-05
2016-12-23,dax,11449.9296875,0,Calm/Bull,1.2564601398283094e-05
2016-12-27,dax,11472.240234375,0,Calm/Bull,1.1803332438693703e-05
2016-12-28,dax,11474.990234375,0,Calm/Bull,1.4574017645865749e-05
2016-12-29,dax,11451.0498046875,0,Calm/Bull,1.3002294190608015e-05
2016-12-30,dax,11481.0595703125,0,Calm/Bull,3.3710892996766006e-06
2017-01-02,dax,11598.330078125,0,Calm/Bull,0.006810907934130869
2017-01-03,dax,11584.240234375,0,Calm/Bull,9.088030833144836e-07
2017-01-04,dax,11584.3095703125,0,Calm/Bull,3.691432629416933e-07
2017-01-05,dax,11584.9404296875,0,Calm/Bull,3.048678295038367e-09
2017-01-06,dax,11599.009765625,0,Calm/Bull,3.4505949747794596e-11
2017-01-09,dax,11563.990234375,0,Calm/Bull,4.227707562146887e-10
2017-01-10,dax,11583.2998046875,0,Calm/Bull,1.8311529856379285e-09
2017-01-11,dax,11646.169921875,0,Calm/Bull,4.131908536210363e-08
2017-01-12,dax,11521.0400390625,0,Calm/Bull,6.019320538817461e-08
2017-01-13,dax,11629.1796875,0,Calm/Bull,4.7535838574138945e-09
2017-01-16,dax,11554.7099609375,0,Calm/Bull,2.326480502647109e-09
2017-01-17,dax,11540.0,0,Calm/Bull,3.553527712494439e-08
2017-01-18,dax,11599.3896484375,0,Calm/Bull,2.3003533539819628e-08
2017-01-19,dax,11596.8896484375,0,Calm/Bull,9.497130361811518e-08
2017-01-20,dax,11630.1298828125,0,Calm/Bull,2.026989438050307e-06
2017-01-23,dax,11545.75,0,Calm/Bull,1.1934602670672634e-08
2017-01-24,dax,11594.9404296875,0,Calm/Bull,1.7025532645964365e-08
2017-01-25,dax,11806.0498046875,0,Calm/Bull,0.00044042815290236826
2017-01-26,dax,11848.6298828125,0,Calm/Bull,1.2436166000852006e-06
2017-01-27,dax,11814.26953125,0,Calm/Bull,4.81684150839716e-07
2017-01-30,dax,11681.8896484375,0,Calm/Bull,2.0272553397594704e-06
2017-01-31,dax,11535.3095703125,0,Calm/Bull,5.8865824738466444e-05
2017-02-01,dax,11659.5,0,Calm/Bull,3.275617721811433e-05
2017-02-02,dax,11627.9501953125,0,Calm/Bull,5.5561492757513374e-05
2017-02-03,dax,11651.490234375,0,Calm/Bull,1.5877278168680622e-05
2017-02-06,dax,11509.83984375,0,Calm/Bull,5.481077799034586e-05
2017-02-07,dax,11549.4404296875,0,Calm/Bull,6.372558823454561e-06
2017-02-08,dax,11543.3798828125,0,Calm/Bull,1.1392259902433383e-05
2017-02-09,dax,11642.8603515625,0,Calm/Bull,3.172596981920434e-05
2017-02-10,dax,11666.9697265625,0,Calm/Bull,3.2918030003792732e-06
2017-02-13,dax,11774.4296875,0,Calm/Bull,1.0375332950453722e-05
2017-02-14,dax,11771.8095703125,0,Calm/Bull,6.967623905576519e-06
2017-02-15,dax,11793.9296875,0,Calm/Bull,6.808419264426323e-06
2017-02-16,dax,11757.240234375,0,Calm/Bull,3.1831284664884185e-06
2017-02-17,dax,11757.01953125,0,Calm/Bull,5.353985779992197e-06
2017-02-20,dax,11827.6201171875,0,Calm/Bull,3.501311779466032e-06
2017-02-21,dax,11967.490234375,0,Calm/Bull,0.00030603345803835474
2017-02-22,dax,11998.58984375,0,Calm/Bull,3.4658015649812374e-06
2017-02-23,dax,11947.830078125,0,Calm/Bull,1.014555593635354e-06
2017-02-24,dax,11804.0302734375,0,Calm/Bull,0.0001641457538947745
2017-02-27,dax,11822.669921875,0,Calm/Bull,4.606732863209109e-07
2017-02-28,dax,11834.41015625,0,Calm/Bull,4.6324958363697644e-07
2017-03-01,dax,12067.1904296875,0,Calm/Bull,0.0004731336692187297
2017-03-02,dax,12059.5703125,0,Calm/Bull,9.212791794424982e-06
2017-03-03,dax,12027.3603515625,0,Calm/Bull,9.640750908969691e-05
2017-03-06,dax,11958.400390625,0,Calm/Bull,1.658568694539045e-05
2017-03-07,dax,11966.1396484375,0,Calm/Bull,2.9985843986658593e-06
2017-03-08,dax,11967.3095703125,0,Calm/Bull,1.699820726316517e-05
2017-03-09,dax,11978.3896484375,0,Calm/Bull,1.2730944284548852e-05
2017-03-10,dax,11963.1796875,0,Calm/Bull,1.8805777404004354e-05
2017-03-13,dax,11990.0302734375,0,Calm/Bull,1.2880001546382712e-06
2017-03-14,dax,11988.7900390625,0,Calm/Bull,8.59528515693375e-06
2017-03-15,dax,12009.8701171875,0,Calm/Bull,9.84909370743601e-06
2017-03-16,dax,12083.1796875,0,Calm/Bull,2.1224920627357584e-05
2017-03-17,dax,12095.240234375,0,Calm/Bull,0.2412139888479175
2017-03-20,dax,12052.900390625,0,Calm/Bull,6.777393637355266e-06
2017-03-21,dax,11962.1298828125,0,Calm/Bull,1.1701838315565981e-05
2017-03-22,dax,11904.1201171875,0,Calm/Bull,1.2556350661850655e-06
2017-03-23,dax,12039.6796875,0,Calm/Bull,3.963177916289899e-06
2017-03-24,dax,12064.26953125,0,Calm/Bull,1.8127195287274905e-07
2017-03-27,dax,11996.0703125,0,Calm/Bull,2.7778020971895824e-07
2017-03-28,dax,12149.419921875,0,Calm/Bull,2.4192053324937443e-06
2017-03-29,dax,12203.0,0,Calm/Bull,1.285497140211694e-07
2017-03-30,dax,12256.4296875,0,Calm/Bull,2.123568759383811e-08
2017-03-31,dax,12312.8701171875,0,Calm/Bull,8.865308669299183e-08
2017-04-03,dax,12257.2001953125,0,Calm/Bull,3.792629179539706e-08
2017-04-04,dax,12282.33984375,0,Calm/Bull,6.83503289734248e-08
2017-04-05,dax,12217.5400390625,0,Calm/Bull,1.441577608492729e-08
2017-04-06,dax,12230.8896484375,0,Calm/Bull,2.2151185488417068e-08
2017-04-07,dax,12225.0595703125,0,Calm/Bull,2.1301663604161655e-08
2017-04-10,dax,12200.51953125,0,Calm/Bull,1.9458319844380272e-08
2017-04-11,dax,12139.349609375,0,Calm/Bull,2.536829374074878e-07
2017-04-12,dax,12154.7001953125,0,Calm/Bull,5.072307953638083e-08
2017-04-13,dax,12109.0,0,Calm/Bull,5.4741589299987656e-08
2017-04-18,dax,12000.4404296875,0,Calm/Bull,4.845544296559323e-07
2017-04-19,dax,12016.4501953125,0,Calm/Bull,8.161411660314521e-07
2017-04-20,dax,12027.3203125,0,Calm/Bull,8.797788757444061e-08
2017-04-21,dax,12048.5703125,0,Calm/Bull,2.1887402116445376e-06
2017-04-24,dax,12454.98046875,2,Stress/Bear,0.999653748847032
2017-04-25,dax,12467.0400390625,0,Calm/Bull,0.0001254694653158392
2017-04-26,dax,12472.7998046875,0,Calm/Bull,0.00011950679875706035
2017-04-27,dax,12443.7900390625,0,Calm/Bull,0.00022224622165380563
2017-04-28,dax,12438.009765625,0,Calm/Bull,0.00020962730369916628
2017-05-02,dax,12507.900390625,0,Calm/Bull,1.7643166725125893e-05
2017-05-03,dax,12527.83984375,0,Calm/Bull,1.7811861436559322e-05
2017-05-04,dax,12647.7802734375,0,Calm/Bull,9.400578047927379e-05
2017-05-05,dax,12716.8896484375,0,Calm/Bull,0.00011382593672548963
2017-05-08,dax,12694.5498046875,0,Calm/Bull,7.76926248575141e-05
2017-05-09,dax,12749.1201171875,0,Calm/Bull,0.00016459497562793085
2017-05-10,dax,12757.4599609375,0,Calm/Bull,0.0001671311294869941
2017-05-11,dax,12711.0595703125,0,Calm/Bull,0.00013099584132829836
2017-05-12,dax,12770.41015625,0,Calm/Bull,0.00032615797060890167
2017-05-15,dax,12807.0400390625,0,Calm/Bull,9.223728176523105e-05
2017-05-16,dax,12804.5302734375,0,Calm/Bull,0.000141685762569381
2017-05-17,dax,12631.6103515625,0,Calm/Bull,0.007960395966941631
2017-05-18,dax,12590.0595703125,0,Calm/Bull,0.0005586588136883392
2017-05-19,dax,12638.6904296875,0,Calm/Bull,0.002631379879954425
2017-05-22,dax,12619.4599609375,0,Calm/Bull,0.000942625473613783
2017-05-23,dax,12659.150390625,0,Calm/Bull,5.008322460285372e-09
2017-05-24,dax,12642.8701171875,0,Calm/Bull,4.203637032659872e-09
2017-05-25,dax,12621.7197265625,0,Calm/Bull,8.099503310035178e-09
2017-05-26,dax,12602.1796875,0,Calm/Bull,3.2737599796482067e-09
2017-05-29,dax,12628.9501953125,0,Calm/Bull,6.894294751286791e-09
2017-05-30,dax,12598.6796875,0,Calm/Bull,1.3907479917910157e-08
2017-05-31,dax,12615.0595703125,0,Calm/Bull,6.809303458791305e-06
2017-06-01,dax,12664.919921875,0,Calm/Bull,3.6453148084508586e-08
2017-06-02,dax,12822.9404296875,0,Calm/Bull,4.985857833967967e-07
2017-06-06,dax,12690.1201171875,0,Calm/Bull,2.0493618012509183e-07
2017-06-07,dax,12672.490234375,0,Calm/Bull,4.416226018351864e-06
2017-06-08,dax,12713.580078125,0,Calm/Bull,6.169423615909119e-07
2017-06-09,dax,12815.7197265625,0,Calm/Bull,3.0416949730383636e-07
2017-06-12,dax,12690.4404296875,0,Calm/Bull,6.025043903385965e-07
2017-06-13,dax,12764.98046875,0,Calm/Bull,2.6146128304519446e-07
2017-06-14,dax,12805.9501953125,0,Calm/Bull,1.4021513847886969e-06
2017-06-15,dax,12691.8095703125,0,Calm/Bull,3.2746397562687743e-06
2017-06-16,dax,12752.73046875,2,Stress/Bear,0.9993408561276259
2017-06-19,dax,12888.9501953125,0,Calm/Bull,2.055241901385666e-07
2017-06-20,dax,12814.7900390625,0,Calm/Bull,2.385158852867029e-07
2017-06-21,dax,12774.259765625,0,Calm/Bull,1.5148572783399303e-07
2017-06-22,dax,12794.0,0,Calm/Bull,1.4785266334958793e-07
2017-06-23,dax,12733.41015625,0,Calm/Bull,2.522023638784335e-07
2017-06-26,dax,12770.830078125,0,Calm/Bull,4.842638391913281e-07
2017-06-27,dax,12671.01953125,0,Calm/Bull,3.542619163786153e-06
2017-06-28,dax,12647.26953125,0,Calm/Bull,1.6359358005545412e-06
2017-06-29,dax,12416.1904296875,0,Calm/Bull,0.26320810330473415
2017-06-30,dax,12325.1201171875,0,Calm/Bull,2.5466117559110832e-05
2017-07-03,dax,12475.3095703125,0,Calm/Bull,3.9876669406682526e-05
2017-07-04,dax,12437.1298828125,0,Calm/Bull,2.514163052605941e-06
2017-07-05,dax,12453.6796875,0,Calm/Bull,2.410783857568583e-06
2017-07-06,dax,12381.25,0,Calm/Bull,1.011758641167022e-05
2017-07-07,dax,12388.6796875,0,Calm/Bull,4.703646445156097e-06
2017-07-10,dax,12445.919921875,0,Calm/Bull,6.507492709163793e-07
2017-07-11,dax,12437.01953125,0,Calm/Bull,4.2699961417453085e-07
2017-07-12,dax,12626.580078125,0,Calm/Bull,5.918702229339804e-05
2017-07-13,dax,12641.330078125,0,Calm/Bull,2.8761253762266842e-06
2017-07-14,dax,12631.7197265625,0,Calm/Bull,1.8166253263341643e-06
2017-07-17,dax,12587.16015625,0,Calm/Bull,6.103044328713792e-07
2017-07-18,dax,12430.3896484375,0,Calm/Bull,1.1542946171054323e-05
2017-07-19,dax,12452.0498046875,0,Calm/Bull,0.00011822098142482611
2017-07-20,dax,12447.25,0,Calm/Bull,0.00013844639013357158
2017-07-21,dax,12240.0595703125,0,Calm/Bull,0.034503481983423664
2017-07-24,dax,12208.9501953125,0,Calm/Bull,0.00022326353174468926
2017-07-25,dax,12264.3095703125,0,Calm/Bull,5.68701866229947e-05
2017-07-26,dax,12305.1103515625,0,Calm/Bull,6.322694971559281e-05
2017-07-27,dax,12212.0400390625,0,Calm/Bull,2.0321409677368246e-05
2017-07-28,dax,12162.7001953125,0,Calm/Bull,1.0422103198615565e-05
2017-07-31,dax,12118.25,0,Calm/Bull,2.4837613585272658e-06
2017-08-01,dax,12251.2900390625,0,Calm/Bull,0.00010522150403744264
2017-08-02,dax,12181.48046875,0,Calm/Bull,3.94399102699737e-06
2017-08-03,dax,12154.7197265625,0,Calm/Bull,2.8503763251852294e-06
2017-08-04,dax,12297.7197265625,0,Calm/Bull,0.00016276394614879108
2017-08-07,dax,12257.169921875,0,Calm/Bull,4.5140781621483645e-06
2017-08-08,dax,12292.0498046875,0,Calm/Bull,4.4347271838328275e-06
2017-08-09,dax,12154.0,0,Calm/Bull,8.531778805012278e-05
2017-08-10,dax,12014.2998046875,0,Calm/Bull,2.712563976386032e-05
2017-08-11,dax,12014.0595703125,0,Calm/Bull,1.5730307176704642e-05
2017-08-14,dax,12165.1201171875,0,Calm/Bull,3.1612882204910654e-05
2017-08-15,dax,12177.0400390625,0,Calm/Bull,1.952079380537639e-06
2017-08-16,dax,12263.8603515625,0,Calm/Bull,4.0242246368591095e-06
2017-08-17,dax,12203.4599609375,0,Calm/Bull,7.59389888608495e-06
2017-08-18,dax,12165.1904296875,0,Calm/Bull,1.6313576436516419e-06
2017-08-21,dax,12065.990234375,0,Calm/Bull,6.974555339370506e-07
2017-08-22,dax,12229.33984375,0,Calm/Bull,3.1476603214421155e-06
2017-08-23,dax,12174.2998046875,0,Calm/Bull,8.399572959666767e-07
2017-08-24,dax,12180.830078125,0,Calm/Bull,5.361352569434952e-07
2017-08-25,dax,12167.9404296875,0,Calm/Bull,4.4201539766540046e-07
2017-08-28,dax,12123.4697265625,0,Calm/Bull,1.130914049686209e-06
2017-08-29,dax,11945.8798828125,0,Calm/Bull,5.5793750374160586e-05
2017-08-30,dax,12002.4697265625,0,Calm/Bull,4.892447168019185e-06
2017-08-31,dax,12055.83984375,0,Calm/Bull,6.264341409774061e-06
2017-09-01,dax,12142.6396484375,0,Calm/Bull,2.1788913095979067e-06
2017-09-04,dax,12102.2099609375,0,Calm/Bull,6.976845586248352e-07
2017-09-05,dax,12123.7099609375,0,Calm/Bull,2.120136323840679e-06
2017-09-06,dax,12214.5400390625,0,Calm/Bull,3.237411053594969e-05
2017-09-07,dax,12296.6298828125,0,Calm/Bull,1.0656101076213584e-05
2017-09-08,dax,12303.98046875,0,Calm/Bull,3.0495737248028467e-07
2017-09-11,dax,12475.240234375,0,Calm/Bull,7.707638832387598e-06
2017-09-12,dax,12524.76953125,0,Calm/Bull,2.3137153543069307e-05
2017-09-13,dax,12553.5703125,0,Calm/Bull,2.944566471014405e-06
2017-09-14,dax,12540.4501953125,0,Calm/Bull,3.4861137285721544e-06
2017-09-15,dax,12518.8095703125,2,Stress/Bear,0.9999993559562514
2017-09-18,dax,12559.3896484375,0,Calm/Bull,5.564598206158568e-08
2017-09-19,dax,12561.7900390625,0,Calm/Bull,6.674245830251226e-08
2017-09-20,dax,12569.169921875,0,Calm/Bull,4.939518045206714e-07
2017-09-21,dax,12600.0302734375,0,Calm/Bull,2.1141433620296463e-06
2017-09-22,dax,12592.349609375,0,Calm/Bull,5.4807343663352896e-08
2017-09-25,dax,12594.8095703125,0,Calm/Bull,7.95318139337309e-08
2017-09-26,dax,12605.2001953125,0,Calm/Bull,8.3003915732713e-10
2017-09-27,dax,12657.41015625,0,Calm/Bull,1.3774064890693995e-09
2017-09-28,dax,12704.650390625,0,Calm/Bull,3.295428852297471e-09
2017-09-29,dax,12828.8603515625,0,Calm/Bull,5.109769829350718e-08
2017-10-02,dax,12902.650390625,0,Calm/Bull,5.685500006394198e-10
2017-10-04,dax,12970.51953125,0,Calm/Bull,7.809817474497882e-08
2017-10-05,dax,12968.0498046875,0,Calm/Bull,2.6315987439116445e-09
2017-10-06,dax,12955.9404296875,0,Calm/Bull,1.0448220335213377e-09
2017-10-09,dax,12976.400390625,0,Calm/Bull,3.0174547717920714e-10
2017-10-10,dax,12949.25,0,Calm/Bull,2.5705400277214808e-11
2017-10-11,dax,12970.6796875,0,Calm/Bull,2.5071490801087445e-10
2017-10-12,dax,12982.8896484375,0,Calm/Bull,2.71251398763879e-10
2017-10-13,dax,12991.8701171875,0,Calm/Bull,1.251274027298632e-10
2017-10-16,dax,13003.7001953125,0,Calm/Bull,1.7312118956767867e-09
2017-10-17,dax,12995.0595703125,0,Calm/Bull,5.0880245021578025e-09
2017-10-18,dax,13043.0302734375,0,Calm/Bull,4.17396570456994e-09
2017-10-19,dax,12990.099609375,0,Calm/Bull,4.041260655118193e-08
2017-10-20,dax,12991.2802734375,0,Calm/Bull,7.000901513842091e-08
2017-10-23,dax,13003.1396484375,0,Calm/Bull,8.214308559978465e-09
2017-10-24,dax,13013.1904296875,0,Calm/Bull,1.1357691787354668e-06
2017-10-25,dax,12953.41015625,0,Calm/Bull,9.410417031513879e-07
2017-10-26,dax,13133.2802734375,0,Calm/Bull,0.00023924774261382145
2017-10-27,dax,13217.5400390625,0,Calm/Bull,4.91463621640469e-06
2017-10-30,dax,13229.5703125,0,Calm/Bull,1.1501417169593757e-07
2017-11-01,dax,13465.509765625,0,Calm/Bull,0.0032255155309903524
2017-11-02,dax,13440.9296875,0,Calm/Bull,2.507669936381382e-05
2017-11-03,dax,13478.8603515625,0,Calm/Bull,3.6652571729471492e-06
2017-11-06,dax,13468.7900390625,0,Calm/Bull,1.3885021697117095e-05
2017-11-07,dax,13379.26953125,0,Calm/Bull,1.652390989075869e-05
2017-11-08,dax,13382.419921875,0,Calm/Bull,6.080162326129891e-05
2017-11-09,dax,13182.5595703125,0,Calm/Bull,0.0311041909739873
2017-11-10,dax,13127.4697265625,0,Calm/Bull,0.0012923009640429008
2017-11-13,dax,13074.419921875,0,Calm/Bull,0.0014463721785845953
2017-11-14,dax,13033.48046875,0,Calm/Bull,0.00030169026927484273
2017-11-15,dax,12976.3701171875,0,Calm/Bull,0.004757306642758368
2017-11-16,dax,13047.2197265625,0,Calm/Bull,0.00616855039231332
2017-11-17,dax,12993.73046875,0,Calm/Bull,0.002297469154131535
2017-11-20,dax,13058.66015625,0,Calm/Bull,0.004389053948801215
2017-11-21,dax,13167.5400390625,0,Calm/Bull,0.021282688256307008
2017-11-22,dax,13015.0400390625,0,Calm/Bull,0.044022403360158426
2017-11-23,dax,13008.5498046875,2,Stress/Bear,0.5798250822846585
2017-11-24,dax,13059.83984375,0,Calm/Bull,0.08462573429638608
2017-11-27,dax,13000.2001953125,0,Calm/Bull,0.004928645266862006
2017-11-28,dax,13059.5302734375,0,Calm/Bull,0.01455090961028328
2017-11-29,dax,13061.8701171875,0,Calm/Bull,3.750781966974515e-05
2017-11-30,dax,13023.98046875,0,Calm/Bull,0.0001818228860788848
2017-12-01,dax,12861.490234375,0,Calm/Bull,0.0019526160158383284
2017-12-04,dax,13058.5498046875,0,Calm/Bull,0.0023772944101997807
2017-12-05,dax,13048.5400390625,0,Calm/Bull,0.00011398303967823233
2017-12-06,dax,12998.849609375,0,Calm/Bull,0.0011727737382440822
2017-12-07,dax,13045.150390625,0,Calm/Bull,3.101317442184986e-05
2017-12-08,dax,13153.7001953125,0,Calm/Bull,0.00032357044019938066
2017-12-11,dax,13123.650390625,0,Calm/Bull,3.341864543552063e-05
2017-12-12,dax,13183.5302734375,0,Calm/Bull,3.637810893994534e-05
2017-12-13,dax,13125.6396484375,0,Calm/Bull,0.0008791243475971822
2017-12-14,dax,13068.080078125,0,Calm/Bull,0.00019905770471921868
2017-12-15,dax,13103.5595703125,0,Calm/Bull,0.45790429413819533
2017-12-18,dax,13312.2998046875,0,Calm/Bull,0.0003524093646271249
2017-12-19,dax,13215.7900390625,0,Calm/Bull,3.729962601468321e-05
2017-12-20,dax,13069.169921875,0,Calm/Bull,0.0003412975229190555
2017-12-21,dax,13109.740234375,0,Calm/Bull,9.064724233949662e-06
2017-12-22,dax,13072.7900390625,0,Calm/Bull,1.6016186883587514e-05
2017-12-27,dax,13070.01953125,0,Calm/Bull,3.0050406494175192e-05
2017-12-28,dax,12979.9404296875,0,Calm/Bull,4.4977490796249365e-05
2017-12-29,dax,12917.6396484375,0,Calm/Bull,4.001117770488445e-05
2018-01-02,dax,12871.3896484375,0,Calm/Bull,5.160264245623281e-05
2018-01-03,dax,12978.2099609375,0,Calm/Bull,1.85222660930464e-05
2018-01-04,dax,13167.8896484375,0,Calm/Bull,4.5571652534900884e-05
2018-01-05,dax,13319.6396484375,0,Calm/Bull,0.00011701392979173374
2018-01-08,dax,13367.7802734375,0,Calm/Bull,3.5450636713817197e-05
2018-01-09,dax,13385.58984375,0,Calm/Bull,7.683899685523724e-05
2018-01-10,dax,13281.33984375,0,Calm/Bull,0.00023350462826643518
2018-01-11,dax,13202.900390625,0,Calm/Bull,1.4163977944363029e-05
2018-01-12,dax,13245.0302734375,0,Calm/Bull,3.573589382280025e-06
2018-01-15,dax,13200.509765625,0,Calm/Bull,3.0296177051786993e-06
2018-01-16,dax,13246.330078125,0,Calm/Bull,5.503846339967411e-06
2018-01-17,dax,13183.9599609375,0,Calm/Bull,5.562698012209932e-06
2018-01-18,dax,13281.4296875,0,Calm/Bull,2.3893003699062847e-06
2018-01-19,dax,13434.4501953125,0,Calm/Bull,2.102821158374728e-05
2018-01-22,dax,13463.6904296875,0,Calm/Bull,1.6595278855139514e-06
2018-01-23,dax,13559.599609375,0,Calm/Bull,1.9818504458813977e-06
2018-01-24,dax,13414.740234375,0,Calm/Bull,2.845515923501861e-05
2018-01-25,dax,13298.3603515625,0,Calm/Bull,3.856404863901608e-05
2018-01-26,dax,13340.169921875,0,Calm/Bull,1.2770206639371756e-06
2018-01-29,dax,13324.48046875,0,Calm/Bull,3.417930678106176e-06
2018-01-30,dax,13197.7099609375,0,Calm/Bull,0.0001417478513443512
2018-01-31,dax,13189.48046875,0,Calm/Bull,1.3577138413303873e-05
2018-02-01,dax,13003.900390625,0,Calm/Bull,0.014522962877334638
2018-02-02,dax,12785.16015625,0,Calm/Bull,0.0006832064563533167
2018-02-05,dax,12687.490234375,0,Calm/Bull,0.00014648312115850875
2018-02-06,dax,12392.66015625,2,Stress/Bear,0.9864037251851728
2018-02-07,dax,12590.4296875,0,Calm/Bull,0.30018019413462543
2018-02-08,dax,12260.2900390625,2,Stress/Bear,0.9604340791816194
2018-02-09,dax,12107.48046875,0,Calm/Bull,0.18564644725636498
2018-02-12,dax,12282.76953125,0,Calm/Bull,0.0072183716893002466
2018-02-13,dax,12196.5,0,Calm/Bull,0.00033654653833921073
2018-02-14,dax,12339.16015625,0,Calm/Bull,0.21303488562956252
2018-02-15,dax,12346.169921875,0,Calm/Bull,0.0003421714596164028
2018-02-16,dax,12451.9599609375,0,Calm/Bull,0.003191818343502049
2018-02-19,dax,12385.599609375,0,Calm/Bull,0.000519969114426325
2018-02-20,dax,12487.900390625,0,Calm/Bull,0.002874117471912803
2018-02-21,dax,12470.490234375,0,Calm/Bull,0.00024023552474906334
2018-02-22,dax,12461.91015625,0,Calm/Bull,0.00029623226705189737
2018-02-23,dax,12483.7900390625,0,Calm/Bull,0.00018609854739354728
2018-02-26,dax,12527.0400390625,0,Calm/Bull,7.770101716519268e-05
2018-02-27,dax,12490.73046875,0,Calm/Bull,3.122077162261706e-05
2018-02-28,dax,12435.849609375,0,Calm/Bull,6.784840321728613e-05
2018-03-01,dax,12190.9404296875,0,Calm/Bull,0.0036486667774410122
2018-03-02,dax,11913.7099609375,0,Calm/Bull,0.038099159640478164
2018-03-05,dax,12090.8701171875,2,Stress/Bear,0.6122695398442125
2018-03-06,dax,12113.8701171875,0,Calm/Bull,0.0005884217881216143
2018-03-07,dax,12245.3603515625,0,Calm/Bull,0.004129158517858125
2018-03-08,dax,12355.5703125,0,Calm/Bull,5.45469666739552e-05
2018-03-09,dax,12346.6796875,0,Calm/Bull,2.548677458637947e-05
2018-03-12,dax,12418.3896484375,0,Calm/Bull,0.0001896987810251041
2018-03-13,dax,12221.0302734375,1,Transition,0.012012419076483066
2018-03-14,dax,12237.740234375,0,Calm/Bull,3.824787704670138e-06
2018-03-15,dax,12345.5595703125,0,Calm/Bull,9.36966885877008e-06
2018-03-16,dax,12389.580078125,2,Stress/Bear,0.6656096807393547
2018-03-19,dax,12217.01953125,0,Calm/Bull,2.702670932489623e-05
2018-03-20,dax,12307.330078125,0,Calm/Bull,3.2113937776346636e-06
2018-03-21,dax,12309.150390625,0,Calm/Bull,8.639866353797504e-06
2018-03-22,dax,12100.080078125,0,Calm/Bull,0.0022267635950936897
2018-03-23,dax,11886.3095703125,0,Calm/Bull,0.006642144709026921
2018-03-26,dax,11787.259765625,0,Calm/Bull,0.0015910228652586157
2018-03-27,dax,11970.830078125,0,Calm/Bull,0.006142699533897483
2018-03-28,dax,11940.7099609375,0,Calm/Bull,0.00037848501534624665
2018-03-29,dax,12096.73046875,0,Calm/Bull,0.0005140921090719075
2018-04-03,dax,12002.4501953125,0,Calm/Bull,1.4797175913805725e-05
2018-04-04,dax,11957.900390625,0,Calm/Bull,7.514273745540702e-05
2018-04-05,dax,12305.1904296875,1,Transition,0.009163263610790454
2018-04-06,dax,12241.26953125,0,Calm/Bull,0.00010821644373724969
2018-04-09,dax,12261.75,0,Calm/Bull,2.9961106551886516e-05
2018-04-10,dax,12397.3203125,0,Calm/Bull,0.00016469255672537243
2018-04-11,dax,12293.9697265625,0,Calm/Bull,0.00044162759240940717
2018-04-12,dax,12415.009765625,0,Calm/Bull,6.547210399148014e-05
2018-04-13,dax,12442.400390625,0,Calm/Bull,2.0364071362778673e-05
2018-04-16,dax,12391.41015625,0,Calm/Bull,1.8923320769264664e-05
2018-04-17,dax,12585.5703125,0,Calm/Bull,0.0004840946951009177
2018-04-18,dax,12590.830078125,0,Calm/Bull,4.937086754923471e-05
2018-04-19,dax,12567.419921875,0,Calm/Bull,4.207378926240355e-05
2018-04-20,dax,12540.5,0,Calm/Bull,0.00020341138962372005
2018-04-23,dax,12572.3896484375,0,Calm/Bull,1.2973568641137015e-05
2018-04-24,dax,12550.8203125,1,Transition,6.919175644153706e-05
2018-04-25,dax,12422.2998046875,1,Transition,0.0001656699420321252
2018-04-26,dax,12500.4697265625,0,Calm/Bull,0.00024402250565638253
2018-04-27,dax,12580.8701171875,0,Calm/Bull,0.000419374146454209
2018-04-30,dax,12612.1103515625,0,Calm/Bull,6.751796218922997e-05
2018-05-02,dax,12802.25,1,Transition,0.00039260332457649095
2018-05-03,dax,12690.150390625,1,Transition,0.00011626456302392601
2018-05-04,dax,12819.599609375,0,Calm/Bull,2.9028681546933646e-05
2018-05-07,dax,12948.1396484375,1,Transition,4.686918798048695e-06
2018-05-08,dax,12912.2099609375,0,Calm/Bull,3.2432568559968614e-06
2018-05-09,dax,12943.0595703125,0,Calm/Bull,1.9041754373345143e-06
2018-05-10,dax,13022.8701171875,0,Calm/Bull,1.8078562686727625e-07
2018-05-11,dax,13001.240234375,0,Calm/Bull,1.6929620751764763e-07
2018-05-14,dax,12977.7099609375,0,Calm/Bull,6.631234661219419e-08
2018-05-15,dax,12970.0400390625,0,Calm/Bull,5.939559471694754e-07
2018-05-16,dax,12996.330078125,0,Calm/Bull,1.813660843478598e-07
2018-05-17,dax,13114.6103515625,0,Calm/Bull,1.0101740431062944e-07
2018-05-18,dax,13077.7197265625,0,Calm/Bull,1.4991403474527843e-06
2018-05-22,dax,13169.919921875,0,Calm/Bull,3.6013359146700165e-07
2018-05-23,dax,12976.83984375,0,Calm/Bull,1.107849430888369e-05
2018-05-24,dax,12855.08984375,0,Calm/Bull,7.177300167503459e-05
2018-05-25,dax,12938.009765625,0,Calm/Bull,2.0303733190420903e-06
2018-05-28,dax,12863.4599609375,0,Calm/Bull,1.9087801396157945e-06
2018-05-29,dax,12666.509765625,0,Calm/Bull,0.0014027217109982997
2018-05-30,dax,12783.759765625,0,Calm/Bull,1.6337632877157124e-05
2018-05-31,dax,12604.8896484375,0,Calm/Bull,0.007247288339364932
2018-06-01,dax,12724.26953125,0,Calm/Bull,9.249613038976828e-06
2018-06-04,dax,12770.75,0,Calm/Bull,2.508182784362742e-07
2018-06-05,dax,12787.1298828125,0,Calm/Bull,9.416830866552998e-07
2018-06-06,dax,12830.0703125,0,Calm/Bull,3.7599026547328916e-07
2018-06-07,dax,12811.0498046875,0,Calm/Bull,6.946376646249576e-07
2018-06-08,dax,12766.5498046875,0,Calm/Bull,1.1785498475224183e-06
2018-06-11,dax,12842.91015625,0,Calm/Bull,5.570707308728242e-07
2018-06-12,dax,12842.2998046875,0,Calm/Bull,2.3316762701147937e-07
2018-06-13,dax,12890.580078125,0,Calm/Bull,3.0602579195758755e-07
2018-06-14,dax,13107.099609375,1,Transition,0.011513934115721767
2018-06-15,dax,13010.5498046875,2,Stress/Bear,0.9050438270100958
2018-06-18,dax,12834.1103515625,0,Calm/Bull,1.220305256168818e-05
2018-06-19,dax,12677.9697265625,0,Calm/Bull,7.06795737130144e-06
2018-06-20,dax,12695.16015625,0,Calm/Bull,1.32077974888696e-06
2018-06-21,dax,12511.91015625,0,Calm/Bull,0.0004079590098162012
2018-06-22,dax,12579.7197265625,0,Calm/Bull,2.592099333059817e-05
2018-06-25,dax,12270.330078125,0,Calm/Bull,0.01217868492110592
2018-06-26,dax,12234.33984375,0,Calm/Bull,3.6710343909854505e-05
2018-06-27,dax,12348.6103515625,0,Calm/Bull,0.04645150719629967
2018-06-28,dax,12177.23046875,0,Calm/Bull,0.0007386359933039738
2018-06-29,dax,12306.0,0,Calm/Bull,9.438905796397422e-05
2018-07-02,dax,12238.169921875,0,Calm/Bull,1.0405919576255911e-05
2018-07-03,dax,12349.1396484375,0,Calm/Bull,1.7069565761514486e-05
2018-07-04,dax,12317.6103515625,0,Calm/Bull,1.787323794190127e-05
2018-07-05,dax,12464.2900390625,0,Calm/Bull,0.00010094962132941322
2018-07-06,dax,12496.169921875,0,Calm/Bull,0.00021107181828117425
2018-07-09,dax,12543.8896484375,0,Calm/Bull,2.744870568299926e-05
2018-07-10,dax,12609.849609375,0,Calm/Bull,1.3127296773058022e-05
2018-07-11,dax,12417.1298828125,0,Calm/Bull,0.00020597696220882777
2018-07-12,dax,12492.9697265625,0,Calm/Bull,1.9267193793023838e-05
2018-07-13,dax,12540.73046875,0,Calm/Bull,0.00018709329603053658
2018-07-16,dax,12561.01953125,0,Calm/Bull,2.768908834352854e-05
2018-07-17,dax,12661.5400390625,0,Calm/Bull,1.5704804678701114e-05
2018-07-18,dax,12765.9404296875,0,Calm/Bull,4.581551006938959e-05
2018-07-19,dax,12686.2900390625,0,Calm/Bull,7.332514800297124e-06
2018-07-20,dax,12561.419921875,0,Calm/Bull,0.00029983480613152516
2018-07-23,dax,12548.5703125,0,Calm/Bull,2.4017964939304904e-07
2018-07-24,dax,12689.3896484375,0,Calm/Bull,7.304863023885687e-06
2018-07-25,dax,12579.330078125,0,Calm/Bull,2.1701377740550163e-06
2018-07-26,dax,12809.23046875,0,Calm/Bull,0.00017791180074870307
2018-07-27,dax,12860.400390625,0,Calm/Bull,7.638956666041182e-06
2018-07-30,dax,12798.2001953125,0,Calm/Bull,2.060008248638873e-06
2018-07-31,dax,12805.5,0,Calm/Bull,8.519241861802575e-06
2018-08-01,dax,12737.0498046875,0,Calm/Bull,3.1048663835829656e-06
2018-08-02,dax,12546.330078125,0,Calm/Bull,7.537787278823596e-05
2018-08-03,dax,12615.759765625,0,Calm/Bull,6.088869917172515e-06
2018-08-06,dax,12598.2099609375,0,Calm/Bull,1.4155059583394225e-06
2018-08-07,dax,12648.1904296875,0,Calm/Bull,3.071870702745828e-06
2018-08-08,dax,12633.5400390625,0,Calm/Bull,4.486368422638097e-07
2018-08-09,dax,12676.1103515625,0,Calm/Bull,1.2603187217006604e-07
2018-08-10,dax,12424.349609375,0,Calm/Bull,0.004504382532477845
2018-08-13,dax,12358.740234375,0,Calm/Bull,2.5153496658163544e-05
2018-08-14,dax,12358.8701171875,0,Calm/Bull,2.75368559905177e-06
2018-08-15,dax,12163.009765625,1,Transition,0.0029560080410183224
2018-08-16,dax,12237.169921875,0,Calm/Bull,0.0001580966497629722
2018-08-17,dax,12210.5498046875,0,Calm/Bull,4.836320973532019e-06
2018-08-20,dax,12331.2998046875,0,Calm/Bull,2.4004763548426725e-06
2018-08-21,dax,12384.490234375,0,Calm/Bull,1.3590595784922921e-06
2018-08-22,dax,12385.7001953125,0,Calm/Bull,3.5364702227736144e-06
2018-08-23,dax,12365.580078125,0,Calm/Bull,1.9781381141834302e-06
2018-08-24,dax,12394.51953125,0,Calm/Bull,1.1724385515296204e-06
2018-08-27,dax,12538.3095703125,0,Calm/Bull,1.840476092561075e-06
2018-08-28,dax,12527.419921875,0,Calm/Bull,2.946814370709782e-06
2018-08-29,dax,12561.6796875,0,Calm/Bull,6.709439611636182e-07
2018-08-30,dax,12494.240234375,0,Calm/Bull,4.4349824586900975e-07
2018-08-31,dax,12364.0595703125,0,Calm/Bull,2.208934959595269e-05
2018-09-03,dax,12346.41015625,0,Calm/Bull,3.5355007745985567e-07
2018-09-04,dax,12210.2099609375,0,Calm/Bull,2.0641345330973775e-05
2018-09-05,dax,12040.4599609375,0,Calm/Bull,0.00374662835694075
2018-09-06,dax,11955.25,0,Calm/Bull,7.964176763701646e-05
2018-09-07,dax,11959.6298828125,0,Calm/Bull,3.783893012249611e-05
2018-09-10,dax,11986.33984375,0,Calm/Bull,1.5915526359185324e-06
2018-09-11,dax,11970.26953125,0,Calm/Bull,4.446941170891383e-06
2018-09-12,dax,12032.2998046875,0,Calm/Bull,3.3560286759557334e-05
2018-09-13,dax,12055.5498046875,0,Calm/Bull,1.4047510102196444e-06
2018-09-14,dax,12124.330078125,0,Calm/Bull,3.741572014956753e-07
2018-09-17,dax,12096.41015625,0,Calm/Bull,7.885904675809103e-08
2018-09-18,dax,12157.669921875,0,Calm/Bull,5.290228623718557e-07
2018-09-19,dax,12219.01953125,0,Calm/Bull,5.2680147297800595e-06
2018-09-20,dax,12326.48046875,0,Calm/Bull,2.9832575344796804e-05
2018-09-21,dax,12430.8798828125,2,Stress/Bear,1.0
2018-09-24,dax,12350.8203125,0,Calm/Bull,1.06209296423713e-06
2018-09-25,dax,12374.66015625,0,Calm/Bull,2.230466488119285e-07
2018-09-26,dax,12385.8896484375,0,Calm/Bull,1.3316753601757909e-07
2018-09-27,dax,12435.58984375,0,Calm/Bull,6.340201057960142e-07
2018-09-28,dax,12246.73046875,0,Calm/Bull,6.620905059311409e-06
2018-10-01,dax,12339.0302734375,0,Calm/Bull,1.989969954445258e-07
2018-10-02,dax,12287.580078125,0,Calm/Bull,6.565184561408191e-08
2018-10-04,dax,12244.1396484375,0,Calm/Bull,1.1371332588125753e-07
2018-10-05,dax,12111.900390625,0,Calm/Bull,2.813530004779831e-07
2018-10-08,dax,11947.16015625,0,Calm/Bull,7.404066900182973e-07
2018-10-09,dax,11977.2197265625,0,Calm/Bull,4.331970739992349e-06
2018-10-10,dax,11712.5,2,Stress/Bear,0.9892571954937965
2018-10-11,dax,11539.349609375,0,Calm/Bull,0.016827371685228482
2018-10-12,dax,11523.8095703125,0,Calm/Bull,0.0002480508100654862
2018-10-15,dax,11614.16015625,0,Calm/Bull,4.372867837979708e-05
2018-10-16,dax,11776.5498046875,0,Calm/Bull,0.00015300355228200382
2018-10-17,dax,11715.0302734375,0,Calm/Bull,1.5653867802303982e-05
2018-10-18,dax,11589.2099609375,0,Calm/Bull,0.00022869460193234182
2018-10-19,dax,11553.830078125,0,Calm/Bull,0.0004956566570310421
2018-10-22,dax,11524.33984375,0,Calm/Bull,7.716335977261527e-05
2018-10-23,dax,11274.2802734375,0,Calm/Bull,0.01484230780502537
2018-10-24,dax,11191.6298828125,0,Calm/Bull,0.006698385602517835
2018-10-25,dax,11307.1201171875,2,Stress/Bear,0.9679320226564635
2018-10-26,dax,11200.6201171875,0,Calm/Bull,0.062269942645343634
2018-10-29,dax,11335.48046875,0,Calm/Bull,0.004598897936335514
2018-10-30,dax,11287.3896484375,0,Calm/Bull,0.0010984442826233053
2018-10-31,dax,11447.509765625,0,Calm/Bull,0.06480446665695183
2018-11-01,dax,11468.5400390625,0,Calm/Bull,0.00026294242978519756
2018-11-02,dax,11518.990234375,0,Calm/Bull,0.0011832118749036142
2018-11-05,dax,11494.9599609375,0,Calm/Bull,2.8121998582672484e-05
2018-11-06,dax,11484.33984375,0,Calm/Bull,0.0009011932741916883
2018-11-07,dax,11579.099609375,0,Calm/Bull,6.2031496044248555e-06
2018-11-08,dax,11527.3203125,0,Calm/Bull,3.8177818966839965e-06
2018-11-09,dax,11529.16015625,0,Calm/Bull,6.904923861553793e-06
2018-11-12,dax,11325.4404296875,0,Calm/Bull,0.041205322844475104
2018-11-13,dax,11472.2197265625,0,Calm/Bull,4.110033885462025e-05
2018-11-14,dax,11412.5302734375,0,Calm/Bull,0.00042564268137318953
2018-11-15,dax,11353.669921875,0,Calm/Bull,0.0002460805850842732
2018-11-16,dax,11341.0,0,Calm/Bull,8.379111309933125e-05
2018-11-19,dax,11244.5400390625,0,Calm/Bull,1.7361758516644567e-05
2018-11-20,dax,11066.41015625,0,Calm/Bull,0.0002822367885995964
2018-11-21,dax,11244.169921875,0,Calm/Bull,0.0001477046200242951
2018-11-22,dax,11138.490234375,0,Calm/Bull,4.915905389465196e-06
2018-11-23,dax,11192.6904296875,0,Calm/Bull,2.615178436970763e-06
2018-11-26,dax,11354.7197265625,0,Calm/Bull,1.3102384256445057e-05
2018-11-27,dax,11309.1103515625,0,Calm/Bull,6.4112147777657214e-06
2018-11-28,dax,11298.8798828125,0,Calm/Bull,1.1958513753363716e-06
2018-11-29,dax,11298.23046875,0,Calm/Bull,4.999996237820927e-06
2018-11-30,dax,11257.240234375,0,Calm/Bull,2.448206471670673e-05
2018-12-03,dax,11465.4599609375,0,Calm/Bull,0.00013522306659491184
2018-12-04,dax,11335.3203125,0,Calm/Bull,1.410773856783539e-05
2018-12-05,dax,11200.240234375,0,Calm/Bull,2.064257322719176e-05
2018-12-06,dax,10810.98046875,2,Stress/Bear,0.9732524313638684
2018-12-07,dax,10788.08984375,0,Calm/Bull,0.010596232182988283
2018-12-10,dax,10622.0703125,2,Stress/Bear,0.7143873355087413
2018-12-11,dax,10780.509765625,1,Transition,0.22398094751060105
2018-12-12,dax,10929.4296875,0,Calm/Bull,0.03170018984018161
2018-12-13,dax,10924.7001953125,0,Calm/Bull,0.000776700537333428
2018-12-14,dax,10865.76953125,0,Calm/Bull,0.0009794889946608126
2018-12-17,dax,10772.2001953125,0,Calm/Bull,0.004859238320572338
2018-12-18,dax,10740.8896484375,0,Calm/Bull,0.00035793290581949573
2018-12-19,dax,10766.2099609375,0,Calm/Bull,0.0009574823443323446
2018-12-20,dax,10611.099609375,0,Calm/Bull,0.02008344335164764
2018-12-21,dax,10633.8203125,2,Stress/Bear,0.9988222350174896
2018-12-27,dax,10381.509765625,2,Stress/Bear,0.6441789272461156
2018-12-28,dax,10558.9599609375,0,Calm/Bull,0.05361306562859653
2019-01-02,dax,10580.1904296875,0,Calm/Bull,0.015574588590783395
2019-01-03,dax,10416.66015625,1,Transition,0.01715738310934384
2019-01-04,dax,10767.6904296875,2,Stress/Bear,0.587134468124579
2019-01-07,dax,10747.8095703125,1,Transition,0.04033619094882923
2019-01-08,dax,10803.98046875,1,Transition,0.011611199086083155
2019-01-09,dax,10893.3203125,1,Transition,0.04875185956163168
2019-01-10,dax,10921.58984375,1,Transition,0.0020445527446761287
2019-01-11,dax,10887.4599609375,0,Calm/Bull,0.00028005690195449323
2019-01-14,dax,10855.91015625,0,Calm/Bull,0.00012955873337936136
2019-01-15,dax,10891.7900390625,0,Calm/Bull,0.00016713381481805756
2019-01-16,dax,10931.240234375,0,Calm/Bull,4.7798188267369155e-05
2019-01-17,dax,10918.6201171875,0,Calm/Bull,3.200673278894825e-05
2019-01-18,dax,11205.5400390625,1,Transition,0.025931621394809444
2019-01-21,dax,11136.2001953125,1,Transition,0.001025006446631617
2019-01-22,dax,11090.1103515625,0,Calm/Bull,0.0005904071945958248
2019-01-23,dax,11071.5400390625,0,Calm/Bull,0.0006685974968523766
2019-01-24,dax,11130.1796875,0,Calm/Bull,0.0027079696877525465
2019-01-25,dax,11281.7900390625,1,Transition,0.01726928438410615
2019-01-28,dax,11210.3095703125,1,Transition,0.00037450949882387823
2019-01-29,dax,11218.830078125,1,Transition,5.663517312159031e-05
2019-01-30,dax,11181.66015625,0,Calm/Bull,7.409846703461233e-05
2019-01-31,dax,11173.099609375,1,Transition,0.0012770173028731277
2019-02-01,dax,11180.66015625,1,Transition,3.3604109913581335e-05
2019-02-04,dax,11176.580078125,1,Transition,2.0278255939339367e-06
2019-02-05,dax,11367.98046875,1,Transition,2.108030648749793e-05
2019-02-06,dax,11324.7197265625,1,Transition,8.227447042226793e-06
2019-02-07,dax,11022.01953125,1,Transition,0.0012433462141167426
2019-02-08,dax,10906.7802734375,1,Transition,0.00010417780308929796
2019-02-11,dax,11014.58984375,1,Transition,4.7234899932885674e-05
2019-02-12,dax,11126.080078125,1,Transition,0.00027059619037971607
2019-02-13,dax,11167.2197265625,1,Transition,4.3876038783173536e-05
2019-02-14,dax,11089.7900390625,1,Transition,5.685709207763327e-05
2019-02-15,dax,11299.7998046875,1,Transition,0.002206612548228724
2019-02-18,dax,11299.2001953125,1,Transition,2.1768307647048355e-05
2019-02-19,dax,11309.2099609375,1,Transition,1.3199897465239062e-05
2019-02-20,dax,11401.9697265625,1,Transition,2.0447577557565883e-05
2019-02-21,dax,11423.2802734375,1,Transition,7.94759263861272e-05
2019-02-22,dax,11457.7001953125,1,Transition,1.3902225013364949e-05
2019-02-25,dax,11505.3896484375,1,Transition,2.1084344757499238e-05
2019-02-26,dax,11540.7900390625,1,Transition,1.5698084141880815e-05
2019-02-27,dax,11487.330078125,1,Transition,5.203156918490639e-05
2019-02-28,dax,11515.6396484375,1,Transition,3.0246892965691606e-05
2019-03-01,dax,11601.6796875,1,Transition,2.108162005524734e-05
2019-03-04,dax,11592.66015625,0,Calm/Bull,1.2932584045040467e-05
2019-03-05,dax,11620.740234375,1,Transition,7.568627901017661e-06
2019-03-06,dax,11587.6298828125,0,Calm/Bull,6.76312857545885e-06
2019-03-07,dax,11517.7998046875,0,Calm/Bull,1.1788876480205286e-05
2019-03-08,dax,11457.83984375,0,Calm/Bull,3.127389962726283e-06
2019-03-11,dax,11543.48046875,0,Calm/Bull,3.351032948712803e-07
2019-03-12,dax,11524.169921875,0,Calm/Bull,2.748447649863495e-07
2019-03-13,dax,11572.41015625,0,Calm/Bull,7.376784673860635e-08
2019-03-14,dax,11587.4697265625,0,Calm/Bull,1.2142020145767511e-07
2019-03-15,dax,11685.6904296875,2,Stress/Bear,0.998240038295532
2019-03-18,dax,11657.0595703125,0,Calm/Bull,4.53851870927383e-08
2019-03-19,dax,11788.41015625,0,Calm/Bull,1.3737631571382643e-06
2019-03-20,dax,11603.8896484375,0,Calm/Bull,6.4581171681994285e-06
2019-03-21,dax,11549.9599609375,0,Calm/Bull,1.8490722120838915e-07
2019-03-22,dax,11364.169921875,1,Transition,0.00018849276603935135
2019-03-25,dax,11346.650390625,0,Calm/Bull,3.4360482749345267e-07
2019-03-26,dax,11419.48046875,0,Calm/Bull,1.1712736275281645e-06
2019-03-27,dax,11419.0400390625,0,Calm/Bull,4.3814430016639937e-07
2019-03-28,dax,11428.16015625,0,Calm/Bull,1.9834416885882716e-07
2019-03-29,dax,11526.0400390625,0,Calm/Bull,5.421442347991611e-07
2019-04-01,dax,11681.990234375,0,Calm/Bull,6.4270608396817215e-06
2019-04-02,dax,11754.7900390625,0,Calm/Bull,1.2545538332692444e-06
2019-04-03,dax,11954.400390625,0,Calm/Bull,7.121921774531648e-05
2019-04-04,dax,11988.009765625,0,Calm/Bull,2.1688452220234173e-05
2019-04-05,dax,12009.75,0,Calm/Bull,4.257608079191216e-06
2019-04-08,dax,11963.400390625,0,Calm/Bull,1.5962455720510443e-06
2019-04-09,dax,11850.5703125,0,Calm/Bull,3.306185417169403e-06
2019-04-10,dax,11905.91015625,0,Calm/Bull,1.521483823469145e-06
2019-04-11,dax,11935.2001953125,0,Calm/Bull,1.6198844429248967e-06
2019-04-12,dax,11999.9296875,0,Calm/Bull,7.52351429891087e-06
2019-04-15,dax,12020.2802734375,0,Calm/Bull,3.191243776325023e-06
2019-04-16,dax,12101.3203125,0,Calm/Bull,2.7585093046022927e-06
2019-04-17,dax,12153.0703125,0,Calm/Bull,2.8067749050382464e-06
2019-04-18,dax,12222.3896484375,0,Calm/Bull,9.493103618446694e-06
2019-04-23,dax,12235.509765625,0,Calm/Bull,1.6801998694704666e-08
2019-04-24,dax,12313.16015625,0,Calm/Bull,5.265229235224998e-07
2019-04-25,dax,12282.599609375,0,Calm/Bull,9.547410008683897e-08
2019-04-26,dax,12315.1796875,0,Calm/Bull,5.1071387389931394e-08
2019-04-29,dax,12328.01953125,0,Calm/Bull,1.863335731801161e-08
2019-04-30,dax,12344.080078125,0,Calm/Bull,1.6009111612978997e-08
2019-05-02,dax,12345.419921875,0,Calm/Bull,7.262138512049892e-09
2019-05-03,dax,12412.75,0,Calm/Bull,2.3368814122038244e-09
2019-05-06,dax,12286.8798828125,0,Calm/Bull,3.26155331659412e-09
2019-05-07,dax,12092.740234375,0,Calm/Bull,0.00023180395315491222
2019-05-08,dax,12179.9296875,0,Calm/Bull,2.040811071042261e-06
2019-05-09,dax,11973.919921875,0,Calm/Bull,7.924906102705378e-05
2019-05-10,dax,12059.830078125,0,Calm/Bull,0.0014614965762531815
2019-05-13,dax,11876.650390625,0,Calm/Bull,0.00020318303491796455
2019-05-14,dax,11991.6201171875,0,Calm/Bull,1.6821976830371542e-05
2019-05-15,dax,12099.5703125,0,Calm/Bull,0.0013278665302129773
2019-05-16,dax,12310.3701171875,0,Calm/Bull,0.4272819320288054
2019-05-17,dax,12238.9404296875,0,Calm/Bull,2.092853072718276e-05
2019-05-20,dax,12041.2900390625,0,Calm/Bull,0.015535719314171805
2019-05-21,dax,12143.4697265625,0,Calm/Bull,1.137641282605184e-05
2019-05-22,dax,12168.740234375,0,Calm/Bull,1.0357115962391314e-05
2019-05-23,dax,11952.41015625,0,Calm/Bull,0.0005354469397629311
2019-05-24,dax,12011.0400390625,0,Calm/Bull,4.53954717403144e-05
2019-05-27,dax,12071.1796875,0,Calm/Bull,2.008451034093469e-05
2019-05-28,dax,12027.0498046875,0,Calm/Bull,4.527301655242126e-05
2019-05-29,dax,11837.8095703125,0,Calm/Bull,0.00046784039360745947
2019-05-30,dax,11902.080078125,0,Calm/Bull,4.46052918833189e-05
2019-05-31,dax,11726.83984375,0,Calm/Bull,0.0008006002232783571
2019-06-03,dax,11792.8095703125,0,Calm/Bull,0.00011654523910510485
2019-06-04,dax,11971.169921875,0,Calm/Bull,0.040430385145965954
2019-06-05,dax,11980.8095703125,0,Calm/Bull,1.3074647034186467e-05
2019-06-06,dax,11953.1396484375,0,Calm/Bull,2.1477459632554352e-05
2019-06-07,dax,12045.3798828125,0,Calm/Bull,1.7329938591576046e-05
2019-06-11,dax,12155.8095703125,0,Calm/Bull,2.8685873905690845e-05
2019-06-12,dax,12115.6796875,0,Calm/Bull,8.981796487746653e-06
2019-06-13,dax,12169.0498046875,0,Calm/Bull,3.953040005953608e-06
2019-06-14,dax,12096.400390625,0,Calm/Bull,4.15416779041349e-06
2019-06-17,dax,12085.8203125,0,Calm/Bull,6.728219340140178e-06
2019-06-18,dax,12331.75,2,Stress/Bear,0.9965852360360605
2019-06-19,dax,12308.5302734375,0,Calm/Bull,4.352388118436473e-05
2019-06-20,dax,12355.3896484375,0,Calm/Bull,8.247600626358905e-06
2019-06-21,dax,12339.919921875,2,Stress/Bear,0.9869253090625628
2019-06-24,dax,12274.5703125,0,Calm/Bull,1.9910116510169996e-06
2019-06-25,dax,12228.4404296875,0,Calm/Bull,1.2210611829839493e-06
2019-06-26,dax,12245.3203125,0,Calm/Bull,9.831732344205064e-07
2019-06-27,dax,12271.0302734375,0,Calm/Bull,3.3337493573595324e-07
2019-06-28,dax,12398.7998046875,0,Calm/Bull,1.364396518780914e-06
2019-07-01,dax,12521.3798828125,0,Calm/Bull,2.5629062004795244e-07
2019-07-02,dax,12526.7197265625,0,Calm/Bull,8.255088293011162e-08
2019-07-03,dax,12616.240234375,0,Calm/Bull,2.709145942823071e-08
2019-07-04,dax,12629.900390625,0,Calm/Bull,1.7327534743263277e-08
2019-07-05,dax,12568.5302734375,0,Calm/Bull,4.2216132898377366e-08
2019-07-08,dax,12543.509765625,0,Calm/Bull,4.480745077967954e-08
2019-07-09,dax,12436.5498046875,0,Calm/Bull,2.0634269427483242e-07
2019-07-10,dax,12373.41015625,0,Calm/Bull,7.340296258946343e-08
2019-07-11,dax,12332.1201171875,0,Calm/Bull,7.19654129918688e-08
2019-07-12,dax,12323.3203125,0,Calm/Bull,1.0279763895237718e-07
2019-07-15,dax,12387.33984375,0,Calm/Bull,4.5259824468251076e-08
2019-07-16,dax,12430.9697265625,0,Calm/Bull,3.615340834177328e-10
2019-07-17,dax,12341.0302734375,0,Calm/Bull,9.868680112637667e-10
2019-07-18,dax,12227.849609375,0,Calm/Bull,3.3717844517496345e-09
2019-07-19,dax,12260.0703125,0,Calm/Bull,5.744150219536176e-09
2019-07-22,dax,12289.400390625,0,Calm/Bull,1.0485655406897655e-09
2019-07-23,dax,12490.740234375,0,Calm/Bull,1.8116105166910706e-06
2019-07-24,dax,12522.8896484375,0,Calm/Bull,1.9584747650620248e-07
2019-07-25,dax,12362.099609375,1,Transition,0.0030816057562664005
2019-07-26,dax,12419.900390625,0,Calm/Bull,8.301639442546358e-08
2019-07-29,dax,12417.4697265625,0,Calm/Bull,3.1269704167661476e-08
2019-07-30,dax,12147.240234375,1,Transition,0.002704801386526372
2019-07-31,dax,12189.0400390625,0,Calm/Bull,1.4622370424849e-05
2019-08-01,dax,12253.150390625,0,Calm/Bull,1.8481675882801482e-06
2019-08-02,dax,11872.4404296875,2,Stress/Bear,0.7619420069978343
2019-08-05,dax,11658.509765625,0,Calm/Bull,0.10269990003976127
2019-08-06,dax,11567.9599609375,0,Calm/Bull,0.000893992754793955
2019-08-07,dax,11650.150390625,0,Calm/Bull,0.010878082007280911
2019-08-08,dax,11845.41015625,0,Calm/Bull,0.04079343794914136
2019-08-09,dax,11693.7998046875,0,Calm/Bull,0.0007662292817574811
2019-08-12,dax,11679.6796875,0,Calm/Bull,0.00014846673691693257
2019-08-13,dax,11750.1298828125,0,Calm/Bull,0.23534066086422564
2019-08-14,dax,11492.66015625,2,Stress/Bear,0.6607836388595735
2019-08-15,dax,11412.669921875,0,Calm/Bull,0.02783041050568843
2019-08-16,dax,11562.740234375,0,Calm/Bull,0.006198261319399271
2019-08-19,dax,11715.3701171875,0,Calm/Bull,0.0011737441537682791
2019-08-20,dax,11651.1796875,0,Calm/Bull,0.0003568713922431833
2019-08-21,dax,11802.849609375,0,Calm/Bull,0.004994368044199718
2019-08-22,dax,11747.0400390625,0,Calm/Bull,0.0024898813630855185
2019-08-23,dax,11611.509765625,0,Calm/Bull,0.005989803448184893
2019-08-26,dax,11658.0400390625,0,Calm/Bull,0.00039667980402245705
2019-08-27,dax,11730.01953125,0,Calm/Bull,0.0001275048732542376
2019-08-28,dax,11701.01953125,0,Calm/Bull,8.774044512001186e-05
2019-08-29,dax,11838.8798828125,0,Calm/Bull,0.0006493557068195963
2019-08-30,dax,11939.2802734375,0,Calm/Bull,3.7506986383927814e-05
2019-09-02,dax,11953.7802734375,0,Calm/Bull,5.586138771636167e-06
2019-09-03,dax,11910.8603515625,0,Calm/Bull,6.209806428254279e-06
2019-09-04,dax,12025.0400390625,0,Calm/Bull,7.565380732994568e-06
2019-09-05,dax,12126.7802734375,0,Calm/Bull,2.4240420348701168e-05
2019-09-06,dax,12191.73046875,0,Calm/Bull,4.716669930762509e-06
2019-09-09,dax,12226.099609375,0,Calm/Bull,4.614456725026519e-06
2019-09-10,dax,12268.7099609375,0,Calm/Bull,9.815042054254987e-05
2019-09-11,dax,12359.0703125,0,Calm/Bull,2.2593347689717522e-06
2019-09-12,dax,12410.25,0,Calm/Bull,3.909402263550622e-05
2019-09-13,dax,12468.5302734375,0,Calm/Bull,6.711083504249678e-07
2019-09-16,dax,12380.3095703125,0,Calm/Bull,3.00719478934101e-07
2019-09-17,dax,12372.6103515625,0,Calm/Bull,5.279355009937231e-08
2019-09-18,dax,12389.6201171875,0,Calm/Bull,1.3810808011128576e-08
2019-09-19,dax,12457.7001953125,0,Calm/Bull,3.0157202217967427e-08
2019-09-20,dax,12468.009765625,2,Stress/Bear,0.9734549709625409
2019-09-23,dax,12342.330078125,0,Calm/Bull,6.604541129233843e-08
2019-09-24,dax,12307.150390625,0,Calm/Bull,3.0957432852800233e-09
2019-09-25,dax,12234.1796875,0,Calm/Bull,1.0393137388552236e-08
2019-09-26,dax,12288.5400390625,0,Calm/Bull,8.933893873993301e-09
2019-09-27,dax,12380.9404296875,0,Calm/Bull,4.405436727425556e-09
2019-09-30,dax,12428.080078125,0,Calm/Bull,2.778700789159047e-09
2019-10-01,dax,12263.830078125,0,Calm/Bull,2.7347745058380296e-06
2019-10-02,dax,11925.25,1,Transition,0.0011485326340242516
2019-10-04,dax,12012.8095703125,0,Calm/Bull,8.202812115045743e-06
2019-10-07,dax,12097.4296875,0,Calm/Bull,3.875994432188672e-06
2019-10-08,dax,11970.2001953125,0,Calm/Bull,1.2284196091079527e-05
2019-10-09,dax,12094.259765625,0,Calm/Bull,3.880585641373873e-05
2019-10-10,dax,12164.2001953125,0,Calm/Bull,2.7990059109835805e-05
2019-10-11,dax,12511.650390625,1,Transition,0.02416813984625181
2019-10-14,dax,12486.5595703125,0,Calm/Bull,4.382215847852482e-05
2019-10-15,dax,12629.7900390625,1,Transition,0.004044476968039921
2019-10-16,dax,12670.1103515625,0,Calm/Bull,0.0018296328509824448
2019-10-17,dax,12654.9501953125,0,Calm/Bull,0.0009586593907072904
2019-10-18,dax,12633.599609375,0,Calm/Bull,4.6401172484892565e-05
2019-10-21,dax,12747.9599609375,0,Calm/Bull,5.747126632130256e-05
2019-10-22,dax,12754.6904296875,0,Calm/Bull,0.00010202703969514298
2019-10-23,dax,12798.1904296875,0,Calm/Bull,3.44358653176021e-05
2019-10-24,dax,12872.099609375,0,Calm/Bull,8.524618905004702e-05
2019-10-25,dax,12894.509765625,0,Calm/Bull,3.413186701986628e-05
2019-10-28,dax,12941.7099609375,0,Calm/Bull,3.646296078157632e-05
2019-10-29,dax,12939.6201171875,0,Calm/Bull,0.00012451910122853602
2019-10-30,dax,12910.23046875,0,Calm/Bull,0.0002567281023604669
2019-10-31,dax,12866.7900390625,0,Calm/Bull,2.340043963210381e-05
2019-11-01,dax,12961.0498046875,0,Calm/Bull,1.829357318671718e-06
2019-11-04,dax,13136.2802734375,0,Calm/Bull,4.3576127802085854e-05
2019-11-05,dax,13148.5,0,Calm/Bull,4.422759477959199e-06
2019-11-06,dax,13179.8896484375,0,Calm/Bull,9.305388706637834e-07
2019-11-07,dax,13289.4599609375,0,Calm/Bull,0.0001318870699836254
2019-11-08,dax,13228.5595703125,0,Calm/Bull,5.785249970688179e-09
2019-11-11,dax,13198.3701171875,0,Calm/Bull,3.7878373861595615e-10
2019-11-12,dax,13283.509765625,0,Calm/Bull,3.44238733883929e-10
2019-11-13,dax,13230.0703125,0,Calm/Bull,5.212482988618996e-10
2019-11-14,dax,13180.23046875,0,Calm/Bull,2.1723533592217375e-09
2019-11-15,dax,13241.75,0,Calm/Bull,1.14773123173966e-09
2019-11-18,dax,13207.009765625,0,Calm/Bull,5.240286205948973e-10
2019-11-19,dax,13221.1201171875,0,Calm/Bull,2.054585769025595e-09
2019-11-20,dax,13158.1396484375,0,Calm/Bull,5.882050016657277e-10
2019-11-21,dax,13137.7001953125,0,Calm/Bull,6.918841756514867e-10
2019-11-22,dax,13163.8798828125,0,Calm/Bull,9.519820881751532e-10
2019-11-25,dax,13246.4501953125,0,Calm/Bull,5.356244922963432e-10
2019-11-26,dax,13236.419921875,0,Calm/Bull,7.799677750297766e-09
2019-11-27,dax,13287.0703125,0,Calm/Bull,8.495517421092307e-10
2019-11-28,dax,13245.580078125,0,Calm/Bull,3.2139427728316085e-10
2019-11-29,dax,13236.3798828125,0,Calm/Bull,1.0663153132580017e-09
2019-12-02,dax,12964.6796875,1,Transition,0.010386733927062899
2019-12-03,dax,12989.2900390625,0,Calm/Bull,1.1087216330058418e-07
2019-12-04,dax,13140.5703125,0,Calm/Bull,3.21202403269315e-07
2019-12-05,dax,13054.7998046875,0,Calm/Bull,2.5510006531374843e-08
2019-12-06,dax,13166.580078125,0,Calm/Bull,7.680261415025473e-08
2019-12-09,dax,13105.6103515625,0,Calm/Bull,7.033716957835474e-08
2019-12-10,dax,13070.7197265625,0,Calm/Bull,1.1012812015841434e-06
2019-12-11,dax,13146.740234375,0,Calm/Bull,1.0820856864934256e-07
2019-12-12,dax,13221.6396484375,0,Calm/Bull,1.2479831769850806e-06
2019-12-13,dax,13282.7197265625,0,Calm/Bull,1.0685255703933047e-05
2019-12-16,dax,13407.66015625,0,Calm/Bull,4.166361984660706e-07
2019-12-17,dax,13287.830078125,0,Calm/Bull,2.179977958169994e-06
2019-12-18,dax,13222.16015625,0,Calm/Bull,5.435532622255785e-07
2019-12-19,dax,13211.9599609375,0,Calm/Bull,7.263991669829686e-07
2019-12-20,dax,13318.900390625,2,Stress/Bear,0.9418546113139289
2019-12-23,dax,13300.98046875,0,Calm/Bull,3.3788428905280986e-07
2019-12-27,dax,13337.1103515625,0,Calm/Bull,1.0758752968940482e-07
2019-12-30,dax,13249.009765625,0,Calm/Bull,3.3932367668429816e-07
2020-01-02,dax,13385.9296875,0,Calm/Bull,4.987271986441445e-05
2020-01-03,dax,13219.1396484375,0,Calm/Bull,2.7921455113123026e-05
2020-01-06,dax,13126.990234375,0,Calm/Bull,2.7127391775043772e-06
2020-01-07,dax,13226.830078125,0,Calm/Bull,3.89000984728525e-06
2020-01-08,dax,13320.1796875,0,Calm/Bull,2.9009628883751328e-05
2020-01-09,dax,13495.0595703125,0,Calm/Bull,1.473162723130456e-05
2020-01-10,dax,13483.3095703125,0,Calm/Bull,1.9716462419525352e-05
2020-01-13,dax,13451.51953125,0,Calm/Bull,1.4932489699510867e-05
2020-01-14,dax,13456.490234375,0,Calm/Bull,1.4322111802412727e-05
2020-01-15,dax,13432.2998046875,0,Calm/Bull,9.4994356557485e-06
2020-01-16,dax,13429.4296875,0,Calm/Bull,6.855500676148625e-06
2020-01-17,dax,13526.1298828125,0,Calm/Bull,4.770180095333357e-05
2020-01-20,dax,13548.9404296875,0,Calm/Bull,2.8447337610754266e-06
2020-01-21,dax,13555.8701171875,0,Calm/Bull,1.1967402227683376e-06
2020-01-22,dax,13515.75,0,Calm/Bull,1.9618626001850107e-06
2020-01-23,dax,13388.419921875,0,Calm/Bull,2.5350869127941254e-05
2020-01-24,dax,13576.6796875,0,Calm/Bull,0.0001087954217826654
2020-01-27,dax,13204.76953125,0,Calm/Bull,0.06246042236215883
2020-01-28,dax,13323.6904296875,0,Calm/Bull,0.0002477296420227855
2020-01-29,dax,13345.0,0,Calm/Bull,6.090171131440979e-05
2020-01-30,dax,13157.1201171875,0,Calm/Bull,0.0002998288521442438
2020-01-31,dax,12981.9697265625,0,Calm/Bull,0.004899889476828829
2020-02-03,dax,13045.1904296875,0,Calm/Bull,5.099550622865913e-05
2020-02-04,dax,13281.740234375,0,Calm/Bull,0.0003046268169101679
2020-02-05,dax,13478.330078125,0,Calm/Bull,0.006931590852872577
2020-02-06,dax,13574.8203125,0,Calm/Bull,0.0015550300956415782
2020-02-07,dax,13513.8095703125,0,Calm/Bull,0.0005554063394926903
2020-02-10,dax,13494.0302734375,0,Calm/Bull,8.192233294178386e-05
2020-02-11,dax,13627.83984375,0,Calm/Bull,0.0001513214326901929
2020-02-12,dax,13749.7802734375,0,Calm/Bull,4.9004224902062685e-05
2020-02-13,dax,13745.4296875,0,Calm/Bull,5.072557584415186e-05
2020-02-14,dax,13744.2099609375,0,Calm/Bull,3.5618973187631843e-05
2020-02-17,dax,13783.8896484375,0,Calm/Bull,4.561864262324472e-05
2020-02-18,dax,13681.1904296875,0,Calm/Bull,0.00012473391659573063
2020-02-19,dax,13789.0,0,Calm/Bull,0.0001321683639242568
2020-02-20,dax,13664.0,0,Calm/Bull,0.00018444999502573612
2020-02-21,dax,13579.330078125,0,Calm/Bull,9.668376284248266e-05
2020-02-24,dax,13035.240234375,2,Stress/Bear,0.999999371933722
2020-02-25,dax,12790.490234375,2,Stress/Bear,0.9869523311672637
2020-02-26,dax,12774.8798828125,2,Stress/Bear,0.9998580524235537
2020-02-27,dax,12367.4599609375,2,Stress/Bear,0.9999792617520225
2020-02-28,dax,11890.349609375,2,Stress/Bear,0.9999999999999716
2020-03-02,dax,11857.8701171875,2,Stress/Bear,0.9997362290666977
2020-03-03,dax,11985.3896484375,2,Stress/Bear,0.9321310159360238
2020-03-04,dax,12127.6904296875,1,Transition,0.21585448226796436
2020-03-05,dax,11944.7197265625,1,Transition,0.15618059893344693
2020-03-06,dax,11541.8701171875,2,Stress/Bear,0.8532173425539002
2020-03-09,dax,10625.01953125,2,Stress/Bear,1.0
2020-03-10,dax,10475.490234375,2,Stress/Bear,0.999999999995584
2020-03-11,dax,10438.6796875,2,Stress/Bear,0.9999999692632007
2020-03-12,dax,9161.1298828125,2,Stress/Bear,1.0
2020-03-13,dax,9232.080078125,2,Stress/Bear,1.0
2020-03-16,dax,8742.25,2,Stress/Bear,1.0
2020-03-17,dax,8939.099609375,2,Stress/Bear,1.0
2020-03-18,dax,8441.7099609375,2,Stress/Bear,1.0
2020-03-19,dax,8610.4296875,2,Stress/Bear,1.0
2020-03-20,dax,8928.9501953125,2,Stress/Bear,1.0
2020-03-23,dax,8741.150390625,2,Stress/Bear,1.0
2020-03-24,dax,9700.5703125,2,Stress/Bear,1.0
2020-03-25,dax,9874.259765625,2,Stress/Bear,1.0
2020-03-26,dax,10000.9599609375,2,Stress/Bear,1.0
2020-03-27,dax,9632.51953125,2,Stress/Bear,1.0
2020-03-30,dax,9815.9697265625,2,Stress/Bear,1.0
2020-03-31,dax,9935.83984375,2,Stress/Bear,1.0
2020-04-01,dax,9544.75,2,Stress/Bear,1.0
2020-04-02,dax,9570.8203125,2,Stress/Bear,1.0
2020-04-03,dax,9525.76953125,2,Stress/Bear,1.0
2020-04-06,dax,10075.169921875,2,Stress/Bear,1.0
2020-04-07,dax,10356.7001953125,2,Stress/Bear,1.0
2020-04-08,dax,10332.8896484375,2,Stress/Bear,1.0
2020-04-09,dax,10564.740234375,2,Stress/Bear,1.0
2020-04-14,dax,10696.5595703125,2,Stress/Bear,1.0
2020-04-15,dax,10279.759765625,2,Stress/Bear,1.0
2020-04-16,dax,10301.5400390625,2,Stress/Bear,1.0
2020-04-17,dax,10625.7802734375,2,Stress/Bear,1.0
2020-04-20,dax,10675.900390625,2,Stress/Bear,1.0
2020-04-21,dax,10249.849609375,2,Stress/Bear,1.0
2020-04-22,dax,10415.0302734375,2,Stress/Bear,1.0
2020-04-23,dax,10513.7900390625,2,Stress/Bear,0.999999999994639
2020-04-24,dax,10336.08984375,2,Stress/Bear,0.9999999999988862
2020-04-27,dax,10659.990234375,2,Stress/Bear,0.999999999999936
2020-04-28,dax,10795.6298828125,2,Stress/Bear,0.9999999999999982
2020-04-29,dax,11107.740234375,2,Stress/Bear,1.0
2020-04-30,dax,10861.6396484375,2,Stress/Bear,1.0
2020-05-04,dax,10466.7998046875,2,Stress/Bear,1.0
2020-05-05,dax,10729.4599609375,2,Stress/Bear,0.9999999999999911
2020-05-06,dax,10606.2001953125,2,Stress/Bear,0.9999999999999929
2020-05-07,dax,10759.26953125,2,Stress/Bear,1.0
2020-05-08,dax,10904.48046875,2,Stress/Bear,1.0
2020-05-11,dax,10824.990234375,2,Stress/Bear,1.0
2020-05-12,dax,10819.5,2,Stress/Bear,1.0
2020-05-13,dax,10542.66015625,2,Stress/Bear,1.0
2020-05-14,dax,10337.01953125,2,Stress/Bear,1.0
2020-05-15,dax,10465.169921875,2,Stress/Bear,1.0
2020-05-18,dax,11058.8701171875,2,Stress/Bear,1.0
2020-05-19,dax,11075.2900390625,2,Stress/Bear,1.0
2020-05-20,dax,11223.7099609375,2,Stress/Bear,1.0
2020-05-21,dax,11065.9296875,2,Stress/Bear,1.0
2020-05-22,dax,11073.8701171875,2,Stress/Bear,1.0
2020-05-25,dax,11391.2802734375,2,Stress/Bear,1.0
2020-05-26,dax,11504.650390625,2,Stress/Bear,1.0
2020-05-27,dax,11657.6904296875,2,Stress/Bear,1.0
2020-05-28,dax,11781.1298828125,2,Stress/Bear,1.0
2020-05-29,dax,11586.849609375,2,Stress/Bear,1.0
2020-06-02,dax,12021.2802734375,2,Stress/Bear,1.0
2020-06-03,dax,12487.3603515625,2,Stress/Bear,1.0
2020-06-04,dax,12430.5595703125,2,Stress/Bear,1.0
2020-06-05,dax,12847.6796875,2,Stress/Bear,1.0
2020-06-08,dax,12819.58984375,2,Stress/Bear,1.0
2020-06-09,dax,12617.990234375,2,Stress/Bear,1.0
2020-06-10,dax,12530.16015625,2,Stress/Bear,0.9999999057930955
2020-06-11,dax,11970.2900390625,2,Stress/Bear,0.9999999999985896
2020-06-12,dax,11949.2802734375,2,Stress/Bear,0.9999999999771028
2020-06-15,dax,11911.349609375,2,Stress/Bear,0.9999999999740865
2020-06-16,dax,12315.66015625,2,Stress/Bear,0.999999714901225
2020-06-17,dax,12382.1396484375,2,Stress/Bear,0.9999404771954363
2020-06-18,dax,12281.5302734375,2,Stress/Bear,0.9999835032695384
2020-06-19,dax,12330.759765625,2,Stress/Bear,0.999999999984956
2020-06-22,dax,12262.9697265625,2,Stress/Bear,0.9723411889141053
2020-06-23,dax,12523.759765625,2,Stress/Bear,0.9795565408054858
2020-06-24,dax,12093.9404296875,2,Stress/Bear,0.999999701038821
2020-06-25,dax,12177.8701171875,2,Stress/Bear,0.9989964930799784
2020-06-26,dax,12089.3896484375,2,Stress/Bear,0.9989319688419731
2020-06-29,dax,12232.1201171875,2,Stress/Bear,0.9971136901802942
2020-06-30,dax,12310.9296875,2,Stress/Bear,0.8737943597285722
2020-07-01,dax,12260.5703125,1,Transition,0.15295733292140423
2020-07-02,dax,12608.4599609375,2,Stress/Bear,0.6413689832032916
2020-07-03,dax,12528.1796875,1,Transition,0.039696721954416356
2020-07-06,dax,12733.4501953125,1,Transition,0.030080877830455086
2020-07-07,dax,12616.7998046875,1,Transition,0.023809512584819035
2020-07-08,dax,12494.8095703125,1,Transition,0.02382721587995855
2020-07-09,dax,12489.4599609375,1,Transition,0.010611096266869163
2020-07-10,dax,12633.7099609375,1,Transition,0.0029950546113301545
2020-07-13,dax,12799.9697265625,1,Transition,0.002719314536651456
2020-07-14,dax,12697.3603515625,1,Transition,0.0008143432027786726
2020-07-15,dax,12930.98046875,1,Transition,0.0023129878124185264
2020-07-16,dax,12874.9697265625,1,Transition,0.00038737671902638274
2020-07-17,dax,12919.6103515625,1,Transition,0.0007578598937717846
2020-07-20,dax,13046.919921875,1,Transition,0.0009433091334680886
2020-07-21,dax,13171.830078125,1,Transition,0.0021954173337213963
2020-07-22,dax,13104.25,1,Transition,0.0005646907290722365
2020-07-23,dax,13103.3896484375,1,Transition,0.00034471238741596503
2020-07-24,dax,12838.0595703125,1,Transition,0.0007035540951452341
2020-07-27,dax,12838.66015625,1,Transition,0.0001634013975512686
2020-07-28,dax,12835.2802734375,1,Transition,5.368347705857175e-05
2020-07-29,dax,12822.259765625,1,Transition,0.00024324436752775006
2020-07-30,dax,12379.650390625,2,Stress/Bear,0.9664732512595798
2020-07-31,dax,12313.3603515625,1,Transition,0.0003381564774506681
2020-08-03,dax,12646.98046875,1,Transition,0.0071234109877902595
2020-08-04,dax,12600.8701171875,1,Transition,0.00011525609043605115
2020-08-05,dax,12660.25,1,Transition,0.00018736550457752572
2020-08-06,dax,12591.6796875,1,Transition,0.00020294928909482226
2020-08-07,dax,12674.8798828125,1,Transition,5.030957353127686e-05
2020-08-10,dax,12687.5302734375,1,Transition,2.3060855368565724e-05
2020-08-11,dax,12946.8896484375,1,Transition,0.000514148788614482
2020-08-12,dax,13058.6298828125,1,Transition,5.6105583082995534e-05
2020-08-13,dax,12993.7099609375,1,Transition,7.928484271156147e-05
2020-08-14,dax,12901.33984375,1,Transition,3.5394938714611495e-05
2020-08-17,dax,12920.66015625,1,Transition,2.365227246115781e-05
2020-08-18,dax,12881.759765625,1,Transition,3.0402587419275617e-05
2020-08-19,dax,12977.330078125,1,Transition,2.5094210794652245e-05
2020-08-20,dax,12830.0,1,Transition,4.312088942118224e-05
2020-08-21,dax,12764.7998046875,1,Transition,7.313178635103465e-05
2020-08-24,dax,13066.5400390625,1,Transition,0.00026118436766633924
2020-08-25,dax,13061.6201171875,1,Transition,4.138897955377632e-05
2020-08-26,dax,13190.150390625,1,Transition,5.900381766968039e-05
2020-08-27,dax,13096.3603515625,1,Transition,9.062178761487303e-06
2020-08-28,dax,13033.2001953125,1,Transition,2.7510250355378646e-05
2020-08-31,dax,12945.3798828125,1,Transition,3.333693901940721e-06
2020-09-01,dax,12974.25,1,Transition,8.298606671512932e-06
2020-09-02,dax,13243.4296875,1,Transition,0.0007423638908653489
2020-09-03,dax,13057.76953125,1,Transition,0.02230266549424533
2020-09-04,dax,12842.66015625,1,Transition,0.01272937530661836
2020-09-07,dax,13100.2802734375,1,Transition,9.082840295318623e-05
2020-09-08,dax,12968.330078125,1,Transition,0.00018527404747535923
2020-09-09,dax,13237.2099609375,1,Transition,0.0007858420117071601
2020-09-10,dax,13208.8896484375,1,Transition,6.01835499897912e-05
2020-09-11,dax,13202.83984375,1,Transition,7.551029404007561e-05
2020-09-14,dax,13193.66015625,1,Transition,3.704477995781339e-05
2020-09-15,dax,13217.669921875,1,Transition,9.661241523564782e-05
2020-09-16,dax,13255.3701171875,0,Calm/Bull,0.0001553214671883282
2020-09-17,dax,13208.1201171875,1,Transition,8.87238661999415e-05
2020-09-18,dax,13116.25,2,Stress/Bear,0.999999999159991
2020-09-21,dax,12542.4404296875,2,Stress/Bear,0.9934834775471914
2020-09-22,dax,12594.3896484375,1,Transition,0.004787782402556523
2020-09-23,dax,12642.9697265625,1,Transition,0.001163081131323013
2020-09-24,dax,12606.5703125,1,Transition,0.0017272309269087075
2020-09-25,dax,12469.2001953125,1,Transition,0.0037076488720674343
2020-09-28,dax,12870.8701171875,1,Transition,0.01658705359365193
2020-09-29,dax,12825.8203125,1,Transition,0.0029736005703595797
2020-09-30,dax,12760.73046875,1,Transition,0.001382473238726939
2020-10-01,dax,12730.76953125,1,Transition,0.005120822018238264
2020-10-02,dax,12689.0400390625,1,Transition,0.0008768698763106722
2020-10-05,dax,12828.3095703125,1,Transition,0.0006206899374074733
2020-10-06,dax,12906.01953125,1,Transition,0.00029743839331014673
2020-10-07,dax,12928.5703125,1,Transition,0.0003211542967513944
2020-10-08,dax,13042.2099609375,1,Transition,0.000351083907394216
2020-10-09,dax,13051.23046875,1,Transition,0.0006310683228726925
2020-10-12,dax,13138.41015625,1,Transition,0.00037273828530162467
2020-10-13,dax,13018.990234375,1,Transition,0.0003754627581208948
2020-10-14,dax,13028.0595703125,1,Transition,0.0004106497077661426
2020-10-15,dax,12703.75,1,Transition,0.0033017103836681457
2020-10-16,dax,12908.990234375,1,Transition,0.004108594776888759
2020-10-19,dax,12854.66015625,1,Transition,3.870330915459375e-05
2020-10-20,dax,12736.9501953125,1,Transition,6.664130021245342e-05
2020-10-21,dax,12557.6396484375,1,Transition,9.904034996180562e-05
2020-10-22,dax,12543.0595703125,1,Transition,8.911537608737152e-05
2020-10-23,dax,12645.75,1,Transition,0.00011265292512335657
2020-10-26,dax,12177.1796875,1,Transition,0.018348949293264902
2020-10-27,dax,12063.5703125,1,Transition,0.005222917633755804
2020-10-28,dax,11560.509765625,2,Stress/Bear,0.9999358638987005
2020-10-29,dax,11598.0703125,1,Transition,0.41418960938825883
2020-10-30,dax,11556.48046875,1,Transition,0.12858815723194647
2020-11-02,dax,11788.2802734375,1,Transition,0.01160778978753162
2020-11-03,dax,12088.98046875,1,Transition,0.025579299184891068
2020-11-04,dax,12324.2197265625,2,Stress/Bear,0.9787832182387359
2020-11-05,dax,12568.08984375,1,Transition,0.44244222760379975
2020-11-06,dax,12480.01953125,1,Transition,0.3489250915964188
2020-11-09,dax,13095.9697265625,2,Stress/Bear,0.9999999999999893
2020-11-10,dax,13163.1103515625,2,Stress/Bear,0.9999884829281313
2020-11-11,dax,13216.1796875,2,Stress/Bear,0.9450901059098514
2020-11-12,dax,13052.9501953125,1,Transition,0.3548456145553625
2020-11-13,dax,13076.7197265625,1,Transition,0.1292023403436303
2020-11-16,dax,13138.6103515625,1,Transition,0.04187862076737583
2020-11-17,dax,13133.4697265625,1,Transition,0.08024132092724544
2020-11-18,dax,13201.8896484375,1,Transition,0.04986261297210228
2020-11-19,dax,13086.16015625,1,Transition,0.09197792497072663
2020-11-20,dax,13137.25,1,Transition,0.045578802099249714
2020-11-23,dax,13126.9697265625,1,Transition,0.008809346061942686
2020-11-24,dax,13292.4404296875,1,Transition,0.032054919061438834
2020-11-25,dax,13289.7998046875,1,Transition,0.0018996346241266064
2020-11-26,dax,13286.5703125,1,Transition,0.0015172258978096978
2020-11-27,dax,13335.6796875,1,Transition,0.0012261560016854549
2020-11-30,dax,13291.16015625,1,Transition,0.009542046034929044
2020-12-01,dax,13382.2998046875,1,Transition,0.00014022241342719974
2020-12-02,dax,13313.240234375,1,Transition,7.373760426500448e-05
2020-12-03,dax,13252.8603515625,1,Transition,3.367201799599499e-05
2020-12-04,dax,13298.9599609375,1,Transition,2.982785040882688e-05
2020-12-07,dax,13271.0,1,Transition,2.7760486588255443e-08
2020-12-08,dax,13278.490234375,1,Transition,3.032252058973193e-08
2020-12-09,dax,13340.259765625,1,Transition,3.8872796058018604e-07
2020-12-10,dax,13295.73046875,1,Transition,4.203140538069704e-08
2020-12-11,dax,13114.2998046875,1,Transition,8.495759977920718e-07
2020-12-14,dax,13223.16015625,1,Transition,1.6928927633360514e-07
2020-12-15,dax,13362.8701171875,1,Transition,3.053239969800898e-07
2020-12-16,dax,13565.98046875,1,Transition,2.885289335472624e-06
2020-12-17,dax,13667.25,1,Transition,4.8667521099015534e-06
2020-12-18,dax,13630.509765625,2,Stress/Bear,0.9999991829109297
2020-12-21,dax,13246.2998046875,1,Transition,0.0012637717384061955
2020-12-22,dax,13418.1103515625,1,Transition,3.3432267790048483e-06
2020-12-23,dax,13587.23046875,1,Transition,4.57301004065932e-06
2020-12-28,dax,13790.2900390625,1,Transition,8.937966566483621e-06
2020-12-29,dax,13761.3798828125,1,Transition,5.580567767203248e-06
2020-12-30,dax,13718.7802734375,1,Transition,1.6440864878625703e-05
2021-01-04,dax,13726.740234375,1,Transition,1.9627930301937882e-05
2021-01-05,dax,13651.2197265625,1,Transition,1.016820246522028e-05
2021-01-06,dax,13891.9697265625,1,Transition,0.0008330298329769603
2021-01-07,dax,13968.240234375,1,Transition,0.0005891409633917882
2021-01-08,dax,14049.5302734375,1,Transition,0.00010790604343818705
2021-01-11,dax,13936.66015625,1,Transition,1.9660621475352644e-05
2021-01-12,dax,13925.0595703125,1,Transition,5.4230473753697724e-05
2021-01-13,dax,13939.7099609375,1,Transition,3.580752053359214e-05
2021-01-14,dax,13988.7001953125,1,Transition,7.163227148418113e-05
2021-01-15,dax,13787.73046875,1,Transition,0.0005110920191132842
2021-01-18,dax,13848.349609375,1,Transition,1.0531404731699359e-05
2021-01-19,dax,13815.0595703125,1,Transition,8.778181326951434e-06
2021-01-20,dax,13921.3701171875,1,Transition,1.3410537342117344e-05
2021-01-21,dax,13906.669921875,1,Transition,9.972198944284398e-06
2021-01-22,dax,13873.9697265625,1,Transition,8.163540000139562e-06
2021-01-25,dax,13643.9501953125,1,Transition,6.494017222457001e-05
2021-01-26,dax,13870.990234375,1,Transition,8.606679804798609e-05
2021-01-27,dax,13620.4599609375,1,Transition,0.002711813702692765
2021-01-28,dax,13665.9296875,1,Transition,0.00039250717165015893
2021-01-29,dax,13432.8701171875,1,Transition,0.000840369026898244
2021-02-01,dax,13622.01953125,0,Calm/Bull,4.416533878348379e-05
2021-02-02,dax,13835.16015625,0,Calm/Bull,0.00016438905090362574
2021-02-03,dax,13933.6298828125,0,Calm/Bull,4.889226783822868e-05
2021-02-04,dax,14060.2900390625,0,Calm/Bull,0.0001030287495691437
2021-02-05,dax,14056.7197265625,0,Calm/Bull,0.00032955602273020677
2021-02-08,dax,14059.91015625,0,Calm/Bull,1.3376394876484718e-05
2021-02-09,dax,14011.7998046875,0,Calm/Bull,5.752697875388649e-06
2021-02-10,dax,13932.9697265625,0,Calm/Bull,3.3391195776934546e-05
2021-02-11,dax,14040.91015625,0,Calm/Bull,8.25235182833717e-06
2021-02-12,dax,14049.8896484375,0,Calm/Bull,3.749188018227831e-06
2021-02-15,dax,14109.48046875,0,Calm/Bull,6.261871854038955e-06
2021-02-16,dax,14064.599609375,0,Calm/Bull,6.335290126128637e-06
2021-02-17,dax,13909.26953125,0,Calm/Bull,3.195864867078507e-05
2021-02-18,dax,13886.9296875,0,Calm/Bull,9.988720921348943e-06
2021-02-19,dax,13993.23046875,0,Calm/Bull,1.4686991990629988e-05
2021-02-22,dax,13950.0400390625,0,Calm/Bull,7.376820039009707e-06
2021-02-23,dax,13864.8095703125,0,Calm/Bull,0.0006504969059847096
2021-02-24,dax,13976.0,0,Calm/Bull,5.104400465287099e-07
2021-02-25,dax,13879.330078125,0,Calm/Bull,7.4111500112210785e-06
2021-02-26,dax,13786.2900390625,0,Calm/Bull,1.3288965584676603e-05
2021-03-01,dax,14012.8203125,0,Calm/Bull,1.7078823093712544e-06
2021-03-02,dax,14039.7998046875,0,Calm/Bull,6.227556651816807e-08
2021-03-03,dax,14080.0302734375,0,Calm/Bull,1.0380017271241262e-06
2021-03-04,dax,14056.33984375,0,Calm/Bull,5.777623839859401e-07
2021-03-05,dax,13920.6904296875,0,Calm/Bull,6.381049885592988e-06
2021-03-08,dax,14380.91015625,1,Transition,0.40331525801588064
2021-03-09,dax,14437.9404296875,0,Calm/Bull,0.00030171703497112535
2021-03-10,dax,14540.25,0,Calm/Bull,8.379157159213267e-05
2021-03-11,dax,14569.3896484375,0,Calm/Bull,1.749841558784677e-05
2021-03-12,dax,14502.3896484375,0,Calm/Bull,6.399909954958976e-05
2021-03-15,dax,14461.419921875,0,Calm/Bull,2.8193958477726253e-06
2021-03-16,dax,14557.580078125,0,Calm/Bull,3.42367124419426e-05
2021-03-17,dax,14596.6103515625,0,Calm/Bull,2.968805109517976e-05
2021-03-18,dax,14775.51953125,0,Calm/Bull,0.0006399861786912878
2021-03-19,dax,14621.0,2,Stress/Bear,0.9999972820346279
2021-03-22,dax,14657.2099609375,0,Calm/Bull,1.0169765883505947e-05
2021-03-23,dax,14662.01953125,0,Calm/Bull,4.4632330544447406e-05
2021-03-24,dax,14610.3896484375,0,Calm/Bull,1.672515144287627e-05
2021-03-25,dax,14621.3603515625,0,Calm/Bull,0.0001250233149152085
2021-03-26,dax,14748.9404296875,0,Calm/Bull,3.209063876398795e-05
2021-03-29,dax,14817.7197265625,0,Calm/Bull,3.911129416137958e-06
2021-03-30,dax,15008.6103515625,0,Calm/Bull,2.0558340121530372e-05
2021-03-31,dax,15008.33984375,0,Calm/Bull,3.3149984954331505e-05
2021-04-01,dax,15107.169921875,0,Calm/Bull,1.82258847071739e-05
2021-04-06,dax,15212.6796875,0,Calm/Bull,4.038615034275982e-05
2021-04-07,dax,15176.3603515625,0,Calm/Bull,3.895787243190363e-09
2021-04-08,dax,15202.6796875,0,Calm/Bull,3.92414310526823e-09
2021-04-09,dax,15234.16015625,0,Calm/Bull,1.4427028597932227e-09
2021-04-12,dax,15215.0,0,Calm/Bull,1.5593864891940467e-09
2021-04-13,dax,15234.3603515625,0,Calm/Bull,1.3431071524790484e-09
2021-04-14,dax,15209.150390625,0,Calm/Bull,2.6119378699340094e-09
2021-04-15,dax,15255.330078125,0,Calm/Bull,1.2567373860277547e-09
2021-04-16,dax,15459.75,0,Calm/Bull,1.8739046019784941e-07
2021-04-19,dax,15368.3896484375,0,Calm/Bull,2.7712759208891774e-09
2021-04-20,dax,15129.509765625,0,Calm/Bull,4.694386995175904e-06
2021-04-21,dax,15195.9697265625,0,Calm/Bull,2.4010711416644114e-08
2021-04-22,dax,15320.51953125,0,Calm/Bull,3.366652234582777e-08
2021-04-23,dax,15279.6201171875,0,Calm/Bull,8.332800193549627e-08
2021-04-26,dax,15296.33984375,0,Calm/Bull,3.050203439831189e-08
2021-04-27,dax,15249.26953125,0,Calm/Bull,3.26690499591637e-08
2021-04-28,dax,15292.1796875,0,Calm/Bull,6.267721954527067e-07
2021-04-29,dax,15154.2001953125,0,Calm/Bull,1.343874700133105e-06
2021-04-30,dax,15135.91015625,0,Calm/Bull,2.4985643183102515e-07
2021-05-03,dax,15236.4697265625,0,Calm/Bull,4.548436188871827e-08
2021-05-04,dax,14856.48046875,1,Transition,0.26751592787211753
2021-05-05,dax,15170.7802734375,0,Calm/Bull,0.001505873350299712
2021-05-06,dax,15196.740234375,0,Calm/Bull,8.856166970150181e-06
2021-05-07,dax,15399.650390625,0,Calm/Bull,3.8379747517842255e-05
2021-05-10,dax,15400.41015625,0,Calm/Bull,1.658658532817981e-05
2021-05-11,dax,15119.75,0,Calm/Bull,0.004337561423513004
2021-05-12,dax,15150.2197265625,0,Calm/Bull,2.403059466378337e-05
2021-05-13,dax,15199.6796875,2,Stress/Bear,0.5217252204716782
2021-05-14,dax,15416.6396484375,0,Calm/Bull,8.216004244445827e-05
2021-05-17,dax,15396.6201171875,0,Calm/Bull,1.6706857383839597e-05
2021-05-18,dax,15386.580078125,0,Calm/Bull,1.335146762605178e-05
2021-05-19,dax,15113.5595703125,0,Calm/Bull,0.003876984235244464
2021-05-20,dax,15370.259765625,0,Calm/Bull,0.0012751371438095424
2021-05-21,dax,15437.509765625,0,Calm/Bull,7.566046852355096e-05
2021-05-25,dax,15465.08984375,0,Calm/Bull,0.0005021521017906352
2021-05-26,dax,15450.7197265625,0,Calm/Bull,2.5883850619026346e-05
2021-05-27,dax,15406.73046875,0,Calm/Bull,0.007943110901570688
2021-05-28,dax,15519.98046875,0,Calm/Bull,3.415830216657213e-05
2021-05-31,dax,15421.1298828125,0,Calm/Bull,0.00015124925176043
2021-06-01,dax,15567.3603515625,0,Calm/Bull,6.491029826198354e-05
2021-06-02,dax,15602.7099609375,0,Calm/Bull,1.1552787767190744e-05
2021-06-03,dax,15632.669921875,0,Calm/Bull,4.059523557838981e-06
2021-06-04,dax,15692.900390625,0,Calm/Bull,2.0207998805010867e-06
2021-06-07,dax,15677.150390625,0,Calm/Bull,8.810313616088415e-07
2021-06-08,dax,15640.599609375,0,Calm/Bull,1.3542145043017472e-06
2021-06-09,dax,15581.1396484375,0,Calm/Bull,1.570050267973958e-07
2021-06-10,dax,15571.2197265625,0,Calm/Bull,1.799765371234235e-07
2021-06-11,dax,15693.26953125,0,Calm/Bull,4.356984648551756e-07
2021-06-14,dax,15673.6396484375,0,Calm/Bull,2.5707235505987686e-08
2021-06-15,dax,15729.51953125,0,Calm/Bull,4.2804148737794336e-08
2021-06-16,dax,15710.5703125,0,Calm/Bull,1.6539250674163427e-07
2021-06-17,dax,15727.669921875,0,Calm/Bull,3.6244006451347216e-09
2021-06-18,dax,15448.0400390625,0,Calm/Bull,0.07035445544996094
2021-06-21,dax,15603.240234375,0,Calm/Bull,2.1421599881035046e-06
2021-06-22,dax,15636.330078125,0,Calm/Bull,7.240703709654922e-09
2021-06-23,dax,15456.3896484375,0,Calm/Bull,1.0936495000380942e-07
2021-06-24,dax,15589.23046875,0,Calm/Bull,1.2699929712980966e-07
2021-06-25,dax,15607.9697265625,0,Calm/Bull,4.2743649531577224e-08
2021-06-28,dax,15554.1796875,0,Calm/Bull,1.4014452672818133e-08
2021-06-29,dax,15690.58984375,0,Calm/Bull,8.139364333726569e-08
2021-06-30,dax,15531.0400390625,0,Calm/Bull,1.9968312928800415e-06
2021-07-01,dax,15603.8095703125,0,Calm/Bull,1.8168017794958807e-07
2021-07-02,dax,15650.08984375,0,Calm/Bull,4.5902197845775656e-08
2021-07-05,dax,15661.9697265625,0,Calm/Bull,2.7002780931098942e-08
2021-07-06,dax,15511.3798828125,0,Calm/Bull,2.3486392640854927e-07
2021-07-07,dax,15692.7099609375,0,Calm/Bull,1.8729505371043152e-06
2021-07-08,dax,15420.6396484375,0,Calm/Bull,0.00035514945670595124
2021-07-09,dax,15687.9296875,0,Calm/Bull,4.8768530747063464e-05
2021-07-12,dax,15790.509765625,0,Calm/Bull,1.944303627248366e-06
2021-07-13,dax,15789.6396484375,0,Calm/Bull,6.7278153335106014e-06
2021-07-14,dax,15788.98046875,0,Calm/Bull,1.74821472297703e-06
2021-07-15,dax,15629.66015625,0,Calm/Bull,3.5531081273840186e-05
2021-07-16,dax,15540.3095703125,0,Calm/Bull,5.737579877302716e-06
2021-07-19,dax,15133.2001953125,2,Stress/Bear,0.6218647324170095
2021-07-20,dax,15216.26953125,0,Calm/Bull,0.0003853558664793181
2021-07-21,dax,15422.5,0,Calm/Bull,0.001878437303905104
2021-07-22,dax,15514.5400390625,0,Calm/Bull,1.8363778757858188e-05
2021-07-23,dax,15669.2900390625,0,Calm/Bull,3.381800630222623e-05
2021-07-26,dax,15618.98046875,0,Calm/Bull,3.1973680902572085e-05
2021-07-27,dax,15519.1298828125,0,Calm/Bull,1.8822324115331057e-05
2021-07-28,dax,15570.3603515625,0,Calm/Bull,3.036465775793516e-05
2021-07-29,dax,15640.4697265625,0,Calm/Bull,1.3953047035695324e-05
2021-07-30,dax,15544.3896484375,0,Calm/Bull,2.4746495903010943e-05
2021-08-02,dax,15568.73046875,0,Calm/Bull,9.909458329589114e-06
2021-08-03,dax,15555.080078125,0,Calm/Bull,8.204010972828025e-06
2021-08-04,dax,15692.1298828125,0,Calm/Bull,1.5031418816604111e-05
2021-08-05,dax,15744.669921875,0,Calm/Bull,2.2146443945530776e-05
2021-08-06,dax,15761.4501953125,0,Calm/Bull,2.9623223387760752e-06
2021-08-09,dax,15745.41015625,0,Calm/Bull,9.225459054208492e-07
2021-08-10,dax,15770.7099609375,0,Calm/Bull,1.2042912283487199e-06
2021-08-11,dax,15826.08984375,0,Calm/Bull,9.720629292055781e-07
2021-08-12,dax,15937.509765625,0,Calm/Bull,2.129023478116991e-06
2021-08-13,dax,15977.4404296875,0,Calm/Bull,1.49916422232821e-06
2021-08-16,dax,15925.73046875,0,Calm/Bull,1.369952291171178e-09
2021-08-17,dax,15921.9501953125,0,Calm/Bull,1.3080858739467893e-09
2021-08-18,dax,15965.9697265625,0,Calm/Bull,1.1622862197565534e-10
2021-08-19,dax,15765.8095703125,0,Calm/Bull,9.065975500145686e-08
2021-08-20,dax,15808.0400390625,0,Calm/Bull,1.1392791510934062e-09
2021-08-23,dax,15852.7900390625,0,Calm/Bull,2.2722900281756958e-10
2021-08-24,dax,15905.849609375,0,Calm/Bull,2.092825280206856e-10
2021-08-25,dax,15860.66015625,0,Calm/Bull,9.620230549705697e-11
2021-08-26,dax,15793.6201171875,0,Calm/Bull,1.9506753140736945e-10
2021-08-27,dax,15851.75,0,Calm/Bull,3.932234288011363e-11
2021-08-30,dax,15887.3095703125,0,Calm/Bull,3.590687499612554e-11
2021-08-31,dax,15835.08984375,0,Calm/Bull,7.846803984021069e-07
2021-09-01,dax,15824.2900390625,0,Calm/Bull,8.302435173421472e-10
2021-09-02,dax,15840.58984375,0,Calm/Bull,5.21285707924719e-11
2021-09-03,dax,15781.2001953125,0,Calm/Bull,1.2319122217043143e-10
2021-09-06,dax,15932.1201171875,0,Calm/Bull,2.890429391695803e-10
2021-09-07,dax,15843.08984375,0,Calm/Bull,1.7757282752170901e-09
2021-09-08,dax,15610.2802734375,0,Calm/Bull,1.7453489290343927e-06
2021-09-09,dax,15623.150390625,0,Calm/Bull,1.1857234966818875e-07
2021-09-10,dax,15609.8095703125,0,Calm/Bull,1.3282536507150716e-07
2021-09-13,dax,15701.419921875,0,Calm/Bull,1.1785451648548606e-07
2021-09-14,dax,15722.990234375,0,Calm/Bull,8.220794191987308e-08
2021-09-15,dax,15616.0,0,Calm/Bull,8.562923492028447e-07
2021-09-16,dax,15651.75,0,Calm/Bull,4.699596661430203e-08
2021-09-17,dax,15490.169921875,2,Stress/Bear,0.9999999999362856
2021-09-20,dax,15132.0595703125,0,Calm/Bull,0.04264159592098428
2021-09-21,dax,15348.5302734375,0,Calm/Bull,9.207535735142715e-05
2021-09-22,dax,15506.740234375,0,Calm/Bull,6.1348518137806585e-06
2021-09-23,dax,15643.9697265625,0,Calm/Bull,5.013082389808152e-06
2021-09-24,dax,15531.75,0,Calm/Bull,7.511043503893495e-06
2021-09-27,dax,15573.8798828125,0,Calm/Bull,2.052145648213056e-05
2021-09-28,dax,15248.5595703125,0,Calm/Bull,0.004555472681262786
2021-09-29,dax,15365.26953125,0,Calm/Bull,2.0839918775129834e-05
2021-09-30,dax,15260.6904296875,0,Calm/Bull,5.9173528405374866e-05
2021-10-01,dax,15156.4404296875,0,Calm/Bull,0.00010175997360180062
2021-10-04,dax,15036.5498046875,0,Calm/Bull,7.802540238134668e-05
2021-10-05,dax,15194.490234375,0,Calm/Bull,3.634885232883479e-05
2021-10-06,dax,14973.330078125,0,Calm/Bull,0.0008386436295757149
2021-10-07,dax,15250.8603515625,0,Calm/Bull,0.0005340462317191696
2021-10-08,dax,15206.1298828125,0,Calm/Bull,4.222869322170812e-05
2021-10-11,dax,15199.1396484375,0,Calm/Bull,5.71374453731434e-05
2021-10-12,dax,15146.8701171875,0,Calm/Bull,1.644974734802903e-05
2021-10-13,dax,15249.3798828125,0,Calm/Bull,3.8043712864046243e-05
2021-10-14,dax,15462.7197265625,0,Calm/Bull,4.616397463187494e-05
2021-10-15,dax,15587.3603515625,0,Calm/Bull,5.376969412631061e-05
2021-10-18,dax,15474.4697265625,0,Calm/Bull,6.216671913017978e-05
2021-10-19,dax,15515.830078125,0,Calm/Bull,2.0821848489440193e-05
2021-10-20,dax,15522.919921875,0,Calm/Bull,1.0529780774952689e-05
2021-10-21,dax,15472.5595703125,0,Calm/Bull,6.228128604486843e-06
2021-10-22,dax,15542.98046875,0,Calm/Bull,6.572435903189953e-06
2021-10-25,dax,15599.23046875,0,Calm/Bull,7.128124713602716e-06
2021-10-26,dax,15757.0595703125,0,Calm/Bull,2.739484291029907e-06
2021-10-27,dax,15705.8095703125,0,Calm/Bull,1.7579836291490853e-05
2021-10-28,dax,15696.330078125,0,Calm/Bull,2.2373306815549547e-05
2021-10-29,dax,15688.76953125,0,Calm/Bull,8.965178306974313e-06
2021-11-01,dax,15806.2900390625,0,Calm/Bull,6.600479107831292e-07
2021-11-02,dax,15954.4501953125,0,Calm/Bull,1.1231287676001607e-06
2021-11-03,dax,15959.98046875,0,Calm/Bull,1.2958193787750903e-06
2021-11-04,dax,16029.650390625,0,Calm/Bull,6.371221232940583e-08
2021-11-05,dax,16054.3603515625,0,Calm/Bull,3.017463390774062e-08
2021-11-08,dax,16046.51953125,0,Calm/Bull,1.1520061491254793e-09
2021-11-09,dax,16040.4697265625,0,Calm/Bull,2.174626738705482e-09
2021-11-10,dax,16067.830078125,0,Calm/Bull,1.508660089109243e-09
2021-11-11,dax,16083.1103515625,0,Calm/Bull,7.802358615598301e-11
2021-11-12,dax,16094.0703125,0,Calm/Bull,9.821553026800621e-11
2021-11-15,dax,16148.6396484375,0,Calm/Bull,3.4380890059748925e-12
2021-11-16,dax,16247.8603515625,0,Calm/Bull,9.473217911683523e-12
2021-11-17,dax,16251.1298828125,0,Calm/Bull,8.801785479553139e-12
2021-11-18,dax,16221.73046875,0,Calm/Bull,5.857380950203335e-12
2021-11-19,dax,16159.9697265625,0,Calm/Bull,7.239222331228008e-08
2021-11-22,dax,16115.6904296875,0,Calm/Bull,2.871006256253694e-11
2021-11-23,dax,15937.0,0,Calm/Bull,9.18295116160572e-09
2021-11-24,dax,15878.3896484375,0,Calm/Bull,6.2189140772548245e-09
2021-11-25,dax,15917.98046875,0,Calm/Bull,1.1809136411552075e-10
2021-11-26,dax,15257.0400390625,2,Stress/Bear,0.9999875346400654
2021-11-29,dax,15280.8603515625,0,Calm/Bull,0.015855373098876312
2021-11-30,dax,15100.1298828125,2,Stress/Bear,0.9527585985925429
2021-12-01,dax,15472.669921875,2,Stress/Bear,0.5976019323347389
2021-12-02,dax,15263.1103515625,0,Calm/Bull,0.008932194090603193
2021-12-03,dax,15169.98046875,0,Calm/Bull,0.0016172122443384195
2021-12-06,dax,15380.7900390625,0,Calm/Bull,0.00196525076454323
2021-12-07,dax,15813.9404296875,2,Stress/Bear,0.8865470049793079
2021-12-08,dax,15687.08984375,0,Calm/Bull,0.02335796351683766
2021-12-09,dax,15639.259765625,0,Calm/Bull,0.02079951935767058
2021-12-10,dax,15623.3095703125,0,Calm/Bull,0.013906011494532872
2021-12-13,dax,15621.7197265625,0,Calm/Bull,0.00284598481478061
2021-12-14,dax,15453.5595703125,0,Calm/Bull,0.022582781985104793
2021-12-15,dax,15476.349609375,0,Calm/Bull,0.02961875945227609
2021-12-16,dax,15636.400390625,0,Calm/Bull,0.020746576445720814
2021-12-17,dax,15531.6904296875,2,Stress/Bear,0.8315084393900504
2021-12-20,dax,15239.669921875,2,Stress/Bear,0.6491670863358687
2021-12-21,dax,15447.4404296875,0,Calm/Bull,0.12791428725309467
2021-12-22,dax,15593.4697265625,0,Calm/Bull,0.12045641229192872
2021-12-23,dax,15756.3095703125,0,Calm/Bull,0.2969718236136803
2021-12-27,dax,15835.25,0,Calm/Bull,0.000453405920423578
2021-12-28,dax,15963.7001953125,0,Calm/Bull,0.0013325543655135017
2021-12-29,dax,15852.25,0,Calm/Bull,0.0015582891671783187
2021-12-30,dax,15884.8603515625,0,Calm/Bull,1.9244945970072678e-05
2022-01-03,dax,16020.73046875,0,Calm/Bull,2.899353089770738e-05
2022-01-04,dax,16152.6103515625,0,Calm/Bull,0.00031501181941996956
2022-01-05,dax,16271.75,0,Calm/Bull,6.50140678503316e-05
2022-01-06,dax,16052.0302734375,0,Calm/Bull,8.869939771667883e-05
2022-01-07,dax,15947.740234375,0,Calm/Bull,1.0728400593358772e-05
2022-01-10,dax,15768.26953125,0,Calm/Bull,0.0001760081374764451
2022-01-11,dax,15941.8095703125,0,Calm/Bull,0.0002611807414021598
2022-01-12,dax,16010.3203125,0,Calm/Bull,6.085760189623678e-05
2022-01-13,dax,16031.58984375,0,Calm/Bull,9.17968194738551e-06
2022-01-14,dax,15883.240234375,0,Calm/Bull,5.9950043662337235e-05
2022-01-17,dax,15933.7197265625,0,Calm/Bull,1.795230689517296e-06
2022-01-18,dax,15772.5595703125,0,Calm/Bull,2.571491927108286e-05
2022-01-19,dax,15809.7197265625,0,Calm/Bull,4.4043427669944284e-05
2022-01-20,dax,15912.330078125,0,Calm/Bull,2.385107579874842e-06
2022-01-21,dax,15603.8798828125,0,Calm/Bull,0.019652760074585114
2022-01-24,dax,15011.1298828125,2,Stress/Bear,0.9958741147610713
2022-01-25,dax,15123.8701171875,1,Transition,0.004457936247381609
2022-01-26,dax,15459.3896484375,1,Transition,0.0083827339876917
2022-01-27,dax,15524.26953125,1,Transition,0.012372592561592984
2022-01-28,dax,15318.9501953125,1,Transition,0.0017806717226728898
2022-01-31,dax,15471.2001953125,1,Transition,0.003203574322557038
2022-02-01,dax,15619.3896484375,1,Transition,0.002203234902715321
2022-02-02,dax,15613.76953125,1,Transition,0.000623979134398479
2022-02-03,dax,15368.4697265625,1,Transition,0.007389104106331906
2022-02-04,dax,15099.5595703125,1,Transition,0.0024881715487234555
2022-02-07,dax,15206.6396484375,1,Transition,0.0005882059409359286
2022-02-08,dax,15242.3798828125,1,Transition,0.0006521457661793005
2022-02-09,dax,15482.009765625,1,Transition,0.0023929430669486157
2022-02-10,dax,15490.4404296875,1,Transition,0.0015823182509245928
2022-02-11,dax,15425.1201171875,1,Transition,0.003843055976300919
2022-02-14,dax,15113.9697265625,1,Transition,0.01755339741071473
2022-02-15,dax,15412.7099609375,1,Transition,0.0025714202268591157
2022-02-16,dax,15396.0703125,1,Transition,0.0063771360715278854
2022-02-17,dax,15267.6298828125,1,Transition,0.000608656917222163
2022-02-18,dax,15042.509765625,1,Transition,0.0010410102053158023
2022-02-21,dax,14731.1201171875,2,Stress/Bear,0.6353767822274456
2022-02-22,dax,14693.0,1,Transition,0.007579127670813335
2022-02-23,dax,14631.3603515625,1,Transition,0.00027559611558532334
2022-02-24,dax,14052.099609375,2,Stress/Bear,0.9999999976384792
2022-02-25,dax,14567.23046875,2,Stress/Bear,0.995324269463597
2022-02-28,dax,14461.01953125,1,Transition,0.21111799724167368
2022-03-01,dax,13904.849609375,2,Stress/Bear,0.9618351698809242
2022-03-02,dax,14000.1103515625,1,Transition,0.22471817565642346
2022-03-03,dax,13698.400390625,1,Transition,0.04291752784519087
2022-03-04,dax,13094.5400390625,2,Stress/Bear,0.9997013775579482
2022-03-07,dax,12834.650390625,2,Stress/Bear,0.9999998956423718
2022-03-08,dax,12831.509765625,2,Stress/Bear,0.9510743009871436
2022-03-09,dax,13847.9296875,2,Stress/Bear,1.0
2022-03-10,dax,13442.099609375,2,Stress/Bear,0.9999999999999432
2022-03-11,dax,13628.1103515625,2,Stress/Bear,0.9999999999999964
2022-03-14,dax,13929.1103515625,2,Stress/Bear,0.9999999999999947
2022-03-15,dax,13917.26953125,2,Stress/Bear,0.9999999999999947
2022-03-16,dax,14440.740234375,2,Stress/Bear,1.0
2022-03-17,dax,14388.0595703125,2,Stress/Bear,1.0
2022-03-18,dax,14413.08984375,2,Stress/Bear,1.0
2022-03-21,dax,14326.9697265625,2,Stress/Bear,0.9999999999999982
2022-03-22,dax,14473.2001953125,2,Stress/Bear,0.9999999999999982
2022-03-23,dax,14283.650390625,2,Stress/Bear,1.0
2022-03-24,dax,14273.7900390625,2,Stress/Bear,0.9999999999990443
2022-03-25,dax,14305.759765625,2,Stress/Bear,0.9999999994887823
2022-03-28,dax,14417.3701171875,2,Stress/Bear,0.9999999994736388
2022-03-29,dax,14820.330078125,2,Stress/Bear,0.9999999988451052
2022-03-30,dax,14606.0498046875,2,Stress/Bear,0.9999999982033518
2022-03-31,dax,14414.75,2,Stress/Bear,0.9999999964625008
2022-04-01,dax,14446.48046875,2,Stress/Bear,0.9999258596394686
2022-04-04,dax,14518.16015625,2,Stress/Bear,0.9995677358501651
2022-04-05,dax,14424.3603515625,2,Stress/Bear,0.9999705225355721
2022-04-06,dax,14151.6904296875,1,Transition,0.07566115599850189
2022-04-07,dax,14078.150390625,1,Transition,0.0020132268023685465
2022-04-08,dax,14283.669921875,1,Transition,0.00226123065391216
2022-04-11,dax,14192.7802734375,1,Transition,0.0008190528067129356
2022-04-12,dax,14124.9501953125,1,Transition,0.006849399277482498
2022-04-13,dax,14076.4404296875,1,Transition,0.01155556311428269
2022-04-14,dax,14163.849609375,1,Transition,0.01947357974148265
2022-04-19,dax,14153.4599609375,1,Transition,0.002795520502481213
2022-04-20,dax,14362.0302734375,1,Transition,0.0009674235035238132
2022-04-21,dax,14502.41015625,1,Transition,0.001301367925204188
2022-04-22,dax,14142.08984375,1,Transition,0.003952861381192045
2022-04-25,dax,13924.169921875,1,Transition,0.0017515157481322546
2022-04-26,dax,13756.400390625,1,Transition,0.005207565455415303
2022-04-27,dax,13793.9404296875,2,Stress/Bear,0.519621880132896
2022-04-28,dax,13979.83984375,1,Transition,0.011885229629686979
2022-04-29,dax,14097.8798828125,1,Transition,0.023077887754983376
2022-05-02,dax,13939.0703125,1,Transition,0.0016257425923130947
2022-05-03,dax,14039.4697265625,1,Transition,0.0018668948876356787
2022-05-04,dax,13970.8203125,1,Transition,0.0009652349854239425
2022-05-05,dax,13902.51953125,1,Transition,0.05509266881050984
2022-05-06,dax,13674.2900390625,1,Transition,0.0028440721113110684
2022-05-09,dax,13380.669921875,1,Transition,0.003890626458418821
2022-05-10,dax,13534.740234375,1,Transition,0.0029448461578367186
2022-05-11,dax,13828.6396484375,1,Transition,0.018261394306489268
2022-05-12,dax,13739.6396484375,1,Transition,0.00391022109282673
2022-05-13,dax,14027.9296875,1,Transition,0.0020179323324058702
2022-05-16,dax,13964.3798828125,1,Transition,0.0008003870322657833
2022-05-17,dax,14185.9404296875,1,Transition,0.0009953051931123017
2022-05-18,dax,14007.759765625,1,Transition,0.0004532429814642661
2022-05-19,dax,13882.2998046875,1,Transition,0.0006415133714444489
2022-05-20,dax,13981.91015625,1,Transition,0.00045970693961982817
2022-05-23,dax,14175.400390625,1,Transition,0.00012884334110096774
2022-05-24,dax,13919.75,1,Transition,0.00017568309313184313
2022-05-25,dax,14007.9296875,1,Transition,6.434300233191036e-05
2022-05-26,dax,14231.2900390625,1,Transition,9.278252236262075e-05
2022-05-27,dax,14462.1904296875,1,Transition,0.0001745152056979393
2022-05-30,dax,14575.98046875,1,Transition,8.445011443484225e-05
2022-05-31,dax,14388.349609375,2,Stress/Bear,0.9997372936006217
2022-06-01,dax,14340.4697265625,1,Transition,7.295222097833883e-05
2022-06-02,dax,14485.169921875,1,Transition,6.739835015829946e-05
2022-06-03,dax,14460.08984375,1,Transition,0.00016668065611651547
2022-06-06,dax,14653.8095703125,1,Transition,0.00043769017016449574
2022-06-07,dax,14556.6201171875,1,Transition,0.00011105064740776552
2022-06-08,dax,14445.990234375,1,Transition,6.13676804595966e-05
2022-06-09,dax,14198.7998046875,1,Transition,0.0002191881397888372
2022-06-10,dax,13761.830078125,1,Transition,0.037392198863174846
2022-06-13,dax,13427.0302734375,1,Transition,0.11169424791440614
2022-06-14,dax,13304.3896484375,1,Transition,0.01477283867362215
2022-06-15,dax,13485.2900390625,1,Transition,0.030255503548897274
2022-06-16,dax,13038.490234375,2,Stress/Bear,0.6992226179261805
2022-06-17,dax,13126.259765625,2,Stress/Bear,0.9999999999997868
2022-06-20,dax,13265.599609375,1,Transition,0.0011528675966674606
2022-06-21,dax,13292.400390625,1,Transition,0.00040310171497601226
2022-06-22,dax,13144.2802734375,1,Transition,0.0006701519126666609
2022-06-23,dax,12912.58984375,1,Transition,0.01606297778829224
2022-06-24,dax,13118.1298828125,1,Transition,0.0067567277014003195
2022-06-27,dax,13186.0703125,1,Transition,0.0011231272320229282
2022-06-28,dax,13231.8203125,1,Transition,0.0008953433544540323
2022-06-29,dax,13003.349609375,1,Transition,0.001999955615764223
2022-06-30,dax,12783.76953125,1,Transition,0.31303380853844714
2022-07-01,dax,12813.0302734375,1,Transition,0.001928968824821859
2022-07-04,dax,12773.3798828125,1,Transition,0.0033858242173575082
2022-07-05,dax,12401.2001953125,2,Stress/Bear,0.834369565668326
2022-07-06,dax,12594.51953125,1,Transition,0.02046102868471689
2022-07-07,dax,12843.2197265625,1,Transition,0.00934468312219983
2022-07-08,dax,13015.23046875,1,Transition,0.0012145916296258498
2022-07-11,dax,12832.4404296875,1,Transition,0.0008026555664025554
2022-07-12,dax,12905.48046875,1,Transition,0.0012060631254187807
2022-07-13,dax,12756.3203125,1,Transition,0.0008179296773394995
2022-07-14,dax,12519.66015625,1,Transition,0.0030445051500560326
2022-07-15,dax,12864.7197265625,1,Transition,0.014583860928939877
2022-07-18,dax,12959.8095703125,1,Transition,0.0002834151324177711
2022-07-19,dax,13308.41015625,2,Stress/Bear,0.9318698834199373
2022-07-20,dax,13281.98046875,1,Transition,0.002230528384959267
2022-07-21,dax,13246.6396484375,1,Transition,0.01443435255113
2022-07-22,dax,13253.6796875,1,Transition,0.0007423975773730265
2022-07-25,dax,13210.3203125,1,Transition,0.00026231258420158555
2022-07-26,dax,13096.9296875,1,Transition,0.00034730323555284826
2022-07-27,dax,13166.3798828125,1,Transition,0.002149051951081625
2022-07-28,dax,13282.1103515625,1,Transition,0.00038160287823444945
2022-07-29,dax,13484.0498046875,1,Transition,0.0026570898012593875
2022-08-01,dax,13479.6298828125,1,Transition,0.00034696457426858983
2022-08-02,dax,13449.2001953125,1,Transition,7.640892814789763e-05
2022-08-03,dax,13587.5595703125,1,Transition,9.904041636537467e-05
2022-08-04,dax,13662.6796875,1,Transition,4.734567800377916e-05
2022-08-05,dax,13573.9296875,1,Transition,4.10315531219204e-05
2022-08-08,dax,13687.6904296875,1,Transition,1.5776076143472464e-05
2022-08-09,dax,13534.9697265625,1,Transition,5.122815545210178e-05
2022-08-10,dax,13700.9296875,1,Transition,7.316748937381671e-05
2022-08-11,dax,13694.509765625,1,Transition,1.2644540830509007e-05
2022-08-12,dax,13795.849609375,1,Transition,2.67998094624186e-06
2022-08-15,dax,13816.6103515625,1,Transition,1.21252303372069e-06
2022-08-16,dax,13910.1201171875,1,Transition,2.8148443922668016e-07
2022-08-17,dax,13626.7099609375,1,Transition,2.183413965457083e-05
2022-08-18,dax,13697.41015625,1,Transition,9.465779396513697e-07
2022-08-19,dax,13544.51953125,1,Transition,1.5430214926928244e-05
2022-08-22,dax,13230.5703125,1,Transition,0.00024527806968313706
2022-08-23,dax,13194.23046875,1,Transition,3.403577142581737e-05
2022-08-24,dax,13220.0595703125,1,Transition,8.63072843818824e-06
2022-08-25,dax,13271.9599609375,1,Transition,8.795097226599162e-06
2022-08-26,dax,12971.4697265625,1,Transition,0.004679452540983632
2022-08-29,dax,12892.990234375,1,Transition,1.7348592739568122e-05
2022-08-30,dax,12961.1396484375,1,Transition,5.2018657712033025e-05
2022-08-31,dax,12834.9599609375,1,Transition,0.003289721081171424
2022-09-01,dax,12630.23046875,1,Transition,0.00019827256308612424
2022-09-02,dax,13050.26953125,1,Transition,0.012592864380139564
2022-09-05,dax,12760.7802734375,1,Transition,0.0014986536157580587
2022-09-06,dax,12871.4404296875,1,Transition,0.00027006173712985215
2022-09-07,dax,12915.9697265625,1,Transition,0.0006977715674112914
2022-09-08,dax,12904.3203125,1,Transition,0.0030916066354851526
2022-09-09,dax,13088.2099609375,1,Transition,0.0018089439181654355
2022-09-12,dax,13402.26953125,1,Transition,0.011774079704284417
2022-09-13,dax,13188.9501953125,1,Transition,0.025252495964490394
2022-09-14,dax,13028.0,1,Transition,0.0009052676539218993
2022-09-15,dax,12956.66015625,1,Transition,0.001240450025667748
2022-09-16,dax,12741.259765625,2,Stress/Bear,0.9999999999463789
2022-09-19,dax,12803.240234375,1,Transition,0.0022101559532876846
2022-09-20,dax,12670.830078125,1,Transition,0.0011627230638264784
2022-09-21,dax,12767.150390625,1,Transition,0.000689622630083059
2022-09-22,dax,12531.6298828125,1,Transition,0.001409537988870719
2022-09-23,dax,12284.1904296875,1,Transition,0.006971115146241627
2022-09-26,dax,12227.919921875,1,Transition,0.0008946217359068742
2022-09-27,dax,12139.6796875,1,Transition,0.001705401753709607
2022-09-28,dax,12183.2802734375,1,Transition,0.016246838595980483
2022-09-29,dax,11975.5498046875,1,Transition,0.005403694873520728
2022-09-30,dax,12114.3603515625,1,Transition,0.002891687205232022
2022-10-03,dax,12209.48046875,1,Transition,0.0015022911338576192
2022-10-04,dax,12670.48046875,1,Transition,0.05315247817492913
2022-10-05,dax,12517.1796875,1,Transition,0.0012040243878912765
2022-10-06,dax,12470.7802734375,1,Transition,0.002269319269147155
2022-10-07,dax,12273.0,1,Transition,0.0028590552479611907
2022-10-10,dax,12272.9404296875,1,Transition,0.0005939761886894158
2022-10-11,dax,12220.25,1,Transition,0.0005391842840948486
2022-10-12,dax,12172.259765625,1,Transition,0.00031090295387327784
2022-10-13,dax,12355.580078125,1,Transition,0.01120173630717169
2022-10-14,dax,12437.8095703125,1,Transition,0.0009220107565523302
2022-10-17,dax,12649.0302734375,1,Transition,0.005315000266860063
2022-10-18,dax,12765.6103515625,1,Transition,0.0006923581110593464
2022-10-19,dax,12741.41015625,1,Transition,0.001424832362352914
2022-10-20,dax,12767.41015625,1,Transition,0.0002204232562857796
2022-10-21,dax,12730.900390625,1,Transition,0.0004259173035077958
2022-10-24,dax,12931.4501953125,1,Transition,0.0005120673976974206
2022-10-25,dax,13052.9599609375,1,Transition,0.00036796760362864796
2022-10-26,dax,13195.8095703125,1,Transition,0.0002843855519670373
2022-10-27,dax,13211.23046875,1,Transition,0.00029936202873007714
2022-10-28,dax,13243.330078125,1,Transition,0.0001429043464944715
2022-10-31,dax,13253.740234375,1,Transition,0.00010587747648259503
2022-11-01,dax,13338.740234375,1,Transition,1.9416163458384695e-06
2022-11-02,dax,13256.740234375,1,Transition,1.3347603919565447e-06
2022-11-03,dax,13130.1904296875,1,Transition,2.123314342654375e-06
2022-11-04,dax,13459.849609375,1,Transition,0.0007517377075080769
2022-11-07,dax,13533.51953125,1,Transition,5.5391418897752976e-06
2022-11-08,dax,13688.75,1,Transition,7.738858049674003e-06
2022-11-09,dax,13666.3203125,1,Transition,9.796940604536266e-06
2022-11-10,dax,14146.08984375,2,Stress/Bear,0.999915170444246
2022-11-11,dax,14224.8603515625,2,Stress/Bear,0.8747808617481379
2022-11-14,dax,14313.2998046875,1,Transition,0.0002110919296381435
2022-11-15,dax,14378.509765625,1,Transition,0.00031070415433326494
2022-11-16,dax,14234.0302734375,1,Transition,0.00040493392513728363
2022-11-17,dax,14266.3798828125,1,Transition,5.3905544753441154e-05
2022-11-18,dax,14431.8603515625,1,Transition,0.007635598958042055
2022-11-21,dax,14379.9296875,1,Transition,2.8812986308980284e-05
2022-11-22,dax,14422.349609375,1,Transition,2.243412025585694e-05
2022-11-23,dax,14427.58984375,1,Transition,1.9085449176544945e-05
2022-11-24,dax,14539.5595703125,1,Transition,2.1323584115681373e-05
2022-11-25,dax,14541.3798828125,1,Transition,4.804858753721568e-05
2022-11-28,dax,14383.3603515625,1,Transition,0.00014272949249624826
2022-11-29,dax,14355.4501953125,1,Transition,0.00011482531033434654
2022-11-30,dax,14397.0400390625,1,Transition,0.06349040187513152
2022-12-01,dax,14490.2998046875,1,Transition,0.0001055108798240893
2022-12-02,dax,14529.3896484375,1,Transition,1.4471492742180355e-05
2022-12-05,dax,14447.6103515625,1,Transition,1.4107355195656835e-05
2022-12-06,dax,14343.1904296875,1,Transition,1.2357580934334358e-05
2022-12-07,dax,14261.1904296875,1,Transition,1.3213896164180543e-05
2022-12-08,dax,14264.5595703125,1,Transition,1.5894356452984243e-06
2022-12-09,dax,14370.7197265625,1,Transition,3.683734730147135e-06
2022-12-12,dax,14306.6298828125,1,Transition,2.3505963426503007e-06
2022-12-13,dax,14497.8896484375,1,Transition,0.00024784154888498266
2022-12-14,dax,14460.2001953125,1,Transition,1.625577843784756e-05
2022-12-15,dax,13986.23046875,1,Transition,0.03188772302187206
2022-12-16,dax,13893.0703125,2,Stress/Bear,0.9999999989638901
2022-12-19,dax,13942.8701171875,1,Transition,4.464391734095411e-05
2022-12-20,dax,13884.66015625,1,Transition,4.207158591847202e-05
2022-12-21,dax,14097.8203125,1,Transition,0.00014065349901750993
2022-12-22,dax,13914.0703125,1,Transition,0.0002464904104413506
2022-12-23,dax,13940.9296875,0,Calm/Bull,2.0980953938913836e-05
2022-12-27,dax,13995.099609375,0,Calm/Bull,1.2866856506172498e-05
2022-12-28,dax,13925.599609375,0,Calm/Bull,5.323392904583592e-06
2022-12-29,dax,14071.7197265625,0,Calm/Bull,2.527057679172119e-05
2022-12-30,dax,13923.58984375,0,Calm/Bull,3.340843787207847e-05
2023-01-02,dax,14069.259765625,0,Calm/Bull,1.649555163005849e-05
2023-01-03,dax,14181.669921875,0,Calm/Bull,6.941627292652181e-05
2023-01-04,dax,14490.7802734375,0,Calm/Bull,0.14492459268960994
2023-01-05,dax,14436.3095703125,0,Calm/Bull,0.0006281996634581956
2023-01-06,dax,14610.01953125,0,Calm/Bull,0.007714257811461188
2023-01-09,dax,14792.830078125,0,Calm/Bull,0.015999398049223474
2023-01-10,dax,14774.599609375,0,Calm/Bull,0.001955487483021537
2023-01-11,dax,14947.91015625,0,Calm/Bull,0.00126063103069974
2023-01-12,dax,15058.2998046875,0,Calm/Bull,0.0027491011840917005
2023-01-13,dax,15086.51953125,0,Calm/Bull,0.00011285000085875857
2023-01-16,dax,15134.0400390625,0,Calm/Bull,1.0763345072686473e-05
2023-01-17,dax,15187.0703125,0,Calm/Bull,0.00010483365169727494
2023-01-18,dax,15181.7998046875,0,Calm/Bull,9.23336118751188e-05
2023-01-19,dax,14920.3603515625,1,Transition,0.0015592301299507051
2023-01-20,dax,15033.5595703125,0,Calm/Bull,0.0004239716312910251
2023-01-23,dax,15102.9501953125,0,Calm/Bull,1.485354215634118e-05
2023-01-24,dax,15093.1103515625,0,Calm/Bull,2.089402242999053e-05
2023-01-25,dax,15081.6396484375,0,Calm/Bull,2.9404243964195598e-05
2023-01-26,dax,15132.849609375,0,Calm/Bull,1.581140056894481e-05
2023-01-27,dax,15150.0302734375,0,Calm/Bull,4.328353998596548e-06
2023-01-30,dax,15126.080078125,0,Calm/Bull,2.4907038004823454e-06
2023-01-31,dax,15128.26953125,0,Calm/Bull,1.0473082383274735e-06
2023-02-01,dax,15180.740234375,0,Calm/Bull,5.387588794003101e-08
2023-02-02,dax,15509.1904296875,2,Stress/Bear,0.9734155160464418
2023-02-03,dax,15476.4296875,0,Calm/Bull,3.049603223219083e-06
2023-02-06,dax,15345.91015625,0,Calm/Bull,3.049243290897924e-07
2023-02-07,dax,15320.8798828125,0,Calm/Bull,1.6920596607654332e-07
2023-02-08,dax,15412.0498046875,0,Calm/Bull,1.4493240340213675e-07
2023-02-09,dax,15523.419921875,0,Calm/Bull,2.731672971173013e-07
2023-02-10,dax,15307.98046875,0,Calm/Bull,5.250860844530209e-06
2023-02-13,dax,15397.33984375,0,Calm/Bull,1.3994361000092643e-07
2023-02-14,dax,15380.5595703125,0,Calm/Bull,2.4995147077124295e-07
2023-02-15,dax,15506.33984375,0,Calm/Bull,3.2137600870598566e-07
2023-02-16,dax,15533.6396484375,0,Calm/Bull,3.512313875956225e-07
2023-02-17,dax,15482.0,0,Calm/Bull,5.18402978387172e-07
2023-02-20,dax,15477.5498046875,0,Calm/Bull,1.165285032180355e-08
2023-02-21,dax,15397.6201171875,0,Calm/Bull,4.8253803506707275e-08
2023-02-22,dax,15399.8896484375,0,Calm/Bull,4.842575304559159e-08
2023-02-23,dax,15475.6904296875,0,Calm/Bull,4.7928007842714525e-08
2023-02-24,dax,15209.740234375,2,Stress/Bear,0.9880430685050707
2023-02-27,dax,15381.4296875,0,Calm/Bull,1.9644388853666824e-06
2023-02-28,dax,15365.1396484375,0,Calm/Bull,2.2895943920270834e-05
2023-03-01,dax,15305.01953125,0,Calm/Bull,2.1460704083372427e-06
2023-03-02,dax,15327.6396484375,0,Calm/Bull,1.1357983850793952e-07
2023-03-03,dax,15578.3896484375,0,Calm/Bull,1.0537351603527175e-05
2023-03-06,dax,15653.580078125,0,Calm/Bull,9.728861311354465e-07
2023-03-07,dax,15559.5302734375,0,Calm/Bull,7.836300880732961e-07
2023-03-08,dax,15631.8701171875,0,Calm/Bull,5.44810377820338e-07
2023-03-09,dax,15633.2099609375,0,Calm/Bull,3.2948407332638886e-07
2023-03-10,dax,15427.9697265625,0,Calm/Bull,0.0012190587331407376
2023-03-13,dax,14959.4697265625,2,Stress/Bear,0.9999993182630323
2023-03-14,dax,15232.830078125,0,Calm/Bull,0.1454711158745993
2023-03-15,dax,14735.259765625,2,Stress/Bear,0.9999898484673103
2023-03-16,dax,14967.099609375,2,Stress/Bear,0.9992979275152645
2023-03-17,dax,14768.2001953125,2,Stress/Bear,0.99999994206496
2023-03-20,dax,14933.3798828125,2,Stress/Bear,0.997891040004082
2023-03-21,dax,15195.33984375,0,Calm/Bull,0.2697025968948433
2023-03-22,dax,15216.1904296875,0,Calm/Bull,0.036887083563446665
2023-03-23,dax,15210.3896484375,0,Calm/Bull,0.012235820066993744
2023-03-24,dax,14957.23046875,2,Stress/Bear,0.9992403235677076
2023-03-27,dax,15127.6796875,0,Calm/Bull,0.02181025599397932
2023-03-28,dax,15142.01953125,0,Calm/Bull,0.022032240522113975
2023-03-29,dax,15328.7802734375,0,Calm/Bull,0.07249908041813329
2023-03-30,dax,15522.400390625,0,Calm/Bull,0.18403227106989206
2023-03-31,dax,15628.83984375,0,Calm/Bull,0.0708470234188085
2023-04-03,dax,15580.919921875,0,Calm/Bull,0.04643895949737906
2023-04-04,dax,15603.4697265625,0,Calm/Bull,0.020814073819257376
2023-04-05,dax,15520.169921875,0,Calm/Bull,0.022031069987023557
2023-04-06,dax,15597.8896484375,0,Calm/Bull,0.03819277873090781
2023-04-11,dax,15655.169921875,0,Calm/Bull,0.04672748659332057
2023-04-12,dax,15703.599609375,0,Calm/Bull,0.0011098591650915974
2023-04-13,dax,15729.4599609375,0,Calm/Bull,0.00011486184135267309
2023-04-14,dax,15807.5,0,Calm/Bull,4.484434098757643e-06
2023-04-17,dax,15789.5302734375,0,Calm/Bull,6.671100898778584e-07
2023-04-18,dax,15882.669921875,0,Calm/Bull,6.008265775596107e-07
2023-04-19,dax,15895.2001953125,0,Calm/Bull,2.525735941207887e-07
2023-04-20,dax,15795.9697265625,0,Calm/Bull,3.7630404006832405e-07
2023-04-21,dax,15881.66015625,0,Calm/Bull,7.735187141937021e-07
2023-04-24,dax,15863.9501953125,0,Calm/Bull,1.1240345287387447e-07
2023-04-25,dax,15872.1298828125,0,Calm/Bull,2.2528430943353963e-07
2023-04-26,dax,15795.73046875,0,Calm/Bull,4.955063191010054e-07
2023-04-27,dax,15800.4501953125,0,Calm/Bull,8.449415587676624e-07
2023-04-28,dax,15922.3798828125,0,Calm/Bull,3.735523519632907e-05
2023-05-02,dax,15726.9404296875,0,Calm/Bull,1.0329109598872587e-05
2023-05-03,dax,15815.0595703125,0,Calm/Bull,1.2746426808885352e-07
2023-05-04,dax,15734.240234375,0,Calm/Bull,5.737818800791304e-07
2023-05-05,dax,15961.01953125,0,Calm/Bull,4.7766832905038615e-06
2023-05-08,dax,15952.830078125,0,Calm/Bull,5.660922244235387e-08
2023-05-09,dax,15955.48046875,0,Calm/Bull,2.5719214940872786e-07
2023-05-10,dax,15896.23046875,0,Calm/Bull,1.117126997086201e-07
2023-05-11,dax,15834.91015625,0,Calm/Bull,3.3167558900851724e-07
2023-05-12,dax,15913.8203125,0,Calm/Bull,1.4679773364696673e-07
2023-05-15,dax,15917.240234375,0,Calm/Bull,3.3028431058113916e-08
2023-05-16,dax,15897.9296875,0,Calm/Bull,8.349589585494335e-08
2023-05-17,dax,15951.2998046875,0,Calm/Bull,3.187180178484265e-06
2023-05-18,dax,16163.3603515625,0,Calm/Bull,3.3810194951108656e-06
2023-05-19,dax,16275.3798828125,0,Calm/Bull,7.481755210455776e-06
2023-05-22,dax,16223.990234375,0,Calm/Bull,2.5444634351297377e-07
2023-05-23,dax,16152.8603515625,0,Calm/Bull,2.821261922055664e-07
2023-05-24,dax,15842.1298828125,0,Calm/Bull,6.720045008788112e-06
2023-05-25,dax,15793.7998046875,0,Calm/Bull,8.637332266672575e-07
2023-05-26,dax,15983.9697265625,0,Calm/Bull,2.9945186169835928e-05
2023-05-29,dax,15952.73046875,0,Calm/Bull,5.060530211256213e-07
2023-05-30,dax,15908.91015625,0,Calm/Bull,3.18851622030085e-07
2023-05-31,dax,15664.01953125,2,Stress/Bear,0.9999854461747331
2023-06-01,dax,15853.66015625,0,Calm/Bull,1.7659865306836396e-06
2023-06-02,dax,16051.23046875,0,Calm/Bull,0.00021449953199809352
2023-06-05,dax,15963.8896484375,0,Calm/Bull,1.1617373504376285e-06
2023-06-06,dax,15992.4404296875,0,Calm/Bull,9.785660302324852e-07
2023-06-07,dax,15960.5595703125,0,Calm/Bull,3.322535172186291e-06
2023-06-08,dax,15989.9599609375,0,Calm/Bull,4.377001573647947e-07
2023-06-09,dax,15949.83984375,0,Calm/Bull,1.0656693082691342e-06
2023-06-12,dax,16097.8701171875,0,Calm/Bull,3.855926157756806e-06
2023-06-13,dax,16230.6796875,0,Calm/Bull,9.423596349135207e-06
2023-06-14,dax,16310.7900390625,0,Calm/Bull,2.1803994856539286e-05
2023-06-15,dax,16290.1201171875,0,Calm/Bull,1.8619035523405824e-05
2023-06-16,dax,16357.6298828125,2,Stress/Bear,0.9999999986027603
2023-06-19,dax,16201.2001953125,0,Calm/Bull,1.5656089564500304e-05
2023-06-20,dax,16111.3203125,0,Calm/Bull,1.0784674969862524e-05
2023-06-21,dax,16023.1298828125,0,Calm/Bull,4.564396608816475e-06
2023-06-22,dax,15988.16015625,0,Calm/Bull,7.4971770976003475e-06
2023-06-23,dax,15829.9404296875,0,Calm/Bull,0.0001629340467344953
2023-06-26,dax,15813.0595703125,0,Calm/Bull,5.147154329009891e-06
2023-06-27,dax,15846.8603515625,0,Calm/Bull,4.971386664853501e-06
2023-06-28,dax,15949.0,0,Calm/Bull,1.2698305264734208e-06
2023-06-29,dax,15946.7197265625,0,Calm/Bull,9.305444677590347e-08
2023-06-30,dax,16147.900390625,0,Calm/Bull,4.96498646666033e-06
2023-07-03,dax,16081.0400390625,0,Calm/Bull,1.0908925029221755e-07
2023-07-04,dax,16039.169921875,0,Calm/Bull,6.091049459900996e-08
2023-07-05,dax,15937.580078125,0,Calm/Bull,2.680353085196974e-07
2023-07-06,dax,15528.5400390625,0,Calm/Bull,0.021617690604129946
2023-07-07,dax,15603.400390625,0,Calm/Bull,4.623431364961359e-05
2023-07-10,dax,15673.16015625,0,Calm/Bull,7.404418626948503e-06
2023-07-11,dax,15790.33984375,0,Calm/Bull,4.417090233346611e-06
2023-07-12,dax,16023.0,0,Calm/Bull,6.13888790840375e-05
2023-07-13,dax,16141.0302734375,0,Calm/Bull,8.627924213724091e-05
2023-07-14,dax,16105.0703125,0,Calm/Bull,8.33931049755199e-05
2023-07-17,dax,16068.650390625,0,Calm/Bull,6.647269809906905e-06
2023-07-18,dax,16125.490234375,0,Calm/Bull,3.6475024601868943e-06
2023-07-19,dax,16108.9296875,0,Calm/Bull,2.228977180930036e-06
2023-07-20,dax,16204.2197265625,0,Calm/Bull,3.908879817429005e-06
2023-07-21,dax,16177.2197265625,0,Calm/Bull,9.858783837219235e-06
2023-07-24,dax,16190.9501953125,0,Calm/Bull,1.700741310149792e-06
2023-07-25,dax,16211.58984375,0,Calm/Bull,3.128332914626475e-06
2023-07-26,dax,16131.4599609375,0,Calm/Bull,1.3237158693220286e-05
2023-07-27,dax,16406.029296875,0,Calm/Bull,0.007454281413378565
2023-07-28,dax,16469.75,0,Calm/Bull,9.23978570005733e-06
2023-07-31,dax,16446.830078125,0,Calm/Bull,5.863839699565092e-06
2023-08-01,dax,16240.400390625,0,Calm/Bull,2.781739581812137e-05
2023-08-02,dax,16020.01953125,0,Calm/Bull,6.631483113595162e-05
2023-08-03,dax,15893.3798828125,0,Calm/Bull,0.00011319625808703035
2023-08-04,dax,15951.8603515625,0,Calm/Bull,3.082530370210733e-05
2023-08-07,dax,15950.759765625,0,Calm/Bull,6.283070993735624e-06
2023-08-08,dax,15774.9296875,0,Calm/Bull,1.3008786297598095e-05
2023-08-09,dax,15852.580078125,0,Calm/Bull,2.3452667413703477e-07
2023-08-10,dax,15996.51953125,0,Calm/Bull,1.2129643197116463e-06
2023-08-11,dax,15832.169921875,0,Calm/Bull,5.030649943141132e-07
2023-08-14,dax,15904.25,0,Calm/Bull,1.8205370398916455e-07
2023-08-15,dax,15767.2802734375,0,Calm/Bull,1.1682166674804819e-06
2023-08-16,dax,15789.4501953125,0,Calm/Bull,5.40317865810056e-07
2023-08-17,dax,15676.900390625,0,Calm/Bull,1.0209048637232999e-06
2023-08-18,dax,15574.259765625,0,Calm/Bull,2.0829688363298683e-06
2023-08-21,dax,15603.2802734375,0,Calm/Bull,1.4082092233971911e-06
2023-08-22,dax,15705.6201171875,0,Calm/Bull,1.5210180237537521e-06
2023-08-23,dax,15728.41015625,0,Calm/Bull,1.4624988782610542e-06
2023-08-24,dax,15621.490234375,0,Calm/Bull,1.1605887682606498e-05
2023-08-25,dax,15631.8203125,0,Calm/Bull,1.8132478551312422e-06
2023-08-28,dax,15792.6103515625,0,Calm/Bull,6.126953578581263e-06
2023-08-29,dax,15930.8798828125,0,Calm/Bull,1.5899595745472808e-06
2023-08-30,dax,15891.9296875,0,Calm/Bull,1.80977105433311e-07
2023-08-31,dax,15947.080078125,0,Calm/Bull,0.00045459879896377845
2023-09-01,dax,15840.33984375,0,Calm/Bull,4.344857507429074e-07
2023-09-04,dax,15824.849609375,0,Calm/Bull,7.32112327476582e-08
2023-09-05,dax,15771.7099609375,0,Calm/Bull,2.0995656470168426e-06
2023-09-06,dax,15741.3701171875,0,Calm/Bull,4.969371811883411e-07
2023-09-07,dax,15718.66015625,0,Calm/Bull,1.2376062191089674e-07
2023-09-08,dax,15740.2998046875,0,Calm/Bull,8.056046524718745e-08
2023-09-11,dax,15800.990234375,0,Calm/Bull,1.6711803131372526e-07
2023-09-12,dax,15715.5302734375,0,Calm/Bull,1.1431984674549176e-08
2023-09-13,dax,15654.0302734375,0,Calm/Bull,5.8493981493576115e-08
2023-09-14,dax,15805.2900390625,0,Calm/Bull,1.5801221185371755e-06
2023-09-15,dax,15893.5302734375,2,Stress/Bear,0.9999999993605222
2023-09-18,dax,15727.1201171875,0,Calm/Bull,3.0949489238171935e-08
2023-09-19,dax,15664.48046875,0,Calm/Bull,7.380481288851697e-09
2023-09-20,dax,15781.58984375,0,Calm/Bull,2.1903410957641576e-08
2023-09-21,dax,15571.8603515625,0,Calm/Bull,2.7590831824883104e-07
2023-09-22,dax,15557.2900390625,0,Calm/Bull,3.881588568170048e-07
2023-09-25,dax,15405.490234375,0,Calm/Bull,3.7771572491275087e-07
2023-09-26,dax,15255.8701171875,0,Calm/Bull,4.390337743381464e-07
2023-09-27,dax,15217.4501953125,0,Calm/Bull,1.8100511521809532e-06
2023-09-28,dax,15323.5,0,Calm/Bull,1.51278476474757e-06
2023-09-29,dax,15386.580078125,0,Calm/Bull,0.00026572686045921954
2023-10-02,dax,15247.2099609375,0,Calm/Bull,1.476471833447591e-05
2023-10-03,dax,15085.2099609375,0,Calm/Bull,2.9144407472869524e-06
2023-10-04,dax,15099.919921875,0,Calm/Bull,1.1066799612469974e-05
2023-10-05,dax,15070.2197265625,0,Calm/Bull,3.093740100258934e-06
2023-10-06,dax,15229.76953125,0,Calm/Bull,2.5502384876981435e-05
2023-10-09,dax,15128.1103515625,0,Calm/Bull,5.698896418781929e-06
2023-10-10,dax,15423.51953125,0,Calm/Bull,0.00030032686691343395
2023-10-11,dax,15460.009765625,0,Calm/Bull,2.0611809782796167e-05
2023-10-12,dax,15425.0302734375,0,Calm/Bull,3.0085701907254013e-05
2023-10-13,dax,15186.66015625,0,Calm/Bull,0.00014145170697440804
2023-10-16,dax,15237.990234375,0,Calm/Bull,7.685770957641233e-06
2023-10-17,dax,15251.6904296875,0,Calm/Bull,4.669251314502103e-06
2023-10-18,dax,15094.91015625,0,Calm/Bull,1.6434599808549643e-05
2023-10-19,dax,15045.23046875,0,Calm/Bull,3.775198959502617e-05
2023-10-20,dax,14798.4697265625,0,Calm/Bull,0.002421973717118675
2023-10-23,dax,14800.7197265625,0,Calm/Bull,2.9114126128844524e-05
2023-10-24,dax,14879.9404296875,0,Calm/Bull,3.098862104738526e-05
2023-10-25,dax,14892.1796875,0,Calm/Bull,0.00010234203843756356
2023-10-26,dax,14731.0498046875,0,Calm/Bull,0.05670352397157341
2023-10-27,dax,14687.41015625,0,Calm/Bull,8.852938351375841e-05
2023-10-30,dax,14716.5400390625,0,Calm/Bull,2.8595290618310385e-05
2023-10-31,dax,14810.33984375,0,Calm/Bull,2.5736988170304975e-05
2023-11-01,dax,14923.26953125,0,Calm/Bull,1.1215129218743917e-05
2023-11-02,dax,15143.599609375,0,Calm/Bull,0.00041049556406305585
2023-11-03,dax,15189.25,0,Calm/Bull,0.0004916224106818036
2023-11-06,dax,15135.9697265625,0,Calm/Bull,3.8509406301217605e-05
2023-11-07,dax,15152.6396484375,0,Calm/Bull,6.101572864371075e-06
2023-11-08,dax,15229.599609375,0,Calm/Bull,0.0003030014765623635
2023-11-09,dax,15352.5400390625,0,Calm/Bull,4.205094661501956e-06
2023-11-10,dax,15234.3896484375,0,Calm/Bull,1.651241386463649e-06
2023-11-13,dax,15345.0,0,Calm/Bull,1.0037712274213753e-06
2023-11-14,dax,15614.4296875,0,Calm/Bull,0.012863108514851018
2023-11-15,dax,15748.169921875,0,Calm/Bull,2.0504142255276263e-05
2023-11-16,dax,15786.6103515625,0,Calm/Bull,3.5949535381224853e-06
2023-11-17,dax,15919.16015625,0,Calm/Bull,4.027576741766143e-06
2023-11-20,dax,15901.330078125,0,Calm/Bull,9.354127490360085e-06
2023-11-21,dax,15900.5302734375,0,Calm/Bull,6.917799992027418e-07
2023-11-22,dax,15957.8203125,0,Calm/Bull,3.8589806369709255e-07
2023-11-23,dax,15994.73046875,0,Calm/Bull,4.213622495735191e-08
2023-11-24,dax,16029.490234375,0,Calm/Bull,4.9862333428437924e-08
2023-11-27,dax,15966.3701171875,0,Calm/Bull,1.433716132647503e-07
2023-11-28,dax,15992.669921875,0,Calm/Bull,1.1015224469715173e-07
2023-11-29,dax,16166.4501953125,0,Calm/Bull,1.8116669069532496e-06
2023-11-30,dax,16215.4296875,0,Calm/Bull,4.775267218503959e-06
2023-12-01,dax,16397.51953125,0,Calm/Bull,8.81347305444988e-08
2023-12-04,dax,16404.759765625,0,Calm/Bull,1.4704293596409945e-08
2023-12-05,dax,16533.109375,0,Calm/Bull,1.436539170713717e-07
2023-12-06,dax,16656.439453125,0,Calm/Bull,1.0576695005799712e-06
2023-12-07,dax,16628.990234375,0,Calm/Bull,3.0565784495269947e-07
2023-12-08,dax,16759.220703125,0,Calm/Bull,9.931720824816021e-08
2023-12-11,dax,16794.4296875,0,Calm/Bull,1.7112718559707323e-08
2023-12-12,dax,16791.740234375,0,Calm/Bull,3.8410974347942023e-10
2023-12-13,dax,16766.05078125,0,Calm/Bull,2.6793687559775064e-10
2023-12-14,dax,16752.23046875,0,Calm/Bull,0.011463578797231401
2023-12-15,dax,16751.439453125,0,Calm/Bull,0.4455305164487124
2023-12-18,dax,16650.55078125,0,Calm/Bull,5.966327480620653e-10
2023-12-19,dax,16744.41015625,0,Calm/Bull,1.1851480071667393e-09
2023-12-20,dax,16733.05078125,0,Calm/Bull,1.2180093458318497e-09
2023-12-21,dax,16687.419921875,0,Calm/Bull,1.3403073724757197e-09
2023-12-22,dax,16706.1796875,0,Calm/Bull,6.709748662289996e-10
2023-12-27,dax,16742.0703125,0,Calm/Bull,3.577970156791708e-10
2023-12-28,dax,16701.55078125,0,Calm/Bull,1.282222470519694e-09
2023-12-29,dax,16751.640625,0,Calm/Bull,1.8735723797283056e-10
2024-01-02,dax,16769.359375,0,Calm/Bull,2.721472399198757e-07
2024-01-03,dax,16538.390625,0,Calm/Bull,6.934518865746656e-07
2024-01-04,dax,16617.2890625,0,Calm/Bull,1.1473156578784286e-08
2024-01-05,dax,16594.2109375,0,Calm/Bull,2.3355835940025016e-08
2024-01-08,dax,16716.470703125,0,Calm/Bull,2.2052134861959826e-08
2024-01-09,dax,16688.359375,0,Calm/Bull,7.942375987903645e-09
2024-01-10,dax,16689.810546875,0,Calm/Bull,3.3329831862447594e-08
2024-01-11,dax,16547.029296875,0,Calm/Bull,2.5489932982835037e-06
2024-01-12,dax,16704.560546875,0,Calm/Bull,1.8917084709622418e-07
2024-01-15,dax,16622.220703125,0,Calm/Bull,6.328512602379311e-08
2024-01-16,dax,16571.6796875,0,Calm/Bull,1.2960761903874307e-06
2024-01-17,dax,16431.689453125,0,Calm/Bull,3.2679490753344216e-05
2024-01-18,dax,16567.349609375,0,Calm/Bull,1.2815661273850856e-05
2024-01-19,dax,16555.130859375,0,Calm/Bull,2.46608194139026e-06
2024-01-22,dax,16683.359375,0,Calm/Bull,9.963235895890228e-06
2024-01-23,dax,16627.08984375,0,Calm/Bull,6.516730969820216e-06
2024-01-24,dax,16889.919921875,0,Calm/Bull,0.0009359132543570618
2024-01-25,dax,16906.919921875,0,Calm/Bull,3.9720686878570385e-05
2024-01-26,dax,16961.390625,0,Calm/Bull,0.0003953491699694953
2024-01-29,dax,16941.7109375,0,Calm/Bull,5.65318579486333e-05
2024-01-30,dax,16972.33984375,0,Calm/Bull,0.00032083426943846133
2024-01-31,dax,16903.759765625,0,Calm/Bull,4.944545640946977e-05
2024-02-01,dax,16859.0390625,0,Calm/Bull,9.282733624472332e-05
2024-02-02,dax,16918.2109375,0,Calm/Bull,4.097153993319912e-05
2024-02-05,dax,16904.060546875,0,Calm/Bull,3.9149220537640684e-06
2024-02-06,dax,17033.240234375,0,Calm/Bull,1.6890846675972723e-05
2024-02-07,dax,16921.9609375,0,Calm/Bull,0.00015509297799649036
2024-02-08,dax,16963.830078125,0,Calm/Bull,5.069600690406061e-06
2024-02-09,dax,16926.5,0,Calm/Bull,8.525889794529482e-06
2024-02-12,dax,17037.349609375,0,Calm/Bull,1.267015312229325e-05
2024-02-13,dax,16880.830078125,0,Calm/Bull,5.4985344932531325e-05
2024-02-14,dax,16945.48046875,0,Calm/Bull,7.817065117262868e-06
2024-02-15,dax,17046.689453125,0,Calm/Bull,3.088349662781938e-05
2024-02-16,dax,17117.439453125,0,Calm/Bull,1.0155355167163854e-05
2024-02-19,dax,17092.259765625,0,Calm/Bull,2.2044028223655835e-06
2024-02-20,dax,17068.4296875,0,Calm/Bull,2.794107598610675e-06
2024-02-21,dax,17118.119140625,0,Calm/Bull,1.0560863150170894e-07
2024-02-22,dax,17370.44921875,0,Calm/Bull,2.2111318173908328e-05
2024-02-23,dax,17419.330078125,0,Calm/Bull,2.3513766024521298e-06
2024-02-26,dax,17423.23046875,0,Calm/Bull,8.067365656282725e-07
2024-02-27,dax,17556.490234375,0,Calm/Bull,3.10567950176109e-06
2024-02-28,dax,17601.220703125,0,Calm/Bull,2.7925576686606005e-06
2024-02-29,dax,17678.189453125,0,Calm/Bull,0.00020008857116804498
2024-03-01,dax,17735.0703125,0,Calm/Bull,1.6673051610393935e-05
2024-03-04,dax,17716.169921875,0,Calm/Bull,1.7801677341858435e-05
2024-03-05,dax,17698.400390625,0,Calm/Bull,5.18593810935349e-06
2024-03-06,dax,17716.7109375,0,Calm/Bull,0.00010627192818047853
2024-03-07,dax,17842.849609375,0,Calm/Bull,0.00013354846157983999
2024-03-08,dax,17814.509765625,0,Calm/Bull,2.854299836496628e-06
2024-03-11,dax,17746.26953125,0,Calm/Bull,1.7560710394192266e-06
2024-03-12,dax,17965.109375,0,Calm/Bull,0.00011570811402237902
2024-03-13,dax,17961.380859375,0,Calm/Bull,2.5678871815588855e-05
2024-03-14,dax,17942.0390625,0,Calm/Bull,1.1553107381427637e-05
2024-03-15,dax,17936.650390625,2,Stress/Bear,0.9999998861958581
2024-03-18,dax,17932.6796875,0,Calm/Bull,2.8425864463566555e-07
2024-03-19,dax,17987.490234375,0,Calm/Bull,7.498586428775451e-07
2024-03-20,dax,18015.130859375,0,Calm/Bull,2.9803236159964535e-07
2024-03-21,dax,18179.25,0,Calm/Bull,4.0202440939973396e-07
2024-03-22,dax,18205.939453125,0,Calm/Bull,8.282334442049289e-08
2024-03-25,dax,18261.310546875,0,Calm/Bull,3.67793956118407e-08
2024-03-26,dax,18384.349609375,0,Calm/Bull,8.521048225243107e-08
2024-03-27,dax,18477.08984375,0,Calm/Bull,3.903664029304598e-07
2024-03-28,dax,18492.490234375,0,Calm/Bull,8.443244437782008e-07
2024-04-02,dax,18283.130859375,0,Calm/Bull,5.0056961716734837e-05
2024-04-03,dax,18367.720703125,0,Calm/Bull,1.0095427389780343e-06
2024-04-04,dax,18403.130859375,0,Calm/Bull,5.62688903363679e-07
2024-04-05,dax,18175.0390625,0,Calm/Bull,0.00037319361861101725
2024-04-08,dax,18318.970703125,0,Calm/Bull,1.758760564949277e-05
2024-04-09,dax,18076.689453125,0,Calm/Bull,0.0005099263205390377
2024-04-10,dax,18097.30078125,0,Calm/Bull,0.00030677803950123346
2024-04-11,dax,17954.48046875,0,Calm/Bull,4.2551660504639006e-05
2024-04-12,dax,17930.3203125,0,Calm/Bull,0.00015786511346285793
2024-04-15,dax,18026.580078125,0,Calm/Bull,0.00021740858741237448
2024-04-16,dax,17766.23046875,0,Calm/Bull,0.001495840493559211
2024-04-17,dax,17770.01953125,0,Calm/Bull,0.00011707534130969238
2024-04-18,dax,17837.400390625,0,Calm/Bull,9.438996453780651e-05
2024-04-19,dax,17737.359375,0,Calm/Bull,0.001361000314554036
2024-04-22,dax,17860.80078125,0,Calm/Bull,0.0005528109378979949
2024-04-23,dax,18137.650390625,0,Calm/Bull,0.05486176318669328
2024-04-24,dax,18088.69921875,0,Calm/Bull,0.0016221128453039121
2024-04-25,dax,17917.279296875,0,Calm/Bull,0.008391105297003388
2024-04-26,dax,18161.009765625,0,Calm/Bull,0.016336841190530506
2024-04-29,dax,18118.3203125,0,Calm/Bull,0.0009095890061565606
2024-04-30,dax,17932.169921875,0,Calm/Bull,0.0003498300275840752
2024-05-02,dax,17896.5,0,Calm/Bull,0.00021167966500915396
2024-05-03,dax,18001.599609375,0,Calm/Bull,0.0001733510658336405
2024-05-06,dax,18175.2109375,0,Calm/Bull,0.0003022969486263558
2024-05-07,dax,18430.05078125,0,Calm/Bull,0.0013341792736255762
2024-05-08,dax,18498.380859375,0,Calm/Bull,0.00010592388610169119
2024-05-09,dax,18686.599609375,0,Calm/Bull,0.001347423096844124
2024-05-10,dax,18772.849609375,0,Calm/Bull,0.001364060204372234
2024-05-13,dax,18742.220703125,0,Calm/Bull,0.00025745834116615177
2024-05-14,dax,18716.419921875,0,Calm/Bull,0.00011339265097113018
2024-05-15,dax,18869.359375,0,Calm/Bull,7.423499785426885e-05
2024-05-16,dax,18738.810546875,0,Calm/Bull,0.00010287006440711553
2024-05-17,dax,18704.419921875,0,Calm/Bull,0.00010141831482686932
2024-05-20,dax,18768.9609375,0,Calm/Bull,3.649768576999629e-05
2024-05-21,dax,18726.759765625,0,Calm/Bull,4.585458223348327e-05
2024-05-22,dax,18680.19921875,0,Calm/Bull,7.227421844788876e-06
2024-05-23,dax,18691.3203125,0,Calm/Bull,3.4128957267402927e-06
2024-05-24,dax,18693.369140625,0,Calm/Bull,1.7327134545458677e-06
2024-05-27,dax,18774.7109375,0,Calm/Bull,1.1896264213511555e-07
2024-05-28,dax,18677.869140625,0,Calm/Bull,5.213281761759063e-07
2024-05-29,dax,18473.2890625,0,Calm/Bull,1.6142202709347008e-06
2024-05-30,dax,18496.7890625,0,Calm/Bull,2.4773695530942557e-07
2024-05-31,dax,18497.939453125,2,Stress/Bear,0.9225464062068142
2024-06-03,dax,18608.16015625,0,Calm/Bull,1.249336008998558e-07
2024-06-04,dax,18405.640625,0,Calm/Bull,5.875937193508135e-07
2024-06-05,dax,18575.939453125,0,Calm/Bull,2.3505761256559437e-07
2024-06-06,dax,18652.669921875,0,Calm/Bull,4.7786924835955264e-08
2024-06-07,dax,18557.26953125,0,Calm/Bull,9.03713304420139e-08
2024-06-10,dax,18494.890625,0,Calm/Bull,2.7488460008473604e-08
2024-06-11,dax,18369.939453125,0,Calm/Bull,2.871739006439922e-07
2024-06-12,dax,18630.859375,0,Calm/Bull,6.39674714149216e-06
2024-06-13,dax,18265.6796875,0,Calm/Bull,0.00036428911854043567
2024-06-14,dax,18002.01953125,0,Calm/Bull,0.0005173139442430342
2024-06-17,dax,18068.2109375,0,Calm/Bull,4.3406311526664116e-06
2024-06-18,dax,18131.970703125,0,Calm/Bull,2.395508954464817e-06
2024-06-19,dax,18067.91015625,0,Calm/Bull,1.9589851229186712e-05
2024-06-20,dax,18254.1796875,0,Calm/Bull,6.306110491087539e-06
2024-06-21,dax,18163.51953125,2,Stress/Bear,0.9973030131046035
2024-06-24,dax,18325.580078125,0,Calm/Bull,8.171255518317668e-06
2024-06-25,dax,18177.619140625,0,Calm/Bull,6.588492245474019e-06
2024-06-26,dax,18155.240234375,0,Calm/Bull,2.7756874265400793e-05
2024-06-27,dax,18210.55078125,0,Calm/Bull,2.2906791953960806e-06
2024-06-28,dax,18235.44921875,0,Calm/Bull,3.1453680739412667e-06
2024-07-01,dax,18290.66015625,0,Calm/Bull,3.2343070044446835e-06
2024-07-02,dax,18164.060546875,0,Calm/Bull,5.2931744015985865e-06
2024-07-03,dax,18374.529296875,0,Calm/Bull,1.1342212199877887e-05
2024-07-04,dax,18450.48046875,0,Calm/Bull,3.401449648061642e-06
2024-07-05,dax,18475.44921875,0,Calm/Bull,5.417654797267987e-06
2024-07-08,dax,18472.05078125,0,Calm/Bull,2.4522217099876233e-06
2024-07-09,dax,18236.189453125,0,Calm/Bull,3.0010187072409273e-05
2024-07-10,dax,18407.220703125,0,Calm/Bull,4.376377262767075e-06
2024-07-11,dax,18534.560546875,0,Calm/Bull,3.547048534104054e-07
2024-07-12,dax,18748.1796875,0,Calm/Bull,1.1918968905711455e-06
2024-07-15,dax,18590.890625,0,Calm/Bull,2.6236836240773437e-07
2024-07-16,dax,18518.029296875,0,Calm/Bull,2.2459929494087808e-07
2024-07-17,dax,18437.30078125,0,Calm/Bull,3.7813473646832344e-07
2024-07-18,dax,18354.759765625,0,Calm/Bull,2.3564971710776589e-07
2024-07-19,dax,18171.9296875,0,Calm/Bull,8.235406478587824e-06
2024-07-22,dax,18407.0703125,0,Calm/Bull,8.227443907448754e-06
2024-07-23,dax,18557.69921875,0,Calm/Bull,1.103956060627075e-06
2024-07-24,dax,18387.4609375,0,Calm/Bull,0.00015970369684099517
2024-07-25,dax,18298.720703125,0,Calm/Bull,1.5756811127684394e-05
2024-07-26,dax,18417.55078125,0,Calm/Bull,2.428617193072096e-06
2024-07-29,dax,18320.669921875,0,Calm/Bull,2.691955450135498e-06
2024-07-30,dax,18411.1796875,0,Calm/Bull,3.7398194956507583e-06
2024-07-31,dax,18508.650390625,0,Calm/Bull,1.055216783014999e-05
2024-08-01,dax,18083.05078125,0,Calm/Bull,0.013962360950703344
2024-08-02,dax,17661.220703125,0,Calm/Bull,0.22779903310341543
2024-08-05,dax,17339.0,2,Stress/Bear,0.9604940106168659
2024-08-06,dax,17354.3203125,0,Calm/Bull,0.044551468794099505
2024-08-07,dax,17615.150390625,0,Calm/Bull,0.18627977246298427
2024-08-08,dax,17680.400390625,0,Calm/Bull,6.40365546983411e-05
2024-08-09,dax,17722.880859375,0,Calm/Bull,0.0006194669673045035
2024-08-12,dax,17726.470703125,0,Calm/Bull,5.381642237277513e-05
2024-08-13,dax,17812.05078125,0,Calm/Bull,0.0010363487036495064
2024-08-14,dax,17885.599609375,0,Calm/Bull,0.00024211327897977124
2024-08-15,dax,18183.240234375,0,Calm/Bull,0.2201173260128909
2024-08-16,dax,18322.400390625,0,Calm/Bull,0.0006079152665499033
2024-08-19,dax,18421.689453125,0,Calm/Bull,6.254468564837387e-05
2024-08-20,dax,18357.51953125,0,Calm/Bull,5.59602174140222e-05
2024-08-21,dax,18448.94921875,0,Calm/Bull,1.7393141046999097e-05
2024-08-22,dax,18493.390625,0,Calm/Bull,1.7614414281741197e-05
2024-08-23,dax,18633.099609375,0,Calm/Bull,1.1192467538661556e-05
2024-08-26,dax,18617.01953125,0,Calm/Bull,1.431373005674617e-05
2024-08-27,dax,18681.810546875,0,Calm/Bull,1.1131371792608799e-05
2024-08-28,dax,18782.2890625,0,Calm/Bull,1.1121525851238483e-05
2024-08-29,dax,18912.5703125,0,Calm/Bull,4.0137378960996835e-06
2024-08-30,dax,18906.919921875,2,Stress/Bear,0.9965153647299819
2024-09-02,dax,18930.849609375,0,Calm/Bull,1.4756162045201472e-09
2024-09-03,dax,18747.109375,0,Calm/Bull,2.1025923607757384e-06
2024-09-04,dax,18591.849609375,0,Calm/Bull,1.1518907221790638e-06
2024-09-05,dax,18576.5,0,Calm/Bull,8.857932606014924e-06
2024-09-06,dax,18301.900390625,0,Calm/Bull,0.0004917009811916349
2024-09-09,dax,18443.560546875,0,Calm/Bull,6.662700963752263e-06
2024-09-10,dax,18265.919921875,0,Calm/Bull,0.00029169221952228525
2024-09-11,dax,18330.26953125,0,Calm/Bull,0.0030011758637327533
2024-09-12,dax,18518.390625,0,Calm/Bull,7.630354186516794e-07
2024-09-13,dax,18699.400390625,0,Calm/Bull,5.469080165211862e-06
2024-09-16,dax,18633.109375,0,Calm/Bull,2.5733666975327285e-07
2024-09-17,dax,18726.080078125,0,Calm/Bull,6.726441057276539e-07
2024-09-18,dax,18711.490234375,0,Calm/Bull,6.782987705636238e-07
2024-09-19,dax,19002.380859375,0,Calm/Bull,0.0001538703985111236
2024-09-20,dax,18720.009765625,2,Stress/Bear,0.9999983674066741
2024-09-23,dax,18846.7890625,0,Calm/Bull,1.2613263927973222e-06
2024-09-24,dax,18996.630859375,0,Calm/Bull,8.140596857299326e-07
2024-09-25,dax,18918.5,0,Calm/Bull,6.395328331623802e-07
2024-09-26,dax,19238.359375,0,Calm/Bull,4.028774136827628e-05
2024-09-27,dax,19473.630859375,0,Calm/Bull,0.00018777085175822387
2024-09-30,dax,19324.9296875,0,Calm/Bull,2.6261811512413123e-05
2024-10-01,dax,19213.140625,0,Calm/Bull,2.8142143408662833e-05
2024-10-02,dax,19164.75,0,Calm/Bull,1.9988167888193648e-06
2024-10-03,dax,19015.41015625,0,Calm/Bull,7.634737573807626e-06
2024-10-04,dax,19120.9296875,0,Calm/Bull,2.1888693935601596e-05
2024-10-07,dax,19104.099609375,0,Calm/Bull,2.072866862924209e-06
2024-10-08,dax,19066.470703125,0,Calm/Bull,1.2119680087191932e-06
2024-10-09,dax,19254.9296875,0,Calm/Bull,6.682363225956388e-06
2024-10-10,dax,19210.900390625,0,Calm/Bull,5.005785570332558e-07
2024-10-11,dax,19373.830078125,0,Calm/Bull,8.227931850401243e-07
2024-10-14,dax,19508.2890625,0,Calm/Bull,5.076000110566979e-07
2024-10-15,dax,19486.189453125,0,Calm/Bull,2.7055887364407678e-06
2024-10-16,dax,19432.810546875,0,Calm/Bull,8.07213582624775e-07
2024-10-17,dax,19583.390625,0,Calm/Bull,2.798641765815487e-07
2024-10-18,dax,19657.369140625,0,Calm/Bull,9.244207018117687e-08
2024-10-21,dax,19461.189453125,0,Calm/Bull,1.4883843800587166e-07
2024-10-22,dax,19421.91015625,0,Calm/Bull,1.0438127855764842e-07
2024-10-23,dax,19377.619140625,0,Calm/Bull,7.96199008839251e-08
2024-10-24,dax,19443.0,0,Calm/Bull,2.9652506038081833e-08
2024-10-25,dax,19463.58984375,0,Calm/Bull,7.31533928640287e-09
2024-10-28,dax,19531.619140625,0,Calm/Bull,9.390558437255142e-09
2024-10-29,dax,19478.0703125,0,Calm/Bull,6.34606206379736e-09
2024-10-30,dax,19257.33984375,0,Calm/Bull,3.6515578200886104e-07
2024-10-31,dax,19077.5390625,0,Calm/Bull,5.793390130445089e-07
2024-11-01,dax,19254.970703125,0,Calm/Bull,1.8472271407700572e-07
2024-11-04,dax,19147.849609375,0,Calm/Bull,1.0084538567149864e-07
2024-11-05,dax,19256.26953125,0,Calm/Bull,1.4766690700241526e-07
2024-11-06,dax,19039.310546875,2,Stress/Bear,0.9916703208526663
2024-11-07,dax,19362.51953125,0,Calm/Bull,0.0010442962799996802
2024-11-08,dax,19215.48046875,0,Calm/Bull,5.944784954513053e-06
2024-11-11,dax,19448.599609375,0,Calm/Bull,5.009164337199791e-06
2024-11-12,dax,19033.640625,0,Calm/Bull,0.009619029067873479
2024-11-13,dax,19003.109375,0,Calm/Bull,0.00020387088175751836
2024-11-14,dax,19263.69921875,0,Calm/Bull,0.00012113235507725512
2024-11-15,dax,19210.810546875,0,Calm/Bull,9.537877787291432e-06
2024-11-18,dax,19189.189453125,0,Calm/Bull,2.946611678455381e-06
2024-11-19,dax,19060.310546875,0,Calm/Bull,0.0002848694263944389
2024-11-20,dax,19004.779296875,0,Calm/Bull,3.2247228788866906e-06
2024-11-21,dax,19146.169921875,0,Calm/Bull,7.925312744281601e-06
2024-11-22,dax,19322.58984375,0,Calm/Bull,3.8003583925290826e-05
2024-11-25,dax,19405.19921875,0,Calm/Bull,0.044801362750764996
2024-11-26,dax,19295.98046875,0,Calm/Bull,9.404564099049434e-06
2024-11-27,dax,19261.75,0,Calm/Bull,3.387752747148323e-06
2024-11-28,dax,19425.73046875,0,Calm/Bull,4.15204185271379e-06
2024-11-29,dax,19626.44921875,0,Calm/Bull,2.1255151266987748e-05
2024-12-02,dax,19933.619140625,0,Calm/Bull,0.0060955288383282465
2024-12-03,dax,20016.75,0,Calm/Bull,3.8846449340031086e-05
2024-12-04,dax,20232.140625,0,Calm/Bull,0.0002150324029436004
2024-12-05,dax,20358.80078125,0,Calm/Bull,4.2663428393006623e-05
2024-12-06,dax,20384.609375,0,Calm/Bull,2.532721432798316e-05
2024-12-09,dax,20345.9609375,0,Calm/Bull,3.4026063983447686e-06
2024-12-10,dax,20329.16015625,0,Calm/Bull,1.5070375045333835e-07
2024-12-11,dax,20399.16015625,0,Calm/Bull,9.129270599451356e-08
2024-12-12,dax,20426.26953125,0,Calm/Bull,2.664717055378121e-08
2024-12-13,dax,20405.919921875,0,Calm/Bull,2.1245788189749885e-08
2024-12-16,dax,20313.810546875,0,Calm/Bull,2.1705870207635408e-07
2024-12-17,dax,20246.369140625,0,Calm/Bull,2.164807988475536e-07
2024-12-18,dax,20242.5703125,0,Calm/Bull,9.842739921090979e-08
2024-12-19,dax,19969.859375,0,Calm/Bull,1.2043028205284594e-05
2024-12-20,dax,19884.75,0,Calm/Bull,0.19476459074677385
2024-12-23,dax,19848.76953125,0,Calm/Bull,4.280684763859826e-07
2024-12-27,dax,19984.3203125,0,Calm/Bull,3.184304609192497e-07
2024-12-30,dax,19909.140625,0,Calm/Bull,3.093490008963757e-07
2025-01-02,dax,20024.66015625,0,Calm/Bull,1.1763916699985919e-07
2025-01-03,dax,19906.080078125,0,Calm/Bull,3.8553231146416704e-08
2025-01-06,dax,20216.189453125,0,Calm/Bull,8.369421301807291e-06
2025-01-07,dax,20340.5703125,0,Calm/Bull,2.4558461716366797e-07
2025-01-08,dax,20329.939453125,0,Calm/Bull,1.98832278261051e-07
2025-01-09,dax,20317.099609375,0,Calm/Bull,2.059139266506359e-08
2025-01-10,dax,20214.7890625,0,Calm/Bull,1.0886473160819135e-06
2025-01-13,dax,20132.849609375,0,Calm/Bull,2.9399883551493316e-08
2025-01-14,dax,20271.330078125,0,Calm/Bull,2.1528175257660027e-07
2025-01-15,dax,20574.6796875,0,Calm/Bull,8.618617355737605e-05
2025-01-16,dax,20655.390625,0,Calm/Bull,9.791777625139774e-07
2025-01-17,dax,20903.390625,0,Calm/Bull,1.7018048947398423e-05
2025-01-20,dax,20990.310546875,0,Calm/Bull,2.900837375873131e-06
2025-01-21,dax,21042.0,0,Calm/Bull,1.1352969756478774e-06
2025-01-22,dax,21254.26953125,0,Calm/Bull,3.5962520402781998e-06
2025-01-23,dax,21411.529296875,0,Calm/Bull,5.129661380852174e-07
2025-01-24,dax,21394.9296875,0,Calm/Bull,1.0119173731664759e-06
2025-01-27,dax,21282.1796875,0,Calm/Bull,1.1192037994144928e-05
2025-01-28,dax,21430.580078125,0,Calm/Bull,7.594044232811305e-07
2025-01-29,dax,21637.529296875,0,Calm/Bull,2.4089078519846725e-06
2025-01-30,dax,21727.19921875,0,Calm/Bull,1.2008104261200763e-05
2025-01-31,dax,21732.05078125,0,Calm/Bull,9.424719097188264e-07
2025-02-03,dax,21428.240234375,0,Calm/Bull,1.4253089346348363e-05
2025-02-04,dax,21505.69921875,0,Calm/Bull,3.970570890257106e-07
2025-02-05,dax,21585.9296875,0,Calm/Bull,7.562382968645509e-07
2025-02-06,dax,21902.419921875,0,Calm/Bull,6.620804759179326e-05
2025-02-07,dax,21787.0,0,Calm/Bull,1.5433790475708015e-05
2025-02-10,dax,21911.740234375,0,Calm/Bull,3.730782966238488e-06
2025-02-11,dax,22037.830078125,0,Calm/Bull,2.5925644625849553e-05
2025-02-12,dax,22148.029296875,0,Calm/Bull,1.778714295217343e-05
2025-02-13,dax,22612.01953125,0,Calm/Bull,0.13611596241090063
2025-02-14,dax,22513.419921875,0,Calm/Bull,0.00013289991859753996
2025-02-17,dax,22798.08984375,0,Calm/Bull,0.0008165802470110491
2025-02-18,dax,22844.5,0,Calm/Bull,0.00019037989740078003
2025-02-19,dax,22433.630859375,2,Stress/Bear,0.9185820662258846
2025-02-20,dax,22314.650390625,0,Calm/Bull,0.0003635609062557323
2025-02-21,dax,22287.560546875,0,Calm/Bull,0.0002062026837836985
2025-02-24,dax,22425.9296875,0,Calm/Bull,0.001881425163379212
2025-02-25,dax,22410.26953125,0,Calm/Bull,0.000622409602022215
2025-02-26,dax,22794.109375,0,Calm/Bull,0.0012260888271917346
2025-02-27,dax,22550.890625,0,Calm/Bull,0.000470195625259172
2025-02-28,dax,22551.4296875,0,Calm/Bull,0.004954734377515641
2025-03-03,dax,23147.01953125,2,Stress/Bear,0.9999999998537739
2025-03-04,dax,22326.810546875,2,Stress/Bear,0.999999571396088
2025-03-05,dax,23081.029296875,2,Stress/Bear,0.9999999939572923
2025-03-06,dax,23419.48046875,2,Stress/Bear,0.9999909967830937
2025-03-07,dax,23008.939453125,2,Stress/Bear,0.999994165271164
2025-03-10,dax,22620.94921875,2,Stress/Bear,0.9999691963113706
2025-03-11,dax,22328.76953125,2,Stress/Bear,0.999460413123355
2025-03-12,dax,22676.41015625,2,Stress/Bear,0.9991084882711628
2025-03-13,dax,22567.140625,2,Stress/Bear,0.9865491409414081
2025-03-14,dax,22986.8203125,2,Stress/Bear,0.9875893292469253
2025-03-17,dax,23154.5703125,2,Stress/Bear,0.9612830652007608
2025-03-18,dax,23380.69921875,2,Stress/Bear,0.98124799692254
2025-03-19,dax,23288.060546875,2,Stress/Bear,0.9049739413344855
2025-03-20,dax,22999.150390625,2,Stress/Bear,0.9614830454212918
2025-03-21,dax,22891.6796875,2,Stress/Bear,0.999924438099501
2025-03-24,dax,22852.66015625,2,Stress/Bear,0.95111810473159
2025-03-25,dax,23109.7890625,2,Stress/Bear,0.9823342982983428
2025-03-26,dax,22839.029296875,2,Stress/Bear,0.9271593866971609
2025-03-27,dax,22678.740234375,2,Stress/Bear,0.6059997835181316
2025-03-28,dax,22461.51953125,2,Stress/Bear,0.6430843283933321
2025-03-31,dax,22163.490234375,1,Transition,0.10413366654170171
2025-04-01,dax,22539.98046875,1,Transition,0.017462429117415686
2025-04-02,dax,22390.83984375,0,Calm/Bull,0.00010674064424550645
2025-04-03,dax,21717.390625,1,Transition,0.02078376203177549
2025-04-04,dax,20641.720703125,2,Stress/Bear,0.9999999994881854
2025-04-07,dax,19789.619140625,2,Stress/Bear,1.0
2025-04-08,dax,20280.259765625,2,Stress/Bear,0.9995753334060354
2025-04-09,dax,19670.880859375,2,Stress/Bear,0.9992139320771903
2025-04-10,dax,20562.73046875,2,Stress/Bear,0.9999996496472338
2025-04-11,dax,20374.099609375,2,Stress/Bear,0.992732017946734
2025-04-14,dax,20954.830078125,2,Stress/Bear,0.9995742674498131
2025-04-15,dax,21253.69921875,2,Stress/Bear,0.9990461634882067
2025-04-16,dax,21311.01953125,2,Stress/Bear,0.9999160665918699
2025-04-17,dax,21205.859375,2,Stress/Bear,0.9963651352206073
2025-04-22,dax,21293.529296875,2,Stress/Bear,0.9973486245727685
2025-04-23,dax,21961.970703125,2,Stress/Bear,0.9999853303969162
2025-04-24,dax,22064.509765625,2,Stress/Bear,0.9998346269652746
2025-04-25,dax,22242.44921875,2,Stress/Bear,0.9998490380924369
2025-04-28,dax,22271.669921875,2,Stress/Bear,0.9999068416545088
2025-04-29,dax,22425.830078125,2,Stress/Bear,0.9999591143609023
2025-04-30,dax,22496.98046875,2,Stress/Bear,0.9996525786053998
2025-05-02,dax,23086.650390625,2,Stress/Bear,0.9999708940873516
2025-05-05,dax,23344.5390625,2,Stress/Bear,0.999962623222867
2025-05-06,dax,23249.650390625,2,Stress/Bear,0.9998032518477131
2025-05-07,dax,23115.9609375,2,Stress/Bear,0.6753597395942794
2025-05-08,dax,23352.689453125,1,Transition,0.07654346075683785
2025-05-09,dax,23499.3203125,1,Transition,0.0656671804210776
2025-05-12,dax,23566.5390625,1,Transition,0.40762836408266423
2025-05-13,dax,23638.560546875,1,Transition,0.013070130794781218
2025-05-14,dax,23527.009765625,1,Transition,0.005447626826468067
2025-05-15,dax,23695.58984375,1,Transition,0.0007129552254372214
2025-05-16,dax,23767.4296875,1,Transition,0.00040520719731223105
2025-05-19,dax,23934.98046875,1,Transition,6.371122794133947e-05
2025-05-20,dax,24036.109375,1,Transition,0.0002680164496041296
2025-05-21,dax,24122.400390625,1,Transition,0.00010933383538412756
2025-05-22,dax,23999.169921875,1,Transition,6.784307002406757e-05
2025-05-23,dax,23629.580078125,2,Stress/Bear,0.5827813404938463
2025-05-26,dax,24027.650390625,1,Transition,7.130129808747427e-05
2025-05-27,dax,24226.490234375,1,Transition,4.2668209163609934e-05
2025-05-28,dax,24038.189453125,1,Transition,4.592671131720419e-05
2025-05-29,dax,23933.23046875,1,Transition,1.9087038351601238e-05
2025-05-30,dax,23997.48046875,2,Stress/Bear,0.6719126116880516
2025-06-02,dax,23930.669921875,1,Transition,5.555987628773241e-07
2025-06-03,dax,24091.619140625,1,Transition,6.16817835939358e-07
2025-06-04,dax,24276.48046875,1,Transition,5.639810953196763e-07
2025-06-05,dax,24323.580078125,1,Transition,3.347996187172514e-07
2025-06-06,dax,24304.4609375,1,Transition,1.912738506331415e-07
2025-06-09,dax,24174.3203125,1,Transition,2.0703041255778073e-07
2025-06-10,dax,23987.560546875,1,Transition,1.0974153302543907e-06
2025-06-11,dax,23948.900390625,1,Transition,1.6432807792182768e-06
2025-06-12,dax,23771.44921875,1,Transition,1.8164851315331717e-06
2025-06-13,dax,23516.23046875,1,Transition,5.051714449839278e-05
2025-06-16,dax,23699.119140625,1,Transition,1.524972302663299e-06
2025-06-17,dax,23434.650390625,1,Transition,1.3472718636505597e-06
2025-06-18,dax,23317.810546875,1,Transition,1.6646263613340723e-06
2025-06-19,dax,23057.380859375,1,Transition,1.0017470815635483e-06
2025-06-20,dax,23350.55078125,2,Stress/Bear,0.9999999999999929
2025-06-23,dax,23269.009765625,1,Transition,3.479523696145159e-07
2025-06-24,dax,23641.580078125,1,Transition,7.824589971156098e-06
2025-06-25,dax,23498.330078125,1,Transition,1.242152408488543e-06
2025-06-26,dax,23649.30078125,1,Transition,1.2761050640758144e-06
2025-06-27,dax,24033.220703125,1,Transition,6.5474867970284805e-06
2025-06-30,dax,23909.609375,1,Transition,4.137710886594875e-05
2025-07-01,dax,23673.2890625,1,Transition,3.292773333765505e-06
2025-07-02,dax,23790.109375,1,Transition,3.5286742333782415e-06
2025-07-03,dax,23934.130859375,1,Transition,7.08624988523859e-06
2025-07-04,dax,23787.44921875,1,Transition,9.636744354226904e-06
2025-07-07,dax,24073.669921875,0,Calm/Bull,8.794140275806993e-06
2025-07-08,dax,24206.91015625,0,Calm/Bull,4.0300414948732735e-06
2025-07-09,dax,24549.560546875,0,Calm/Bull,8.393765541389645e-05
2025-07-10,dax,24456.810546875,0,Calm/Bull,8.96560512116314e-06
2025-07-11,dax,24255.310546875,0,Calm/Bull,7.466360823766922e-06
2025-07-14,dax,24160.640625,0,Calm/Bull,1.62713430288084e-06
2025-07-15,dax,24060.2890625,0,Calm/Bull,1.6251949382015938e-06
2025-07-16,dax,24009.380859375,0,Calm/Bull,1.0172618000708859e-05
2025-07-17,dax,24370.9296875,0,Calm/Bull,9.964065865194039e-05
2025-07-18,dax,24289.509765625,0,Calm/Bull,3.6971511010026964e-06
2025-07-21,dax,24307.80078125,0,Calm/Bull,2.4807067845348974e-06
2025-07-22,dax,24041.900390625,0,Calm/Bull,3.94784638943937e-06
2025-07-23,dax,24240.8203125,0,Calm/Bull,0.00034108874545248823
2025-07-24,dax,24295.9296875,0,Calm/Bull,4.855856273874882e-05
2025-07-25,dax,24217.5,0,Calm/Bull,7.360162520035411e-07
2025-07-28,dax,23970.359375,0,Calm/Bull,0.00013190176404174266
2025-07-29,dax,24217.369140625,0,Calm/Bull,1.6579250447934029e-06
2025-07-30,dax,24262.220703125,0,Calm/Bull,9.118965033953474e-07
2025-07-31,dax,24065.470703125,0,Calm/Bull,1.0816725186300981e-05
2025-08-01,dax,23425.970703125,0,Calm/Bull,0.020991684477605736
2025-08-04,dax,23757.689453125,0,Calm/Bull,3.9042748287533956e-05
2025-08-05,dax,23846.0703125,0,Calm/Bull,2.7211044003818704e-05
2025-08-06,dax,23924.359375,0,Calm/Bull,4.6318649282818034e-05
2025-08-07,dax,24192.5,0,Calm/Bull,0.0019343947789808814
2025-08-08,dax,24162.859375,0,Calm/Bull,2.912080336981856e-05
2025-08-11,dax,24081.33984375,0,Calm/Bull,2.8119240130411098e-06
2025-08-12,dax,24024.779296875,0,Calm/Bull,3.725050484021395e-06
2025-08-13,dax,24185.58984375,0,Calm/Bull,6.459064662163987e-06
2025-08-14,dax,24377.5,0,Calm/Bull,1.8675137241990796e-06
2025-08-15,dax,24359.30078125,0,Calm/Bull,1.5169034758207396e-06
2025-08-18,dax,24314.76953125,0,Calm/Bull,4.447709283467603e-06
2025-08-19,dax,24423.0703125,0,Calm/Bull,1.6123893676021173e-06
2025-08-20,dax,24276.970703125,0,Calm/Bull,2.533748180005372e-06
2025-08-21,dax,24293.33984375,0,Calm/Bull,2.060342224639226e-06
2025-08-22,dax,24363.08984375,0,Calm/Bull,1.4000227837677035e-06
2025-08-25,dax,24273.119140625,0,Calm/Bull,9.858417241063769e-07
2025-08-26,dax,24152.869140625,0,Calm/Bull,0.0001312412748706867
2025-08-27,dax,24046.2109375,0,Calm/Bull,8.506238149258269e-07
2025-08-28,dax,24039.919921875,0,Calm/Bull,5.845876186611915e-07
2025-08-29,dax,23902.2109375,0,Calm/Bull,3.71858741483448e-09
2025-09-01,dax,24037.330078125,0,Calm/Bull,1.3663041812227492e-10
2025-09-02,dax,23487.330078125,0,Calm/Bull,0.00010702692086061697
2025-09-03,dax,23594.80078125,0,Calm/Bull,7.612490495950146e-07
2025-09-04,dax,23770.330078125,0,Calm/Bull,2.773802950056544e-07
2025-09-05,dax,23596.98046875,0,Calm/Bull,1.9605689479316581e-07
2025-09-08,dax,23807.130859375,0,Calm/Bull,8.798547925887494e-07
2025-09-09,dax,23718.44921875,0,Calm/Bull,3.03903974872309e-07
2025-09-10,dax,23632.94921875,0,Calm/Bull,4.3316023513432836e-07
2025-09-11,dax,23703.650390625,0,Calm/Bull,3.108100126150197e-07
2025-09-12,dax,23698.150390625,0,Calm/Bull,2.6288738845325754e-07
2025-09-15,dax,23748.859375,0,Calm/Bull,1.129587445159117e-07
2025-09-16,dax,23329.240234375,0,Calm/Bull,2.967868349938154e-05
2025-09-17,dax,23359.1796875,0,Calm/Bull,2.9179504786683086e-06
2025-09-18,dax,23674.529296875,0,Calm/Bull,7.429699809756848e-05
2025-09-19,dax,23639.41015625,2,Stress/Bear,1.0
2025-09-22,dax,23527.05078125,0,Calm/Bull,3.215597137408094e-06
2025-09-23,dax,23611.330078125,0,Calm/Bull,2.5351899666813344e-06
2025-09-24,dax,23666.810546875,0,Calm/Bull,2.3396371194358854e-06
2025-09-25,dax,23534.830078125,0,Calm/Bull,1.977221494118198e-06
2025-09-26,dax,23739.470703125,0,Calm/Bull,1.7707267391639336e-06
2025-09-29,dax,23745.060546875,0,Calm/Bull,1.1632929071698313e-06
2025-09-30,dax,23880.720703125,0,Calm/Bull,5.721177013842275e-08
2025-10-01,dax,24113.619140625,0,Calm/Bull,1.0587039500522603e-05
2025-10-02,dax,24422.560546875,0,Calm/Bull,4.636157057724858e-06
2025-10-03,dax,24378.80078125,0,Calm/Bull,2.001084594605916e-07
2025-10-06,dax,24378.2890625,0,Calm/Bull,1.6214251085310365e-07
2025-10-07,dax,24385.779296875,0,Calm/Bull,6.446000049902144e-08
2025-10-08,dax,24597.130859375,0,Calm/Bull,4.813861727232102e-07
2025-10-09,dax,24611.25,0,Calm/Bull,7.937848964495035e-08
2025-10-10,dax,24241.4609375,0,Calm/Bull,0.00011102382286118621
2025-10-13,dax,24387.9296875,0,Calm/Bull,5.536250456306829e-07
2025-10-14,dax,24236.939453125,0,Calm/Bull,1.598964432893864e-07
2025-10-15,dax,24181.369140625,0,Calm/Bull,2.8995793908854504e-07
2025-10-16,dax,24272.189453125,0,Calm/Bull,4.3553729059205264e-08
2025-10-17,dax,23830.990234375,0,Calm/Bull,0.00017229049962320182
2025-10-20,dax,24258.80078125,0,Calm/Bull,4.982437978224394e-05
2025-10-21,dax,24330.029296875,0,Calm/Bull,1.328292369276269e-06
2025-10-22,dax,24151.130859375,0,Calm/Bull,1.5781052778642988e-05
2025-10-23,dax,24207.7890625,0,Calm/Bull,4.777976180559876e-06
2025-10-24,dax,24239.890625,0,Calm/Bull,4.528876442823361e-06
2025-10-27,dax,24308.779296875,0,Calm/Bull,6.221894097248167e-06
2025-10-28,dax,24278.630859375,0,Calm/Bull,5.8030092425879125e-06
2025-10-29,dax,24124.2109375,0,Calm/Bull,3.74781004168905e-05
2025-10-30,dax,24118.890625,0,Calm/Bull,5.570278178609519e-06
2025-10-31,dax,23958.30078125,0,Calm/Bull,2.498995015557736e-06
2025-11-03,dax,24132.41015625,0,Calm/Bull,4.987282195012778e-06
2025-11-04,dax,23949.109375,0,Calm/Bull,6.233250189058372e-06
2025-11-05,dax,24049.740234375,0,Calm/Bull,1.474956589370144e-05
2025-11-06,dax,23734.01953125,0,Calm/Bull,3.761826121590987e-05
2025-11-07,dax,23569.9609375,0,Calm/Bull,8.62270560598974e-06
2025-11-10,dax,23959.990234375,0,Calm/Bull,9.481611955132638e-05
2025-11-11,dax,24088.060546875,0,Calm/Bull,3.751686928730769e-06
2025-11-12,dax,24381.4609375,0,Calm/Bull,0.0003695386245036643
2025-11-13,dax,24041.619140625,0,Calm/Bull,0.000323496731092377
2025-11-14,dax,23876.55078125,0,Calm/Bull,5.1181762964516215e-05
2025-11-17,dax,23590.51953125,0,Calm/Bull,6.188014328714398e-06
2025-11-18,dax,23180.529296875,0,Calm/Bull,0.00016047321409944017
2025-11-19,dax,23162.919921875,0,Calm/Bull,0.00016554360248573574
2025-11-20,dax,23278.849609375,0,Calm/Bull,1.8869031184945592e-05
2025-11-21,dax,23091.869140625,0,Calm/Bull,6.672640005178866e-05
2025-11-24,dax,23239.1796875,2,Stress/Bear,0.9975897800333355
2025-11-25,dax,23464.630859375,0,Calm/Bull,4.0187180375526344e-05
2025-11-26,dax,23726.220703125,0,Calm/Bull,2.5638354239594402e-05
2025-11-27,dax,23767.9609375,0,Calm/Bull,9.393168051973377e-06
2025-11-28,dax,23836.7890625,0,Calm/Bull,1.4340354872964197e-05
2025-12-01,dax,23589.439453125,0,Calm/Bull,4.033038075198052e-05
2025-12-02,dax,23710.859375,0,Calm/Bull,5.684105242262517e-06
2025-12-03,dax,23693.7109375,0,Calm/Bull,5.195303955106767e-06
2025-12-04,dax,23882.029296875,0,Calm/Bull,8.909534789381411e-06
2025-12-05,dax,24028.140625,0,Calm/Bull,3.277357450379564e-06
2025-12-08,dax,24046.009765625,0,Calm/Bull,1.8553938946731732e-06
2025-12-09,dax,24162.650390625,0,Calm/Bull,4.704243620926818e-06
2025-12-10,dax,24130.140625,0,Calm/Bull,2.004432766147433e-06
2025-12-11,dax,24294.609375,0,Calm/Bull,4.152389873955406e-06
2025-12-12,dax,24186.490234375,0,Calm/Bull,5.796954821628473e-07
2025-12-15,dax,24229.91015625,0,Calm/Bull,1.0197159910017456e-07
2025-12-16,dax,24076.869140625,0,Calm/Bull,1.4386769483949994e-08
2025-12-17,dax,23960.58984375,0,Calm/Bull,1.7027017938617144e-08
2025-12-18,dax,24199.5,0,Calm/Bull,1.195315309975643e-07
2025-12-19,dax,24288.400390625,2,Stress/Bear,0.9954887744715264
2025-12-22,dax,24283.970703125,0,Calm/Bull,1.406887268258017e-09
2025-12-23,dax,24340.060546875,0,Calm/Bull,4.6393005218257347e-10
2025-12-29,dax,24351.119140625,0,Calm/Bull,2.6084014494339926e-10
2025-12-30,dax,24490.41015625,0,Calm/Bull,3.370984639865488e-10
2026-01-02,dax,24539.33984375,0,Calm/Bull,1.5940929748593284e-09
2026-01-05,dax,24868.689453125,0,Calm/Bull,1.0568266097678539e-08
2026-01-06,dax,24892.19921875,0,Calm/Bull,5.782177476177567e-09
2026-01-07,dax,25122.259765625,0,Calm/Bull,2.1220403302648823e-08
2026-01-08,dax,25127.4609375,0,Calm/Bull,7.147844894772493e-09
2026-01-09,dax,25261.640625,0,Calm/Bull,7.222041753233273e-09
2026-01-12,dax,25405.33984375,0,Calm/Bull,1.4478037550036067e-09
2026-01-13,dax,25420.66015625,0,Calm/Bull,2.5972176641315647e-09
2026-01-14,dax,25286.240234375,0,Calm/Bull,3.280209940123301e-08
2026-01-15,dax,25352.390625,0,Calm/Bull,6.0748876272606275e-09
2026-01-16,dax,25297.130859375,0,Calm/Bull,2.2698180220682494e-08
2026-01-19,dax,24959.060546875,0,Calm/Bull,2.2598376925727326e-06
2026-01-20,dax,24703.119140625,0,Calm/Bull,3.569698126844055e-06
2026-01-21,dax,24560.98046875,0,Calm/Bull,3.1680740945143235e-06
2026-01-22,dax,24856.470703125,0,Calm/Bull,3.069822501821347e-05
2026-01-23,dax,24900.7109375,0,Calm/Bull,7.458843951330698e-07
2026-01-26,dax,24933.080078125,0,Calm/Bull,9.520467131381535e-08
2026-01-27,dax,24894.439453125,0,Calm/Bull,2.0471331293563366e-07
2026-01-28,dax,24822.7890625,0,Calm/Bull,7.693747335470818e-07
2026-01-29,dax,24309.4609375,0,Calm/Bull,0.0012172065163772471
2026-01-30,dax,24538.810546875,0,Calm/Bull,1.8850585415561267e-05
2026-02-02,dax,24797.51953125,0,Calm/Bull,9.344733447389886e-05
2026-02-03,dax,24780.7890625,0,Calm/Bull,8.03745461733917e-06
2026-02-04,dax,24603.0390625,0,Calm/Bull,6.650761829119887e-05
2026-02-05,dax,24491.060546875,0,Calm/Bull,3.792482480126556e-05
2026-02-06,dax,24721.4609375,0,Calm/Bull,9.454958946054084e-06
2026-02-09,dax,25014.869140625,0,Calm/Bull,1.1332170922809483e-05
2026-02-10,dax,24987.849609375,0,Calm/Bull,9.615119913596206e-06
2026-02-11,dax,24856.150390625,0,Calm/Bull,0.0001153562963687205
2026-02-12,dax,24852.689453125,0,Calm/Bull,0.00027810280816131235
2026-02-13,dax,24914.880859375,0,Calm/Bull,5.350648129517863e-05
2026-02-16,dax,24800.91015625,0,Calm/Bull,4.760497731329889e-06
2026-02-17,dax,24998.400390625,0,Calm/Bull,2.9968752080675096e-05
2026-02-18,dax,25278.2109375,0,Calm/Bull,4.505311786864657e-05
2026-02-19,dax,25043.5703125,0,Calm/Bull,1.7050359777450346e-05
2026-02-20,dax,25260.689453125,0,Calm/Bull,4.7096816629930986e-05
2026-02-23,dax,24991.970703125,0,Calm/Bull,4.417018955268715e-05
2026-02-24,dax,24986.25,0,Calm/Bull,1.6413349352478715e-05
2026-02-25,dax,25175.939453125,0,Calm/Bull,6.318996280060628e-05
2026-02-26,dax,25289.01953125,0,Calm/Bull,2.6080898855002586e-06
2026-02-27,dax,25284.259765625,0,Calm/Bull,4.83735158573916e-05
2026-03-02,dax,24638.0,0,Calm/Bull,0.0028350610081407466
2026-03-03,dax,23790.650390625,2,Stress/Bear,0.9978452907046929
2026-03-04,dax,24205.359375,0,Calm/Bull,0.39373364857442045
2026-03-05,dax,23815.75,2,Stress/Bear,0.9727399146976378
2026-03-06,dax,23591.029296875,2,Stress/Bear,0.997891330184545
2026-03-09,dax,23409.369140625,0,Calm/Bull,0.04883577913816574
2026-03-10,dax,23968.630859375,0,Calm/Bull,0.04128618782867244
2026-03-11,dax,23640.029296875,0,Calm/Bull,0.011240642870256577
2026-03-12,dax,23589.650390625,0,Calm/Bull,0.002022092382878829
2026-03-13,dax,23447.2890625,0,Calm/Bull,0.006675195526746259
2026-03-16,dax,23564.009765625,0,Calm/Bull,0.0015181764535994139
2026-03-17,dax,23730.919921875,0,Calm/Bull,0.0022683953466680258
2026-03-18,dax,23502.25,0,Calm/Bull,0.028119377827160362
2026-03-19,dax,22839.560546875,2,Stress/Bear,0.9985848403604852
2026-03-20,dax,22380.189453125,2,Stress/Bear,0.9999999446898487
2026-03-23,dax,22653.859375,2,Stress/Bear,0.9999999996804654
2026-03-24,dax,22636.91015625,2,Stress/Bear,0.9255915368730266
2026-03-25,dax,22957.080078125,2,Stress/Bear,0.929730319227388
2026-03-26,dax,22612.970703125,2,Stress/Bear,0.8925041033736176
2026-03-27,dax,22300.75,2,Stress/Bear,0.8343176280632325
2026-03-30,dax,22562.880859375,2,Stress/Bear,0.5291176846016954
2026-03-31,dax,22680.0390625,0,Calm/Bull,0.0031946192981124337
2026-04-01,dax,23298.890625,1,Transition,0.04363505893832313
2026-04-02,dax,23168.080078125,1,Transition,0.026209183902385153
2026-04-07,dax,22921.58984375,1,Transition,0.053680407166902935
2026-04-08,dax,24080.630859375,2,Stress/Bear,0.9762425013709621
2026-04-09,dax,23806.990234375,1,Transition,0.0164424877820424
2026-04-10,dax,23803.94921875,1,Transition,0.002295232994287532
2026-04-13,dax,23742.439453125,1,Transition,0.0026690136981059754
2026-04-14,dax,24044.220703125,1,Transition,0.0245390552329254
2026-04-15,dax,24066.69921875,1,Transition,0.008098375136511043
2026-04-16,dax,24154.470703125,1,Transition,0.003797857531771834
2026-04-17,dax,24702.240234375,1,Transition,0.14337328693200402
2026-04-20,dax,24417.80078125,1,Transition,0.007018889103199451
2026-04-21,dax,24270.869140625,1,Transition,0.0025344540050080437
2026-04-22,dax,24194.900390625,1,Transition,0.003517173787154052
2026-04-23,dax,24155.44921875,1,Transition,0.004405844357858667
2026-04-24,dax,24128.98046875,1,Transition,0.0032133668713728468
2026-04-27,dax,24083.529296875,1,Transition,0.001384860395097413
2026-04-28,dax,24018.259765625,1,Transition,0.0015724470950952427
2026-04-29,dax,23954.560546875,1,Transition,0.0028500387862871643
2026-04-30,dax,24292.380859375,1,Transition,0.008568217784690137
2026-05-04,dax,23991.26953125,1,Transition,0.000628030465711351
2026-05-05,dax,24401.69921875,1,Transition,0.0010707129782518796
2026-05-06,dax,24918.689453125,1,Transition,0.19760298435440157
2026-05-07,dax,24663.609375,1,Transition,5.657374891181614e-05
2026-05-08,dax,24338.630859375,1,Transition,1.704005747725956e-05
2026-05-11,dax,24350.279296875,1,Transition,2.5659246813216088e-05
2026-05-12,dax,23954.9296875,1,Transition,3.819266431663425e-05
2026-05-13,dax,24136.810546875,1,Transition,5.31504212936111e-05
2026-05-14,dax,24456.259765625,1,Transition,2.7685209362421293e-05
2026-05-15,dax,23950.5703125,1,Transition,0.00010310000870315389
2026-05-18,dax,24307.919921875,1,Transition,0.0002545363228093284
2026-05-19,dax,24400.650390625,1,Transition,2.0254611961307705e-05
2026-05-20,dax,24737.240234375,1,Transition,0.00016733540541206477
2026-05-21,dax,24606.76953125,1,Transition,1.538240014666548e-05
2026-05-22,dax,24888.560546875,1,Transition,3.7299006058796094e-05
2026-05-25,dax,25389.099609375,1,Transition,0.0001985323359523424
2026-05-26,dax,25184.890625,1,Transition,8.00420312600694e-05
2026-05-27,dax,25177.80078125,1,Transition,8.828138101693703e-05
2026-05-28,dax,25092.25,1,Transition,6.377690012257594e-05
2026-05-29,dax,25104.69921875,2,Stress/Bear,0.9999999999815259
2026-06-01,dax,25003.0390625,1,Transition,7.732418173529297e-05
2026-06-02,dax,25124.169921875,1,Transition,3.435174103343853e-05
2026-06-03,dax,24795.939453125,1,Transition,8.360181387111032e-05
2026-06-04,dax,24944.94921875,1,Transition,2.1465231365597933e-05
2026-06-05,dax,24759.05078125,1,Transition,1.3379924850588476e-05
2026-06-08,dax,24616.220703125,1,Transition,1.435573381560918e-05
2026-06-09,dax,24433.060546875,1,Transition,1.6613395879812237e-05
2026-06-10,dax,24195.310546875,1,Transition,2.2708994322019462e-05
2026-06-11,dax,24209.7109375,1,Transition,1.4608749580369783e-05
2026-06-12,dax,24635.30078125,1,Transition,0.057246280757604205
