Date,market,log_return,volatility_20,volatility_60,range_pct,volume_ratio,return_ma5,return_ma20,volatility_ratio,gmm_regime,gmm_regime_label,gmm_regime_prob
2020-02-20,sp500,-0.0038228174279975,0.0084007868693751,0.006104846586887,0.0142681889735285,1.061598901311514,-0.0003684446782727,0.0007689492015803,1.3760848450179983,0,Calm/Bull,0.9976
2020-02-21,sp500,-0.0105738092328197,0.0087736158904219,0.0062958979836276,0.0096801913246198,1.0305050892785583,-0.0021568512528389,0.0001832424302714,1.393544799048132,0,Calm/Bull,0.9986
2020-02-24,sp500,-0.0340880794204407,0.0115164488602767,0.0077171584129654,0.0139992863221714,1.2599790503899675,-0.0093428343566241,-0.0010669970694409,1.492317281051046,2,Stress/Bear,0.9812
2020-02-25,sp500,-0.0307479043753532,0.0129189853329781,0.0087023413071468,0.0409882879679529,1.4210469454368968,-0.0149075724344652,-0.0018116046703663,1.484541329396987,2,Stress/Bear,1.0
2020-02-26,sp500,-0.00378569732353,0.012619741463427,0.0086973572282436,0.0235914061030497,1.358888172718895,-0.0166036615560282,-0.0025010587115605,1.450985757195986,2,Stress/Bear,0.999
2020-02-27,sp500,-0.0451681363522611,0.0158040324226181,0.0104496284419259,0.0401778509812432,1.6783361150352425,-0.0248727253408809,-0.0047161030219943,1.5124013748861382,2,Stress/Bear,1.0
2020-02-28,sp500,-0.008272463109653,0.0157115044550294,0.0104447519583978,0.0351632186643758,1.9264757471622116,-0.0244124561162476,-0.0052861990239875,1.5042486904054215,2,Stress/Bear,1.0
2020-03-02,sp500,0.0450108687694132,0.0190070535663261,0.0119775569683678,0.0471712527716589,1.4053019492188326,-0.0085926664782768,-0.0021424334069487,1.586889013888472,2,Stress/Bear,1.0
2020-03-03,sp500,-0.0285104849229145,0.0197453409195354,0.012498167223316,0.0533034829688393,1.364923271482524,-0.0081451825877891,-0.0039293789411561,1.5798589158496328,2,Stress/Bear,1.0
2020-03-04,sp500,0.0413363493606331,0.0218466681909733,0.0136192465717228,0.0308582687802453,1.0735404018766674,0.0008792267490435,-0.0026060272689997,1.604102552657558,2,Stress/Bear,0.9911
2020-03-05,sp500,-0.0345107824399811,0.0227011334125798,0.0142769533129034,0.0275170679807893,1.162740874813349,0.0030106975314995,-0.0048909553239474,1.590054468558263,2,Stress/Bear,0.9829
2020-03-06,sp500,-0.0172009436523861,0.0227741143573198,0.014432843120814,0.0283914483227196,1.3291794700691604,0.0012250014229528,-0.0059170102594168,1.5779368047364553,2,Stress/Bear,0.8815
2020-03-09,sp500,-0.0790104129403714,0.0280283022165158,0.0176074120816543,0.0471353104158166,1.6336411295714883,-0.023579254919004,-0.0095967563559625,1.5918467794434925,2,Stress/Bear,1.0
2020-03-10,sp500,0.0482150524258591,0.0306929965997126,0.0187634124830843,0.051553862425114,1.421476439783759,-0.0082341474492493,-0.0075509882406982,1.635789685238919,2,Stress/Bear,1.0
2020-03-11,sp500,-0.0501028928086054,0.0320282392825176,0.0197370415444399,0.0431826788017696,1.33665698871031,-0.026521995883097,-0.0101404853154285,1.6227477259143808,2,Stress/Bear,1.0
2020-03-12,sp500,-0.0999448524024735,0.0374968756341921,0.0234061150369235,0.0734043842053811,1.5245464394203705,-0.0396088098755954,-0.0154598205908124,1.6020119347033988,2,Stress/Bear,1.0
2020-03-13,sp500,0.0888084069492359,0.0441206331332147,0.0262693284253586,0.0807666337245858,1.3727805502505976,-0.018406939755271,-0.0109378114253511,1.6795493367323244,2,Stress/Bear,1.0
2020-03-16,sp500,-0.1276521974728174,0.051096641344208,0.030819457160276,0.0762909179310607,1.245934982384724,-0.0281352966617602,-0.0174125131039163,1.657934501522233,2,Stress/Bear,1.0
2020-03-17,sp500,0.0582263126356917,0.0537689110816143,0.0318743628702276,0.0738931819704346,1.2885781580517834,-0.0261330446197937,-0.0143549867728243,1.686901517075888,2,Stress/Bear,1.0
2020-03-18,sp500,-0.0532222723320802,0.0542464525137932,0.0324828481442269,0.0721613117806271,1.3026388455155422,-0.0267569205244887,-0.0172508378036426,1.6700029588826004,2,Stress/Bear,1.0
2020-03-19,sp500,0.004696760970401,0.0543907068282356,0.0324816603283359,0.0610901298538909,1.1444618187752529,-0.0058285978499137,-0.0168248588837226,1.674505129307906,2,Stress/Bear,1.0
2020-03-20,sp500,-0.0443276240533668,0.0547092752964143,0.0328688027171051,0.0683103780211995,1.2559083434305462,-0.0324558040504343,-0.01851254962475,1.6644742361711669,2,Stress/Bear,1.0
2020-03-23,sp500,-0.0297315010095767,0.0546526399510217,0.0330074792723398,0.0486591033336643,1.0101244416046893,-0.0128716647577862,-0.0182947207042068,1.655765334277448,2,Stress/Bear,1.0
2020-03-24,sp500,0.0896832325179632,0.0596173251401828,0.0352249645378353,0.0430142302716688,1.0171792013506171,-0.0065802807813319,-0.012273163859541,1.692473673781774,2,Stress/Bear,1.0
2020-03-25,sp500,0.0114689904208222,0.0598288353323568,0.035281767099238,0.0662031575478007,1.0955397265654931,0.0063579717692485,-0.0115104294723234,1.6957437297308395,2,Stress/Bear,1.0
2020-03-26,sp500,0.0605438310742465,0.0613490983226052,0.0362657525304438,0.0518199270438133,1.020455447970599,0.0175273857900176,-0.006224831100998,1.6916538067452174,2,Stress/Bear,1.0
2020-03-27,sp500,-0.0342678455416263,0.0616693028224877,0.0364733797597739,0.0377300907283968,0.8276725874919633,0.0195393414923657,-0.0075246002225966,1.6908030796340452,2,Stress/Bear,1.0
2020-03-30,sp500,0.0329665905699747,0.0611861968865463,0.0367520725244086,0.03293930396055,0.7707837894055157,0.0320789598082761,-0.0081268141325686,1.66483663869323,2,Stress/Bear,1.0
2020-03-31,sp500,-0.0161423107884158,0.0610316435028518,0.0367852601963249,0.027176452685269,0.8801871462248525,0.0109138511470002,-0.0075084054258436,1.6591331195463217,2,Stress/Bear,1.0
2020-04-01,sp500,-0.0451463627327869,0.0604497231067887,0.0371570947164658,0.0304634728863084,0.7935149973536195,-0.0004092194837215,-0.0118325410305146,1.6268689349385828,2,Stress/Bear,1.0
2020-04-02,sp500,0.0225726570569603,0.060669814101384,0.0373213876313701,0.0306422631022333,0.8550322472864701,-0.0080034542871787,-0.0089783690556675,1.6256044577074804,2,Stress/Bear,1.0
2020-04-03,sp500,-0.0152528608259442,0.0606574806778431,0.0373294812165834,0.0314306848180852,0.8089109334529171,-0.0042004573440423,-0.0088809649143455,1.624921608899734,2,Stress/Bear,1.0
2020-04-06,sp500,0.0679682441448303,0.0606173478956455,0.0384611906287576,0.0383980177505329,0.8612654220326184,0.0027998733709287,-0.0015320320600854,1.5760652986733483,2,Stress/Bear,1.0
2020-04-07,sp500,-0.0016043390483624,0.0594784032796506,0.0384618540849461,0.0373090174069578,0.9520114866671792,0.0057074677189394,-0.0040230016337964,1.5464257949782585,2,Stress/Bear,1.0
2020-04-08,sp500,0.0334893711912846,0.0590050698497451,0.0387347740799467,0.0354366038531175,0.80181314784644,0.0214346145037537,0.000156611566198,1.523310029586371,2,Stress/Bear,1.0
2020-04-09,sp500,0.0143834703036993,0.0541338104504005,0.0387992822567175,0.0201482387968324,1.0850335679062302,0.0197967771531015,0.0058730277015066,1.3952271099300553,2,Stress/Bear,1.0
2020-04-13,sp500,-0.0101560594446771,0.0505589158502297,0.0388062669742815,0.0221934298451612,0.7459213636871627,0.0208161374293549,0.000924804381811,1.3028544045150523,2,Stress/Bear,1.0
2020-04-14,sp500,0.0301145595723075,0.040809799124972,0.0390145938657041,0.016426216958717,0.7997333524351955,0.0132454005148504,0.0088131422340672,1.0460136856850897,2,Stress/Bear,1.0
2020-04-15,sp500,-0.0222767326723692,0.0396326794219878,0.0390876583358442,0.0144932176193921,0.7587533629797854,0.009110921790049,0.0047879899686642,1.0139435594084631,2,Stress/Bear,1.0
2020-04-16,sp500,0.0057998378395412,0.0372091451086481,0.0391041109888999,0.0150702579594569,0.7821277099862596,0.0035730151197003,0.0077390954772452,0.951540494532922,2,Stress/Bear,1.0
2020-04-17,sp500,0.0264409320213205,0.0374325720510243,0.0392849739659207,0.0168165169296456,0.8824848241467913,0.0059845074632246,0.0088263040297912,0.9528470626834727,2,Stress/Bear,1.0
2020-04-20,sp500,-0.0180428456153477,0.0358981147502747,0.0393336218031807,0.0171970594438803,0.8186958328189047,0.0044071502290904,0.0101405429516922,0.9126572409198224,2,Stress/Bear,1.0
2020-04-21,sp500,-0.0311551152363306,0.0359826481365914,0.0394969245946197,0.0213552562907319,0.816485350725293,-0.0078467847326371,0.0100693622403545,0.9110240482240743,2,Stress/Bear,1.0
2020-04-22,sp500,0.0226713005821367,0.0309466254684576,0.0395990351633885,0.0139856413419392,0.8270710383873536,0.001142821918264,0.0067187656435631,0.7814994820143876,1,Transition,0.9961
2020-04-23,sp500,-0.0005395676601955,0.0309660998201594,0.03956619202184,0.0180998969527274,0.958774409200998,-0.0001250591816833,0.0061183377395123,0.7826403865973905,1,Transition,0.9984
2020-04-24,sp500,0.0138220905668392,0.0282909273670467,0.0396226968181687,0.0179607406203151,0.9119430553373128,-0.0026488274725796,0.0037822507141419,0.7140081225888228,1,Transition,1.0
2020-04-27,sp500,0.0146068681817359,0.0269083048133474,0.0396774441970188,0.0121001634061488,0.8891525095616363,0.0038811152868371,0.00622598640031,0.678176363369926,1,Transition,1.0
2020-04-28,sp500,-0.0052561701904836,0.026258644218059,0.0396264043443513,0.021107828019827,0.9728998343928628,0.0090609042960065,0.0043148483622871,0.6626552333608886,1,Transition,1.0
2020-04-29,sp500,0.026236704045073,0.0262308425114891,0.0397770079221205,0.0145262969578744,1.13539372499534,0.0097739849885938,0.0064337991039615,0.6594473511644352,1,Transition,1.0
2020-04-30,sp500,-0.0092551433190548,0.0236134503554377,0.039728910519388,0.0131985806726674,1.1126740162877613,0.0080308698568219,0.0082283600746481,0.5943644073479978,1,Transition,1.0
2020-05-01,sp500,-0.0284602110147759,0.0247134955967183,0.0398342462292031,0.0167731703791458,0.8210831519604401,-0.000425590459501,0.0056767166710613,0.6204082651525231,1,Transition,1.0
2020-05-04,sp500,0.0042408225788494,0.0242241667290048,0.0398367938798472,0.0163187251516099,0.8266681934187791,-0.0024987995800783,0.006651400841301,0.6080852490807366,1,Transition,1.0
2020-05-05,sp500,0.0089999351977798,0.0194953328942408,0.0398636951834651,0.012090171782932,0.9072552408904756,0.0003524214975742,0.0037029853939485,0.4890498185007004,1,Transition,1.0
2020-05-06,sp500,-0.0070038803990425,0.0196097500165518,0.0398470138156886,0.0152576538116321,0.8802962647094411,-0.0062956953912488,0.0034330083264145,0.4921259622428982,1,Transition,1.0
2020-05-07,sp500,0.0114389557548908,0.0184143862853252,0.039885138348276,0.0088296647994797,0.9376733369587644,-0.0021568755764597,0.0023304875545948,0.4616854058404235,1,Transition,1.0
2020-05-08,sp500,0.0167307950652262,0.0185025201549639,0.0399465290686852,0.0099938660689785,0.9077010870845038,0.0068813256395407,0.0024478537926711,0.4631821734286381,1,Transition,1.0
2020-05-11,sp500,0.0001330693667907,0.0182752753295852,0.0399477388284695,0.0139274447765541,0.9014139245019808,0.006059774997129,0.0029623102332445,0.4574795937276184,1,Transition,1.0
2020-05-12,sp500,-0.0207133657720476,0.0178293772501972,0.0400136927189872,0.026559857203276,0.9619656934859976,0.0001171148031635,0.0004209139660268,0.4455819005611761,1,Transition,1.0
2020-05-13,sp500,-0.01761699662428,0.0175453466135576,0.0400598579136023,0.0287198546930407,1.1457223033531978,-0.0020055084418839,0.0006539007684312,0.4379782537271577,1,Transition,1.0
2020-05-14,sp500,0.0114589178040714,0.0176778348184595,0.0400913020375878,0.0302051380368098,1.0483792422345937,-0.0020015160320478,0.0009368547666577,0.4409394038109714,1,Transition,1.0
2020-05-15,sp500,0.003918675203723,0.0166554586079874,0.0401006013807518,0.0168418414258146,1.024594300039615,-0.0045639400043484,-0.0001892580742221,0.4153418660694209,1,Transition,1.0
2020-05-18,sp500,0.0310152087700734,0.0174797857016691,0.0403215384524867,0.0183587117015442,1.173195026345335,0.001612487876308,0.0022636446450489,0.4335098900620218,1,Transition,1.0
2020-05-19,sp500,-0.0105397477115992,0.0159459266045384,0.0401183636204369,0.0143211506635031,0.9186161624641316,0.0036472114883977,0.0032944130212855,0.3974720094619053,1,Transition,1.0
2020-05-20,sp500,0.0165139906134157,0.0156079884525017,0.0400010417045827,0.0089716198580068,0.9231723474342968,0.0104734089359368,0.0029865475228494,0.3901895497564923,1,Transition,1.0
2020-05-21,sp500,-0.0078039683099536,0.0157779658734128,0.0400093928248319,0.0135424100675849,0.924663267367002,0.0066208317131318,0.0026233274903615,0.3943565437868931,1,Transition,1.0
2020-05-22,sp500,0.0023509456868123,0.0155563872042287,0.0395868031668751,0.0078397273707216,0.7475979204711144,0.0063072858097497,0.0020497702463602,0.3929690189594731,1,Transition,1.0
2020-05-26,sp500,0.0122142850214605,0.0154636635263302,0.0396037382773433,0.0112141135879761,1.0944622847005456,0.0025471010600271,0.0019301410883464,0.3904596939318928,1,Transition,1.0
2020-05-27,sp500,0.0147184474903143,0.0156193559856373,0.0392141066042873,0.0219028837917823,1.1894267067380893,0.0075987401004098,0.0029288719723863,0.3983096221789152,1,Transition,1.0
2020-05-28,sp500,-0.0021101393249195,0.0146490178747298,0.0390398654435505,0.0149419320609706,1.0240432130737145,0.0038739141127428,0.0015115298038867,0.3752322839306783,1,Transition,1.0
2020-05-29,sp500,0.0048007935523079,0.014440987550049,0.0386696795978127,0.0166079714220961,1.3623068200093733,0.0063948664851951,0.0022143266474548,0.3734447169007791,1,Transition,1.0
2020-06-01,sp500,0.0037442164783643,0.0125065400819095,0.0384133149831621,0.0100270288192888,0.8750587873758109,0.0066735206435055,0.0038245480221118,0.3255782555447666,1,Transition,1.0
2020-06-02,sp500,0.0081773072823986,0.0125443545378791,0.0383584340180681,0.0095527084114725,0.9667248476736168,0.0058661250956931,0.0040213722572893,0.3270298920954461,1,Transition,1.0
2020-06-03,sp500,0.0135566708125639,0.0126801822630948,0.0369375446482594,0.0102598051984805,1.1081796142750486,0.005633769760143,0.0042492090380285,0.3432870913278846,1,Transition,1.0
2020-06-04,sp500,-0.0033743890836089,0.0125358055361472,0.0364439890298363,0.012370073671658,1.1735511542341808,0.0053809198084052,0.0044306836038002,0.343974572209542,1,Transition,1.0
2020-06-05,sp500,0.0258740128216358,0.0133496775717748,0.0359449005145572,0.0149908995617526,1.5236152605606423,0.0095955636622707,0.0051524364571374,0.3713928090124593,1,Transition,1.0
2020-06-08,sp500,0.011969656405806,0.0131736311819461,0.0333460756186256,0.011486820602228,1.452358991738184,0.0112406516477591,0.0049143795241664,0.3950579172377301,1,Transition,1.0
2020-06-09,sp500,-0.0078297434197219,0.013443307932623,0.0314823316305815,0.0092292462994064,1.0809303825011125,0.0080392415073349,0.0045162388848408,0.4270111912411327,1,Transition,1.0
2020-06-10,sp500,-0.005327255735182,0.0123165546518398,0.0264497310919346,0.0130966135353739,1.098914403056571,0.0042624561977857,0.0052855443866841,0.4656589743400273,1,Transition,1.0
2020-06-11,sp500,-0.0607526929962889,0.0186741319084638,0.0268366199769442,0.0413177559133816,1.1633505849757384,-0.0072132045847502,0.0031287595680836,0.6958451520536925,2,Stress/Bear,0.9999
2020-06-12,sp500,0.0129762866052117,0.0187127988571092,0.0258340660846956,0.0341793336322767,0.9647522216312636,-0.009792749828035,0.0032046280081406,0.7243458616138948,1,Transition,0.532
2020-06-15,sp500,0.0082778608181752,0.0187469094758971,0.0258399327164012,0.0372074827042614,0.9482981756293852,-0.0105311089455611,0.0034225872888632,0.7255014818207327,2,Stress/Bear,0.8249
2020-06-16,sp500,0.0187848528667105,0.0179834032348762,0.0251128174417584,0.0247668263023446,0.9670506403775624,-0.0052081896882746,0.0028110694936951,0.7161045659883951,1,Transition,0.9931
2020-06-17,sp500,-0.0036067962326294,0.0177781569642673,0.0247226096165816,0.0106407545604494,0.7570726391811673,-0.0048640977877641,0.0031577170676436,0.719105193180876,1,Transition,0.9991
2020-06-18,sp500,0.0005940434038017,0.0175029389705719,0.0221196610977854,0.0085030813609538,0.7419479115938065,0.0074052494922539,0.0023617197071629,0.7912842286866836,1,Transition,0.9972
2020-06-19,sp500,-0.0056655135656737,0.0174440024246976,0.0221324954293694,0.0233783087358215,1.3539949921010943,0.0036768894580768,0.0024686424443769,0.7881624772211523,1,Transition,0.962
2020-06-22,sp500,0.0064740932966583,0.0174668874068033,0.0208435328912705,0.0133200425503425,0.7558868968734018,0.0033161359537735,0.0026747998248692,0.8380003283473443,1,Transition,0.9963
2020-06-23,sp500,0.0042981691914837,0.0173284847087856,0.0202666139776166,0.0088716742332074,0.7669750100941324,0.0004187992187281,0.0022789940333703,0.8550261394391782,1,Transition,0.9948
2020-06-24,sp500,-0.0261952655956623,0.0181769057162621,0.020246798205154,0.0271708716205789,0.9171405893219104,-0.0040988946538784,0.0002333083790715,0.8977669225564253,1,Transition,0.7422
2020-06-25,sp500,0.0108998277282181,0.0183208510097216,0.0201255739762748,0.0201831498032512,0.7981788897820312,-0.0020377377889951,0.0008838067317284,0.9103268821708804,1,Transition,0.9748
2020-06-26,sp500,-0.0245252042748311,0.0191458287333367,0.0194553427436068,0.0229640905052945,1.3261223957724242,-0.0058096759308266,-0.0005824931596285,0.9840910533240604,2,Stress/Bear,0.9161
2020-06-29,sp500,0.0145788881135335,0.0194259321529178,0.0193481099592431,0.0177352263552637,0.73302396696422,-0.0041887169674515,-4.075957787004593e-05,1.0040222116702162,1,Transition,0.8813
2020-06-30,sp500,0.0152923494357555,0.0196482306395676,0.0192572326095003,0.0205399916905455,0.7741313446330063,-0.0019898809185972,0.0003149925297977,1.0203039573751855,1,Transition,0.8386
2020-07-01,sp500,0.0050095639758705,0.0194368758097122,0.0173107947131298,0.008752003809893,0.7414071660488731,0.0042510849957093,-0.0001123628120368,1.1228182259575767,1,Transition,0.9465
2020-07-02,sp500,0.0045309704768169,0.0194474266688251,0.0173035781035539,0.0131916635837186,0.7128816179246492,0.002977313545429,0.0002829051659844,1.1238962573198024,1,Transition,0.9659
2020-07-06,sp500,0.0157569308321632,0.0188697315249116,0.0169161558303365,0.0085856770657977,0.8357649723165453,0.0110337405668279,-0.0002229489334892,1.11548579441859,1,Transition,0.8707
2020-07-07,sp500,-0.0108774778696435,0.0187841315634741,0.0169277056893493,0.0131051752467995,0.8314490969715957,0.0059424673701925,-0.0013653056472616,1.109667896417454,1,Transition,0.9241
2020-07-08,sp500,0.0077969862634302,0.0188260419808046,0.0168677739835999,0.0111263999265561,0.910212870803884,0.0044433947357274,-0.000583969163104,1.116095223893126,1,Transition,0.9671
2020-07-09,sp500,-0.0056595914761946,0.0188305951056217,0.016496035695528,0.0203296512213769,0.9076309186838664,0.0023095636453144,-0.0006005859501546,1.141522451404891,1,Transition,0.9716
2020-07-10,sp500,0.010411809774443,0.0125383883867037,0.0162283009539929,0.0158868011188782,0.8682117910261299,0.0034857315048396,0.0029576391883818,0.7726248374521726,1,Transition,0.9994
2020-07-13,sp500,-0.0094066452160588,0.0125958742917672,0.0162904937945602,0.0272216002422201,0.9493889607515572,-0.0015469837048047,0.0018384925973183,0.7732039587390084,1,Transition,0.9932
2020-07-14,sp500,0.0133173005829039,0.0127805211703614,0.0160429019830986,0.0229209007652262,0.8835333571509434,0.0032919719857047,0.0020904645855548,0.7966464660711589,1,Transition,0.9956
2020-07-15,sp500,0.009041056936355,0.0122868217001269,0.0158557866602622,0.0116284894283364,0.9293146962659606,0.0035407861202897,0.001603274789037,0.7749108866935093,1,Transition,0.9997
2020-07-16,sp500,-0.0034119152141152,0.0122825489256523,0.0152591243161593,0.0067794525462237,0.792363050288406,0.0039903213727055,0.0016130188399627,0.8049314410949002,1,Transition,0.9996
2020-07-17,sp500,0.0028445625875835,0.0122830313019796,0.015032037738597,0.0086426204228884,0.8038324993234374,0.0024768719353336,0.0017255447991518,0.8171235008571764,1,Transition,0.9996
2020-07-20,sp500,0.0083717972551403,0.0122394464196824,0.0150469405591749,0.0133617257116369,0.833582349757734,0.0060325604295735,0.0024274103401925,0.8134176094833746,1,Transition,0.9995
2020-07-21,sp500,0.00167762933456,0.0122029184383006,0.0149736492423549,0.0090627265185073,0.955809683828978,0.0037046261799047,0.0021875871420876,0.8149595493250307,1,Transition,0.9995
2020-07-22,sp500,0.0057306305944738,0.0122201497812753,0.0148936735299755,0.0080036051510078,0.8992879516581831,0.0030425409115285,0.0022592102122371,0.8204926579517565,1,Transition,0.9995
2020-07-23,sp500,-0.0123963784122468,0.010840755879919,0.0149821659782741,0.0177182026795967,0.918111699644252,0.0012456482719021,0.0029491545714078,0.7235773449339337,1,Transition,0.9996
2020-07-24,sp500,-0.0062096400242761,0.0108553925318075,0.0146763357892579,0.0084617825835419,0.7982137058118601,-0.0005651922504697,0.0020936811837831,0.7396527776199375,1,Transition,0.9999
2020-07-27,sp500,0.0073679288214823,0.0089069618587839,0.0146267521590553,0.008390395898655,0.8992355056593055,-0.0007659659372013,0.0036883378385988,0.6089500773601153,1,Transition,1.0
2020-07-28,sp500,-0.0064944354186463,0.0087966080759808,0.0141234361928636,0.0085600630521902,0.9224001867020742,-0.0024003788878426,0.0026346716619898,0.6228376689537908,1,Transition,1.0
2020-07-29,sp500,0.0123517833517425,0.0085962019328236,0.0141825832988631,0.011514718762948,1.0217706371110236,-0.0010761483363888,0.0024876433577892,0.6061097440205172,1,Transition,1.0
2020-07-30,sp500,-0.0037573017634548,0.0086839095759632,0.0141756759302795,0.0144136994673116,0.975157928817166,0.0006516669933695,0.0020493000708229,0.6125922755763773,1,Transition,1.0
2020-07-31,sp500,0.0076412362421762,0.0087582226009575,0.0141429740002069,0.015869154983525,1.1344501738649166,0.00342184224666,0.0022048133590909,0.6192631479651621,1,Transition,0.9999
2020-08-03,sp500,0.0071553626643586,0.008254413496023,0.0141068560485918,0.0055241593325035,1.0092977611886,0.0033793290152352,0.0017747349507006,0.5851348782173924,1,Transition,1.0
2020-08-04,sp500,0.0036054230261335,0.0077028932013737,0.0139794472573262,0.0061908086298447,1.0055076072265947,0.0053993007041912,0.0024988799954895,0.5510155773388586,1,Transition,1.0
2020-08-05,sp500,0.0064091604355179,0.0076587781416265,0.013988597006735,0.0040266912271892,1.037750269559789,0.0042107761209463,0.0024294887040939,0.5475015212704392,1,Transition,1.0
2020-08-06,sp500,0.0064071260206648,0.0074607353480247,0.013672870767419,0.0098204139491312,0.9855080274500374,0.0062436616777702,0.0030328245789368,0.5456597575545629,1,Transition,1.0
2020-08-07,sp500,0.0006328292699566,0.0072696847058044,0.0134167164109468,0.0071077523069215,0.9511439563226776,0.0048419802833263,0.0025438755537125,0.541837844904662,1,Transition,1.0
2020-08-10,sp500,0.0027384652733919,0.0067041453467025,0.0133693215079718,0.0082875603409789,1.0082708627165389,0.0039586008051329,0.0031511310781851,0.5014574107373344,1,Transition,1.0
2020-08-11,sp500,-0.0080010554013772,0.0066974558309664,0.0134397557767837,0.0163692692837402,1.1320900895551194,0.0016373051196308,0.002085213278971,0.4983316618398563,1,Transition,1.0
2020-08-12,sp500,0.0138995022936135,0.0070422627079887,0.0129993907296962,0.0095936606279657,0.8843921461241597,0.0031353734912499,0.0023281355468339,0.5417379056005377,1,Transition,1.0
2020-08-13,sp500,-0.0020492726761566,0.0069902055432333,0.0129036932023621,0.00708178117294,0.811279056256676,0.0014440937518856,0.0023962676737319,0.5417213067305221,1,Transition,1.0
2020-08-14,sp500,-0.000171897396279,0.0070125303232356,0.0127732607085277,0.005001739389255,0.7622796785050451,0.0012831484186384,0.0022454446745387,0.5490007980933107,1,Transition,1.0
2020-08-17,sp500,0.0027061775074234,0.0068649037467735,0.0127068804151299,0.0024749089180243,0.829405120369122,0.0012766908654447,0.0019621636871529,0.540250913087969,1,Transition,1.0
2020-08-18,sp500,0.0023007404198168,0.0068649584145316,0.0127068777237902,0.0073486055244614,0.8890039378982459,0.0033370500296836,0.0019933192414157,0.54025532973209,1,Transition,1.0
2020-08-19,sp500,-0.004414123345182,0.0069485608103131,0.0126679274251241,0.0088537641935195,0.8978008213354454,-0.0003256750980754,0.0014860815444329,0.5485159945368889,1,Transition,1.0
2020-08-20,sp500,0.0031536547683461,0.0061358968750777,0.0125587682305458,0.0106660761060265,0.8461175285715465,0.000714910390825,0.0022635832034626,0.4885747361874076,1,Transition,1.0
2020-08-21,sp500,0.0034351999829724,0.005804995153191,0.0125497915826148,0.006078578247124,0.8663288117524769,0.0014363298666753,0.002745825203825,0.4625570962654559,1,Transition,1.0
2020-08-24,sp500,0.0099936153649035,0.0059430778607433,0.0125879285281393,0.0055256944686062,0.9278556600122272,0.0028938174381713,0.0028771095309961,0.4721251671756857,1,Transition,1.0
2020-08-25,sp500,0.0035898997455401,0.0055187757942647,0.0125875806918071,0.0053344655977553,0.903929983021022,0.003151649303316,0.0033813262892054,0.4384302217706384,1,Transition,1.0
2020-08-26,sp500,0.0101440013448414,0.0053493816563849,0.0126065074037136,0.0106131163450202,0.9502843478060872,0.0060632742413207,0.0032709371888603,0.4243349474263715,1,Transition,1.0
2020-08-27,sp500,0.0016716460318091,0.0051061867208406,0.012515277170981,0.0094789240198625,0.9982404135595906,0.0057668724940133,0.0035423845786235,0.4079962953341727,1,Transition,1.0
2020-08-28,sp500,0.0067100028495702,0.0050709678018611,0.0125119625686965,0.0071008668846527,0.99042425943032,0.0064218330673329,0.0034958229089932,0.4052895598127954,1,Transition,1.0
2020-08-31,sp500,-0.0021973751755085,0.0051464150141318,0.0121226859135819,0.0061480323659943,1.114549496472914,0.0039836349592504,0.0030281860169999,0.4245276212564374,1,Transition,1.0
2020-09-01,sp500,0.0074968314207059,0.0052420596528194,0.012071021908388,0.0094792317259527,1.0555250236473954,0.0047650212942836,0.0032227564367285,0.4342680920143821,1,Transition,1.0
2020-09-02,sp500,0.0152490501438697,0.0058610039828593,0.0121377616319904,0.0147675198152384,1.1089061064259602,0.0057860310540893,0.0036647509221461,0.4828735446090826,1,Transition,1.0
2020-09-03,sp500,-0.0357575941421853,0.0105391088056379,0.013044103097959,0.0397793911584896,1.257699418639561,-0.0016998169807095,0.0015565149140036,0.807959637124227,2,Stress/Bear,0.992
2020-09-04,sp500,-0.0081662807542751,0.0107610208317886,0.010274736453882,0.037794436178886,1.1317944140038243,-0.0046750737014786,0.001116559412792,1.0473281606870677,2,Stress/Bear,0.9473
2020-09-08,sp500,-0.0281488290864667,0.0125788522513192,0.0108969541942567,0.015216802077669,1.191404874442393,-0.0098653644836703,-0.0004278053052009,1.1543457031276638,2,Stress/Bear,0.7219
2020-09-09,sp500,0.0199447606621803,0.0132286806649177,0.0111213593565017,0.0170434286682938,1.0102131840819983,-0.0073757786353754,0.0009694854979769,1.189484148552758,2,Stress/Bear,0.5411
2020-09-10,sp500,-0.0177412459253955,0.0134903691557742,0.0111707298195001,0.0288393444272204,1.0751162033540496,-0.0139738378492284,-0.0006125519129734,1.2076533381216283,2,Stress/Bear,0.7982
2020-09-11,sp500,0.0005329301580873,0.0134882516390183,0.0111538980392245,0.0175038928758891,0.9444879834639694,-0.0067157329891739,-0.0004834417712612,1.209285900909675,0,Calm/Bull,0.6761
2020-09-14,sp500,0.0126613350250229,0.0138053750357561,0.0112516075239312,0.0116357047921275,0.9695601818679735,-0.0025502098333143,0.0001582198498038,1.2269691247577943,0,Calm/Bull,0.7743
2020-09-15,sp500,0.0052057859304996,0.0138409245406896,0.011223784876515,0.0088880339006045,1.016847626741915,0.0041207131700789,0.0002832002709576,1.2331779959228186,0,Calm/Bull,0.9692
2020-09-16,sp500,-0.0046296468921518,0.013874468669317,0.0112328834109469,0.0131354606959113,1.1673406826972648,-0.0007941683407874,-6.331909464080064e-05,1.235165376665069,0,Calm/Bull,0.9279
2020-09-17,sp500,-0.0084479495285524,0.0139700349968748,0.0112969601569377,0.0138068857050744,1.0741604932882136,0.0010644909385811,-0.0002650104038093,1.2366189490626325,0,Calm/Bull,0.9007
2020-09-18,sp500,-0.0112455769478285,0.0141544011285159,0.0108389733952046,0.0210485763703716,1.661235169806856,-0.001291210482602,-0.000984971989618,1.3058802353715653,2,Stress/Bear,0.9506
2020-09-21,sp500,-0.0116385640272977,0.0143071467967253,0.0108948951002888,0.0172108921186062,1.117836938243639,-0.0061511902930661,-0.0017386601901315,1.3131972969933423,0,Calm/Bull,0.6654
2020-09-22,sp500,0.0104630163983761,0.0143277760142993,0.0104301413198551,0.0148873666983909,0.9162438362038162,-0.0050997441994908,-0.0017151901384579,1.3736895383214514,0,Calm/Bull,0.8563
2020-09-23,sp500,-0.0240073389143741,0.0150981589747163,0.0108003807017058,0.0280451884779065,1.0007473636575566,-0.0089752826039353,-0.0030950520714536,1.397928405647012,2,Stress/Bear,0.9541
2020-09-24,sp500,0.002983005554629,0.0148505536671576,0.010639494830591,0.0213300718986033,1.0419953856599062,-0.006689091587299,-0.0034531018609642,1.3957949981289377,2,Stress/Bear,0.4502
2020-09-25,sp500,0.0158504392241884,0.0154350109352313,0.0108035240978078,0.0237807771915338,0.8626636392514417,-0.0012698883528956,-0.0027441622013452,1.428701486245894,2,Stress/Bear,0.9221
2020-09-28,sp500,0.0159821918538544,0.015867126085065,0.0109677715020152,0.0083035199051525,0.8953007874679508,0.0042542628233347,-0.002280552751131,1.4467046548288929,2,Stress/Bear,0.7628
2020-09-29,sp500,-0.0048242827044439,0.0158772706211969,0.0108237717556926,0.0091081266146419,0.8362454086425203,0.0011968030027707,-0.0024118981275778,1.4668888978415953,2,Stress/Bear,0.5318
2020-09-30,sp500,0.0082198425683796,0.0159018230945961,0.0107552229903979,0.0157865262832664,1.0744083758071288,0.0076422392993215,-0.0023757475701941,1.4785210040547685,2,Stress/Bear,0.7441
2020-10-01,sp500,0.005278949564295,0.015470655287359,0.0107335998868633,0.0105862631760508,0.9265463037329588,0.0081014281012547,-0.0028742525991729,1.4413296052048068,2,Stress/Bear,0.6625
2020-10-02,sp500,-0.0096238128663708,0.0135288697391581,0.0107878105520171,0.013561667087613,0.9132745509821908,0.0030065776831428,-0.0015675635353821,1.2540885542922686,0,Calm/Bull,0.9709
2020-10-05,sp500,0.0178131090029009,0.0140972131931634,0.0109384352449655,0.0124098009787685,0.8557140099555843,0.0033727611129521,-0.0002685940475233,1.2887778624142556,0,Calm/Bull,0.9493
2020-10-06,sp500,-0.0140720643875232,0.0129355029581739,0.0110308023256924,0.022916009426629,1.034873074742292,0.0015232047763363,0.0004352441874237,1.1726710874008754,1,Transition,0.7664
2020-10-07,sp500,0.0172471637702415,0.0127338608987144,0.0111161960006582,0.0121949652242541,0.8876813975976116,0.0033286690167087,0.0003003643428268,1.1455232435592586,0,Calm/Bull,0.9668
2020-10-08,sp500,0.0079782128948692,0.0120988215685088,0.011104197262419,0.0055500638324275,0.903573559556133,0.0038685216828235,0.00158633728384,1.0895719233533383,0,Calm/Bull,0.9884
2020-10-09,sp500,0.0087550951807528,0.0122004085499208,0.0111314555574317,0.0069798800971608,0.9189223318659802,0.0075443032922482,0.0019974455349733,1.0960299384904215,0,Calm/Bull,0.9812
2020-10-12,sp500,0.0162825301583242,0.0123923551515594,0.0112969455414727,0.0142152980433699,0.8042714573007598,0.0072381875233329,0.0021785052916384,1.0969651138057903,0,Calm/Bull,0.8166
2020-10-13,sp500,-0.0063268916291632,0.0125118177272833,0.011305376481039,0.009439226575988,0.849753264229355,0.0087872220750049,0.0016018714136552,1.1067139381220648,0,Calm/Bull,0.875
2020-10-14,sp500,-0.0066451720840594,0.0125726203418424,0.0113514104333548,0.0135839427745732,0.9172586577130472,0.0040087549041447,0.0015010951540599,1.1075822177039083,0,Calm/Bull,0.9254
2020-10-15,sp500,-0.001528923514213,0.0123781401968534,0.0113403742652585,0.0138344762012764,0.8923637378625366,0.0021073276223282,0.0018470464547768,1.091510730362231,0,Calm/Bull,0.9532
2020-10-16,sp500,0.0001349104566304,0.0120004113687423,0.0112036165150215,0.0101354717966464,1.156286627019049,0.0003832906775037,0.0024160708249998,1.0711194329663476,0,Calm/Bull,0.9505
2020-10-19,sp500,-0.0164646635149426,0.012341569451361,0.0113956373471412,0.0240711753163002,1.0184075240697068,-0.0061661480571495,0.0021747658506175,1.0830082667080558,1,Transition,0.9236
2020-10-20,sp500,0.0047161953200011,0.0122045825364959,0.0113758862564708,0.0119891342421694,0.9759730304263394,-0.0039575306673167,0.0018874247966988,1.072846744538583,0,Calm/Bull,0.7849
2020-10-21,sp500,-0.0021981140115702,0.010643642995435,0.0113412767180428,0.0092561469704422,1.025844586529859,-0.0030681190528188,0.002977886041839,0.938487196816392,0,Calm/Bull,0.7332
2020-10-22,sp500,0.0052053540034913,0.0106552933071105,0.011258200972701,0.0130852967676281,1.04850022894774,-0.001721263549278,0.0030890034642821,0.9464472461406274,0,Calm/Bull,0.7165
2020-10-23,sp500,0.0034398383203894,0.0102257104384588,0.0112453250797016,0.0075056517655721,0.919453982922016,-0.0010602779765261,0.0024684734190921,0.9093299096276728,0,Calm/Bull,0.9128
2020-10-26,sp500,-0.018764472985322,0.0107473101081627,0.011498404489719,0.0225111703756963,1.0070853366934631,-0.001520239870602,0.0007311401771333,0.9346783823592336,1,Transition,0.9603
2020-10-27,sp500,-0.0030302053504455,0.0107059080535405,0.0114758816647281,0.0061344772280114,0.9933085039631816,-0.0030695200046913,0.0008208440448332,0.932905058305523,0,Calm/Bull,0.8739
2020-10-28,sp500,-0.0359255421085777,0.0133294763282787,0.0123915843693421,0.0224975274551189,1.2820567502989093,-0.0098150056240928,-0.0013864251890145,1.0756878161001795,2,Stress/Bear,0.6554
2020-10-29,sp500,0.0118765249399974,0.0135823532377346,0.0124607674883041,0.0245399632739157,1.212524859998388,-0.0084807714367916,-0.0010565464202294,1.0900093634267092,1,Transition,0.8548
2020-10-30,sp500,-0.0122037134452599,0.0136799018040341,0.0125277851019563,0.0217097429578379,1.1830700329452153,-0.0116094817899215,-0.0011855414491739,1.0919649158012683,1,Transition,0.9022
2020-11-02,sp500,0.0122429508905916,0.0133248460215089,0.0126332109193339,0.015225452683925,1.0458659089027764,-0.0054079970147388,-0.0014640493547893,1.0547473723498504,1,Transition,0.7325
2020-11-03,sp500,0.0176427376840778,0.0136290995624927,0.0128369628544176,0.0158021559151943,1.0307443416816713,-0.0012734084078341,0.0001216907487906,1.0617074861911369,1,Transition,0.7509
2020-11-04,sp500,0.0218075256550917,0.0139647083508305,0.0130946005731732,0.0235462443093716,1.150528015839935,0.0102732051448997,0.0003497088430331,1.066447828843278,1,Transition,0.8841
2020-11-05,sp500,0.0192732657767012,0.0145073058348363,0.0132054332188372,0.0123374664775642,1.1530841675608845,0.0117525533122405,0.0009144614871247,1.0985861345421135,1,Transition,0.9464
2020-11-06,sp500,-0.0002877565853738,0.0143905262372178,0.013201334448182,0.01061137698782,1.1372355846713234,0.0141357446842177,0.0004623188988184,1.0900811803309465,1,Transition,0.8758
2020-11-09,sp500,0.0116319747463441,0.0141571228240914,0.0132764846059507,0.0277453907240177,1.8982997163794468,0.0140135494553682,0.0002297911282194,1.066330677455541,2,Stress/Bear,0.9986
2020-11-10,sp500,-0.0014007752208676,0.0140796862501792,0.0132773684494048,0.0127794880368664,1.3022584347131734,0.0102048468743791,0.0004760969486342,1.0604274712893391,1,Transition,0.8974
2020-11-11,sp500,0.0076227283629914,0.0140613261183861,0.0133053992979257,0.0067624438663993,0.9915623637702284,0.007367887415959,0.0011894919709867,1.056813538890056,1,Transition,0.5556
2020-11-12,sp500,-0.0100286515470693,0.0142746400901342,0.0133628521748848,0.0142606159629139,1.037048756178762,0.0015075039512049,0.0007645055693439,1.068233031639987,1,Transition,0.6697
2020-11-13,sp500,0.013518546706294,0.014554533990096,0.0134606670530752,0.0114611229290964,0.9965668174108114,0.0042687646095385,0.0014336873818271,1.0812639472254784,1,Transition,0.6892
2020-11-16,sp500,0.0115807349228326,0.0140827238767879,0.0135270188354681,0.0078165982456845,1.1041374478074244,0.0042585166448362,0.0028359573037158,1.0410811168431795,1,Transition,0.8014
2020-11-17,sp500,-0.0048034437846475,0.0141763945783197,0.0134968066050747,0.0095386866162066,0.994092477302714,0.0035779829320802,0.0023599753484834,1.0503517604667734,1,Transition,0.709
2020-11-18,sp500,-0.0116312106474813,0.0144894899167718,0.0135870671308255,0.014507582901158,1.078572384145987,-0.0002728048700143,0.0018883205166879,1.0664177763498996,1,Transition,0.9135
2020-11-19,sp500,0.0039386756907327,0.0144769909355395,0.0135366376011985,0.0115525916514783,0.8887813850410998,0.0025206605775461,0.0018249866010499,1.0694672755557595,1,Transition,0.5645
2020-11-20,sp500,-0.0068157373729185,0.0145979046576536,0.0135683569162236,0.0068530171255429,0.8578037989735399,-0.0015461962382964,0.0013122078163845,1.0758785863157043,1,Transition,0.9159
2020-11-23,sp500,0.0056201081818496,0.013830995114131,0.0135604191387501,0.0103533490848693,1.0132547233080642,-0.0027383215864929,0.0025314368747431,1.0199533637280953,1,Transition,0.919
2020-11-24,sp500,0.0160324588140317,0.014082106156035,0.0137063333146999,0.0131457085219781,1.2296729084043674,0.0014288589332428,0.003484570082967,1.0274160005237918,1,Transition,0.9589
2020-11-25,sp500,-0.0015856747555094,0.0107149616923145,0.0136793504331088,0.004887521031414,0.9636233386713806,0.0034379661116372,0.0052015634506204,0.7832946267960654,1,Transition,0.9994
2020-11-27,sp500,0.0023941110259011,0.0106133692919977,0.0135441104014862,0.004117245472996,0.5568881178801536,0.0031290531786709,0.0047274427549156,0.7836150900566411,1,Transition,0.9987
2020-11-30,sp500,-0.004606140636972,0.0100989684722534,0.0127112826583707,0.0109867767690274,1.2461403863297724,0.0035709725258602,0.00510732139533,0.7944885456231289,1,Transition,0.9965
2020-12-01,sp500,0.0112081406615929,0.0100630731041327,0.0127261216220767,0.008895639372205,1.0588038393773893,0.0046885790218088,0.00505558088388,0.7907415474228764,1,Transition,0.9967
2020-12-02,sp500,0.0017895645286042,0.0096346620874526,0.0121326575349236,0.0071190519996819,0.9774520498330406,0.0018400001647233,0.0042629222261064,0.7941097867239278,1,Transition,0.916
2020-12-03,sp500,-0.0006243520802942,0.0087497983164047,0.0118939663339054,0.0069708237329202,0.9795120713617048,0.0020322646997664,0.0031413283393371,0.7356501667120249,1,Transition,0.9233
2020-12-04,sp500,0.0087974637151868,0.0080160555382135,0.0116665141411828,0.0076396572347889,0.9838439815853126,0.0033129352376235,0.0026175382362613,0.6870994575763475,1,Transition,0.9761
2020-12-07,sp500,-0.0019375134389632,0.0080559146441484,0.0116750810357947,0.0050190222789332,0.9272474992350136,0.0038466606772253,0.0025350503935819,0.690009312950352,1,Transition,0.9699
2020-12-08,sp500,0.0027832711701704,0.0077678489112338,0.011586701298789,0.0080005059212303,0.9201614119663194,0.0021616867789408,0.0020926152147732,0.6704107330397605,1,Transition,0.9699
2020-12-09,sp500,-0.0079809649484717,0.0080575507352594,0.0116401648746737,0.0141171776865143,1.058858643140072,0.0002075808835256,0.001763605728393,0.69221963967115,1,Transition,0.9819
2020-12-10,sp500,-0.0012859345277717,0.0079622812030617,0.0116193753331318,0.0090810113429111,0.942426277105872,7.526439403013779e-05,0.0013181725838548,0.6852589726022362,1,Transition,0.9516
2020-12-11,sp500,-0.0012657980842328,0.0075346484697479,0.0115536797502245,0.0088741272218805,0.8899813408757675,-0.0019373879658538,0.0017563152569966,0.652142748685889,1,Transition,0.9816
2020-12-14,sp500,-0.0043687882451469,0.0071149086999087,0.0114592675614769,0.0141933273757725,0.941418994925253,-0.0024236429270905,0.0008619485094246,0.6208868639935788,1,Transition,0.9965
2020-12-15,sp500,0.0128384820222186,0.0072194272508326,0.0114166643093103,0.0096545573681749,0.9015498586306412,-0.0004126007566809,0.0009248358643939,0.6323587218856164,1,Transition,0.9964
2020-12-16,sp500,0.001771225620323,0.0070934526548423,0.0113621960001683,0.006133182656033,0.8422296895367296,0.001537837357078,0.0012535693346424,0.6243029652663309,1,Transition,0.9875
2020-12-17,sp500,0.0057411428089832,0.0064687718188083,0.0108531275258089,0.0038280931193095,0.878204778442227,0.002943252824429,0.0021221870074657,0.596028361725728,1,Transition,0.9396
2020-12-18,sp500,-0.0035172969521487,0.0065725895714667,0.0108789062885278,0.011015192240648,1.4451485578345518,0.0024929530508458,0.0017493883753216,0.6041590392590913,1,Transition,0.9374
2020-12-21,sp500,-0.0039139284869094,0.0064034139491632,0.0107577766405185,0.0179760111935781,0.9619143241184432,0.0025839250024933,0.001894478819622,0.5952358152747966,1,Transition,0.9985
2020-12-22,sp500,-0.0020752446917703,0.0063989635743946,0.0106084525238888,0.0059936369004947,0.8295115721111829,-0.0003988203403044,0.001509711175941,0.6031948165846962,1,Transition,0.7334
2020-12-23,sp500,0.0007455332718186,0.0054094324344026,0.0105756846069339,0.0059511927825081,0.7937202354386647,-0.0006039588100053,0.0007453648988304,0.5114971404173603,1,Transition,0.9764
2020-12-24,sp500,0.0035303499794869,0.0054143616844943,0.0105438411777165,0.0039156804833207,0.4086297763640371,-0.0010461173759045,0.0010011661355802,0.5135094121046822,1,Transition,0.9702
2020-12-28,sp500,0.0086847075384115,0.0056759365995368,0.0105730795764541,0.0046795971381764,0.7606664206028363,0.0013942835222074,0.0013156959612057,0.5368290816780567,1,Transition,0.9631
2020-12-29,sp500,-0.0022298648272786,0.0055693209811497,0.0104820052727887,0.0088032482210743,0.7537144696923507,0.0017310962541336,0.0014345097516904,0.5313220930738976,1,Transition,0.9349
2020-12-30,sp500,0.0013406480950792,0.0050728688343532,0.0102686478612913,0.0038638175700339,0.718823452211803,0.0024142748115035,0.0009411351233647,0.4940152688920131,1,Transition,0.928
2020-02-20,dax,-0.00910653581339,0.011310531460782,0.0085928786959144,0.0091049587419496,0.984733224042838,-0.0011883490900277,0.0010187244323559,1.3162680239114442,0,Calm/Bull,0.9995
2020-02-21,dax,-0.0062158476402347,0.0109905399611567,0.0086364544257002,0.0138983637384311,1.224639822496843,-0.0024137704543461,9.759867728304211e-06,1.2725754597223629,0,Calm/Bull,0.9996
2020-02-24,dax,-0.0408923122421272,0.0129521461841916,0.0101226213158299,0.019519427729189,1.7950737153588685,-0.0111688032515278,-0.0006460807645093,1.2795249155410804,2,Stress/Bear,1.0
2020-02-25,dax,-0.0189545328021843,0.013359881390159,0.0104061687031911,0.027628329824511,1.379868936815258,-0.0134639967521479,-0.0020420870831294,1.2838424756713878,2,Stress/Bear,0.989
2020-02-26,dax,-0.0012212108356729,0.0133343001681514,0.0103904580177958,0.0376614200368964,1.658165580428488,-0.0152780878667218,-0.0021830524665246,1.2833216923944668,2,Stress/Bear,1.0
2020-02-27,dax,-0.0324119068533926,0.0147461553742759,0.0111673100551968,0.0308867168829745,1.8530846267227905,-0.0199391620747224,-0.0030947119598241,1.3204751458847217,2,Stress/Bear,1.0
2020-02-28,dax,-0.0393417127541668,0.0167103832312563,0.0122071445777144,0.0239244207199936,2.461064145425764,-0.0265643350975088,-0.004391716836765,1.368901885684476,2,Stress/Bear,1.0
2020-03-02,dax,-0.0027353218735881,0.0165748754648967,0.0119519711815279,0.0419105388784924,1.7578597579561284,-0.018932937023801,-0.0047713862171791,1.3867901129575697,2,Stress/Bear,1.0
2020-03-03,dax,0.0106965866553213,0.0161232348041857,0.0120478097883723,0.0305513573288571,1.5848489243280148,-0.0130027131322998,-0.0051350899254002,1.3382710291248685,2,Stress/Bear,0.9985
2020-03-04,dax,0.011802924617435,0.0159481714940963,0.0120519093807904,0.0223109321345014,1.1771090729763565,-0.0103978860416782,-0.0052795956523942,1.3232900273475492,2,Stress/Bear,0.6759
2020-03-05,dax,-0.0152019864766804,0.0158146615287114,0.0121665659114586,0.030380758757404,1.1634975906998133,-0.0069559019663358,-0.006396365612161,1.2998459584899733,1,Transition,0.5061
2020-03-06,dax,-0.0343080136749428,0.0169876666962361,0.0128091464584581,0.0279546911190785,1.4700286595235117,-0.005949162150491,-0.0078865395287565,1.3262137919438637,2,Stress/Bear,0.9963
2020-03-09,dax,-0.082769750121895,0.0237517482924917,0.0165011298742888,0.0412780491212332,2.106846426465957,-0.0219560478001523,-0.0119517916316291,1.439401330299236,2,Stress/Bear,1.0
2020-03-10,dax,-0.0141732879133279,0.0231911136879984,0.0165580805042787,0.0580774393203182,1.7471190589472547,-0.0269300227138822,-0.0131538241299673,1.4005919153494657,2,Stress/Bear,1.0
2020-03-11,dax,-0.0035201573884131,0.0227307853642678,0.0165112119723362,0.0355332219187801,1.358240489573253,-0.0299946391150518,-0.0137752368064458,1.3766878774466886,2,Stress/Bear,1.0
2020-03-12,dax,-0.1305485870112283,0.0343541461657651,0.0231935605067531,0.08660934440124,2.2380663343472573,-0.0530639592219614,-0.0202868430882618,1.4811932887907568,2,Stress/Bear,1.0
2020-03-13,dax,0.0077148629706877,0.0346387577357997,0.0232213486296576,0.099767391430823,1.7386017604694586,-0.0446593838928353,-0.0198966628987953,1.4916772616539635,2,Stress/Bear,1.0
2020-03-16,dax,-0.054516790094658,0.0350277620629667,0.0239549200996156,0.0813817908361691,1.513356832910833,-0.0390087918873879,-0.0227666449907172,1.4622366477243551,2,Stress/Bear,1.0
2020-03-17,dax,0.0222672756711863,0.0363187830659432,0.0242517941973399,0.080810165313507,1.0653578088923918,-0.031720679170485,-0.0212793529422037,1.4975709743540069,2,Stress/Bear,1.0
2020-03-18,dax,-0.0572499791846684,0.0364875908005759,0.0251157430362902,0.0320113424887188,0.9769380492510988,-0.0424666435297361,-0.024534314138297,1.4527776760517963,2,Stress/Bear,1.0
2020-03-19,dax,0.0197893327337161,0.0376831402571865,0.0253479983027998,0.0477270252736733,0.9410544841222612,-0.0123990595807472,-0.0230895207109417,1.4866317966032114,2,Stress/Bear,1.0
2020-03-20,dax,0.0363246058348806,0.0398254052838435,0.0258919763732355,0.0406285733347405,1.260305568204713,-0.0066771110079086,-0.0209624980371859,1.53813693901756,2,Stress/Bear,1.0
2020-03-23,dax,-0.0212570240151432,0.0395493078245012,0.0259501849087705,0.0675951503630122,0.8615422602781289,-2.515779200570473e-05,-0.0199807336258367,1.5240472452716325,2,Stress/Bear,1.0
2020-03-24,dax,0.1041428742369486,0.0483228046841469,0.0296355142429767,0.0616871350186401,0.8762960831969427,0.0163499619211467,-0.0138258632738801,1.6305708174306033,2,Stress/Bear,1.0
2020-03-25,dax,0.0177466686504075,0.0487672960328269,0.0297837802559107,0.0685327282246829,0.8722570834813427,0.0313492914881619,-0.012877469299576,1.6373776469542989,2,Stress/Bear,1.0
2020-03-26,dax,0.0127497369459922,0.0488606583915128,0.0298068013476635,0.0474744465448287,0.6882427469022807,0.0299413723306171,-0.0106193871096068,1.6392452790088723,2,Stress/Bear,1.0
2020-03-27,dax,-0.0375362593235462,0.0488064371654066,0.0300893327079273,0.0357486541561483,0.6872099219862564,0.0151691992989317,-0.0105291144380758,1.622051164748766,2,Stress/Bear,1.0
2020-03-30,dax,0.0188657981559103,0.0492251995432476,0.0302490786193159,0.0370538761522721,0.5869264262750339,0.0231937637331424,-0.0094490584366008,1.6273288903356644,2,Stress/Bear,1.0
2020-03-31,dax,0.0121377829631587,0.0492572869225763,0.0302865290963452,0.0395074845443912,0.6849886165052625,0.0047927454783845,-0.009376998621209,1.6263760949920274,2,Stress/Bear,1.0
2020-04-01,dax,-0.0401571411647021,0.0494512846883762,0.0305861230476683,0.0197396638204248,0.6027390784782002,-0.0067880164846374,-0.0119750019103158,1.6167882608497508,2,Stress/Bear,1.0
2020-04-02,dax,0.0027276537647167,0.049552121758085,0.0305087019013385,0.0327296918938995,0.6548642819749816,-0.0087924331208925,-0.011078519898246,1.62419633317506,2,Stress/Bear,1.0
2020-04-03,dax,-0.004718210444215,0.0492629405795287,0.03050236597538,0.0164311692337848,0.5374311421738066,-0.0022288233450262,-0.0095990297367096,1.61505309520223,2,Stress/Bear,1.0
2020-04-06,dax,0.0560732649535235,0.0481800001107325,0.031529313850605,0.0253910691255013,0.6109580996306876,0.0052126700144963,-0.0026568789829386,1.5281017639338166,2,Stress/Bear,1.0
2020-04-07,dax,0.0275596987437036,0.0485572194148988,0.0317993678669267,0.0352806027121821,0.7421034516227797,0.0082970531706053,-0.0005702296500871,1.52698693942911,2,Stress/Bear,1.0
2020-04-08,dax,-0.0023016944817924,0.0485540877205028,0.0317987472830695,0.0137977194522307,0.5232513070274193,0.0158681425071872,-0.000509306504756,1.5269182552469354,2,Stress/Bear,1.0
2020-04-09,dax,0.0221900857427538,0.0378578241089837,0.031979430485041,0.0320017185704141,0.7350156707977027,0.0197606289027946,0.007127627132943,1.1838179584433943,2,Stress/Bear,1.0
2020-04-14,dax,0.0124000908894536,0.0378761406214702,0.0320174669084047,0.0150711974142532,0.616657618328537,0.0231842891695284,0.0073618885288813,1.1829836735624952,2,Stress/Bear,1.0
2020-04-15,dax,-0.0397452636280992,0.0367327772429391,0.0323398499452312,0.0423239538709733,0.8139492250561335,0.0040205834532038,0.0081004648522092,1.1358363537600682,2,Stress/Bear,1.0
2020-04-16,dax,0.0021165117630865,0.0365998619907496,0.0323448153570223,0.0196213267187276,0.6725205693145488,-0.0010680539429195,0.0070929266568042,1.131552664214035,2,Stress/Bear,1.0
2020-04-17,dax,0.0309897471996619,0.0336336173394624,0.0326688856069808,0.0201463146226669,0.9271720097175526,0.0055902343933713,0.0115049129760207,1.0295305981381693,2,Stress/Bear,1.0
2020-04-20,dax,0.0047057516697034,0.0336071776123339,0.0326799971594084,0.0246124219982177,0.6930311577440493,0.0020933675787612,0.0107507339228201,1.0283714973536513,2,Stress/Bear,1.0
2020-04-21,dax,-0.0407258680631018,0.0349122088472753,0.0329385653772024,0.0268180382981991,0.858070159893399,-0.0085318242117498,0.006898210227921,1.0599189262638289,2,Stress/Bear,1.0
2020-04-22,dax,0.0159869482031042,0.034319640283578,0.0329030990139692,0.0099682221954055,0.6793360074076629,0.0026146181544908,0.0087604088388334,1.0430519103689102,2,Stress/Bear,1.0
2020-04-23,dax,0.0094377511205176,0.0259889729091809,0.032906297972724,0.0269435946335732,0.7490849869926535,0.004078866025977,0.0040251526830118,0.7897871991168125,1,Transition,0.9866
2020-04-24,dax,-0.0170460932285608,0.0261858721797529,0.0329410528219118,0.0181074428608195,0.9491169796264628,-0.0055283020596674,0.0022855145890634,0.7949312464698923,1,Transition,0.9551
2020-04-27,dax,0.0308558633216305,0.0268707152481749,0.0332230407642876,0.0128762540274079,0.983183151844523,-0.000298279729282,0.0031908209078453,0.8087975883609964,2,Stress/Bear,0.5325
2020-04-28,dax,0.0126439091234268,0.0251557618892984,0.0332617094653285,0.0228092512477696,1.180977061549778,0.0103756757080236,0.005699829330194,0.75629792616403,1,Transition,0.9999
2020-04-29,dax,0.0285007719561323,0.0255109196247365,0.0334964845639123,0.0302338793524996,1.1646354285999991,0.0128784404586293,0.0061815780202051,0.761599909866988,1,Transition,0.9938
2020-04-30,dax,-0.0224049000884472,0.0262451839066757,0.0334801577571184,0.036483488740073,1.298076919241967,0.0065099102168363,0.0044544438676248,0.7839026356169301,2,Stress/Bear,0.7165
2020-05-04,dax,-0.0370289592702144,0.0259732390906194,0.0336729555504044,0.0145574693345392,1.1167615631660528,0.0025133370085056,0.0046108529623491,0.7713382643748196,2,Stress/Bear,0.5097
2020-05-05,dax,0.0247849011889973,0.0263545596801403,0.0338504207974432,0.0203188013580089,0.838720894198505,0.0012991445819789,0.0057137153335632,0.7785592928915936,1,Transition,0.9897
2020-05-06,dax,-0.0115544713445758,0.0265406559782004,0.0338647153786839,0.0164960077799422,0.7737727185267078,-0.0035405315116215,0.0053719022885451,0.7837259425161575,1,Transition,0.975
2020-05-07,dax,0.0143289107961933,0.0238484163056126,0.0339463381817035,0.0134423514897945,0.8412651078428974,-0.0063749037436093,0.0032846845806786,0.702532808633435,1,Transition,1.0
2020-05-08,dax,0.0134060919563089,0.0232937111355067,0.0339735049949834,0.0091017632875248,0.6929472392055933,0.0007872946653418,0.0025770042413089,0.6856434488860157,1,Transition,1.0
2020-05-11,dax,-0.0073163852033061,0.0233758339993571,0.0339358720954424,0.0226697122814234,0.7507568221388492,0.0067298094787235,0.0023262697052332,0.688823730052204,1,Transition,1.0
2020-05-12,dax,-0.000507310122188,0.0229069767426271,0.033935531253379,0.0104838197236471,0.7723937991774905,0.0016713672164864,0.0011913999119861,0.675014531866103,1,Transition,1.0
2020-05-13,dax,-0.0259201636196725,0.0235146562523736,0.0340488745000329,0.0159171943158025,0.944106702229446,-0.0012017712385328,-0.0007246128134701,0.6906147882318666,1,Transition,1.0
2020-05-14,dax,-0.019698316974947,0.0221515573538092,0.0340915595432784,0.0302979431102639,1.159893303454574,-0.0080072167927609,0.0002777345191874,0.6497666182061389,1,Transition,1.0
2020-05-15,dax,0.012321011890641,0.0223130728824975,0.034160910259094,0.0157331789024119,1.0032989368882232,-0.0082242328058945,0.0007879595255651,0.6531755949494226,1,Transition,1.0
2020-05-18,dax,0.0551802385635398,0.0245771655407655,0.0349866283886762,0.0372533960869752,1.039322970725326,0.0042750919474746,0.001997484093759,0.7024731068032891,1,Transition,0.9961
2020-05-19,dax,0.0014836727276902,0.0245690374825577,0.0349854874862302,0.0239370142059449,1.0862063147767298,0.0046732885174502,0.0018363801466584,0.702263688400162,1,Transition,1.0
2020-05-20,dax,0.0133119972779687,0.0225286422663186,0.0350505733619937,0.0239083016831259,0.8634111744629235,0.0125197206969785,0.0045382734137119,0.6427467543440271,1,Transition,1.0
2020-05-21,dax,-0.0141575109611114,0.0227298557465875,0.0347314502076243,0.0142789417687595,0.6480801068495367,0.0136278818997456,0.0030310504555011,0.6544459160417624,1,Transition,1.0
2020-05-22,dax,0.0007172991714475,0.022684084172825,0.0346684865413942,0.0244702588961574,0.7628502063510932,0.0113071393559069,0.0025950278580476,0.6543142327756434,1,Transition,1.0
2020-05-25,dax,0.0282598847239328,0.0228807727590017,0.0348936880985723,0.0239797590519269,0.6525706898431256,0.0059230685879855,0.0048603267556723,0.6557281275159298,1,Transition,1.0
2020-05-26,dax,0.0099031609932115,0.0220940298532675,0.0346938147919566,0.0099498657217589,1.1259752284527853,0.0076069662410898,0.0038126916392513,0.6368290712841931,1,Transition,1.0
2020-05-27,dax,0.0132147495241013,0.0221064041033881,0.0343766527248739,0.0195090670346953,1.5118252141586634,0.0075875166903163,0.0038412336592851,0.643064474028693,1,Transition,1.0
2020-05-28,dax,0.0105330040264643,0.0214055008580286,0.0344035790430664,0.0134375541129936,1.1212681792695782,0.0125256196878315,0.0029428452628017,0.6221881982462709,1,Transition,1.0
2020-05-29,dax,-0.0166282882970405,0.0210820034063906,0.0344389644136405,0.0133116627534548,1.5356168664704155,0.0090565021941338,0.003231675852372,0.6121555559330495,1,Transition,1.0
2020-06-02,dax,0.0368076346923789,0.0201028940389269,0.0347411134589387,0.0170722638589071,1.2865527832709218,0.0107660521878231,0.0069235055505017,0.5786485243970964,1,Transition,1.0
2020-06-03,dax,0.0380385254857784,0.0209243407864897,0.0350287967356467,0.0299270582746287,1.3378457656942917,0.0163931250863365,0.0075861867653407,0.5973468327901835,1,Transition,1.0
2020-06-04,dax,-0.0045590386204747,0.0206441371981638,0.0347335910664347,0.0186475760303743,1.1986866609781035,0.0128383674574212,0.0079359584015458,0.5943565454743199,1,Transition,1.0
2020-06-05,dax,0.033005303736916,0.0213585795223465,0.0331682355974391,0.0232415203864024,1.4174296476926478,0.0173328273995116,0.0088697780485819,0.6439468104838132,1,Transition,1.0
2020-06-08,dax,-0.0021887684570409,0.0214686341443041,0.0330980596135717,0.0188913756564583,1.1495676050088668,0.0202207313675115,0.0080900350279144,0.6486372432389055,1,Transition,1.0
2020-06-09,dax,-0.0158508655091341,0.0218720078914832,0.0331797202524217,0.0287256491885733,1.1678423544057952,0.0096890313272089,0.007663311012623,0.659198080185346,1,Transition,1.0
2020-06-10,dax,-0.0069850413544358,0.0220466335682272,0.0282012091129486,0.0233700187765706,0.8914639788463005,0.000684317959166,0.0073394244510106,0.7817619975061485,1,Transition,0.8909
2020-06-11,dax,-0.045710800875465,0.0239775879175696,0.0289544583438664,0.0277069440395928,1.0460458162460509,-0.0075460344918319,0.006349892588221,0.8281138480578379,2,Stress/Bear,1.0
2020-06-12,dax,-0.0017567013749432,0.0232771429453544,0.0279197056550674,0.0287858112531784,0.9319653077238316,-0.0144984355142038,0.0072469733682212,0.8337173476300462,2,Stress/Bear,0.9999
2020-06-15,dax,-0.0031793541243439,0.0233572164674016,0.0278493661197072,0.031082897400736,0.7938167947880121,-0.0146965526476644,0.0064719550674719,0.8386983160407803,2,Stress/Bear,0.9999
2020-06-16,dax,0.033379941727426,0.0213903715167262,0.0268682316690706,0.0244785681593778,0.9743606225634616,-0.0048503912003524,0.0053819402256663,0.796121299689022,2,Stress/Bear,0.947
2020-06-17,dax,0.0053834473734068,0.0213707313121662,0.0268099017979403,0.0116345438644102,0.8173949682824119,-0.0023766934547838,0.0055769289579521,0.7971208351762072,1,Transition,0.9391
2020-06-18,dax,-0.0081585533200407,0.0215005972302165,0.0265726531150618,0.0239522205560353,1.212995646010828,0.0051337560563009,0.0045034014280516,0.8091249728477315,1,Transition,0.8727
2020-06-19,dax,0.0040004044940107,0.0210497853519494,0.0263436729784246,0.0103772973741828,1.6842628483524973,0.0062851772300917,0.0054112972008077,0.7990451965141362,2,Stress/Bear,0.9977
2020-06-22,dax,-0.0055128044543178,0.0211686678518441,0.0229912254843317,0.0185314002290782,0.6780609138103643,0.005818487164097,0.0050997920195194,0.9207281215292492,2,Stress/Bear,0.6056
2020-06-23,dax,0.0210434912638252,0.0208116178442406,0.023028771436658,0.0226785336933781,0.8236163623148951,0.0033511970713768,0.0047389723465141,0.9037224543864276,2,Stress/Bear,0.6756
2020-06-24,dax,-0.0349230851293542,0.0225660266893771,0.0235372204489836,0.0326857740854371,0.7522621343891455,-0.0047101094291753,0.0024976600403858,0.958737958812448,2,Stress/Bear,0.9999
2020-06-25,dax,0.0069158435345925,0.0224522489530221,0.0229259693906671,0.0229227597222452,0.9528948407283492,-0.0016952300582487,0.0021827147409103,0.9793369506182028,2,Stress/Bear,0.884
2020-06-26,dax,-0.0072922004125752,0.0224571240229604,0.0228853832229114,0.0237034751305279,0.8357022655615448,-0.0039537510395659,0.0012914545189584,0.9812867804843088,2,Stress/Bear,0.8666
2020-06-29,dax,0.0117371091403669,0.0221595775866529,0.022882870018507,0.0206358275962579,0.922407693001395,-0.0005037683206289,0.0027097243908287,0.9683915334366222,2,Stress/Bear,0.7977
2020-06-30,dax,0.0064221718009686,0.0206917752013021,0.0221564489559843,0.0131801390913435,0.9543905605439894,-0.0034280322132002,0.0011904512462582,0.933894020761542,1,Transition,0.6914
2020-07-01,dax,-0.0040990127188898,0.0188012610246495,0.0221818687215505,0.0241921352302509,0.6386092822067561,0.0027367822688925,-0.0009164256639751,0.8475959018900613,1,Transition,0.9448
2020-07-02,dax,0.0279795665488455,0.01984815065191,0.0223617852075223,0.0227982002721232,0.828906048255841,0.0069495268717431,0.0007105045944908,0.8875924022932333,1,Transition,0.5801
2020-07-03,dax,-0.0063875321058694,0.0183745689520235,0.0213597975003777,0.0138767634464055,0.4518205395557529,0.0071304605330843,-0.0012591371976484,0.8602407841974409,1,Transition,0.911
2020-07-06,dax,0.0162519225270923,0.0187835887825503,0.021194341866316,0.0147155625489059,0.6715379256375674,0.0080334232104294,-0.0003371026484417,0.8862548741087788,1,Transition,0.9597
2020-07-07,dax,-0.0092031608337891,0.0185520058417053,0.0212447169276607,0.0107745570819784,0.696784678860529,0.0049083566834778,-4.717414674485984e-06,0.8732526728821935,1,Transition,0.9822
2020-07-08,dax,-0.0097159200112691,0.0186160247083822,0.0211637518794154,0.0165645344140946,0.6688878194893567,0.003784975225002,-0.0001412613475161,0.8796183594690874,1,Transition,0.9787
2020-07-09,dax,-0.0004282382120528,0.015227304149873,0.0211298595748641,0.0200584758695359,0.7029440597670246,-0.0018965857271776,0.0021228667856544,0.7206533529445349,1,Transition,0.9988
2020-07-10,dax,0.0114835496997702,0.0153371773373375,0.0204133614221904,0.0184664524837791,0.6857702258530568,0.0016776306339502,0.0027848793393901,0.751330318419053,1,Transition,0.9971
2020-07-13,dax,0.0130741706231624,0.0154348200777851,0.0204503344906786,0.0115210996363898,0.6927752261644927,0.0010420802531643,0.0035975555767654,0.754746582987206,1,Transition,0.9982
2020-07-14,dax,-0.0080486802826284,0.013934560394972,0.0201840446649181,0.0127593264378815,0.7495361378785806,0.0012729763633964,0.0015261244762627,0.6903750277164052,1,Transition,0.9998
2020-07-15,dax,0.018231893364038,0.0144098232952414,0.0202790897154491,0.0175082944877717,0.7767931320279678,0.0068625390384578,0.0021685467757942,0.7105754497581629,1,Transition,0.9984
2020-07-16,dax,-0.0043409236797954,0.0142906164189189,0.0194714073984984,0.0088358065769117,0.702040280370156,0.0060800019449093,0.0023594282578065,0.7339282737220639,1,Transition,0.9992
2020-07-17,dax,0.0034612441397994,0.0142878662094367,0.0194055705925577,0.0065002323185268,0.8425593543220723,0.0044755408329152,0.0023324702400959,0.7362765315912045,1,Transition,0.9994
2020-07-20,dax,0.009805745247145,0.0142557244302787,0.0194075076719562,0.0193126580552192,0.6809181562481328,0.0038218557577117,0.0030983977251691,0.734546891401114,1,Transition,0.9964
2020-07-21,dax,0.0095283795984306,0.0137151017352461,0.0192308299982615,0.0126482489486544,1.064923245660275,0.0073372677339235,0.0025226421418994,0.7131830366388784,1,Transition,0.9994
2020-07-22,dax,-0.0051438591246531,0.010726820621522,0.0189394056911926,0.0099861000486483,0.8038533446172311,0.0026621172361853,0.0040116034421344,0.5663757773830412,1,Transition,0.9999
2020-07-23,dax,-6.565654704894198e-05,0.0107409234720472,0.0189057726907599,0.0110589824570529,0.7906195984780102,0.0035171706627346,0.0036625284380523,0.5681293035590583,1,Transition,0.9999
2020-07-24,dax,-0.0204567854917331,0.0117988652640225,0.0188529796901349,0.0096183124929209,0.8049577181208477,-0.0012664352635719,0.0030042991840944,0.6258355685916553,1,Transition,0.9994
2020-07-27,dax,4.6780581320710735e-05,0.0116318595298363,0.0185727754473839,0.0075724199705661,0.7953843067558409,-0.0032182281967367,0.0024197827561421,0.6262854769761839,1,Transition,0.9998
2020-07-28,dax,-0.00026329287795,0.011606821885173,0.0178284631977107,0.0147678742224095,0.797697033798141,-0.0051765626920129,0.0020855095221962,0.6510276155862645,1,Transition,0.9998
2020-07-29,dax,-0.0010149460088843,0.0115406305286666,0.0176137786016667,0.0058039630482694,0.9711105886084572,-0.0043507800688591,0.0022397128576965,0.6552047002324979,1,Transition,0.9994
2020-07-30,dax,-0.0351286777233974,0.0127015559113375,0.0181965469453896,0.0415835684222832,1.4344889345029357,-0.0113633843041288,-0.0009156993559156,0.698020121589918,2,Stress/Bear,0.996
2020-07-31,dax,-0.005369146679103,0.0126804891836173,0.0181585805314299,0.0171675028101224,1.104766741209941,-0.0083458565416028,-0.0008647800845773,0.6983194067217541,1,Transition,0.9991
2020-08-03,dax,0.0267336082320585,0.0136078490419074,0.0183775719294757,0.0263263804014483,0.9976923456613612,-0.0030084910114552,-0.0003406957993289,0.7404595718154606,1,Transition,0.9458
2020-08-04,dax,-0.0036526200653126,0.0134735270381647,0.0183505681849984,0.0190867585641523,0.9014132112685924,-0.0036863564489277,-6.31687609051702e-05,0.7342294201647281,1,Transition,0.9996
2020-08-05,dax,0.0047012952636872,0.0133146424978014,0.018348267402453,0.0097975979196698,0.9378454024156796,-0.0025431081944134,0.0006576920028426,0.7256621132533413,1,Transition,0.9996
2020-08-06,dax,-0.0054309101828956,0.0133829327441278,0.0179953911665806,0.0221861068972256,0.939810427395536,0.0033964453136868,0.0004075584043005,0.7436866817866886,1,Transition,0.9986
2020-08-07,dax,0.0065858191576117,0.013213328243977,0.0177527460256372,0.0137452763397582,0.8101359147799433,0.0057874384810298,0.0001626718771925,0.7442977117396514,1,Transition,0.9996
2020-08-10,dax,0.000997570151744,0.012863548793501,0.0177164332276969,0.0116098091206832,0.7067428332242939,0.0006402308649669,-0.0004411581463783,0.726080053934946,1,Transition,0.9998
2020-08-11,dax,0.0202359348265887,0.0135211601648329,0.0165124683311288,0.0188516561990976,1.1051856662477924,0.0054179418433472,0.0009730726090825,0.8188454865553461,1,Transition,0.9961
2020-08-12,dax,0.0085936312029862,0.0130367393534285,0.016529626882424,0.0170009999224501,0.9000055063047189,0.006196409031207,0.0004911595010299,0.7886892696465216,1,Transition,0.9991
2020-08-13,dax,-0.0049838177023712,0.0130500666832145,0.0165001281540648,0.0091544443942565,0.870654168184977,0.0062858275273118,0.0004590147999011,0.7909069894102377,1,Transition,0.9992
2020-08-14,dax,-0.0071342213793684,0.0131365525167413,0.0164050204777607,0.0134529086883236,0.8090394622391558,0.0035418194199158,-7.075847605725558e-05,0.8007641645159654,1,Transition,0.9994
2020-08-17,dax,0.0014964229033616,0.0129376434002078,0.016403847357515,0.0087449273495785,0.6606783109616907,0.0036415899702393,-0.0004862245932464,0.7886956710969869,1,Transition,0.9995
2020-08-18,dax,-0.0030152536246996,0.0127289687684845,0.0160671524567951,0.0190843369402078,0.8669073830000025,-0.0010086477200183,-0.0011134062544029,0.7922355129642944,1,Transition,0.9996
2020-08-19,dax,0.0073916559487059,0.0128283010486555,0.0160496068483274,0.0113197699172821,0.8140668091771558,-0.0012490427708743,-0.0004866305007349,0.7992906723439364,1,Transition,0.9997
2020-08-20,dax,-0.0114178164305613,0.0130577883155196,0.0160731005206994,0.0105705469358924,0.853095141728483,-0.0025358425165123,-0.0010542384949106,0.8124000903685872,1,Transition,0.9995
2020-08-21,dax,-0.0050948111994611,0.0122853759089811,0.0160524494153548,0.0217441381423447,1.1149670441609636,-0.0021279604805309,-0.000286139780297,0.7653271841012439,1,Transition,0.9991
2020-08-24,dax,0.0233633997651924,0.0133765022009585,0.0161239788134844,0.013745748642185,0.991052039382022,0.0022454348918352,0.0008796911788965,0.8296030623515702,1,Transition,0.9974
2020-08-25,dax,-0.0003765991867568,0.0133770357477309,0.0154646887184461,0.0123223760811041,0.8658462807368221,0.0027731657794238,0.0008740258634562,0.8650051734811162,1,Transition,0.9989
2020-08-26,dax,0.0097922005246477,0.0135142858647871,0.014743023248069,0.013782256735428,0.7358018824894388,0.0032532746946121,0.0014143831901328,0.916656349067157,1,Transition,0.9611
2020-08-27,dax,-0.0071360126861538,0.0106835264978756,0.0147629734783762,0.0099783209985061,0.870296147248317,0.0041096354434936,0.002814016441995,0.723670371251707,1,Transition,0.9998
2020-08-28,dax,-0.0048343927673925,0.0106626172773604,0.0141629418275121,0.0150370182160238,1.061876743407471,0.0041617191299073,0.0028407541375805,0.7528532848061197,1,Transition,0.9997
2020-08-31,dax,-0.0067610043941192,0.0092490897795063,0.0141885030048194,0.0173367383648953,1.0032734204274674,-0.0018631617019549,0.0011660235062716,0.65187213734703,1,Transition,1.0
2020-09-01,dax,0.0022276652295579,0.0091810630125252,0.0140337876220064,0.0213484763088425,1.064381025176076,-0.0013423088186919,0.0014600377710151,0.6542113405028587,1,Transition,0.9999
2020-09-02,dax,0.0205349328921655,0.0101108516807198,0.0142344850846643,0.0181977029883332,1.3489142809906176,0.0008062376548115,0.0022517196524391,0.7103068091737923,1,Transition,0.996
2020-09-03,dax,-0.0141182338174617,0.010631473157079,0.013012069859913,0.0348933929123256,1.348591682106839,-0.00059020657145,0.0018173534707107,0.8170470395207479,1,Transition,0.6994
2020-09-04,dax,-0.0166108689061592,0.0113264780757582,0.0132138450610861,0.0290741671814609,1.510771227586649,-0.0029455017992033,0.0006575190675222,0.8571674651395681,1,Transition,0.8024
2020-09-07,dax,0.019861170815527,0.0121142930819464,0.0134175898248506,0.0150142153894459,0.8747359752325341,0.0023789332427259,0.0016006991007113,0.9028665535377768,1,Transition,0.9677
2020-09-08,dax,-0.0101233875084594,0.0115450231115056,0.012833059651319,0.0224369463770287,1.1585774467560062,-9.127730487757008e-05,8.273298395898645e-05,0.8996313759298242,1,Transition,0.9681
2020-09-09,dax,0.0205215628880518,0.0122917606462266,0.0130701071836982,0.0214607216296568,1.1697510076311413,-9.395130570031136e-05,0.0006791295682122,0.9404483431901474,1,Transition,0.9814
2020-09-10,dax,-0.0021417391406563,0.0122391620668077,0.0130207548289538,0.0102794615634904,0.9045757649096884,0.0023013476296607,0.000821233496298,0.9399733139581044,0,Calm/Bull,0.7153
2020-09-11,dax,-0.0004581150049333,0.0121010300221593,0.0130173007619683,0.0104530364117331,0.90654637859696,0.0055318984099059,0.0011550388150197,0.9296113106270032,0,Calm/Bull,0.5226
2020-09-14,dax,-0.0006955231087498,0.0121076996583486,0.012990407172603,0.0135989497796793,0.7797891537718057,0.0014205596250505,0.0010454415144141,0.932049280478599,0,Calm/Bull,0.6692
2020-09-15,dax,0.001818141848059,0.0120705626357369,0.0127275799507091,0.0094274842492301,0.9548790186276152,0.0038088654963542,0.0012871112880521,0.9483784570580835,0,Calm/Bull,0.8054
2020-09-16,dax,0.0028481973164333,0.0119921257888549,0.0118280780484654,0.0072175199629808,0.977940985809273,0.0002741923820305,0.0010599383564385,1.0138693488255066,0,Calm/Bull,0.9501
2020-09-17,dax,-0.003570961335152,0.0116868859218656,0.0118245983370497,0.0158939868533465,0.875247741417716,-1.1652056868551812e-05,0.0014522811112089,0.9883537342023152,0,Calm/Bull,0.8593
2020-09-18,dax,-0.0069798813617403,0.0117498981411783,0.0118207960190412,0.0112219902554083,2.671273409884185,-0.0013160053282299,0.001358027603095,0.9940022755025444,2,Stress/Bear,1.0
2020-09-21,dax,-0.0447337916017704,0.0145665442931675,0.0131534632914887,0.0393655634358314,1.6536276944149393,-0.010123659026834,-0.0020468319652531,1.107430337574524,2,Stress/Bear,1.0
2020-09-22,dax,0.0041333209118549,0.0146285367893261,0.0131390647587495,0.0083489866170724,0.9511714566947465,-0.0096606232140749,-0.0018213359603225,1.1133621043754065,1,Transition,0.9161
2020-09-23,dax,0.003849859044701,0.0144393656649575,0.0131332165073127,0.0148486054155127,0.8174052747339523,-0.0094602908684213,-0.0021184530343198,1.0994538662267157,1,Transition,0.9734
2020-09-24,dax,-0.0028831764238863,0.014392825152448,0.0126340800146859,0.0136674607301128,0.8267219432845277,-0.0093227338861682,-0.0019058112212065,1.1392064270384354,1,Transition,0.9549
2020-09-25,dax,-0.0109565120928237,0.0145229029297882,0.0126868759953292,0.0225507208738782,0.8908475080412817,-0.0101180600323849,-0.002211917187478,1.144718600160905,1,Transition,0.9669
2020-09-28,dax,0.0317050081677233,0.0163241206834505,0.0131716090552769,0.0165684214088393,0.9673456890907336,0.0051696999215138,-0.0002886165593859,1.2393414210020564,1,Transition,0.8106
2020-09-29,dax,-0.0035062764961261,0.0163279533682363,0.0131232762102842,0.0094216074142431,0.671588014569475,0.0036417804399176,-0.0005753136456701,1.244197950770914,1,Transition,0.9434
2020-09-30,dax,-0.005087827954305,0.0155721295327977,0.0130770839884266,0.0134428071717828,0.9540244094570464,0.0018542430401164,-0.0018564516879936,1.1907952527168335,1,Transition,0.9116
2020-10-01,dax,-0.0023506620870519,0.0153044580729807,0.013081379917421,0.0129937095686907,1.1778110888581557,0.0019607459074832,-0.0012680731014731,1.169942175029954,1,Transition,0.8226
2020-10-02,dax,-0.003283229133377,0.0148856703840655,0.0130064654936887,0.0118519326895126,0.9267937376899544,0.0034954024993726,-0.000601691112834,1.1444823646584577,1,Transition,0.605
2020-10-05,dax,0.0109157821058631,0.0143637023246715,0.0129728384151394,0.0089435375815618,0.7802916342458608,-0.0006624427129994,-0.0010489605483172,1.1072135383964208,1,Transition,0.5864
2020-10-06,dax,0.0060394189282227,0.0142807213224806,0.0129514899969964,0.0144459298758664,0.8397733659436207,0.0012466963718703,-0.0002408202264831,1.10263153705037,0,Calm/Bull,0.7026
2020-10-07,dax,0.0017457824655882,0.0134361738159863,0.0127371056398236,0.0094294401268508,0.9137930830133631,0.002613418455849,-0.0011796092476063,1.054884382365246,0,Calm/Bull,0.7892
2020-10-08,dax,0.0087514023465716,0.0136147188931184,0.0127736259675825,0.011057172164029,0.8881322229749725,0.0048338313425737,-0.0006349521732449,1.0658460587205565,0,Calm/Bull,0.7648
2020-10-09,dax,0.0006914004457287,0.0136179307316556,0.0127666987604513,0.0066246597318559,0.8167621371155352,0.0056287572583949,-0.0005774764007118,1.0666759658997584,0,Calm/Bull,0.7025
2020-10-12,dax,0.0066575949443252,0.013713500102029,0.0127328459879596,0.0071134908886248,0.67779077438203,0.0047771198260873,-0.000209820498058,1.0770176687126107,0,Calm/Bull,0.8755
2020-10-13,dax,-0.0091309342518584,0.0138461872804061,0.0127269393255836,0.0133036581328087,0.7361763858445923,0.0017430491900711,-0.0007572743030539,1.0879432144830463,0,Calm/Bull,0.7127
2020-10-14,dax,0.0006963810774746,0.0138250408100428,0.0127107677566529,0.0070095098972447,0.7423595332033786,0.0015331689124483,-0.0008648651150018,1.087663709598236,0,Calm/Bull,0.7792
2020-10-15,dax,-0.0252082344169993,0.014856101719119,0.0131176432821553,0.018870765890977,1.089454243201979,-0.0052587584402658,-0.0019467287690942,1.132528259807812,1,Transition,0.9351
2020-10-16,dax,0.016026760557042,0.0153290570699199,0.0130228885135001,0.0172593500502239,1.1430541157699123,-0.0021916864180031,-0.0007963966731551,1.1770857942943342,1,Transition,0.9414
2020-10-19,dax,-0.004217582356267,0.0113873232846379,0.013034769551049,0.0162175196069761,0.765816213441594,-0.0043667218781216,0.00122941378912,0.8736114006496972,1,Transition,0.9108
2020-10-20,dax,-0.0091991703075449,0.0115967019444193,0.013089006496646,0.0098013921571228,0.9751616707719616,-0.0043803690892589,0.00056278922815,0.8859879431942292,1,Transition,0.846
2020-10-21,dax,-0.0141780160631518,0.0120206461039642,0.0132138392442899,0.017476211062069,0.9915255458467226,-0.0073552485173842,-0.0003386045272426,0.9097012519778211,1,Transition,0.9319
2020-10-22,dax,-0.0011617269812064,0.0120076230993089,0.0124010898018535,0.0189403019738334,0.947066495640408,-0.0025459470302256,-0.0002525320551086,0.9682716028323792,0,Calm/Bull,0.6526
2020-10-23,dax,0.0081537000253516,0.0118705889894859,0.0124206845804203,0.0160749102959492,0.889979552717698,-0.0041205591365637,0.0007029785508001,0.95571133077467,1,Transition,0.5264
2020-10-26,dax,-0.0377575076251994,0.0124691996909022,0.0128887128865196,0.0189116072007129,1.2949749898130158,-0.0108285441903502,-0.0027701472388459,0.9674511179424136,2,Stress/Bear,0.5893
2020-10-27,dax,-0.0093734894201348,0.0125561452977067,0.0129325320471655,0.0156504086101168,1.34703304542732,-0.0108634080128681,-0.0030635078850464,0.9708961286091452,1,Transition,0.7677
2020-10-28,dax,-0.0425952336543526,0.015361945645764,0.0139939711655545,0.0341593426300912,2.0106526536553875,-0.0165468515311083,-0.0049388781700487,1.097754559018724,2,Stress/Bear,1.0
2020-10-29,dax,0.0032437722591633,0.015462161160337,0.0139976341008604,0.0214578900180727,1.5184066209093103,-0.0156657516830344,-0.004659156452738,1.1046267568450376,2,Stress/Bear,0.9934
2020-10-30,dax,-0.0035923727365569,0.0154608677502727,0.0139612113957937,0.014195481498983,1.222178873466171,-0.0180149662354161,-0.004674613632897,1.1074159191465889,2,Stress/Bear,0.9323
2020-11-02,dax,0.0198594815911978,0.0160535159313214,0.0142290963222566,0.0243156458608627,1.1019362144750646,-0.0064915683921366,-0.0042274286586302,1.1282175317213268,1,Transition,0.8126
2020-11-03,dax,0.0251884918387303,0.0172262742574356,0.0143693754247399,0.0196832310158496,1.1979843781506172,0.0004208278596363,-0.0032699750131049,1.1988185810621228,1,Transition,0.7647
2020-11-04,dax,0.0192720771381404,0.0179264193637746,0.0145569159290391,0.0390896957932095,1.416724962313569,0.0127942900181349,-0.0023936602794772,1.2314709689305616,2,Stress/Bear,0.9993
2020-11-05,dax,0.0195946398042713,0.018437901242904,0.0147859242149275,0.0153332736583939,1.1521319462182298,0.0160644635271566,-0.0018514984065923,1.2469901086257125,2,Stress/Bear,0.6096
2020-11-06,dax,-0.0070321215952585,0.0184627045476072,0.0147851600644327,0.0180921222516616,1.0498919498795634,0.0153765137554162,-0.0022376745086416,1.2487321386544314,2,Stress/Bear,0.781
2020-11-09,dax,0.048175600466822,0.0215855006903574,0.0160673644102462,0.047836833746785,2.261952964482429,0.0210397375305411,-0.0001617742325168,1.3434375507530198,2,Stress/Bear,1.0
2020-11-10,dax,0.0051137184632092,0.0215088506216155,0.0160738533788573,0.0166495722057047,1.6169170368642871,0.0170247828554369,0.0005504584032365,1.338126590721992,2,Stress/Bear,0.999
2020-11-11,dax,0.0040235660212402,0.0215229010484834,0.0160547506623409,0.007987220919434,1.0580105023777264,0.0139750806320568,0.0007168176504248,1.340593915230889,2,Stress/Bear,0.805
2020-11-12,dax,-0.0124276360699676,0.0208931760145405,0.016067770994149,0.0111706218234757,0.910598871517918,0.007570625457209,0.0013558475677764,1.3003157701306929,1,Transition,0.6269
2020-11-13,dax,0.0018193523207589,0.0206076862280412,0.0160533053917455,0.0107565321572412,0.8739498302839639,0.0093409202404125,0.0006454771559622,1.2837036189841324,1,Transition,0.8385
2020-11-16,dax,0.0047217212067397,0.0205935973214557,0.0157794461029086,0.0149437298539453,0.9217409773277028,0.0006501443883961,0.0010924423341125,1.3050900004442882,1,Transition,0.9412
2020-11-17,dax,-0.0003913374997578,0.020455644154864,0.0157794536307926,0.007660532752934,0.7392584080946165,-0.0004508668041973,0.0015328339745019,1.296346795870431,1,Transition,0.8529
2020-11-18,dax,0.0051960616781504,0.0201286060671254,0.0157426757189721,0.0105257629504535,0.7270720499466867,-0.0002163676728152,0.002501537861567,1.278601327147185,1,Transition,0.9119
2020-11-19,dax,-0.008804779411088,0.0202738454150379,0.0157569909284204,0.0079190443625287,0.7281116016581418,0.0005082036589606,0.0021193852400729,1.2866571737672707,1,Transition,0.8211
2020-11-20,dax,0.0038965114061174,0.020229455322271,0.0157520247570281,0.0090026838046394,0.7446994065369973,0.0009236354760323,0.0019065258091112,1.2842447643592716,1,Transition,0.9111
2020-11-23,dax,-0.0007828349038755,0.0179780965881196,0.0157265683644105,0.0141274185265499,0.733366032980021,-0.0001772757460907,0.0037552594451774,1.1431671660045286,1,Transition,0.9744
2020-11-24,dax,0.0125266132658768,0.0178024526073471,0.015804727798208,0.0078570563229114,0.8868918852281522,0.0024063144070362,0.004850264579478,1.1264004565371657,1,Transition,0.941
2020-11-25,dax,-0.0001986758817469,0.0139664299576488,0.0155822107271511,0.0083627782262227,0.85117909155813,0.0013273668950567,0.0069700924681083,0.8963060635108139,1,Transition,0.9927
2020-11-26,dax,-0.000243034860604,0.0140369774858789,0.0154708153096116,0.0031084606695788,0.4927598481930854,0.0030397158051535,0.0067957521121199,0.9073198280092014,1,Transition,0.9648
2020-11-27,dax,0.0036893523803292,0.0138464956752896,0.0153161537409977,0.0068560200636567,0.741465241696604,0.0029982839999959,0.0071598383679642,0.9040452263302782,1,Transition,0.9919
2020-11-30,dax,-0.0033439621822439,0.013697699201891,0.0151139003996171,0.0141711170223865,1.226667318656628,0.0024860585443222,0.0059996661792921,0.9062980990822206,1,Transition,0.9874
2020-12-01,dax,0.006833759344146,0.01293821792019,0.0150753011238426,0.0074209643904192,0.770618053581911,0.001347487759976,0.0050819295545629,0.8582394350801569,1,Transition,0.9984
2020-12-02,dax,-0.0051738773043026,0.0126792271628766,0.0148610295333039,0.0065198105915178,0.7558178711767289,0.0003524474754649,0.0038596318324408,0.8531863243029113,1,Transition,0.9987
2020-12-03,dax,-0.0045456416597954,0.0122440398275118,0.0148704006718858,0.0063088532848414,0.7720071582292176,-0.0005080738843733,0.0026526177592374,0.8233833168100554,1,Transition,0.9994
2020-12-04,dax,0.0034724290202282,0.0120301689833992,0.014876756493244,0.0067892556506452,0.7768298719690659,-0.0005514585563935,0.0031778452900118,0.8086553671065675,1,Transition,0.9995
2020-12-07,dax,-0.0021046302891877,0.0057421610028139,0.0148791792202571,0.0095071902550674,0.7172389625352925,-0.0003035921777823,0.0006638337522113,0.3859192041316566,1,Transition,1.0
2020-12-08,dax,0.0005642469597421,0.005645908652348,0.0148776019253106,0.007383372456659,0.7599588039690091,-0.001557494654663,0.0004363601770379,0.3794905039597102,1,Transition,1.0
2020-12-09,dax,0.0046410625685652,0.0056682022446361,0.014885061675302,0.009464565746339,1.0980334230029571,0.0004054933199104,0.0004672350044042,0.3807980355258481,1,Transition,1.0
2020-12-10,dax,-0.0033435466800408,0.0048912388919022,0.0148841383490426,0.0118369471872872,0.986781743996348,0.0006459123158613,0.0009214394739005,0.3286208967694006,1,Transition,1.0
2020-12-11,dax,-0.0137397433013157,0.0058785958765426,0.01496408512912,0.0195305801016498,1.175533137793484,-0.0027965221484474,0.0001434846927968,0.3928469950430144,1,Transition,1.0
2020-12-14,dax,0.0082666264443693,0.0060740897728134,0.0137976767124554,0.0076963093577822,0.9163588317984852,-0.0007222708017359,0.0003207299546783,0.4402255466190358,1,Transition,1.0
2020-12-15,dax,0.0105101247203948,0.0064822486209843,0.0138476232808334,0.0123333961093073,0.979086571106808,0.0012669047503945,0.0008658030656859,0.4681127215495836,1,Transition,1.0
2020-12-16,dax,0.0150852486353991,0.0071705651550967,0.0139624806700962,0.0135876709058821,1.1240991692931035,0.0033557419637613,0.0013602624135483,0.5135595403511682,1,Transition,1.0
2020-12-17,dax,0.0074372372499108,0.0068722725913654,0.0139752112092454,0.0055833887806618,1.108206945428774,0.0055118987497516,0.0021723632465983,0.4917473151904129,1,Transition,1.0
2020-12-18,dax,-0.002691814777111,0.0069428180222297,0.0138923782261731,0.011019411444999,2.1185312992353955,0.0077214844545926,0.0018429469374368,0.4997573424217222,2,Stress/Bear,0.9998
2020-12-21,dax,-0.0285923918667212,0.0097240836792725,0.0138500407355456,0.0256411522940774,1.3021115567800687,0.0003496807923745,0.0004524690892946,0.7020978396342175,1,Transition,0.9728
2020-12-22,dax,0.0128870598424471,0.0097479440697247,0.0139315434171071,0.0097755882488867,0.7373409739668113,0.0008250678167849,0.0004704914181231,0.6997030966256637,1,Transition,0.9999
2020-12-23,dax,0.0125251022932939,0.0101104349171571,0.0139918279136679,0.010677678461308,0.6705344253432379,0.0003130385483639,0.0011066803268751,0.7225957165525704,1,Transition,0.9999
2020-12-28,dax,0.0148343086043413,0.0105567556888476,0.0140966175459848,0.005688091364671,0.6747519662945979,0.00179245281925,0.0018605475001224,0.7488857276868178,1,Transition,0.9998
2020-12-29,dax,-0.0020986144899705,0.0105832840668561,0.0140908718093595,0.0113382723801104,0.5998060228528371,0.0019110928766781,0.0015711491566074,0.7510737596680502,1,Transition,0.9998
2020-12-30,dax,-0.0031003926655889,0.0105774689748725,0.0140457452265826,0.0058037314980298,0.4164236375671655,0.0070094927169045,0.0015833276324401,0.7530728205758579,1,Transition,0.998
2020-02-20,bist100,-0.0302707884493706,0.0116613496124178,0.0113150896878207,0.0383029517668683,1.0753764371163494,-0.008297316448752,-0.0028969934648276,1.030601606717252,2,Stress/Bear,0.9556
2020-02-21,bist100,0.010215403341452,0.0120229725700365,0.0113650905030535,0.0253523990574062,1.0488603156138785,-0.0056075974823315,-0.0022233983467585,1.0578862145273935,1,Transition,0.8853
2020-02-24,bist100,-0.0176173178762578,0.0120986257904324,0.0115488167468206,0.0132574309449872,0.8031514809245117,-0.0101943744769851,-0.0022820540760518,1.0476073917930302,1,Transition,0.8121
2020-02-25,bist100,-0.0037066612949313,0.0121021347922679,0.0115584411990454,0.018724389429045,1.016878519221069,-0.0089091060549775,-0.0023223169545509,1.0470386606515247,0,Calm/Bull,0.5934
2020-02-26,bist100,0.007029900507213,0.0122799392361469,0.0115228722814975,0.019158575242271,0.922204564811159,-0.0068698927543789,-0.001924015275466,1.0657012363024292,0,Calm/Bull,0.5644
2020-02-27,bist100,-0.0421438529505542,0.015178945823961,0.0127107685954974,0.0366354180957958,1.0191511180429629,-0.0092445056546156,-0.0040980837187464,1.1941800143649737,2,Stress/Bear,0.9909
2020-02-28,bist100,-0.0408970721064897,0.0172707249825276,0.0137452348485237,0.0795165080839962,0.732894075368627,-0.019467000744204,-0.0058460206371076,1.256488170108092,2,Stress/Bear,1.0
2020-03-02,bist100,0.0123411909326187,0.0176910236272007,0.013791758194747,0.027770118237517,0.703531683423894,-0.0134752989824287,-0.0052720423299754,1.2827243182046817,2,Stress/Bear,0.7373
2020-03-03,bist100,0.0356751938449013,0.0188636476732225,0.0145477625897197,0.0209151339827403,0.769886767145983,-0.0055989279544621,-0.004687040569668,1.2966700244718503,2,Stress/Bear,0.9075
2020-03-04,bist100,-0.0038010452490652,0.0188091172415671,0.0145570012214916,0.0200425497592857,0.9305851153248312,-0.0077651171057178,-0.0049526053899854,1.2921010966048287,1,Transition,0.9545
2020-03-05,bist100,0.0092515544159573,0.0190531654674881,0.0145686936123976,0.0152323554855301,0.6798426444624762,0.0025139643675845,-0.0044749412661042,1.3078156473325997,1,Transition,0.9301
2020-03-06,bist100,-0.0200046707968161,0.019328958474814,0.0148084092625092,0.032576760400627,0.6633883022115432,0.0066924446295192,-0.0049536695455036,1.305269062474489,2,Stress/Bear,0.9976
2020-03-09,bist100,-0.0570384406068136,0.0223004389108597,0.0163267708292391,0.0443406931150605,0.7205103759362429,-0.0071834816783672,-0.0066885565274476,1.3658817866741046,2,Stress/Bear,1.0
2020-03-10,bist100,-0.0240643315632884,0.0221561352257651,0.0165840682823511,0.0577358655566446,0.8395710383198205,-0.0191313867600052,-0.0085033111522362,1.3359891462424751,2,Stress/Bear,1.0
2020-03-11,bist100,-0.0009523199400291,0.0220898656890562,0.0165562571401405,0.0399412267909933,0.8820121696828651,-0.018561641698198,-0.0086555376941929,1.3342306477893142,2,Stress/Bear,0.9995
2020-03-12,bist100,-0.0753344585637008,0.0263973240212007,0.0190960326043877,0.0659255114209106,0.8373915967411679,-0.0354788442941296,-0.0126266755074782,1.3823459861047394,2,Stress/Bear,1.0
2020-03-13,bist100,0.0207748709296345,0.0273747501824528,0.0193361806992701,0.0754272586352048,1.0849626026259085,-0.0273229359488395,-0.0114262723864639,1.4157268494851227,2,Stress/Bear,1.0
2020-03-16,bist100,-0.0841605080250201,0.0314958652380863,0.0220225185145993,0.0615636899032144,0.6853928008255631,-0.0327473494324808,-0.0159001261425654,1.4301663643605,2,Stress/Bear,1.0
2020-03-17,bist100,-0.0127170319096082,0.0314762563303282,0.0220194122101031,0.080806913523909,1.035495988949616,-0.0304778895017447,-0.0160293275677974,1.4294775914084548,2,Stress/Bear,1.0
2020-03-18,bist100,-0.0139377820286518,0.0313364188583008,0.0219873145184236,0.0411551526746412,0.8461833283906406,-0.0330749819194693,-0.016567908369441,1.425204466513785,2,Stress/Bear,1.0
2020-03-19,bist100,-0.0044644769400357,0.0312737300508624,0.0219189991501759,0.0329479723233565,0.9185806357060284,-0.0189009855947362,-0.0152775927939742,1.4267864073808016,2,Stress/Bear,1.0
2020-03-20,bist100,0.0070226116165115,0.0311446322176058,0.0219400864954198,0.0359961211404461,0.8558576638879273,-0.0216514374573608,-0.0154372323802213,1.419530967852273,2,Stress/Bear,1.0
2020-03-23,bist100,-0.0182265817965745,0.0311471746971653,0.0219991353653456,0.0481769527743018,0.9541667833878344,-0.0084646522116717,-0.0154676955762371,1.4158363126502764,2,Stress/Bear,1.0
2020-03-24,bist100,0.058103462063079,0.0351808501155816,0.0233938845417358,0.028984440245812,1.0507217251342045,0.0056994465828657,-0.0123771894083366,1.503848155393659,2,Stress/Bear,1.0
2020-03-25,bist100,-0.0025028949865377,0.0349680116407818,0.0233942827117194,0.0430731074996205,1.4168200100674777,0.0079864239912885,-0.0128538291830241,1.4947246757544088,2,Stress/Bear,1.0
2020-03-26,bist100,0.0272965192801336,0.0353520055626424,0.0236426314360426,0.0363378364158182,1.289287160255474,0.0143386232353223,-0.0093818105714897,1.4952652651324252,2,Stress/Bear,1.0
2020-03-27,bist100,-0.0378843042792276,0.0352168083733965,0.0239637606463419,0.0473681742678841,1.1265056635384358,0.0053572400561745,-0.0092311721801266,1.469586050917776,2,Stress/Bear,1.0
2020-03-30,bist100,-0.0007435760041744,0.0349152056533136,0.0238758871846482,0.0226757190441564,0.7684425174442456,0.0088538412146545,-0.0098854105269663,1.4623626499526905,2,Stress/Bear,1.0
2020-03-31,bist100,0.0178302745041,0.0339029796851855,0.0239684874469245,0.0181463437484723,1.0344892282941036,0.0007992037028587,-0.0107776564940063,1.414481400224348,2,Stress/Bear,1.0
2020-04-01,bist100,-0.0062507946988242,0.0338808655118266,0.0239563511863586,0.0281822102046188,1.350787978357825,4.9623760401459534e-05,-0.0109001439664943,1.414274872173324,2,Stress/Bear,1.0
2020-04-02,bist100,0.0047682648439809,0.0337551173519737,0.0231361055659064,0.0259959027337018,1.2371877265033826,-0.004456027126829,-0.0111243084450931,1.4589800887542426,2,Stress/Bear,1.0
2020-04-03,bist100,0.000465750317715,0.0337820161757405,0.0231065257746586,0.0103369496913214,0.8182664945890917,0.0032139837925594,-0.0101007873893665,1.4620119227439174,2,Stress/Bear,1.0
2020-04-06,bist100,0.0277349526681427,0.0328892409594068,0.0233710299701059,0.0165839909965289,0.9246983621201298,0.0089096895270229,-0.0058621177256187,1.407265362351412,2,Stress/Bear,1.0
2020-04-07,bist100,0.0033688969174686,0.0326614235583793,0.0233201094073917,0.0259446605699328,1.4199169829853924,0.0060174140096966,-0.0044904563015809,1.400569053420763,2,Stress/Bear,1.0
2020-04-08,bist100,0.0090880867956599,0.0327955557994461,0.0233865147787388,0.0157876790893977,0.8558982299211697,0.0090851903085934,-0.0039884359647964,1.4023276281107595,2,Stress/Bear,1.0
2020-04-09,bist100,0.0276036262362392,0.0288493474449722,0.0237405834641146,0.0230095676029404,1.4031175298863876,0.0136522625870451,0.0011584682752005,1.215191172052693,2,Stress/Bear,1.0
2020-04-10,bist100,0.0066207436085062,0.0285144730976713,0.0237582503995068,0.0220833906701529,1.0997017676067242,0.0148832612452034,0.0004507619091441,1.2001924644359878,2,Stress/Bear,1.0
2020-04-13,bist100,-0.0007507693174463,0.0204462656435579,0.0236986056733318,0.0237919627389448,0.9656191612274828,0.0091861168480855,0.0046212488445228,0.8627623888677229,1,Transition,0.7194
2020-04-14,bist100,0.0220702795335674,0.0203732159531212,0.0238915467797643,0.0137768913559398,1.1562325600490255,0.0129263933713053,0.0063606144166816,0.8527374196792031,1,Transition,0.6877
2020-04-15,bist100,-0.0277263470769008,0.0213081161414912,0.0240888933676884,0.0463379821078723,1.1536693416918289,0.0055635065967931,0.0056711861642691,0.8845618524789846,2,Stress/Bear,1.0
2020-04-16,bist100,0.0041040081777434,0.0211793517741655,0.0241104047921274,0.0180210127621466,0.9827786352389808,0.0008635829850939,0.0060996104201581,0.8784320278637954,1,Transition,0.5669
2020-04-17,bist100,0.0198608558890849,0.0214021799304731,0.0243068037529245,0.0117896692421022,1.0758349227520705,0.0035116054412097,0.0067415226337867,0.8805016137877897,2,Stress/Bear,0.816
2020-04-20,bist100,0.0077727348612601,0.0205795909966896,0.0242916376673082,0.0121147650298774,1.0116523942034927,0.005216306276951,0.0080414884666785,0.8471882908242804,1,Transition,0.6634
2020-04-21,bist100,-0.0135010808097436,0.0173938771878451,0.0243276788390855,0.0125734877964052,1.0126009958067794,-0.0018979657917111,0.0044612613230373,0.7149830159669681,1,Transition,0.9974
2020-04-22,bist100,0.0056387592239202,0.0173174159528998,0.0243538175003026,0.0108504890373515,1.0483535037076228,0.004775055468453,0.0048683440335602,0.711076033672528,1,Transition,0.9994
2020-04-24,bist100,0.0059716572777672,0.0165010713825721,0.0243761225514762,0.0158750710496385,1.0282725875419232,0.0051485852884578,0.0038021009334419,0.6769358558862673,1,Transition,0.9999
2020-04-27,bist100,0.0250819992117072,0.013936437853972,0.0246450977679053,0.0125836245807583,1.1646948281982925,0.0061928139529822,0.0069504161079887,0.5654851924394113,1,Transition,0.9998
2020-04-28,bist100,-0.0055442959296379,0.0141161155939733,0.0246432430867944,0.0128729818957517,1.1014807293291593,0.0035294077948026,0.0067103801117155,0.5728189079763493,1,Transition,0.9999
2020-04-29,bist100,0.0087770359999434,0.0138840132008721,0.0244404736362317,0.0114533327934407,0.9430592572620818,0.00798503115674,0.0062577181865077,0.5680746374853298,1,Transition,1.0
2020-04-30,bist100,-0.0047872673217836,0.0138183180165706,0.0244339963059815,0.0293632220761447,1.0286259212765942,0.0058998258475992,0.0063308945553597,0.5655365517587413,1,Transition,0.9969
2020-05-04,bist100,-0.0226853974444864,0.0152691476935949,0.0245599531850468,0.0197103040467523,0.7664555727291277,0.0001684149031485,0.0049582114409363,0.6217091530488534,1,Transition,0.9988
2020-05-05,bist100,-0.0010598282444304,0.0152965575413504,0.0245452306401706,0.0193524585978693,0.911762726302132,-0.005059950588079,0.004881932512829,0.6231987698789883,1,Transition,0.9997
2020-05-06,bist100,-0.0016826220250521,0.0143696902151738,0.0244194770549711,0.0122815237696355,1.0076284502823611,-0.0042876158071618,0.0034110537781693,0.5884520042270336,1,Transition,1.0
2020-05-07,bist100,-0.001753625217697,0.0144160584090311,0.0243377912994558,0.0149789353681552,1.063140068815017,-0.0063937480506899,0.003154927671411,0.5923322388483758,1,Transition,0.9999
2020-05-08,bist100,-0.0056418874376387,0.0144731421547907,0.0243293377832602,0.0188318502679174,1.1325805234915522,-0.0065646720738609,0.0024184289597461,0.5948843443140895,1,Transition,0.9999
2020-05-11,bist100,-0.000541851521859,0.0132085015198249,0.024312493195114,0.0086807114808097,0.928087019289074,-0.0021359628893354,0.0010111550718412,0.543280420227714,1,Transition,1.0
2020-05-12,bist100,0.018476945290888,0.0137293071165176,0.0244773087693992,0.0197559803693184,1.1188417298854234,0.0017713918177282,0.0016039651559602,0.5608993719800421,1,Transition,1.0
2020-05-13,bist100,0.0054381670378612,0.0137431797191494,0.0244780244851779,0.0141974578884313,1.043263381785161,0.0031955496303108,0.0019134119737256,0.5614497087978351,1,Transition,1.0
2020-05-14,bist100,-0.0096924753038284,0.0131120243468899,0.0244759518312352,0.0190226311778557,1.0208900458938646,0.0016077796130846,0.0003252742318558,0.5357104980962117,1,Transition,1.0
2020-05-15,bist100,0.0057820315496323,0.0113631922809465,0.0245028782814739,0.0113683922027097,0.8339634615304063,0.0038925634105388,0.0020006931631825,0.4637492848967873,1,Transition,1.0
2020-05-18,bist100,0.02195664325728,0.01220698854756,0.0244440308148272,0.0130188835755231,1.0645741550844408,0.0083922623663666,0.0028933249171593,0.4993852544219323,1,Transition,1.0
2020-05-20,bist100,0.0017096115704557,0.0115353723848662,0.0243960447888531,0.010086455503592,0.9164876207634618,0.0050387956222802,0.0019857627012279,0.4728378097640198,1,Transition,1.0
2020-05-21,bist100,0.0047986547397194,0.0114758615369825,0.0243280576687856,0.0105037452343948,0.9163830581924828,0.0049108931626518,0.0018370586951508,0.4717130193137761,1,Transition,1.0
2020-05-22,bist100,0.0036505022923933,0.010895517611354,0.024337147174768,0.0125495485269273,0.7061410670535974,0.0075794886818961,0.0026946378502577,0.4476908297062114,1,Transition,1.0
2020-05-27,bist100,0.0185524856963461,0.0114478199428717,0.0244527140093662,0.0161701702016051,1.143430105548579,0.0101335795112389,0.003340324173879,0.4681615275296957,1,Transition,1.0
2020-05-28,bist100,0.0038637736390711,0.0114320117818138,0.0238726136929935,0.0166754161062371,1.1893961823370112,0.0065150055875971,0.0032349299919442,0.4788755822396237,1,Transition,1.0
2020-05-29,bist100,0.0015240328081427,0.0102109611404863,0.0232853598982554,0.0094598767056681,1.2572859556900855,0.0064778898351345,0.0020570316717659,0.4385142074291666,1,Transition,1.0
2020-06-01,bist100,0.0164083511299793,0.010525895571548,0.0233279969505757,0.009457847778587,1.2432147771605433,0.0087998291131865,0.0031546640247468,0.4512130035788726,1,Transition,1.0
2020-06-02,bist100,0.0077182258445827,0.0104987569439341,0.0228780764323689,0.0128125760845163,1.300490408956629,0.0096133738236244,0.0031017235169788,0.4589003352169944,1,Transition,1.0
2020-06-03,bist100,0.0093367772744696,0.0104148662399,0.0229085317371723,0.0082869871635159,1.226352717056879,0.0077702321392491,0.0038079257467914,0.4546282738408941,1,Transition,1.0
2020-06-04,bist100,0.0038929085295557,0.0083467928541085,0.0228812756962671,0.0098022837968331,1.204301443496663,0.007776059117346,0.0051368410454935,0.3647870409371535,1,Transition,1.0
2020-06-05,bist100,0.0044170717979202,0.0082216965972772,0.0227423873147258,0.0096008648900059,0.8276664698773925,0.0083546669153015,0.0054106860476111,0.3615142281898252,1,Transition,0.9999
2020-06-08,bist100,-0.0035027675861848,0.0083139027303694,0.0214792079179558,0.016366782858351,1.0362630914072652,0.0043724431720687,0.0053196787695544,0.3870674729778716,1,Transition,0.9999
2020-06-09,bist100,-0.0036604552966845,0.0084096685337235,0.0212365106389085,0.0171509375705067,1.1559337382601993,0.0020967069438152,0.0052243372656051,0.396000485989245,1,Transition,0.9999
2020-06-10,bist100,0.0049529559141828,0.008013522273563,0.02123959671913,0.0092750626345554,1.404178837200421,0.0012199426717578,0.0057540794331962,0.3772916397393483,1,Transition,0.9989
2020-06-11,bist100,-0.0056956936028575,0.0083042306812011,0.0187301048738444,0.0129495056063193,1.3433163438061864,-0.0006977777547247,0.0054963873291462,0.4433627434087459,1,Transition,0.9991
2020-06-12,bist100,0.0062111817424541,0.0077280701451857,0.0185837871977993,0.0208896163853866,1.1145665188029636,-0.0003389557658179,0.0048830991517245,0.4158501204803345,1,Transition,0.9997
2020-06-15,bist100,-0.0025479002298121,0.007902235137303,0.0147355709251292,0.0123297729860787,1.1394612572292264,-0.0001479822945434,0.0044837957883409,0.5362693564744725,1,Transition,1.0
2020-06-16,bist100,0.0125509649821146,0.0073478787059649,0.0146198373789909,0.0105372589218554,1.390755790847693,0.0030943017612163,0.005595967802638,0.5025964732360138,1,Transition,0.9996
2020-06-17,bist100,2.7508365430831033e-06,0.0074530621051022,0.0144380585639758,0.0108257372754453,1.1647678535207626,0.0021042607456884,0.0053070037669835,0.5162094385527876,1,Transition,1.0
2020-06-18,bist100,0.0139156882668039,0.0066849424904441,0.014443368590429,0.0138611985512683,1.42918275373765,0.0060265371196207,0.0049049560174597,0.4628381840835923,1,Transition,0.9998
2020-06-19,bist100,0.0098830625190084,0.0067290091516457,0.0144561062902178,0.0130233700560801,1.6450566266072044,0.0067609132749315,0.0053136285648874,0.4654786715423628,1,Transition,0.9947
2020-06-22,bist100,0.0137955034222071,0.006988492638615,0.0141846376115314,0.0102457281294843,1.3963515913833364,0.0100295940053354,0.0057634709990118,0.4926803792952574,1,Transition,0.9997
2020-06-23,bist100,0.0012909830610153,0.0070457217436495,0.012375025397891,0.0105741506626492,1.4492691992153357,0.0077775976211155,0.0056454950374429,0.5693500835036875,1,Transition,0.9997
2020-06-24,bist100,-0.0077463781789465,0.0069637106382341,0.0124419784806118,0.0113090313968038,1.2767226280914834,0.0062277718180176,0.0043305518436782,0.5596947984667853,1,Transition,1.0
2020-06-25,bist100,-0.0027114448604016,0.0071398887356074,0.0120952868412307,0.0136289885036892,1.0792855193591762,0.0029023451925765,0.0040017909187046,0.5903033825761653,1,Transition,1.0
2020-06-26,bist100,0.0046274579071929,0.0071168917799356,0.0107944435699063,0.0084252178481378,0.9129260212908692,0.0018512242702134,0.0041569621736571,0.659310666070526,1,Transition,0.8318
2020-06-29,bist100,0.0101914764757792,0.006675718682064,0.0107986440317277,0.0136607596633399,1.0909399757154536,0.0011304188809278,0.0038461184409471,0.6181997167838785,1,Transition,0.9886
2020-06-30,bist100,0.005868219726284,0.0066319153788412,0.0106592102152409,0.0070706470720047,1.518496394390077,0.0020458662139816,0.0037536181350322,0.6221769948169912,1,Transition,0.7819
2020-07-01,bist100,-0.0104365809201873,0.0072049125374941,0.0107432730753932,0.0193844210931921,1.4393049487014666,0.0015078256657334,0.0027649502252993,0.6706440846222625,1,Transition,0.9907
2020-07-02,bist100,0.0137180247618691,0.0076094658336783,0.0108117791363556,0.0122464821057371,1.163877230738669,0.0047937195901875,0.003256206036915,0.7038125490457753,1,Transition,0.9276
2020-07-03,bist100,-0.0099658190635795,0.0081541284221416,0.0109598003787412,0.0179674959056922,1.177523706912382,0.001875064196033,0.00253706149384,0.7440033705320251,1,Transition,0.9645
2020-07-06,bist100,0.0233683986246142,0.0092471005095322,0.0108149304925162,0.0155150435435616,1.1434595338848026,0.0045104486258,0.0038806198043799,0.8550309700030935,1,Transition,0.9803
2020-07-07,bist100,0.0071792107821864,0.0090983123349979,0.0108211302428716,0.0223742559857924,1.8206739237697571,0.0047726468369805,0.0044226031083235,0.8407913157677231,2,Stress/Bear,0.613
2020-07-08,bist100,-0.0052628011010437,0.0093502438909614,0.0108712533338034,0.0137012543913156,1.366006829577197,0.0058074028008092,0.0039118152575622,0.8600888603973054,1,Transition,0.7626
2020-07-09,bist100,-0.0248952012456405,0.0111926269768499,0.0110527871253652,0.034992655308029,1.1904885665021605,-0.0019152424006926,0.002951839875423,1.0126519989843816,2,Stress/Bear,0.8996
2020-07-10,bist100,-0.0085429256344367,0.0114497649130343,0.0111451312659538,0.0228338520783096,1.1099662343094134,-0.001630663714864,0.0022141345065785,1.0273333386400847,1,Transition,0.9115
2020-07-13,bist100,0.0307914060390935,0.0130368974776234,0.011700078586464,0.0191996821171623,0.9683212881091736,-0.0001460622319682,0.0038810998200237,1.1142572574432017,1,Transition,0.5504
2020-07-14,bist100,-0.0055696678665289,0.0130323197478499,0.0114959125140958,0.0140598011466724,1.1060706888256635,-0.0026958379617112,0.0029750681775916,1.1336481320530414,1,Transition,0.7104
2020-07-16,bist100,0.0090162845642982,0.0130798866036768,0.0107902428330939,0.0064515777704302,0.8191543899971531,0.0001599791713571,0.0034257448639793,1.2121957592613677,0,Calm/Bull,0.7699
2020-07-17,bist100,-0.0001801314594599,0.0128628679426961,0.0108008713231897,0.006739044312939,0.6097978827663186,0.0051029931285932,0.0027209538776661,1.19091021064932,0,Calm/Bull,0.9915
2020-07-20,bist100,0.0041568396462119,0.0127583626833623,0.0105859800144101,0.0097627381187151,0.7748064984953977,0.0076429461847229,0.0024346427340263,1.2052131844189244,0,Calm/Bull,0.9922
2020-07-21,bist100,-0.0104406040030657,0.0127734797769941,0.0107142944924247,0.0290160755743307,1.0290843216827676,-0.0006034558237088,0.0012228373627627,1.1921904690995084,2,Stress/Bear,0.5924
2020-07-22,bist100,0.0003209429131734,0.0127750489699749,0.0105012553230459,0.0155488638851804,1.116339353947214,0.0005746663322315,0.0011743353553706,1.2165258892371562,0,Calm/Bull,0.9875
2020-07-23,bist100,0.008024121260096,0.0126818159331243,0.0105152602756469,0.009132104000991,0.7646784561258281,0.0003762336713911,0.0019628603273227,1.206039185020942,0,Calm/Bull,0.9935
2020-07-24,bist100,0.0014305241437389,0.0126351995992275,0.010511397057511,0.0082281074246925,0.6936561816869906,0.0006983647920309,0.0021699587775297,1.2020475993910695,0,Calm/Bull,0.9949
2020-07-27,bist100,0.0030857795152644,0.0126241158030598,0.0101088742711013,0.0075270119147061,0.0061875594157318,0.0004841527658414,0.0020928748579333,1.2488151958867375,2,Stress/Bear,0.8219
2020-07-28,bist100,-0.0366247590785538,0.0151342718953992,0.0112715524080064,0.0394727534050036,0.0096886528054915,-0.0047526782492561,-0.0002479369197832,1.3426963161391146,2,Stress/Bear,1.0
2020-07-29,bist100,-0.0149458223851549,0.0154047784415927,0.0114533580836991,0.0340790382580014,0.0109770069088019,-0.0078060313089218,-0.0012886390253552,1.345001031925949,2,Stress/Bear,1.0
2020-07-30,bist100,-0.0076906431413017,0.0153310153214287,0.0114879802051275,0.0111811537779926,0.0037984761021296,-0.0109489841892014,-0.0011513421364109,1.3345266137023737,2,Stress/Bear,0.9999
2020-08-04,bist100,-0.0358649519605423,0.0167438498386491,0.0120752273192436,0.0721122531872119,0.0123416549995963,-0.0184080794100577,-0.0036304909725315,1.3866281268233671,2,Stress/Bear,1.0
2020-08-05,bist100,0.0042222383794934,0.0167618576544296,0.0120748541570913,0.0315993586299788,0.0140575566796123,-0.0181807876372118,-0.0029210881003778,1.38816232778975,2,Stress/Bear,1.0
2020-08-06,bist100,-0.0540062385898288,0.0191358733556456,0.014049476324772,0.0579081777156775,0.0167386502873528,-0.0216570835394668,-0.0067898199611,1.3620346348358348,2,Stress/Bear,1.0
2020-08-07,bist100,0.0250132067133061,0.0202066266459733,0.0143877947636941,0.0723178946062383,0.0228202211118542,-0.0136652777197746,-0.005898120164544,1.4044283351165296,2,Stress/Bear,1.0
2020-08-10,bist100,0.0139508668714297,0.0206893919576643,0.0144509345395664,0.0370992443177413,0.0161320261068558,-0.0093369757172283,-0.0049374367659203,1.431699237237364,2,Stress/Bear,1.0
2020-08-11,bist100,0.0316644659440625,0.0216605449867191,0.0149601018773237,0.0272049664989386,0.0224491677105162,0.0041689078636926,-0.0021094534064352,1.4478875320730118,2,Stress/Bear,1.0
2020-08-12,bist100,0.0036865548400003,0.0216419805377887,0.0148069632348545,0.0204632648799591,0.0250428197546347,0.004061771155794,-0.0014979793827133,1.4616083118816106,2,Stress/Bear,0.9998
2020-08-13,bist100,-0.012553766944366,0.0203713123069061,0.0149151911176774,0.0273562978651173,0.0238353464264988,0.0123522654848865,-0.0036652380318863,1.3658096732506584,2,Stress/Bear,1.0
2020-08-14,bist100,-0.0151094535090706,0.0205293240542868,0.0150006480352988,0.017438643239586,0.0229964155003676,0.0043277334404112,-0.0041422273140134,1.3685624784994774,2,Stress/Bear,0.9997
2020-08-17,bist100,0.0022119041590619,0.020355425177117,0.0149903563288091,0.0118762392388579,0.0237381457592124,0.0019799408979376,-0.0044824463342752,1.3579013554198929,2,Stress/Bear,0.9938
2020-08-18,bist100,0.0057833567816722,0.0204651462239895,0.0147583686148084,0.0147368971496627,0.0253794144368904,-0.0031962809345404,-0.0041842719222186,1.386680788244783,2,Stress/Bear,0.9923
2020-08-19,bist100,0.0290475753042827,0.0217175966505271,0.0151916653544877,0.0234730736757492,0.0464924701874031,0.001875923158316,-0.002939735139315,1.4295731339363356,2,Stress/Bear,1.0
2020-08-20,bist100,0.0018655202521115,0.0216681691017045,0.015185925403355,0.0157969652779199,0.0675297242990885,0.0047597805976115,-0.0023244289265562,1.4268586553781804,2,Stress/Bear,0.9976
2020-08-21,bist100,-0.0151118280259506,0.0218430918319427,0.0153344706412059,0.0311742315133553,0.1530737961707108,0.0047593056942355,-0.0030960674735124,1.42444381309435,2,Stress/Bear,1.0
2020-08-24,bist100,-0.0013523942837209,0.0216919563085266,0.0151680184719566,0.0107362748644956,0.1575482746406813,0.0040464460056789,-0.0035648932507032,1.430111411627809,2,Stress/Bear,0.9721
2020-08-25,bist100,-0.0147235566473362,0.021796658675458,0.015295931159412,0.0321371191499515,0.8013151638454187,-5.4936680122716355e-05,-0.004372597290257,1.424997173973679,2,Stress/Bear,0.8033
2020-08-26,bist100,0.0062066308201271,0.0218639308307553,0.0153126638434992,0.0170155148973226,0.8057796497918351,-0.0046231255769538,-0.0042165547250139,1.4278332662567648,1,Transition,0.857
2020-08-27,bist100,0.0089679271712313,0.0206502225775529,0.015212915724599,0.0086572514209228,0.7482818917006019,-0.0032026441931298,-0.0019369204125246,1.357413854870826,1,Transition,0.816
2020-08-28,bist100,-0.0075131313810179,0.020469878398066,0.0152184176380459,0.0170816166295126,0.7664535686953211,-0.0016829048641433,-0.0015652858623178,1.3450727194456384,1,Transition,0.9554
2020-08-31,bist100,-0.0201915775887409,0.0208540133516942,0.0153976209897916,0.0243836355644124,0.7529759802314078,-0.0054507415251473,-0.0021903325846897,1.3543659351999993,1,Transition,0.7718
2020-09-01,bist100,0.0061004078726206,0.0193439904995757,0.0154101798647494,0.020180741966933,0.7338482233268874,-0.0012859486211559,-9.206459303161368e-05,1.2552735055237612,1,Transition,0.9606
2020-09-02,bist100,-0.001198592784806,0.0193183187190439,0.0153989871792203,0.0106098907769587,0.7057797829812202,-0.0027669933421425,-0.0003631061512465,1.2545187871259749,1,Transition,0.9613
2020-09-03,bist100,-0.007036429085682,0.0147744280420096,0.0154183872880072,0.0156090453865105,0.6594713104972894,-0.0059678645935252,0.0019853843239607,0.9582343319071686,1,Transition,0.9943
2020-09-04,bist100,0.0092482418230703,0.0138743089814829,0.0154608183299944,0.0158336014369379,0.7641472425358838,-0.0026155899527075,0.0011971360794489,0.8973851632786031,1,Transition,0.9973
2020-09-07,bist100,0.0096193616424877,0.0136974271153044,0.0154983218074683,0.0075675536102753,0.6846811631911556,0.0033465978935381,0.0009805608180018,0.8838006647083498,1,Transition,0.9976
2020-09-08,bist100,-0.0065861830469207,0.011714517878803,0.0155042791614364,0.0161528916342406,0.7451044711068547,0.0008092797096298,-0.0009319716315473,0.7555667539797927,1,Transition,0.9997
2020-09-09,bist100,0.0092266742832224,0.0118936101982361,0.0155297194298702,0.0111849730937691,1.0612097930827984,0.0028943331232355,-0.0006549656593862,0.765861241212106,1,Transition,0.9995
2020-09-10,bist100,-0.0005457329620407,0.0115597352982826,0.0155262579620549,0.0112820405742966,1.301018046361798,0.0041924723479638,-5.456396026993815e-05,0.7445280972745507,1,Transition,0.9969
2020-09-11,bist100,0.0032700500264197,0.0110177731403788,0.0154456649624046,0.0072549586141009,0.9072499577809928,0.0029968339886336,0.0008644112165045,0.7133246232646224,1,Transition,0.9999
2020-09-14,bist100,0.0041630123913703,0.0110389498589935,0.0154554731006199,0.006231428359134,0.981598991395498,0.0019055641384102,0.00096196662812,0.7142421190944154,1,Transition,0.9998
2020-09-15,bist100,0.0035158232693304,0.0109983950051998,0.0153543912290222,0.0197985213946058,1.071570893972349,0.0039259654016604,0.0008485899525029,0.7163029026127155,1,Transition,0.9996
2020-09-16,bist100,-0.0036965262130916,0.0087965174269125,0.0153031697513195,0.0107488823577083,0.6933753579357159,0.0013413253023976,-0.0007886151233658,0.5748166928720125,1,Transition,1.0
2020-09-17,bist100,0.0032464585525028,0.00882382448842,0.0151971807610619,0.0093634263660528,0.8819899508888911,0.0020997636053063,-0.0007195682083462,0.5806224606493077,1,Transition,1.0
2020-09-18,bist100,0.0011697987665687,0.0081515761788888,0.0151969322832433,0.0055756348128801,0.9375303013922272,0.0016797133533361,9.45131312797332e-05,0.5363961638413702,1,Transition,1.0
2020-09-21,bist100,-0.0227385965764309,0.0096215344143279,0.0154376201714355,0.0270470833407732,1.140608107251647,-0.0037006084402241,-0.0009747969833557,0.6232524383603407,1,Transition,0.9971
2020-09-22,bist100,0.0084279338866418,0.0092664872838528,0.015481882854666,0.0114942925529581,1.0187568760217398,-0.0027181863167618,0.0001827775433431,0.5985374886789049,1,Transition,1.0
2020-09-23,bist100,0.0059120959231084,0.0092566388361359,0.0154902238024467,0.0099755680943888,1.044950215863292,-0.0007964618895218,0.0001680507984922,0.597579412291887,1,Transition,1.0
2020-09-24,bist100,0.0152097545288084,0.0096651541627576,0.0155631400085727,0.0211683443247358,1.3996012652859444,0.0015961973057392,0.000480142166371,0.6210285429183147,1,Transition,0.9969
2020-09-25,bist100,0.0041001931594409,0.0095072210136697,0.0155524168104332,0.0100515810101356,1.3406582802226097,0.0021822761843137,0.0010608083933939,0.6113018400646159,1,Transition,0.9991
2020-09-28,bist100,-0.0026721456300518,0.0081572773052244,0.0155013818455191,0.0128433640677374,1.1153577148264058,0.0061955663735895,0.0019367799913284,0.5262290411601215,1,Transition,1.0
2020-09-29,bist100,0.0018713383492272,0.0080982666165935,0.0153926906386742,0.017715774517022,1.2483324004874046,0.0048842472661066,0.0017253265151587,0.526111178785504,1,Transition,0.9999
2020-09-30,bist100,0.0193084217066704,0.0089608668869543,0.015555996937885,0.0154558559741651,1.3765249065444976,0.007563512422819,0.0027506772397326,0.576039383572461,1,Transition,0.9987
2020-10-01,bist100,-0.0014855250471331,0.0087246260808328,0.0152461958842156,0.0110188393874909,1.1010341809324882,0.0042244565076307,0.00302822244166,0.5722493759814158,1,Transition,1.0
2020-10-02,bist100,0.0013109095179962,0.0086065255692937,0.0152142871144602,0.0111791415372838,1.0677946396015243,0.0036665997793417,0.0026313558264063,0.5656870745599184,1,Transition,1.0
2020-10-05,bist100,0.0136186644217217,0.0088212135722876,0.0153130487565147,0.0087878049775756,0.7824565117844773,0.0069247617896965,0.002831320965368,0.5760586093957788,1,Transition,1.0
2020-10-06,bist100,-0.0060491346022234,0.0087918055659658,0.0149914784877445,0.0145619644780585,1.1218846734742578,0.0053406671994063,0.0028581733876029,0.5864535357972288,1,Transition,0.9999
2020-10-07,bist100,-0.0011273871820683,0.0087014445777119,0.0149508800644479,0.0082437088808951,0.982181585541804,0.0012535054216586,0.0023404703143383,0.5820021657723932,1,Transition,1.0
2020-10-08,bist100,-0.0016501236672088,0.0087241989651059,0.014397108435322,0.0139939687078176,0.9702619866760218,0.0012205856976434,0.0022852507790799,0.6059688307759016,1,Transition,1.0
2020-10-09,bist100,0.0131250570192729,0.0090547946464501,0.0144870644908078,0.0132968031480214,1.1088217090223556,0.0035834151978988,0.0027780011287226,0.6250261847177887,1,Transition,0.9999
2020-10-12,bist100,0.0108359413864657,0.0092297646706308,0.0145085028234106,0.0106076593515943,1.2648827339782185,0.0030268705908476,0.0031116475784773,0.636162447839754,1,Transition,0.9997
2020-10-13,bist100,-0.0031448692437803,0.009333992672935,0.0145137023531666,0.0091938234814572,1.1558345898522844,0.0036077236625362,0.0027786129528218,0.643115894608278,1,Transition,0.9999
2020-10-14,bist100,0.0123521479458759,0.0094373059076087,0.0145936056524446,0.0143782612899471,1.6414152317765662,0.006303630688125,0.0035810466607702,0.6466740387786112,1,Transition,0.9507
2020-10-15,bist100,-0.0075114918654434,0.0097584993992431,0.0145631222086502,0.0138089922569124,1.206479831175456,0.0051313570484781,0.0030431491398729,0.6700829162476399,1,Transition,0.9997
2020-10-16,bist100,0.0103661709360922,0.0098814724119335,0.0146244893157283,0.0089713512428066,1.0616897355712809,0.004579579831842,0.003502967748349,0.6756798270765041,1,Transition,0.9999
2020-10-19,bist100,0.0105919347311216,0.0078180425007843,0.0146516036517578,0.0116144627850183,1.1266568631512714,0.0045307785007732,0.0051694943137267,0.5335963684662184,1,Transition,1.0
2020-10-20,bist100,0.0041393422431086,0.0077827006754229,0.014659599732486,0.0093357459762167,1.1073242396935028,0.005987620798151,0.00495506473155,0.5308944867148274,1,Transition,1.0
2020-10-21,bist100,0.0009083624652878,0.0078305951557292,0.0146551679443051,0.0113083155869457,1.0611534212326488,0.0036988637020333,0.004704878058659,0.5343231265235768,1,Transition,1.0
2020-10-22,bist100,-0.010955291776471,0.0081618631663229,0.0139174891799346,0.0161897074107042,1.4290922329519176,0.0030101037198278,0.003396625743395,0.5864465250018115,1,Transition,0.9991
2020-10-23,bist100,-0.0064465994820406,0.0084496544013674,0.013798845092162,0.0210818998162988,1.10369243885513,-0.0003524503637987,0.0028692861113209,0.6123450437288442,1,Transition,0.9999
2020-10-26,bist100,-0.0394895022542236,0.0126747160856016,0.0147105597820733,0.0366974434105891,1.3628837987284292,-0.0103687377608677,0.0010284182801123,0.8616066467468707,2,Stress/Bear,0.9882
2020-10-27,bist100,0.0070524159058055,0.0127455998270623,0.0139479704473641,0.0209961841968835,1.2339109054184114,-0.0097861230283284,0.0012874721579413,0.913796016069926,1,Transition,0.9564
2020-10-28,bist100,-0.0224610157532927,0.0130556657276019,0.0142644316972736,0.0227152719220002,0.6168241446507731,-0.0144599986720445,-0.0008009997150568,0.915260138270862,1,Transition,0.9714
2020-10-30,bist100,-0.0130393296549506,0.0133400689830308,0.0124784656913329,0.0226539063527922,1.5590228722383248,-0.0148768062477404,-0.0013786899454477,1.069047214057438,2,Stress/Bear,0.9779
2020-11-02,bist100,0.0188785133555,0.0140841095117511,0.0123040511701619,0.0227595143953492,1.2837140959127735,-0.0098117836802323,-0.0005003097535725,1.144672540529248,2,Stress/Bear,0.7007
2020-11-03,bist100,0.0149719948840973,0.0141585679433305,0.0123228062894331,0.0290259867836194,1.0012316666648862,0.0010805157474318,-0.0004326432304537,1.1489726942694471,1,Transition,0.7571
2020-11-04,bist100,0.0146655225518065,0.0144800964330919,0.01179281630859,0.014472994111176,1.045968821290754,0.0026031370766321,0.0006030896272477,1.2278743307944626,1,Transition,0.496
2020-11-05,bist100,0.0104785337682528,0.0146387834525825,0.0118530179312709,0.0159322253773311,1.0870304504670485,0.0091910469809412,0.0011833856747637,1.2350258421496283,1,Transition,0.8486
2020-11-06,bist100,0.0101180808706344,0.014754947626243,0.0117761591956307,0.012667832212233,1.007755535365486,0.0138225290860582,0.0017717959016559,1.252950761035698,1,Transition,0.7282
2020-11-09,bist100,0.0326003424933048,0.0161228825934875,0.0122483082037207,0.0195698145809927,1.2523857954015147,0.0165668949136192,0.0027455601753575,1.3163354746894518,2,Stress/Bear,0.8304
2020-11-10,bist100,0.009294923472147,0.0160858235624872,0.0122832013014407,0.0205954234487412,1.0673666090625868,0.0154314806312291,0.0026685092796416,1.3095790883603349,2,Stress/Bear,0.5127
2020-11-11,bist100,0.0287069910567189,0.0170290785162729,0.0127429574697845,0.0282990509726456,1.716151730883677,0.0182397743322116,0.0042611022946665,1.3363521424795968,2,Stress/Bear,0.996
2020-11-12,bist100,-0.0058015212333197,0.0170588985490935,0.0123051021785764,0.0323952580262994,1.705872346560756,0.0149837633318971,0.0033534188357068,1.386327256899471,2,Stress/Bear,0.9979
2020-11-13,bist100,0.0152162276254763,0.0170540423678944,0.0124218906001491,0.015488349044466,1.027894287767857,0.0160033926828654,0.0044898048102527,1.372902315504989,2,Stress/Bear,0.5015
2020-11-16,bist100,0.0013156060661292,0.0170099275706738,0.0122115163519474,0.0143078869356696,0.8252567011487256,0.0097464453974303,0.0040372765667546,1.3929414726584075,1,Transition,0.5557
2020-11-17,bist100,-0.0260915840294667,0.0182019602081663,0.0127510761054809,0.0264350461223207,0.8640181968140213,0.0026691438971076,0.0022031006287252,1.427484241925466,2,Stress/Bear,0.9024
2020-11-18,bist100,0.0274054615501105,0.0190556803273375,0.0129652816956761,0.0236349257023723,1.1716826786496992,0.0024088379957859,0.0033664065940753,1.469746726266073,2,Stress/Bear,0.6805
2020-11-19,bist100,0.0140356055710158,0.0191921498512015,0.0130389776044419,0.0365576956349823,1.674447168592177,0.006376263356653,0.0040227687493617,1.4719060369168309,2,Stress/Bear,0.9922
2020-11-20,bist100,0.0083428140233668,0.0188820903057693,0.0130343488899905,0.009592251628458,0.8588649130078841,0.0050015806362311,0.0049876740393536,1.4486408538802755,1,Transition,0.653
2020-11-23,bist100,-0.0073531624448841,0.0189120483642984,0.0130321875835561,0.0279997871211846,1.0280051148482667,0.0032678269340284,0.0049423458912114,1.4511798762136838,2,Stress/Bear,0.6535
2020-11-24,bist100,0.0050848107339971,0.01576494043428,0.0126748351229579,0.01937943413967,1.215787941774661,0.0095031058867212,0.0071710615406224,1.2437984621768403,1,Transition,0.7788
2020-11-25,bist100,0.0034006469945258,0.0157875180031321,0.0126698005250566,0.0139570719103429,0.9677943538968188,0.0047021429756042,0.0069884730950584,1.246074709061895,1,Transition,0.8549
2020-11-26,bist100,0.0127438682926392,0.0142155433032075,0.0127130488134246,0.0132589517337349,0.7260812776201138,0.0044437955199289,0.008748717297355,1.1181852214864745,1,Transition,0.6892
2020-11-27,bist100,-0.010332618309223,0.0140085759840583,0.0127666507246292,0.0203207231613835,0.9665177095014889,0.000708709053411,0.0088840528646414,1.0972788624218537,1,Transition,0.6272
2020-11-30,bist100,-0.0345323696551807,0.0168132532367192,0.0136535264518355,0.0256311937153804,0.8851187460404311,-0.0047271323886482,0.0062135087141074,1.2314220282964927,2,Stress/Bear,0.9761
2020-12-01,bist100,0.0319702578665099,0.01768626616054,0.014139503901695,0.0284465956819689,0.7954865811822561,0.0006499570378542,0.007063421863228,1.2508406435971076,2,Stress/Bear,0.9974
2020-12-02,bist100,0.0001508618052544,0.0176556744809591,0.0140874986217109,0.0155413697623912,0.7904820357868554,-1.951563910473908e-19,0.0063376888259004,1.25328668737182,1,Transition,0.8498
2020-12-03,bist100,0.0040656983800501,0.0176347341272511,0.0140662287323246,0.0152529539768909,0.9863629317075372,-0.0017356339825178,0.0060170470564903,1.2536931158190272,1,Transition,0.8435
2020-12-04,bist100,0.0,0.0176560124036334,0.0140639548141549,0.008791145292325,0.9044625178934892,0.0003308896793267,0.0055111430129586,1.255408783442846,1,Transition,0.8582
2020-12-07,bist100,-0.0007516576597462,0.0164999854130996,0.0140731445839714,0.0079705480287591,0.8412598408730333,0.0070870320784136,0.003843543005306,1.1724448160571186,1,Transition,0.9712
2020-12-08,bist100,0.0074912724712171,0.0164735299279162,0.0140838712136054,0.0124637369819603,0.9141392038075769,0.002191234999355,0.0037533604552595,1.1696734284251529,1,Transition,0.9852
2020-12-09,bist100,0.0077317739076326,0.015436308333063,0.0140960976237566,0.0134785215048927,0.9747777491379837,0.0037074174198307,0.0027045995978052,1.0950767187542545,1,Transition,0.9622
2020-12-10,bist100,0.0022931489262878,0.0153071220092688,0.0140672622871785,0.0149993767472048,1.0713010403274743,0.0033529075290782,0.0031093331057856,1.0881379544064071,1,Transition,0.978
2020-12-11,bist100,0.0127015378845368,0.0152124758604801,0.0141189702182945,0.0207194697451551,0.9374332935257728,0.0058932151059856,0.0029835986187386,1.077449390803916,1,Transition,0.9836
2020-12-14,bist100,0.0129745740035428,0.015367788985277,0.0141680344346219,0.0118105366594841,0.8412025061262768,0.0086384614386434,0.0035665470156093,1.0846803807678025,1,Transition,0.9735
2020-12-15,bist100,0.0048850404868132,0.0136908843131587,0.0137365162816512,0.0105347222513825,0.9527110350768936,0.0081172150417626,0.0051153782414233,0.9966780537687326,1,Transition,0.981
2020-12-16,bist100,-0.0020804483132767,0.012717222292961,0.0137481981877684,0.0178098250953183,0.9172796641958556,0.0061547705975808,0.0036410827482539,0.9250101081809646,1,Transition,0.9939
2020-12-17,bist100,0.0049429243231485,0.0124865020981238,0.013746467896052,0.0097184848615959,0.8508957130741894,0.0066847256769529,0.0031864486858605,0.9083425788023636,1,Transition,0.9007
2020-12-18,bist100,0.0063397807454282,0.0124509495532014,0.0136710470507474,0.0101541744963673,0.8555427699733921,0.0054123742491312,0.0030862970219636,0.9107531783763932,1,Transition,0.852
2020-12-21,bist100,-0.0171164905850028,0.0130583728636269,0.013935602299205,0.0239093832127745,0.9677055446961572,-0.0006058386685778,0.0025981306149577,0.9370512004616992,1,Transition,0.9889
2020-12-22,bist100,0.0147704430580402,0.0133321770907167,0.0139871404403159,0.0135944476045811,0.8947274353967412,0.0013712418456674,0.0030824122311598,0.9531738919478252,1,Transition,0.9588
2020-12-23,bist100,0.0089984642860514,0.0133978073504909,0.0140010802493114,0.0081823798991125,1.020872672723753,0.0035870243655331,0.0033623030957361,0.9569124033232976,1,Transition,0.8959
2020-12-24,bist100,0.0058375473652787,0.0132312465089453,0.0138567369025475,0.0118514124192221,1.0377377227536653,0.0037659489739591,0.0030169870493681,0.954860195585646,1,Transition,0.8274
2020-12-28,bist100,0.0092835604506288,0.0129128048543733,0.013858770230889,0.0077121910579734,0.602628800785989,0.0043547049149992,0.0039977959873607,0.9317424734838828,1,Transition,0.8607
2020-12-29,bist100,0.0140740581656251,0.0093665086701837,0.0139172087141356,0.0160992838230513,0.7045557101181629,0.0105928146651249,0.006428117378401,0.6730163255129075,1,Transition,0.9968
2020-12-30,bist100,0.0137436221466277,0.007438885618015,0.0139186745909978,0.0135820537631863,0.8672950904873915,0.0103874504828424,0.0055167855924069,0.5344535910643639,1,Transition,0.9999
