Date,market,log_return,volatility_20,volatility_60,range_pct,volume_ratio,return_ma5,return_ma20,volatility_ratio,gmm_regime,gmm_regime_label,gmm_regime_prob
2022-03-16,sp500,0.0221369216483934,0.0163765370615116,0.0134486251578765,0.024532608051387,1.1418786095131668,0.0037047094847039,-0.0012823317230561,1.2177108715027498,1,Transition,0.8693
2022-03-17,sp500,0.0122722050687002,0.0166515155259034,0.0134840877560906,0.0174582461732576,0.8964642899852271,0.0070193604824934,-0.0007127624556352,1.2349011536492085,1,Transition,0.9704
2022-03-18,sp500,0.0115948144118881,0.0161200196830386,0.0133681433892938,0.0167663150800779,1.4402816528208997,0.0119475791515186,0.0009370034718059,1.2058532896908276,1,Transition,0.6692
2022-03-21,sp500,-0.0004347548543014,0.0160111216471295,0.0132927156796354,0.0128778020722821,0.8460609844882797,0.013350363199765,0.0012748638122841,1.2045034312784368,1,Transition,0.8688
2022-03-22,sp500,0.0112406995540742,0.0159201239631918,0.0133538216852896,0.0117252829803143,0.8287273221943172,0.0113619771657509,0.0023466355617387,1.1921773660291697,1,Transition,0.9521
2022-03-23,sp500,-0.0123486302524952,0.0155453211105827,0.01329779600885,0.0101564914018482,0.794851517833711,0.0044648667855731,0.0026583908365533,1.1690148578183135,1,Transition,0.9598
2022-03-24,sp500,0.014242012281618,0.015520961745954,0.0134465889551782,0.0122584497749232,0.7385202976933654,0.0048588282281567,0.002628186187998,1.1542675839716945,1,Transition,0.9502
2022-03-25,sp500,0.0050533807042376,0.0148470175043324,0.0134656832089132,0.0098964047046775,0.7756033260526649,0.0035505414866266,0.0017745511956466,1.1025818203197355,1,Transition,0.6019
2022-03-28,sp500,0.0071195510200425,0.0148579758276956,0.0135021842858389,0.0126674040743106,0.7894170309018362,0.0050614026614954,0.002252808319805,1.100412756421836,1,Transition,0.7488
2022-03-29,sp500,0.012182044101391,0.0143928293483901,0.0136017914381145,0.0102857862149211,0.93756889944497,0.0052496715709588,0.0036416339142053,1.0581568916031865,1,Transition,0.9059
2022-03-30,sp500,-0.0063135889990887,0.0141130739408514,0.0135922689225087,0.0100924927682669,0.8156230373424969,0.0064566798216401,0.0024024021252182,1.0383162679690832,1,Transition,0.766
2022-03-31,sp500,-0.0157763352268817,0.0146008308900666,0.0137311055443345,0.0160382096681712,0.8987920214509066,0.0004530103199401,0.0018770114010864,1.063339790297578,1,Transition,0.9697
2022-04-01,sp500,0.003404420961463,0.0144176268988316,0.0135212270176715,0.0090478748423321,0.8602193107352653,0.0001232183713852,0.0024455166763096,1.0662957496378516,1,Transition,0.8178
2022-04-04,sp500,0.0080583825321336,0.0122655502338259,0.0135667265896674,0.0096647429737331,0.8770649920328626,0.0003109846738034,0.0043465651436372,0.904090618526032,1,Transition,0.9803
2022-04-05,sp500,-0.0126311590740053,0.0125876255624804,0.0136507110325761,0.0175200373436219,0.9482499196807654,-0.0046516559612758,0.0040780093887218,0.9221223372497754,1,Transition,0.9957
2022-04-06,sp500,-0.0097644339124797,0.0118918262530099,0.0137021111355827,0.0120281408831155,0.9916504244486056,-0.005341824943954,0.0023211077869908,0.8678827762627237,1,Transition,0.9915
2022-04-07,sp500,0.0042443655520372,0.0117944898875777,0.0136573579799809,0.0157460101145454,0.9602932888973116,-0.0013376847881702,0.002748378560605,0.8635996731480756,1,Transition,0.9863
2022-04-08,sp500,-0.0026545466755523,0.0112797229185109,0.01365127979099,0.0102065960204295,0.820235996632838,-0.0025494783155733,0.0032679651734893,0.8262758577372091,1,Transition,0.9966
2022-04-11,sp500,-0.0170213345846961,0.0119420494335338,0.013700351319876,0.0126843823314312,0.8684298162620241,-0.0075654217389392,0.0027893321990311,0.8716600877386743,1,Transition,0.9976
2022-04-12,sp500,-0.0034233005304522,0.0111912775485048,0.0137022434113154,0.0203891237575752,0.8559900169648101,-0.0057238500302286,0.0015590356863013,0.8167478282616836,1,Transition,0.9991
2022-04-13,sp500,0.0111126032689019,0.0103654122554558,0.0135919179393658,0.0137677925587287,0.8099249579344253,-0.0015484425939523,0.0010078197673267,0.762615864935062,1,Transition,0.9997
2022-04-14,sp500,-0.0122184803835081,0.0104111595214784,0.0136242953988675,0.0158653422889934,0.8721850862841826,-0.0048410117810613,-0.0002167145052836,0.7641613174611506,1,Transition,0.9998
2022-04-18,sp500,-0.0002048892724065,0.010034096826046,0.0135533801084968,0.0091104459650078,0.8761918973832257,-0.0043510803004322,-0.0008066996894984,0.7403390700859519,1,Transition,0.9999
2022-04-19,sp500,0.0159300447493866,0.0107104691069398,0.0134860697012368,0.0180179559114376,0.9283956241933556,0.0022391955663843,1.1540290685989503e-05,0.7941875835001474,1,Transition,0.9994
2022-04-20,sp500,-0.0006186664061825,0.0103792296032758,0.0134824044295794,0.0088643827615906,0.9747151557421228,0.0028001223912382,-0.0005814280073268,0.7698352068793111,1,Transition,0.9997
2022-04-21,sp500,-0.014862855551311,0.0105431838633845,0.0135274484399686,0.0292397959773359,1.0523895676827713,-0.0023949693728043,-0.0007071392722676,0.7793919089895279,1,Transition,0.9932
2022-04-22,sp500,-0.0281320763773669,0.0115869428943898,0.0140105396431853,0.0276722974691393,1.0496050843778753,-0.005577688571576,-0.0028258437052168,0.8270161742146469,1,Transition,0.9801
2022-04-25,sp500,0.0056817651441118,0.0116102612392014,0.0140152489339985,0.0228578793501676,1.1699555040739371,-0.0044003576882724,-0.0027944244832231,0.8284020707642973,1,Transition,0.9975
2022-04-26,sp500,-0.0285500089285977,0.0126960675621369,0.0141224276833203,0.0246934500942016,1.0427432995254822,-0.0132963684238693,-0.0045779024806552,0.8990003593455808,1,Transition,0.9722
2022-04-27,sp500,0.0020958490249645,0.012185342969655,0.0138905117265863,0.0185972283005105,1.0642067635881212,-0.0127534653376398,-0.0050822122344765,0.8772421930527141,1,Transition,0.9921
2022-04-28,sp500,0.0244456553408321,0.0138492659916931,0.0142461631688318,0.0279464285714285,1.0774277599156468,-0.0048917631592112,-0.0035442500174804,0.9721400651926396,1,Transition,0.7564
2022-04-29,sp500,-0.0369591597846941,0.0155406730956194,0.0149155055989106,0.0351894597535177,1.1251856855270637,-0.0066571798406766,-0.004603391245371,1.0419139326228726,2,Stress/Bear,0.9261
2022-05-02,sp500,0.0056591992938186,0.0156098474182536,0.0146362708203987,0.0258219589674436,1.1352895155465028,-0.0066616930107353,-0.0044906523287533,1.0665180775760217,1,Transition,0.9537
2022-05-03,sp500,0.0048254650753595,0.0154893317646379,0.0146339743958242,0.0126979460515334,1.0070064422874796,1.340179005615387e-05,-0.004652298201592,1.0584501069687369,1,Transition,0.9862
2022-05-04,sp500,0.0294252215573258,0.0171182370376913,0.0151554814927215,0.036917145806829,1.12467898478998,0.0054792762965284,-0.0025494791700254,1.129507963565023,2,Stress/Bear,0.9942
2022-05-05,sp500,-0.036300677564099,0.0186653717602757,0.0157866283599136,0.0396492789766378,1.1105910980644833,-0.0066699902844578,-0.0038762913526064,1.1823532761227191,2,Stress/Bear,0.9964
2022-05-06,sp500,-0.0056903844139527,0.0185698352715883,0.0156572351642832,0.021773618643867,1.1157159493868505,-0.0004162352103095,-0.0043730288509059,1.186022632779337,1,Transition,0.926
2022-05-09,sp500,-0.0325615195396041,0.0195997493717728,0.016016770470972,0.0265055570001661,1.2723863494312262,-0.0080603789769941,-0.0058683774941085,1.223701707363196,2,Stress/Bear,0.9656
2022-05-10,sp500,0.0024548817604092,0.0195000342454318,0.0158671386760749,0.0276552767733519,1.2363138278872912,-0.0085344956399841,-0.0048945666768532,1.2289571953407477,2,Stress/Bear,0.5816
2022-05-11,sp500,-0.0166002320956977,0.0196695754622501,0.015982008044118,0.0305627751768666,1.2006934787563297,-0.0177395863705889,-0.0055534132551155,1.230732421605134,2,Stress/Bear,0.9633
2022-05-12,sp500,-0.0012968049941124,0.0193085946432844,0.0158161915434269,0.0269536318687844,1.2656689817932678,-0.0107388118565915,-0.0061738836682662,1.220811886999995,2,Stress/Bear,0.7589
2022-05-13,sp500,0.0235892679568694,0.0203506278424101,0.0161579429904075,0.0186337058096562,1.0321448317040234,-0.0048828813824271,-0.0043834962512473,1.2594813494819026,2,Stress/Bear,0.6619
2022-05-16,sp500,-0.0039542085177224,0.0203273651177287,0.015954407470961,0.0155862811098064,0.8747590342527751,0.0008385808219492,-0.0045709622135131,1.2740908839596226,1,Transition,0.9036
2022-05-17,sp500,0.0199689195814626,0.0205604789091299,0.0161734194419457,0.013889000013733,0.9523205364173238,0.0043413883861598,-0.0043690184719093,1.2712512021920566,1,Transition,0.6152
2022-05-18,sp500,-0.0412338092912488,0.0221173910334935,0.0169493962476989,0.0356986479018962,0.9958587682189366,-0.0005853270529503,-0.0063997756161626,1.3049073082173217,2,Stress/Bear,0.9999
2022-05-19,sp500,-0.0058508647773478,0.0220275157099329,0.0168115961519993,0.0177861105360016,0.993255118778146,-0.0014961390095974,-0.0059491760774645,1.3102572480789267,2,Stress/Bear,0.6102
2022-05-20,sp500,0.0001461310919903,0.0214281005513863,0.0166784086445286,0.0341162696728298,0.991979450192896,-0.0061847663825732,-0.0045352657039966,1.284780880963472,2,Stress/Bear,0.8598
2022-05-23,sp500,0.0183849954120607,0.0219292983770465,0.0165950762324766,0.0183302532242843,0.8614005244568366,-0.0017169255966165,-0.0039001041905992,1.3214340247579464,1,Transition,0.5363
2022-05-24,sp500,-0.008153950903558,0.0211842367761827,0.0166161226226061,0.0204364982766055,0.957283713611911,-0.0073414996936207,-0.0028803012893472,1.2749205851045955,1,Transition,0.7601
2022-05-25,sp500,0.0094063856489315,0.0213371362389123,0.0165761065380039,0.0186743129573652,0.9335295421719252,0.0027865392944153,-0.0025147744581488,1.2872224361005913,1,Transition,0.8359
2022-05-26,sp500,0.0196881660077208,0.0210452749789185,0.0166014601233794,0.0223123122057133,0.9168167452681444,0.007894345451429,-0.0027526489248044,1.267676145502466,2,Stress/Bear,0.5566
2022-05-27,sp500,0.024441130195822,0.0202563633107913,0.0169210213198537,0.0194938960150191,0.8576472923011337,0.0127533452721954,0.0003173655742213,1.1971123331086526,2,Stress/Bear,0.6144
2022-05-31,sp500,-0.0062941351936669,0.0202667961293761,0.0169104013482178,0.0153576134548036,1.3158849952650329,0.0078175191510498,-0.0002803011501529,1.1984810834493895,2,Stress/Bear,0.8023
2022-06-01,sp500,-0.0075109050411554,0.0202909377803836,0.0164969443406402,0.0226005227328548,0.8744736307646145,0.0079461283235304,-0.0008971196559786,1.2299815869777095,1,Transition,0.6718
2022-06-02,sp500,0.0182632254155451,0.0195531204978305,0.0166454799759012,0.0246933439262709,0.8561932873656498,0.0097174962768531,-0.0014552194630676,1.1746804854013788,2,Stress/Bear,0.5741
2022-06-03,sp500,-0.016482405609817,0.0181458101310157,0.0164409293624601,0.0107094003177927,0.7308941637142582,0.0024833819533455,-0.0004643058653535,1.1036973476966812,1,Transition,0.9523
2022-06-06,sp500,0.003132489407036,0.0181192990526369,0.0164411357860614,0.0144609047910662,0.8599560048357763,-0.0017783462044116,-2.3162174304156232e-05,1.1020710058241991,1,Transition,0.9881
2022-06-07,sp500,0.0094783315317198,0.0165132119253319,0.0164080733742722,0.0203500192992126,0.8577103959234119,0.0013761471406656,0.002078830379262,1.0064077328679302,1,Transition,0.9889
2022-06-08,sp500,-0.0108526230401553,0.0167634687128134,0.0164395076868131,0.0128627064085275,0.8546888946971304,0.0007078035408657,0.0014134551392338,1.019706248640292,1,Transition,0.9896
2022-06-09,sp500,-0.0240864576651555,0.0172630030762377,0.0164788558356562,0.0253695222899496,0.8644280628982512,-0.0077621330752744,0.0010391438607609,1.0475850537441358,1,Transition,0.8524
2022-06-10,sp500,-0.0295424148114094,0.0185700644488621,0.0165999748590533,0.0190291316336923,1.0375433747341498,-0.0103741349155928,-0.0003731366301039,1.118680275514652,2,Stress/Bear,0.5603
2022-06-13,sp500,-0.0395399319900399,0.0196182981314886,0.0171902201475879,0.0276960278110782,1.190375907014137,-0.018908619195008,-0.0035295966274493,1.1412476374970333,2,Stress/Bear,0.9986
2022-06-14,sp500,-0.0037808180394896,0.0196181389262604,0.0170876589410495,0.0194084830809084,1.0799526730080142,-0.0215604491092499,-0.0035209271035377,1.1480881608148137,2,Stress/Bear,0.9954
2022-06-15,sp500,0.0144870588365344,0.0193085313079651,0.0172330949385235,0.0304116923956565,1.15055745183421,-0.016492512733912,-0.0037950201407841,1.1204331767941498,2,Stress/Bear,0.9939
2022-06-16,sp500,-0.0330522071138406,0.018545167294951,0.017570419858325,0.0241111145881674,1.1677872494876516,-0.018285662623649,-0.0033859400319137,1.0554766160675515,2,Stress/Bear,0.9829
2022-06-17,sp500,0.0021984473410133,0.0185761750737023,0.017545977483456,0.019276986768331,1.7027081899545744,-0.0119374901931644,-0.0029834744259956,1.0587141748710054,2,Stress/Bear,1.0
2022-06-21,sp500,0.0241824749606719,0.0195417480377673,0.017759223515993,0.0170898889665628,1.055853649753322,0.0008069911969779,-0.0017816572325616,1.1003717600698617,1,Transition,0.6571
2022-06-22,sp500,-0.0013024200953574,0.0189596170346855,0.0177290137619819,0.0223677022623083,1.0029216420074134,0.0013026707858043,-0.0027660280079325,1.0694118290630732,1,Transition,0.9381
2022-06-23,sp500,0.0094870724855565,0.0191055557601783,0.0177548813889703,0.0155596048448252,1.0090272658457062,0.0003026735156087,-0.0018839768384767,1.0760734099889355,1,Transition,0.941
2022-06-24,sp500,0.030105539729901,0.0202742474627017,0.0181626968210209,0.0234933565556957,1.5559302612997734,0.0129342228843571,-0.0008490191344283,1.1162575504336427,2,Stress/Bear,0.9986
2022-06-27,sp500,-0.0029774998903406,0.019690934234651,0.0181569115661632,0.0097587138684423,0.8318420548045581,0.0118990334380862,-0.0019823024293313,1.0844869824307866,2,Stress/Bear,0.5669
2022-06-28,sp500,-0.0203486731494949,0.0190646329863531,0.0182219476793857,0.032897702041689,0.8220619043347049,0.0029928038160529,-0.0042217925965972,1.0462456221362506,2,Stress/Bear,0.9694
2022-06-29,sp500,-0.0007119988201726,0.0190735562651145,0.0182057961842054,0.0098145190286005,0.8316310651696186,0.0031108880710898,-0.0039426857779225,1.0476639457087844,1,Transition,0.9011
2022-06-30,sp500,-0.0087978662463676,0.0190883929992531,0.0181637652534215,0.0212184961208432,0.9529112148644912,-0.0005460996752949,-0.0040070338381831,1.0509050702280724,1,Transition,0.9203
2022-07-01,sp500,0.0104985112966391,0.0186863305678769,0.0182052955170055,0.0203171933181828,0.7995865096807572,-0.0044675053619473,-0.0043952695441284,1.0264228092547103,1,Transition,0.9439
2022-07-05,sp500,0.0015828751061934,0.018507070751998,0.01819065428556,0.0235240696821518,0.9896702018830984,-0.0035554303626405,-0.0034920055083279,1.0173944521989629,1,Transition,0.9511
2022-07-06,sp500,0.0035667957050661,0.0185155055919119,0.0181865362509233,0.0160048148989094,0.8605117993326034,0.0012276634082717,-0.0034702901934263,1.0180886198696513,1,Transition,0.9767
2022-07-07,sp500,0.0148537231809303,0.0187508777604393,0.0183259343942663,0.0132679542464835,0.7918671531455037,0.0043408078084923,-0.0032015206109658,1.023188087277341,1,Transition,0.9416
2022-07-08,sp500,-0.0008306163961273,0.0186693848833171,0.0182248702252199,0.0126071102551612,0.6915423608528293,0.0059342577785403,-0.0027004202787644,1.0243905527229542,1,Transition,0.9459
2022-07-11,sp500,-0.0115944176605255,0.0181170329098395,0.0182657098347529,0.008748367800468,0.6769945773871021,0.0015156719871074,-0.0020758182785329,0.991860325918978,1,Transition,0.9678
2022-07-12,sp500,-0.0092868684974937,0.0170346113761686,0.0182035248276651,0.0186052696603748,0.762944865125884,-0.00065827673363,-0.0010630409628371,0.935786422543832,1,Transition,0.994
2022-07-13,sp500,-0.0044668641118166,0.0144786423003997,0.0181611046738972,0.018509717160014,0.8340750125383534,-0.0022650086970065,0.0006906124310739,0.7972335692338004,1,Transition,0.9992
2022-07-14,sp500,-0.0030031388127643,0.0144670413862261,0.0181589453514361,0.0197473223871391,0.8607380799983931,-0.0058363810957455,0.0007294963924102,0.7966895161718205,1,Transition,0.9987
2022-07-15,sp500,0.0190192316586336,0.0147270379791102,0.0182162428984466,0.0120212951582212,0.8615257184284131,-0.0018664114847933,0.0009561050335152,0.8084563903331597,1,Transition,0.9973
2022-07-18,sp500,-0.0083987424858359,0.0126103247510564,0.0182310131561049,0.0218776659115494,0.8555866295019636,-0.0012272764498553,0.0021887782649154,0.6916963222547876,1,Transition,0.9991
2022-07-19,sp500,0.0272535176437308,0.0137997687918431,0.0185561040416791,0.0200879620447708,0.8968292497535205,0.0060808007783895,0.0034415317800513,0.743678132050095,1,Transition,0.9872
2022-07-20,sp500,0.0058784939410571,0.0129314773649261,0.018256078258571,0.0131568612339894,0.940389108940145,0.0081498723889642,0.0025263327290705,0.7083381864259358,1,Transition,0.9996
2022-07-21,sp500,0.0098130666895046,0.012996960112695,0.0182904757186613,0.0179172401153403,0.9383545991304624,0.010713113489418,0.0030821070683136,0.7105862260014667,1,Transition,0.9981
2022-07-22,sp500,-0.0093762872938138,0.0131906968057966,0.0179691099883216,0.0185731217102335,0.9151202951849616,0.0050340096989285,0.0021389390793451,0.7340762460895094,1,Transition,0.9988
2022-07-25,sp500,0.0013143029733058,0.0114317141259411,0.0179672030114663,0.0080265619952318,0.8659488243401622,0.0069766187907569,0.0006993772415154,0.6362545198963716,1,Transition,0.9998
2022-07-26,sp500,-0.0116103425992633,0.0117367644329608,0.0177066012488629,0.0108338276583452,0.923178850496426,-0.0007961532578418,0.0002677351060692,0.6628468257686956,1,Transition,0.9998
2022-07-27,sp500,0.025820048778629,0.0120056742027269,0.0174277558429435,0.0219032472332649,1.0065270864972051,0.0031921577096724,0.0025761712024754,0.6888823960422865,1,Transition,0.9937
2022-07-28,sp500,0.0120603197919128,0.0121602641384285,0.0174852401861625,0.0211126973114334,1.0774974078899031,0.0036416083301541,0.0032147871330797,0.695458798904687,1,Transition,0.9988
2022-07-29,sp500,0.0141077757817535,0.012047468380186,0.017572528150134,0.0147519740900459,1.130237468465504,0.0083384209452675,0.0043600692344858,0.6855853794773482,1,Transition,0.9991
2022-08-01,sp500,-0.0028270765449167,0.0120585947116959,0.0171394797485646,0.0118802070526999,1.0270272119532506,0.007510145041623,0.003693789842408,0.7035566358252976,1,Transition,0.9995
2022-08-02,sp500,-0.0066846883788709,0.012274542848953,0.0165123751589385,0.014827020284751,1.160241142740747,0.0084952758857015,0.0032804116681547,0.7433541650311001,1,Transition,0.9979
2022-08-03,sp500,0.0155174562700907,0.0125763896820088,0.0166200432828503,0.0143676904759554,1.068843244953232,0.0064347573839938,0.003877944696406,0.7567001762857019,1,Transition,0.999
2022-08-04,sp500,-0.0007776424495837,0.0123419178113918,0.0160574670518204,0.0062308505307371,1.049127615014851,0.0038671649356945,0.0030963764148803,0.7686092564638066,1,Transition,0.9989
2022-08-05,sp500,-0.0016270690189191,0.0123565318703344,0.0160583717202821,0.0106798530723616,0.993913709460356,0.00072019597556,0.0030565537837407,0.7694760144783401,1,Transition,0.9996
2022-08-08,sp500,-0.0012383171221209,0.0119195245143341,0.0159013465863928,0.0139248951773254,1.016924040212574,0.0010379478601191,0.0035743588106609,0.7495921461477966,1,Transition,0.9996
2022-08-09,sp500,-0.0042577442359264,0.0116846554664583,0.0159126995557853,0.0061152560536948,0.9416346719574746,0.001523336688708,0.0038258150237393,0.7342974977624218,1,Transition,0.9995
2022-08-10,sp500,0.0210671584604074,0.0121178171884621,0.0158546950534826,0.0080209246150684,1.088221902943076,0.0026332771267714,0.0051025161523505,0.7643046521919923,1,Transition,0.9963
2022-08-11,sp500,-0.0007057229222018,0.0120476214459464,0.015843885805328,0.0134291356955251,1.1026933491053743,0.0026476610322478,0.0052173869468786,0.760395624783853,1,Transition,0.9991
2022-08-12,sp500,0.0171740469514926,0.0119429764280982,0.0157906185607517,0.014179510314409,0.9059619697876352,0.0064078842263301,0.0051251277115215,0.7563336662303424,1,Transition,0.9989
2022-08-15,sp500,0.0039616840562331,0.0115185858097823,0.0148002600381146,0.0104465144934806,0.887871364411461,0.007447884462001,0.005743149038625,0.7782691506851162,1,Transition,0.9994
2022-08-16,sp500,0.0018739228259478,0.0103642790502325,0.0147686609177253,0.0110354370225869,1.0363038554858477,0.0086742178743758,0.0044741692977358,0.7017751377711768,1,Transition,0.9997
2022-08-17,sp500,-0.007264114867648,0.0106823171730304,0.0148123197670709,0.0114879826130547,0.9332006445159932,0.0030079632087647,0.0038170388573006,0.7211778668712069,1,Transition,0.9998
2022-08-18,sp500,0.0022669896063847,0.0105922743506459,0.0146465144262038,0.0071315726482087,0.8100713447141155,0.003602505714482,0.0034397350031446,0.7231942046017085,1,Transition,0.9999
2022-08-19,sp500,-0.0129839287130388,0.0108496053553825,0.0147122127575406,0.0112593327865234,0.914587976577382,-0.0024290894184242,0.0032593529321833,0.737455713439271,1,Transition,0.9997
2022-08-22,sp500,-0.0216323664664945,0.0121958832233287,0.0149613317822731,0.0157613264289399,0.9462096511238908,-0.0075478995229697,0.0021120194601933,0.8151602678699333,1,Transition,0.9976
2022-08-23,sp500,-0.0022403704344374,0.0118150262104748,0.0147548983836215,0.0086564717344248,0.9253909142020564,-0.0083707581750468,0.0025805180684346,0.8007528010894321,1,Transition,0.9981
2022-08-24,sp500,0.0029119166987241,0.0104782907263755,0.0144154629045395,0.0088364829675187,0.8729146020393088,-0.0063355518617723,0.0014351114644394,0.726878546721931,1,Transition,0.9998
2022-08-25,sp500,0.013993241836107,0.0105897709617662,0.0145046520038338,0.012609831068125,0.8778788374757418,-0.0039903014158279,0.0015317575666491,0.7300947971014502,1,Transition,0.9998
2022-08-26,sp500,-0.0342685763170395,0.0128497713093479,0.0151450832184685,0.0358285637786605,0.9525023705386438,-0.008247230936628,-0.0008870600382905,0.8484450777846121,2,Stress/Bear,0.7739
2022-08-29,sp500,-0.0066886751973248,0.0129093301806509,0.0149717090610705,0.0113059976392812,0.8526319237857499,-0.0052584926827941,-0.0010801399709109,0.8622482662462231,1,Transition,0.9991
2022-08-30,sp500,-0.011089416492117,0.0130468182866278,0.0148906741879964,0.0200117459635576,0.973823847724543,-0.00702830189433,-0.0013003763765732,0.8761737797704986,1,Transition,0.998
2022-08-31,sp500,-0.007847738208153,0.0124961082721857,0.0149126812825062,0.0153830816411188,1.1504333223967005,-0.0091802328757054,-0.0024686361004854,0.8379518099702605,1,Transition,0.996
2022-09-01,sp500,0.0029917522671948,0.0125512584435638,0.0148611618667834,0.0167841174952231,1.0533492307106889,-0.0113805307894878,-0.0022801663646464,0.8445677771411335,1,Transition,0.9958
2022-09-02,sp500,-0.0107945525707243,0.012692753383049,0.0148604976397901,0.0285964667029867,0.934940309677857,-0.0066857260402248,-0.0027385405422367,0.854127075062627,1,Transition,0.9924
2022-09-06,sp500,-0.0041034646908951,0.0126910985682401,0.0145503177655124,0.0142777218263979,1.0538989004299513,-0.0061686839389389,-0.0028817979206754,0.8722214024989119,1,Transition,0.9979
2022-09-07,sp500,0.0181748486661698,0.0135268616784923,0.0142344881255938,0.0205684760735606,0.9936657105868671,-0.0003158309072815,-0.0017601682755706,0.9502878894655056,1,Transition,0.99
2022-09-08,sp500,0.0065889668804424,0.0125963320911981,0.0132564850902936,0.0163971520318979,1.02076303313694,0.0025715101104375,-0.0024840778545688,0.9502015055575408,1,Transition,0.932
2022-09-09,sp500,0.015156014981211,0.0131991121180791,0.0133632354270057,0.013244491700944,1.0135571193806556,0.0050043626532407,-0.0016909909593982,0.987718295481425,1,Transition,0.9137
2022-09-12,sp500,0.0105286514839956,0.0127760808491697,0.0133072779368514,0.0086633357566772,0.990429123633038,0.0092690034641847,-0.002023260732773,0.9600822128911358,1,Transition,0.9863
2022-09-13,sp500,-0.044199163031974,0.0157753145042258,0.013861994041658,0.0294556879938526,1.0895192812584786,0.0012498637959689,-0.0044313030871834,1.1380263515348434,2,Stress/Bear,0.9909
2022-09-14,sp500,0.0033812890788447,0.0158105852638493,0.0138643268737728,0.0126102087025827,1.1077570914551629,-0.001708848121496,-0.0043559347745386,1.140378859197145,1,Transition,0.9606
2022-09-15,sp500,-0.0113822721681495,0.0158771293077758,0.0136226622311413,0.0181629080978452,1.137922686440602,-0.0053030959312144,-0.0045618426395636,1.165493868847515,1,Transition,0.9559
2022-09-16,sp500,-0.0072080497756631,0.015803833828437,0.0136578847235242,0.0113261385324824,1.9241221516961928,-0.0097759088825892,-0.005035594608666,1.1571216296193074,2,Stress/Bear,1.0
2022-09-19,sp500,0.0068336977247057,0.0159002305170962,0.013632549334502,0.0158850513420319,0.9110893078432628,-0.0105148996344472,-0.0040447132867788,1.1663431488089264,1,Transition,0.9531
2022-09-20,sp500,-0.0113361147366004,0.0154614420757733,0.013145776214173,0.0125702415662158,0.979737335608414,-0.0039422899753725,-0.0035299007002841,1.1761528436109894,1,Transition,0.9657
2022-09-21,sp500,-0.0172646740985063,0.0157576418506133,0.0133243960781084,0.0310243408838169,0.9816141552808156,-0.0080714826108427,-0.0042811158834875,1.1826158392651414,1,Transition,0.8267
2022-09-22,sp500,-0.0084632938304539,0.0156894925969983,0.0131106052323552,0.011029819472534,1.0226345549328346,-0.0074876869433036,-0.0048498764099464,1.1967023885578287,1,Transition,0.8977
2022-09-23,sp500,-0.0173828287673307,0.015269219606271,0.0132952737995872,0.0215718821455273,1.205131896332705,-0.0095226427416371,-0.0064186799401183,1.1484697371742114,1,Transition,0.8207
2022-09-26,sp500,-0.0103943608902805,0.0138440994138034,0.0133136301532277,0.0194005842211137,1.1307090958150152,-0.0129682544646344,-0.0052249691687804,1.039844073665145,1,Transition,0.9504
2022-09-27,sp500,-0.0021226109548247,0.0138563351025757,0.0132350349442796,0.0258383592270052,1.0450584340240858,-0.0111255537082792,-0.0049966659566554,1.0469435978757748,1,Transition,0.9682
2022-09-28,sp500,0.0194811441811523,0.0148026954303739,0.0134887949575966,0.0258480365370663,1.059245725066174,-0.0037763900523475,-0.0034681379229919,1.0974068089038114,1,Transition,0.8972
2022-09-29,sp500,-0.0213527948230975,0.0153122530470345,0.0137428291840101,0.0210440157557674,1.056893757549749,-0.0063542902508762,-0.0041433907537391,1.114199473922762,1,Transition,0.9655
2022-09-30,sp500,-0.0151813515462093,0.0154054843302948,0.0137058168756246,0.0243500582159368,1.2532882844332318,-0.0059139948066519,-0.0050520459444093,1.1240106642379657,1,Transition,0.8898
2022-10-03,sp500,0.0255545775309301,0.0167755713006785,0.0141411576212936,0.0253967501764967,1.053754483194051,0.0012757928775902,-0.0032345894393266,1.1862940609202997,1,Transition,0.7527
2022-10-04,sp500,0.0301253414167998,0.0183540122402126,0.0146273391198215,0.017267520665878,1.1158037325997812,0.0077253833519151,-0.0015231491339419,1.2547745075070489,1,Transition,0.727
2022-10-05,sp500,-0.0020199875589381,0.0177591632412279,0.0145814847122339,0.0222690362192559,0.9267352892607476,0.003425157003897,-0.0025328909451973,1.2179255810848897,1,Transition,0.9721
2022-10-06,sp500,-0.0102979229113952,0.0177039971407676,0.0146300557768356,0.0156789016032152,0.9150504723901528,0.0056361313862374,-0.0033772354347892,1.2101113906072083,1,Transition,0.937
2022-10-07,sp500,-0.028403196531478,0.0179811976254968,0.015071802390645,0.0236313314547505,0.9519550103776372,0.0029917623891837,-0.0055551960104236,1.1930356542265714,2,Stress/Bear,0.7016
2022-10-10,sp500,-0.0075206731336527,0.0175799376339185,0.0148721034574031,0.0177361320687961,0.8201333856800277,-0.0036232877437328,-0.006457662241306,1.1820747269726335,1,Transition,0.9744
2022-10-11,sp500,-0.0065405184123237,0.0151773849153765,0.0148586146800811,0.0201206961494743,1.012136738194586,-0.0109564597095575,-0.0045747300103235,1.021453563616714,1,Transition,0.9858
2022-10-12,sp500,-0.0032961996501662,0.0150661946473218,0.0143869231347416,0.0096392762113679,0.8547643239896895,-0.0112117021278032,-0.0049086044467741,1.047214509052316,1,Transition,0.9734
2022-10-13,sp500,0.0256342593076311,0.0164401004835854,0.0147815592956555,0.0528159651398544,1.0646741729353475,-0.0040252656839979,-0.003057777872985,1.112203398488366,2,Stress/Bear,1.0
2022-10-14,sp500,-0.0239471207445284,0.0170762858623343,0.0149936505098117,0.036929243870456,0.9364332298364542,-0.003134050526608,-0.0038947314214283,1.1389011536023008,2,Stress/Bear,0.9098
2022-10-17,sp500,0.0261355245575618,0.0182215608183168,0.0153864808251685,0.0138881928256595,0.9544835474286956,0.0035971890116348,-0.0029296400797855,1.184257857619449,1,Transition,0.8706
2022-10-18,sp500,0.0113627682070874,0.0183766477221775,0.0154691999556192,0.0205001129484615,0.9786330667291188,0.0071778463355171,-0.0017946959326011,1.1879507521332502,1,Transition,0.9476
2022-10-19,sp500,-0.0066944552396843,0.0180575445510833,0.0154253885172804,0.0167976677155339,0.9204366440912208,0.0064981952176135,-0.00126618498966,1.1706379084620249,1,Transition,0.9657
2022-10-20,sp500,-0.0079826867387666,0.0180477799480238,0.0150421789730288,0.0217034459127134,0.9776302258284034,-0.000225193991666,-0.0012421546350756,1.199811541957064,1,Transition,0.981
2022-10-21,sp500,0.0234477598604472,0.0184311500168965,0.0152866953570196,0.0294370716682765,1.1048306779680377,0.0092537821293291,0.0007993747963132,1.2056987848870169,2,Stress/Bear,0.6597
2022-10-24,sp500,0.0118119402051114,0.0183901567146614,0.0152501451856456,0.0181943376920458,1.0345681148291663,0.006389065258839,0.0019096898510828,1.205900435096934,1,Transition,0.9734
2022-10-25,sp500,0.0161357700158749,0.0186310619228502,0.0154156820110787,0.0164312897235165,1.0522674792006876,0.0073436656205965,0.0028226088996177,1.2085785052818756,1,Transition,0.958
2022-10-26,sp500,-0.0074151403989898,0.0183336720786368,0.0154204670981695,0.016206294680136,1.0451557641827318,0.0071995285887354,0.0014777946706106,1.1889180763410885,1,Transition,0.9531
2022-10-27,sp500,-0.0061011850531844,0.0176380593914761,0.0152775862468113,0.0147505873950388,1.0168925628835257,0.0075758289258518,0.0022403751591063,1.1545056337127495,1,Transition,0.9704
2022-10-28,sp500,0.0243280367708563,0.0177959491083439,0.0156361090317265,0.0249060282718126,0.9800562925630918,0.0077518843079336,0.0042158445749596,1.138131556401596,1,Transition,0.6673
2022-10-31,sp500,-0.0074823270303364,0.0172354502029359,0.0156580991869749,0.0078900327435129,1.059278104724959,0.0038930308608441,0.0025639993468962,1.1007370688565534,1,Transition,0.9351
2022-11-01,sp500,-0.004109663720359,0.0160106256714979,0.0156628031622751,0.0176318011754154,0.9919480217917293,-0.0001560558864026,0.0008522490900383,1.0222069131316538,1,Transition,0.9705
2022-11-02,sp500,-0.0253198437374828,0.0170449052245614,0.0159659428244164,0.0361093632404288,1.0772060323098045,-0.0037369965541012,-0.0003127437188888,1.0675789968692004,2,Stress/Bear,0.8671
2022-11-03,sp500,-0.0106424225319565,0.0170556976358212,0.0157281356433674,0.0140972413327348,1.0128662075586397,-0.0046452440498557,-0.0003299686999169,1.084406824976337,1,Transition,0.9793
2022-11-04,sp500,0.0135268232855639,0.0159654855534647,0.0158557730223188,0.023206163256524,1.1703743902877768,-0.0068054867469141,0.0017665322909351,1.00691940601013,1,Transition,0.8692
2022-11-07,sp500,0.0095680616793591,0.0158994344214609,0.0157312045685814,0.0129373750573427,0.9358095299268638,-0.003395409004975,0.0026209690315857,1.0106940223265202,1,Transition,0.9888
2022-11-08,sp500,0.0055822828287603,0.0157622745741187,0.015742919469334,0.0191007758384774,0.994771536041426,-0.0014570196951512,0.0032271090936399,1.0012294482495685,1,Transition,0.9914
2022-11-09,sp500,-0.0209967847123034,0.0166213474560273,0.0159251718444541,0.0197355202436241,0.9959782506263982,-0.0005924078901153,0.002342079840533,1.0437154222493166,1,Transition,0.9612
2022-11-10,sp500,0.0539525156647976,0.0196416982775679,0.0174866615226689,0.0248814399641796,1.229598667133302,0.0123265797492355,0.0037579926583914,1.1232388899450747,2,Stress/Bear,0.9994
2022-11-11,sp500,0.009198312304769,0.0185489717347267,0.0175333723703523,0.0141900591994847,1.1727837413753646,0.0114608775530765,0.0054152643108562,1.0579237891560251,1,Transition,0.843
2022-11-14,sp500,-0.008975940544918,0.0181417801298631,0.0174951999432373,0.0132844951315623,0.954435168441981,0.0077520771082211,0.0036596910557322,1.0369575762908445,1,Transition,0.9392
2022-11-15,sp500,0.0086753764146691,0.0180916062794084,0.0173292180457573,0.0189567346453476,1.043487650728092,0.0083706958254028,0.0035253214661113,1.043994381722131,1,Transition,0.9591
2022-11-16,sp500,-0.0082862831118737,0.018142363347186,0.0173564758213703,0.0072623199806798,0.8671659062806197,0.0109127961454888,0.0034457300725019,1.0452792107052131,1,Transition,0.836
2022-11-17,sp500,-0.0030941046442292,0.0180127548729846,0.0173526074940733,0.0121092896986163,0.8474524691288952,-0.0004965279163165,0.0036901591772287,1.0380431228642006,1,Transition,0.9746
2022-11-18,sp500,0.0047472956481582,0.0174084020985078,0.0172598104643266,0.0110734290467209,0.85372755662736,-0.0013867312476387,0.0027551359666143,1.008609111582557,1,Transition,0.9858
2022-11-21,sp500,-0.0038912498002756,0.0173323792529199,0.0167025792434164,0.0072557842738164,0.8220532084804891,-0.0003697930987102,0.0019699764663449,1.0377067517731822,1,Transition,0.9811
2022-11-22,sp500,0.0134886062698283,0.0172283041176596,0.0167777638174755,0.0122390458149517,0.8385653938183251,0.0005928528723215,0.0018376182790426,1.0268534177191624,1,Transition,0.9879
2022-11-23,sp500,0.0058972660417383,0.0171087558088062,0.0167326493062579,0.0087205983975054,0.7193001752237614,0.003429562703044,0.002503238601079,1.0224774030498365,1,Transition,0.988
2022-11-25,sp500,-0.0002830842622024,0.0170038942211816,0.0166996724012549,0.0032934958172305,0.386903645130415,0.0039917667794493,0.0027941436406281,1.0182172328065502,1,Transition,0.9062
2022-11-28,sp500,-0.0155646967940648,0.016681668025609,0.0168203159695797,0.0142534954704576,0.8276407843544821,-7.06317089952415e-05,0.000799506962382,0.9917571141813616,1,Transition,0.9903
2022-11-29,sp500,-0.0015931337016243,0.0165794494533965,0.0167621893069613,0.0098847336274152,0.8237739502430814,0.000388991510735,0.0010939666288176,0.9890980915309836,1,Transition,0.9919
2022-11-30,sp500,0.0304786435212949,0.0177693536546095,0.0172025347203767,0.0346877965473104,1.4920756950562817,0.0037869989610283,0.0028233819909003,1.0329497334809254,2,Stress/Bear,0.9963
2022-12-01,sp500,-0.0008680098296065,0.0165289845372972,0.0170499841425076,0.0121768171784368,1.0310157855667172,0.0024339437867593,0.0040459736862942,0.969442809984117,1,Transition,0.9885
2022-12-02,sp500,-0.0011953746637614,0.016219221345839,0.0170316999221665,0.0132254582366147,0.9202606788327796,0.0022514857064475,0.0045183260797039,0.952296096100774,1,Transition,0.9933
2022-12-05,sp500,-0.0180562496309722,0.0168222653241839,0.0170793501618657,0.0169949183872838,0.9945357476407533,0.001753175139066,0.0029391724338771,0.9849476218213638,1,Transition,0.9689
2022-12-06,sp500,-0.014503869422986,0.0171803563552117,0.0171164690495291,0.0210897319592073,1.014562631018855,-0.0008289720052062,0.0017355758787598,1.0037325049633636,1,Transition,0.9742
2022-12-07,sp500,-0.0018641072533816,0.0171732907268343,0.0161375316815543,0.0088690510766982,0.96189186275759,-0.0072975221601415,0.0013632563746527,1.064183238534794,1,Transition,0.9059
2022-12-08,sp500,0.0074936344139332,0.0163844298228431,0.0161608296672549,0.0096782556841627,0.9429568636476704,-0.0056251933114336,0.0027877773309646,1.0138359329435476,1,Transition,0.9568
2022-12-09,sp500,-0.0073767194642132,0.0112342616557046,0.0161209276308202,0.0111783767146833,0.9358830590257696,-0.0068614622715239,-0.0002786844254859,0.696874392899499,1,Transition,0.9998
2022-12-12,sp500,0.01417830729965,0.0115072407164857,0.0161919678938813,0.0138852470068828,0.9592023358157764,-0.0004145508853995,-2.968467574186269e-05,0.7106758605193458,1,Transition,0.9998
2022-12-13,sp500,0.0072632232554572,0.0114153190683332,0.016194911651187,0.026850580090991,1.2400613224112809,0.0039388676502891,0.0007822735142768,0.7048707220021542,1,Transition,0.9937
2022-12-14,sp500,-0.0060711166238359,0.0113547476955155,0.0161438529726015,0.0220533288733626,1.0991502140501122,0.0030974657761982,4.494886235164104e-05,0.7033480616297847,1,Transition,0.9992
2022-12-15,sp500,-0.025237477901826,0.0125762937724844,0.016325115707655,0.0202580160471347,1.1000074412484064,-0.0034487566869536,-0.0008026108771459,0.7703647556131729,1,Transition,0.9956
2022-12-16,sp500,-0.0112002399460116,0.012782954133239,0.016354266716485,0.0163536113559647,1.7601369840490624,-0.0042134607833132,-0.001207917642235,0.7816280824351413,2,Stress/Bear,0.9839
2022-12-19,sp500,-0.0090483289411038,0.012816859645319,0.0162355133880208,0.014359599760442,0.9331383031551752,-0.008858788031464,-0.0018976988716981,0.7894335915965444,1,Transition,0.9993
2022-12-20,sp500,0.0010368006978907,0.01282388538405,0.0161718262930657,0.0111523049753675,0.9353623688076574,-0.0101040725429773,-0.0016512963467898,0.7929769434605394,1,Transition,0.9983
2022-12-21,sp500,0.0147585486690542,0.0129056789112396,0.0162676925239273,0.0129768873272151,0.8872099770230665,-0.0059381394843992,-0.0015877992268285,0.7933318688103618,1,Transition,0.9987
2022-12-22,sp500,-0.0145571424981456,0.013090440337612,0.0162065255960605,0.0232236956527154,0.9225813438731676,-0.0038020724036632,-0.0026105196538227,0.8077265086845027,1,Transition,0.9983
2022-12-23,sp500,0.005850952271915,0.0132190675040516,0.0159647594796884,0.0126898107570789,0.6489099958696228,-0.0003918339600778,-0.0023038178271169,0.8280154499583865,1,Transition,0.9994
2022-12-27,sp500,-0.0040578440346594,0.0128569794312091,0.0158388171767813,0.0087301512412678,0.7022088190086488,0.000606263021211,-0.0017284751891466,0.8117386095002509,1,Transition,0.9996
2022-12-28,sp500,-0.0120934704429486,0.0130638884303765,0.0155973208435332,0.0178525276313625,0.7183912799256894,-0.0020197912069568,-0.0022534920262128,0.8375725909230732,1,Transition,0.9992
2022-12-29,sp500,0.0173106343149943,0.0115743158401346,0.015268607523526,0.0137012609716546,0.730205352022488,-0.0015093740777688,-0.0029118924865278,0.7580465882236348,1,Transition,0.9994
2022-12-30,sp500,-0.0025439756461108,0.0115648023615941,0.0152700803313992,0.010290404939608,0.7383024744122435,0.000893259292638,-0.002995690777353,0.7573504598933867,1,Transition,0.9998
2023-01-03,sp500,-0.0040085724812736,0.0115588596840855,0.0152179730880466,0.0219996875573979,0.9815799730056458,-0.0010786456579996,-0.0031363506682286,0.7595531689541979,1,Transition,0.9994
2023-01-04,sp500,0.0075106945621389,0.011231089983288,0.0147674630819135,0.0148949753085285,1.092567286098682,0.00123506206136,-0.0018580034585731,0.7605294098918916,1,Transition,0.9996
2023-01-05,sp500,-0.0117138691364571,0.0110820889614306,0.0148180614657681,0.0098001805105764,0.9693994737762684,0.0013109823226583,-0.0017185034442466,0.7478771084214895,1,Transition,0.9996
2023-01-06,sp500,0.0225838355890308,0.012341923857943,0.0150461522027842,0.0248081890164926,0.9792673539944312,0.0023656225774656,-0.000496106302126,0.8202711026450478,1,Transition,0.9833
2023-01-09,sp500,-0.0007679273259905,0.0121978511171134,0.0150364147705233,0.015454458947782,1.0720804978478302,0.0027208322414896,-0.0009091843891222,0.8112207133994137,1,Transition,0.9994
2023-01-10,sp500,0.0069539979705937,0.0122188293422269,0.0147162550093122,0.0108541274638004,0.9579652786933366,0.0049133463318631,-0.0001926485173819,0.8302947546434225,1,Transition,0.9994
2023-01-11,sp500,0.0127675711922936,0.0121352887641669,0.0144175951049109,0.0104619920276874,1.0651956331870165,0.0059647216578941,-0.0002631853227497,0.8416999281685613,1,Transition,0.9987
2023-01-12,sp500,0.0034100849120427,0.0120397219516364,0.0140590264457613,0.0151135784695665,1.1078447406591263,0.008989512467594,-0.0004558422399204,0.8563695358341346,1,Transition,0.9974
2023-01-13,sp500,0.003988892144656,0.012002866669222,0.0140019400742031,0.0140732086699653,0.9895301496250865,0.0052705237787191,4.7158198504148027e-05,0.8572288272634361,1,Transition,0.9958
2023-01-17,sp500,-0.0020325554309963,0.0104513819836976,0.013970256435296,0.0077223894053305,1.0673036883885278,0.0050175981577179,0.0012074043220456,0.7481166886308646,1,Transition,0.9997
2023-01-18,sp500,-0.0156849669777446,0.0107747102904853,0.0140917056087451,0.0222888628824744,1.1286495200487303,0.0004898051680502,0.0009831679704589,0.7646136379544227,1,Transition,0.9987
2023-01-19,sp500,-0.0076676719018124,0.0107112927239626,0.0138274711675872,0.0095925468809976,1.047688804796139,-0.0035972434507709,0.0010522008224235,0.7746385867772281,1,Transition,0.9994
2023-01-20,sp500,0.0187416735523519,0.0114182405472658,0.0139507878579304,0.018904410824339,1.0530397925700314,-0.000530925722709,0.0019374444651466,0.818465642481626,1,Transition,0.9983
2023-01-23,sp500,0.0118113159513285,0.0112620145033341,0.0138809595211434,0.0168341700302372,1.0328546806312358,0.0010335590386254,0.0017900828292603,0.8113282432802945,1,Transition,0.9991
2023-01-24,sp500,-0.0007117563642918,0.0106109901576235,0.0138416213412918,0.0084964670278112,0.8765912724199775,0.0012977188519663,0.002482352135953,0.7666002338880066,1,Transition,0.9997
2023-01-25,sp500,-0.0001817415734656,0.0105959262008999,0.0138127245691627,0.0175513270559317,0.9715361524166116,0.0043983639328221,0.0021807174436839,0.7671134067608678,1,Transition,0.9997
2023-01-26,sp500,0.0109477080291143,0.010661987407343,0.0135330928881125,0.0118903737066501,0.9838588462561564,0.0081214399190074,0.0029309950468726,0.7878455793877295,1,Transition,0.9995
2023-01-27,sp500,0.0024917340217038,0.0100621843174858,0.0134924868283042,0.0111802821013645,0.9985838046744157,0.0048714520128778,0.0036602552701052,0.7457620263432533,1,Transition,0.9998
2023-01-30,sp500,-0.0130535693152926,0.0101841552698279,0.0135970266073048,0.012021606162953,0.9617481251982564,-0.0001015250404463,0.0021420450885909,0.7489987012569798,1,Transition,0.9998
2023-01-31,sp500,0.0145363044164195,0.0104823044579851,0.0132748259812676,0.0139135478939263,1.1587665316928462,0.0029480871156958,0.0029960590917174,0.7896378056312731,1,Transition,0.9988
2023-02-01,sp500,0.0103980562968847,0.0104706169821789,0.0132305254119672,0.0271290478514942,1.1895260440647746,0.0050640466897659,0.0037163905306253,0.7913984256972975,1,Transition,0.9888
2023-02-02,sp500,0.0145923846268543,0.0107223955678398,0.013247374813412,0.0128141476058591,1.357362714590281,0.0057929820093139,0.0040704750338611,0.809397765131862,1,Transition,0.9956
2023-02-03,sp500,-0.0104085926372854,0.01062479290189,0.0132976560439258,0.0142633350768239,1.1221094896390638,0.0032129166775161,0.0041357388588197,0.7989974223121286,1,Transition,0.999
2023-02-06,sp500,-0.0061593931939392,0.0099185818991851,0.0133212061662439,0.007601408731073,0.9811739583862468,0.0045917519017867,0.0026985774196712,0.7445708575788679,1,Transition,0.9997
2023-02-07,sp500,0.012790364037397,0.0101302652578075,0.0130794200919203,0.0211695836898114,1.0382502394595206,0.0042425638259822,0.0033764919878406,0.7745194501448424,1,Transition,0.9991
2023-02-08,sp500,-0.0111425730124113,0.0105915895507885,0.0112475354664917,0.0109717613715122,0.958493931843994,-6.556203587692218e-05,0.0024716634386903,0.9416809204418736,0,Calm/Bull,0.8586
2023-02-09,sp500,-0.0088690098310373,0.0105895968981879,0.0112571031067979,0.0212079036123361,1.0160690818473126,-0.0047578409274552,0.0013898343875238,0.940703553811558,1,Transition,0.7645
2023-02-10,sp500,0.0021928557092171,0.0105808691205321,0.0111921689308525,0.0082069177256244,0.9320492523765158,-0.0022375512581547,0.0013289729273825,0.9453814703747668,0,Calm/Bull,0.9563
2023-02-13,sp500,0.0113835699511551,0.0108055217941806,0.0112308794783787,0.0111739762096122,0.830857431415991,0.0012710413708641,0.0016987068177074,0.9621260574457238,0,Calm/Bull,0.9602
2023-02-14,sp500,-0.0002804538554937,0.0107807528046171,0.0111709494275854,0.0156571509117091,0.9501474842081388,-0.001343122207714,0.0017863118964826,0.9650704154111728,0,Calm/Bull,0.9024
2023-02-15,sp500,0.0027693375330766,0.009965626913502,0.011162569381778,0.0106398596232643,0.9883028833441656,0.0014392599013835,0.0027090271220236,0.8927717779537483,0,Calm/Bull,0.9198
2023-02-16,sp500,-0.0138846892048816,0.0103940865007145,0.0113098834090703,0.011502526602245,1.0028632594834803,0.0004361240266147,0.0023981762568702,0.9190268480025804,0,Calm/Bull,0.7459
2023-02-17,sp500,-0.0027712421722827,0.0097039773598303,0.0113034058247791,0.0082273393993866,0.9787209695179712,-0.0005566955496852,0.0013225304706384,0.8585003060367378,0,Calm/Bull,0.9159
2023-02-21,sp500,-0.0202447839734716,0.0104954403878256,0.011485711500453,0.0142995479476861,0.9950112915563252,-0.0068823663346106,-0.0002802745256015,0.9137823449084234,1,Transition,0.5959
2023-02-22,sp500,-0.0015747954856433,0.0104990813529622,0.0114608809636437,0.0101402423794793,0.9758674168382891,-0.0071412346606405,-0.0003234264816691,0.9160797835932044,0,Calm/Bull,0.6893
2023-02-23,sp500,0.0053152782632377,0.0105746656811631,0.0114825519062632,0.0147321515768419,0.9430521907270296,-0.0066320465146083,-4.8575489833938346e-05,0.9209334098803555,0,Calm/Bull,0.6432
2023-02-24,sp500,-0.0105934646197741,0.0104924104417335,0.0113862909538629,0.0088588330417204,0.9243512086445682,-0.0059738015975868,-0.0011256341222783,0.9214950227645388,0,Calm/Bull,0.71
2023-02-27,sp500,0.0030682925395522,0.0105036582806274,0.0113909605433374,0.0111746153192994,0.9154099596565438,-0.0048058946552198,-0.0010968061963859,0.9221047022914194,0,Calm/Bull,0.8561
2023-02-28,sp500,-0.0030406198309477,0.0101359474346016,0.0106754774219109,0.0071836127684784,1.1856835888827764,-0.001365061826715,-0.0005961587221686,0.9494608094808076,0,Calm/Bull,0.9762
2023-03-01,sp500,-0.0047364642034928,0.0095189281956013,0.0106896842568497,0.0082704902652121,1.0041095553778654,-0.0019973955702849,-0.0015597971531643,0.8904779567742408,0,Calm/Bull,0.9199
2023-03-02,sp500,0.0075535937311959,0.0093506233166316,0.010739866594646,0.0157434473843806,1.010332890513869,-0.0015497324766932,-0.0017020202814487,0.8706461327269253,0,Calm/Bull,0.7236
2023-03-03,sp500,0.016018749176483,0.0094859044594298,0.010689807757346,0.0131302139087937,0.9903564185277992,0.0037727102825581,-0.0016307020539673,0.8873783958285999,1,Transition,0.6423
2023-03-06,sp500,0.0006869307788483,0.0092674580961565,0.0105142513018646,0.0083686681387559,0.9782501589922108,0.0032964379304173,-0.0010759258831606,0.8814187363500613,0,Calm/Bull,0.9182
2023-03-07,sp500,-0.0154455904792625,0.0097553325752473,0.0107092397028547,0.0174820549416064,0.961341451817983,0.0008154438007543,-0.0015402357474267,0.9109267180420718,1,Transition,0.5882
2023-03-08,sp500,0.0014137941356032,0.009191107386005,0.0106679414076886,0.0076778119966561,0.8753097595662926,0.0020454954685736,-0.0021090642425164,0.8615633546113054,0,Calm/Bull,0.6881
2023-03-09,sp500,-0.0186318579454823,0.0097160924738698,0.0108984529684772,0.027846144653405,1.094893378523882,-0.003191594866762,-0.00248352848917,0.8915111623615524,1,Transition,0.9872
2023-03-10,sp500,-0.0145839694360666,0.0099938398585083,0.0108937540721482,0.0227186155112263,1.338589018562762,-0.0093121385892719,-0.0027692764694214,0.9173917267013836,1,Transition,0.6148
2023-03-13,sp500,-0.0015109018407387,0.009931170300415,0.0108459128453755,0.0249470768830596,1.5409902629826506,-0.0097517051131894,-0.0029544643469192,0.9156601608364806,1,Transition,0.5414
2023-03-14,sp500,0.0163423882353636,0.0103605896125956,0.0110417836102349,0.0162427775478508,1.2975530853032482,-0.0033941093702641,-0.0027065234327088,0.9383076120955782,1,Transition,0.7289
2023-03-15,sp500,-0.0070053639293535,0.0103868021534893,0.0105859031262088,0.0143938921088527,1.4653938456663054,-0.0050779409832555,-0.0030427689364018,0.9811918765602068,0,Calm/Bull,0.9307
2023-03-16,sp500,0.0174095762490317,0.0112942196045202,0.0107171341442011,0.025339080260302,1.24340196054782,0.0021303458556472,-0.0023107570006041,1.0538469942201223,1,Transition,0.8389
2023-03-17,sp500,-0.0110806212739537,0.0111595840468681,0.0107508546158572,0.014716668920048,1.932166542648036,0.0028310154880698,-0.0021705536040577,1.0380183199955164,2,Stress/Bear,0.9993
2023-03-20,sp500,0.0088788696359408,0.0114274201117694,0.0108059266932262,0.0100542882758169,1.0898239461701804,0.0049089697834057,-0.0015880480136465,1.0575141249970486,0,Calm/Bull,0.9457
2023-03-21,sp500,0.0128986475185591,0.0109736499613762,0.0107670958461,0.0094657422323191,0.9947197513807128,0.0042202216400448,6.912356095501041e-05,1.0191838280469108,0,Calm/Bull,0.9818
2023-03-22,sp500,-0.0166002486398428,0.0115891877096804,0.0108187139554402,0.0262435500215213,0.9122501970953156,0.002301244697947,-0.0006821490967549,1.0712167599045106,1,Transition,0.7754
2023-03-23,sp500,0.0029800838691824,0.0115372310879295,0.0108009463181787,0.0224401486908862,0.9941494436688648,-0.0005846537780228,-0.0007989088164577,1.068168542649963,0,Calm/Bull,0.734
2023-03-24,sp500,0.0056239630843032,0.0113814623848836,0.0108048648878324,0.0160111403658429,0.9065878156885416,0.0027562630936285,1.196256874613959e-05,1.053364618904262,0,Calm/Bull,0.9766
2023-03-27,sp500,0.001645599563767,0.0113657899638108,0.0106759873035596,0.0083821084052302,0.8340112627394337,0.0013096090791937,-5.917208004312014e-05,1.0646125403334965,0,Calm/Bull,0.9969
2023-03-28,sp500,-0.0015750832883878,0.0113502701446175,0.0104581765565014,0.0069675246807483,0.7989764917297694,-0.0015851370821956,1.410474708487112e-05,1.0853010640331486,0,Calm/Bull,0.9964
2023-03-29,sp500,0.0141368707750468,0.0117132819146423,0.0105961519778112,0.0077114010198867,0.8258346951977172,0.0045622868007823,0.0009577714960118,1.1054278892158669,0,Calm/Bull,0.9961
2023-03-30,sp500,0.0056989991994826,0.011665560839181,0.0105956287672532,0.0063567218331505,0.7855804579151898,0.0051060698668423,0.0008650417694261,1.1009786295301829,0,Calm/Bull,0.998
2023-03-31,sp500,0.0143333277820365,0.0115559024149087,0.0107031871976902,0.0132796181308473,0.9003808261177931,0.006847942806389,0.0007807706997038,1.079669279950788,0,Calm/Bull,0.9639
2023-04-03,sp500,0.0036920225658028,0.0115741403784464,0.0105752496992334,0.0069996481589431,0.8406392407626359,0.0072572274067961,0.0009310252890515,1.0944555171387984,0,Calm/Bull,0.9959
2023-04-04,sp500,-0.0058138397451625,0.0110451582955378,0.0102380172112879,0.011281218485909,0.8367339628134511,0.0064094761154412,0.0014126128257565,1.078837636975254,0,Calm/Bull,0.9902
2023-04-05,sp500,-0.0024954816571214,0.0110796731685757,0.0102450912098644,0.0066326071391309,0.7819739362385055,0.0030830056290076,0.0012171490361203,1.0814616426164936,0,Calm/Bull,0.9987
2023-04-06,sp500,0.0035727731328032,0.0100507595879215,0.0102200935548179,0.0091302201085013,0.6936705637295618,0.0026577604156717,0.0023273805900346,0.9834312703706504,0,Calm/Bull,0.9964
2023-04-10,sp500,0.00099580701701,0.0092422953811849,0.0100981718511644,0.0089922032754727,0.695622332734896,-9.743737333559216e-06,0.0031063694126884,0.9152444142767476,0,Calm/Bull,0.9818
2023-04-11,sp500,-4.135333298352082e-05,0.0092094386375679,0.0100915802198212,0.0052689751255747,0.7673758454007176,-0.0007564189170908,0.0031798468380762,0.9125863776496926,0,Calm/Bull,0.975
2023-04-12,sp500,-0.0041434563234613,0.0087984933583436,0.0100987843259205,0.0115910938176716,0.7770613421863641,-0.0004223422327505,0.0021555546101349,0.871242822342544,0,Calm/Bull,0.9737
2023-04-13,sp500,0.0131755104978315,0.0088496501173979,0.010227176080438,0.0122665610232587,0.7947228980088784,0.0027118561982399,0.0031645983314942,0.8653072996684791,0,Calm/Bull,0.865
2023-04-14,sp500,-0.0020715175845779,0.0082510978535062,0.0100076067200844,0.0120817046533662,0.8090556013743372,0.0015829980547637,0.0021905436398137,0.8244826244967285,0,Calm/Bull,0.9594
2023-04-17,sp500,0.0033007035826147,0.0076375085896179,0.0099491466743995,0.0068749314124143,0.8738635621172046,0.0020439773678846,0.0029096098826421,0.7676546380877326,0,Calm/Bull,0.9676
2023-04-18,sp500,0.0008548548034659,0.0075172430815836,0.0096740995034649,0.0070086708768677,0.8749933509075547,0.0022232189951745,0.0025084091410184,0.77704835255118,0,Calm/Bull,0.9841
2023-04-19,sp500,-8.426554793962826e-05,0.0071230058495463,0.0095647945326876,0.0067588047985668,0.8988655488296577,0.0030350571502789,0.0018592634876934,0.7447108064060882,0,Calm/Bull,0.9823
2023-04-20,sp500,-0.0059703351883111,0.0059776175009342,0.0096005716814768,0.0082328640629193,0.9582381392283884,-0.0007941119869496,0.00239075916027,0.622631411884286,0,Calm/Bull,0.9323
2023-04-21,sp500,0.0009027812573008,0.0059848814967917,0.0096003605971141,0.0058449351003118,0.9338763567613244,-0.0001992522185738,0.002286894029676,0.6234017395753622,0,Calm/Bull,0.9521
2023-04-24,sp500,0.0008512167782723,0.0059398011131506,0.0095017486560614,0.0059559821723005,0.8653922387547907,-0.0006891495794423,0.0020482567143744,0.6251271558695088,0,Calm/Bull,0.9624
2023-04-25,sp500,-0.0159371838185764,0.0071752488782134,0.0097253097712885,0.0135204560711996,1.0497494053894034,-0.0040475573038508,0.0011691175452572,0.7377912937433196,0,Calm/Bull,0.815
2023-04-26,sp500,-0.0038485835033448,0.0072387407245145,0.0095874568962986,0.0099408095966282,1.0147632753245197,-0.0048004208949318,0.0010554425345094,0.7550219837034358,0,Calm/Bull,0.9607
2023-04-27,sp500,0.0193771934026963,0.0078095006891392,0.0097298192842085,0.0152224585164331,0.9970963495142328,0.0002690848232696,0.0013174586658919,0.8026357387556036,1,Transition,0.5103
2023-04-28,sp500,0.0082193313132434,0.0079036902245731,0.0096952648654413,0.0102842280124533,1.084492981358171,0.0017323948344581,0.0014434752715799,0.8152113773338674,0,Calm/Bull,0.9779
2023-05-01,sp500,-0.0003861810485107,0.0073027183534695,0.0095095134747778,0.0054703731273865,0.8954576024063854,0.0014849152691015,0.0007074998300525,0.7679381676926632,0,Calm/Bull,0.986
2023-05-02,sp500,-0.0116539066805717,0.0077642443946963,0.0095338385661802,0.0180552691154333,1.2053970991237075,0.0023415706967024,-5.979663226614498e-05,0.814388070534229,1,Transition,0.5235
2023-05-03,sp500,-0.0070229080548929,0.0078159389967615,0.0095438359169348,0.0145302688420521,1.1407258588229827,0.0017067057863928,-0.0001202500477526,0.8189515269109691,0,Calm/Bull,0.9264
2023-05-04,sp500,-0.0072449134550627,0.0079626773927856,0.0094356857664384,0.0084531442208623,1.304979892537402,-0.0036177155851589,-0.0003577216376497,0.8438896323898238,0,Calm/Bull,0.9885
2023-05-05,sp500,0.0183061663818797,0.0089640177699023,0.0096321638659286,0.0150595440465397,1.100138467647477,-0.0016003485714316,0.000378948024804,0.9306338528573366,0,Calm/Bull,0.8701
2023-05-08,sp500,0.000452026484882,0.0089628728875966,0.0095603779286846,0.0044681511338817,0.9542780423207288,-0.0014327070647531,0.0003517589981976,0.9375019433807894,0,Calm/Bull,0.9948
2023-05-09,sp500,-0.0045899389490595,0.0090308246325301,0.0095768575116147,0.0033259602231373,0.9965485638719694,-1.9913518450688333e-05,0.0001243297173938,0.9429841283090648,0,Calm/Bull,0.993
2023-05-10,sp500,0.0044739422419144,0.0090220555215596,0.0094801322018238,0.0133795742142891,1.055304954717576,0.0022794565409107,0.0005551996456626,0.9516803489115828,0,Calm/Bull,0.9933
2023-05-11,sp500,-0.0016980648897067,0.0085264172264437,0.0094826127791519,0.0056915826093946,0.9741837035464164,0.0033888262539819,-0.0001884791237142,0.899163281789748,0,Calm/Bull,0.9918
2023-05-12,sp500,-0.001584561589439,0.0085214508888404,0.0094775461397282,0.010819410957652,0.917793518145287,-0.0005893193402817,-0.0001641313239572,0.8991199581841096,0,Calm/Bull,0.9952
2023-05-15,sp500,0.0029537976803169,0.008514377199859,0.0093101144873173,0.0074898174393151,0.9257666480283372,-8.896510119480588e-05,-0.0001814766190721,0.9145298064226556,0,Calm/Bull,0.997
2023-05-16,sp500,-0.0063981076819174,0.0086216984791482,0.009341361108964,0.0062483701285779,0.9482356296255258,-0.0004505988477663,-0.0005441247433413,0.9229595536002516,0,Calm/Bull,0.9951
2023-05-17,sp500,0.0118206886220715,0.0090551838919802,0.0090695043519659,0.0122752170588298,1.0418029669517188,0.001018750428265,5.112296515920964e-05,0.9984210316870772,0,Calm/Bull,0.9971
2023-05-18,sp500,0.0094007230637271,0.0091688096660527,0.0091341234456989,0.0116006711635773,1.0239411354106525,0.0032385080189518,0.0008196758777611,1.0037974328418124,0,Calm/Bull,0.998
2023-05-19,sp500,-0.0014469138806754,0.009182732113852,0.009119710028372,0.0078029859612646,1.0340148654186891,0.0032660375607045,0.0007021911208623,1.00691053611178,0,Calm/Bull,0.9992
2023-05-22,sp500,0.0001550226798023,0.009183456988021,0.0089982677559078,0.0070457063676424,0.9485356352127304,0.0027062825606016,0.0006673814159388,1.02058054251515,0,Calm/Bull,0.9996
2023-05-23,sp500,-0.0112854687682842,0.0087913201242672,0.0091297381153295,0.0104062968042488,1.0547431739511952,0.0017288103433282,0.0008999671684534,0.962932344083992,0,Calm/Bull,0.9957
2023-05-24,sp500,-0.0073455126783052,0.008924498098102,0.0091761902567652,0.0070421114730259,0.0,-0.002104429916747,0.0007251207097054,0.97257117042907,0,Calm/Bull,0.9892
2023-05-25,sp500,0.0087194560790118,0.0080250163920698,0.0092079768677049,0.0086744945582834,1.1008848993805174,-0.0022406833136901,0.0001922338435211,0.8715287307264893,0,Calm/Bull,0.9899
2023-05-26,sp500,0.0129646809316407,0.0083388503165892,0.0093010483360615,0.013484872796903,0.991042247314848,0.0006416356487731,0.000429501324441,0.8965495087535796,0,Calm/Bull,0.9764
2023-05-30,sp500,1.660313066576836e-05,0.0083372629071545,0.0090875236642275,0.0092544849850311,1.11440807505798,0.0006139517389457,0.0004496405333998,0.9174405718439704,0,Calm/Bull,0.9979
2023-05-31,sp500,-0.006127358186214,0.0079997467820491,0.009129487043888,0.007007471240467,1.5457414553722326,0.0016455738553598,0.0007259679581177,0.8762536978903723,0,Calm/Bull,0.9934
2023-06-01,sp500,0.0098062150858538,0.0080268230003914,0.0089609174483566,0.0144017414703592,1.132975500816545,0.0050759194081916,0.001567424115155,0.8957590611286669,0,Calm/Bull,0.9402
2023-06-02,sp500,0.0144298123901074,0.0082349125639228,0.0091282446287089,0.0115964185465162,1.1560042563130986,0.0062179906704107,0.0026511604074136,0.9021353939204768,0,Calm/Bull,0.9371
2023-06-05,sp500,-0.0020055914906577,0.0074142099148211,0.0087619392885702,0.0075951229800283,0.9944813481773532,0.003223936185951,0.0016355725137867,0.8461836667246516,0,Calm/Bull,0.9963
2023-06-06,sp500,0.0023511302338505,0.0074104143518477,0.0085057892172637,0.0058919508852117,1.0374754977484275,0.0036908416065879,0.0017305277012351,0.8712200787679165,0,Calm/Bull,0.998
2023-06-07,sp500,-0.0038192939264206,0.0073777514160699,0.0085258916738931,0.0082553755594612,1.1669555467548565,0.0041524544585466,0.0017690599523671,0.8653348761937816,0,Calm/Bull,0.9951
2023-06-08,sp500,0.0061695716075232,0.0074200917141044,0.0083284586256607,0.0086028276879302,0.9870213478825058,0.0034251257628805,0.0018538414206475,0.8909321697585715,0,Calm/Bull,0.9981
2023-06-09,sp500,0.0011474010230505,0.0073755486705931,0.0082531497739647,0.0071925866063006,0.9762217854537536,0.0007686434894692,0.0019961147162854,0.8936647065172543,0,Calm/Bull,0.9988
2023-06-12,sp500,0.0092779749817541,0.0074969472971017,0.0080544698945901,0.0082416089165484,1.0118825358984196,0.0030253567839515,0.002539241544845,0.9307809694759848,0,Calm/Bull,0.9986
2023-06-13,sp500,0.0069085707259088,0.0075603443459096,0.0079109389476035,0.0059647517382058,1.086506408199751,0.0039368448823632,0.0027369801971246,0.9556823021873924,0,Calm/Bull,0.9994
2023-06-14,sp500,0.0008190899801265,0.0072679592486757,0.007857322327537,0.012342737025665,1.072440038104433,0.0048645216636726,0.0030978400802268,0.9249918669117368,0,Calm/Bull,0.9879
2023-06-15,sp500,0.0121045804935899,0.0072861463990804,0.0078387654303631,0.0173074716574802,1.0515931988568834,0.006051523440886,0.0031120346738027,0.9295017772642924,0,Calm/Bull,0.5189
2023-06-16,sp500,-0.003678376467751,0.0072789516206007,0.0074982953933248,0.0093047822793892,1.6642291458317058,0.0050863679427257,0.0024580796972288,0.970747515105992,0,Calm/Bull,0.9844
2023-06-20,sp500,-0.004746353835236,0.0074083529303981,0.0075454463643302,0.0075101706950028,0.985402124895496,0.0022815021793276,0.0022931076995008,0.9818309709840082,0,Calm/Bull,0.9998
2023-06-21,sp500,-0.0052590863669252,0.007587346698399,0.0075817255194292,0.005973873196455,0.9014357166924652,-0.0001520292392391,0.0020224022471644,1.0007414115632969,0,Calm/Bull,0.9999
2023-06-22,sp500,0.0037039303873345,0.0069140694471584,0.0075866854860511,0.0069445318873368,0.8599706444085069,0.0004249388422024,0.0027718722049454,0.9113425698047728,0,Calm/Bull,0.9991
2023-06-23,sp500,-0.0076882880565021,0.0069408416414946,0.0076708177016096,0.0057976189674107,1.3804099235676008,-0.0035336348678159,0.0027547334360355,0.904837256142611,0,Calm/Bull,0.9942
2023-06-26,sp500,-0.0044969343631321,0.0069721456789431,0.0075268664820913,0.0078497100476762,0.7852914704988248,-0.0036973464468922,0.0020939139139283,0.9263012298055188,0,Calm/Bull,0.9984
2023-06-27,sp500,0.0113907335241807,0.0068508121139407,0.0076198067773028,0.0112871841858979,0.8230753143279366,-0.0004699289750088,0.0020152165435553,0.8990795061033882,0,Calm/Bull,0.9958
2023-06-28,sp500,-0.0003541393883898,0.00685700343194,0.0074273697217266,0.0068839039296798,0.8661500491639808,0.0005110604206982,0.0019966794176025,0.9232074999419908,0,Calm/Bull,0.9997
2023-06-29,sp500,0.00446356811449,0.0066007519193145,0.0074326851638064,0.006009389921644,0.8795321514985364,0.0006629879661293,0.0025262257326377,0.8880709694871866,0,Calm/Bull,0.9992
2023-06-30,sp500,0.0121943502618858,0.0067590789607504,0.0075133937481977,0.0080981938646828,0.938722316490428,0.0046395156298069,0.0026456324914393,0.8996039855320734,0,Calm/Bull,0.9979
2023-07-03,sp500,0.0011699930926736,0.0061667072802117,0.0074963609159671,0.0031802572435783,0.501230976048695,0.005772901120968,0.0019826415265676,0.8226267850947142,0,Calm/Bull,0.9994
2023-07-05,sp500,-0.0019702580976127,0.0061655095206412,0.007503600204347,0.0039241966174255,0.8616007607060256,0.0031007027966093,0.0019844081962199,0.8216735104129667,0,Calm/Bull,0.9987
2023-07-06,sp500,-0.0079540611758947,0.0065517594472631,0.0075987703333902,0.0085162750461099,0.9144905102255604,0.0015807184391083,0.0014691486257326,0.8622131160450652,0,Calm/Bull,0.9981
2023-07-07,sp500,-0.0028692127957334,0.0065147367670267,0.0076152501133096,0.0097728395335801,0.9119651720579164,0.0001141622570636,0.001516652682267,0.855485594050348,0,Calm/Bull,0.9983
2023-07-10,sp500,0.0024021386106263,0.0064269943084017,0.007585152175973,0.0051434454207788,0.8658234884915987,-0.0018442800731882,0.0013282810324221,0.8473125072902501,0,Calm/Bull,0.9985
2023-07-11,sp500,0.0067195839982548,0.0065385489694841,0.0074577758442695,0.0079247842294934,0.9168346837947164,-0.0007343618920719,0.0016068901811824,0.8767424907934523,0,Calm/Bull,0.9988
2023-07-12,sp500,0.0073839052353896,0.0064344828271679,0.0074886396936177,0.00561470573592,0.99205127108554,0.0011364707745285,0.0015121866938641,0.8592325295943716,0,Calm/Bull,0.9989
2023-07-13,sp500,0.0084344829896271,0.006510435432048,0.0075410807018243,0.0062128094847411,0.9770026393750998,0.0044141796076329,0.00158848230705,0.8633292348234729,0,Calm/Bull,0.9986
2023-07-14,sp500,-0.0010249321969074,0.0065349166253682,0.0075472073790105,0.0062590629775335,0.9353216531277162,0.004783035727398,0.0014962811981983,0.8658721427931577,0,Calm/Bull,0.9987
2023-07-17,sp500,0.0038479695744204,0.0060740319297745,0.007551613420174,0.0061798569182074,0.9148052925833922,0.0050722019201569,0.0010834506522399,0.8043356554174039,0,Calm/Bull,0.9971
2023-07-18,sp500,0.0070920669414283,0.0061069923832956,0.0075233120015757,0.0104742416304956,1.0965696088754897,0.0051466985087916,0.0016219728226988,0.8117425386607013,0,Calm/Bull,0.9879
2023-07-19,sp500,0.0023551348272336,0.0059208469720603,0.007523258381069,0.0045885850044836,1.1025642433803,0.0041409444271604,0.0019770472558223,0.7870056659171911,0,Calm/Bull,0.9972
2023-07-20,sp500,-0.0067798273962576,0.0060274710576555,0.0076012182944909,0.0081987300232335,1.007049105479852,0.0010980823499834,0.0019010102043557,0.7929611838702293,0,Calm/Bull,0.996
2023-07-21,sp500,0.000324042014613,0.0060216402070553,0.0072496273984693,0.0042346829380445,0.9550053258106814,0.0013678771922875,0.0017320157857196,0.8306137510359183,0,Calm/Bull,0.999
2023-07-24,sp500,0.0040260384968748,0.005612964355522,0.007216816245122,0.0048566113948654,1.0627583432903054,0.0014034909767784,0.0023177321133885,0.7777618502225127,0,Calm/Bull,0.9974
2023-07-25,sp500,0.0028107195758387,0.0053789809023945,0.0068454420396411,0.0061741527136916,1.0449699683546343,0.0005472215036605,0.002683114810337,0.7857755381238442,0,Calm/Bull,0.9963
2023-07-26,sp500,-0.0001554509786759,0.0050016017890185,0.0067945474931963,0.0076400365070892,1.087497387061793,4.510434247860788e-05,0.0021058055851942,0.7361199246935665,0,Calm/Bull,0.9945
2023-07-27,sp500,-0.006445393055197,0.0053337105136009,0.0068679437647968,0.0173027702855686,1.2273018260427744,0.0001119912106907,0.0018012429018538,0.7766095204419233,0,Calm/Bull,0.7997
2023-07-28,sp500,0.0098293758104338,0.0056028387394415,0.0067337084554005,0.0057069136067947,1.0689707255543377,0.0020130579698548,0.002069533286651,0.8320584083125808,0,Calm/Bull,0.9981
2023-07-31,sp500,0.0014676354365687,0.0050707700990776,0.0066341888864579,0.0045936504795072,1.1999488431082077,0.0015013773577936,0.0015331975453852,0.7643391205560011,0,Calm/Bull,0.9971
2023-08-01,sp500,-0.0026686453076827,0.0051571528620337,0.0065528984337508,0.0037341796663083,1.0489950278501892,0.0004055043810893,0.0013412656253673,0.7870033259590469,0,Calm/Bull,0.9979
2023-08-02,sp500,-0.0139362006383361,0.006158451122053,0.006514257547992,0.0100102526953488,1.0970315972205276,-0.0023506455508426,0.0007429684983312,0.9453803563464162,0,Calm/Bull,0.9995
2023-08-03,sp500,-0.0025512254502915,0.005868550171328,0.0065335989352822,0.0075413202635915,1.0594424771801312,-0.0015718120298615,0.0010131102846113,0.8982109599101952,0,Calm/Bull,0.9996
2023-08-04,sp500,-0.0053141693739379,0.005978121892624,0.006545518743094,0.0146917377103163,1.0510771847191458,-0.0046005210667359,0.0008908624557011,0.9133152202690336,0,Calm/Bull,0.9964
2023-08-07,sp500,0.0089836189648565,0.0062410518850917,0.0066071080750788,0.0063495236803614,0.885617049557796,-0.0030973243610783,0.0012199364734126,0.9445966093141638,0,Calm/Bull,0.9996
2023-08-08,sp500,-0.0042272051000588,0.0062133026342107,0.0066356513507514,0.0086500635395719,0.9814800405030952,-0.0034090363195535,0.0006725970184969,0.9363515811461668,0,Calm/Bull,0.9997
2023-08-09,sp500,-0.0070636191020451,0.006231787345069,0.0067149987940922,0.0092015514974529,0.9622360735930576,-0.0020345200122953,-4.977919837476055e-05,0.9280399797765564,0,Calm/Bull,0.9997
2023-08-10,sp500,0.0002506825210808,0.0059055154400189,0.006713013845784,0.0155410239589238,1.1301615052293903,-0.0014741384180209,-0.000458969221802,0.8797114940747084,0,Calm/Bull,0.9937
2023-08-11,sp500,-0.0010702648992294,0.0059057527939293,0.0066444981017281,0.0072243817634238,0.9404642898621248,-0.0006253575230792,-0.0004612358569181,0.8888184936637102,0,Calm/Bull,0.9995
2023-08-14,sp500,0.005734004879419,0.0059926020403678,0.0065277958417631,0.008216578083593,0.9719644212643238,-0.0012752803401667,-0.0003669340916682,0.9180130913452834,0,Calm/Bull,0.9997
2023-08-15,sp500,-0.0116181393960964,0.0062228933801823,0.0066472974182294,0.0105186232146446,0.959042881585701,-0.0027534671993742,-0.0013024444085444,0.9361538966372578,0,Calm/Bull,0.9992
2023-08-16,sp500,-0.0075840817926245,0.0063116655546838,0.0067311175140543,0.0105351755663039,0.94370966229518,-0.0028575597374901,-0.0017994052395373,0.9376846476837382,0,Calm/Bull,0.9992
2023-08-17,sp500,-0.007742811377529,0.0063551819890461,0.00682103573751,0.012891351173013,0.9891596757847756,-0.0044562585172121,-0.0018475544386009,0.931703370808908,0,Calm/Bull,0.9984
2023-08-18,sp500,-0.0001487178839572,0.0063475542888652,0.0066386722249661,0.0106436733881123,0.983764539637442,-0.0042719491141576,-0.0018711924335294,0.9561481684536108,0,Calm/Bull,0.9995
2023-08-21,sp500,0.0068556348597997,0.006515234433452,0.0065935295238558,0.0107391976831175,0.931954808250145,-0.0040476231180815,-0.0017297126153832,0.988125466016269,0,Calm/Bull,0.9997
2023-08-22,sp500,-0.0027813310465456,0.0064295540488208,0.0065356067885902,0.0081639698267314,0.8841216075043271,-0.0022802614481713,-0.0020093151465024,0.9837730843975336,0,Calm/Bull,0.9998
2023-08-23,sp500,0.0109843307107913,0.0070510821251442,0.0064785126511912,0.0105365490259272,0.9649082992996798,0.0014334210525118,-0.001452326062029,1.0883797724540452,0,Calm/Bull,0.9999
2023-08-24,sp500,-0.013549353984008,0.0074816318128502,0.0067409066426979,0.0189086236788693,0.9461630536550052,0.000272112531216,-0.0018075241084696,1.109885095494484,0,Calm/Bull,0.9855
2023-08-25,sp500,0.0066955010602951,0.0072544520480388,0.006725210907097,0.0141112153151749,0.8449371266272675,0.0016409563200665,-0.0019642178459765,1.0786950994181153,0,Calm/Bull,0.9996
2023-08-28,sp500,0.0062450785941964,0.0074494370990526,0.0066604760759478,0.0055444076322504,0.7733794064585103,0.0015188450669458,-0.0017253456880951,1.1184541486387023,0,Calm/Bull,0.9999
2023-08-29,sp500,0.0144040687120565,0.0082687823366328,0.0066595851127298,0.0152213416224213,0.8853171703481212,0.0049559250186662,-0.0008717099871082,1.2416362576141542,0,Calm/Bull,0.9805
2023-08-30,sp500,0.0038258541811929,0.0077279197474935,0.0066602401373339,0.0062150311892537,0.8216823019364887,0.0035242297127466,1.6392753868235752e-05,1.1603064736622168,0,Calm/Bull,1.0
2023-08-31,sp500,-0.0015982129743398,0.0077141803999844,0.0066653158619398,0.0055171925221043,1.0611544016277796,0.0059144579146802,6.404337766581924e-05,1.15736156541865,0,Calm/Bull,0.9998
2023-09-01,sp500,0.0017975127655185,0.0076165123535404,0.0066380301462059,0.0088356807745252,0.8835576049885706,0.0049348602557249,0.0004196274846386,1.1474055082280326,0,Calm/Bull,0.9999
2023-09-05,sp500,-0.0042029978213812,0.0074039332354118,0.0066346566182844,0.0040651465854636,0.95934238286909,0.0028452449726093,-0.0002397033546732,1.1159482187830738,0,Calm/Bull,1.0
2023-09-06,sp500,-0.0069960144914322,0.0075075771355178,0.0067096650090234,0.0107424543506103,0.9360577944536074,-0.0014347716680883,-0.0003781438242419,1.1189198157316893,0,Calm/Bull,1.0
2023-09-07,sp500,-0.0032164331157329,0.0073753887993167,0.0066302553731872,0.0061445150716849,1.0310470698617284,-0.0028432291274735,-0.0001857845249263,1.112383819957041,0,Calm/Bull,1.0
2023-09-08,sp500,0.001425606062257,0.00738372282637,0.0065769581085591,0.0056421665604111,0.908342997031078,-0.0022384653201541,-0.0001270383478674,1.1226653271154183,0,Calm/Bull,1.0
2023-09-11,sp500,0.0067009514981355,0.0075344125309761,0.0066279462171117,0.0050986266198841,0.9442190079721154,-0.0012577775736307,0.0002615224720007,1.1367642832592926,0,Calm/Bull,1.0
2023-09-12,sp500,-0.0057121690230039,0.0075315695333549,0.006493893356963,0.0067862986214335,0.9689142798484702,-0.0015596118139553,-0.0003107862231203,1.1597926112043808,0,Calm/Bull,1.0
2023-09-13,sp500,0.0012408621175346,0.0070488891766818,0.006475957864664,0.005790814767922,0.9996040588779742,8.776350783804375e-05,0.0003321638525611,1.0884705126239331,0,Calm/Bull,1.0
2023-09-14,sp500,0.0083945855336662,0.0070098417342691,0.0065272540406345,0.0073916876976993,1.0349309621980114,0.0024099672377178,0.0011310972188756,1.0739342594344254,0,Calm/Bull,1.0
2023-09-15,sp500,-0.0122341458424939,0.0073716905355944,0.0066904800063234,0.0114081732407091,1.8863236548621152,-0.0003219831432323,0.0009065304956274,1.101817885805972,2,Stress/Bear,0.7794
2023-09-18,sp500,0.0007210276941755,0.0073677020804428,0.0066759755918416,0.0054451190785399,0.8694164648787217,-0.0015179679040243,0.000950017774534,1.1036142926355976,0,Calm/Bull,1.0
2023-09-19,sp500,-0.0021533273615331,0.0072622818395988,0.0066019704589962,0.0074798845428245,0.9957145666721204,-0.0008061995717301,0.0004995696634674,1.100017318269387,0,Calm/Bull,1.0
2023-09-20,sp500,-0.009439204206291,0.0075667992456389,0.0066938212324367,0.0135500203755535,0.9140065295060602,-0.0029422128364952,0.0001666760054801,1.130415495557584,0,Calm/Bull,0.9999
2023-09-21,sp500,-0.016536918318488,0.0079867983779221,0.0068766335974281,0.0107460215790993,1.0142244091348156,-0.0079285136069261,-0.0012093864459837,1.1614401530581977,0,Calm/Bull,0.9985
2023-09-22,sp500,-0.0022982374027607,0.0074500845442477,0.0068820206497215,0.0094696988962849,0.9324354080318328,-0.0059413319189794,-0.0006468306169214,1.0825431836722637,0,Calm/Bull,1.0
2023-09-25,sp500,0.0040149942038066,0.0073342561599045,0.0068770908771882,0.0082559230320754,0.8908344807986163,-0.0052825386170532,-0.0007808559597458,1.0664765510417795,0,Calm/Bull,0.9999
2023-09-26,sp500,-0.0148441654822649,0.0077738091406402,0.0069351153417598,0.0110049040302945,0.96106570421892,-0.0078207062411996,-0.0018353181635689,1.120934369156079,0,Calm/Bull,0.9995
2023-09-27,sp500,0.0002292877722947,0.0068005756466353,0.0069319343361289,0.0125020047529207,1.0650763671857288,-0.0058870078454824,-0.002544057210557,0.9810502115103878,0,Calm/Bull,0.9989
2023-09-28,sp500,0.0058758771430006,0.0069161068568762,0.006981234292594,0.0123008894379218,1.045691483996521,-0.0014044487531847,-0.0024415560624666,0.9906710714770128,0,Calm/Bull,0.999
2023-09-29,sp500,-0.0027132596482893,0.0069134444757979,0.0069196778983239,0.0135936012214177,1.0522055583483414,-0.0014874532022904,-0.0024973083961641,0.9990991744677176,0,Calm/Bull,0.9992
2023-10-02,sp500,7.936440615299324e-05,0.006867791831245,0.0069128414398044,0.0094138163507644,1.061985796365317,-0.0022745791618211,-0.0025832158141323,0.993483199498834,0,Calm/Bull,0.9995
2023-10-03,sp500,-0.0138393958634491,0.0073111292788149,0.0071153173272296,0.0152974273353441,1.0599659852638554,-0.002073625238058,-0.0030650357162357,1.02751977776676,0,Calm/Bull,0.9966
2023-10-04,sp500,0.0080770476078289,0.0076534587362299,0.0071414030007104,0.0112623909777191,1.0078745535554086,-0.0005040732709511,-0.0023113826112727,1.071702400140221,0,Calm/Bull,0.9998
2023-10-05,sp500,-0.0013048811469951,0.00765349734006,0.0070629348438049,0.0096801051925098,0.957875843380438,-0.0019402249289503,-0.0022158050128358,1.0836143202953588,0,Calm/Bull,1.0
2023-10-06,sp500,0.0117456420939611,0.0082375308726044,0.0071488602755508,0.0242660538397934,1.0347171176216643,0.0009515554194997,-0.0016998032112506,1.1522858966452192,2,Stress/Bear,0.7913
2023-10-09,sp500,0.0062840681193874,0.0082156532713135,0.0072063444900288,0.0133635800127755,0.8440149111613975,0.0021924961621466,-0.001720647380188,1.1400583586700948,0,Calm/Bull,0.9998
2023-10-10,sp500,0.0051944760999853,0.0082983230935802,0.0072226362621461,0.010513377362118,0.9348495452944224,0.0059992705548335,-0.0011753151240385,1.1489327154783806,0,Calm/Bull,0.9996
2023-10-11,sp500,0.004283819500095,0.0083725190073603,0.0071808066568813,0.0076081041553575,0.9555553197247146,0.0052406249332867,-0.0010231672549105,1.165958005475196,0,Calm/Bull,0.9998
2023-10-12,sp500,-0.0062660249406549,0.0081432220126403,0.0072055716643122,0.0138908830387423,0.9842909065075532,0.0042483961745548,-0.0017561977786265,1.1301285160998529,0,Calm/Bull,0.9983
2023-10-13,sp500,-0.0050314956602198,0.0078078081778418,0.0071845176711335,0.015049259908253,0.9895792798098286,0.0008929686237186,-0.0013960652695128,1.086754676547401,0,Calm/Bull,0.9998
2023-10-16,sp500,0.0105386423025899,0.0082443326201516,0.0073306349544731,0.0093652096850866,0.9428754554750184,0.0017438834603591,-0.0009051845390921,1.124640999224897,0,Calm/Bull,0.9999
2023-10-17,sp500,-9.824987944376509e-05,0.0082407635777693,0.0073057324498725,0.0128120787189908,1.046695641560838,0.0006853382644732,-0.0008024306649877,1.1279859527175993,0,Calm/Bull,1.0
2023-10-18,sp500,-0.0134904082511518,0.0085096348114534,0.0074749561913139,0.0139897905243381,1.0114142631024894,-0.002869507285776,-0.0010049908672307,1.1384193557337206,0,Calm/Bull,0.9998
2023-10-19,sp500,-0.0085190323280579,0.0079069241201614,0.0075376226587844,0.0163277460627045,1.084684659083923,-0.0033201087632567,-0.0006040965677092,1.0489944214634648,0,Calm/Bull,0.9996
2023-10-20,sp500,-0.0126651491961559,0.0083511573926152,0.0076544060991833,0.0126724062198014,1.0843612661691568,-0.0048468394704439,-0.0011224421573789,1.0910261729523534,0,Calm/Bull,0.9998
2023-10-23,sp500,-0.0016869920654349,0.0082634088734649,0.0075164945849816,0.0157977226417466,1.014658825302868,-0.0072919663440488,-0.001407541470841,1.099370029478321,0,Calm/Bull,0.9997
2023-10-24,sp500,0.0072395235196288,0.0078379609328727,0.0075901856968182,0.0094050647360479,1.0221447034056113,-0.0058244116642343,-0.0003033570207463,1.032644159965458,0,Calm/Bull,0.9995
2023-10-25,sp500,-0.014443434657238,0.0084483964409176,0.0077764230486448,0.0121812279542667,1.0349520354027275,-0.0060150169454516,-0.001036993142223,1.0864116301375766,0,Calm/Bull,0.9997
2023-10-26,sp500,-0.0119030812055848,0.0086164230344324,0.0077255076741234,0.0134631614813419,1.1375898856078115,-0.0066918267209569,-0.0019259410596523,1.11532127050927,0,Calm/Bull,0.9996
2023-10-27,sp500,-0.0048118385786207,0.0086392632011352,0.0077364721567102,0.0128529640644497,1.0667625633883744,-0.0051211645974499,-0.0020308700061688,1.1166928576925028,0,Calm/Bull,0.9999
2023-10-30,sp500,0.0119384743002859,0.0091816695856317,0.007910514759989,0.0106868727989334,1.0383833658585346,-0.0023960713243057,-0.0014379145114622,1.1606917961991676,0,Calm/Bull,0.9997
2023-10-31,sp500,0.0064540848216882,0.0088545370976199,0.0078619100245795,0.0101172419943783,1.1237975023989455,-0.0025531590638939,-0.0004232404772053,1.1262577503351097,0,Calm/Bull,0.9999
2023-11-01,sp500,0.0104511949901918,0.0089893806866646,0.0079947185232307,0.0113028518849281,1.1107303428609965,0.002425766865592,-0.0003045331080872,1.124414907234515,0,Calm/Bull,0.9999
2023-11-02,sp500,0.0186829389340864,0.0099337756860634,0.0083468419770781,0.0119182662801983,1.210374251353441,0.0085429708935263,0.0006948578959668,1.1901238472398616,0,Calm/Bull,0.9882
2023-11-03,sp500,0.0093498835445514,0.009807142249335,0.0084440805738731,0.0090378763774552,1.1745782652809895,0.0113753153181607,0.0005750699684963,1.1614221540802625,0,Calm/Bull,0.9832
2023-11-06,sp500,0.0017514577241005,0.0097202575861744,0.0084482387201829,0.0056528375969786,0.933773378236778,0.0093379120029237,0.000348439448732,1.1505661603705135,0,Calm/Bull,0.9992
2023-11-07,sp500,0.0028360934017119,0.0096725629211457,0.0084209890931751,0.0070458960164926,0.9648834034216288,0.0086143137189284,0.0002305203138183,1.1486255134785663,0,Calm/Bull,0.9995
2023-11-08,sp500,0.0010044110324198,0.0096279279684919,0.0082931545556823,0.0071736275215066,0.9476336917112828,0.006724956927374,6.654989043461061e-05,1.1609488167436857,0,Calm/Bull,0.9999
2023-11-09,sp500,-0.0081166906990687,0.0097006120716543,0.0083014642915442,0.0113770365455878,0.98879463420013,0.001365031000743,-2.598339748607877e-05,1.1685422873570928,0,Calm/Bull,0.9999
2023-11-10,sp500,0.0154957592707722,0.010215407736992,0.0084844803501594,0.0146515111233595,0.9278892613023432,0.0025942061459871,0.0010003793490635,1.2040110077926154,0,Calm/Bull,0.9991
2023-11-13,sp500,-0.00083618844137,0.0099701178047796,0.0084853825919388,0.0063333618894118,0.8429984350151113,0.002076676912893,0.0004316378118655,1.174975635659769,0,Calm/Bull,1.0
2023-11-14,sp500,0.0188953704745772,0.010788035511986,0.008783551973839,0.0110549424721581,1.177737409170634,0.0052885323274661,0.0013813188295665,1.2282087638482893,0,Calm/Bull,0.9976
2023-11-15,sp500,0.0015957382078471,0.0102051344469001,0.0087751967551458,0.0057429609392773,1.0802953337887609,0.0054067977625515,0.0021356261525165,1.162952208554848,0,Calm/Bull,0.9998
2023-11-16,sp500,0.0011897193967137,0.0098979280440993,0.0086659989381806,0.0053591102057473,0.9852685144489788,0.007268079781708,0.0026210637387551,1.1421566186087333,0,Calm/Bull,0.9997
2023-11-17,sp500,0.0012812279371779,0.0092332704877058,0.0084745670413582,0.0045325365968635,0.9413783125900166,0.0044251735149892,0.0033183825954218,1.0895271041747563,0,Calm/Bull,0.9998
2023-11-20,sp500,0.0073631037937956,0.0091967476413865,0.0084832512761152,0.0102806453836633,0.90985739379112,0.0060650319620223,0.0037708873883833,1.084106475459491,0,Calm/Bull,0.9988
2023-11-21,sp500,-0.0020229759317579,0.0092459689571207,0.0084559099805254,0.003664538353059,0.8798917489661633,0.0018813626807553,0.0033077624158139,1.0934327563106638,0,Calm/Bull,0.9997
2023-11-22,sp500,0.0040529050943133,0.008248174943393,0.0082686595135482,0.0051310775294959,0.7705215449934306,0.0023727960580485,0.0042325794033915,0.9975226250250604,0,Calm/Bull,0.9989
2023-11-24,sp500,0.000596695609645,0.0073901189175374,0.0082552713174974,0.0016472239761958,0.429512358730189,0.0022541913006348,0.004857568244153,0.8952000041323607,0,Calm/Bull,0.996
2023-11-27,sp500,-0.0019560693168983,0.0072190674142448,0.0082566947380251,0.0031206270097446,0.8990176275584046,0.0016067318498195,0.0050003567072391,0.8743289710104425,0,Calm/Bull,0.9718
2023-11-28,sp500,0.0009796385280502,0.0070792790562323,0.008254615984113,0.0060660894696473,0.9512323151195764,0.0003300387966704,0.0044524149186274,0.8576145843558605,0,Calm/Bull,0.9778
2023-11-29,sp500,-0.0009466966151019,0.0071620814080797,0.0082362370818181,0.0088978182297329,1.1694285407668814,0.0005452946600016,0.0040823758467878,0.8695817443004854,0,Calm/Bull,0.9795
2023-11-30,sp500,0.0037769312649946,0.0070034462987151,0.0081940660535698,0.0071478400411166,1.4070630955466283,0.0004900998941379,0.003748662660528,0.8546973203448803,0,Calm/Bull,0.9882
2023-12-01,sp500,0.0058565589538466,0.0060918485610271,0.0082103186860084,0.0097244341591884,1.1499795810312683,0.0015420725629782,0.003107343661516,0.7419746777197047,0,Calm/Bull,0.9834
2023-12-04,sp500,-0.0054231880638269,0.0061899334407091,0.0082451739981183,0.0056129405681794,1.145875889383202,0.0008486488135925,0.0023686900810971,0.7507341193917434,0,Calm/Bull,0.9945
2023-12-05,sp500,-0.0005690315939348,0.0062237670236612,0.008204546031939,0.0058854439233726,1.0218675927536378,0.0005389147891955,0.0022526656151953,0.7585754287236687,0,Calm/Bull,0.9961
2023-12-06,sp500,-0.0039138519449437,0.0063717208534839,0.0081854975739517,0.0097245393605356,1.1030602486203562,-5.451627677285067e-05,0.0019151683478625,0.7784158257844089,0,Calm/Bull,0.9945
2023-12-07,sp500,0.0079366106848219,0.0065066897776478,0.0082436530382904,0.0056044495707085,0.9910238033543538,0.0007774196071926,0.0022617783304826,0.7892968987686949,0,Calm/Bull,0.9955
2023-12-08,sp500,0.0040871341465037,0.0060374962691632,0.0081917542440448,0.0076383785360163,0.964417587786609,0.000423534645724,0.0028719695727612,0.7370211665654225,0,Calm/Bull,0.9921
2023-12-11,sp500,0.0039168135477814,0.0052695944925021,0.0080346399183006,0.0065592683957135,0.99260648741623,0.0022915349680457,0.0022930222866117,0.6558594468557957,0,Calm/Bull,0.995
2023-12-12,sp500,0.0045888127956924,0.0052395814344334,0.0080508621969545,0.0077180546813569,0.9826062759519372,0.0033231038459711,0.0025642723484648,0.6508099761557742,0,Calm/Bull,0.9921
2023-12-13,sp500,0.0135583451750198,0.0044387749490123,0.0082105192705074,0.0141191188491429,1.3003858925600025,0.0068175432699638,0.002297421083487,0.5406204897364489,1,Transition,0.5353
2023-12-14,sp500,0.0026435651851544,0.0044362400967488,0.0080985795219559,0.0093716524454981,1.5815533039451164,0.0057589341700303,0.0023498124323523,0.5477800254627142,0,Calm/Bull,0.9817
2023-12-15,sp500,-7.625240044859478e-05,0.0044626174654514,0.0077606777431679,0.0044159790152015,1.9545610419531296,0.0049262568606399,0.0022865138424942,0.575029348355573,0,Calm/Bull,0.9904
2023-12-18,sp500,0.0045181222634005,0.0044828899299974,0.0077549985276538,0.0050500238601241,0.9623526461652154,0.0050465186037637,0.0024483585588053,0.5780645752557758,0,Calm/Bull,0.9945
2023-12-19,sp500,0.0058492674508189,0.0044076883540863,0.0077684919106152,0.0052365328086628,0.9501402688348368,0.005298609534789,0.0023726667416565,0.5673801819969017,0,Calm/Bull,0.994
2023-12-20,sp500,-0.0147931479653056,0.0057870830360713,0.0077666664773943,0.0170676811517839,0.9832704628016932,-0.000371689093276,0.0017341581399791,0.7451180056354024,0,Calm/Bull,0.5941
2023-12-21,sp500,0.0102487693072718,0.0060763512704929,0.0078444679288586,0.0085026309119397,0.7993950916547741,0.0011493517311474,0.002043951350627,0.7746033670606186,0,Calm/Bull,0.9945
2023-12-22,sp500,0.001658682152761,0.0060676725048239,0.0078257122901342,0.0076073054615145,0.6983865525569249,0.0014963386417893,0.0020970506777828,0.7753508281250475,0,Calm/Bull,0.9976
2023-12-26,sp500,0.0042227610469785,0.0060074441037733,0.0078109875336187,0.0055018628265877,0.582182358826145,0.0014372663985049,0.0024059921959767,0.7691017400702725,0,Calm/Bull,0.9983
2023-12-27,sp500,0.0014294356164229,0.0060026633151911,0.0078079147933995,0.0034486998242359,0.6427332926351152,0.0005533000316257,0.0024284820503953,0.7687921133905745,0,Calm/Bull,0.998
2023-12-28,sp500,0.0003701061103271,0.0059708315239082,0.0075358240771134,0.002575563980731,0.6440892793665594,0.0035859508467523,0.0024943221866668,0.7923262887786771,0,Calm/Bull,0.9989
2023-12-29,sp500,-0.0028304770367338,0.0060779639126648,0.0075195406692105,0.0076396728624291,0.7668427108473412,0.0009701015779511,0.0021639517715803,0.8082892532986267,0,Calm/Bull,0.9978
2024-01-02,sp500,-0.0056766607997231,0.0062537582845333,0.0075718189680749,0.0066753722415702,0.92562001864569,-0.0004969670125456,0.0015872907839019,0.8259254890933128,0,Calm/Bull,0.9981
2024-01-03,sp500,-0.0080486183271976,0.0064336273122495,0.0075621993926661,0.0062871992188014,0.9820743759589696,-0.0029512428873809,0.0014560192707333,0.8507613960151494,0,Calm/Bull,0.9973
2024-01-04,sp500,-0.0034342716633174,0.0065125113671906,0.0075613435128883,0.0083712257028621,0.9258265765861172,-0.0039239843433289,0.0013127572672642,0.8612902397688981,0,Calm/Bull,0.9974
2024-01-05,sp500,0.0018240216394339,0.0063954797753674,0.0075444563749023,0.008383725151113,0.9627572275911586,-0.0036332012375076,0.0015996509464831,0.8477058461949541,0,Calm/Bull,0.9964
2024-01-08,sp500,0.0140159454363531,0.006841438999787,0.0077135446197589,0.0135865793743779,0.9380998534688992,-0.0002639167428902,0.0019036176840596,0.8869384099058795,0,Calm/Bull,0.9786
2024-01-09,sp500,-0.0014789938523175,0.0068611250105122,0.0076573485854647,0.0073836050010511,0.8868348255189236,0.0005756166465908,0.0016253112841186,0.8960183716248813,0,Calm/Bull,0.9994
2024-01-10,sp500,0.0056499806504959,0.0069024117801092,0.0076272581905076,0.0072331910989489,0.8825742244322371,0.0033153364421296,0.0017119696392543,0.9049663204924108,0,Calm/Bull,0.9995
2024-01-11,sp500,-0.0006712808369611,0.0068872219832934,0.0075431288721464,0.0123257240193292,0.9490472901887852,0.0038679346074008,0.0014489649576216,0.913045779812282,0,Calm/Bull,0.9969
2024-01-12,sp500,0.0007506937530339,0.0062697746243988,0.0075409110650383,0.0069860177575744,0.897873270310631,0.0036532690301208,0.0008085823865223,0.8314346330733368,0,Calm/Bull,0.9983
2024-01-16,sp500,-0.0037383190523568,0.0063335453257651,0.0073141145847406,0.0073898184018465,1.1270664184971635,0.0001024161323788,0.0004894881746468,0.8659346599489652,0,Calm/Bull,0.9991
2024-01-17,sp500,-0.0056327312711078,0.0064798469651705,0.0072552987112644,0.0062057086502624,1.1017774104500864,-0.0007283313513791,0.0002116642311138,0.8931192529826552,0,Calm/Bull,0.9993
2024-01-18,sp500,0.0087667207262431,0.0066945413684923,0.007060720772213,0.0094584360811796,1.127783892024584,-0.0001049833362297,0.0004240941542559,0.9481385235963744,0,Calm/Bull,0.9996
2024-01-19,sp500,0.0122383082325485,0.0071067905090061,0.0071634647553279,0.0116119654182419,1.1986677430966934,0.0024769344776721,0.0007435461933424,0.992088430911926,0,Calm/Bull,0.9994
2024-01-22,sp500,0.0021919211872316,0.0060953271639529,0.0071339997015135,0.005022307440716,1.1999630317536016,0.0027651799645117,0.0015927996509693,0.854405301230915,0,Calm/Bull,0.999
2024-01-23,sp500,0.0029171153407644,0.0057585067295812,0.006790856893783,0.0045450525916616,1.0852209645564193,0.004096266843136,0.0012262169526439,0.8479793963635271,0,Calm/Bull,0.9989
2024-01-24,sp500,0.0008115989762168,0.0057582736802643,0.0065270139795752,0.0077518431337938,1.179942425748618,0.0053851328926009,0.0011838627938167,0.8822217476909896,0,Calm/Bull,0.9984
2024-01-25,sp500,0.0052465781349779,0.0057911681534013,0.0064592935018628,0.0058866194962906,1.0735397549066468,0.0046811043743479,0.0012350536482167,0.8965637111444438,0,Calm/Bull,0.9995
2024-01-26,sp500,-0.0006519977554263,0.0058061741341473,0.0063638474455334,0.0051563852272009,0.8882544676611829,0.0021030431767529,0.0011309819796242,0.9123685292334428,0,Calm/Bull,0.9999
2024-01-29,sp500,0.0075283655052462,0.0059749787643399,0.0063761719313733,0.0085046164931417,0.9236425919562372,0.0031703320403558,0.0014888949493702,0.937079305365137,0,Calm/Bull,0.9998
2024-01-30,sp500,-0.0006008303969786,0.005910599154391,0.0063073856354514,0.0030091195626083,0.9958573116709692,0.0024667428928072,0.0016003772813579,0.9370917676524848,0,Calm/Bull,0.9999
2024-01-31,sp500,-0.0162368517407336,0.0069713852705991,0.0063996359129009,0.012712453210137,1.2042131510511658,-0.0009429472505828,0.0010723677343074,1.0893409196210022,0,Calm/Bull,0.9995
2024-02-01,sp500,0.0124162861140497,0.007063454950861,0.0064717939171614,0.010894440686326,1.1184702415499344,0.0004909943452314,0.0020956129563698,1.0914214885814888,0,Calm/Bull,0.9998
2024-02-02,sp500,0.0106277707226331,0.0071828984087284,0.0065673794214595,0.0135723129149277,1.0101408036164634,0.0027469480408433,0.0027987150756673,1.0937236830352224,0,Calm/Bull,0.9993
2024-02-05,sp500,-0.0031914247092839,0.0073052273054333,0.0066022690368265,0.0079104997345121,1.020344041902767,0.0006029899979373,0.0025479427582314,1.106472224122618,0,Calm/Bull,1.0
2024-02-06,sp500,0.0023077459317481,0.0067887255063275,0.0066010118576301,0.0046203217874403,1.1162637309050527,0.0011847052636826,0.0019625327830011,1.028437102181617,0,Calm/Bull,1.0
2024-02-07,sp500,0.0082076825940086,0.0068752618765684,0.0065109846295521,0.0061741664103098,1.2097959669843348,0.0060736121306311,0.0024468666053174,1.0559481042794867,0,Calm/Bull,0.9999
2024-02-08,sp500,0.0005704205400905,0.0068444610923918,0.0062798739964329,0.0026631248217028,1.0618953045569666,0.0037044390158392,0.0021928885997972,1.0899042076767116,0,Calm/Bull,1.0
2024-02-09,sp500,0.0057259171287955,0.0068530397488753,0.0062856135959853,0.0059125763988274,0.9552175627682437,0.0027240682970717,0.002512748498085,1.0902737885848544,0,Calm/Bull,1.0
2024-02-12,sp500,-0.0009494041426524,0.0068865088150448,0.0059012608940292,0.0062845609529002,0.9254284928163145,0.003172472410398,0.0024277436033007,1.1669554928528003,0,Calm/Bull,0.9999
2024-02-13,sp500,-0.0137686094198454,0.0076788405644416,0.0062360941926515,0.0102943664154465,1.045619135589206,-4.279865992063009e-05,0.0019262290849263,1.2313541661205465,0,Calm/Bull,0.9981
2024-02-14,sp500,0.0095341683042168,0.0076418803528978,0.0063195383500769,0.0092128222378669,0.935591589066648,0.000222498482121,0.0026845740636925,1.2092466141620597,0,Calm/Bull,0.9994
2024-02-15,sp500,0.00580437267404,0.007545895472923,0.0063410651455586,0.0066167117453089,1.0052671228866583,0.0012692889089108,0.0025364566610823,1.1900044077308174,0,Calm/Bull,0.9999
2024-02-16,sp500,-0.004815043575961,0.0073529371958013,0.0063549640900305,0.007827315801626,0.9364073243733956,-0.0008389032320404,0.0016837890706569,1.1570383548408054,0,Calm/Bull,0.9999
2024-02-20,sp500,-0.0060234264658172,0.0075498915953435,0.0064143278465181,0.007776075865342,0.9888306601026944,-0.0018537076966733,0.0012730216880044,1.1770355017699563,0,Calm/Bull,0.9999
2024-02-21,sp500,0.0012634014951035,0.0075399871180339,0.0064058598649746,0.0074691802955406,0.929840702629978,0.0011526944863164,0.0011903359957214,1.1770452799413234,0,Calm/Bull,1.0
2024-02-22,sp500,0.0209028886664034,0.008731175251139,0.0068771124204453,0.0109219055009019,0.9978796003614988,0.0034264385587537,0.0021949004802307,1.2695990289735095,0,Calm/Bull,0.993
2024-02-23,sp500,0.0003478870265021,0.0087097461063875,0.0068620566868844,0.0058167149018092,0.9084459010311192,0.0023351414292461,0.0019499659248069,1.2692617539920037,0,Calm/Bull,0.9999
2024-02-26,sp500,-0.0037939392446684,0.0087871392545658,0.0069000475910165,0.0056711374069013,0.9074917279719688,0.0025393622955046,0.0017928688503448,1.2734896591157034,0,Calm/Bull,0.9998
2024-02-27,sp500,0.0017048955387209,0.0086829496764943,0.0068907461054051,0.0046079307022914,0.962359757749932,0.0040850266964123,0.0015016953520185,1.2600884641045351,0,Calm/Bull,0.9999
2024-02-28,sp500,-0.0016595313211122,0.0086996533015538,0.0069004246919341,0.0037516609091052,0.9294128482152612,0.0035004401331691,0.0014487603058119,1.2607417209730227,0,Calm/Bull,0.9998
2024-02-29,sp500,0.0052154704557999,0.0076653441207108,0.0068944325716542,0.0084571848609023,1.272069029510425,0.0003629564910484,0.0025213764156385,1.111816533274422,0,Calm/Bull,0.9998
2024-03-01,sp500,0.0079759364333879,0.0074241769385129,0.0068758854691949,0.0089875807215081,1.1520491283705545,0.0018885663724256,0.0022993589316055,1.0797412161349151,0,Calm/Bull,0.9999
2024-03-04,sp500,-0.001193974574963,0.007193209202566,0.0068802384884472,0.0043831542380388,1.1436765199300494,0.0024085593063667,0.0017082716667256,1.0454883525686305,0,Calm/Bull,1.0
2024-03-05,sp500,-0.0102454062759179,0.0076071239913925,0.0070187044748168,0.0113652675324425,1.056937144986814,1.849894343893786e-05,0.0013555725883939,1.0838359156859994,0,Calm/Bull,0.9999
2024-03-06,sp500,0.0051279328530016,0.007651710397595,0.0069866087166669,0.0070032678600739,1.089040701583905,0.0013759917782617,0.0014965819344566,1.095196640874058,0,Calm/Bull,1.0
2024-03-07,sp500,0.0102514022849836,0.0077589470798258,0.0070658698008273,0.0072537416898805,0.9974837398878632,0.0023831781440984,0.0015987679190054,1.0980880342456067,0,Calm/Bull,1.0
2024-03-08,sp500,-0.0065499229920503,0.0079691267321709,0.0071437652049477,0.0140054855866834,1.0162010483926072,-0.0005219937409892,0.0012427507423983,1.115535925880038,0,Calm/Bull,0.9999
2024-03-11,sp500,-0.0011228682680281,0.0079132956604306,0.0071428883750823,0.0065495140456923,0.940952793097028,-0.0005077724796022,0.0009003114725571,1.107856548344764,0,Calm/Bull,1.0
2024-03-12,sp500,0.011139512586668,0.0082203131333367,0.0070809283040207,0.0126351159402254,0.9821479611122832,0.0037692112929149,0.0015047573090232,1.160908962835989,0,Calm/Bull,0.9998
2024-03-13,sp500,-0.0019263840021219,0.0074529488918724,0.0070938645936495,0.005277563901686,1.031098791214466,0.0023583479218902,0.0020968685799093,1.0506189952574372,0,Calm/Bull,1.0
2024-03-14,sp500,-0.0028752210514951,0.0073164957725922,0.0071136093959096,0.0103971461245979,1.1172918464581407,-0.0002669767454055,0.0014763991121237,1.0285208767295035,0,Calm/Bull,0.9999
2024-03-15,sp500,-0.0065040228597376,0.0074497334713269,0.0071752842407344,0.006353174678906,1.7716122357491562,-0.0002577967189429,0.0008609793354349,1.0382492485850825,0,Calm/Bull,0.6878
2024-03-18,sp500,0.0062981842384804,0.0074184791196557,0.0071803683266136,0.0058511217320822,0.9200902122531964,0.0012264137823587,0.0014166407261569,1.0331613619540263,0,Calm/Bull,1.0
2024-03-19,sp500,0.0056332530443431,0.0072593827752968,0.0068834120035768,0.0094081535130348,0.9191062026378232,0.0001251618738937,0.0019994747016649,1.0546198268423594,0,Calm/Bull,1.0
2024-03-20,sp500,0.0088647655163601,0.0074161115671183,0.0068562778575415,0.0104582027962185,0.9237387461346128,0.0022833917775901,0.0023795429027278,1.081652716125119,0,Calm/Bull,0.9999
2024-03-21,sp500,0.0032313090945288,0.0060130228665506,0.0068595162368556,0.0038996137089852,0.9545161344107566,0.0035046978067949,0.0014959639241341,0.8765957625762512,0,Calm/Bull,0.9996
2024-03-22,sp500,-0.0014031718343267,0.0060432913353132,0.0068618544431778,0.0030988093679979,0.7681418805648291,0.0045248680118771,0.0014084109810926,0.8807081795973515,0,Calm/Bull,0.9997
2024-03-25,sp500,-0.0030596403820319,0.0060121723391493,0.0068874078498169,0.0024912853203838,0.7613318141860943,0.0026533030877747,0.0014451259242244,0.8729223635724064,0,Calm/Bull,0.9996
2024-03-26,sp500,-0.0028037219828057,0.0060859932163673,0.006908048698723,0.0060996917311661,0.8853868375031514,0.0009659080823449,0.0012196950481481,0.8810003347967538,0,Calm/Bull,0.9996
2024-03-27,sp500,0.008593595582706,0.0062600449351276,0.0069467032335519,0.00673333514437,0.8799033100406325,0.0009116740956141,0.001732351393339,0.901153356442832,0,Calm/Bull,0.9996
2024-03-28,sp500,0.0011158627007616,0.0062068836571056,0.0068812492843014,0.003621812989962,0.9266031753830352,0.0004885848168606,0.0015273710055871,0.9019995353555568,0,Calm/Bull,0.9997
2024-04-01,sp500,-0.0020156145269577,0.0060609183158712,0.00677960875696,0.0066269115294088,0.7837027861267549,0.0003660962783344,0.0010277934575698,0.8939923427954368,0,Calm/Bull,0.9997
2024-04-02,sp500,-0.0072653882036724,0.0063243780285205,0.0068475156729868,0.004665948005998,0.92531820543136,-0.0004750532859936,0.0007242227761343,0.9236018332122904,0,Calm/Bull,0.9998
2024-04-03,sp500,0.0010905275233378,0.0057735040868571,0.0068480246465124,0.0065969389303908,0.8892389895968703,0.000303796615235,0.0012910194660971,0.8430904362760336,0,Calm/Bull,0.9992
2024-04-04,sp500,-0.0124110356192622,0.0064521611142813,0.0068942319589526,0.0214737277078392,0.9843811419210584,-0.0038971296251585,0.0004140710424839,0.9358781591186132,0,Calm/Bull,0.7957
2024-04-05,sp500,0.0110380501356995,0.0065173540922218,0.0069975963440392,0.0124838532444752,0.825482674888719,-0.0019126921381709,0.0004534034350197,0.9313703980329604,0,Calm/Bull,0.9984
2024-04-08,sp500,-0.0003747011900415,0.0063111208901653,0.006980236356169,0.0042710611812197,0.808179371454394,-0.0015845094707877,0.0007621645251202,0.9041414313410246,0,Calm/Bull,0.9997
2024-04-09,sp500,0.0014444494736345,0.0062968551006612,0.0069749412724722,0.0122900916747454,0.8435344417557338,0.0001574580646736,0.0008905304122033,0.9027825259995816,0,Calm/Bull,0.9989
2024-04-10,sp500,-0.0095019818322125,0.0062197326459776,0.0071161385515753,0.007698653542235,0.9567617180877404,-0.0019610438064364,-0.0001415443087406,0.8740319768789131,0,Calm/Bull,0.9987
2024-04-11,sp500,0.0074172219833424,0.0064261003810858,0.00712895605103,0.0140428779052703,0.881518771000997,0.0020046077140844,0.0003256359905325,0.9014083317510936,0,Calm/Bull,0.9952
2024-04-12,sp500,-0.0146575878022485,0.0072253605160705,0.0073719843757165,0.0130947633907774,1.004663453257161,-0.0031345198735051,-0.0002634823470051,0.9801106659790292,0,Calm/Bull,0.999
2024-04-15,sp500,-0.0120941957874591,0.0075789521220827,0.0075045610619257,0.0229087492175598,1.0520846081412905,-0.0054784187929886,-0.0005429909933911,1.0099127796473548,0,Calm/Bull,0.9162
2024-04-16,sp500,-0.0020586245275039,0.0074104245347761,0.0073658043479303,0.0079205141509835,1.067423506577609,-0.0061790335932163,-0.0009608314316904,1.0060577480391872,0,Calm/Bull,0.9996
2024-04-17,sp500,-0.0057973750760041,0.0073152712843591,0.0074106959991807,0.0140794513744902,0.9637564560772348,-0.0054381122419746,-0.0015323628377077,0.9871233802017912,0,Calm/Bull,0.9992
2024-04-18,sp500,-0.0022106017004853,0.0068938463303619,0.0074128542478844,0.0109296960061675,0.9759097423144372,-0.0073636769787402,-0.00208613119855,0.9299854145020212,0,Calm/Bull,0.9954
2024-04-19,sp500,-0.0087971296540569,0.0069301226136687,0.0075090574687597,0.0131783632315978,1.0503932864737644,-0.0061915853491019,-0.0026875531359793,0.9229017945994508,0,Calm/Bull,0.9925
2024-04-22,sp500,0.008693351156839,0.0073816406240072,0.0075602831652003,0.0138586077621183,1.0283471451236654,-0.0020340759602422,-0.002182726986421,0.9763709192778076,0,Calm/Bull,0.9964
2024-04-23,sp500,0.011893566567722,0.0080179958480013,0.0077030599846609,0.009498014634523,1.0041371069801903,0.0007563622588029,-0.0014350666389333,1.0408845139421925,0,Calm/Bull,0.9997
2024-04-24,sp500,0.0002129873779329,0.0080192686658829,0.0076492613494793,0.0083720543333405,0.9816247030521786,0.0019584347495903,-0.0012842311708964,1.0483716400183882,0,Calm/Bull,0.9999
2024-04-25,sp500,-0.0045869342701194,0.0077000163937077,0.0076760623013263,0.013305137630083,1.0609775613317969,0.0014831682356635,-0.0019432576635377,1.003120622454729,0,Calm/Bull,0.9982
2024-04-26,sp500,0.0101573813323253,0.0081418173018283,0.0074589710044256,0.0081333933572931,0.9712405134924832,0.00527407043294,-0.0014911817319595,1.09154698375922,0,Calm/Bull,0.9996
2024-04-29,sp500,0.0031734080766393,0.0082066457700216,0.0073100588713504,0.0068098465381856,0.9274971861923462,0.0041700818169,-0.0012317306017796,1.1226511187461174,0,Calm/Bull,0.9999
2024-04-30,sp500,-0.0158555511189281,0.0087461065581778,0.007497497947624,0.0149969558114137,1.0954556035347318,-0.0013797417204299,-0.0016612387475424,1.1665367058819247,0,Calm/Bull,0.9992
2024-05-01,sp500,-0.0034413534856316,0.0087297522488817,0.0074995155098457,0.01647339477856,1.205740799041387,-0.0021106098931428,-0.0018878327979909,1.1640421621131256,0,Calm/Bull,0.9997
2024-05-02,sp500,0.0090870247250848,0.0086892682821851,0.0075816173346008,0.0122744271262294,1.157920259297015,0.0006241819058979,-0.0008129297807735,1.146096920841585,0,Calm/Bull,0.9999
2024-05-03,sp500,0.012478557659508,0.0087979616138422,0.0076759510117362,0.0073910792085939,1.0299140275435137,0.0010884171713344,-0.0007409044045831,1.1461721942193936,0,Calm/Bull,0.9999
2024-05-06,sp500,0.0102731736912478,0.0091369273660199,0.0077803042729944,0.0074468273605025,0.9613724428491393,0.0025083702942561,-0.0002085106605186,1.1743663287995398,0,Calm/Bull,1.0
2024-05-07,sp500,0.0013425282288256,0.0091359852900514,0.0077518729506741,0.0041000864989208,1.0329710236900878,0.0059479861638069,-0.0002136067227591,1.1785519897171384,0,Calm/Bull,0.9997
2024-05-08,sp500,-5.835635193424912e-06,0.0088707643241625,0.00774978643177,0.0050292968566165,0.9952568515705776,0.0066350897338945,0.0002612005870918,1.1446462947413638,0,Calm/Bull,0.9998
2024-05-09,sp500,0.0050780326391067,0.0087864679828405,0.0075390219267392,0.0066914293441474,0.9628187874388772,0.0058332913166989,0.00014424111988,1.165465237828386,0,Calm/Bull,0.9999
2024-05-10,sp500,0.0016480400801667,0.0080678438047439,0.0074534122046665,0.0057403439344752,0.9387282553079312,0.0036671878008306,0.0009595225140008,1.0824362833029353,0,Calm/Bull,1.0
2024-05-13,sp500,-0.0002413331738652,0.0074718064636674,0.0074243782279319,0.0049985654794122,1.099860207959075,0.001564286427808,0.0015521656446805,1.0063881761245757,0,Calm/Bull,0.9999
2024-05-14,sp500,0.004826148527454,0.0074552740004988,0.0074089955000475,0.006173453618969,1.2191837198517197,0.0022610104875337,0.0018964042974284,1.0062462584099396,0,Calm/Bull,0.9999
2024-05-15,sp500,0.0116478277872996,0.0075279142351805,0.0074846444770201,0.0091368934359946,1.105283541278981,0.0045917431720323,0.0027686644405936,1.0057811374064929,0,Calm/Bull,0.9995
2024-05-16,sp500,-0.002083837474088,0.0075235533387603,0.0074957098992464,0.0055313836681534,0.9651512556229824,0.0031593691493934,0.0027750026519134,1.0037145833934658,0,Calm/Bull,0.9999
2024-05-17,sp500,0.0011640956878937,0.0070307322243751,0.0070269009840317,0.0041220513913097,0.9080886719610504,0.0030625802709388,0.003273063919011,1.0005452247515745,0,Calm/Bull,0.9999
2024-05-20,sp500,0.0009159703084911,0.0069295124401726,0.0070268096840886,0.0043178901762019,0.872414733837746,0.0032940409674101,0.0028841948765936,0.9861534254817976,0,Calm/Bull,0.9999
2024-05-21,sp500,0.0024987497668926,0.0065970941411602,0.0070054770436578,0.0049704319446575,0.9352444404549198,0.0028285612152978,0.0024144540365521,0.9417051972403032,0,Calm/Bull,0.9998
2024-05-22,sp500,-0.0027097912093521,0.0066802760469157,0.0070190695792961,0.0070040214353878,0.9800781080826324,-4.296258403253357e-05,0.0022683151071878,0.9517324157350204,0,Calm/Bull,0.9998
2024-05-23,sp500,-0.0074081622834719,0.0068600194778326,0.007091167555564,0.0161260990369777,0.9868949847911328,-0.0011078275459093,0.0021272537065202,0.9674033823174908,0,Calm/Bull,0.9924
2024-05-24,sp500,0.0069766490766732,0.0066990388563304,0.0071140414568083,0.006269843512563,0.7724316700300079,5.468313184659075e-05,0.0019682170937376,0.9416642982758046,0,Calm/Bull,0.9998
2024-05-28,sp500,0.0002487709068859,0.0067032656814631,0.0070491522812219,0.0066000292635254,0.960412311118046,-7.87567484744595e-05,0.0018219852352499,0.9509321708540476,0,Calm/Bull,0.9999
2024-05-29,sp500,-0.0073943172157425,0.0057244027980218,0.0071200840801353,0.0037155893815299,0.9157302625041868,-0.0020573701450014,0.0022450469304092,0.8039796628234482,0,Calm/Bull,0.995
2024-05-30,sp500,-0.0059929575357541,0.0058840148941524,0.0070325849572914,0.0072791536637368,0.9935813668011,-0.0027140034102818,0.0021174667279031,0.8366788214981874,0,Calm/Bull,0.9966
2024-05-31,sp500,0.0079958242319288,0.0058207062628118,0.0070741482931321,0.0167976766089889,1.395505280858027,0.0003667938927982,0.0020629067032453,0.8228137185734093,0,Calm/Bull,0.8863
2024-06-03,sp500,0.0011154602235352,0.0052799904175702,0.0069592858093492,0.0128307605548517,1.037062587080256,-0.0008054438778293,0.0014947518314466,0.7586971655161886,0,Calm/Bull,0.9843
2024-06-04,sp500,0.0015016810037827,0.0048600415898671,0.0069003325370711,0.0077806232619189,0.949885404814394,-0.0005548618584499,0.0010561771970734,0.7043199097662634,0,Calm/Bull,0.9949
2024-06-05,sp500,0.0117780158499572,0.0054202880965385,0.0070471802345722,0.0105565381216123,0.924751693101067,0.0032796047546899,0.00157795157813,0.7691428225359686,0,Calm/Bull,0.9842
2024-06-06,sp500,-0.0001998366016368,0.0054234442590836,0.0069146813411666,0.005042114002712,0.9323088926115348,0.0044382289415134,0.0015682515298078,0.7843375553396921,0,Calm/Bull,0.9976
2024-06-07,sp500,-0.001115842050279,0.0053892133774422,0.006910526707836,0.0081821731632756,0.954111316604166,0.0026158956850718,0.0012585577953385,0.7798556615563381,0,Calm/Bull,0.9967
2024-06-10,sp500,0.0025775299782409,0.0053967514074379,0.0069002154920812,0.0063927181034016,0.935848198657309,0.002908309636013,0.0013050322902422,0.7821134591566472,0,Calm/Bull,0.9979
2024-06-11,sp500,0.0027067148552095,0.0053925509432005,0.0068401703787598,0.0090599623659747,0.930094643111766,0.0031493164062983,0.001452434691696,0.7883650032966315,0,Calm/Bull,0.996
2024-06-12,sp500,0.0084677202418873,0.0055709856536146,0.0068752618000963,0.0070318959124481,1.0439064276464347,0.0024872572846843,0.0016345132774176,0.8102943299608736,0,Calm/Bull,0.9975
2024-06-13,sp500,0.0023419114371167,0.0050554071241619,0.0068495874911895,0.0072547469065355,0.9402706116494448,0.002995606892435,0.0011692174599085,0.7380600847371651,0,Calm/Bull,0.9956
2024-06-14,sp500,-0.0003939382809974,0.0050121115632777,0.0067686771916964,0.0052728728558474,0.9204830739286852,0.0031399876462914,0.001253712419563,0.7404861276921967,0,Calm/Bull,0.9966
2024-06-17,sp500,0.0076351643723205,0.0052109456940626,0.0068208458766941,0.0124423965189231,0.924555281814068,0.0041515145251073,0.0015772658537843,0.763973528835728,0,Calm/Bull,0.9599
2024-06-18,sp500,0.0025181541815171,0.00521255950309,0.0068189346688586,0.0034736568489772,0.9488491055440128,0.0041138023903688,0.0016573750474356,0.7644243208393235,0,Calm/Bull,0.9975
2024-06-20,sp500,-0.0025291273954115,0.0052905062375387,0.0068142055780198,0.0091299424786324,1.0273510938301145,0.001914432862909,0.0014059811893204,0.7763936935809552,0,Calm/Bull,0.9955
2024-06-21,sp500,-0.0015633517188252,0.0052496180715499,0.0068049776622865,0.0048091674945239,1.7409010881210063,0.0011333802317206,0.0014633031638468,0.7714379579294718,0,Calm/Bull,0.9966
2024-06-24,sp500,-0.0030698791558664,0.0049445191122769,0.0067453594327685,0.007905899291563,0.95219758212519,0.0005981920567468,0.0016802173202271,0.733025298586284,0,Calm/Bull,0.9947
2024-06-25,sp500,0.0039258736791813,0.0048179627567725,0.0067585927528857,0.0048122840507284,0.9182705796711496,-0.0001436660818809,0.0015276785503525,0.7128647830889557,0,Calm/Bull,0.9955
2024-06-26,sp500,0.0015711962247204,0.0048085526106516,0.0067503092624093,0.0057083955692346,0.913292535780076,-0.0003330576732402,0.0015937998162442,0.7123455272529777,0,Calm/Bull,0.9955
2024-06-27,sp500,0.000906909856799,0.0043259403448018,0.0066682376177353,0.0042441310908139,0.9194220816469184,0.0003541497772018,0.0020088611698713,0.6487381813293842,0,Calm/Bull,0.9928
2024-06-28,sp500,-0.0040920134623695,0.0041585190097273,0.0066987522295014,0.0132808873561742,1.7674869431168443,-0.000151582571507,0.0021039083735405,0.6207900915357236,0,Calm/Bull,0.9804
2024-07-01,sp500,0.0026719909814295,0.0039253777027394,0.0064746875062125,0.0060309548287949,0.8775167460275739,0.0009967914559521,0.0018377167110155,0.606265197968697,0,Calm/Bull,0.9876
2024-07-02,sp500,0.006176205771185,0.0040378699940667,0.0063769899544853,0.0093047149679874,0.8451927544319033,0.0014468578743529,0.002090753988398,0.6331937203737767,0,Calm/Bull,0.9617
2024-07-03,sp500,0.0050715622695336,0.0040890385957029,0.0063965718208667,0.0057522092287732,0.5641254744141828,0.0021469310833155,0.0022692480516856,0.6392546992693423,0,Calm/Bull,0.9903
2024-07-05,sp500,0.0054339743609695,0.0035189036910913,0.0064215449039103,0.0069514774454999,0.8457180887709183,0.0030523439841496,0.0019520459772362,0.5479839732878765,0,Calm/Bull,0.9765
2024-07-08,sp500,0.0010161824764044,0.00349015372377,0.0062688148090628,0.003696510276656,0.8327865372620391,0.0040739831719044,0.0020128469311382,0.5567485768959489,0,Calm/Bull,0.9788
2024-07-09,sp500,0.0007407974780654,0.0034266705249685,0.0062170853645921,0.0029012432961773,0.8502488742405299,0.0036877444712316,0.0021056789075555,0.551169933178703,0,Calm/Bull,0.977
2024-07-10,sp500,0.0101563148781058,0.0038717434119838,0.0059666889050067,0.008688494128398,0.8806991950661204,0.0044837662926158,0.0024846181525487,0.64889312542087,0,Calm/Bull,0.8702
2024-07-11,sp500,-0.0088016499692667,0.0046198994181468,0.005852821169118,0.0118040894496507,1.055184943076775,0.0017091238448557,0.0019091999113249,0.789345733391518,0,Calm/Bull,0.9558
2024-07-12,sp500,0.0055018640249651,0.0044424932153142,0.0058532739768359,0.0115968044832467,0.974390992463261,0.0017227017776548,0.0017609071004788,0.7589757856705781,0,Calm/Bull,0.9595
2024-07-15,sp500,0.0028222164233526,0.0044470951499992,0.0057697285806622,0.009267963143881,0.952245185506553,0.0020839085670444,0.0017849223497906,0.7707633189027309,0,Calm/Bull,0.988
2024-07-16,sp500,0.0063690499714532,0.0045290660248289,0.0057722515533107,0.0054082970933515,1.0546864704812469,0.003209559065722,0.0021230717624131,0.7846272781080126,0,Calm/Bull,0.9952
2024-07-17,sp500,-0.0140254415236455,0.0056038922850609,0.0059746989581659,0.0067427263982513,1.0966727154610203,-0.0016267922146282,0.0010400414676148,0.9379371788099432,0,Calm/Bull,0.9997
2024-07-18,sp500,-0.00784711214535,0.0059298234239834,0.0060401490650341,0.0164556348918392,1.0288116606750144,-0.0014358846498449,0.0005217781512715,0.9817346161720824,0,Calm/Bull,0.999
2024-07-19,sp500,-0.007165879226406,0.0061422196779747,0.0059953309138316,0.0109827358651226,0.9664899834385174,-0.0039694333001191,0.0002899405597217,1.0245005265354346,0,Calm/Bull,1.0
2024-07-22,sp500,0.0107342172462202,0.0065489939042067,0.0061136106642082,0.0074257330172433,0.9070565234041696,-0.0023870331355456,0.000904819007974,1.07121540181605,0,Calm/Bull,1.0
2024-07-23,sp500,-0.0015593176939461,0.0065093323951685,0.0060745068585796,0.0061989833853569,0.9431482771870432,-0.0039727066686255,0.00098034708107,1.0715820307248016,0,Calm/Bull,1.0
2024-07-24,sp500,-0.0234212422228928,0.0084430754953893,0.0067783896408301,0.0162258984942727,1.05810662860338,-0.0058518668084749,-0.0003870087140336,1.2455872180217955,0,Calm/Bull,0.9629
2024-07-25,sp500,-0.0051558890197172,0.0084947969263838,0.0068190498568956,0.0186396635871264,1.2147541688297516,-0.0053136221833484,-0.0007233629762555,1.2457449504924205,0,Calm/Bull,0.9978
2024-07-26,sp500,0.0110294204095709,0.0088894283410983,0.0065786155970611,0.0105547851982028,0.9619378708529338,-0.001674562256153,-0.0002172374486169,1.3512612509339292,0,Calm/Bull,0.9993
2024-07-29,sp500,0.0008129795718284,0.0088444490427258,0.0065490072726006,0.0079253181379045,0.9410274050215116,-0.0036588097910313,2.801220309297832e-05,1.3505022478336095,0,Calm/Bull,0.9995
2024-07-30,sp500,-0.0049725143613676,0.0088892425157214,0.0065213693933888,0.0161428741181492,1.0475576196344332,-0.0043414491245156,-0.0003542130640468,1.3630944636770683,0,Calm/Bull,0.9985
2024-07-31,sp500,0.0156699807019177,0.0094895395183237,0.0066272242967883,0.0104593679568015,1.2399252376002294,0.0034767954604464,0.0001204756824897,1.4319025723820007,0,Calm/Bull,0.9971
2024-08-01,sp500,-0.0137881237919901,0.0098998334333645,0.0067968815372456,0.0285936073624262,1.2399837977123562,0.0017503485059918,-0.0008225086205864,1.4565258168934174,2,Stress/Bear,0.9995
2024-08-02,sp500,-0.0185529066085532,0.0105346102486787,0.0072423739964469,0.0153108448545195,1.3260905345560967,-0.0041661168976329,-0.0020218526690625,1.454579707406301,0,Calm/Bull,0.9939
2024-08-05,sp500,-0.0304270413923931,0.0122619941737822,0.008270464015569,0.0253802533026085,1.3347009226347708,-0.0104141210904772,-0.0035940138625024,1.4826246932093765,2,Stress/Bear,0.9702
2024-08-06,sp500,0.0103008494935995,0.0126209525660996,0.008351946237538,0.0226677690826729,1.1527483270157992,-0.0073594483194838,-0.0031160112617257,1.5111391054427925,0,Calm/Bull,0.9559
2024-08-07,sp500,-0.0077647153887694,0.0122600722768677,0.0084102450750471,0.0259832864037407,1.1037455592696082,-0.0120463875376213,-0.0040120627750695,1.4577544610730686,0,Calm/Bull,0.505
2024-08-08,sp500,0.0227811395908988,0.0135742402911568,0.0089126675616926,0.0177052449401488,0.9726912105021196,-0.0047325348610434,-0.0024329232970612,1.5230277800890888,0,Calm/Bull,0.7493
2024-08-09,sp500,0.0046607984343816,0.0135496448948423,0.0089112728005367,0.0108211723515373,0.8534101153271015,-8.97938524564974e-05,-0.0024749765765904,1.5205061272533569,0,Calm/Bull,0.9999
2024-08-12,sp500,4.30330517200971e-05,0.01350664278001,0.0087860083995262,0.0087624737204817,0.8180756903097949,0.0060042210363661,-0.002613935745172,1.537289991748521,0,Calm/Bull,0.9993
2024-08-13,sp500,0.0167072334190499,0.014055207366492,0.0090376660065191,0.0109523938308202,0.89266091224623,0.0072854978214562,-0.0020970265727922,1.5551811005577814,0,Calm/Bull,0.9978
2024-08-14,sp500,0.0038164365611984,0.0138225474849578,0.0090478154703282,0.0086724542102902,0.8357283932790629,0.0096017282114498,-0.00120493266855,1.52772208167685,0,Calm/Bull,0.9973
2024-08-15,sp500,0.0160044899313041,0.0142418846558155,0.0092674189019604,0.0081360826213398,0.9238464542683216,0.0082463982795308,-1.2352564717295171e-05,1.5367692780999556,0,Calm/Bull,0.9979
2024-08-16,sp500,0.0019878023683961,0.0141466612653258,0.0092659934759299,0.0066273679783499,0.8373120549654596,0.0077117990663337,0.0004453315150228,1.5267290336513184,0,Calm/Bull,0.9986
2024-08-19,sp500,0.0096753274361777,0.0141080568002359,0.0093261907133154,0.0102633745486559,0.8050243533577327,0.0096382579432252,0.0003923870245206,1.512735181374016,0,Calm/Bull,0.9969
2024-08-20,sp500,-0.0019865272376097,0.0141114903223797,0.0092702275684217,0.006254960567577,0.7529086257045271,0.0058995058118933,0.0003710265473375,1.5222377464011203,0,Calm/Bull,0.9985
2024-08-21,sp500,0.0042307147210067,0.0129658308574894,0.0092470236863765,0.0073139028524603,0.7926309033746781,0.005982361443855,0.0017536243945324,1.402162608990801,0,Calm/Bull,0.9993
2024-08-22,sp500,-0.0089729422566572,0.0131002852287258,0.0093353414654798,0.0147685037109055,0.7733562454405447,0.0009868750062627,0.0015627717326854,1.403300058939256,0,Calm/Bull,0.9861
2024-08-23,sp500,0.0114179374016644,0.0131153411463632,0.0093709308386984,0.0100556505851418,0.8577292532955564,0.0028729020129164,0.0015821975822901,1.3995772001861124,0,Calm/Bull,0.9988
2024-08-26,sp500,-0.0031587101696058,0.0131576015417915,0.0093415415743036,0.0087736654076643,0.7700854922598883,0.0003060944917596,0.0013836130952184,1.4085043070390977,0,Calm/Bull,0.998
2024-08-27,sp500,0.0015939251127232,0.0130722990706353,0.0092987405030177,0.0067013041027673,0.7430361350727184,0.0010221849618262,0.001711935068923,1.4058139450598646,0,Calm/Bull,0.9978
2024-08-28,sp500,-0.0059939007947352,0.0127483780954787,0.0093432774269673,0.0118164271834318,0.8269798922917901,-0.0010227381413221,0.0006287409940903,1.3644439218601518,0,Calm/Bull,0.9991
2024-08-29,sp500,-3.937984343658622e-05,0.0122925966903182,0.0093438439691639,0.0113091357621948,0.8491156706966544,0.000763974341322,0.001316178191518,1.3155824017273443,0,Calm/Bull,0.9996
2024-08-30,sp500,0.0100424570791441,0.0114972156941451,0.0093122970232584,0.0123185467261495,1.1751860649270052,0.0004888782768179,0.0027459463759029,1.2346272531288065,0,Calm/Bull,0.9933
2024-09-03,sp500,-0.0213779633723976,0.0102314145213709,0.0097456636086137,0.0216244471882584,1.108307786418668,-0.0031549723637404,0.0031984002769026,1.0498427744138297,1,Transition,0.8327
2024-09-04,sp500,-0.0016038290273809,0.0101423696284839,0.0097472715976046,0.0089364953154341,1.014652059532415,-0.0037945231917612,0.0026031663508536,1.0405342179011807,0,Calm/Bull,0.9803
2024-09-05,sp500,-0.0030225810146741,0.0099406587774598,0.0097541518827757,0.0119489123576078,1.043116972669663,-0.003200259235749,0.0028402730695584,1.0191207699988207,0,Calm/Bull,0.9687
2024-09-06,sp500,-0.0174109445074244,0.0097581833840761,0.0100170549154296,0.0221599098049879,1.135581166962038,-0.0066745721685466,0.0008306688646422,0.9741569220156004,1,Transition,0.7199
2024-09-09,sp500,0.0115135344358182,0.0100166346931478,0.0100677562749723,0.009086000440886,1.1313126892635086,-0.0063803566972118,0.001173305664714,0.9949222467818812,0,Calm/Bull,0.8139
2024-09-10,sp500,0.0044626999777935,0.0100391139442416,0.0100792874988664,0.0102246814144155,1.1297376007703464,-0.0012122240271735,0.0013942890110177,0.9960142465794946,0,Calm/Bull,0.9939
2024-09-11,sp500,0.0106085556498433,0.0096339561656868,0.0101682061336812,0.0276281251159355,1.124032011982024,0.0012302529082713,0.0010893551225574,0.947458778768772,1,Transition,0.9635
2024-09-12,sp500,0.0074673521568026,0.0097225308877631,0.0101661972889352,0.0116534597032002,1.06576271502736,0.0033282395425666,0.0012719009023376,0.9563586670057084,0,Calm/Bull,0.9885
2024-09-13,sp500,0.005393142234356,0.009148856546412,0.0101832596387694,0.0061535716309776,1.024099372558897,0.0078890568909227,0.0007413335174902,0.8984212198204969,0,Calm/Bull,0.9422
2024-09-16,sp500,0.0012558408673102,0.0091450711224666,0.0101764214550178,0.0055955115940893,1.004293068196013,0.0058375181772211,0.0007047354424359,0.8986529462139508,0,Calm/Bull,0.9767
2024-09-17,sp500,0.0002645150938964,0.0088979840846839,0.0101729361106452,0.0100735552817163,1.002954749661784,0.0049978812004417,0.0002341948253218,0.8746721681828766,0,Calm/Bull,0.9569
2024-09-18,sp500,-0.0029006587083132,0.0089123279876624,0.0101719500824602,0.0132905783979344,1.0643215047356729,0.0022960383288104,0.0001884882517866,0.8761670982863159,0,Calm/Bull,0.9622
2024-09-19,sp500,0.0168343568927251,0.0096299012707871,0.0103797390306896,0.0082521652073851,1.1454323999981215,0.0041694392759949,0.0008186703603726,0.9277594785682446,0,Calm/Bull,0.9425
2024-09-20,sp500,-0.0019429136300157,0.0093787121060254,0.0103848161280887,0.0071283730499531,2.093562965677293,0.0027022281031205,0.0011701717917046,0.9031177818024158,2,Stress/Bear,0.9999
2024-09-23,sp500,0.0028053344257131,0.0090762639686056,0.0103884420338934,0.0036966670141844,0.9362913123238676,0.0030121268148011,0.0007395416429071,0.8736886569702476,0,Calm/Bull,0.9753
2024-09-24,sp500,0.0025080311033453,0.0090365293025282,0.0103717541063349,0.0063370019745267,1.0147492919084782,0.0034608300166909,0.0010228787065546,0.8712633571797479,0,Calm/Bull,0.9808
2024-09-25,sp500,-0.0018629832062121,0.0090580669748568,0.0103744898919856,0.0050626374455295,0.9396517343874284,0.0036683651171111,0.0008500332906079,0.8731096245854205,0,Calm/Bull,0.9771
2024-09-26,sp500,0.0040305421581992,0.0089359554584873,0.010359105941539,0.0080691671061906,1.118885145835133,0.0011076021702059,0.0013512554382546,0.8626184063486569,0,Calm/Bull,0.9813
2024-09-27,sp500,-0.0012540029000721,0.0089500204005341,0.0103460433447383,0.0063504465539324,0.9829265571550944,0.0012453843161946,0.0012905242854228,0.8650669731715228,0,Calm/Bull,0.9841
2024-09-30,sp500,0.0042276036584415,0.0087427982989669,0.0103376483189499,0.0106916382827048,1.1124839957554111,0.0015298381627403,0.0009997816143877,0.8457240979015044,0,Calm/Bull,0.972
2024-10-01,sp500,-0.0093678486944544,0.0074403100693392,0.0104167499327608,0.013391757444712,1.009783043076547,-0.0008453377968195,0.0016002873482848,0.7142640571546556,0,Calm/Bull,0.64
2024-10-02,sp500,0.0001383813269864,0.0074109630997478,0.0104167077337086,0.0079918666828356,0.9563710426418774,-0.0004450648901798,0.0016873978660032,0.7114496527310503,0,Calm/Bull,0.8678
2024-10-03,sp500,-0.0016828286544586,0.0073721020574872,0.01034045515802,0.0072649305772393,0.8976752072385942,-0.0015877390527114,0.001754385484014,0.7129378682880689,0,Calm/Bull,0.8744
2024-10-04,sp500,0.0089302556991863,0.0059916616815729,0.0103323818941024,0.0087600888795231,0.871953915804597,0.0004491126671402,0.0030714454943445,0.5798916206332717,1,Transition,0.7482
2024-10-07,sp500,-0.0096322638293887,0.0062822151226369,0.0103925044201733,0.0092152913537903,0.9138015358680271,-0.0023228608304258,0.0020141555810842,0.6044948232537941,1,Transition,0.6453
2024-10-08,sp500,0.0096427068046943,0.0064917604078552,0.0104583489046597,0.0074837536170287,0.8573084445917616,0.0014792502694039,0.0022731559224292,0.6207251705824033,1,Transition,0.6152
2024-10-09,sp500,0.0070882310169945,0.0062987155580425,0.0104657724120858,0.0089398182345146,0.92443006913713,0.0028692202074055,0.0020971396907868,0.6018395308089108,1,Transition,0.7485
2024-10-10,sp500,-0.0020722685059824,0.0062314866883858,0.0102996868348556,0.005236982474909,0.8172278525098802,0.0027913322371008,0.0016201586576475,0.6050171027819574,0,Calm/Bull,0.5218
2024-10-11,sp500,0.0060336087072987,0.0062535031319656,0.0102634228368984,0.0080893891863764,0.8202608038337054,0.0022120028387232,0.0016521819812946,0.6092999607775512,0,Calm/Bull,0.5484
2024-10-14,sp500,0.0076781145745943,0.0063953610834662,0.0102471991118653,0.0071401710511306,0.7725105764737273,0.0056740785195199,0.0019732956666588,0.6241082088529913,1,Transition,0.5455
2024-10-15,sp500,-0.0076385660375134,0.0067412994381302,0.010227128389139,0.0113287944937433,0.9923203628477744,0.0022178239510783,0.0015781416100884,0.659158581140857,0,Calm/Bull,0.5563
2024-10-16,sp500,0.0046682327827797,0.0066888825650808,0.0102350480873403,0.0065349371716516,0.8888154595950326,0.0017338243042353,0.001956586184643,0.6535272241030553,0,Calm/Bull,0.8025
2024-10-17,sp500,-0.0001711751285381,0.005706882965317,0.009728589669533,0.0065411548004481,0.8983615275199872,0.0021140429797242,0.0011063095835798,0.5866094839202964,0,Calm/Bull,0.8698
2024-10-18,sp500,0.0039636869427743,0.0056935984230994,0.0096983823546868,0.004443567829205,0.9247479817921804,0.0017000586268193,0.0014016396122193,0.5870668132967448,0,Calm/Bull,0.8914
2024-10-21,sp500,-0.001824432756419,0.0057275403173802,0.0096232553443075,0.0071967931139263,0.935230085278075,-0.0002004508393832,0.0011701512531127,0.59517700741135,0,Calm/Bull,0.9333
2024-10-22,sp500,-0.0004749666671957,0.005729706616675,0.0096254877204018,0.0071558168905317,0.92413712627885,0.0012322690346802,0.0010210013645857,0.59526403057276,0,Calm/Bull,0.9194
2024-10-23,sp500,-0.0092338242676795,0.0061468384565011,0.0096868973681999,0.0124952034495409,0.9780803030051332,-0.0015481423754116,0.0006524593115123,0.6345518304632772,0,Calm/Bull,0.8409
2024-10-24,sp500,0.0021434731305568,0.0061066075697595,0.00949692747096,0.0056593245940927,0.9926087276267452,-0.0010852127235926,0.0005581058601302,0.6430087613528183,0,Calm/Bull,0.9511
2024-10-25,sp500,-0.0002994920131862,0.0060954195296732,0.0093022937925878,0.0108193085683684,0.986401093096308,-0.0019378485147847,0.0006058314044745,0.6552598386572279,0,Calm/Bull,0.968
2024-10-28,sp500,0.0026479346267329,0.0060561270810294,0.0089398478142438,0.0034068473506504,1.050800245671044,-0.0010433750381543,0.0005268479528891,0.6774306684930604,0,Calm/Bull,0.979
2024-10-29,sp500,0.0016128259449012,0.0055918286006852,0.007901680956772,0.0077182646314777,1.1065679633869234,-0.0006258165157349,0.0010758816848568,0.7076758263560214,0,Calm/Bull,0.996
2024-10-30,sp500,-0.0033056916724881,0.005674636974769,0.0078532946756392,0.0068218796015183,1.0982405599454974,0.0005598100033033,0.0009036780348831,0.7225804212302928,0,Calm/Bull,0.9963
2024-10-31,sp500,-0.0187901349287453,0.0071758067468959,0.0082005699465694,0.0127036391498603,1.2473543472976258,-0.0036269116085571,4.831272116882744e-05,0.8750375636876097,0,Calm/Bull,0.9858
2024-11-01,sp500,0.0040841580045254,0.0069379837426425,0.0077212652339397,0.0086056078704585,1.0652545392815154,-0.0027501816050147,-0.0001939921635642,0.8985552927447514,0,Calm/Bull,0.9987
2024-11-04,sp500,-0.0028160448131902,0.0066095938876197,0.0077253895564674,0.0078632676754713,1.0112171080935746,-0.0038429774929994,0.0001468187872457,0.8555677146515406,0,Calm/Bull,0.9978
2024-11-05,sp500,0.012191031029563,0.0068233899481518,0.00785501414682,0.0106073650360902,1.0523509927394314,-0.001727336476067,0.0002742349984891,0.8686667930336172,0,Calm/Bull,0.9939
2024-11-06,sp500,0.0249812809571866,0.0086833593843661,0.0081951028247294,0.0120171224229523,1.7038644118532624,0.0039300580498679,0.0011688874954987,1.0595790644826732,2,Stress/Bear,0.8803
2024-11-07,sp500,0.0074037541739956,0.0087554271702703,0.0082256757201214,0.0061324742953617,1.296023633814794,0.0091688358704161,0.0016426886294976,1.0644021802188226,0,Calm/Bull,0.9974
2024-11-08,sp500,0.003749794035718,0.0087099202888818,0.008009004459259,0.0059528298460134,1.2047686402962443,0.0091019630766546,0.0015284978959186,1.0875159744495375,0,Calm/Bull,0.9989
2024-11-11,sp500,0.0009685941909569,0.0085889658130285,0.0080086175994396,0.0051022047854629,1.099761684460276,0.009858890877484,0.0011930218767367,1.0724654669027405,0,Calm/Bull,0.9986
2024-11-12,sp500,-0.0028968514769364,0.0083956199956736,0.0079497680405072,0.0083288644863915,1.0721048224125844,0.0068413143761841,0.0014301076047655,1.0560836433081586,0,Calm/Bull,0.9997
2024-11-13,sp500,0.0002322007641401,0.008364108390681,0.0079404130610373,0.0070638432286745,1.056192024538649,0.0018914983375748,0.0012083060038336,1.0533593562937809,0,Calm/Bull,0.9999
2024-11-14,sp500,-0.006068108582244,0.0085178216392276,0.0079831799474411,0.0086734953504214,1.0381271205025997,-0.000802874213673,0.0009134593311483,1.0669710184796504,0,Calm/Bull,0.9999
2024-11-15,sp500,-0.0132914308667937,0.0090498632923607,0.0080928384607836,0.0106138801949259,1.1220156866051645,-0.0042111191941754,5.070344066991448e-05,1.1182557685062813,0,Calm/Bull,0.9997
2024-11-18,sp500,0.0039101597462065,0.0090781272015302,0.0079843648148843,0.0071551815414808,0.9668272439358824,-0.0036228060831255,0.0003374330658011,1.1369880274767632,0,Calm/Bull,0.9999
2024-11-19,sp500,0.0039557505205964,0.0091112600705584,0.0079781732632794,0.0115294840928455,0.971517531976686,-0.0022522856836189,0.0005589689251908,1.1420233391638848,0,Calm/Bull,1.0
2024-11-20,sp500,2.19506213354446e-05,0.008818020612999,0.007978328814327,0.0101586525635197,0.9052930422553834,-0.0022943357121798,0.0010217576696415,1.105246577098215,0,Calm/Bull,1.0
2024-11-21,sp500,0.0053262518442884,0.0088679083856861,0.0079477387520296,0.0127859752943414,1.006776867922714,-1.5463626873360967e-05,0.0011808966053281,1.1157775390417228,0,Calm/Bull,0.9999
2024-11-22,sp500,0.0034619595915364,0.0088747437489411,0.0079526058560466,0.0047811047468476,0.9782143222413364,0.0033352144647926,0.0013689691855642,1.1159541802506612,0,Calm/Bull,1.0
2024-11-25,sp500,0.0030159278201245,0.0088779158435345,0.0078698204876048,0.0094932904827169,1.300734180585264,0.0031563680795762,0.0013873688452338,1.1280963596968272,0,Calm/Bull,0.9998
2024-11-26,sp500,0.0057056971552638,0.0089304032841245,0.007323989085116,0.0055051378096766,0.8860172575111758,0.0035063574065097,0.0015920124057519,1.2193359630031475,0,Calm/Bull,1.0
2024-11-27,sp500,-0.0038084810835777,0.0089456109154319,0.0073449309628682,0.0058829083580374,0.7814159368109139,0.0027402710655271,0.0015668729351975,1.2179298839779182,0,Calm/Bull,0.9999
2024-11-29,sp500,0.0055921203968016,0.0075829631327217,0.0073414909947179,0.0066623691125221,0.5812990371927035,0.0027934447760297,0.0027859857014748,1.0328914301165173,0,Calm/Bull,1.0
2024-12-02,sp500,0.0024454638805813,0.0075770488124982,0.006907962423894,0.0030179506535676,1.0416841757359712,0.0025901456338387,0.0027040509952776,1.096857271007995,0,Calm/Bull,0.9999
2024-12-03,sp500,0.0004513472420221,0.0074864478589676,0.006792620475634,0.0030876129546089,0.9611441911097331,0.0020772295182182,0.0028674205980382,1.1021442881760313,0,Calm/Bull,1.0
2024-12-04,sp500,0.0060331816281361,0.0072041198202801,0.0068065518003084,0.0047284697827507,0.9370571034203816,0.0021427264127927,0.0025595281279669,1.0584096076303444,0,Calm/Bull,1.0
2024-12-05,sp500,-0.0018715258393823,0.0049573607313736,0.0067199107429815,0.0035637054853287,1.0109433133989796,0.0025301174616317,0.0012168877881384,0.7377122882995547,0,Calm/Bull,0.9963
2024-12-06,sp500,0.0024923453675383,0.0047521544285088,0.0066755068414635,0.0032823231664428,0.953466395230761,0.0019101624557791,0.0009713173478156,0.7118791938002207,0,Calm/Bull,0.9957
2024-12-09,sp500,-0.0061631672852274,0.0049595418968304,0.0067252053397982,0.0065886123345334,1.1083941923672531,0.0001884362226173,0.0004756692817683,0.7374558316429403,0,Calm/Bull,0.9951
2024-12-10,sp500,-0.0029682843142792,0.0050167453880888,0.0067468857819364,0.0058840587027173,0.9882277814983096,-0.0004954900886429,0.0002788253565065,0.743564594130266,0,Calm/Bull,0.9962
2024-12-11,sp500,0.0081326264113682,0.0052500714282045,0.0068056236427078,0.0053318423189714,1.041968645893424,-7.560113199649998e-05,0.0008302992509217,0.7714313491064103,0,Calm/Bull,0.9963
2024-12-12,sp500,-0.0054287314614632,0.005433411189838,0.0068396829168806,0.0046982318994009,0.9034980485060204,-0.0007870422564126,0.0005472526396415,0.7943951870090661,0,Calm/Bull,0.9979
2024-12-13,sp500,-2.646698937187397e-05,0.0052095977441396,0.0065272415255806,0.0070747682978079,0.8871741887586229,-0.0012908047277947,0.0008493347192852,0.7981316033308812,0,Calm/Bull,0.998
2024-12-16,sp500,0.0037921550087844,0.0040377479329877,0.0065260569063014,0.004288683117846,1.0893645609075135,0.0007002597310076,0.0017035140130641,0.6187117260790314,0,Calm/Bull,0.9896
2024-12-17,sp500,-0.0038714794806554,0.0041861194858544,0.0065525238259287,0.0037170194217089,1.119634463799923,0.0005196206977324,0.001314432051721,0.6388560495254842,0,Calm/Bull,0.9906
2024-12-18,sp500,-0.0299365053045181,0.0080953482509888,0.0076652394793223,0.0345494464411986,1.2737148357230337,-0.0070942056454448,-0.0003801807395347,1.0561115895761353,2,Stress/Bear,0.9953
2024-12-19,sp500,-0.0008654867505367,0.0080954601892192,0.0076613290441035,0.0118372673267985,1.1727289883102614,-0.0061815567032595,-0.0004245526081283,1.0566652525451607,0,Calm/Bull,0.9998
2024-12-20,sp500,0.0108104794023972,0.0083880974339319,0.0077648364699721,0.0252510603775725,1.879471567896294,-0.0040141674249057,-0.0001503412302228,1.0802671075392256,2,Stress/Bear,0.9975
2024-12-23,sp500,0.0072608495856163,0.0085162347946796,0.0078093700018892,0.0126681103515804,0.8264449124124055,-0.0033204285095393,3.96032694810988e-05,1.0905149573678,0,Calm/Bull,0.9999
2024-12-24,sp500,0.0109822331651268,0.0088428037547159,0.0079095465713142,0.0097118820190974,0.4231284985729174,-0.0003496859803828,0.0004379185367312,1.1179912369169591,0,Calm/Bull,0.9996
2024-12-26,sp500,-0.0004057410882578,0.0087563606137502,0.0077984251756611,0.0070193378333526,0.7071159425670515,0.0055564668628691,0.0001323466245551,1.122837036518444,0,Calm/Bull,0.9999
2024-12-27,sp500,-0.0111173049649122,0.0090761595324045,0.0079517473946631,0.0122628857042854,0.7711282266303443,0.003506103219994,-0.0002330945695115,1.1414044086078483,0,Calm/Bull,0.9995
2024-12-30,sp500,-0.0107596739417297,0.0092584625592705,0.0080839784988818,0.0121263942960366,0.8279220681352191,-0.0008079274488313,-0.0010506842864381,1.1452854013096512,0,Calm/Bull,0.9999
2024-12-31,sp500,-0.0042940064589823,0.0092471574976858,0.008032973136466,0.0103509354221109,0.7662601100787815,-0.003118898657751,-0.0013876578034163,1.1511500587133685,0,Calm/Bull,1.0
2025-01-02,sp500,-0.0022263631494489,0.0092385106295857,0.0079328871966522,0.0179874180345941,0.89226895934188,-0.0057606179206662,-0.0015215433229899,1.1645836377812706,0,Calm/Bull,0.9994
2025-01-03,sp500,0.012517356707826,0.0096233436389451,0.0079974734382991,0.0102111891698552,0.907273920606172,-0.0031759983614494,-0.0011973345690054,1.2032979806922302,0,Calm/Bull,0.9996
2025-01-06,sp500,0.0055227664968181,0.0097374414654803,0.0079782970824225,0.0102136223360537,1.211241816347837,0.0001520159308966,-0.0008276199521953,1.2204912107037869,0,Calm/Bull,0.9999
2025-01-07,sp500,-0.011166021516637,0.009968556849218,0.0081135939736278,0.0186155771758546,1.0995931778112125,7.074641591519083e-05,-0.0015105382964041,1.2286240698782236,0,Calm/Bull,0.998
2025-01-08,sp500,0.0015591440938312,0.0099283344558662,0.0080811335594533,0.0089739959553077,1.082705029461685,0.0012413765264779,-0.0011244227274512,1.2285819041131996,0,Calm/Bull,0.9999
2025-01-10,sp500,-0.0155316376502333,0.0104356191660831,0.008274825007367,0.0141701982389818,1.148468577248338,-0.0014196783736789,-0.0017525903942489,1.2611286833005335,0,Calm/Bull,0.999
2025-01-13,sp500,0.0015742043780551,0.0102092326826351,0.0082177269419397,0.0111887150045191,1.0665867667442144,-0.0036083088396331,-0.0020805114959145,1.242342652021169,0,Calm/Bull,0.9998
2025-01-14,sp500,0.0011456233341642,0.0102015903542194,0.0081968026418271,0.011381314828,0.9937340451333954,-0.0044837374721639,-0.0017517937561331,1.2445816740984024,0,Calm/Bull,0.9999
2025-01-15,sp500,0.0181471325045163,0.011130453713023,0.0085248562846755,0.0093110485518098,1.0778370400482216,0.0013788933320667,-0.0008431137814387,1.3056470797087023,0,Calm/Bull,0.9987
2025-01-16,sp500,-0.0021149243408667,0.0110792363961566,0.0085167735700466,0.0057213714317294,1.0177375825642376,0.0006440796451271,-0.0011384677489213,1.3008724847543365,0,Calm/Bull,0.9997
2025-01-17,sp500,0.009941478308394,0.0113276468143899,0.0086042537220983,0.0060900598966221,1.0391693080212263,0.0057387028368526,-0.0004478198594688,1.3165170600789085,0,Calm/Bull,0.9996
2025-01-21,sp500,0.008730009440596,0.0091130071238197,0.0086701750788047,0.0073777666423114,1.1264399449153593,0.0071698638493607,0.0014855058777868,1.0510753290435235,0,Calm/Bull,0.9992
2025-01-22,sp500,0.0061191810869941,0.0091519212199376,0.0086026817798312,0.0040549909561948,1.042616526030503,0.0081645753999267,0.0018347392696633,1.0638451420339723,0,Calm/Bull,0.9995
2025-01-23,sp500,0.0052994194595293,0.0089481461976208,0.0086205986463188,0.0072008738565864,1.1201633445705597,0.0055950327909293,0.0015591862725199,1.037995917074951,0,Calm/Bull,0.9996
2025-01-24,sp500,-0.0028592159844677,0.0088947341450683,0.0086327756469694,0.0064642498723524,1.0567757587915756,0.0054461744622091,0.0010531829940157,1.030344643346644,0,Calm/Bull,0.9995
2025-01-27,sp500,-0.0146880590321123,0.0092322720100045,0.0088577592151756,0.009023199508103,1.249732865468285,0.0005202669941078,-0.0002303316158461,1.0422807603741715,0,Calm/Bull,0.998
2025-01-28,sp500,0.0091756441777168,0.0094682670782402,0.0089269449241495,0.0131697601525753,1.0555158977756527,0.000609393941532,0.0002487376474525,1.0606391277968306,0,Calm/Bull,0.9992
2025-01-29,sp500,-0.0046898760569196,0.0091664460666677,0.0089391412731179,0.0082575851717592,0.9601459778571786,-0.0015524174872507,0.0005701090928521,1.025428034595823,0,Calm/Bull,0.9995
2025-01-30,sp500,0.0052615481521802,0.0088176335748228,0.0085855930608279,0.0097477383342571,1.066361909880774,-0.0015599917487205,0.0013711701975476,1.0270267309842114,0,Calm/Bull,0.9995
2025-01-31,sp500,-0.0050596039902671,0.0088451410939416,0.0086116736056094,0.0148960411866295,1.0929160379957532,-0.0020000693498804,0.0013328903209834,1.027110582567845,0,Calm/Bull,0.9981
2025-02-03,sp500,-0.0076376907294952,0.0090403563456503,0.008669083087634,0.0163814435248567,1.0682435689130012,-0.0005899956893569,0.0010623239419811,1.042827281070346,0,Calm/Bull,0.9969
2025-02-04,sp500,0.0071989074030291,0.0087595313502009,0.0085814437770568,0.0085476796960077,0.9739996795414372,-0.0009853430442945,0.0007964014767412,1.0207526353106544,0,Calm/Bull,0.9996
2025-02-05,sp500,0.0039010539156136,0.0087208982000778,0.0079818786286554,0.0092056403497656,1.052572060106761,0.0007328429502121,0.000715315847681,1.0925871722440466,0,Calm/Bull,1.0
2025-02-06,sp500,0.0036376743552662,0.008276293901115,0.0079403142253971,0.0061147826204209,1.068781686293771,0.0004080681908293,0.0014555006412762,1.0423131460771686,0,Calm/Bull,0.9999
2025-02-07,sp500,-0.0095098456936602,0.0086314776607396,0.0080268747863829,0.0134948483246561,1.047338749127886,-0.0004819801498492,0.0009020511519016,1.075322325369071,0,Calm/Bull,0.9998
2025-02-10,sp500,0.0066901122954551,0.0077943668632266,0.0080714185824569,0.0047045778641441,0.982802347567064,0.0023835804551407,0.002013138649186,0.9656749657572689,0,Calm/Bull,0.9997
2025-02-11,sp500,0.0003395251436738,0.007802911192233,0.0080613172304566,0.0055928057026036,0.9543054824330104,0.0010117040032697,0.001951404687467,0.9679449361889272,0,Calm/Bull,0.9997
2025-02-12,sp500,-0.0027275831896475,0.0078717235320303,0.008070377584314,0.0099141267835121,1.0157388203017832,-0.0003140234177824,0.0017577443612764,0.9753847883561428,0,Calm/Bull,0.9995
2025-02-13,sp500,0.0103723132142357,0.0071814562296619,0.0081333416655118,0.0107864607982504,1.0430434412770242,0.0010329043540114,0.0013690033967623,0.8829650253245579,0,Calm/Bull,0.9961
2025-02-14,sp500,-7.19463955744955e-05,0.0071437232437081,0.007931095396065,0.0032463285655353,0.9486855809722364,0.0029204842136285,0.001471152294027,0.9007234041406744,0,Calm/Bull,0.9993
2025-02-18,sp500,0.0024420036555518,0.0068671869573789,0.007923217605432,0.0049138956998035,1.0216748648155918,0.0020708624856478,0.0010961785613848,0.8667169449783744,0,Calm/Bull,0.9989
2025-02-19,sp500,0.0023741488668242,0.0066385828523858,0.0079146739437222,0.0059048483539863,0.996455543813626,0.0024777872302779,0.0007783855326962,0.8387689625106267,0,Calm/Bull,0.9984
2025-02-20,sp500,-0.0043436048842902,0.0066077389143204,0.0079403633494232,0.0081585603464562,1.045751648185969,0.0021545828913494,0.000255246234132,0.8321708495619984,0,Calm/Bull,0.9969
2025-02-21,sp500,-0.0172113966725391,0.0075529190815327,0.0082383287633655,0.017671290608361,1.167917220093284,-0.0033621590860055,-0.0008702945724713,0.9168023392219168,0,Calm/Bull,0.9595
2025-02-24,sp500,-0.0049814935662523,0.0075971119584252,0.0082534091439456,0.0110006809374086,1.063537936913896,-0.0043440685201411,-0.0009764084515605,0.9204816853164424,0,Calm/Bull,0.9978
2025-02-25,sp500,-0.0046907151383955,0.0069486668935103,0.0082662495587723,0.0141320125886822,1.1433571796442177,-0.0057706122789306,-0.0004765412568747,0.8406069577389192,0,Calm/Bull,0.9896
2025-02-26,sp500,0.0001360150295834,0.0065715505545371,0.0082312651802747,0.0129498161626514,1.0315608586546523,-0.0062182390463787,-0.0009285227142814,0.7983645783014156,0,Calm/Bull,0.9798
2025-02-27,sp500,-0.0159917426785246,0.0073516430830561,0.0084690672574484,0.0230160452397206,1.0608189986287972,-0.0085478666052256,-0.0014936160453616,0.8680581768423692,1,Transition,0.6635
2025-02-28,sp500,0.0157297804206633,0.0081834891945244,0.0086886240127287,0.020444998924133,1.3258725718209108,-0.0019596311865851,-0.0009702044319374,0.941862506944218,0,Calm/Bull,0.6587
2025-03-03,sp500,-0.0177534026483088,0.0089716405234109,0.0089704723753404,0.0299466779719616,1.1464926527238353,-0.0045140130029964,-0.0016048943648395,1.0001302214667898,1,Transition,0.7721
2025-03-04,sp500,-0.0123102882315054,0.0091950659178459,0.0090966545010488,0.0229295253003489,1.2366277415276754,-0.0060379276216184,-0.00183852423994,1.0108184186599345,0,Calm/Bull,0.8922
2025-03-05,sp500,0.0110974725287356,0.0094349306432979,0.0091838870107181,0.0202374185025104,1.0556363030711882,-0.0038456361217879,-0.0016435959836547,1.0273352266079556,0,Calm/Bull,0.9214
2025-03-06,sp500,-0.0179796771074555,0.0100092759428593,0.0094508263221611,0.017502760479078,1.027300204392779,-0.0042432230075741,-0.0027376325348082,1.0590900310366171,0,Calm/Bull,0.9623
2025-03-07,sp500,0.0055054350454544,0.0100803500664884,0.0094773954380191,0.0202280202786237,1.125114271236208,-0.0062880920826159,-0.0026442445002988,1.0636202881279506,0,Calm/Bull,0.9493
2025-03-10,sp500,-0.0273435417884281,0.0114194489284433,0.0100536979765467,0.0251756319606728,1.2438509685136985,-0.0082061199106398,-0.0035359293050372,1.1358456316355032,2,Stress/Bear,0.6446
2025-03-11,sp500,-0.0075966469185365,0.011190654910135,0.0100847918067471,0.0193625801257124,1.187040256685406,-0.007263391648046,-0.0042502672657368,1.1096565129532907,0,Calm/Bull,0.91
2025-03-12,sp500,0.0048749679404907,0.011333600719649,0.0100416611731079,0.0171628776826343,0.9875351785392156,-0.008507892565695,-0.0040234951258959,1.1286579505391972,0,Calm/Bull,0.8571
2025-03-13,sp500,-0.0139883668064641,0.0115435984028893,0.0101601983834715,0.0168667110656254,0.9460373008594384,-0.0077096305054967,-0.0045865343067367,1.13615876060731,0,Calm/Bull,0.8353
2025-03-14,sp500,0.0210429059531969,0.0124799768662664,0.0105688163048207,0.0144388701991912,0.9158124908019616,-0.0046021363239482,-0.0040530046697887,1.180830142782778,1,Transition,0.4718
2025-03-17,sp500,0.006395634974606,0.0126708957728977,0.0105948703566594,0.0127574220190479,0.9413862077810288,0.0021456990286586,-0.0037296256012796,1.195946278373606,0,Calm/Bull,0.9419
2025-03-18,sp500,-0.0107106670743197,0.0126750411378201,0.010661420743716,0.0101110339631252,0.8731581891080847,0.0015228949975019,-0.0043872591377732,1.1888697991110573,0,Calm/Bull,0.6414
2025-03-19,sp500,0.0107406081729537,0.0130426679103292,0.0100837750339088,0.0164097133664527,0.8712049335419947,0.0026960230439945,-0.0039689361724667,1.2934310678759184,0,Calm/Bull,0.9427
2025-03-20,sp500,-0.0021872835137829,0.0130483190319338,0.0100858788329234,0.0139186567840464,0.8757390490735791,0.0050562397025308,-0.0038611201039414,1.2937215733090233,0,Calm/Bull,0.9201
2025-03-21,sp500,0.0008243136078323,0.0126955711796361,0.0099763550105523,0.0119521884891252,1.6912135147448542,0.0010125212334578,-0.0029593345899228,1.2725660991622252,2,Stress/Bear,0.9026
2025-03-24,sp500,0.0174921171286391,0.0134776474121428,0.0102006379123174,0.0098932583970024,0.819175122550175,0.0032318176642645,-0.0018356540551782,1.3212553497138062,0,Calm/Bull,0.9898
2025-03-25,sp500,0.0015730954906538,0.0134805884789794,0.0100915171978218,0.0045926746273364,0.8167096273449478,0.0056885701772592,-0.0015224635237258,1.3358336724520548,0,Calm/Bull,0.9882
2025-03-26,sp500,-0.011219640357598,0.0136451961684308,0.0101815546574889,0.015617442996957,0.7695816609106351,0.0012965204711488,-0.0020902462930848,1.3401878816605102,0,Calm/Bull,0.9855
2025-03-27,sp500,-0.0033124610071321,0.0132542747600676,0.0100986280626625,0.0107740212844039,0.8150191429903784,0.001071484972479,-0.0014562822095152,1.312482713277899,0,Calm/Bull,0.9991
2025-03-28,sp500,-0.0199346011268535,0.013219463928569,0.0103191557311503,0.0203317391039973,0.8505284367231816,-0.0030802979744581,-0.0032395012868911,1.2810606093155117,0,Calm/Bull,0.6785
2025-03-31,sp500,0.0055232403576457,0.012895067411784,0.0103429765312947,0.0247387360155934,0.9940588098597928,-0.0054740733286568,-0.0020756691365933,1.2467462700671763,0,Calm/Bull,0.5995
2025-04-01,sp500,0.003774104555212,0.0127235991829442,0.0103577786634313,0.0163409663930921,0.8522164112723949,-0.0050338715157451,-0.0012714494972575,1.2284100284808728,0,Calm/Bull,0.9899
2025-04-02,sp500,0.0067056614294841,0.0125354008472259,0.010258949258474,0.0218357835491491,0.8238233476501993,-0.0014488111583287,-0.00149104005222,1.2218990981821598,0,Calm/Bull,0.945
2025-04-03,sp500,-0.0496059118289966,0.0161876236213695,0.0120050647399338,0.0201425560616546,1.3724678809201902,-0.0107075013227016,-0.0030723517882971,1.3483995273697054,2,Stress/Bear,0.9999
2025-04-04,sp500,-0.0616090618982309,0.0206556914931763,0.0142379501671981,0.0437991184516589,1.6361825597926918,-0.0190423934769771,-0.0064280766354814,1.4507489667131666,2,Stress/Bear,1.0
2025-04-07,sp500,-0.0023341946059635,0.0200716139509809,0.0142278250087134,0.081293848615981,1.5731516760067483,-0.0206138804696989,-0.0051776092763581,1.4107296047490516,2,Stress/Bear,1.0
2025-04-08,sp500,-0.0158250832770548,0.0202076791638371,0.0142323939153506,0.0716569882955062,1.3265428088028277,-0.0245337180361523,-0.005589031094284,1.419836977814514,2,Stress/Bear,1.0
2025-04-09,sp500,0.0908948798330364,0.0295477616718515,0.0186600078785281,0.0976579518601512,1.63669243114262,-0.0076958743554419,-0.0012880354996568,1.5834806643276869,2,Stress/Bear,1.0
2025-04-10,sp500,-0.0352206070241116,0.0303972945214406,0.0191688444842384,0.0451552076445509,1.1353859406561158,-0.0048188133944649,-0.0023496475105391,1.5857656180806674,2,Stress/Bear,1.0
2025-04-11,sp500,0.017930380835778,0.0302789647078316,0.0191650557705366,0.0299606861188578,0.946710676562162,0.0110890751523368,-0.0025052737664101,1.5799048575888297,2,Stress/Bear,1.0
2025-04-14,sp500,0.0079133193263429,0.0303043371128284,0.019205325399448,0.0187644284697898,0.8502077174400695,0.0131385779387982,-0.0024293895488232,1.5779132340917998,2,Stress/Bear,1.0
2025-04-15,sp500,-0.0017292752253009,0.0302416421178911,0.0191458453536033,0.0118537339474559,0.7316593669248566,0.0159577395491489,-0.0019803199563723,1.5795407076240455,2,Stress/Bear,1.0
2025-04-16,sp500,-0.0226632539649025,0.0304239797114649,0.0192828633645587,0.0277593854636816,0.7812632464198636,-0.0067538872104388,-0.0036505130632651,1.5777729238793037,2,Stress/Bear,1.0
2025-04-17,sp500,0.0013259586237727,0.0304430092004634,0.0192573871944668,0.0137675767656255,0.7991805605864626,0.000555425919138,-0.0034748509563873,1.5808483722657125,2,Stress/Bear,1.0
2025-04-21,sp500,-0.023849648334018,0.030757941812896,0.0194278036781886,0.0254565650075151,0.7490075031186936,-0.0078005799148211,-0.0047085490534798,1.5831919203212634,2,Stress/Bear,1.0
2025-04-22,sp500,0.0248069521254506,0.0310776519782188,0.01975307987817,0.0192784744248306,0.8260037327202397,-0.0044218533549996,-0.0043428073036393,1.5733066524255834,2,Stress/Bear,1.0
2025-04-23,sp500,0.0165238643668794,0.0314055244916698,0.0198344019294941,0.0211166255107626,0.9431371387058046,-0.0007712254365635,-0.003595268859828,1.583386512147324,2,Stress/Bear,1.0
2025-04-24,sp500,0.0200566280825831,0.0317823215865626,0.019986219793138,0.0214120083409234,0.8211392971047198,0.0077727509729336,-0.0020314554378189,1.590211751672745,2,Stress/Bear,1.0
2025-04-25,sp500,0.0073460847957005,0.0318490026273922,0.0200159124847386,0.0130764261468429,0.7416174219123898,0.0089767762073191,-0.0014985281476773,1.591184146697077,2,Stress/Bear,1.0
2025-04-28,sp500,0.0006405015390019,0.031553080021028,0.0199984044270735,0.0153778014074157,0.7470162150772578,0.0138748061819231,-0.0004697730143845,1.5777798741939568,2,Stress/Bear,1.0
2025-04-29,sp500,0.0057856415455563,0.0315557575668803,0.0200152406881075,0.0119136889761497,0.8365988353368393,0.0100705440659442,-0.000456652954989,1.57658646521447,2,Stress/Bear,1.0
2025-04-30,sp500,0.0014788972519335,0.0315437328193898,0.02000152291153,0.026683068203887,0.95186035373393,0.0070615506429551,-0.0005714133201529,1.5770665543275308,2,Stress/Bear,1.0
2025-05-01,sp500,0.0062793457164519,0.031538700135624,0.0199953084276894,0.0109847464717029,0.8568673947412923,0.0043060941697288,-0.0005927291058045,1.577305008806431,2,Stress/Bear,1.0
2025-05-02,sp500,0.0146191911091127,0.0294885970488226,0.0200896932345511,0.0102732198208873,0.8604216888344388,0.0057607154324113,0.0026185260411009,1.4678470549319764,2,Stress/Bear,1.0
2025-05-05,sp500,-0.0064020470293184,0.0254700719356393,0.020091681126126,0.0086542680948753,0.8045375574142584,0.0043522057187472,0.0053788767845465,1.26769242333433,2,Stress/Bear,0.9997
2025-05-06,sp500,-0.0077229852783917,0.025584207803501,0.0200805231883795,0.0113324517946256,0.9039730559206924,0.0016504803539575,0.0051094372509251,1.274080738011172,2,Stress/Bear,0.9998
2025-05-07,sp500,0.0043369381067101,0.0251087103146122,0.020067142537082,0.0135119984538095,0.9784419426764432,0.0022220885249129,0.0061175383201133,1.251234961241438,2,Stress/Bear,0.9994
2025-05-08,sp500,0.0057830211474656,0.0152681508598327,0.0200867030894993,0.0149578236563567,1.1474611092470697,0.0021228236111156,0.0018619453858348,0.7601123385855377,1,Transition,0.9985
2025-05-09,sp500,-0.0007117341348763,0.0125680823821553,0.0200857052815297,0.0083994335157429,0.9671999593554846,-0.0009433614376821,0.0035873890302965,0.6257227319626462,1,Transition,0.9997
2025-05-12,sp500,0.0320399766770208,0.0137554802392785,0.0204865486871412,0.0101451252708999,1.2470057591224115,0.0067450433035856,0.0042928688223587,0.6714396089524063,1,Transition,0.9873
2025-05-13,sp500,0.0072220590202459,0.0137467701411785,0.0205122964944699,0.0104679513861296,1.1379753520400375,0.0097340521633132,0.0042583058070538,0.670172164529925,1,Transition,0.9992
2025-05-14,sp500,0.001023891242276,0.0136973516680597,0.0205095094309706,0.0058446284903452,1.069518443366276,0.0090714427904264,0.0043959641304327,0.66785369558259,1,Transition,0.9987
2025-05-15,sp500,0.0041238174387576,0.0121324420065921,0.0205151356674429,0.0099798042115146,1.0160481909856052,0.0087396020486848,0.0057353177006157,0.5913898013282959,1,Transition,0.9997
2025-05-16,sp500,0.0069808493681001,0.0120900934740689,0.0205324584582801,0.0086030523253669,0.9860949402373632,0.0102781187492801,0.0060180622378321,0.5888283421410412,1,Transition,0.9997
2025-05-19,sp500,0.0008757295660482,0.0099499618589884,0.0204144776436028,0.0122275002818613,0.8431119708589956,0.0040452693270856,0.0072543311328354,0.4873973281460092,1,Transition,0.9996
2025-05-20,sp500,-0.0038877770695725,0.0093356018502351,0.0204105672552316,0.0073732157537911,0.9009142234037194,0.0018233021091219,0.0058195946730842,0.4573906121027703,1,Transition,0.9999
2025-05-21,sp500,-0.0162667192677588,0.0101964352162826,0.0205089829593891,0.0183861649367936,1.0730023480765092,-0.001634819992885,0.0041800654913523,0.4971692275757,1,Transition,0.9997
2025-05-22,sp500,-0.0004449700224211,0.0095247281183039,0.0205089047348181,0.0089455950953308,1.0482360758422038,-0.0025485774851208,0.0031549855861021,0.4644191506791548,1,Transition,0.9999
2025-05-23,sp500,-0.0067308995914731,0.0097169028190767,0.0204236500600481,0.0107016263223993,0.9436895333848878,-0.0052909272770355,0.0024511363667434,0.4757672007945593,1,Transition,0.9999
2025-05-27,sp500,0.0202525808021843,0.0104838902742547,0.0204915535352662,0.011865199499246,1.0740325485271824,-0.0014155570298082,0.0034317403299025,0.5116200807426239,1,Transition,0.9997
2025-05-28,sp500,-0.0055868025764447,0.0106564875010108,0.020373684947643,0.0098564232260204,0.9344353877404592,-0.0017553621311827,0.0028631181238025,0.5230515504876153,1,Transition,0.9999
2025-05-29,sp500,0.0040031708706317,0.010654178439771,0.0203138861841499,0.0117266721087428,0.9234829295855256,0.0022986158964954,0.0029893318047374,0.5244776082325395,1,Transition,1.0
2025-05-30,sp500,-8.118845699520562e-05,0.0106457303763997,0.0202651484756614,0.0132753884670212,1.2704864278302603,0.0023713722095806,0.002671305096065,0.5253221011030497,1,Transition,0.9998
2025-06-02,sp500,0.004093651490626,0.010277803547772,0.0201295048937831,0.0127982640175605,0.9627045234605236,0.0045362824260004,0.0021450281151407,0.5105840209187797,1,Transition,1.0
2025-06-03,sp500,0.0057835335353689,0.0101041770389342,0.0201306940266917,0.0087683169767891,0.9948180868135464,0.0016424729726373,0.002754307143375,0.5019288965167769,1,Transition,1.0
2025-06-04,sp500,7.368474471916267e-05,0.0098252257395491,0.0197947464421823,0.0040815428640916,0.942970748036784,0.0027745704368701,0.0031441406445306,0.4963552207272408,1,Transition,0.9999
2025-06-05,sp500,-0.0052913579786981,0.009998067768035,0.019779959356775,0.0132170462144451,1.00618042599322,0.0009156646670041,0.0026627258402602,0.5054645253661988,1,Transition,1.0
2025-06-06,sp500,0.0102281962153767,0.010119751252699,0.0198094930471474,0.0063729901616415,0.87166691781791,0.0029775416014785,0.0028849845936557,0.510853620969178,1,Transition,1.0
2025-06-09,sp500,0.0009195251863913,0.0100957821772376,0.0197096016158013,0.0045172203477028,0.9290568412815868,0.0023427163406316,0.0029665475597191,0.5122265976773333,1,Transition,0.9999
2025-06-10,sp500,0.0054680125416468,0.0074771973364314,0.0195484369771265,0.0070758941006832,0.9883837261848676,0.0022796121418871,0.0016379493529504,0.3824959174577703,1,Transition,1.0
2025-06-11,sp500,-0.0027476603182873,0.0074174142408198,0.0195424243312152,0.0094782134062315,1.0389264863297087,0.0017153431292858,0.0011394633860238,0.3795544562489093,1,Transition,1.0
2025-06-12,sp500,0.0038151330716763,0.0074413458961514,0.0194849134974143,0.0068732022410379,0.9545501655514406,0.0035366413393607,0.0012790254774938,0.3819029474849296,1,Transition,1.0
2025-06-13,sp500,-0.0113606685901028,0.007919926586641,0.0195109922734108,0.0105321246467254,1.0721061303339672,-0.0007811316217351,0.0005048011760507,0.4059212609824131,1,Transition,1.0
2025-06-16,sp500,0.0093488231481891,0.0080386456868143,0.0195372450162381,0.0077621789071035,1.0393336501122248,0.0009047279706244,0.0006231998650552,0.4114523659877932,1,Transition,1.0
2025-06-17,sp500,-0.0083872597236431,0.0082863588832721,0.0195752481755766,0.008098355526018,0.9993664850953596,-0.0018663264824335,0.0001600504005706,0.4233079861337736,1,Transition,1.0
2025-06-18,sp500,-0.0003092880347205,0.0082328169363943,0.0194540666616411,0.0077513576407592,1.022659762112301,-0.0013786520257202,0.0003389748523132,0.423192594103091,1,Transition,1.0
2025-06-20,sp500,-0.0021810352155877,0.0072854840110408,0.0194569379679511,0.0109989775927873,1.4601665430510553,-0.002577885683173,0.0010432590549218,0.3744414472123645,1,Transition,0.9991
2025-06-23,sp500,0.0095606550712594,0.0075177433997465,0.0194289440451261,0.0141971164583986,1.092058673032619,0.0016063790490994,0.0015435403096058,0.386935254035712,1,Transition,1.0
2025-06-24,sp500,0.0110603286169586,0.0075396822654552,0.0194648349423192,0.0069777590941897,1.054115369854069,0.0019486801428533,0.0024331017200274,0.3873488929034228,1,Transition,1.0
2025-06-25,sp500,-3.286108349665331e-06,0.0062743274258653,0.0192683595593548,0.0046649991375955,1.0032297256988485,0.003625474865912,0.0014203083745007,0.325628521023687,1,Transition,1.0
2025-06-26,sp500,0.0079881310325167,0.0062103447559029,0.0192797921335209,0.0063914463517733,1.023430108681632,0.0052849586793594,0.0020990550549488,0.3221167901030078,1,Transition,1.0
2025-06-27,sp500,0.00520539925615,0.0062355125031358,0.0192835363692413,0.0089631382279079,1.4739293841849106,0.006762245573707,0.0021591664742247,0.3233593871859508,1,Transition,0.9995
2025-06-30,sp500,0.0051511375061288,0.0062463233229729,0.0192775021347207,0.0064641716724093,1.0864364063000498,0.0058803420606809,0.0024207827723809,0.3240214048127489,1,Transition,1.0
2025-07-01,sp500,-0.0011191571098791,0.0062815040186644,0.0180777918612215,0.0052935654432921,1.1631782465458325,0.0034444449153133,0.0021601423423556,0.3474707567653153,1,Transition,1.0
2025-07-02,sp500,0.0047338743064907,0.0062539612930914,0.0160130974063878,0.0063124149466243,1.0405074162538337,0.0043918769982814,0.0021076593809117,0.3905528789574859,1,Transition,1.0
2025-07-03,sp500,0.0083043782106639,0.0063825570727118,0.0160072726931113,0.0060818302550934,0.6306593909835819,0.0044551264339109,0.002519194054209,0.3987285776332474,1,Transition,1.0
2025-07-07,sp500,-0.007893368104244,0.0065737991328906,0.0158764258972343,0.0098025715026703,0.9763265869240876,0.001835372961832,0.0023890935479317,0.4140603921463037,1,Transition,1.0
2025-07-08,sp500,-0.0007161432504695,0.0063382045539165,0.0110104018130217,0.0040077287092843,1.0563506469446655,0.0006619168105123,0.0018418765746394,0.5756560624718101,1,Transition,0.9829
2025-07-09,sp500,0.0060438027767796,0.0064022053891902,0.0098625379740248,0.0060240165473936,0.8845722151290124,0.0020945087878441,0.0020980904541588,0.6491438011241959,0,Calm/Bull,0.9172
2025-07-10,sp500,0.0027424410729257,0.0063555355851777,0.009662694153543,0.0061747505244362,0.9820138698813098,0.0016962221411311,0.0019618118807227,0.6577394962715857,0,Calm/Bull,0.9579
2025-07-11,sp500,-0.0033029717732258,0.0063783648247056,0.0096672621088255,0.0050864401533607,0.855466646481308,-0.0006252478556467,0.0019340463079758,0.6597902025313488,0,Calm/Bull,0.9533
2025-07-14,sp500,0.0014064243309367,0.0063637006055811,0.0096527841686213,0.0054382255942918,0.867179693276674,0.0012347106313893,0.0018136108709388,0.6592606334520368,0,Calm/Bull,0.963
2025-07-15,sp500,-0.0039641450656725,0.0057423744350089,0.0091135107446815,0.0096672302502029,0.9438169443681218,0.0005851102683487,0.0021834370471603,0.6300946579077781,0,Calm/Bull,0.9738
2025-07-16,sp500,0.0031885685253844,0.0054978106328833,0.0091115494996348,0.0106215609564596,0.951292702394024,1.406341806972104e-05,0.0018754243160201,0.6033892076318823,0,Calm/Bull,0.9682
2025-07-17,sp500,0.005359380240011,0.0049823862017991,0.0084151344086867,0.0067361438437626,1.007660983059408,0.0005374512514867,0.0025627563142028,0.592074464866056,0,Calm/Bull,0.9928
2025-07-18,sp500,-9.049030280841674e-05,0.0049759842097599,0.007938268344287,0.0048183032246247,0.9470994701964254,0.0011799475455702,0.0025736962007984,0.6268349712996236,0,Calm/Bull,0.9958
2025-07-21,sp500,0.0013981570056732,0.0048589681001611,0.0077362324408759,0.0051208510787897,0.9362101243213148,0.0011782940805175,0.0027526558118615,0.628079383252216,0,Calm/Bull,0.9955
2025-07-22,sp500,0.0006373284966667,0.0046039246235421,0.007394706752512,0.0054536018985146,1.057235984159871,0.0020985887929854,0.0023064894831318,0.6225973223316936,0,Calm/Bull,0.9957
2025-07-23,sp500,0.0077815321457028,0.0043257806360115,0.0073999200250641,0.0067857386381436,1.0516372056562606,0.003017181517049,0.002142549659569,0.5845712685217898,0,Calm/Bull,0.9934
2025-07-24,sp500,0.0006979799969332,0.0043102861412327,0.0073996997027622,0.0032593263071662,0.9835574475564154,0.0020849014684335,0.0021776129648332,0.5824947382153566,0,Calm/Bull,0.9965
2025-07-25,sp500,0.0039664510016805,0.0041143004237494,0.007389074897962,0.004271650692242,0.8389160585739317,0.0028962897293313,0.0019765289632914,0.5568085965516724,0,Calm/Bull,0.997
2025-07-28,sp500,0.0001768424712665,0.0040598861825825,0.0073934764766983,0.003956290301369,0.884300062599555,0.00265202682245,0.0017251011240472,0.5491173462684116,0,Calm/Bull,0.997
2025-07-29,sp500,-0.0029638301974668,0.0041047248583987,0.0074052572534198,0.0071167542094778,0.989953071951076,0.0019317950836232,0.0013193527388674,0.5542987526197154,0,Calm/Bull,0.9956
2025-07-30,sp500,-0.0012502139385094,0.0041089250799,0.0072332890389347,0.0094548330436316,1.057538181549888,0.0001254458667808,0.0013127998974359,0.5680576370974392,0,Calm/Bull,0.9937
2025-07-31,sp500,-0.0037016620463745,0.0041717420678203,0.0071891968405213,0.0156765683558227,1.1906053326544144,-0.0007544825418807,0.0008910230797926,0.5802792941078808,0,Calm/Bull,0.9405
2025-08-01,sp500,-0.0161213871855698,0.00530788179433,0.0074568569339488,0.011957314360268,1.1148929078890084,-0.0047720501793308,-0.000330265190019,0.7118122073879186,0,Calm/Bull,0.9706
2025-08-04,sp500,0.0146295644914144,0.0059671487834816,0.0076330386902306,0.009317620864448,0.9300246065945672,-0.0018815057753012,0.0007958814397639,0.7817527233444898,0,Calm/Bull,0.982
2025-08-05,sp500,-0.004869703780462,0.0060934842744217,0.007666172820278,0.0089900262318265,1.061886524387269,-0.0022626804919002,0.0005882034132642,0.7948534969500884,0,Calm/Bull,0.997
2025-08-06,sp500,0.0072555222198526,0.0061562831571233,0.0076913876920952,0.0081512569410119,1.0350087812588655,-0.0005615332602278,0.0006487893854179,0.800412539787909,0,Calm/Bull,0.9967
2025-08-07,sp500,-0.0007977981718278,0.0061437996017363,0.0066018373324976,0.012522103583399,1.0159951418410282,1.9239514681484907e-05,0.0004717774231802,0.9306196581811236,0,Calm/Bull,0.9994
2025-08-08,sp500,0.0077694548163894,0.0062830458155683,0.0066104521532752,0.0062509199047441,0.9123357872186232,0.0047974079150733,0.001025398752661,0.9504714155529044,0,Calm/Bull,0.9999
2025-08-11,sp500,-0.0025072683938851,0.006331314558895,0.0066292444959823,0.0067765401913731,0.8904546000026413,0.0013700413380134,0.0008297141164199,0.9550582366862608,0,Calm/Bull,0.9999
2025-08-12,sp500,0.0112815590751707,0.006634295819041,0.0067441916113967,0.0094310122115768,0.9828647964234616,0.0046002939091399,0.001591999323462,0.9837051200962424,0,Calm/Bull,0.9998
2025-08-13,sp500,0.0032248733840464,0.0066347606066972,0.0067091048471084,0.0054526140864281,0.9942968984565478,0.0037941641419787,0.0015938145663951,0.9889189031762812,0,Calm/Bull,1.0
2025-08-14,sp500,0.0003030448785544,0.0065798303970935,0.0067102187469122,0.0050784408008412,0.8625250592423589,0.0040143327520551,0.0013409977983223,0.9805686886319834,0,Calm/Bull,1.0
2025-08-15,sp500,-0.0029013399163647,0.0066417436691218,0.0066983547042335,0.0061226312892766,0.8896119767618899,0.0018801738055043,0.0012004553176445,0.9915485163728408,0,Calm/Bull,1.0
2025-08-18,sp500,-0.0001007682577357,0.0066478495864154,0.0062895249947464,0.0027367796703462,0.816082248771477,0.0023614738327342,0.0011255090544741,1.056971646025473,0,Calm/Bull,1.0
2025-08-19,sp500,-0.0058753291122071,0.0068300298900132,0.0063587336196864,0.0087749988842758,0.8692120283914055,-0.0010699038047413,0.0007998761740304,1.0741179452568492,0,Calm/Bull,1.0
2025-08-20,sp500,-0.0024346306322649,0.006660317965971,0.0062876967866432,0.0100910352186122,0.8981203498827874,-0.0022018046080036,0.000289068035132,1.0592619510723376,0,Calm/Bull,1.0
2025-08-21,sp500,-0.0040122197289511,0.0067280302940402,0.0058329643136599,0.0064268209338754,0.8167540438997464,-0.0030648575295047,5.355804883779634e-05,1.1534495896510433,0,Calm/Bull,0.9999
2025-08-22,sp500,0.0150722851587791,0.0074838278139886,0.0060309121563198,0.0145819704759022,1.0210436520914223,0.000529867485524,0.0006088497566927,1.2409114276596327,0,Calm/Bull,0.9932
2025-08-25,sp500,-0.0042755125396463,0.0075631554530369,0.0060686866495716,0.0044771930750462,0.8254308017643863,-0.000305081370858,0.000386232006147,1.246259016120204,0,Calm/Bull,0.9998
2025-08-26,sp500,0.0041254737101163,0.007564011703584,0.0060753044753642,0.0060563748820536,0.9919677528150566,0.0016950791936066,0.0007406972015262,1.2450424063940566,0,Calm/Bull,0.9999
2025-08-27,sp500,0.002388130453303,0.0075573582812871,0.0060669172606039,0.0045083184626802,0.8551559578006555,0.0026596314107202,0.0009226144211168,1.2456669436323915,0,Calm/Bull,0.9999
2025-08-28,sp500,0.0031517474414667,0.0074917367101053,0.006044639789892,0.0063474175695971,0.90073308515527,0.0040924248448037,0.0012652848955089,1.2394016799203016,0,Calm/Bull,0.9999
2025-08-29,sp500,-0.0064187404027925,0.0065632031281975,0.0061267273219251,0.0073046507599194,0.905607149669692,-0.0002057802675105,0.0017504172346477,1.0712412652527266,0,Calm/Bull,1.0
2025-09-02,sp500,-0.0069463500610303,0.0060910736830418,0.0061605972140017,0.0087225643666433,1.0236844723713252,-0.0007399477717873,0.0006716215070255,0.9887148066096738,0,Calm/Bull,1.0
2025-09-03,sp500,0.0050871123029413,0.0060208224535828,0.0060691841559155,0.0058155225383302,0.9663791027898836,-0.0005476200532223,0.0011694623111957,0.9920315974782968,0,Calm/Bull,1.0
2025-09-04,sp500,0.0083118471028735,0.0060813498394313,0.006138039172087,0.0086987637670036,1.0189682280489452,0.0006371232766917,0.0012222785553467,0.9907642602032416,0,Calm/Bull,1.0
2025-09-05,sp500,-0.0031701726699367,0.0061456232233591,0.006140475212446,0.0136804631451053,1.1081177766119412,-0.0006272607455889,0.0011036598304413,1.0008383733725854,0,Calm/Bull,0.9999
2025-09-08,sp500,0.0021037644508885,0.0059496457008959,0.0061197986070641,0.0039075130203448,1.1344381597874051,0.0010772402251472,0.0008203753121662,0.9721963226090886,0,Calm/Bull,1.0
2025-09-09,sp500,0.0026845470300734,0.0059099451041497,0.0061135350734464,0.0053972068159538,1.042847178068598,0.003003419643368,0.0010799660833642,0.966698486742795,0,Calm/Bull,1.0
2025-09-10,sp500,0.0029790282293981,0.0054275559493781,0.0058887024091874,0.0060670741233603,1.1402020408991624,0.0025818028286593,0.0006648395410755,0.9216896307937366,0,Calm/Bull,0.9999
2025-09-11,sp500,0.0084500876230935,0.0056772865985442,0.0058694592981884,0.0071484698215621,1.1749112964120718,0.0026094509327033,0.0009261002530279,0.9672588751567676,0,Calm/Bull,0.9999
2025-09-12,sp500,-0.0004828778814283,0.0056845414432137,0.0057316644923741,0.0031468429306085,1.0030357040983735,0.003146909890405,0.0008868041150287,0.9917784704210932,0,Calm/Bull,1.0
2025-09-15,sp500,0.0046955777265597,0.0056718941434257,0.0057398664414539,0.0026529933031903,1.0846962754967115,0.0036652725455393,0.001266649997175,0.9881578606886584,0,Calm/Bull,1.0
2025-09-16,sp500,-0.0012887604333313,0.0056931491785918,0.0057308415371817,0.0040686163940164,1.1376705043206774,0.0028706110528583,0.0012072503883952,0.99342289289535,0,Calm/Bull,1.0
2025-09-17,sp500,-0.0009706390782443,0.0054734020727726,0.0056465103771259,0.0110964165978115,1.2139104949746422,0.0020806775913298,0.0014524848900933,0.9693424269519576,0,Calm/Bull,0.9999
2025-09-18,sp500,0.0047776878367082,0.0054413180747505,0.00552349937108,0.0067717037245806,1.0972237382543788,0.0013461976340527,0.001813100813542,0.985121516124398,0,Calm/Bull,1.0
2025-09-19,sp500,0.0048735239374811,0.005301613029968,0.0055381390321543,0.0062286200740309,1.7967789947227508,0.0024174779978346,0.0022573879968636,0.9572914293387969,0,Calm/Bull,0.9447
2025-09-22,sp500,0.0044003507147622,0.0044052068735219,0.0054859795737064,0.0075906716853408,1.104478508832068,0.0023584325954752,0.0017237912746628,0.8029936703803104,0,Calm/Bull,0.9949
2025-09-23,sp500,-0.0055173518287397,0.0045019089712239,0.0055355479049422,0.0081028376545435,1.0859818697805643,0.0015127143163935,0.0016616993102081,0.8132725158433786,0,Calm/Bull,0.9953
2025-09-24,sp500,-0.0028506771652953,0.0045706991658523,0.0055365465926024,0.0076680655347288,1.046389824956389,0.0011367066989833,0.0013128917664375,0.8255505646713904,0,Calm/Bull,0.9978
2025-09-25,sp500,-0.0050216487425263,0.0047747116213231,0.0055860501384154,0.0075370013470627,1.1076536757831528,-0.0008231606168635,0.000942402806646,0.8547563131392809,0,Calm/Bull,0.9991
2025-09-26,sp500,0.0058844891304135,0.0048792210871495,0.0056008343278676,0.0067041012919164,0.9548028560769096,-0.0006209675782771,0.0010790398910934,0.8711596882757848,0,Calm/Bull,0.9995
2025-09-29,sp500,0.0026320772599126,0.0045562479984475,0.0055241454988353,0.0049270064164335,0.9922031080177824,-0.000974622269247,0.0015315807742286,0.8247878335949249,0,Calm/Bull,0.9982
2025-09-30,sp500,0.0040825036135079,0.0041229692676618,0.0054131974025069,0.0075129402423688,1.10845936352629,0.0009453488192024,0.0020830234579555,0.761651379229667,0,Calm/Bull,0.9829
2025-10-01,sp500,0.0033941541712235,0.0040751483321825,0.0054147575501307,0.0092799772535097,1.089261359946312,0.0021943150865062,0.0019983755513697,0.752600332416395,0,Calm/Bull,0.9639
2025-10-02,sp500,0.0006181636213842,0.0038017673751536,0.0053785611116491,0.0057643995286277,0.9705581722405522,0.0033222775592883,0.0016136913772952,0.7068372555848932,0,Calm/Bull,0.9623
2025-10-03,sp500,6.55106568658717e-05,0.0036534287738911,0.0053763277530958,0.0067304360394819,1.017875730865868,0.0021584818645788,0.0017754755436353,0.6795398163341834,0,Calm/Bull,0.9219
2025-10-06,sp500,0.0036399592827626,0.0036767679284277,0.0053542558365773,0.0047090381092042,0.995034909915808,0.0023600582691488,0.001852285285229,0.6867000831955313,0,Calm/Bull,0.9494
2025-10-07,sp500,-0.003818687706853,0.0038811724866646,0.0053937290083871,0.0081211622312652,0.9781887964432,0.0007798200050766,0.0015271235483827,0.7195712800234175,0,Calm/Bull,0.9559
2025-10-08,sp500,0.0058107484941873,0.0039871304880384,0.0053843905907873,0.0055599420429379,0.9483483273454472,0.0012631388696693,0.0016687095616222,0.7404980045207744,0,Calm/Bull,0.984
2025-10-09,sp500,-0.0027593739802789,0.00376539097721,0.0054039087539361,0.0071877307471886,0.9490277084220564,0.0005876313493367,0.0011082364814535,0.6967902584342174,0,Calm/Bull,0.9523
2025-10-10,sp500,-0.0274859754398998,0.0074269217311563,0.0065239486312998,0.0322960399536794,1.142864221366674,-0.0049226658700163,-0.0002419183964699,1.1384089837133862,2,Stress/Bear,0.9999
2025-10-13,sp500,0.015478263036934,0.0081594507130101,0.0067973939280832,0.0072084495358271,0.9168557350156312,-0.0025550051191821,0.0002972158690487,1.2003792628965748,0,Calm/Bull,0.9991
2025-10-14,sp500,-0.0015655514969425,0.0081625164901461,0.006804635466069,0.0189079633529834,0.9770020268725036,-0.0021043778772,0.0002833763158681,1.199552353810592,0,Calm/Bull,0.9976
2025-10-15,sp500,0.0040179185034279,0.0081983207490795,0.0068166442849501,0.016790473016647,0.9726088266116616,-0.0024629438753518,0.0005328041949517,1.2026915893469476,0,Calm/Bull,0.9991
2025-10-16,sp500,-0.0063142802751419,0.0082709025147765,0.006819352891797,0.0174005723930648,1.0375143419480657,-0.0031739251343244,-2.1794210640737862e-05,1.2128573848591313,0,Calm/Bull,0.9992
2025-10-17,sp500,0.0052568739445263,0.0082832792566504,0.0068447545284178,0.0112725100696869,0.9498362774555346,0.0033746447425607,-2.6267102884817375e-06,1.2101645460418076,0,Calm/Bull,0.9999
2025-10-20,sp500,0.0106157241361441,0.0085688333996356,0.0069504063569056,0.0080622488227465,0.8354236044355946,0.0024021369624027,0.0003081419607806,1.2328535857650986,0,Calm/Bull,0.9999
2025-10-21,sp500,3.269591641698797e-05,0.008459415657051,0.0069506785252007,0.0044734676975788,0.9411237387285386,0.0027217864450746,0.0005856443480384,1.217063287617201,0,Calm/Bull,0.9999
2025-10-22,sp500,-0.005351834774743,0.0085310735896163,0.0069798249813264,0.0128459354342531,1.022257331796668,0.0008478357894404,0.000460586467566,1.2222474936606649,0,Calm/Bull,0.9999
2025-10-23,sp500,0.0058104798620133,0.0085085245834783,0.0070035011246861,0.0073295375290074,0.9991936615315512,0.0032727878168715,0.001002192897793,1.214895868794429,0,Calm/Bull,1.0
2025-10-24,sp500,0.0078713619752448,0.0085798297900303,0.0070323645441046,0.005159251874688,0.9084451733720402,0.0037956854230152,0.0011015365400346,1.2200490654630431,0,Calm/Bull,0.9999
2025-10-27,sp500,0.0122151413273793,0.0089302384182234,0.0068005819633302,0.0048493188510949,0.9507706001419872,0.0041155688612623,0.0015806897434079,1.3131579718289732,0,Calm/Bull,0.9997
2025-10-28,sp500,0.0022853305022299,0.0089127642363391,0.0065836254682455,0.0058874577034061,1.0269362227087129,0.0045660957784248,0.001490831087844,1.3537775317456338,0,Calm/Bull,0.9997
2025-10-29,sp500,-4.357920473317536e-05,0.0089072733023334,0.0065348395682496,0.009930889670072,1.1297968485616932,0.0056277468924268,0.0013189444190462,1.363043913979251,0,Calm/Bull,0.999
2025-10-30,sp500,-0.0099541914245345,0.0092578689130905,0.006654332272769,0.0088034398709661,1.0826827464262812,0.0024748126351172,0.0007903266667502,1.3912543788917309,0,Calm/Bull,0.999
2025-10-31,sp500,0.0026145009178832,0.0092649082857111,0.0066514734862689,0.0094895111833835,1.137527915816662,0.0014234404236449,0.0009177761798011,1.392910654283945,0,Calm/Bull,0.9997
2025-11-03,sp500,0.0017192339969181,0.0092451397752535,0.006596840400429,0.0090046665552612,1.0739995217595424,-0.0006757410424472,0.0008217399155089,1.401449665911616,0,Calm/Bull,0.9997
2025-11-04,sp500,-0.0118062503923267,0.0096210353218713,0.0067909495773806,0.0079007024304783,1.014503961101234,-0.0034940572213585,0.0004223617812352,1.4167437428658314,0,Calm/Bull,0.9979
2025-11-05,sp500,0.0036468976756877,0.0095692789710155,0.0066655919128166,0.0098097523048319,1.044733432560378,-0.0027559618452744,0.0003141692403102,1.435623286900548,0,Calm/Bull,0.9995
2025-11-06,sp500,-0.0112411345147227,0.0098950606081262,0.0068388062287299,0.0132687747739172,1.0582794246585978,-0.003013350463312,-0.0001099187864119,1.446898812040755,0,Calm/Bull,0.9993
2025-11-07,sp500,0.0012610463474931,0.0075094458718845,0.0068391210277625,0.0146638218908316,1.042387154480268,-0.00328404137739,0.0013274323029577,1.0980133033764092,0,Calm/Bull,0.9998
2025-11-10,sp500,0.0152836267035018,0.0074902435708816,0.0070775245915625,0.0103564564590532,0.9433652951166708,-0.0005711628360733,0.0013177004862861,1.0583140297118971,0,Calm/Bull,0.9998
2025-11-11,sp500,0.0020731999523923,0.0074606576474284,0.007077564040442,0.0070487097393733,0.8814052565710676,0.0022047272328704,0.0014996380587528,1.054127889878135,0,Calm/Bull,1.0
2025-11-12,sp500,0.0006293191259445,0.0074389035216016,0.0070201008588121,0.0058809677418435,0.9390735996833808,0.0016012115229218,0.0013302080898786,1.05965764185051,0,Calm/Bull,1.0
2025-11-13,sp500,-0.0166954516309277,0.0083113941972568,0.0073744513741131,0.0153365105179013,0.9759977676073948,0.0005103480996808,0.0008111495220893,1.127052546096199,0,Calm/Bull,0.998
2025-11-14,sp500,-0.0005018514712717,0.0082487879702647,0.0073489623786074,0.0189245414752045,0.9016730175155044,0.0001577685359278,0.0005232132512994,1.1224425361431485,0,Calm/Bull,0.9982
2025-11-17,sp500,-0.0092044978943051,0.0081626075706431,0.0072241521969685,0.0173250886784842,0.9261558929961444,-0.0047398563836335,-0.0004677978502229,1.129905260587999,0,Calm/Bull,0.9996
2025-11-18,sp500,-0.0082907098441693,0.0083458738263316,0.0072876586683796,0.0139497653197755,0.9188779707778286,-0.0068126383429458,-0.0008839681382522,1.1452064656298353,0,Calm/Bull,0.9998
2025-11-19,sp500,0.0037468077372653,0.0083374916609305,0.0072845890083051,0.0129852334136873,0.899855845229977,-0.0061891406206817,-0.0004290360126518,1.144538374289198,0,Calm/Bull,0.9998
2025-11-20,sp500,-0.0156897261163152,0.0088603366276788,0.0075712095140635,0.0361383964908769,1.0025265242045964,-0.0059879955177592,-0.0015040463115682,1.1702669977921982,2,Stress/Bear,0.9999
2025-11-21,sp500,0.009775103041592,0.0089758314555314,0.0076634862847997,0.0209192923069004,1.0541043673410435,-0.0039326046151864,-0.0014088592582509,1.1712464956497215,0,Calm/Bull,0.9873
2025-11-24,sp500,0.0153488188990818,0.0092493551540673,0.0078549372036501,0.0126843073951037,1.0665233743780038,0.0009780587434909,-0.0012521753796658,1.1775212091790077,0,Calm/Bull,0.9995
2025-11-25,sp500,0.0090208860008329,0.0095040553710526,0.0078647220032246,0.0172069152706573,0.8889456250964974,0.0044403779124913,-0.0009153976047356,1.208441362219272,0,Calm/Bull,0.9957
2025-11-26,sp500,0.0068829694361496,0.0096623793212392,0.0078843733864785,0.0069826138841654,0.8097669631509089,0.0050676102522682,-0.0005690701726915,1.225510113182863,0,Calm/Bull,0.9999
2025-11-28,sp500,0.0053404873411373,0.0094841028151903,0.0078463725368,0.0045421893990248,0.4769904859736508,0.0092736529437587,0.000195663765592,1.2087245119587715,0,Calm/Bull,0.9976
2025-12-01,sp500,-0.0053375487460559,0.0095438595051031,0.0078702245380753,0.0064160187312942,0.8630161907184647,0.0062511225862291,-0.0002019387176048,1.2126540302542772,0,Calm/Bull,0.9997
2025-12-02,sp500,0.0024542211959366,0.0095530571061336,0.0078713155355529,0.0065657363681536,0.8816664712128236,0.0036722030456001,-0.0001651893576539,1.2136544473391584,0,Calm/Bull,1.0
2025-12-03,sp500,0.0029753605210852,0.0091691159301097,0.0078725623648079,0.0075900539676182,0.9202689866992904,0.0024630979496506,0.0005738911880166,1.164692701717753,0,Calm/Bull,1.0
2025-12-04,sp500,0.0010797387119744,0.0091417608848595,0.0078676372517784,0.0057385749387149,0.9565411830160168,0.0013024518048155,0.0004455332398309,1.1619448879386436,0,Calm/Bull,1.0
2025-12-05,sp500,0.0019347688846794,0.0087202832146308,0.0078051080826803,0.0054567050865497,0.98136646948939,0.0006213081135239,0.001104328409801,1.1172533579619768,0,Calm/Bull,1.0
2025-12-08,sp500,-0.0034833153316476,0.0087801208291751,0.0078224136843224,0.0074607471359294,0.9552475634021468,0.0009921547964056,0.000867110325844,1.1224311553315267,0,Calm/Bull,1.0
2025-12-09,sp500,-0.0008767431610132,0.0081009002635894,0.007806641757918,0.0040186692272397,0.9130973120438994,0.0003259619250156,5.909183261828799e-05,1.0376933532748485,0,Calm/Bull,0.9999
2025-12-10,sp500,0.0067268806591399,0.0082276397320341,0.007843003311474,0.0110328893645958,1.1132736841872015,0.0010762659526265,0.0002917758679556,1.0490419811499152,0,Calm/Bull,0.9999
2025-12-11,sp500,0.002077191983717,0.0082371303578356,0.0078419248984528,0.0101448725728155,1.014227803831174,0.0012757566069751,0.0003641695108442,1.0503964861306885,0,Calm/Bull,0.9999
2025-12-12,sp500,-0.0107209134585545,0.0076750438014405,0.0079611043396064,0.0143627021593221,0.9975041877050748,-0.0012553798616716,0.0006628964194629,0.964067731565478,0,Calm/Bull,0.9973
2025-12-15,sp500,-0.0015978388918367,0.0076876999393907,0.0079444480125765,0.0088167715504606,1.0114873830894622,-0.0008782845737094,0.0006080970484347,0.9676820752329952,0,Calm/Bull,0.9997
2025-12-16,sp500,-0.0023867640084396,0.0073744651020183,0.0079344921871768,0.0087540457582474,1.015309470245814,-0.0011802887431947,0.0009489837427279,0.9294186607098042,0,Calm/Bull,0.9994
2025-12-17,sp500,-0.0116598566113712,0.0076306698860077,0.0080491376056521,0.013662209893161,1.0440145147637356,-0.004857636197297,0.0007805264043678,0.9480108627599456,0,Calm/Bull,0.9954
2025-12-18,sp500,0.0079029515204791,0.0077710047216921,0.0081005067259876,0.008506557399262,1.0389058921956855,-0.0036924842899446,0.0009883335935285,0.9593232848954502,0,Calm/Bull,0.9983
2025-12-19,sp500,0.0087794074218288,0.0068824261489306,0.0081415207479031,0.0069353869842343,1.691249962559871,0.000207579886132,0.0022117902704357,0.8453489663713369,0,Calm/Bull,0.9895
2025-12-22,sp500,0.0064158705755619,0.0067273767985894,0.0081476865485972,0.0038219943454842,0.8957235356347623,0.0018103217796118,0.0020438286471342,0.8256793825417356,0,Calm/Bull,0.998
2025-12-23,sp500,0.0045400670467882,0.0059967594666972,0.0081595507625757,0.0060884374171892,0.7838860749611474,0.0031956879906573,0.0015033910545195,0.7349374544247915,0,Calm/Bull,0.9968
2025-12-24,sp500,0.0032163043447007,0.0057491328462315,0.0081540683268552,0.0046753368602219,0.3815052066687195,0.0061709201818717,0.0012131619717129,0.7050631188969653,0,Calm/Bull,0.9971
2025-12-26,sp500,-0.0003044098771082,0.0055987377701146,0.0081465346030278,0.0034877534407744,0.560017372868879,0.0045294479023542,0.00085379300605,0.6872539113789291,0,Calm/Bull,0.9958
2025-12-29,sp500,-0.0034981629239373,0.0055747288590487,0.0081631343302111,0.0045542105907704,0.7587529736614654,0.002073933833201,0.0004118604927963,0.6829152423006248,0,Calm/Bull,0.9939
2025-12-30,sp500,-0.0013766142506534,0.0054281571962393,0.0081664557730109,0.0028681983927496,0.7186306994888821,0.0005154368679579,0.0006099072175664,0.664689474493775,0,Calm/Bull,0.9947
2025-12-31,sp500,-0.0073848674342488,0.0056916719623983,0.008217152634061,0.0083076644784895,0.7184866763005876,-0.0018695500282494,0.0001179527860572,0.6926574466690165,0,Calm/Bull,0.9912
2026-01-02,sp500,0.0018929140261155,0.0056681686857037,0.0082021929532693,0.0102880170626151,0.9272846000595936,-0.0021342280919664,6.383046130871516e-05,0.691055272412788,0,Calm/Bull,0.9907
2026-01-05,sp500,0.0063340245110515,0.0058369849671456,0.0082083699318085,0.0041755456761811,1.2665509963018984,-0.0008065412143344,0.0003265447512625,0.7111015969841447,0,Calm/Bull,0.9894
2026-01-06,sp500,0.0061775920038938,0.0059740040716564,0.0082318196035343,0.0064321210637059,1.2015547407576863,0.0011286097712317,0.0005386859072232,0.7257209656406243,0,Calm/Bull,0.9933
2026-01-07,sp500,-0.0034458535710101,0.0059726823694221,0.0073878057866718,0.0067187500551182,1.131534408423535,0.0007147619071603,0.0005405589952551,0.8084514593219716,0,Calm/Bull,0.9981
2026-01-08,sp500,7.654532942294603e-05,0.0059645747383007,0.0071363951149583,0.0046160358091448,1.147027346962653,0.0022070444598947,0.0005882234197769,0.8357965950902305,0,Calm/Bull,0.9986
2026-01-09,sp500,0.006454611138321,0.0059501197245541,0.0071691340340359,0.0087162342649345,1.1149638757879416,0.0031193838823358,0.000574609943736,0.8299635208807081,0,Calm/Bull,0.9969
2026-01-12,sp500,0.0015763900591805,0.0059445146784262,0.0071574136196386,0.0074900718705108,1.083710050385962,0.0021678569919616,0.0005495698475092,0.8305394929413618,0,Calm/Bull,0.9984
2026-01-13,sp500,-0.001941005588207,0.0053642710468462,0.0071063613855247,0.0067578710592115,1.097254391189778,0.0005441374735414,0.0009885652410265,0.7548548062547183,0,Calm/Bull,0.9972
2026-01-14,sp500,-0.0053476335841354,0.0055226212055432,0.0071260087130454,0.0080211892601248,1.1847912343746971,0.0001637814709164,0.0008010755064116,0.7749950116441878,0,Calm/Bull,0.997
2026-01-15,sp500,0.0025766039204444,0.0054832087414075,0.0070099742856651,0.0059629700592907,1.093976918040025,0.0006637931891207,0.0010492439028558,0.782200977915186,0,Calm/Bull,0.9979
2026-01-16,sp500,-0.0006425086684515,0.0046255450719043,0.0070112955859387,0.0060821183777828,1.1429855981744834,-0.0007556307722337,0.0016001113000018,0.6597275803320765,0,Calm/Bull,0.9948
2026-01-20,sp500,-0.0208424609532612,0.0066060020340992,0.0074986559614469,0.0120820671367874,1.2223853623087078,-0.0052394009747221,0.0001628406763148,0.8809581434410165,0,Calm/Bull,0.9848
2026-01-21,sp500,0.0115211176335603,0.0068192273787905,0.0076060216310025,0.0153339151937289,1.2730407200383511,-0.0025469763303686,0.0002999261869013,0.8965564009172622,0,Calm/Bull,0.9843
2026-01-22,sp500,0.0054725007079021,0.0067778339689563,0.0075719686679655,0.0059493418142448,1.1473243912192908,-0.0003829494719611,0.0002527576935184,0.8951217663685183,0,Calm/Bull,0.9991
2026-01-23,sp500,0.0003268164274822,0.0067026252597118,0.0074085671661238,0.0054167255929799,1.0413180728456488,-0.0008329069705536,4.209516255310457e-05,0.9047127615121144,0,Calm/Bull,0.9994
2026-01-26,sp500,0.0049935942601603,0.0067584735254105,0.0074303393262504,0.0061954868709029,1.027070413465072,0.0002943136151687,0.000130959658326,0.9095780459895868,0,Calm/Bull,0.9995
2026-01-27,sp500,0.0040735878404412,0.006814299016461,0.0074475790133097,0.0042973871083144,1.0718391047220892,0.0052775233739092,0.0003498595442035,0.9149683412936004,0,Calm/Bull,0.999
2026-01-28,sp500,-8.172639170147053e-05,0.0067553259230457,0.0073272642566397,0.0055631496875132,1.085755368680192,0.0029569545688568,0.0005206813708153,0.921943809645512,0,Calm/Bull,0.9996
2026-01-29,sp500,-0.0012934674424623,0.0067541223192982,0.0073243979583405,0.0175118192062908,1.3097902526054528,0.001603760938784,0.0005248387112249,0.922140271147758,0,Calm/Bull,0.9819
2026-01-30,sp500,-0.004311179414458,0.0065978323389254,0.0073460886261169,0.0101757544595494,1.2350267295858437,0.0006761617703959,0.0006785231122144,0.8981422189039163,0,Calm/Bull,0.9991
2026-02-02,sp500,0.0053767852773646,0.0066770955473279,0.007203231127206,0.0111202961362213,1.0490389663166355,0.0007527999738368,0.0008527166747769,0.9269583926175964,0,Calm/Bull,0.9993
2026-02-03,sp500,-0.0084394955906637,0.0068536433737446,0.0072822115194881,0.0189410047873063,1.2611454048179958,-0.0017498167123841,0.0001140406696911,0.941148627089917,0,Calm/Bull,0.9847
2026-02-04,sp500,-0.0050853001550138,0.0067916356282631,0.0071592475932717,0.0141354051923653,1.3201469622051147,-0.0027505314650466,-0.0004491039382542,0.9486521509112156,0,Calm/Bull,0.9993
2026-02-05,sp500,-0.0123266778538328,0.0072712584062409,0.0073440041282486,0.0114321334373042,1.2151718793643138,-0.0049571735473207,-0.0008931451523953,0.9900945423317692,0,Calm/Bull,0.9995
2026-02-06,sp500,0.0195043442822007,0.0085863970888864,0.0075095587904706,0.0184859146249123,1.0835663806582865,-0.000194068807989,7.82447952435067e-05,1.1433956812192885,0,Calm/Bull,0.9663
2026-02-09,sp500,0.0046801178601232,0.008525996873455,0.0075278533808558,0.0106578464830676,0.9702698110319066,-0.0003334022914372,-1.0479868666380623e-05,1.132593375840396,0,Calm/Bull,1.0
2026-02-10,sp500,-0.0033091822845107,0.0085480981930462,0.0075419610972413,0.007101936318139,0.9562071659447774,0.0006926603697933,-0.0002547584858509,1.133405235433122,0,Calm/Bull,1.0
2026-02-11,sp500,-4.89572699497733e-05,0.0085389189632238,0.0072079548438629,0.0117424354066517,1.0455580152122477,0.0016999289468061,-0.000160156069938,1.184652116750451,0,Calm/Bull,1.0
2026-02-12,sp500,-0.0157849413861174,0.0091683859787696,0.007507664234063,0.02183307783361,1.189260917283075,0.0010082762403492,-0.0006820214600371,1.2212035185553176,0,Calm/Bull,0.8098
2026-02-13,sp500,0.0004989646444475,0.0091412511731995,0.007404521395137,0.0127864224044953,0.9505198940032586,-0.0027927996872014,-0.000785903423837,1.2345499034148466,0,Calm/Bull,0.9999
2026-02-17,sp500,0.0010307906306565,0.0091502856036055,0.0073162623456567,0.0133694710242623,0.9002097562098047,-0.0035226651330947,-0.0007022384588816,1.2506776235323926,0,Calm/Bull,0.9999
2026-02-18,sp500,0.005550636821134,0.0079122387295729,0.0073332680476316,0.0086407908423256,0.8517426972414543,-0.0017507013119658,0.0006174164298381,1.078951250408518,0,Calm/Bull,1.0
2026-02-19,sp500,-0.0028261153915347,0.0075118922181756,0.0070310774643901,0.0067124447748408,0.8656306478573345,-0.0023061329362828,-9.9945221416616e-05,1.0683842207998289,0,Calm/Bull,1.0
2026-02-20,sp500,0.0069157557021752,0.0075749091563684,0.0069787366344337,0.0115101921632577,0.9118545216988604,0.0022340064813757,-2.778247170296278e-05,1.0854269982038218,0,Calm/Bull,1.0
2026-02-23,sp500,-0.0104399594714564,0.0079229753918901,0.0068578691035625,0.0142064475476216,0.9403616248200032,4.622165819490112e-05,-0.0005661212666498,1.1553115511893242,0,Calm/Bull,0.9998
2026-02-24,sp500,0.0076224889623833,0.0080409955802999,0.0068301402559679,0.0121536861352845,0.8760988480811335,0.0013645613245402,-0.0004346765315387,1.177281180027596,0,Calm/Bull,0.9999
2026-02-25,sp500,0.0081034339701294,0.0082086523312944,0.0068518508246652,0.0053785149301186,0.8864355427368422,0.0018751207543393,-0.0002331842250543,1.1980197090317424,0,Calm/Bull,0.9999
2026-02-26,sp500,-0.0053800269955661,0.0082886127986402,0.0068585812451112,0.0126677948696565,0.97674845943058,0.001364338433533,-0.0004980992552475,1.2085025317077542,0,Calm/Bull,0.9999
2026-02-27,sp500,-0.0043487951280376,0.0083320858485927,0.0068463623800163,0.007445939954625,1.1074097733149808,-0.0008885717325094,-0.0006508656395263,1.2170091774448046,0,Calm/Bull,0.9999
2026-03-02,sp500,0.0003982754131349,0.0082896361705344,0.0068398337112308,0.0151359223838295,1.0151710888956873,0.0012790752444088,-0.0004153928981466,1.2119645769930043,0,Calm/Bull,0.9998
2026-03-03,sp500,-0.0094889087313125,0.0084085583206281,0.0069404001731794,0.0190167113428513,1.069804899203859,-0.0021432042943303,-0.0011586775985805,1.2115379676696718,0,Calm/Bull,0.9979
2026-03-04,sp500,0.0077261257401495,0.0084487191856461,0.0070119074550939,0.0108158970358104,0.8851784431307269,-0.0022186659403263,-0.0003503965320398,1.2049102529880529,0,Calm/Bull,0.9999
2026-03-05,sp500,-0.005662707772703,0.0084667179066381,0.0070454476585396,0.0145885846705344,1.022215474925358,-0.0022752020957537,-0.0003792669129243,1.2017288775647612,0,Calm/Bull,0.9999
2026-03-06,sp500,-0.0133657204324963,0.008546696180557,0.0072388247071805,0.009177993997346,0.9989280670297368,-0.0040785871566454,-0.0004312190418575,1.180674560620203,0,Calm/Bull,0.9998
2026-03-09,sp500,0.0082698716653886,0.0074686922766816,0.0073214817480684,0.0256621767143826,1.1526961976406993,-0.0025042679061947,-0.0009929426726981,1.020106657870459,1,Transition,0.4131
2026-03-10,sp500,-0.0021374025058877,0.0073507900236182,0.0072704652945553,0.0125842506349331,1.0187807687875166,-0.0010339666611097,-0.0013338186909986,1.0110480864440845,0,Calm/Bull,0.9998
2026-03-11,sp500,-0.0008379521856348,0.0073365940714292,0.0072643431909319,0.0096756191864457,0.9451177815150088,-0.0027467822462666,-0.0012102571860548,1.0099459618850934,0,Calm/Bull,0.9999
2026-03-12,sp500,-0.0153448081894945,0.0079783437161768,0.0073999737752688,0.0105625645145309,1.077989822591346,-0.0046832023296249,-0.0019750497320321,1.0781583771068186,0,Calm/Bull,0.9997
2026-03-13,sp500,-0.0060775463985013,0.0073657496711549,0.0074349628806542,0.0164922723533017,0.9285389879744116,-0.0032255675228259,-0.0014896799826513,0.990690846664554,0,Calm/Bull,0.9983
2026-03-16,sp500,0.0100799097468189,0.0078006142462153,0.0075533703095082,0.0082723957805679,0.90482479178921,-0.0028635599065398,-0.0010106327275327,1.0327329293515275,0,Calm/Bull,0.9998
2026-03-17,sp500,0.0024911493849529,0.0078275172712354,0.0074106162852012,0.0064769830380516,0.8878451126821527,-0.0019378495283717,-0.0009376147898179,1.05625726255275,0,Calm/Bull,1.0
2026-03-18,sp500,-0.0137009993837308,0.0081641250167559,0.0075431260632857,0.0126073659288532,0.923598400630686,-0.0045104589679909,-0.0019001966000611,1.082326471579569,0,Calm/Bull,0.9998
2026-03-19,sp500,-0.0027525826238997,0.0081637026379837,0.0074523326800143,0.0119458906857396,1.038315657075056,-0.0019920138548719,-0.0018965199616793,1.095456012031934,0,Calm/Bull,0.9999
2026-03-20,sp500,-0.0152539343077702,0.0084057133838822,0.007631205053178,0.0186183830707833,1.6758219234237928,-0.0038272914367257,-0.0030050044621766,1.1014922709201331,0,Calm/Bull,0.7002
2026-03-23,sp500,0.0113881090950741,0.0087975004385582,0.0077644007339139,0.0130786069746239,1.0031501679470307,-0.0035656515670747,-0.0019136010338501,1.1330559485591554,0,Calm/Bull,0.9996
2026-03-24,sp500,-0.0037495954593205,0.0085115769868907,0.0077552116453496,0.010774275316393,0.8794162570505507,-0.0048138005359294,-0.0024822052549353,1.0975299419448603,0,Calm/Bull,0.9999
2026-03-25,sp500,0.0054044937599492,0.0083548660983532,0.0077979037679173,0.0099409557376547,0.8251519647736905,-0.0009927019071934,-0.0026171522654443,1.0714246221821062,0,Calm/Bull,0.9998
2026-03-26,sp500,-0.0175594409612095,0.0089868136481143,0.0080853418847772,0.0153508904184354,0.8170436000463022,-0.0039540735746553,-0.0032261229637265,1.1114945757623895,0,Calm/Bull,0.9964
2026-03-27,sp500,-0.0168632319460513,0.0094906418271574,0.0083385911551541,0.0153575695916825,0.9046475620525262,-0.0042759331023116,-0.0038518448046272,1.13815891084806,0,Calm/Bull,0.9944
2026-03-30,sp500,-0.0039535538333558,0.0094378110349805,0.0083080435641624,0.0174030219815533,0.9360657028046612,-0.0073442656879976,-0.0040694362669517,1.1359847793397917,0,Calm/Bull,0.9962
2026-03-31,sp500,0.0287148933097987,0.0118429155482867,0.0091590698989776,0.0219299200196493,1.097257037534662,-0.0008513679341737,-0.0021592461648961,1.29302600361296,2,Stress/Bear,0.9754
2026-04-01,sp500,0.0071429450037592,0.011817986966444,0.0091703699831864,0.0084223861793794,0.963893450657198,-0.0005036776854117,-0.0021884052017156,1.2887143035790212,0,Calm/Bull,0.9995
2026-04-02,sp500,0.001120248136237,0.011810360052568,0.0091282168720752,0.019288499986166,0.8193469113412317,0.0032322601340775,-0.0018492574062686,1.293829914218841,0,Calm/Bull,0.992
2026-04-06,sp500,0.0044170131316058,0.0115645407036095,0.0091473603017314,0.0058092339813491,0.6863440387254027,0.0074883091496089,-0.0009601207280635,1.2642489551243012,0,Calm/Bull,0.9991
2026-04-07,sp500,0.000758960033127,0.0113693383166867,0.0091488440867291,0.0126510287677743,0.81584848650908,0.0084308119229055,-0.0013356663096766,1.24270762611186,0,Calm/Bull,0.9916
2026-04-08,sp500,0.0247720383571835,0.0127748494338471,0.009683342215401,0.0078463371941722,1.057847899520143,0.0076422409323825,9.8057334768923e-06,1.3192603493377797,0,Calm/Bull,0.945
2026-04-09,sp500,0.006151066869514,0.0128458325385804,0.0097174764896725,0.010807901377873,0.8847936177698992,0.0074438653055334,0.0003592566862343,1.3219309099674723,0,Calm/Bull,0.999
2026-04-10,sp500,-0.0011391696991393,0.0123135152070721,0.009715828594196,0.0054731788022784,0.8050476691527888,0.0069919817384582,0.001069538610752,1.267366451321284,0,Calm/Bull,0.999
2026-04-13,sp500,0.010121875493741,0.0123513762151869,0.0097861015015074,0.0140831538209546,0.8814466227181031,0.0081329542108852,0.0018795097053642,1.262134488722025,0,Calm/Bull,0.9909
2026-04-14,sp500,0.0117139889161436,0.0124137239493939,0.0098988667422114,0.0092215439778869,0.9280838222141814,0.0103239599874885,0.0019612136638304,1.2540550623293536,0,Calm/Bull,0.9934
2026-04-15,sp500,0.007944144911565,0.0124856510906242,0.009950548315966,0.0084167408166945,0.9715660200646244,0.0069583812983648,0.002233863440161,1.2547701588052698,0,Calm/Bull,0.9982
2026-04-16,sp500,0.002606555815286,0.0119094398837337,0.0095631061961931,0.0060656531540668,0.9531405933268644,0.0062494790875192,0.0030492412001118,1.2453526751041015,0,Calm/Bull,0.9983
2026-04-17,sp500,0.0119685539287378,0.0119866544108485,0.0095719460172213,0.0102399101668741,1.130357520423846,0.0088710238130947,0.0037852980277437,1.252269328439883,0,Calm/Bull,0.9706
2026-04-20,sp500,-0.002377195910252,0.0112322637718302,0.0095578026636753,0.0053789551701536,0.9018579186760066,0.006371209532296,0.0044291349476196,1.175193103171998,0,Calm/Bull,0.9894
2026-04-21,sp500,-0.0063684535808531,0.0113543570591379,0.0095984460368812,0.0123258357657502,1.006814175435995,0.0027547210328967,0.0035413068138233,1.1829370103774812,0,Calm/Bull,0.9856
2026-04-22,sp500,0.0104057560115378,0.0113170848217006,0.0096679665755132,0.0050056712699232,0.9632044866760688,0.0032470432528912,0.0042490743873662,1.1705755014052504,0,Calm/Bull,0.9857
2026-04-23,sp500,-0.0041414321709399,0.0114661082730443,0.0096738627797715,0.0142408955404116,1.035377871974492,0.001897445655646,0.0037717780908217,1.1852667888798696,0,Calm/Bull,0.954
2026-04-24,sp500,0.0079420679176324,0.0103308816633312,0.0097237272395053,0.0077835863553731,0.9012042147565364,0.001092148453425,0.0050468535347638,1.0624405034068731,0,Calm/Bull,0.8914
2026-04-27,sp500,0.0012316180005498,0.0090202934937917,0.0097215577907151,0.0044633984582806,0.9401853445077896,0.0018139112355854,0.0059515960320939,0.9278650282166596,0,Calm/Bull,0.5776
2026-04-28,sp500,-0.0049061878687959,0.0090776831653811,0.0097268331551621,0.0052319855827481,0.968470965435508,0.0021063643779968,0.0059039643303219,0.9332619384515172,0,Calm/Bull,0.5094
2026-04-29,sp500,-0.0003992517435124,0.0074080066259323,0.0097060385717451,0.0052929208441029,1.0253289124100402,-5.463717301322299e-05,0.0044482570776563,0.7632368830160515,0,Calm/Bull,0.8539
2026-04-30,sp500,0.010186184168105,0.0074969891509961,0.0097171347402376,0.0129948743068637,1.1445589611966478,0.0028108860947957,0.0046004190358736,0.7715226094325829,1,Transition,0.6261
2026-05-01,sp500,0.0029240496865214,0.0074636946543569,0.0096914712030698,0.0059750314811235,0.9682769492721228,0.0018072824485735,0.0046906091133878,0.7701301998392966,0,Calm/Bull,0.8763
2026-05-04,sp500,-0.0040704624878409,0.0077170613397135,0.009559347325065,0.0097795260042356,1.0283587957695852,0.0007468663508954,0.0042662353324155,0.8072791036140199,0,Calm/Bull,0.8658
2026-05-05,sp500,0.0080872273805751,0.0077157443403542,0.0092938648066301,0.0054605931855386,1.0336544203069076,0.0033455494007696,0.0046326486997879,0.83019760894842,0,Calm/Bull,0.9455
2026-05-06,sp500,0.0144829443277469,0.0065584880284892,0.0094486772831612,0.0101940059266366,1.27968825244146,0.0063219886150215,0.0041181939983161,0.6941170527833858,1,Transition,0.5167
2026-05-07,sp500,-0.0038103454826786,0.0067707933864799,0.0094527101856493,0.008691435826849,1.1976279936307417,0.0035226826848647,0.0036201233807064,0.716280648988801,0,Calm/Bull,0.9226
2026-05-08,sp500,0.0083904054290319,0.0067535304555241,0.0095006688128077,0.0052074805736603,1.0094105547109546,0.0046159538333668,0.004096602137115,0.7108478980363774,0,Calm/Bull,0.9295
2026-05-11,sp500,0.0018781917406753,0.006616617072644,0.0092398242521084,0.0060395233776697,1.0974161312863246,0.0058056846790701,0.0036844179494617,0.7160977191892168,0,Calm/Bull,0.9532
2026-05-12,sp500,-0.0016038944114079,0.0064336154406896,0.0092471235143475,0.0095973746015581,1.0543725054372506,0.0038674603206735,0.0030185237830841,0.6957423495757801,0,Calm/Bull,0.9475
2026-05-13,sp500,0.0058322060629953,0.0063654858636278,0.0092653091777384,0.0114061398058904,1.0672014310498006,0.0021373126677231,0.0029129268406556,0.6870235781145864,0,Calm/Bull,0.9282
2026-05-14,sp500,0.0076264491437384,0.0064511616994064,0.0092849136465046,0.0083613126475179,0.9824208582363558,0.0044246715930066,0.0031639215070783,0.6948003982605755,0,Calm/Bull,0.9511
2026-05-15,sp500,-0.0124403817877303,0.0069846266534032,0.0094413867747067,0.0077411213681919,1.0466769501731206,0.0002585141496541,0.0019434747212549,0.7397882133284576,0,Calm/Bull,0.9596
2026-05-18,sp500,-0.0007359385925655,0.0069406944707222,0.0094155786963054,0.0109265963154174,1.0213870769555948,-0.000264311916994,0.0020255375871392,0.7371500674138781,0,Calm/Bull,0.9747
2026-05-19,sp500,-0.0067007205566705,0.0069622082415645,0.0093497110055444,0.0083822298957257,1.0097506818796542,-0.0012836771460465,0.0020089242383483,0.7446442181406355,0,Calm/Bull,0.9801
2026-05-20,sp500,0.0107342080663259,0.0069834124081854,0.0093943943330237,0.0105247267522374,0.9948849114311014,-0.0003032767453804,0.0020253468410877,0.7433595142623487,0,Calm/Bull,0.9509
2026-05-21,sp500,0.0017138609316666,0.0068323786626847,0.0093516689727049,0.0102716699341293,1.0040823106025654,-0.0014857943877947,0.0023181114962181,0.730605272986742,0,Calm/Bull,0.9706
2026-05-22,sp500,0.0037200452843409,0.0067136617366789,0.0093175747851096,0.0057576713252679,0.9110984356052568,0.0017462910266194,0.0021070103645535,0.7205374672611204,0,Calm/Bull,0.9871
2026-05-26,sp500,0.0060896806231471,0.0067679863146553,0.0093075856328354,0.0050524190997975,1.0045261671092187,0.003111414869762,0.0023499134956833,0.7271473593301304,0,Calm/Bull,0.9839
2026-05-27,sp500,0.0001648655536186,0.00657405100099,0.0093080955423116,0.0041221431638344,1.0039571276639825,0.0044845320918198,0.0026034661668041,0.7062724024594016,0,Calm/Bull,0.978
2026-05-28,sp500,0.0057372272122164,0.0065697316673989,0.0092110484317068,0.0080226262682602,0.995253813395389,0.0034851359209979,0.0029102901145905,0.7132447208489493,0,Calm/Bull,0.9749
2026-05-29,sp500,0.0021699047314878,0.0063430965743874,0.0091776453698868,0.0047268857829666,1.3963369984198055,0.0035763446809622,0.0025094761427597,0.6911464017993154,0,Calm/Bull,0.9791
2026-06-01,sp500,0.0026218560604907,0.0063424169428474,0.0091280937814816,0.0072434977620538,1.152126104678047,0.0033567068361921,0.0024943664614581,0.6948238147721967,0,Calm/Bull,0.9818
2026-06-02,sp500,0.001291254912588,0.0061610486908642,0.0089094418433381,0.0049817036811889,1.0270210942163802,0.0023970216940803,0.0027624523314796,0.6915190422923174,0,Calm/Bull,0.9896
2026-06-03,sp500,-0.0073993488920674,0.0064241697026636,0.0089527684746397,0.0071660278900941,0.9967244488736688,0.0008841788049431,0.0019881235178474,0.7175623630680479,0,Calm/Bull,0.9874
2026-06-04,sp500,0.0040467623691873,0.0057436506049309,0.0089427110981739,0.0107656334871532,0.9449007282017492,0.0005460858363373,0.0014663144199195,0.6422717386122161,0,Calm/Bull,0.9776
2026-06-05,sp500,-0.0268013303153608,0.0084964024991771,0.009673972198035,0.0234542616999186,0.984131677768596,-0.0052481611730324,0.0003167651782854,0.8782744383845684,1,Transition,0.9868
2026-06-08,sp500,0.0029737052076611,0.0083097814414519,0.0094212881343031,0.0096790155690652,0.8652167899587668,-0.0051777913435983,4.593016721686606e-05,0.8820217918180216,0,Calm/Bull,0.9838
2026-06-09,sp500,-0.0025797185926219,0.0083178314646077,0.0093828549465067,0.0332085326813265,1.0592456565547548,-0.0059519860446403,-0.0001769653494479,0.8864925986844255,1,Transition,0.9205
2026-06-10,sp500,-0.016332095868206,0.0090688773889529,0.0096045539251123,0.017975788957935,0.928468239734948,-0.007738535439868,-0.0009133754222878,0.9442268177849684,0,Calm/Bull,0.8483
2026-06-11,sp500,0.0173671989134648,0.0098533187844415,0.009823870789483,0.0210094399415301,1.0018123695215655,-0.0050744481310125,-0.0003366257797644,1.0029975959160642,1,Transition,0.6557
2026-06-12,sp500,0.0050129281271614,0.0097590324435456,0.0096247928730291,0.012566862663547,0.5335882789018851,0.0012884035574919,-0.0004673018305932,1.0139472685061774,0,Calm/Bull,0.9987
2022-03-16,dax,0.0369229136178751,0.029690667852224,0.0196790456762335,0.0256108646611914,0.999676931708758,0.008383530901226,-0.0032029453712449,1.508745309132623,2,Stress/Bear,1.0
2022-03-17,dax,-0.0036547288168463,0.0296661185799782,0.0195902161177975,0.018438208277222,0.6940905459482891,0.0136014244545741,-0.0029668113560057,1.5143333999785142,2,Stress/Bear,1.0
2022-03-18,dax,0.0017381445010632,0.0295479462502783,0.0195448918581404,0.0210433576683087,1.2561548991754783,0.0112004426846181,-0.002137168335553,1.511798912203835,2,Stress/Bear,1.0
2022-03-21,dax,-0.005993054728312,0.0292354827667335,0.0194930241356319,0.0105423576614717,0.485335837384618,0.0056325671536037,-0.0013909257483079,1.4997920570617376,2,Stress/Bear,1.0
2022-03-22,dax,0.010154921014784,0.0293466565621415,0.0195338702211927,0.0113775750803427,0.5600712911832707,0.0078336391177127,-0.0007536256501989,1.5023472680955343,2,Stress/Bear,1.0
2022-03-23,dax,-0.0131831230504814,0.0294706409599365,0.0195500229458626,0.0219047564352217,0.5401708780360617,-0.0021875682159585,-0.001202582028606,1.5074478961761726,2,Stress/Bear,1.0
2022-03-24,dax,-0.0006905627259295,0.0279917457063597,0.0195388090781105,0.0131709937925041,0.5757779673318585,-0.0015947349977751,0.0007826584054394,1.4326229195677551,2,Stress/Bear,1.0
2022-03-25,dax,0.0022372458709628,0.0267462523914608,0.0195394243716027,0.012627808210444,0.5622394777441037,-0.0014949147237952,-0.0009056140324274,1.3688352268110788,2,Stress/Bear,0.9995
2022-03-28,dax,0.0077715007907761,0.0267686680727828,0.0195330236207673,0.0177341419011775,0.5629014095581437,0.0012579963800224,-0.0001511491736016,1.3704313573000857,2,Stress/Bear,0.9995
2022-03-29,dax,0.0275661543228249,0.0257861704547414,0.0198576765184769,0.0250696197118374,0.8094429734204893,0.0047402430416305,0.0031881110024736,1.2985492250691153,2,Stress/Bear,0.9999
2022-03-30,dax,-0.0145640790272328,0.0260693608110803,0.0198948675506985,0.0129295471328868,0.6428846176873624,0.0044640518462803,0.0021185300616046,1.3103560878024054,2,Stress/Bear,0.9997
2022-03-31,dax,-0.0131838251762157,0.0257228635232867,0.0198908048181413,0.0227523700766575,0.750788271329636,0.001965399356223,0.0025486460842903,1.2932037571363766,2,Stress/Bear,0.9994
2022-04-01,dax,0.0021988308203777,0.023159796336668,0.0198875417169882,0.0071248971486621,0.6461714987743464,0.001957716346106,0.0049127733150269,1.1645379135463765,2,Stress/Bear,0.9742
2022-04-04,dax,0.0049494716511547,0.0224040982177585,0.0198643513436342,0.0138427115393463,0.654291010309148,0.0013933105181817,0.0061625857582702,1.127854508319408,2,Stress/Bear,0.9304
2022-04-05,dax,-0.0064818220010125,0.0225409697434547,0.0198084554085049,0.0177554044214346,0.7809776101545861,-0.0054162847465857,0.0058507311010554,1.137946865547958,2,Stress/Bear,0.9836
2022-04-06,dax,-0.0190843864155987,0.0160062542728568,0.019918864533714,0.0290234209680256,1.0681881583200097,-0.0063203462242589,0.0010849170768222,0.8035726256265829,1,Transition,0.9375
2022-04-07,dax,-0.0052101041508063,0.0143763334387392,0.0199179194132842,0.0174610534137493,0.8978028600424139,-0.004725602019177,0.0023116216984612,0.7217788736082031,1,Transition,0.9993
2022-04-08,dax,0.0144929434248144,0.0144086581286832,0.020010129151457,0.0100492408356953,0.8104138432090313,-0.0022667794982897,0.0023491162021598,0.7200682224299405,1,Transition,0.999
2022-04-11,dax,-0.0063835173594074,0.0137665704498171,0.0200081574449271,0.0143163953228585,0.7830571146547963,-0.0045333773004021,0.0009376241878514,0.6880478868536475,1,Transition,0.9998
2022-04-12,dax,-0.0047906528333429,0.013821589711826,0.0199826661936988,0.0207419840874715,1.1718371604418951,-0.0041951434668682,0.0007406134864723,0.6916789570445034,1,Transition,0.999
2022-04-13,dax,-0.0034402426542635,0.0108979766280796,0.0199760627367722,0.0098093036243584,0.9310246429661632,-0.0010663147146011,-0.0012775443271345,0.545551782234768,1,Transition,1.0
2022-04-14,dax,0.0061904080093687,0.011006756219855,0.0199741058293215,0.0113302861281285,1.018365079061292,0.0012137877174338,-0.0007852874858238,0.5510512617639878,1,Transition,1.0
2022-04-19,dax,-0.0007338019791681,0.0109907961087494,0.0198398189004323,0.0146529293197479,0.8779644453999537,-0.0018315613633626,-0.0009088848098353,0.5539766347620227,1,Transition,1.0
2022-04-20,dax,0.0146288231637755,0.011446587346871,0.0193380820485362,0.0147855548202151,0.9353257453067462,0.0023709067412739,0.0001222090847689,0.5919194736138502,1,Transition,0.9999
2022-04-21,dax,0.0097269157158899,0.0114272269447137,0.0193564134609744,0.0154126455812705,0.9720862845844828,0.0052744204511205,0.0001008088198242,0.590358692624168,1,Transition,0.9999
2022-04-22,dax,-0.0251594071510342,0.0124297878484467,0.019377713816203,0.016290370472672,1.018100309109512,0.0009305875517663,-0.0004980053852033,0.6414475911009335,1,Transition,0.9989
2022-04-25,dax,-0.0155292727360613,0.0128767138814212,0.019446953632623,0.0125135096276918,1.0482755195654438,-0.0034133485973196,-0.0012399408857099,0.6621455537293017,1,Transition,0.9996
2022-04-26,dax,-0.0121219746356772,0.0130714713813839,0.0194356111880774,0.026399359275519,1.1904368362272224,-0.0056909831286214,-0.0019579019110419,0.6725526280028971,1,Transition,0.9979
2022-04-27,dax,0.0027251976692821,0.012921627735573,0.0193845604051154,0.0205328922240326,1.5687428152255167,-0.0080717082275201,-0.0022102170671166,0.6665937976165338,1,Transition,0.7804
2022-04-28,dax,0.0133868842092204,0.0115142600224397,0.0194294630296986,0.0180652859768209,1.1394141896239245,-0.007339714528854,-0.0029191805727968,0.5926185404527013,1,Transition,0.9994
2022-04-29,dax,0.0084081425153404,0.0114370219109088,0.0194737700809188,0.0105313513660665,1.172905072180383,-0.0006262045955791,-0.0017705694956682,0.5873039408078095,1,Transition,0.9998
2022-05-02,dax,-0.0113287121221941,0.0113467536434061,0.0194269709083263,0.018507724185784,0.9895686370697502,0.0002139075271943,-0.0016778138429671,0.5840722002905244,1,Transition,0.9999
2022-05-03,dax,0.0071769180858607,0.0114899644603071,0.0193440950333277,0.0114456195865771,0.9873506146456736,0.0040736860715019,-0.0014289094796929,0.5939778749283013,1,Transition,0.9999
2022-05-04,dax,-0.0049017379984426,0.0114130370010873,0.01931895953607,0.0073431510430501,0.816830532959769,0.0025482989379569,-0.0019214699621728,0.5907687202190302,1,Transition,0.9999
2022-05-05,dax,-0.0049008061707906,0.0113852293764856,0.019317710157797,0.0329192241177057,0.9771997663308571,-0.0011092391380452,-0.0018424191706617,0.5893674396957619,1,Transition,0.988
2022-05-06,dax,-0.0165526546962464,0.0111959358759196,0.0192803078517201,0.0189625789673009,1.1015004135141608,-0.0061013985803626,-0.0017158325846941,0.580692796091468,1,Transition,0.9998
2022-05-09,dax,-0.0217063079094191,0.0120425420371736,0.0194424891439091,0.0237081155579052,0.9452904410756874,-0.0081769177378076,-0.0025406427726247,0.6193930184575324,1,Transition,0.9995
2022-05-10,dax,0.0114486083951929,0.0118333299275858,0.0195232277028686,0.0151801924070682,0.9641721109641612,-0.0073225796759411,-0.0026928595241058,0.6061154491297102,1,Transition,0.9998
2022-05-11,dax,0.0214820477284807,0.0129625106117956,0.0196096079357417,0.0231794339292598,1.197165938876519,-0.0020458225305564,-0.0012995812697114,0.6610285455105611,1,Transition,0.9961
2022-05-12,dax,-0.0064567184796965,0.0129914478765652,0.0194229658627456,0.0239256269159056,1.2250137981818248,-0.0023570049923376,-0.0013828845520291,0.6688704479208082,1,Transition,0.9989
2022-05-13,dax,0.0207652599784043,0.0138863600371691,0.019642393420747,0.0170025618534452,1.0001472597839918,0.0051065779425924,-0.0001726094203957,0.7069586551759917,1,Transition,0.9991
2022-05-16,dax,-0.0045405266548959,0.0138347806723211,0.0196260315885512,0.0127574167673401,0.7561956815047843,0.0085397341934971,-0.0007091561536089,0.7049199228025086,1,Transition,0.999
2022-05-17,dax,0.0157415702249209,0.0143153871305903,0.019670254852408,0.0102995903390536,0.7923392634176842,0.0093983265594427,0.0001146124565955,0.7277682591305022,1,Transition,0.999
2022-05-18,dax,-0.0126399185003985,0.0141579666975279,0.0195567236241616,0.0162002840780354,0.774648127221761,0.0025739333136668,-0.0012488246266132,0.7239436916742139,1,Transition,0.9994
2022-05-19,dax,-0.0089968117045359,0.0140123027305251,0.0195839153988506,0.0143139079067002,0.9172587054710152,0.0020659146686989,-0.0021850109976344,0.7155005750968224,1,Transition,0.9997
2022-05-20,dax,0.0071497290632298,0.0130538730039679,0.0196067401671302,0.0155315084865516,0.9256075745890004,-0.0006571915143359,-0.0005695541869212,0.6657849745901225,1,Transition,0.9999
2022-05-23,dax,0.0137437330702467,0.0129287520813936,0.0189876054211599,0.0134980892983484,0.6842790808217079,0.0029996604306926,0.0008940961033941,0.6809048215730104,1,Transition,0.9996
2022-05-24,dax,-0.0181994004922224,0.013316386298113,0.0185367542669163,0.0135045164020546,0.8141137495999357,-0.003788533712736,0.0005902248105668,0.718377451972785,1,Transition,0.9995
2022-05-25,dax,0.0063148805429036,0.0133707576051159,0.0185385329518551,0.0130004489644537,0.7653881618054241,2.426095924376419e-06,0.0007697089542479,0.721241407820131,1,Transition,0.9998
2022-05-26,dax,0.0158194887688653,0.0135019938148859,0.017943882275975,0.0160329753134615,0.7037376659669642,0.0049656861906046,0.0008913391822301,0.7524566650196799,1,Transition,0.9984
2022-05-27,dax,0.0160946229694829,0.0138325632382159,0.0180398869843156,0.0149818191738249,0.8908660799444963,0.0067546649718552,0.0012756632049372,0.7667766017737461,1,Transition,0.9989
2022-05-30,dax,0.0078373133010504,0.0135748886922179,0.0178225292755988,0.0054795708157496,0.6969220397334918,0.0055733810180159,0.0022339644760995,0.7616701581634426,1,Transition,0.9992
2022-05-31,dax,-0.0129561763412953,0.013930872512478,0.0168706590482563,0.0130452901415601,1.799521553635839,0.0066220258482013,0.0012273097547417,0.8257456020319398,2,Stress/Bear,0.9971
2022-06-01,dax,-0.0033332331957797,0.013898930828809,0.016644140272638,0.0111216883000408,0.8360093399525135,0.0046924031004647,0.0013057349948748,0.8350645092590384,1,Transition,0.9992
2022-06-02,dax,0.0100397710177989,0.0139492057407705,0.0166751414106808,0.0068856792783891,0.629156290899807,0.0035364595502514,0.0020527638543043,0.836526983323556,1,Transition,0.9986
2022-06-03,dax,-0.0017329320658704,0.0132867467809197,0.0135365085424602,0.0101520672605606,0.6022047764922142,-2.9051456819250864e-05,0.0027937499858231,0.9815490264157106,1,Transition,0.655
2022-06-06,dax,0.0133079106159592,0.0121464964026328,0.0130256606036148,0.01099510106327,0.5097570193897264,0.0010650680061625,0.004544460912092,0.9325052120014532,1,Transition,0.9295
2022-06-07,dax,-0.0066544595754609,0.0122787206526381,0.012965116855809,0.0090921233687502,0.7086209532586453,0.0023254113593294,0.0036393075135593,0.947058232424386,1,Transition,0.7056
2022-06-08,dax,-0.0076289973930372,0.0117670622057647,0.0127217813067972,0.015475544887226,0.8728228466599637,0.0014662585198779,0.0021837552574834,0.9249539763333045,1,Transition,0.6906
2022-06-09,dax,-0.0172594433810205,0.0124146699084107,0.0129283463816475,0.0164662354893414,0.9458652916410204,-0.0039935843598859,0.0016436190124172,0.9602674264694812,1,Transition,0.9197
2022-06-10,dax,-0.031258616713241,0.0135917008830165,0.0126512696337661,0.0269804800046323,1.3040931604805577,-0.00989872128936,-0.000957574822165,1.0743349305227357,2,Stress/Bear,0.5692
2022-06-13,dax,-0.0246289637684415,0.0145769684425041,0.0130159307684229,0.0200319594940214,1.3092485372824765,-0.0174860961662402,-0.0019619966778422,1.119932850124576,2,Stress/Bear,0.9344
2022-06-14,dax,-0.0091758302284953,0.0140391397278232,0.0130510686863446,0.0207397479171399,1.1182094414036683,-0.0179903702968471,-0.003207866700513,1.075708056192554,1,Transition,0.6787
2022-06-15,dax,0.0135054351051763,0.0143289242296167,0.0131752596667517,0.0154538325433739,1.1440293764224547,-0.0137634837972043,-0.0019005990202343,1.0875629469206118,2,Stress/Bear,0.5498
2022-06-16,dax,-0.0336936944104094,0.0159456167896457,0.0137491234827513,0.0333942157737,1.4515209094312351,-0.0170503340030821,-0.003135443155528,1.1597551516392988,2,Stress/Bear,0.9968
2022-06-17,dax,0.0067090157914879,0.0159309531452766,0.0137082843579552,0.016553098698116,2.471081488005556,-0.0094568075021364,-0.0031574788191151,1.162140551602403,2,Stress/Bear,1.0
2022-06-20,dax,0.0105594029188002,0.015768230848233,0.0137949321230214,0.0120024523015135,0.7114429682226128,-0.002419134164688,-0.0033166953266874,1.1430451928007996,1,Transition,0.9792
2022-06-21,dax,0.0020182837824895,0.0154078488692233,0.0137940307327002,0.0128320943490237,0.8472558171905781,-0.000180311362491,-0.0023058111129518,1.116993949614548,1,Transition,0.8684
2022-06-22,dax,-0.0112057689095613,0.0153899806693459,0.0138018282478095,0.0182908395799236,0.988183361828206,-0.0051225521654386,-0.003181843585575,1.1150682643647862,1,Transition,0.9671
2022-06-23,dax,-0.0177839114950892,0.0150366025795638,0.0134172198465247,0.0160866045523037,1.254208290983218,-0.0019405955823745,-0.0048620135987728,1.1206943578150106,1,Transition,0.8005
2022-06-24,dax,0.0157924416252628,0.0150145723325333,0.0135187568222822,0.019503512441222,1.191035048780321,-0.0001239104156196,-0.0048771226659838,1.1106474160246531,1,Transition,0.9316
2022-06-27,dax,0.0051657591005142,0.0149070029399332,0.0134640933286884,0.0190776754825908,0.8514187619564395,-0.0012026391792768,-0.0050107003760106,1.1071672318380577,1,Transition,0.9823
2022-06-28,dax,0.0034635653834173,0.0148985308217809,0.0134709463835452,0.010397668263,0.7955926079424607,-0.0009135828590912,-0.004189713289775,1.1059750664570585,1,Transition,0.973
2022-06-29,dax,-0.017417571888454,0.0151860088783935,0.0135993353499232,0.0142732904607661,0.9147590251587436,-0.0021559434548697,-0.0048939302244087,1.116672873169446,1,Transition,0.977
2022-06-30,dax,-0.017030625576495,0.0149900424319604,0.0137279870316311,0.0150777123702693,1.4257379991469754,-0.0020052862711509,-0.0062474500541234,1.0919330268466454,2,Stress/Bear,0.8624
2022-07-01,dax,0.0022862822818845,0.0150804196522043,0.0135536678952546,0.02116200526152,0.9813768458289354,-0.0047065181398265,-0.0060464893367356,1.1126449141847643,1,Transition,0.9827
2022-07-04,dax,-0.0030993345391231,0.0144032070990758,0.0135470248148802,0.0139407356653978,0.6361526603045584,-0.006359536867754,-0.0068668515944897,1.0632007614878791,1,Transition,0.9905
2022-07-05,dax,-0.0295700508264962,0.0152707650670328,0.0138496289866737,0.0386486817012812,1.071389605449909,-0.0129662601097367,-0.0080126311570415,1.1026118520378094,2,Stress/Bear,0.9586
2022-07-06,dax,0.0154685036268288,0.0161494188214198,0.0140280760928728,0.0126610594824075,0.922390454014824,-0.0063890450066802,-0.0068577561060482,1.1512212162596407,1,Transition,0.8722
2022-07-07,dax,0.0195542628493148,0.0169781718003076,0.014295264144593,0.0135526428744739,0.9228682968687456,0.0009279326784817,-0.0050170707945314,1.187678074960884,1,Transition,0.9304
2022-07-08,dax,0.0133042218750523,0.0162621076184111,0.0144213289600841,0.019387292351899,0.8812980648926962,0.0031315205971153,-0.0027889288651168,1.1276427896085002,1,Transition,0.9807
2022-07-11,dax,-0.0141438729253231,0.015679550062683,0.0144809737155119,0.0125182461837784,0.6639420015035937,0.0009226129198753,-0.0022646743229609,1.082769043761687,1,Transition,0.9714
2022-07-12,dax,0.0056756903887706,0.0156866930629417,0.0145114206644671,0.0194042290051797,0.7866793576122778,0.0079717611629287,-0.0015220982920976,1.08098947895242,1,Transition,0.9672
2022-07-13,dax,-0.0116252041216002,0.0154239099790016,0.0144111376396055,0.0177700667989948,0.7687422091614925,0.0025530196132428,-0.0027786302534364,1.070277056865565,1,Transition,0.9772
2022-07-14,dax,-0.0187266383306897,0.0141559734707449,0.0144874601589014,0.0282531412313071,0.902927267245792,-0.005103160622758,-0.0020302774494504,0.9771190612763972,1,Transition,0.9726
2022-07-15,dax,0.027188438530702,0.0154984343735193,0.0146717631437113,0.0266410383958732,1.0364229963607428,-0.002326317291628,-0.0010063063124897,1.0563443685472984,1,Transition,0.7322
2022-07-18,dax,0.0073643374026903,0.0153890246545977,0.0146003014856786,0.0114615911797628,0.8158083954474095,0.0019753247739746,-0.0011660595882952,1.0540210193394104,1,Transition,0.8381
2022-07-19,dax,0.026543180791123,0.0165866273777745,0.0149587823789644,0.0393217928160441,0.9718979049369968,0.006148822854445,6.018526213644026e-05,1.1088220255880743,2,Stress/Bear,0.9991
2022-07-20,dax,-0.0019879133463264,0.0163839338651677,0.0149536563899945,0.0203486602354517,0.9958966706769418,0.0080762810094998,0.0005210780402981,1.0956473412168382,1,Transition,0.9785
2022-07-21,dax,-0.002664355783513,0.0158344673810265,0.0148417977930581,0.016675145870942,1.172987505668989,0.0112887375189351,0.0012770558258769,1.0668833790764,1,Transition,0.9547
2022-07-22,dax,0.0005313173127366,0.0154614825203861,0.0147928437413925,0.0147808303236542,1.028842074599719,0.0059573132753421,0.0005139996102506,1.0452001515518408,1,Transition,0.9261
2022-07-25,dax,-0.0032768601722135,0.015443034971284,0.0147342309081359,0.0140192829824693,0.7714224632188599,0.0038290737603613,9.18686466143016e-05,1.0481059423845998,1,Transition,0.842
2022-07-26,dax,-0.0086205382322624,0.015540262935678,0.0147286911388376,0.0118760688782616,0.7954450804506079,-0.0032036700443157,-0.0005123365341696,1.0551014200236972,1,Transition,0.9558
2022-07-27,dax,0.0052887742125475,0.015062296368467,0.0147435396899836,0.0087055149712888,1.0847404009111583,-0.0017483325325409,0.0006229807708803,1.0216200915917066,1,Transition,0.9447
2022-07-28,dax,0.0087514414888187,0.0145670301373126,0.0147874185625079,0.0149170483882624,1.0369957089091664,0.0005348269219254,0.001912084124146,0.985096220529388,1,Transition,0.9341
2022-07-29,dax,0.0150894475403607,0.0148626621609781,0.0147789142097915,0.0129367980847162,1.1512579126550304,0.0034464529674502,0.0025522423870698,1.0056667188128854,1,Transition,0.9646
2022-08-01,dax,-0.0003278426361544,0.0148200545373951,0.0145076672147318,0.007813221642813,0.7947056745428226,0.004036256474662,0.0026908169822183,1.021532567437592,1,Transition,0.8781
2022-08-02,dax,-0.0022600090953606,0.0128134417116254,0.0144340370178353,0.0110906339472876,0.8060350095913718,0.0053083623020423,0.0040563190687751,0.8877240439242727,1,Transition,0.9943
2022-08-03,dax,0.0102349973901442,0.012620096987455,0.0142203814523132,0.0152146872056175,0.9147211150639558,0.0062976069375617,0.0037946437569408,0.8874654333131163,1,Transition,0.9967
2022-08-04,dax,0.0055133686543944,0.0120760772589738,0.0142164102847089,0.0120261598801022,0.9402149571635754,0.0056499923706768,0.0030925990471948,0.8494463100831308,1,Transition,0.9968
2022-08-05,dax,-0.0065169869631832,0.0120070682776337,0.0139721481508243,0.0096302050748706,0.9161643356763838,0.001328705469968,0.002101538605283,0.8593573549336638,1,Transition,0.9794
2022-08-08,dax,0.0083459018226118,0.0114455536336443,0.0140087359893656,0.0103041517330488,0.7593055892829796,0.0030634543617213,0.0032260273426798,0.8170297193360574,1,Transition,0.9979
2022-08-09,dax,-0.0112202337654659,0.0118708693867449,0.0139164767704305,0.0170580272787308,0.758031827529817,0.0012714094277002,0.0023812311349679,0.8530082421412806,1,Transition,0.9973
2022-08-10,dax,0.0121870045474199,0.0115827802304724,0.0139270425747883,0.0189665505135087,0.8434905177215057,0.0016618108591553,0.003571841568419,0.8316755095902681,1,Transition,0.9985
2022-08-11,dax,-0.0004686854542709,0.0103910162871824,0.0138809400084722,0.0074548009017642,0.826140548538508,0.0004654000374223,0.0044847392122399,0.7485816004420623,1,Transition,0.9998
2022-08-12,dax,0.0073727885052265,0.0089582101031996,0.0138829788829708,0.0078306357706369,0.8983112323762309,0.0032433551311042,0.0034939567109661,0.6452657011664819,1,Transition,1.0
2022-08-15,dax,0.0015037230387191,0.0089207176963557,0.0137636818050578,0.0088285379442726,0.5917732054424965,0.0018749193743257,0.0032009259927676,0.6481345487860348,1,Transition,1.0
2022-08-16,dax,0.0067451241870924,0.0071085834314946,0.01359344415475,0.0088338477149933,0.8109267900735637,0.0054679909648374,0.002211023162566,0.5229420410728424,1,Transition,1.0
2022-08-17,dax,-0.0205848068150842,0.0087203144072897,0.013822910146387,0.0234928228259197,0.9245107666735104,-0.0010863713076634,0.0012811784891281,0.6308595161901556,1,Transition,0.9996
2022-08-18,dax,0.0051749408792347,0.0087098105608844,0.0136779812816515,0.0100383940052536,0.795548878324147,4.2353959037723726e-05,0.0016731433222655,0.6367760257552311,1,Transition,1.0
2022-08-19,dax,-0.0112247724037853,0.0091751878836134,0.0135658112592792,0.0099412469930613,1.1107959052031555,-0.0036771582227646,0.0010853388364394,0.6763464202951709,1,Transition,0.9999
2022-08-22,dax,-0.0234519181517105,0.0106676933169368,0.0138158113943853,0.0242635427067876,1.1394342350560882,-0.0086682864608506,7.658593746462296e-05,0.7721365768840864,1,Transition,0.9958
2022-08-23,dax,-0.0027504363767785,0.0104951696030327,0.0137364011448355,0.0107485871399164,0.902501174055972,-0.0105673985736248,0.0003700910302388,0.7640407041387746,1,Transition,0.9996
2022-08-24,dax,0.001955692146694,0.0104392688032451,0.0137410412204124,0.0116043468211371,0.8051384238829896,-0.0060592987812691,0.0002034369269461,0.7597145395166628,1,Transition,0.9999
2022-08-25,dax,0.0039181955881296,0.0102857882700916,0.0136775751056243,0.0115702255555669,0.7366053454202502,-0.0063106478394901,-3.8225368088311934e-05,0.7520184090133111,1,Transition,0.9999
2022-08-26,dax,-0.0229012267770762,0.0108381809151809,0.0139549890609205,0.0335397283024606,1.20753686549298,-0.0086459387141483,-0.0019377590839601,0.7766527704082618,1,Transition,0.9055
2022-08-29,dax,-0.0060685383073087,0.0108692731373143,0.0138227655683136,0.0142728356963593,0.976821732597142,-0.0051692627452679,-0.0022247938675178,0.7863312940957569,1,Transition,0.9997
2022-08-30,dax,0.0052718519020184,0.0109977100087981,0.0138423901797128,0.0207597726587597,1.1180692974516395,-0.0035648050895085,-0.0018482008176489,0.7944950161075649,1,Transition,0.9993
2022-08-31,dax,-0.0097829280978038,0.0107482268656505,0.0138601892595325,0.0160289139487874,1.4599872769564537,-0.0059125291384081,-0.0028490970920463,0.7754747546652937,1,Transition,0.9542
2022-09-01,dax,-0.0160795108768367,0.0109466736778761,0.0138389499972508,0.0110425321935002,1.0865871458494103,-0.0099120704314014,-0.0039287410686078,0.7910046412517365,1,Transition,0.9972
2022-09-02,dax,0.0327156033714633,0.0136418720412398,0.0140061185614951,0.02418038540272,1.1826651063316338,0.0012112955983064,-0.0019671115518755,0.9739937571814792,1,Transition,0.7373
2022-09-05,dax,-0.0224323612880707,0.0141440259118352,0.013945743465877,0.0164707551573084,1.0934189015270095,-0.0020614689978459,-0.0035060247074096,1.014218133758401,1,Transition,0.9706
2022-09-06,dax,0.0086345108409535,0.0142703021558004,0.0139550296593795,0.0130327293915831,0.9307194328557244,-0.0013889372100588,-0.0025132874770887,1.0225920334185028,1,Transition,0.8696
2022-09-07,dax,0.0034535721783759,0.0139262722847557,0.0138433057974492,0.0168706179433724,1.1541813310697304,0.001258362845177,-0.0029499590955409,1.0059932568506715,1,Transition,0.9098
2022-09-08,dax,-0.0009023457780928,0.0139225427456509,0.0131493160420731,0.0247940370019004,1.2076264488678958,0.0042937958649258,-0.0029716421117319,1.058803568269535,1,Transition,0.9579
2022-09-09,dax,0.0141496587351702,0.0142657892820929,0.0132500149640266,0.0149416590119014,1.1390022660862609,0.0005806069376672,-0.0026327986002348,1.0766621261050724,1,Transition,0.8725
2022-09-12,dax,0.0237122386400706,0.0154221839545698,0.013534243840117,0.0205756021382805,1.1006536559299975,0.0098095269232955,-0.0015223728201672,1.1394935791578331,1,Transition,0.8734
2022-09-13,dax,-0.0160446880120822,0.0156198402097895,0.0136924213579761,0.028936317355504,1.107538943149338,0.0048736871526883,-0.0026618634301259,1.1407653768039083,1,Transition,0.6629
2022-09-14,dax,-0.0122784851933866,0.0152236079149611,0.0137078198296703,0.0184779297474669,1.0064392501750627,0.0017272756783358,-0.002246547349041,1.110578349009946,1,Transition,0.9608
2022-09-15,dax,-0.0054909336942938,0.0151365122038258,0.0135304806385608,0.0142150589178767,1.074662712796352,0.0008095580950956,-0.0027798410777175,1.1186973033824,1,Transition,0.8963
2022-09-16,dax,-0.0167644257621286,0.0153483813443868,0.0135415474631666,0.0091129412395905,2.211272006136183,-0.0053732588043641,-0.0030568237456346,1.1334289073043429,2,Stress/Bear,1.0
2022-09-19,dax,0.0048527542431921,0.0146582601324864,0.0135393934624986,0.0203120883553189,0.748395221430873,-0.0091451556837398,-0.0016415901258895,1.0826378724487769,1,Transition,0.9764
2022-09-20,dax,-0.0103957747710395,0.014787816573034,0.0135889154186116,0.0235462541994446,0.9408368711545714,-0.0080153730355313,-0.0020238570456025,1.0882264049403352,1,Transition,0.9762
2022-09-21,dax,0.0075729889760717,0.0149201308756124,0.0134507994474372,0.0196575348019155,0.8236253302171553,-0.0040450782016396,-0.0017429922041337,1.1092374794462594,1,Transition,0.9149
2022-09-22,dax,-0.0186196575205265,0.0153159202438569,0.0134858071773375,0.0203444580740187,0.973325204440342,-0.0066708229668861,-0.0028698848595665,1.1357066019448117,1,Transition,0.9771
2022-09-23,dax,-0.0199427341728969,0.0151253720896251,0.0137160319025051,0.0277177593691586,1.2509048732600394,-0.0073064846490398,-0.0027219602293575,1.1027513057083664,1,Transition,0.8545
2022-09-26,dax,-0.0045912494560383,0.0151117700283521,0.013721801791878,0.0150876220611289,0.9615001333830802,-0.0091952853888859,-0.002648095786794,1.10129633539065,1,Transition,0.9795
2022-09-27,dax,-0.0072424548577408,0.0150254143381028,0.0132199256812018,0.0226043984119741,1.115414654721967,-0.0085646214062261,-0.003273811124782,1.1365732834238502,1,Transition,0.9587
2022-09-28,dax,0.0035851419981988,0.0150179538410597,0.0130669735433706,0.0275402244639349,1.3466348788046942,-0.0093621908018007,-0.0026054076199818,1.1493062101345528,1,Transition,0.6373
2022-09-29,dax,-0.0171974874449941,0.0150727265988233,0.0129694598157671,0.0234084535686848,1.2092237693468155,-0.0090777567866942,-0.0026613064483897,1.1621707313129002,1,Transition,0.8874
2022-09-30,dax,0.0115244998677347,0.0130662539720616,0.0129378014772645,0.0135260443180448,1.2080406895883706,-0.0027843099785679,-0.0037208616235761,1.0099284638910953,1,Transition,0.9215
2022-10-03,dax,0.0078211827459007,0.0125260729902571,0.0128758175016932,0.0273500324894813,0.8615357637899715,-0.0003018235381801,-0.0022081844218775,0.9728371024682428,1,Transition,0.9686
2022-10-04,dax,0.0370621778126186,0.0151576596644821,0.0137523190428918,0.0248111459861643,1.0664867043537525,0.0085591029958917,-0.0007868010732943,1.102189355643013,2,Stress/Bear,0.6963
2022-10-05,dax,-0.0121728396586457,0.0153293494825238,0.0137601381142579,0.0164988868423959,0.8318855783335676,0.0054075066645228,-0.0015681216651454,1.114040379190664,1,Transition,0.9667
2022-10-06,dax,-0.0037137459370882,0.0153358118948866,0.0135546362423072,0.0177478933372299,0.7222453917552772,0.008104254966104,-0.0017086916730952,1.1314071156716008,1,Transition,0.9312
2022-10-07,dax,-0.0159866021669399,0.0151753212787848,0.0132253121311703,0.0183271968956245,0.7743214789429889,0.002602034559169,-0.0032155047182007,1.1474452268705724,1,Transition,0.9541
2022-10-10,dax,-4.8537812328272925e-06,0.0138271225377337,0.0131824993335542,0.0192456075759274,0.9280149456170272,0.0010368272537423,-0.0044013593392658,1.0488999231381475,1,Transition,0.972
2022-10-11,dax,-0.0043024620348174,0.0135532977543535,0.0126859331318349,0.0131315401178371,0.8796467673321319,-0.0072361007157448,-0.0038142480404026,1.068372157846389,1,Transition,0.8896
2022-10-12,dax,-0.0039348387480683,0.0134066678816367,0.012689895336066,0.0159378787288014,0.9117591958230262,-0.0055885005336293,-0.0033970657181367,1.0564837239857725,1,Transition,0.656
2022-10-13,dax,0.0149482161673731,0.0140043475807478,0.0128639398548106,0.0306590661449936,1.1836557932170542,-0.001856108112737,-0.0023751082250533,1.088651512585449,1,Transition,0.7723
2022-10-14,dax,0.0066332030317095,0.0137133013280091,0.0129016069307767,0.0225465493674505,1.1548503032244624,0.0026678529269928,-0.0012052267853614,1.0629142091824368,1,Transition,0.9056
2022-10-17,dax,0.0168395617585175,0.0142436857934597,0.0131028056628213,0.0252003322574366,0.7965940973164992,0.0060367360349428,-0.0006058864095952,1.0870714379803066,1,Transition,0.8034
2022-10-18,dax,0.0091743099999998,0.0142079111236565,0.0131224079999667,0.0145233489787511,0.9170270724333256,0.0087320904419063,0.0003726178289567,1.0827213361825452,1,Transition,0.7918
2022-10-19,dax,-0.0018975326864552,0.0141128044345237,0.0131021339160861,0.0089354776701582,0.879125008669395,0.0091395516542289,-0.0001009082541695,1.0771378559332785,1,Transition,0.7626
2022-10-20,dax,0.002038511282382,0.013425327156229,0.0130499458238179,0.0148471434686153,0.736783084133006,0.0065576106772307,0.0009320001859758,1.0287649724741414,0,Calm/Bull,0.5539
2022-10-21,dax,-0.0028637027154118,0.0125417553878605,0.0128875514192011,0.017859627649937,1.150408365629428,0.0046582295278064,0.00178595175885,0.973168213255356,1,Transition,0.8177
2022-10-24,dax,0.0156302040153191,0.0128127531084637,0.01306423149823,0.021116758629205,0.8830312954712846,0.0044163579791667,0.0027970244324179,0.9807506174549688,1,Transition,0.9831
2022-10-25,dax,0.0093525810750211,0.0126648718898644,0.0131264779050072,0.0202238013094342,0.9784118151734454,0.004452012194171,0.003626776229056,0.9648339776683946,1,Transition,0.9904
2022-10-26,dax,0.0108843974180343,0.0127683572598254,0.0131357425148445,0.0136285570651608,0.948737373573257,0.0070083982150689,0.0039917390000478,0.9720316339480656,1,Transition,0.924
2022-10-27,dax,0.0011679385624161,0.011786955508721,0.013114056841266,0.0149456324889306,1.0554057216583852,0.0068342836710758,0.0049100103004183,0.8988031431761843,1,Transition,0.9948
2022-10-28,dax,0.0024267743984353,0.0116934318968516,0.013096016273384,0.0150574028642071,0.9552035984975308,0.0078923790938452,0.0044551240269533,0.8928999210711928,1,Transition,0.9939
2022-10-31,dax,0.0007857590792373,0.0116926645234736,0.0130466113262713,0.0068365135725985,0.8817287165796043,0.0049234901066288,0.0041033528436202,0.8962223393540277,1,Transition,0.8372
2022-11-01,dax,0.0063928063860887,0.0087946652684951,0.0130002273020997,0.0117702269660667,0.7850366658545743,0.0043315351688424,0.0025698842722937,0.676500884494128,1,Transition,1.0
2022-11-02,dax,-0.0061664808001497,0.0083563683718369,0.012918455060157,0.0108299124369369,0.8356320620512048,0.0009213595252055,0.0028702022152185,0.6468550869994917,1,Transition,1.0
2022-11-03,dax,-0.0095919284107735,0.0086965741287445,0.0129710746791955,0.0130752607878655,0.803656172161037,-0.0012306138694323,0.0025762930915342,0.6704590285562888,1,Transition,1.0
2022-11-04,dax,0.024796959389233,0.0088940832361937,0.013344579204022,0.0259170684572157,1.1603186798629903,0.0032434231287271,0.0046154711693429,0.6664940947342207,1,Transition,0.9877
2022-11-07,dax,0.0054583853094492,0.0088283644791722,0.0133639486419555,0.0162780867296795,0.8702689834299415,0.0041779483747695,0.004888633123877,0.6606104764168268,1,Transition,0.9999
2022-11-08,dax,0.0114047912961526,0.0086648368797926,0.0134192743003844,0.0147347416902565,0.9301000229583988,0.0051803453567823,0.0056739957904255,0.6457008542961532,1,Transition,0.9999
2022-11-09,dax,-0.0016398928805775,0.0085452618215926,0.0131533602491884,0.0098080563017317,0.9828036648810736,0.0060856629406967,0.0057887430838,0.6496637862647999,1,Transition,1.0
2022-11-10,dax,0.0345038150433863,0.010535520946072,0.0138724220122286,0.0394384877225624,1.7284497174180553,0.0149048116315287,0.0067665230276007,0.7594579329251198,2,Stress/Bear,1.0
2022-11-11,dax,0.0055529130802089,0.0105390091266521,0.0138002232978944,0.0064015072643576,1.5357070253557112,0.0110560023697239,0.0067125085300257,0.7636839563501939,1,Transition,0.8652
2022-11-14,dax,0.0061979984525114,0.0102659091532397,0.0134426951567763,0.0131227655878127,1.0604943796658377,0.0112039249983363,0.0061804303647253,0.763679383748041,1,Transition,0.9992
2022-11-15,dax,0.0045455531871306,0.010247020523939,0.0134383319901634,0.0121264549946161,1.1319424409665924,0.0098320773765319,0.0059489925240819,0.7625217572716347,1,Transition,0.9994
2022-11-16,dax,-0.0100991187758889,0.0107302763500982,0.0135202433264879,0.0131593472317215,1.0964142958537926,0.0081402321974696,0.0055389132196102,0.7936452097038964,1,Transition,0.9984
2022-11-17,dax,0.0022701163309763,0.010726424130137,0.0135163664016396,0.0164610676064307,0.8320838059749256,0.0016934924549876,0.0055504934720399,0.7935878483462722,1,Transition,0.9994
2022-11-18,dax,0.0115325749226139,0.0106145165699991,0.0132029013009329,0.0109168049613536,1.326219495935446,0.0028894248234686,0.0062703073539412,0.8039533378356092,1,Transition,0.9945
2022-11-21,dax,-0.0036048242908625,0.010593201697997,0.013181898567777,0.0072399763993978,0.6911165048229706,0.0009288602747938,0.0053085559386321,0.8036172971237975,1,Transition,0.9986
2022-11-22,dax,0.0029455969167769,0.0105612984793027,0.0131749905194367,0.0098243652057495,0.7338687967663827,0.0006088690207231,0.0049882067307199,0.8016171597028411,1,Transition,0.9983
2022-11-23,dax,0.0003632752464624,0.0105140750571367,0.0130888905248101,0.0057404121822798,0.7528088820311152,0.0027013478251934,0.0044621506221413,0.8032823742552595,1,Transition,0.9919
2022-11-24,dax,0.0077308459059219,0.0105082640660596,0.0128924852525186,0.0084706937410589,0.7558907992430824,0.0037934937401825,0.0047902959893166,0.815068922728209,1,Transition,0.9862
2022-11-25,dax,0.0001251893877302,0.0105480374342546,0.0122624499488503,0.0050621297397989,0.7011934251775938,0.0015120166332058,0.0046752167387813,0.8601900499698745,1,Transition,0.84
2022-11-28,dax,-0.0109263628346239,0.0110867001755967,0.0119633386626901,0.0097737993548724,0.8127050832065471,4.770892445352184e-05,0.0040896106430883,0.9267229231061224,1,Transition,0.7865
2022-11-29,dax,-0.0019423326500653,0.0111520340297459,0.0119417514814395,0.007163138510179,0.7786696572159588,-0.0009298769889149,0.0036728536912806,0.9338692106496258,0,Calm/Bull,0.5339
2022-11-30,dax,0.0028929579606595,0.0109127676541479,0.0119406698576047,0.0086392676880128,1.4407716813495954,-0.0004239404460755,0.004125825629321,0.9139158677264592,1,Transition,0.6289
2022-12-01,dax,0.0064568139629783,0.010430370845991,0.0119501364538048,0.0096554355766152,0.9026745785888776,-0.0006787468346642,0.0049282627480086,0.8728244138727038,1,Transition,0.9377
2022-12-02,dax,0.0026940238251144,0.009326983528364,0.0118426557229189,0.0146028103732366,0.8217260687290416,-0.0001649799471873,0.0038231159698027,0.7875753333193364,1,Transition,0.9636
2022-12-05,dax,-0.0056444431098549,0.0095522296713696,0.0115216146584673,0.0078068300790173,0.749414572479646,0.0008914039977664,0.0032679745488375,0.8290703998115099,0,Calm/Bull,0.6316
2022-12-06,dax,-0.0072537322264857,0.009626575725786,0.0113525903194091,0.0115901852652612,0.767854641790003,-0.0001708759175176,0.0023350483727056,0.847962927837512,0,Calm/Bull,0.7617
2022-12-07,dax,-0.0057334032173422,0.0097581549044122,0.0112499268044097,0.0108104525099156,0.8025981867461549,-0.001896148153118,0.0021303728558673,0.8673971905832504,0,Calm/Bull,0.8534
2022-12-08,dax,0.0002362174975709,0.0060959210219285,0.0112137804633136,0.0071533956978851,0.7591023134555854,-0.0031402674461995,0.0004169929785766,0.543609805976821,1,Transition,0.9993
2022-12-09,dax,0.007414674850307,0.0061919360863413,0.0109744405911473,0.0116633233930999,0.8786047876966919,-0.0021961372411609,0.0005100810670815,0.5642142790709668,1,Transition,0.9959
2022-12-12,dax,-0.0044697262002438,0.0061353910192478,0.0109994152492119,0.007254681215119,0.7936352160840142,-0.0019611938592387,-2.3305165556237107e-05,0.5577924717122958,1,Transition,0.996
2022-12-13,dax,0.0132800393550336,0.0067570913338195,0.010977300042959,0.0257519969063385,1.172582610693363,0.0021455604570651,0.0004134191428389,0.6155513019937552,1,Transition,0.9998
2022-12-14,dax,-0.0026030359467559,0.0063382023331532,0.0109721961290872,0.0065552369802755,1.044244062034955,0.0027716339111823,0.0007882232842955,0.5776603205579468,1,Transition,0.9911
2022-12-15,dax,-0.0333267537225047,0.0098983309565865,0.0115892838924374,0.0272074934191692,1.4903550698007089,-0.0039409603328327,-0.0009916202183784,0.8540934063273498,1,Transition,0.5124
2022-12-16,dax,-0.0066831305221479,0.0095159406099837,0.0112896097419172,0.0141091585114656,2.7021619136154977,-0.0067605214073237,-0.0019024054906165,0.8428936719266752,2,Stress/Bear,1.0
2022-12-19,dax,0.003578097743428,0.0095836136345805,0.0112573573652787,0.0053303453216841,0.7815349302773437,-0.0051509566185893,-0.001543259388902,0.851320014423584,1,Transition,0.7423
2022-12-20,dax,-0.0041836300432277,0.0095403513894467,0.0112207958194133,0.0100665415098103,0.8921482614429506,-0.0086436904982416,-0.0018997207369022,0.8502383915533703,1,Transition,0.7523
2022-12-21,dax,0.0152355528121833,0.0102771719559469,0.0113446163242834,0.0133056085243674,0.7137539398391751,-0.0050759727464538,-0.0011561068586162,0.9059074068418088,1,Transition,0.6213
2022-12-22,dax,-0.0131196168160447,0.0103852008979029,0.011236723136805,0.0194285404668498,0.6908755682580967,-0.0010345453651618,-0.0021986299947145,0.9242197010164804,1,Transition,0.7568
2022-12-23,dax,0.001928514329531,0.0104142264558857,0.0111742241762385,0.0090510238792135,0.4694979183670535,0.0006877836051739,-0.0021084637476245,0.9319865336182376,0,Calm/Bull,0.9291
2022-12-27,dax,0.003878145257677,0.0102797491544656,0.0111530205723944,0.0069159950099721,0.3848830018495324,0.0007477931080237,-0.0013682383430094,0.9217009049467516,0,Calm/Bull,0.9666
2022-12-28,dax,-0.004978395633902,0.0103110425690782,0.0102113277741771,0.0074574605250811,0.4713714206959768,0.0005888399898889,-0.0015200414922013,1.0097651154782448,0,Calm/Bull,0.9961
2022-12-29,dax,0.0104382453309551,0.010614572579501,0.0101121418931966,0.0142412880555186,0.5569347184835594,-0.0003706215063567,-0.0011427771236865,1.0496858817460335,0,Calm/Bull,0.9948
2022-12-30,dax,-0.0105825774043802,0.0106562382807116,0.0102157119127033,0.0062067270613973,0.4566994979730778,0.0001367863759761,-0.0019947466920544,1.0431224345178056,0,Calm/Bull,0.9895
2023-01-02,dax,0.0104077461804388,0.0109698511635818,0.0100012475886516,0.008491543162377,0.668814242644855,0.0018326327461577,-0.0016090605742882,1.096848274812164,0,Calm/Bull,0.9983
2023-01-03,dax,0.0079580212572381,0.0111270378315531,0.0100232698955071,0.014815628393551,1.0990037085147806,0.0026486079460699,-0.0009289373559336,1.1101205442488102,0,Calm/Bull,0.9947
2023-01-04,dax,0.0215623238115387,0.0120890206639636,0.0102825631331916,0.0157466098965539,1.4126768311035922,0.0079567518351581,0.0005118654459676,1.1756816376785295,2,Stress/Bear,0.4186
2023-01-05,dax,-0.0037660731031315,0.0120434473335089,0.0102807013176985,0.0067793739215916,1.121109124997758,0.0051158881483407,0.0006102319516781,1.1714616504591815,0,Calm/Bull,0.9955
2023-01-06,dax,0.0119610317247542,0.0123067697567523,0.0102281851954422,0.0151437169215796,1.012170616875262,0.0096246099741676,0.0011964726630373,1.2032212481092277,0,Calm/Bull,0.9183
2023-01-09,dax,0.0124350466005668,0.0124901105177162,0.0102923269323417,0.013809345189267,1.1731294118284283,0.0100300700581932,0.0014474912505503,1.2135361225718906,0,Calm/Bull,0.889
2023-01-10,dax,-0.0012331454747913,0.0124302325258858,0.0101405002252228,0.0066384254543699,1.0268573359339106,0.0081918367117873,0.0016093202868229,1.2258007247973546,0,Calm/Bull,0.9937
2023-01-11,dax,0.0116620374570261,0.0123553173610055,0.0101729172010081,0.011404904793077,1.1882886750920922,0.0062117794408848,0.0015284201919225,1.2145304160915662,0,Calm/Bull,0.993
2023-01-12,dax,0.0073578200378655,0.012380748032143,0.0101732678308105,0.0106599357095102,1.1746548472640663,0.0084365580690842,0.0020264629911536,1.2169883107419035,0,Calm/Bull,0.9871
2023-01-13,dax,0.0018722775871715,0.0091783520070807,0.01017349707729,0.0060457921224686,1.205761794768042,0.0064188072415677,0.0037864145566374,0.902182596343328,0,Calm/Bull,0.9412
2023-01-16,dax,0.0031449150945529,0.0088453716387448,0.0101465209871199,0.0045757775069484,0.8631837011845566,0.0045607809403649,0.0042778168374724,0.8717639918128828,0,Calm/Bull,0.958
2023-01-17,dax,0.0034979146141551,0.0088457236421822,0.0100081056665526,0.0122314417331766,1.1764261381987482,0.0055069929581542,0.0042738076810088,0.8838559400651504,0,Calm/Bull,0.7054
2023-01-18,dax,-0.0003470993714996,0.0086929441716959,0.0099767821139,0.0061567603530208,1.1807222737851706,0.0031051655924491,0.0044656342145952,0.8713174320590381,0,Calm/Bull,0.9119
2023-01-19,dax,-0.017370582414515,0.0095791701003734,0.0102385863175639,0.0152677801261109,1.2751846504233846,-0.001840514898027,0.0028353274532603,0.9355949936116404,0,Calm/Bull,0.5963
2023-01-20,dax,0.0075582600168408,0.0088550212109276,0.0102624949804301,0.0062360480604428,1.2462996552735592,-0.0007033184120931,0.0038692212949046,0.8628526715787492,0,Calm/Bull,0.818
2023-01-23,dax,0.0046050951599655,0.0088443665532786,0.0102673296109001,0.0081487597395505,0.7683397185301769,-0.0004112823990106,0.0040030503364263,0.8614086513682323,0,Calm/Bull,0.8808
2023-01-24,dax,-0.000651730319789,0.0089055245062227,0.0102723376224673,0.0082753248148132,0.9085046496219684,-0.0012412113857994,0.003776556557553,0.8669423488130733,0,Calm/Bull,0.8807
2023-01-25,dax,-0.0007602849188502,0.0087355989391709,0.0102639557139046,0.0095984103187346,0.98323678152737,-0.0013238484952695,0.0039874620933056,0.8510947613829624,0,Calm/Bull,0.7982
2023-01-26,dax,0.0033897650584943,0.0086028259474295,0.0102083405338511,0.0054728828104319,1.1058363934236468,0.0028282209993322,0.0036350380796825,0.8427252126731386,0,Calm/Bull,0.9493
2023-01-27,dax,0.0011346784699686,0.0079584783497242,0.0100914807991468,0.0071861319893453,0.9571073367240844,0.0015435046899578,0.0042209008734,0.7886333540264063,0,Calm/Bull,0.8766
2023-01-30,dax,-0.0015821187087907,0.0079193976167533,0.0096640828615207,0.0113770284740772,0.932982881329897,0.0003060619162065,0.0036214076289385,0.8194670648247246,0,Calm/Bull,0.9125
2023-01-31,dax,0.0001447364201902,0.0078868610511669,0.0096556855012884,0.0094280368628992,0.9743665815313712,0.0004653552642024,0.0032307433870861,0.8168100597429899,0,Calm/Bull,0.9676
2023-02-01,dax,0.0034623866599074,0.0066073141253537,0.0095766865711486,0.0075430949912248,0.9913795685538872,0.0013098895799539,0.0023257465295045,0.6899373887059624,0,Calm/Bull,0.9692
2023-02-02,dax,0.021405244587293,0.0076938547489396,0.0098962728621856,0.0165489073987191,2.026243278598256,0.0049129854857137,0.0035843124140258,0.7774497385109976,2,Stress/Bear,0.9935
2023-02-03,dax,-0.0021145779410517,0.0075292915811065,0.0089482997681729,0.0083229512822674,1.2351926819235124,0.0042631342035096,0.0028805319307355,0.8414214740420878,0,Calm/Bull,0.9872
2023-02-06,dax,-0.0084692020179361,0.0075838912806147,0.0090233950484388,0.0085598946991424,0.8892846318922932,0.0028857175416805,0.0018353194998103,0.8404698275874405,0,Calm/Bull,0.9904
2023-02-07,dax,-0.0016324029325455,0.0075929135362456,0.009007440783654,0.0058619705631758,0.9188782750946636,0.0025302896711334,0.0018153566269226,0.8429601391357014,0,Calm/Bull,0.9965
2023-02-08,dax,0.0059330620440656,0.0073044748360435,0.0090181231604961,0.0074097992648431,1.0074183312306038,0.003024424747965,0.0015289078562746,0.8099772764293973,0,Calm/Bull,0.9938
2023-02-09,dax,0.0072001879600026,0.0072979364725066,0.0089282462021048,0.008949683007945,1.087685093021108,0.0001834134225069,0.0015210262523814,0.8173986589646419,0,Calm/Bull,0.9929
2023-02-10,dax,-0.0139755545937325,0.0080766088817821,0.0091464756030082,0.0157820178047449,1.0802255877487388,-0.0021887819080291,0.0007286346433362,0.8830296206252142,0,Calm/Bull,0.9559
2023-02-13,dax,0.0058204654024422,0.0081406420616568,0.0090662104524803,0.0067108411330183,0.6356334772390628,0.0006691515760464,0.0008624121587307,0.8979101140796579,0,Calm/Bull,0.9987
2023-02-14,dax,-0.0010904106790648,0.0081271022146426,0.0090499887884301,0.0103969010697541,0.9308097564194296,0.0007775500267426,0.0006329958940697,0.8980234566735255,0,Calm/Bull,0.9973
2023-02-15,dax,0.0081446160749908,0.0082933213687735,0.0090925422720815,0.0084829844043124,0.815557925637618,0.0012198608329276,0.0010575816663942,0.9121014915969184,0,Calm/Bull,0.998
2023-02-16,dax,0.0017590096496958,0.0070688423543599,0.0090921303527989,0.0139613202118612,1.0971499673660383,0.0001316251708663,0.0020140612696048,0.7774682148264401,0,Calm/Bull,0.9619
2023-02-17,dax,-0.0033299133430264,0.0070385944370678,0.0090702159564881,0.0138418682784846,1.1631129461236736,0.0022607534210075,0.0014696526016114,0.7760117808477317,0,Calm/Bull,0.9558
2023-02-20,dax,-0.0002874844996922,0.0070088443574441,0.0090710830367096,0.0061799439725292,0.5577054608701193,0.0010391634405806,0.0012250236186285,0.7726579427263753,0,Calm/Bull,0.9962
2023-02-21,dax,-0.0051776146504165,0.0071443812126469,0.0089723717974636,0.011937531184272,0.7815441270822095,0.0002217226463102,0.0009987294020971,0.7962645077488394,0,Calm/Bull,0.9872
2023-02-22,dax,0.0001473840756203,0.0071354966619978,0.0089642734011838,0.0104598202845786,0.9106175382943068,-0.0013777237535638,0.0010441128518207,0.7959927528599811,0,Calm/Bull,0.9926
2023-02-23,dax,0.0049100896791641,0.0071698163481638,0.008974619079724,0.0076765431065745,0.8596073394645928,-0.0007475077476701,0.0011201290828542,0.7988992384492675,0,Calm/Bull,0.9942
2023-02-24,dax,-0.0173344058696606,0.0082724442950304,0.0092596595386971,0.0241936736931142,2.2089260914098197,-0.003548406252997,0.0001966748658727,0.8933853626538814,2,Stress/Bear,1.0
2023-02-27,dax,0.0112248898144461,0.0086160492921127,0.0093541295427998,0.0084146721162847,0.9145295773380951,-0.0012459313901693,0.0008370252920345,0.9210957847750576,0,Calm/Bull,0.9936
2023-02-28,dax,-0.0010596330542604,0.0086253461452651,0.009318005308522,0.0100057817821808,1.4185897335512427,-0.000422335070938,0.000776806818312,0.925664437792986,0,Calm/Bull,0.9972
2023-03-01,dax,-0.0039204357459107,0.0086622647205077,0.0092776520907766,0.0146833848678627,1.0806893556815806,-0.0012358990352443,0.0004076656980211,0.9336699237859264,0,Calm/Bull,0.9933
2023-03-02,dax,0.0014768630543143,0.0071305481295333,0.0092344767344602,0.0116534653269793,0.9806253444708724,-0.0019225443602142,-0.0005887533786277,0.772165909837027,0,Calm/Bull,0.9777
2023-03-03,dax,0.0162269633371345,0.0080448388069643,0.0094347135406722,0.0115833664059493,1.0591618983539104,0.0047897294811447,0.0003283236852815,0.852685009702063,0,Calm/Bull,0.8903
2023-03-06,dax,0.0048149748871777,0.007825663953258,0.0094128872321074,0.0057590285169639,1.082207745846819,0.0035077464956911,0.0009925325305372,0.8313776379434993,0,Calm/Bull,0.9902
2023-03-07,dax,-0.0060263195982847,0.0079636938788174,0.0094315362235035,0.0104308935960985,1.0596365991996886,0.0025144091868862,0.0007728366972502,0.8443686892673735,0,Calm/Bull,0.9857
2023-03-08,dax,0.0046384562760879,0.0079247091017785,0.0093122590792287,0.0091070582403299,0.9953615469686125,0.0042261875912859,0.0007081064088513,0.8509974899060566,0,Calm/Bull,0.9896
2023-03-09,dax,8.57086402768453e-05,0.0077762416098632,0.0092998391761131,0.0084384411265905,0.9242804665295492,0.0039479567084784,0.000352382442865,0.8361694716008365,0,Calm/Bull,0.9889
2023-03-10,dax,-0.0132154170243827,0.0077040496873805,0.0083439609685815,0.0116340800219467,1.7033493394312735,-0.001940519363825,0.0003903893213325,0.9233084522314364,0,Calm/Bull,0.9837
2023-03-13,dax,-0.0308375522714257,0.0102756824514357,0.0092820565703689,0.0366569905650665,2.161691021426317,-0.0090710247955457,-0.0014425115623608,1.1070480311700284,2,Stress/Bear,1.0
2023-03-14,dax,0.0181084464066879,0.0111683045969095,0.0095305153593788,0.0210335432734268,1.3492074256572606,-0.0042440715945511,-0.0004825687080731,1.1718468703708669,0,Calm/Bull,0.505
2023-03-15,dax,-0.0332097270483614,0.0131409745188748,0.0105090486783837,0.0368680141555656,1.952959209708174,-0.011813708259441,-0.0025502858642407,1.250443776695487,2,Stress/Bear,1.0
2023-03-16,dax,0.0156111876004143,0.0137318185319441,0.0105177867184551,0.023661207426967,1.6718686893978476,-0.0087086124674135,-0.0018576769667048,1.3055806225704791,2,Stress/Bear,0.9996
2023-03-17,dax,-0.013378199102217,0.0139702701471126,0.010523720500368,0.0310701764513689,2.366738331648173,-0.0087411688829803,-0.0023600912546644,1.3275029631035906,2,Stress/Bear,1.0
2023-03-20,dax,0.011122734211361,0.014288717928782,0.0106042058036092,0.0349579293608769,1.3010228126592522,-0.000349111586423,-0.0017895803191117,1.347457621382522,2,Stress/Bear,0.9867
2023-03-21,dax,0.0173898237165773,0.0148856837611977,0.0108047789566896,0.0129756835913148,0.9561919751882748,-0.0004928361244451,-0.000661208400762,1.377694427703349,0,Calm/Bull,0.6596
2023-03-22,dax,0.0013712292026797,0.0148916969636803,0.0107725799919961,0.0086447419063485,0.8265780048072657,0.0064233551257631,-0.000600016144409,1.382370516138625,0,Calm/Bull,0.9465
2023-03-23,dax,-0.0003812969650474,0.0148355489919619,0.0107104120417469,0.0108873335769219,0.8143392156213355,0.0032248582126707,-0.0008645854766196,1.3851520309523189,0,Calm/Bull,0.9806
2023-03-24,dax,-0.0167838975412302,0.0148038599586402,0.0108559243123102,0.0217841183102549,1.7481391906039667,0.002543718524868,-0.0008370600601981,1.3636664675206964,2,Stress/Bear,0.999
2023-03-27,dax,0.0113313313321704,0.0148084429538571,0.0108698568845678,0.0109256211322064,0.8642582084513769,0.0025854379490299,-0.0008317379843119,1.3623401955623702,0,Calm/Bull,0.9602
2023-03-28,dax,0.0009474719070787,0.0148136173125902,0.0108336982792706,0.0104167392219034,0.7010210217591323,-0.0007030324128697,-0.0007313827362449,1.3673647660037591,0,Calm/Bull,0.9573
2023-03-29,dax,0.012258495484282,0.015069838971814,0.0105997976492772,0.010145590743413,0.7820183358750049,0.0014744208434507,7.756382526468821e-05,1.421710061874778,0,Calm/Bull,0.9179
2023-03-30,dax,0.0125520421030655,0.0153252843650349,0.0106860747770951,0.0071979519517471,0.7346482710961019,0.0040610886570732,0.0006313227777022,1.4341359839520864,0,Calm/Bull,0.8034
2023-03-31,dax,0.0068337482907098,0.014961805635921,0.0106189249886076,0.0101875589073985,0.817637312496824,0.0087846178234613,0.000161662025381,1.4089755462038396,0,Calm/Bull,0.9189
2023-04-03,dax,-0.0030708316816251,0.0149366087315141,0.0105272582557998,0.0067678429308884,0.6660325745115434,0.0059041852207022,-0.0002326283030591,1.418850793679823,0,Calm/Bull,0.9088
2023-04-04,dax,0.0014462241443289,0.0148773990878871,0.010523889187129,0.0086621233646137,0.606996182564615,0.0060039356681522,0.0001409988840715,1.4136788047979896,0,Calm/Bull,0.9587
2023-04-05,dax,-0.0053528446240263,0.0148861768404885,0.0104582827612472,0.0093046762359515,0.7315781292118511,0.0024816676464905,-0.0003585661609341,1.423386341747103,0,Calm/Bull,0.964
2023-04-06,dax,0.0049951628885976,0.0149342891487406,0.0104369331766198,0.0059239033425432,0.586443076190276,0.0009702918035969,-0.0001130934485181,1.4309078055798508,0,Calm/Bull,0.8952
2023-04-11,dax,0.0036655827213205,0.0146287135781415,0.0104432427480189,0.0064023254099241,0.603436101801749,0.0003366586897191,0.000730956538767,1.4007826813100337,0,Calm/Bull,0.9021
2023-04-12,dax,0.0030887516778932,0.0126020564372614,0.0104430148071155,0.0101301664638742,0.6527597086027692,0.0015685753616227,0.0024272717362329,1.2067450511201825,0,Calm/Bull,0.995
2023-04-13,dax,0.0016454241330992,0.0120494271408288,0.0104370859318052,0.0050758159497067,0.5473607051809989,0.0016084153593768,0.0016041206225535,1.1544819329416771,0,Calm/Bull,0.9986
2023-04-14,dax,0.0049491262601629,0.0088405922723466,0.0104514567044121,0.0051336020283093,0.8398514136913869,0.0036688095362147,0.0035120632879797,0.8458717786789017,0,Calm/Bull,0.9599
2023-04-17,dax,-0.001137431482918,0.0084173021782158,0.0101831157008889,0.0087950759004603,0.6726140121252642,0.0024422906619115,0.0026746323338131,0.8265939841458395,0,Calm/Bull,0.9762
2023-04-18,dax,0.0058814933192678,0.0075401113906558,0.0101669432131242,0.0071480597403296,0.7746850310576656,0.002885472781501,0.0036376169548873,0.7416301274234067,0,Calm/Bull,0.9029
2023-04-19,dax,0.0007886163572757,0.0073519150400186,0.0101554020674628,0.0049650159107951,0.7038755979883686,0.0024254457173775,0.0031209110621831,0.723941306427801,0,Calm/Bull,0.937
2023-04-20,dax,-0.0062623622472346,0.0068188403666627,0.0101952372525848,0.0094365571024007,0.9666425591688642,0.0008438884413107,0.0019383017639925,0.668826060416983,0,Calm/Bull,0.7976
2023-04-21,dax,0.0054101673020991,0.0068608412977714,0.0102107655834395,0.0121391615968202,1.0043228863202152,0.0009360966496979,0.0021402486689634,0.6719223198012476,0,Calm/Bull,0.6738
2023-04-24,dax,-0.0011157424650908,0.0068769945941903,0.0102084236292705,0.0055478453414147,0.6699146727523104,0.0009404344532634,0.0021035263939613,0.6736588178484214,0,Calm/Bull,0.8861
2023-04-25,dax,0.0005154819159133,0.0052785151131655,0.0102083785143675,0.0061063574424534,0.9535083424612392,-0.0001327678274074,0.0029684953668185,0.5170767429652448,1,Transition,0.6654
2023-04-26,dax,-0.0048250536308058,0.0051664028819806,0.0102296383625352,0.008335111816954,1.0793889587965813,-0.0012555018250237,0.0021606761186696,0.5050425732450089,1,Transition,0.711
2023-04-27,dax,0.0002987529820634,0.0051764472043815,0.0102295103796777,0.0096553938923689,1.150031902320763,5.672122083584044e-05,0.0021282401724189,0.5060307885962234,1,Transition,0.7361
2023-04-28,dax,0.0076872263689131,0.0047922741405103,0.0102631607601387,0.014709482041081,1.3125699189626716,0.0005121330341986,0.0018996767166504,0.4669394012732522,1,Transition,0.9825
2023-05-02,dax,-0.0123504666421151,0.0051038627665089,0.0100369181737565,0.0193305091339397,1.1483699047176257,-0.0017348118012062,0.0006545512793914,0.5085089544571492,1,Transition,0.9861
2023-05-03,dax,0.0055874307194835,0.0050315428529435,0.0100556280157905,0.0077710370622443,0.9034800035941912,-0.0007204220404921,0.0005922354008301,0.5003708216973038,1,Transition,0.7525
2023-05-04,dax,-0.00512337916996,0.0051301563947167,0.0100150266267763,0.0085412226097765,1.181302849454443,-0.000780087148323,0.0004896080264133,0.5122459066659564,1,Transition,0.5275
2023-05-05,dax,0.0143102261080087,0.005990658651447,0.0101700341730559,0.0128795226456251,1.0076518229003868,0.002022207476866,0.0011328081245973,0.5890500021443839,1,Transition,0.9142
2023-05-08,dax,-0.0005132225290897,0.0058099119420859,0.0101476483073562,0.0039159024609784,0.6057964617554099,0.0003821176972654,0.0013747892293442,0.572537770931042,0,Calm/Bull,0.5881
2023-05-09,dax,0.0001661254128262,0.0057515866980689,0.0101103718256121,0.0052057690796388,0.8959855661070414,0.0028854361082537,0.0011333373555556,0.5688798391666249,1,Transition,0.5199
2023-05-10,dax,-0.0037203695874876,0.0058171833991328,0.0099476130690954,0.0085636580999573,0.997226707174226,0.0010238760468595,0.0007640397401152,0.5847818324584103,0,Calm/Bull,0.7121
2023-05-11,dax,-0.0038649974521424,0.0058784118857377,0.0099405147248174,0.0136268707121354,1.0013992788768775,0.001275552390423,0.0004163522836134,0.5913589032831224,1,Transition,0.6243
2023-05-12,dax,0.004970927503231,0.0059614524407183,0.0099552074754058,0.0053984621268168,0.9215223572660072,-0.0005923073305325,0.00058262745212,0.598827543820257,0,Calm/Bull,0.7082
2023-05-15,dax,0.0002148795440303,0.0058722705235834,0.0099054305563798,0.0067762610485117,0.792526761326675,-0.0004466869159085,0.0003459151163134,0.5928334452661669,0,Calm/Bull,0.7625
2023-05-16,dax,-0.0012139208618881,0.0058733122527823,0.009906135477324,0.0066700533432271,0.9507389052577369,-0.0007226961708513,0.0003420906473648,0.592896419216843,0,Calm/Bull,0.7702
2023-05-17,dax,0.0033514259524086,0.005774131032949,0.0099012041389076,0.0081886205026762,1.31124087260938,0.0006916629371278,0.0002155872790219,0.5831746272414552,0,Calm/Bull,0.7065
2023-05-18,dax,0.0132066556556587,0.0064652931906032,0.0100354142570902,0.009962068796971,1.0606087992820017,0.0041059935586881,0.000836489243941,0.6442477634677958,1,Transition,0.6418
2023-05-19,dax,0.006906555293001,0.0063742132420849,0.010036254317196,0.0078855806277083,1.2835252535209742,0.0044931191166421,0.0014949351209528,0.6351187445662309,0,Calm/Bull,0.6282
2023-05-22,dax,-0.0031625038321064,0.0063853016031734,0.0100496829339277,0.0044113276021246,0.7850658702106449,0.0038176424414147,0.0010663015642425,0.6353734386601031,0,Calm/Bull,0.7143
2023-05-23,dax,-0.0043938799458497,0.0064855483532979,0.0100580462570906,0.0049737224244762,0.8183930872280426,0.0031816506246224,0.0009023946902046,0.6448119433459397,0,Calm/Bull,0.7346
2023-05-24,dax,-0.0194243058923197,0.0079217545557892,0.0101250035074074,0.0132829164422076,0.9509802910359264,-0.0013734957443232,-9.459470020700376e-05,0.782395240652872,0,Calm/Bull,0.6076
2023-05-25,dax,-0.0030553940535913,0.0078758866366942,0.0100403893501596,0.009250440754076,0.9598874814639222,-0.0046259056861732,-6.11172134627597e-06,0.7844204404851135,0,Calm/Bull,0.9417
2023-05-26,dax,0.0119688823283637,0.0083194767042618,0.0101476960081154,0.0176332672168801,0.8453291398347018,-0.0036134402791007,0.0005773947459687,0.8198389760206224,1,Transition,0.5362
2023-05-29,dax,-0.0019563240776099,0.0081637203919858,0.0101358370025812,0.009685535807815,0.3763272804141881,-0.0033722043282014,9.521722364258068e-05,0.8054313018161992,0,Calm/Bull,0.9652
2023-05-30,dax,-0.0027506643895094,0.0076601376490216,0.0101449698575137,0.010621074913552,0.8640635413358443,-0.0030435612169333,0.0005752073362728,0.755067561225747,0,Calm/Bull,0.9324
2023-05-31,dax,-0.0155130067783118,0.0083550277780281,0.0101449105952607,0.0154864514590937,2.512600855991819,-0.0022613013941317,-0.0004798145386169,0.8235683991075496,2,Stress/Bear,1.0
2023-06-01,dax,0.0120340656736858,0.0087257601209084,0.0102442050817083,0.0081085253134319,0.8195579514792781,0.0007565905513236,0.0003780577035653,0.8517752281715609,0,Calm/Bull,0.967
2023-06-02,dax,0.0123851130082301,0.0085732683127394,0.0103295779940434,0.0092647078507172,1.4065019923891884,0.0008398366872969,0.0002818020485764,0.8299727556811411,0,Calm/Bull,0.9011
2023-06-05,dax,-0.0054562367203051,0.0086681176765978,0.0103435368366809,0.0116763156202814,0.91337393450914,0.0001398541587579,3.465133901569923e-05,0.8380226042081079,0,Calm/Bull,0.9603
2023-06-06,dax,0.001786862807888,0.0086769829742285,0.0103451306848091,0.0052350173504217,0.7549508132541379,0.0010473595982374,0.0001156882087687,0.8387504458469403,0,Calm/Bull,0.9737
2023-06-07,dax,-0.0019954852410745,0.0086453625834427,0.0101955639102457,0.006918971955589,0.9773155322368816,0.0037508639056848,0.0002019324260894,0.8479533510407296,0,Calm/Bull,0.9655
2023-06-08,dax,0.0018403706327475,0.0085981044106062,0.0093252788416956,0.0065697353179201,0.8624388949263276,0.0017121248974972,0.0004872008303339,0.92202115953487,0,Calm/Bull,0.9981
2023-06-09,dax,-0.0025122348000772,0.0085554338318708,0.0090645393763117,0.0046640358604697,0.8466179913627585,-0.0012673446641642,0.0001130427151685,0.9438354754383536,0,Calm/Bull,0.998
2023-06-12,dax,0.0092381843450504,0.0087956339364242,0.0079565912924772,0.0065070720062624,0.8870796741997552,0.0016715395489068,0.0005642079552195,1.105452525221478,0,Calm/Bull,1.0
2023-06-13,dax,0.0082162867341347,0.008946762064425,0.0077894117848877,0.0088862864357478,1.0389589873650409,0.0029574243341561,0.0010357183350206,1.1485799327983484,0,Calm/Bull,1.0
2023-06-14,dax,0.0049235952813715,0.0089750413483054,0.0075577545474304,0.0072847075863855,1.0990447577010325,0.0043412404386454,0.0011143268014688,1.1875274980128678,0,Calm/Bull,0.9999
2023-06-15,dax,-0.0012680581336934,0.0085207222660538,0.0074633884899342,0.0083529348783888,1.1573393375020875,0.0037195546853572,0.0003905911120012,1.1416694009089263,0,Calm/Bull,0.9999
2023-06-16,dax,0.0041356517277134,0.0084312552766107,0.0071741260730292,0.0092085396167797,2.8048233565980896,0.0050491319909153,0.0002520459337368,1.175230988525221,2,Stress/Bear,1.0
2023-06-19,dax,-0.0096091223663191,0.0086879856270493,0.0073091997269132,0.0069574923588138,0.6973835802450016,0.0012796706486414,-7.028499297379934e-05,1.1886370535284816,0,Calm/Bull,0.9999
2023-06-20,dax,-0.0055631757106529,0.0087224779294075,0.0073568026183723,0.007150264104868,0.9022597453633576,-0.001476221840316,-0.0001287497812139,1.1856343552870017,0,Calm/Bull,1.0
2023-06-21,dax,-0.0054888538975829,0.0075820188699373,0.0070324513625166,0.0089258783307943,0.8226923719049658,-0.0035587116761069,0.0005680228185228,1.0781473598736755,0,Calm/Bull,1.0
2023-06-22,dax,-0.0021848379387735,0.0075625962955509,0.0069162190096313,0.0111163192293906,0.8602198777733355,-0.003742067637123,0.0006115506242637,1.0934581864772392,0,Calm/Bull,1.0
2023-06-23,dax,-0.0099453473194119,0.0074165952947767,0.0070570711066636,0.0116247772420475,1.393090198899902,-0.0065582674465481,-0.000484160858125,1.050945240975912,0,Calm/Bull,0.9992
2023-06-26,dax,-0.0010669570506227,0.007409967212568,0.0068962970815953,0.0101941180070641,0.8991706201441253,-0.0048498343834088,-0.0004396925067756,1.074484919210274,0,Calm/Bull,1.0
2023-06-27,dax,0.0021352419194751,0.0074103084670827,0.0067170073073697,0.0086812346072347,0.781299363022719,-0.0033101508573832,-0.0001953971913264,1.1032157816699586,0,Calm/Bull,1.0
2023-06-28,dax,0.0064247357136881,0.0066033266293649,0.0067105146592449,0.0054818287980437,0.9217102678945448,-0.000927432935129,0.0009014899332735,0.984026854075587,0,Calm/Bull,1.0
2023-06-29,dax,-0.000142983037281,0.0060620353725906,0.0066959359369887,0.0049307872816956,0.7197026324325818,-0.0005190619548305,0.0002926374977252,0.9053305511935352,0,Calm/Bull,0.9998
2023-06-30,dax,0.0125368861412709,0.006078043718478,0.0068763298363844,0.0122399450876752,1.1370131743896794,0.003977384737306,0.0003002261543772,0.8839081113179793,0,Calm/Bull,0.9887
2023-07-03,dax,-0.0041490937392103,0.0060196338627077,0.0068604893522154,0.0086312703873842,0.6969063429837108,0.0033609573995885,0.000365583303432,0.8774350565479538,0,Calm/Bull,0.9991
2023-07-04,dax,-0.0026070901126777,0.0060451601157487,0.006847974690561,0.0050021584122366,0.5727880551829091,0.0024124909931579,0.0001458856574037,0.8827661299743341,0,Calm/Bull,0.9997
2023-07-05,dax,-0.0063540031768925,0.006202921668474,0.0068906371802669,0.0051181115389003,0.8966401628989032,-0.0001432567849581,-7.204023938718372e-05,0.9001956577016768,0,Calm/Bull,0.9996
2023-07-06,dax,-0.0260002237495375,0.0084632548090445,0.0076701889502259,0.0225655570561387,1.0692444305834004,-0.0053147049274094,-0.0014640699585014,1.1033958699016462,0,Calm/Bull,0.5871
2023-07-07,dax,0.0048092405943876,0.0085731604838459,0.0076938374054676,0.0131541840151279,0.8895661401525243,-0.0068602340367861,-0.0010979961887781,1.1142892723146802,0,Calm/Bull,0.9997
2023-07-10,dax,0.0044608409674802,0.008333210113024,0.007688626002296,0.0112740630192588,0.7098156533042109,-0.0051382470954479,-0.0013368633576567,1.0838360599846455,0,Calm/Bull,0.9999
2023-07-11,dax,0.0074486455278599,0.0082885413960874,0.0077494513669945,0.0094083185254433,0.8150279905347837,-0.0031270999673404,-0.0013752454179704,1.0695649283494906,0,Calm/Bull,0.9999
2023-07-12,dax,0.0146268392697266,0.0089353883196037,0.0079417888791569,0.0148536478811708,0.9715138031457556,0.0010690685219833,-0.0008900832185526,1.1251102812685574,0,Calm/Bull,0.9994
2023-07-13,dax,0.0073393043250991,0.0091215699938528,0.0079956090802765,0.0114447755577289,0.8817977045142058,0.0077369741369107,-0.000459715095613,1.1408224066824253,0,Calm/Bull,0.9991
2023-07-14,dax,-0.002230345697049,0.0090636613498414,0.0079567471969491,0.0048046907781856,0.9319020660978268,0.0063290568786233,-0.0007780149668511,1.1391164159792255,0,Calm/Bull,0.9996
2023-07-17,dax,-0.0022639555907691,0.0088328667698856,0.0079352368947248,0.0066626361088148,0.6914234936455018,0.0049840975669735,-0.0004107566280736,1.1131194804981122,0,Calm/Bull,0.9999
2023-07-18,dax,0.0035310712884596,0.0087876303332804,0.007944896804919,0.0067675389229324,0.8692723310999694,0.0042005827190934,4.395572188194145e-05,1.1060723064193485,0,Calm/Bull,1.0
2023-07-19,dax,-0.0010275071412576,0.0086959378303933,0.0079465941226146,0.0102812614121728,0.9634399794487196,0.0010697134368965,0.0002670230596982,1.094297468351409,0,Calm/Bull,1.0
2023-07-20,dax,0.0058979280581843,0.008763549730468,0.0079511729672759,0.0099016935994138,1.0136318688270431,0.0007814381835136,0.000671161359546,1.1021706818019803,0,Calm/Bull,1.0
2023-07-21,dax,-0.001667622361029,0.0084246814399441,0.0079557555391857,0.0048129021127256,1.1017564213390936,0.0008939828507176,0.0010850476074652,1.0589417181622398,0,Calm/Bull,0.9999
2023-07-24,dax,0.0008483933201479,0.0084098042494815,0.0078982594099797,0.005403650392324,0.8256771295109956,0.001516452632901,0.0011808151260037,1.0647667812550587,0,Calm/Bull,1.0
2023-07-25,dax,0.0012739526718618,0.0084068643504088,0.0077229202711581,0.0055694746741516,0.9097384020190884,0.0010650289095814,0.0011377506636231,1.0885602926401994,0,Calm/Bull,1.0
2023-07-26,dax,-0.0049550087108547,0.0084152948868949,0.0077252750055413,0.0131959610415279,1.2220716501628237,0.000279528595662,0.0005687634423959,1.089319782254821,0,Calm/Bull,0.9999
2023-07-27,dax,0.0168775071319243,0.0091666163648718,0.0079799743590583,0.0168938582149974,1.4966574094987584,0.00247544441041,0.0014197879508562,1.1487024835445163,0,Calm/Bull,0.925
2023-07-28,dax,0.0038764576403446,0.0088114920736948,0.0077897047377015,0.009332924755992,1.1032069322976077,0.0035842604106848,0.0009867665258099,1.131171510397296,0,Calm/Bull,1.0
2023-07-31,dax,-0.0013926067364686,0.008748262697186,0.0077925140927115,0.0061714019977016,0.9468826634623884,0.0031360603993614,0.001124590875947,1.1226495830618313,0,Calm/Bull,1.0
2023-08-01,dax,-0.0126307691995888,0.0092462529675126,0.0079750260144314,0.0117152139755636,0.9732006574747496,0.0003551160250713,0.0006234069216014,1.1594009788533295,0,Calm/Bull,0.9999
2023-08-02,dax,-0.0136628282061268,0.0096712052292039,0.0081609980513914,0.0115761528848791,1.1341945287942972,-0.001386447873983,0.0002579656701397,1.185051775322387,0,Calm/Bull,0.9997
2023-08-03,dax,-0.0079364978656893,0.0077407119641348,0.0082115439060282,0.007076575527313,1.2575744237708684,-0.0063492488735058,0.0011611519643321,0.942662190291914,0,Calm/Bull,0.9942
2023-08-04,dax,0.0036727959380174,0.0077166567685796,0.0082000914134653,0.0118757577807496,1.1637625946420151,-0.0063899812139712,0.0011043297315136,0.9410452127287424,0,Calm/Bull,0.9916
2023-08-07,dax,-6.899658610449472e-05,0.007679342068702,0.0082000705747531,0.0086409726025736,1.019403833027959,-0.0061252591838984,0.0008778378538344,0.9364970702015236,0,Calm/Bull,0.9957
2023-08-08,dax,-0.0110845110982777,0.0079578560382714,0.0083236332960492,0.0152305428263101,1.191099902124117,-0.0058160075636361,-4.881997747247417e-05,0.9560555775623386,0,Calm/Bull,0.995
2023-08-09,dax,0.0049103168235993,0.0072827102562047,0.0083371047797652,0.0096325137334086,0.9690003941599254,-0.0021013785576909,-0.0005346460997788,0.8735298942002501,0,Calm/Bull,0.9967
2023-08-10,dax,0.0090389012498107,0.0073885714982733,0.0082411387185901,0.0112436567622497,1.0998357826210896,0.001293701265409,-0.0004496662535432,0.8965474008593444,0,Calm/Bull,0.9951
2023-08-11,dax,-0.0103272282255982,0.0077062729841345,0.0082903929270147,0.0100662207375188,0.8862367614813075,-0.001506303567314,-0.0008545103799707,0.9295425502720424,0,Calm/Bull,0.9979
2023-08-14,dax,0.0045424280521876,0.0077905823325938,0.0083074808713769,0.007557126534574,0.6418722177006363,-0.0005840186396556,-0.0005141911978228,0.9377791478805592,0,Calm/Bull,0.9994
2023-08-15,dax,-0.0086494450570652,0.0079325122004211,0.0083607450774991,0.0139592628251679,0.6731921326285965,-9.700543141315312e-05,-0.0011232170150991,0.9487805365301074,0,Calm/Bull,0.9955
2023-08-16,dax,0.0014050838089445,0.0079526808327596,0.0079813721003135,0.0056721764068509,0.5989324958002886,-0.0007980520343441,-0.001001587467589,0.9964052211583116,0,Calm/Bull,0.9999
2023-08-17,dax,-0.0071536916466102,0.0078919857704553,0.0080248983817973,0.0082433686207052,0.7440887357132709,-0.0040365706136283,-0.0016541684528287,0.9834374711032507,0,Calm/Bull,0.9992
2023-08-18,dax,-0.0065687797544438,0.00796815208277,0.0079074276745492,0.0092607606626568,0.9242561804651866,-0.0032848809193974,-0.0018992263224994,1.0076794136753529,0,Calm/Bull,0.9995
2023-08-21,dax,0.001861629631935,0.0079897328724434,0.007910320993515,0.0088692663345341,0.7015119190953957,-0.0038210406034479,-0.0018485645069101,1.010039021045235,0,Calm/Bull,0.9996
2023-08-22,dax,0.0065374514568422,0.0081823646219578,0.0079536892403633,0.0077615155054653,0.6707307805784304,-0.0007836613006664,-0.0015853895676611,1.0287508569525163,0,Calm/Bull,0.9998
2023-08-23,dax,0.0014500236118237,0.008168871929381,0.0076980456714893,0.0094428175726001,0.8523357174092315,-0.0007746733400906,-0.0012651379515271,1.0611617906653277,0,Calm/Bull,1.0
2023-08-24,dax,-0.0068210957675014,0.0070394034250575,0.0075853294745732,0.0177991856420748,0.8006153831858757,-0.0007081541642688,-0.0024500680964984,0.928028696532478,0,Calm/Bull,0.9414
2023-08-25,dax,0.0006610549935623,0.0069230660583111,0.0074032583352999,0.010287384556641,0.751499494607636,0.0007378127853323,-0.0026108382288375,0.9351377116344616,0,Calm/Bull,0.9961
2023-08-28,dax,0.0102335309752546,0.0074952034054225,0.0074995873872436,0.0082988526885318,0.7481813834694411,0.0024121930539963,-0.0020295313432514,0.9994154369307616,0,Calm/Bull,0.9992
2023-08-29,dax,0.008717225363247,0.0074257840263495,0.0075832927967172,0.008580831461794,0.8665899866885439,0.0028481478352772,-0.0009621316151096,0.9792295016703132,0,Calm/Bull,0.9995
2023-08-30,dax,-0.0024479431759128,0.0068145137660996,0.0075854704261547,0.0086251522121831,0.8808071968327783,0.0020685544777299,-0.0004013873635989,0.8983640279715787,0,Calm/Bull,0.9989
2023-08-31,dax,0.0034643317231712,0.0066252360733004,0.0075952999265753,0.0080409998646646,1.636666290287295,0.0041256399758644,0.0001686541158441,0.872281033974607,0,Calm/Bull,0.994
2023-09-01,dax,-0.0067159043314873,0.0067422594524255,0.0076377158972812,0.0091121683735182,0.9732555163997764,0.0026502481108545,-0.0003507808976311,0.8827586078222087,0,Calm/Bull,0.9971
2023-09-04,dax,-0.0009783763102735,0.006743325405568,0.0075389104028641,0.0102857538510869,0.6452902492423723,0.0004078666537488,-0.0003962498838395,0.8944694982720763,0,Calm/Bull,0.9992
2023-09-05,dax,-0.0033636382734232,0.0063060630189896,0.0074654505172818,0.0093173280307879,1.3713609514814724,-0.0020083060735851,-1.0206242596863923e-05,0.8446995937340536,0,Calm/Bull,0.9985
2023-09-06,dax,-0.001925540318436,0.0062098508136317,0.0074337516942922,0.0066944542964172,1.1817219596156765,-0.0019038255020898,-0.0003519990996986,0.8353589235970493,0,Calm/Bull,0.998
2023-09-07,dax,-0.0014437344582809,0.0058046772863424,0.0074340569805324,0.008482901368472,1.12997580408412,-0.0028854387383802,-0.0008761308851032,0.7808222753125439,0,Calm/Bull,0.995
2023-09-08,dax,0.001375738541732,0.0053758279312961,0.0074127968124011,0.0131090161121677,1.209612998301131,-0.0012671101637363,-0.0002909825467367,0.7252091305541633,0,Calm/Bull,0.9869
2023-09-11,dax,0.0038483210111109,0.0053451349236486,0.0073400882085247,0.006107212179023,1.2152040306159215,-0.0003017706994594,-0.0003256878987905,0.728211265559563,0,Calm/Bull,0.9937
2023-09-12,dax,-0.0054231983109953,0.0051248523750622,0.0073384468593652,0.0077655692769573,1.0651425659615266,-0.0007136827069738,-0.000164375561487,0.6983565423686344,0,Calm/Bull,0.9939
2023-09-13,dax,-0.0039210035283222,0.0051771197850532,0.0073228467761033,0.0103462148793925,1.2310257782424183,-0.0011127753489511,-0.0004306799283503,0.7069818532797618,0,Calm/Bull,0.9927
2023-09-14,dax,0.0096162873031447,0.0053848220925267,0.0074314572193349,0.014927878738187,1.3527425545691585,0.001099229003334,0.0004078190191373,0.7245984109976027,0,Calm/Bull,0.9325
2023-09-15,dax,0.0055674287832438,0.0052390946133344,0.0073558357975518,0.0074325767013466,2.83706955584274,0.0019375670516364,0.0010146294460217,0.712236482369296,2,Stress/Bear,1.0
2023-09-18,dax,-0.0105255072569285,0.0058323030694058,0.007480836211403,0.0112385483599656,0.9193298929246548,-0.0009371986019715,0.0003952726015785,0.7796325042534196,0,Calm/Bull,0.9908
2023-09-19,dax,-0.0039908593640678,0.0057228487057424,0.0074917368225132,0.0072112165585606,0.8293537403015074,-0.000650730812586,-0.0001311429394669,0.7638881131735481,0,Calm/Bull,0.9966
2023-09-20,dax,0.0074483021404009,0.0059622403139213,0.0075082085910308,0.0070348113790618,0.846317363406076,0.0016231303211586,0.0001687709869619,0.7940962536714488,0,Calm/Bull,0.9972
2023-09-21,dax,-0.0133785991084158,0.0065209816762214,0.0076992294549991,0.0095023794987766,1.00664818465739,-0.0029758469611534,-0.0001591041800837,0.846965493668637,0,Calm/Bull,0.9952
2023-09-22,dax,-0.0009361202205127,0.0065201888204595,0.0075097725086014,0.0077468203618618,1.0500602062719229,-0.0042765567619048,-0.0002389629407875,0.8682272083463931,0,Calm/Bull,0.998
2023-09-25,dax,-0.0098053869572057,0.0063640015997865,0.0075898867422897,0.0157566720772614,0.9501799399699408,-0.0041325327019602,-0.0012409088374105,0.8384843958642061,0,Calm/Bull,0.9759
2023-09-26,dax,-0.0097595999053614,0.0061808014215164,0.0076757868890796,0.0085921076358223,1.011016098755054,-0.0052862808102189,-0.0021647501008409,0.8052335885340777,0,Calm/Bull,0.9767
2023-09-27,dax,-0.0025215461812357,0.0061810008229261,0.0076449616811644,0.0068999732972573,1.0325010948627646,-0.0072802504745462,-0.0021684302511071,0.8085064491761716,0,Calm/Bull,0.952
2023-09-28,dax,0.006944789225067,0.0063932848604412,0.0069540694095826,0.0120775483734133,0.8787975729212278,-0.0032155728078497,-0.0019944073760123,0.919358793231387,0,Calm/Bull,0.9966
2023-09-29,dax,0.0041081082614586,0.0064305927368715,0.0069460569428639,0.0086718857202191,1.546336452784512,-0.0022067271114554,-0.001453206746365,0.9257903857926256,0,Calm/Bull,0.9981
2023-10-02,dax,-0.0090991730767639,0.0066516159737355,0.0070110337788871,0.0186506329955474,0.8465716987583267,-0.002065484335367,-0.0018592465846895,0.9487354052930134,0,Calm/Bull,0.9761
2023-10-03,dax,-0.0106817418959028,0.0069340176070047,0.0070549996719725,0.0121317994685787,0.8995630711480614,-0.0022499127334753,-0.0022251517658135,0.9828515846076694,0,Calm/Bull,0.9991
2023-10-04,dax,0.0009746495813716,0.0069708408081548,0.0067644609581672,0.0150033778893953,1.0313988783187928,-0.0015506735809539,-0.0020801422708231,1.0305094302803914,0,Calm/Bull,0.9997
2023-10-05,dax,-0.0019688476919658,0.0069693063698662,0.0066763873444233,0.0072514054486468,0.6605782659120444,-0.0033334009643604,-0.0021063979325074,1.0438738812372177,0,Calm/Bull,1.0
2023-10-06,dax,0.010531441313921,0.0074912291029851,0.0068424123337244,0.012957506897598,0.9073344919547855,-0.002048734353868,-0.0016486127938979,1.094822810672019,0,Calm/Bull,0.9998
2023-10-09,dax,-0.0066974083879077,0.0074550060583137,0.0068808769905572,0.0081569615236019,0.7331129798204263,-0.0015683814160967,-0.0021758992638488,1.0834383565560592,0,Calm/Bull,0.9999
2023-10-10,dax,0.0193389608063185,0.0088187933826456,0.0073445307679963,0.0110791757008687,0.8723975805396428,0.0044357591243475,-0.0009377913079831,1.200729312902258,0,Calm/Bull,0.9979
2023-10-11,dax,0.0023630881694196,0.0088188583147575,0.0073553311268966,0.0080446338050855,0.9180277395359848,0.0047134468419571,-0.0006235867230961,1.1989750240487669,0,Calm/Bull,0.9999
2023-10-12,dax,-0.0022651424184347,0.0084866900247752,0.0073068339592234,0.0105076019464356,0.7451827934442178,0.0046541878966633,-0.001217658209175,1.1614729542420297,0,Calm/Bull,0.9997
2023-10-13,dax,-0.015574111193234,0.0089035071301491,0.0075506252212777,0.0152646686995294,0.9795414176609148,-0.0005669226047676,-0.0022747352079989,1.1791748192002671,0,Calm/Bull,0.9983
2023-10-16,dax,0.0033742459596189,0.0087670193487638,0.0075684268006081,0.0110506468272721,0.8619521549929807,0.0014474082647376,-0.0015797475471716,1.1583674625827638,0,Calm/Bull,0.9999
2023-10-17,dax,0.0008986775811459,0.008764418764517,0.0075666613471722,0.0112171223848073,0.770330909810147,-0.0022406483802968,-0.0013352706999109,1.1582940430910642,0,Calm/Bull,1.0
2023-10-18,dax,-0.0103327335055653,0.0087282982394606,0.0076455343922196,0.0125512480019004,0.9677930411708964,-0.0047798127152938,-0.0022243224822092,1.1416204272578832,0,Calm/Bull,0.9999
2023-10-19,dax,-0.0032965826609166,0.0083323406550272,0.0072758834200273,0.0079613452041357,1.079588404730202,-0.0049861007637902,-0.0017202216598342,1.145199857393531,0,Calm/Bull,0.9998
2023-10-20,dax,-0.0165372500217694,0.0089615842904279,0.0074968460731468,0.0093266743361146,1.3776844916104007,-0.0051787285294972,-0.0025002781498971,1.1953805911165232,0,Calm/Bull,0.962
2023-10-23,dax,0.0001520311904416,0.0088096910998965,0.0075008616982542,0.014039844583677,0.9334683076607072,-0.0058231714833327,-0.0020024072425147,1.1744905391265692,0,Calm/Bull,0.9998
2023-10-24,dax,0.0053382162549131,0.0087566996934927,0.0074176342880427,0.0111747286664703,0.950597283486652,-0.0049352637485793,-0.001247516434501,1.18052459226907,0,Calm/Bull,0.9999
2023-10-25,dax,0.0008221959641307,0.008763012964065,0.0072474483905614,0.0096735702830606,1.333956146351266,-0.0027042778546401,-0.0010803293272326,1.2091169873630807,0,Calm/Bull,0.9994
2023-10-26,dax,-0.0108787242086632,0.0088101008443864,0.0073034234373052,0.0095261423989175,1.762256999646474,-0.0042207061641894,-0.0019715049989191,1.206297419287678,2,Stress/Bear,0.822
2023-10-27,dax,-0.0029668229067912,0.0086944201364321,0.0072775825686384,0.01068397492857,1.2737809476876556,-0.0015066207411937,-0.0023252515573316,1.1946851931160902,0,Calm/Bull,0.9995
2023-10-30,dax,0.0019813591132355,0.0085924932405922,0.0072886311573701,0.0081044546431035,1.1092367963341412,-0.001140755156635,-0.0017712249478317,1.178889842971909,0,Calm/Bull,0.9999
2023-10-31,dax,0.0063535409496746,0.0085066300063348,0.0072410899371096,0.007240903011436,1.0891425478180286,-0.0009376902176827,-0.0009194608055528,1.1747720412557494,0,Calm/Bull,0.9999
2023-11-01,dax,0.0075961333244454,0.0087106341968334,0.0072867284415234,0.010939946188275,0.926536697774059,0.0004170972543802,-0.0005883866183991,1.1954108440759172,0,Calm/Bull,1.0
2023-11-02,dax,0.0146562664108183,0.0093423254919941,0.0074521960969278,0.0115163777807842,1.2647922499208502,0.0055240953782765,0.00024286908674,1.2536338779176186,0,Calm/Bull,0.9982
2023-11-03,dax,0.0030099661376052,0.0090532789772037,0.0073650359640323,0.0078858583167371,1.2978162978173378,0.0067194531871558,-0.0001332046720757,1.2292240012697866,0,Calm/Bull,0.9981
2023-11-06,dax,-0.0035139285876212,0.0089592913874244,0.0073414091533371,0.0074372712507773,0.8171620240639295,0.0056203956469844,2.5969317938599356e-05,1.2203776142011915,0,Calm/Bull,0.9998
2023-11-07,dax,0.0011007387861062,0.0077345465392454,0.0072728740545453,0.0083338795330305,0.856665184578022,0.0045698352142708,-0.000885941783072,1.0634786854876932,0,Calm/Bull,0.9999
2023-11-08,dax,0.0050661259617202,0.0078174790233451,0.0073057992692131,0.013219015447791,1.4436886134239786,0.0040638337417257,-0.0007507898934569,1.0700374778004478,0,Calm/Bull,0.9978
2023-11-09,dax,0.0080400582408672,0.0080486104608115,0.0073380953111761,0.0098680739222648,0.9078422079956304,0.0027405921077355,-0.0002355298604918,1.096825554793928,0,Calm/Bull,1.0
2023-11-10,dax,-0.0077255860250693,0.0074288604117548,0.0073562129173054,0.0090544784732578,1.0132505619715246,0.0005934816752006,0.0001568963979163,1.0098756650012777,0,Calm/Bull,0.9999
2023-11-13,dax,0.0072343388955248,0.0075657302550816,0.0074162654691217,0.0061596942204301,0.852007739273374,0.0027431351718298,0.0003499010447116,1.0201536456026583,0,Calm/Bull,1.0
2023-11-14,dax,0.0174057786213878,0.0084745526090466,0.0077123714695875,0.0188825865698144,1.2524151356797628,0.0060041431388861,0.0011752560967237,1.0988257817280542,0,Calm/Bull,0.8062
2023-11-15,dax,0.0085286963908342,0.0081705323511812,0.0077901880052132,0.0083596643111929,1.1398727734135006,0.0066966572247089,0.0021183275915437,1.048823513079974,0,Calm/Bull,0.9997
2023-11-16,dax,0.0024379715599134,0.008070515025472,0.0077439257120203,0.0049776409485664,0.8517847130563246,0.0055762398885181,0.0024050553025852,1.0421736113693296,0,Calm/Bull,1.0
2023-11-17,dax,0.0083612903764636,0.0068179329415235,0.0078155883666121,0.0079011877638606,1.015697361854627,0.0087936151688247,0.0036499823224968,0.8723505668043444,0,Calm/Bull,0.9794
2023-11-20,dax,-0.0011206665805415,0.0068581201320237,0.0077077968457466,0.0047234649322402,1.1486853265114925,0.0071226140736114,0.0035863474339477,0.8897639973228194,0,Calm/Bull,0.9946
2023-11-21,dax,-5.0299239027282614e-05,0.0068914392846139,0.0076245968811979,0.0035697389465256,0.8656538208545522,0.0036313985015284,0.0033169216592506,0.9038431004277871,0,Calm/Bull,0.9992
2023-11-22,dax,0.0035965515956458,0.0068664572072688,0.007632060178825,0.0041778839822363,0.7302001899635471,0.0026449695424907,0.0034556394408264,0.8996859362193731,0,Calm/Bull,0.9993
2023-11-23,dax,0.0023103114940737,0.0059954224588309,0.007624809109086,0.00296288987755,0.5073449401523396,0.0026194375293228,0.0041150912259632,0.7863045976700582,0,Calm/Bull,0.997
2023-11-24,dax,0.0021708431001558,0.0057822938952427,0.0075773237348492,0.0042733735757299,0.6221902070817885,0.0013813480740613,0.0043719745263106,0.7631050351787375,0,Calm/Bull,0.9896
2023-11-27,dax,-0.0039455228505996,0.0060566312297014,0.0075947924785786,0.0051019712269985,0.6925027668036157,0.0008163768200497,0.0040756304281188,0.7974715894850792,0,Calm/Bull,0.9896
2023-11-28,dax,0.0016458448434062,0.006054922819758,0.0075830557227688,0.0048784556694491,0.838432842506224,0.0011556056365364,0.0038402456228054,0.7984805916139553,0,Calm/Bull,0.9937
2023-11-29,dax,0.0108076318215994,0.0062006018748491,0.0076989446853864,0.0122778504504379,0.955885321762746,0.0025978216817271,0.0040008205476631,0.8053833516454045,0,Calm/Bull,0.877
2023-11-30,dax,0.0030251195864547,0.0056714942596046,0.0077019875605514,0.0057876732953518,1.476181544646589,0.0027407833002033,0.0034192632064449,0.7363676213466334,0,Calm/Bull,0.9912
2023-12-01,dax,0.0111668365050281,0.0059279966297962,0.0078232260167531,0.0072944173863949,0.9431193275142884,0.0045399819811777,0.0038271067248161,0.7577432400779041,0,Calm/Bull,0.9809
2023-12-04,dax,0.0004414470364728,0.0057329673544889,0.0078122093377261,0.0041987147165867,0.7253454686719574,0.0054173759585922,0.0040248755060208,0.7338471239888248,0,Calm/Bull,0.9926
2023-12-05,dax,0.0077934767711237,0.0057486086276175,0.0078251027651947,0.0095154703771503,0.8878562638553904,0.0066469023441357,0.0043595124052717,0.7346368220474733,0,Calm/Bull,0.9036
2023-12-06,dax,0.0074318964937758,0.0057881181364816,0.0078451325105248,0.0114641050635329,1.1140196725550504,0.005971755278571,0.0044778009318744,0.7377973703715548,0,Calm/Bull,0.7343
2023-12-07,dax,-0.0016493237569797,0.0058790515405739,0.0077707188086289,0.0036196669431902,1.082342161312009,0.0050368666098841,0.0039933318319821,0.7565646995289015,0,Calm/Bull,0.9878
2023-12-08,dax,0.0078010247051022,0.0052405975982813,0.0077990159254056,0.0091019157947216,1.0959757088025308,0.0043637042498989,0.0047696623684907,0.6719562632523844,0,Calm/Bull,0.8817
2023-12-11,dax,0.0020986686627537,0.0052392959657176,0.0076549509849299,0.0049743288208934,0.9389071152186828,0.0046951485751551,0.0045128788568521,0.6844323335357925,0,Calm/Bull,0.9794
2023-12-12,dax,-0.0001601524161287,0.0043633430109353,0.0076277460689932,0.0049648898483036,0.976061134327946,0.0031044227377046,0.0036345823049763,0.5720356933055575,0,Calm/Bull,0.9932
2023-12-13,dax,-0.0015310577583214,0.0043492772193934,0.0075902377192277,0.0045526569805193,0.9589448857555488,0.0013118318872852,0.0031315945975185,0.5730093549475815,0,Calm/Bull,0.9951
2023-12-14,dax,-0.0008246433150979,0.0044369649833343,0.0073563475091445,0.0198737528188293,1.9662788085074168,0.0014767679756615,0.0029684638537679,0.6031478227230025,0,Calm/Bull,0.5671
2023-12-15,dax,-4.721964053434075e-05,0.0042951816578333,0.0073528305006315,0.010531044615219,2.271157761406419,-9.288089346575504e-05,0.002548038352918,0.5841534980936224,2,Stress/Bear,0.8181
2023-12-18,dax,-0.0060408962443818,0.0046431788828947,0.0072726716372382,0.0071840951207272,0.7599030701702971,-0.0017207938748928,0.002302026869726,0.6384419804024035,0,Calm/Bull,0.9888
2023-12-19,dax,0.0056211847242882,0.0046650897033001,0.007146377987421,0.0056059986436704,0.7996296864183673,-0.0005645264468094,0.0025856010678918,0.652790785977402,0,Calm/Bull,0.9915
2023-12-20,dax,-0.000678628254225,0.0047140187951374,0.0071325215084368,0.0057013148332699,0.8529992326339945,-0.0003940405459901,0.0023718420753983,0.6609189736843271,0,Calm/Bull,0.9939
2023-12-21,dax,-0.0027307148445254,0.0048502804834716,0.007118591197723,0.0050450850712181,0.7691122833523026,-0.0007752548518756,0.0021197907584683,0.6813539854659801,0,Calm/Bull,0.9947
2023-12-22,dax,0.0011235546822104,0.0048553510032209,0.0071099194391494,0.0050006055955155,0.6152390243604237,-0.0005410999873267,0.002067426337571,0.6828981741320315,0,Calm/Bull,0.996
2023-12-27,dax,0.0021460398540721,0.0046448018441746,0.0069761898658225,0.0046667382179529,0.5050562729270809,0.001096287232364,0.0023720044728046,0.6658078311386354,0,Calm/Bull,0.9967
2023-12-28,dax,-0.0024231557320244,0.0047658208248658,0.0068100805029214,0.0057042326486804,0.4918592990436697,-0.0005125808588984,0.0021685544440331,0.6998185737777065,0,Calm/Bull,0.9951
2023-12-29,dax,0.0029946249716265,0.004319749598852,0.0068114445850587,0.0018839106244257,0.3769950483252134,0.0002220697862718,0.0017779041015344,0.6341899350290006,0,Calm/Bull,0.9966
2024-01-02,dax,0.00105717321382,0.0043122515869827,0.0067947746487609,0.0187645762034365,0.8702800551926804,0.0009796473979409,0.0016795067829027,0.63464232588922,1,Transition,0.8231
2024-01-03,dax,-0.0138689915832848,0.0049932665345859,0.0069895510944816,0.0183905675903697,1.027405286034407,-0.0020188618551581,0.000427715378487,0.7143901614122584,0,Calm/Bull,0.5274
2024-01-04,dax,0.0047592802903941,0.0050863676670825,0.0069214766006201,0.0075487314840106,0.9458280554512722,-0.0014962137678937,0.0006436070411831,0.7348674221663651,0,Calm/Bull,0.9949
2024-01-05,dax,-0.0013897673224351,0.0048141729376231,0.0065252463008326,0.0118824382938515,0.9567024946409934,-0.0012895360859758,0.0001844448365052,0.7377764325936351,0,Calm/Bull,0.9856
2024-01-08,dax,0.007340607192363,0.0048069776468314,0.0065715106186873,0.0119032583063602,0.8027142221553375,-0.0004203396418285,0.0001798803714345,0.7314874654789247,0,Calm/Bull,0.976
2024-01-09,dax,-0.0016830700647317,0.0048076593905161,0.0065665827121616,0.0078941393467564,0.8825208379022397,-0.0009683882975389,0.0001781930560469,0.7321402320284762,0,Calm/Bull,0.9944
2024-01-10,dax,8.695335180512993e-05,0.0044608448868179,0.0061841140476258,0.0059137411100499,0.9158538396421738,0.001822800689479,-0.0002075105116178,0.7213393628357423,0,Calm/Bull,0.9896
2024-01-11,dax,-0.0085917992806228,0.004797735954627,0.0063165713341317,0.0180158848849261,1.074400510842723,-0.0008474152247243,-0.0007420339087867,0.7595474982926755,0,Calm/Bull,0.6471
2024-01-12,dax,0.0094751817475534,0.005315112822442,0.0064021047593606,0.0086347817394085,0.928892635892556,0.0013255745892734,-0.0002602672006025,0.8302133473637249,0,Calm/Bull,0.9966
2024-01-15,dax,-0.0049413719659474,0.0054118504619286,0.0062694373670525,0.0076367325035658,0.723720427230513,-0.0011308212423886,-0.0004307829109838,0.8632115044915086,0,Calm/Bull,0.9993
2024-01-16,dax,-0.0030452013223426,0.0054430443143028,0.0062661884745543,0.0063867903402595,1.167178671170486,-0.0014032474939108,-0.0005418108113461,0.8686371845350384,0,Calm/Bull,0.9992
2024-01-17,dax,-0.0084834413937968,0.0057224133699275,0.0059490870990187,0.005517397131234,1.242016356732548,-0.0031173264430312,-0.0009636218990092,0.96189772895936,0,Calm/Bull,0.9999
2024-01-18,dax,0.008222113392252,0.0059409445758734,0.0060034451227386,0.0095319967042669,1.2405092430191271,0.0002454560915437,-0.0002504714171775,0.9895892199249934,0,Calm/Bull,0.9999
2024-01-19,dax,-0.0007377919999552,0.0057780935340492,0.0059953507831863,0.0081176447964406,1.1279385478218351,-0.001797138657958,-0.0005684202533897,0.9637623790510456,0,Calm/Bull,0.9999
2024-01-22,dax,0.0077157025401907,0.0060673077271275,0.0060425888235565,0.0058603024158616,1.145989156055499,0.0007342762432696,-0.0001487037136689,1.0040907803414785,0,Calm/Bull,1.0
2024-01-23,dax,-0.0033784945020239,0.0060835240141757,0.0058483594257025,0.0076080661852892,1.087765636305701,0.0006676176073333,-0.0001810926965438,1.0402103515457135,0,Calm/Bull,1.0
2024-01-24,dax,0.0156837061235212,0.0070433464702832,0.0060703551458091,0.0095021311597304,1.2307991945333905,0.0055010471107969,0.0005469148755216,1.1602857330589316,0,Calm/Bull,0.998
2024-01-25,dax,0.0010060113023788,0.0070343310237635,0.0060726067743301,0.0077429926240214,1.0034595469564611,0.0040578266928223,0.0004899134479369,1.1583709081079856,0,Calm/Bull,0.9999
2024-01-26,dax,0.0032166204461462,0.0070244424814381,0.0060506900398386,0.0069811584950747,1.3181098625721452,0.0048487091820426,0.0007719022568455,1.1609324614528544,0,Calm/Bull,0.9994
2024-01-29,dax,-0.001160937424798,0.0070166905880202,0.0060253625489612,0.0048200654910979,0.9965301708035904,0.0030733811890448,0.0005641241370243,1.164525873921043,0,Calm/Bull,0.9999
2024-01-30,dax,0.0018062669526002,0.0070214586641047,0.0057960186798328,0.0031238787190279,0.9224196157514536,0.0041103334799696,0.0006015788239633,1.2114278873075082,0,Calm/Bull,0.9998
2024-01-31,dax,-0.0040488824040806,0.0062581500889082,0.0058445461793057,0.0063282195563694,1.2609583094879124,0.0001638157744493,0.0010925842829235,1.07076749792258,0,Calm/Bull,1.0
2024-02-01,dax,-0.0026491126820415,0.0062489402487456,0.0058323166117519,0.0055946434521169,1.313468383277144,-0.0005672090224347,0.0007221646343017,1.0714336454495883,0,Calm/Bull,0.9999
2024-02-02,dax,0.0035036561905352,0.0062576899614504,0.0058357044421907,0.0064948273656668,1.243129268368265,-0.0005098018735569,0.0009668358099502,1.0723109820656502,0,Calm/Bull,1.0
2024-02-05,dax,-0.0008367499182988,0.0060840580761148,0.0058300964774135,0.0067214111254472,1.001936446475661,-0.0004449643722571,0.0005579679544171,1.0435604453005434,0,Calm/Bull,1.0
2024-02-06,dax,0.0076128807194407,0.0062564842088952,0.0058225266589508,0.0104618508456408,1.070215796436269,0.0007163583811109,0.0010227654936257,1.0745307965704716,0,Calm/Bull,1.0
2024-02-07,dax,-0.0065545007202308,0.0064809927430273,0.005792171547808,0.006760468898819,1.2890891497249175,0.0002152347178809,0.0006906927900239,1.118922789066907,0,Calm/Bull,0.9998
2024-02-08,dax,0.0024711928319971,0.0061084415421436,0.0057482184064798,0.0082769163849417,0.9372202567623708,0.0012392958206886,0.0012438423956549,1.0626669187200273,0,Calm/Bull,1.0
2024-02-09,dax,-0.0022029937823807,0.0058321019336655,0.0053844048255544,0.0068980454095648,0.8571877152888044,9.79658261054916e-05,0.0006599336191582,1.0831470000149936,0,Calm/Bull,1.0
2024-02-12,dax,0.0065275287840147,0.0058161848178343,0.0053452061020761,0.0049267905542544,0.7382058535437213,0.0015708215665682,0.0012333786566563,1.088112358394429,0,Calm/Bull,1.0
2024-02-13,dax,-0.009229306744622,0.0062068785783646,0.0055131137528297,0.0094829506241188,0.8783446353817187,-0.0017976159262443,0.0009241733855424,1.1258390188627596,0,Calm/Bull,0.9999
2024-02-14,dax,0.0038224960570379,0.0058233050196653,0.0054427172118882,0.0059272118787204,0.758820638529091,0.0002777834292094,0.0015394702580841,1.069926066881782,0,Calm/Bull,1.0
2024-02-15,dax,0.0059548586443798,0.0057072790956062,0.0054716553218642,0.0050038353992166,1.1741345985627094,0.0009745165916859,0.0014261075206905,1.0430626126613882,0,Calm/Bull,1.0
2024-02-16,dax,0.0041417769692361,0.0057141999881173,0.0054827024064378,0.0080659469982698,1.062607225236614,0.0022434707420093,0.0016700859691501,1.0422232622743912,0,Calm/Bull,1.0
2024-02-19,dax,-0.0014720791250492,0.0055700916733387,0.0054846546493258,0.0028895343595425,0.6116858348426878,0.0006435491601965,0.0012106968858881,1.0155774664907011,0,Calm/Bull,1.0
2024-02-20,dax,-0.0013951757047039,0.0055013190783258,0.0054921632631132,0.0038503102630541,0.8884784922528189,0.0022103753681801,0.0013098628257541,1.0016670690170588,0,Calm/Bull,1.0
2024-02-21,dax,0.0029069613529125,0.0043697935193872,0.0054954560550767,0.0055321041974324,0.8507665467625641,0.002027268427355,0.0006710255872236,0.7951648553991196,0,Calm/Bull,0.9974
2024-02-22,dax,0.0146329402804498,0.0053721748974272,0.0057252251179835,0.0086313074355131,1.2126010380609928,0.003762884754569,0.0013523720361272,0.9383342640191852,0,Calm/Bull,0.9994
2024-02-23,dax,0.0028100719538077,0.0053655146526798,0.0057280282318817,0.0051081452817603,1.0872551118178295,0.0034965437514833,0.0013320446115103,0.936712326733278,0,Calm/Bull,0.9999
2024-02-26,dax,0.0002238865674664,0.0053405271286104,0.0055955982604137,0.0036806553391473,0.7594171749910816,0.0038357368899865,0.0014012858111235,0.9544157532523794,0,Calm/Bull,1.0
2024-02-27,dax,0.0076192952734031,0.0055189312335488,0.0056514855551257,0.0077031475294648,0.8541082115322641,0.0056386310856079,0.0016919372271636,0.9765452250945548,0,Calm/Bull,1.0
2024-02-28,dax,0.0025445622989832,0.0053523714423174,0.005504687079728,0.0029900713784388,0.8264443517329769,0.005566151274822,0.0020216094623168,0.9723298281619848,0,Calm/Bull,1.0
2024-02-29,dax,0.0043633876970949,0.0052591736540563,0.0055190277264776,0.0069221508274066,1.4845668683302613,0.003512240758151,0.0023722344812737,0.952916693791074,0,Calm/Bull,0.9998
2024-03-01,dax,0.0032124073675739,0.0052562783364164,0.0054582667988744,0.0070836429761123,1.239612795312215,0.0035927078409043,0.0023576720401256,0.962994029075376,0,Calm/Bull,0.9999
2024-03-04,dax,-0.0010662753850509,0.0052638650362269,0.0054029933763353,0.0040449011589981,0.0185614390551258,0.0033346754504008,0.002346195766788,0.9742497666723589,0,Calm/Bull,0.998
2024-03-05,dax,-0.0010035153658182,0.0051617403607247,0.0053982105166083,0.0058457790092038,1.1290972803435646,0.0016101133225565,0.001915375962525,0.9561947139415672,0,Calm/Bull,1.0
2024-03-06,dax,0.0010340528559642,0.0047704480624122,0.0053247245107155,0.0035362314622626,1.394215452925301,0.0013080114339527,0.0022948036413348,0.8959051407846785,0,Calm/Bull,0.9997
2024-03-07,dax,0.0070945309225513,0.0048899673106203,0.005382124316445,0.0145553535483784,1.3021633235541572,0.001854240079044,0.0025259705458625,0.9085571092587178,0,Calm/Bull,0.985
2024-03-08,dax,-0.0015895652518285,0.0048605801161023,0.0053905453640437,0.0036699806567877,1.0155699610859346,0.0008938455551635,0.0025566419723901,0.9016861537839278,0,Calm/Bull,0.9998
2024-03-11,dax,-0.0038379540318592,0.0049663620939829,0.0054169608637716,0.004968363729613,0.9863796040903886,0.0003395098258019,0.0020383678315964,0.9168170527495826,0,Calm/Bull,0.9999
2024-03-12,dax,0.0122561821943854,0.0047183417290618,0.0056044350394009,0.01259831339741,1.3246934098139735,0.0029914493378426,0.0031126422785468,0.8418942669315245,0,Calm/Bull,0.9022
2024-03-13,dax,-0.0002075635896555,0.0047721783085015,0.0056050610618356,0.0034440211186609,1.309163921931232,0.0027431260487186,0.0029111392962121,0.8514052310678399,0,Calm/Bull,0.9984
2024-03-14,dax,-0.0010774348955163,0.004795128390496,0.0055331134889016,0.0077539176715299,1.3101248103207888,0.0011087328851051,0.0025595246192173,0.8666238999279763,0,Calm/Bull,0.9985
2024-03-15,dax,-0.0003003828733799,0.0048207925670129,0.0055064812073194,0.0062101155705872,2.6093411462022087,0.0013665693607948,0.0023374166270865,0.8754760772823394,2,Stress/Bear,1.0
2024-03-18,dax,-0.0002213982325608,0.0047766859463707,0.0055042286938319,0.0062773837742982,0.8002767127937193,0.0020898805206545,0.0023999506717109,0.8678211266409538,0,Calm/Bull,0.9995
2024-03-19,dax,0.0030518001186501,0.0046935060835197,0.0054856500601357,0.004662094261474,0.9259975465594668,0.0002490041055074,0.0026222994628786,0.8555970636237635,0,Calm/Bull,0.999
2024-03-20,dax,0.0015354787840977,0.0046991437424898,0.0054857464401322,0.0049292332064181,0.7771773253531323,0.0005976125802581,0.0025537253344379,0.8566097237218665,0,Calm/Bull,0.9993
2024-03-21,dax,0.0090688256872531,0.0040688044065343,0.0055768040067464,0.0087985572493364,1.0008233040912906,0.002626864696812,0.002275519604778,0.7295942983852763,0,Calm/Bull,0.9393
2024-03-22,dax,0.0014670506496177,0.0040706000281897,0.0055544954317402,0.0046677332399572,0.8724897797671018,0.0029803514014115,0.0022083685395685,0.7328478487764963,0,Calm/Bull,0.9878
2024-03-25,dax,0.0030367596296545,0.0040469504929657,0.0055546983004835,0.005954143787813,0.6838699484618405,0.0036319829738546,0.0023490121926779,0.7285635103914611,0,Calm/Bull,0.9854
2024-03-26,dax,0.0067150939194331,0.0039896198502924,0.0055959932454885,0.0084403269722346,0.7476384723001984,0.0043646417340112,0.0023038021249795,0.7129422204912125,0,Calm/Bull,0.9412
2024-03-27,dax,0.0050318398536879,0.0040360165441817,0.0052346320471862,0.0068192556872055,0.8385885181298425,0.0050639139479293,0.0024281660027147,0.771022014116777,0,Calm/Bull,0.9815
2024-03-28,dax,0.0008331385686969,0.0040241053789481,0.0052221402444618,0.0024313078947271,0.9736725845371258,0.003416776524218,0.0022516535462948,0.7705854669866007,0,Calm/Bull,0.9926
2024-04-02,dax,-0.0113858926387802,0.0050371209289679,0.0054782194921142,0.0159283825820057,1.0579923393575656,0.0008461878665384,0.0015217385459771,0.9194814001554176,0,Calm/Bull,0.9809
2024-04-03,dax,0.0046159906437435,0.0050437106765394,0.0054411245487167,0.0051318161435764,0.9385354671831212,0.0011620340693562,0.0018058518474168,0.9269610778766236,0,Calm/Bull,0.9999
2024-04-04,dax,0.0019259911419677,0.0050001795719146,0.0054244760484299,0.0047377510811201,0.7742472218063358,0.0002042135138631,0.0019523271728061,0.9217811134702958,0,Calm/Bull,0.9999
2024-04-05,dax,-0.0124716328802271,0.0059520953312202,0.0057193128502631,0.0172654804301056,0.9627304550904264,-0.0032964810329198,0.0012770428859965,1.0407011273996754,0,Calm/Bull,0.9983
2024-04-08,dax,0.007888000679608,0.0059953993501484,0.0056252554626047,0.0088967070402704,0.7755605275532527,-0.0018855086107376,0.0013167163738494,1.0658003694239775,0,Calm/Bull,1.0
2024-04-09,dax,-0.0133139406109203,0.0068120947239281,0.0058557099642366,0.0143991555077029,0.8303354235119109,-0.0022711182051656,0.0007304976058948,1.1633251587822175,0,Calm/Bull,0.9981
2024-04-10,dax,0.001139566313916,0.0067267958174726,0.005797917360213,0.0145690321135165,1.0490703003672075,-0.0029664030711311,0.0009793736231835,1.1602089853218371,0,Calm/Bull,0.9996
2024-04-11,dax,-0.0079231069691129,0.0064541843669818,0.0058949347394004,0.013178944061447,1.066583816302284,-0.0049362226933472,-2.959083499133033e-05,1.0948695197325111,0,Calm/Bull,0.9999
2024-04-12,dax,-0.0013465400043776,0.0064608588253727,0.0057639946665367,0.0168335017369757,1.0075226300360969,-0.0027112041181773,-8.653965572743798e-05,1.1208995148593233,0,Calm/Bull,0.9996
2024-04-15,dax,0.0053541876267596,0.0065681151267205,0.0057186365201261,0.0141086150020006,0.8461579530352037,-0.003217966728747,0.0002350414703863,1.14854565482608,0,Calm/Bull,0.9995
2024-04-16,dax,-0.0145478489718016,0.0073547701889955,0.0060733383099976,0.0174032107524919,1.038590035792392,-0.0034647484009233,-0.0004773318345347,1.21099300147473,0,Calm/Bull,0.9944
2024-04-17,dax,0.0002132505548199,0.0073562082701951,0.0060133647436551,0.0098925617563817,0.7979383026195558,-0.0036500115527425,-0.0004555993951656,1.2233098412925707,0,Calm/Bull,0.9998
2024-04-18,dax,0.0037846572400376,0.0073763964714633,0.0059949983069545,0.0082074959029313,0.8732865220125736,-0.0013084587109124,-0.0004189565390963,1.2304251133659656,0,Calm/Bull,0.9999
2024-04-19,dax,-0.0056242841833281,0.0074499232823456,0.0057467061663578,0.011724899157939,1.1285994236802497,-0.0021640075467025,-0.0007769446874676,1.2963814516842256,0,Calm/Bull,0.9991
2024-04-22,dax,0.0069352966830313,0.0073155841466528,0.0058007565069092,0.0084784351205557,0.8978268155866418,-0.0018477857354481,-0.0008836211376786,1.261143117788046,0,Calm/Bull,0.9995
2024-04-23,dax,0.0153814988519411,0.0081634149643225,0.0060880536412221,0.0156283163141415,0.9852181055097092,0.0041380838293003,-0.0001878987275625,1.340890774852587,0,Calm/Bull,0.9248
2024-04-24,dax,-0.0027025191440035,0.0081449482631897,0.0061010711858134,0.0091803476229439,1.063467265834532,0.0035549298895356,-0.0004748626662454,1.3350029880209848,0,Calm/Bull,0.999
2024-04-25,dax,-0.0095218196582712,0.0081995941779419,0.0062519977474843,0.0170109008990644,1.3952556335872195,0.0008936345098739,-0.0012867083451306,1.3115158560703657,0,Calm/Bull,0.9744
2024-04-26,dax,0.0135114043922492,0.008744617855949,0.0064248880999011,0.0153615064553322,1.0377717084104066,0.0047207722249894,-0.0008627301182025,1.3610537210887,0,Calm/Bull,0.9747
2024-04-29,dax,-0.0023533771288288,0.0087411213639224,0.0064220013192228,0.0073059252440015,1.0536307475068998,0.0028630374626173,-0.0010220559030788,1.361121078838444,0,Calm/Bull,0.9993
2024-04-30,dax,-0.0103272961821425,0.0086780400549819,0.0065841158633521,0.0129916653151834,1.1980419774180886,-0.0022787215441993,-0.0009691260802469,1.318026631834481,0,Calm/Bull,0.9993
2024-05-02,dax,-0.001991139148488,0.0085794352605458,0.0065911681134967,0.0058703430139971,0.9721572687434502,-0.0021364455450962,-0.0012994825698585,1.3016562637778497,0,Calm/Bull,0.9996
2024-05-03,dax,0.0058554581333825,0.0087013155044976,0.0065649136705627,0.0114323607743626,0.9654231440946868,0.0009390100132344,-0.0011030092202878,1.3254272548190058,0,Calm/Bull,0.9997
2024-05-06,dax,0.0095980081317427,0.0085822879246022,0.0065843009547397,0.0108950334568847,0.6370825332598872,0.0001563307611331,4.7283031067123226e-07,1.3034470908296163,0,Calm/Bull,0.999
2024-05-07,dax,0.0139238977690948,0.0089715477693107,0.0067849972074838,0.0144974887099512,1.1618078921500743,0.0034117857407179,0.000302267684785,1.3222625588430847,0,Calm/Bull,0.9971
2024-05-08,dax,0.0037006801031703,0.0084009959649989,0.0067749318105972,0.0062081024616702,1.0040449935527926,0.0062173809977804,0.0011529987204895,1.2400118849695585,0,Calm/Bull,0.9998
2024-05-09,dax,0.0101234614127973,0.0086371030499138,0.0068359696668656,0.011304892512066,0.7401436425571274,0.0086403011100375,0.0016021934754336,1.2634788436494058,0,Calm/Bull,0.9915
2024-05-10,dax,0.0046049877516228,0.0083597695757763,0.0066985014553719,0.0084701986610275,1.2107012127104615,0.0083902070336856,0.0022285982114703,1.2480059355771531,0,Calm/Bull,0.9975
2024-05-13,dax,-0.0016328858136418,0.0083664572951477,0.0067071960530078,0.0049988448332261,0.922064271699103,0.0061440282446086,0.0022142809210071,1.2473852305831712,0,Calm/Bull,0.9997
2024-05-14,dax,-0.0013775612195016,0.008368899316027,0.0066947677188483,0.0063970817736389,1.0124040164570942,0.0030837364468894,0.0018776934786941,1.25006567329667,0,Calm/Bull,0.9999
2024-05-15,dax,0.0081382001431035,0.0075197763724938,0.006740638896539,0.0091740992134238,1.121100335683085,0.003971240454876,0.0030119959344393,1.1155880752423744,0,Calm/Bull,0.9999
2024-05-16,dax,-0.0069426059691009,0.0078240335081032,0.0068197607938567,0.0093095139797489,1.033771303761452,0.0005580269784963,0.0026542031082433,1.147259228674282,0,Calm/Bull,0.9998
2024-05-17,dax,-0.0018369480538962,0.0078820478780833,0.0068232131861242,0.0051383242785091,1.0187766398097635,-0.0007303601826074,0.0023731228435466,1.1551812413119984,0,Calm/Bull,0.9999
2024-05-20,dax,0.0034446360569868,0.0076553533109444,0.006825411013372,0.0050012966054743,0.5666646991477892,0.0002851441915182,0.0028265688555623,1.1215959443242889,0,Calm/Bull,0.9999
2024-05-21,dax,-0.0022509869874682,0.0076714261028816,0.0066212240379454,0.0069686374809777,0.90230854850994,0.0001104590379249,0.0023672546720374,1.1586114680484565,0,Calm/Bull,0.9999
2024-05-22,dax,-0.002489406900981,0.0070948941501198,0.0066354332118912,0.0047885555623633,0.8018082661025192,-0.0020150623708919,0.0014737093843913,1.0692435480181202,0,Calm/Bull,1.0
2024-05-23,dax,0.0005951641366349,0.0070307600783485,0.0066347140293071,0.0068218704453813,0.8881045025594959,-0.0005075083497447,0.0016385935484232,1.0596930097200927,0,Calm/Bull,1.0
2024-05-24,dax,0.0001096078719403,0.0065387304125332,0.0065816272476679,0.0102073920136913,0.7764192769913639,-0.0001181971645774,0.0021201649249338,0.993482335975513,0,Calm/Bull,0.9999
2024-05-27,dax,0.0043419318254812,0.0059970030363812,0.0065926457999973,0.0050237957225539,0.5536847074100194,6.12619891214368e-05,0.0016616912965954,0.90965042235148,0,Calm/Bull,0.9999
2024-05-28,dax,-0.0051714468001865,0.0061279806449131,0.0066268823967512,0.0117792729509742,0.7956041655384868,-0.0005228299734222,0.0015207878130275,0.9247154661922627,0,Calm/Bull,0.9993
2024-05-29,dax,-0.0110135003015496,0.0061993146025318,0.0067956963214042,0.0129749202924323,0.9194749937605312,-0.0022276486535359,0.0014864776070571,0.912241264078558,0,Calm/Bull,0.9965
2024-05-30,dax,0.0012712985396245,0.0061456824298008,0.006792216787562,0.0074293933617701,0.8202499093543492,-0.002092421772938,0.0016495994914627,0.9048124672720772,0,Calm/Bull,0.9995
2024-05-31,dax,6.219213771963487e-05,0.0060731131212105,0.0067890296174289,0.0062465783509459,2.1348776902718276,-0.0021019049197821,0.0013599361916796,0.8945480375604113,2,Stress/Bear,0.9993
2024-06-03,dax,0.005940857619672,0.0058634534059167,0.0068221483662366,0.0103879577361158,0.7983745938713371,-0.001782119760944,0.0011770786660761,0.8594731587684874,0,Calm/Bull,0.998
2024-06-04,dax,-0.0109430292456126,0.0056508920889208,0.0069373373828899,0.0131900589238523,1.2031619673678735,-0.0029364362500292,-6.626768465926026e-05,0.8145620973917125,0,Calm/Bull,0.992
2024-06-05,dax,0.009209992193333,0.0059694861028682,0.0070213314758378,0.0117516978711015,0.9513294384414556,0.0011082622489473,0.0002091979198488,0.8501928905380246,0,Calm/Bull,0.9953
2024-06-06,dax,0.0041221296571737,0.0055832368339978,0.0070093730361717,0.0111549881797878,0.9017264001826002,0.0016784284724571,-9.086866793230588e-05,0.7965386925743118,0,Calm/Bull,0.9931
2024-06-07,dax,-0.005127694431069,0.0055765506622178,0.0068872951520311,0.0120966324475688,0.9274199518757896,0.0006404511586994,-0.0005775027770668,0.809686609782256,0,Calm/Bull,0.9908
2024-06-10,dax,-0.0033670892558444,0.0056072228550002,0.0069051669720471,0.0103223187485057,0.8155446549971747,-0.0012211382164038,-0.000664212949177,0.8120329135702068,0,Calm/Bull,0.9963
2024-06-11,dax,-0.006778908249741,0.0057710708672609,0.0069660342048699,0.0142340434105523,0.979884062434824,-0.0003883140172295,-0.0009342803006889,0.8284585888519452,0,Calm/Bull,0.9836
2024-06-12,dax,0.014103708848986,0.0063860529433114,0.0071864542422149,0.0151994968025998,0.9599203963882702,0.000590429313901,-0.0006360048653948,0.8886236143824894,0,Calm/Bull,0.9686
2024-06-13,dax,-0.0197954399858097,0.0075877419886489,0.0076549124014785,0.0207268412797737,1.1350497492125484,-0.0041930846146956,-0.0012786465662303,0.9912251885708564,0,Calm/Bull,0.9269
2024-06-14,dax,-0.014539924336691,0.0081479227203268,0.0078815280071697,0.0196433039088279,1.430195822498704,-0.00607553059582,-0.00191379538037,1.0337998815603675,0,Calm/Bull,0.992
2024-06-17,dax,0.0036701445867926,0.0081558803579642,0.0078933241555058,0.0099506816832567,0.8824073891782742,-0.0046680838272926,-0.0019025199538797,1.0332630710820678,0,Calm/Bull,0.9996
2024-06-18,dax,0.0035226249520107,0.008244594216468,0.0078180212666703,0.0077740575849654,0.7848601930635976,-0.0026077771869422,-0.0016138393569058,1.054562776852018,0,Calm/Bull,0.9999
2024-06-19,dax,-0.0035392720763231,0.00825379945645,0.007828336029977,0.0051128716852759,0.8069947850050382,-0.0061363733720041,-0.0016663326156729,1.0543491522136696,0,Calm/Bull,0.9994
2024-06-20,dax,0.0102566325334369,0.0086655835764418,0.0079325837664373,0.010167513005369,0.926112457979722,-0.0001259588681547,-0.0011832591958328,1.0924036646301585,0,Calm/Bull,0.9999
2024-06-21,dax,-0.0049789165971844,0.008700257986119,0.0079082588711845,0.0092438247078783,2.2297371487902073,0.0017862426797465,-0.001437685419289,1.1001483547560955,2,Stress/Bear,1.0
2024-06-24,dax,0.0088827411034159,0.008915603035203,0.0079668600464303,0.0103228314843802,0.8753950189768623,0.0028287619830712,-0.0012106449553923,1.119086187436881,0,Calm/Bull,0.9999
2024-06-25,dax,-0.0081067824737337,0.0090079191001655,0.0080317387705844,0.0127552114061967,0.7667653024093684,0.0005028804979223,-0.0013574117390696,1.1215403485427529,0,Calm/Bull,0.9999
2024-06-26,dax,-0.0012318826244356,0.00871689597337,0.0078997898639083,0.0175074280701712,0.801369697237261,0.0009643583882998,-0.0008683308552139,1.1034339043870958,0,Calm/Bull,0.9992
2024-06-27,dax,0.0030419021822486,0.0087487033306824,0.0078864078545911,0.0068224314501745,0.7717742544182459,-0.0004785876819378,-0.0007798006730827,1.1093394473111469,0,Calm/Bull,1.0
2024-06-28,dax,0.0013663195617311,0.0087601617148901,0.0078842496366273,0.0084752933364037,0.97010460886091,0.0007904595498452,-0.0007145943018821,1.111096441466492,0,Calm/Bull,1.0
2024-07-01,dax,0.003023096655678,0.0086672944212605,0.0077260793346828,0.0122713543391873,0.8377594732570341,-0.0003814693397023,-0.0008604823500818,1.121823119567581,0,Calm/Bull,1.0
2024-07-02,dax,-0.0069456090118846,0.0084663106526453,0.0077101462919875,0.0141140875391491,0.8731589581308676,-0.0001492346473324,-0.0006606113383954,1.0980739316767,0,Calm/Bull,0.9999
2024-07-03,dax,0.0115204816992416,0.0086224102159125,0.0076574394107717,0.0116404980187098,0.9071595893524088,0.0024012382174029,-0.0005450868631,1.1260174261102651,0,Calm/Bull,0.9999
2024-07-04,dax,0.0041249835399308,0.0086224915431216,0.0076728537310049,0.0050123610009309,0.5373882410857994,0.0026178544889394,-0.0005449441689622,1.123765921443194,0,Calm/Bull,1.0
2024-07-05,dax,0.0013523696771758,0.0085627666647264,0.0075969797628215,0.0124375358768974,0.721205351729726,0.0026150645120283,-0.0002209409635499,1.1271277444533068,0,Calm/Bull,0.9999
2024-07-08,dax,-0.0001839603496628,0.0085307338770609,0.0075937325726699,0.0101531134981163,0.7227848913061166,0.0019736531109601,-6.178451824088172e-05,1.123391401451682,0,Calm/Bull,1.0
2024-07-09,dax,-0.0128507698816415,0.0088831301067058,0.0077582495552465,0.0142035994918671,0.9051177422854186,0.0007926209370087,-0.0003653775998359,1.1449915400953636,0,Calm/Bull,0.9997
2024-07-10,dax,0.0093349658922826,0.0085313513617433,0.007600209096293,0.0099624414968777,0.7985933097129291,0.0003555177756169,-0.000603814747671,1.1225153484138248,0,Calm/Bull,1.0
2024-07-11,dax,0.0068941098019324,0.0073812670249178,0.0076434017065898,0.0091072473878243,0.8400299503496833,0.0009093430280172,0.000730662741716,0.9657044478709004,0,Calm/Bull,0.9998
2024-07-12,dax,0.0114595374159835,0.0068183123257388,0.0077592075135923,0.0133884872989752,0.8519042740104393,0.0029307765757788,0.0020306358293497,0.8787382363204941,0,Calm/Bull,0.9851
2024-07-15,dax,-0.0084249549624856,0.0071914243323864,0.0078069703561011,0.0087494547480831,0.7407202144583419,0.0012825776532142,0.0014258808518858,0.9211543024198032,0,Calm/Bull,0.9992
2024-07-16,dax,-0.0039268953075569,0.0072696058092913,0.0077878120998454,0.0074603181802025,0.7865799196205612,0.0030673525680312,0.0010534048389074,0.9334593228611164,0,Calm/Bull,0.9996
2024-07-17,dax,-0.0043689851432344,0.0072995003956984,0.0075668070494423,0.0100567823931995,0.8552580204433323,0.0003265623609277,0.0010119191855618,0.964673784861002,0,Calm/Bull,0.9997
2024-07-18,dax,-0.0044869003190506,0.0070571916194555,0.00758219120925,0.0100208169351508,0.9157433950705534,-0.0019496396632688,0.0002747425429375,0.9307588564696088,0,Calm/Bull,0.9995
2024-07-19,dax,-0.0100108500251052,0.0073384408925465,0.007593121208027,0.0098789470538996,1.117776920410173,-0.0062437171514865,2.3145871541470872e-05,0.9664590741405128,0,Calm/Bull,0.9989
2024-07-22,dax,0.0128567683088348,0.0076386185459271,0.0075741678999477,0.0128857797084595,0.9113154418403856,-0.0019873724972224,0.0002218472318124,1.0085092708309102,0,Calm/Bull,0.9992
2024-07-23,dax,0.0081499082452191,0.0075703557989008,0.007634717075816,0.0098546109673566,0.9512661745924008,0.0004279882133327,0.00103468176776,0.9915699198443004,0,Calm/Bull,0.9998
2024-07-24,dax,-0.0092157936466828,0.0078995111169004,0.0076095555867305,0.0058409581937419,1.3825707930360605,-0.0005413734873569,0.0006354862166477,1.0381041345798898,0,Calm/Bull,0.9992
2024-07-25,dax,-0.0048378110494211,0.0079693653348545,0.0076336661563556,0.0125413266915325,1.342652842432874,-0.000611555633431,0.0002415005550642,1.043976140903066,0,Calm/Bull,0.9998
2024-07-26,dax,0.0064729063284984,0.0080882183050811,0.0076415978074894,0.0114207257725679,0.9064864734416102,0.0026851956372896,0.0004968298934025,1.058445957094719,0,Calm/Bull,0.9999
2024-07-29,dax,-0.0052741304338745,0.0081642545414636,0.0075784928894253,0.0129389799751241,0.8377064180721149,-0.0009409841112522,8.196853892494453e-05,1.0772926306832855,0,Calm/Bull,0.9999
2024-07-30,dax,0.0049281454524503,0.0080573447184572,0.0073876132438798,0.0069338390269838,0.8534605887293449,-0.0015853366698059,0.0006756562621416,1.090656001128948,0,Calm/Bull,1.0
2024-07-31,dax,0.0052801396634034,0.0077294352266074,0.0074038814106609,0.0070005273083352,1.2340092629588748,0.0013138499922112,0.0003636391603497,1.043970695624283,0,Calm/Bull,0.9999
2024-08-01,dax,-0.0232631328508017,0.0092954726039292,0.0078707341719447,0.0205330829261949,1.361131142425409,-0.0023712143680648,-0.0010057666591868,1.181017221628832,0,Calm/Bull,0.7885
2024-08-02,dax,-0.0236037633561634,0.010552322335103,0.0083835565056923,0.016649405670638,1.704720112226343,-0.0083865483049971,-0.0022535733108538,1.2586928146709706,2,Stress/Bear,0.9562
2024-08-05,dax,-0.0184130157116884,0.0111353112700604,0.0086791147637349,0.0288811079791222,1.766018952059435,-0.0110143253605599,-0.003165026078955,1.283000809781721,2,Stress/Bear,0.9989
2024-08-06,dax,0.0008831851986401,0.0109281175004543,0.0086836652827381,0.015682559233044,1.3290598505092015,-0.011823317411322,-0.002478328324941,1.2584683016488227,0,Calm/Bull,0.6145
2024-08-07,dax,0.014917864641052,0.0113103735837979,0.0088505276049191,0.0158919706569174,1.2268728040478032,-0.0098957724157922,-0.0021991833875025,1.2779321288723566,2,Stress/Bear,0.7254
2024-08-08,dax,0.0036973540794038,0.011197125270656,0.0088390085285621,0.0145246021343593,1.0198183002395047,-0.0045036750297511,-0.0023590211736289,1.266785209503308,0,Calm/Bull,0.9996
2024-08-09,dax,0.0023998051953059,0.0107843126851438,0.0088488748639187,0.0096090913549145,0.0,0.0006970386805426,-0.0028120077846628,1.2187213460455637,2,Stress/Bear,0.5051
2024-08-12,dax,0.0002025336771501,0.0107203377988822,0.0088317873225355,0.0085358529291634,0.6692745284110916,0.0044201485583104,-0.002380633352681,1.2138355926583255,0,Calm/Bull,0.9992
2024-08-13,dax,0.0048161960585237,0.0108316508756072,0.0088612524147072,0.0082769631251665,0.0,0.0052067507302871,-0.001943478784377,1.222361170711011,2,Stress/Bear,0.6088
2024-08-14,dax,0.0041206595611047,0.0108977437127475,0.0088813977765859,0.0053065124079067,0.0,0.0030473097142976,-0.00151899654916,1.227030247589776,0,Calm/Bull,0.8408
2024-08-15,dax,0.0165044056081058,0.0115859678487535,0.0091547419243009,0.015857988216527,0.0,0.005608720020038,-0.0004694312528022,1.2655701214251596,2,Stress/Bear,0.999
2024-08-16,dax,0.0076240727701834,0.0114922742445717,0.0092138667252286,0.0064195242567771,1.2559046263015918,0.0066535735350135,0.0004123148869621,1.2472802773567937,0,Calm/Bull,0.997
2024-08-19,dax,0.0054043686799735,0.011184232900849,0.0092240207276974,0.0092325993529408,0.8642724556139146,0.0076939405355782,3.969490551913087e-05,1.2125116834641985,0,Calm/Bull,0.9996
2024-08-20,dax,-0.0034894707504721,0.0110419295097559,0.0092115629101158,0.0079149488512136,0.8521309877358231,0.006032807173779,-0.0005422740442654,1.1987031535799426,0,Calm/Bull,0.9996
2024-08-21,dax,0.004968141669871,0.010910245008262,0.0091268509318366,0.0067451758240804,0.7424998571842498,0.0062023035955323,0.0001669227215622,1.1954008112704504,0,Calm/Bull,0.9999
2024-08-22,dax,0.0024059887855742,0.0108554567931814,0.0091307508543146,0.0050169950919965,0.8696728795765264,0.003382620231026,0.000529112713312,1.188889825862654,0,Calm/Bull,0.9999
2024-08-23,dax,0.007526143352189,0.0108883138499228,0.0091823543298638,0.0081124536131361,0.8787572495202602,0.0033630343474271,0.0005817745644965,1.1857867229660946,0,Calm/Bull,0.9999
2024-08-26,dax,-0.00086335719159,0.0108078339711398,0.0091512279509186,0.0045367593538926,0.5223881248045322,0.0021094891731144,0.0008023132266107,1.1810255442336457,0,Calm/Bull,0.9999
2024-08-27,dax,0.0034741615571937,0.0107834834872943,0.0090475020556503,0.0054454287765495,0.776610920198885,0.0035022156346475,0.0007296140318479,1.191874112983468,0,Calm/Bull,0.9999
2024-08-28,dax,0.0053640022096289,0.0107853622170509,0.0089964132684898,0.0066626929541751,0.8505813119314092,0.0035813877425991,0.0007338071591592,1.1988513527748768,0,Calm/Bull,0.9999
2024-08-29,dax,0.0069124422224357,0.0092535934976073,0.0090242838928629,0.0081892045179937,0.9248733245080346,0.0044826784299714,0.0022425859128211,1.025410282684681,0,Calm/Bull,0.9993
2024-08-30,dax,-0.0002988083991627,0.0070270894176807,0.0089971788079342,0.004475667855984,2.23707735181232,0.0029176880797011,0.0034078336606711,0.7810325400539808,2,Stress/Bear,1.0
2024-09-02,dax,0.0012648573627254,0.0048520298174726,0.0089849472032795,0.0084223058943451,0.9287794767321796,0.0033433309905642,0.0043917273143918,0.5400176214392945,0,Calm/Bull,0.9226
2024-09-03,dax,-0.0097532719855214,0.0057556201366383,0.0090332366447858,0.0139924696724078,1.359438912044184,0.0006978442820211,0.0038599044551837,0.6371603405254064,0,Calm/Bull,0.6969
2024-09-04,dax,-0.0083162822246779,0.0057509992703782,0.0089171512646887,0.0065737811227975,1.4116801443369789,-0.0020382126048402,0.0026981971118972,0.6449368301232912,0,Calm/Bull,0.9843
2024-09-05,dax,-0.0008259505955435,0.0057983852003855,0.0085326594432106,0.007594019998385,1.5531194687775098,-0.003585891168436,0.0024720318781498,0.6795519309046512,0,Calm/Bull,0.9906
2024-09-06,dax,-0.0148924401066865,0.0069788127890524,0.0085431526023906,0.0181843735703248,1.5236398225303112,-0.0065046175099408,0.0016074196130502,0.8168896324173799,0,Calm/Bull,0.8767
2024-09-09,dax,0.0077103867766981,0.0071001365507538,0.0085861783052536,0.00710433847857,1.0743076385753931,-0.0052155116271462,0.0019828122680276,0.8269262876138264,0,Calm/Bull,0.9552
2024-09-10,dax,-0.0096782634537234,0.0075228598887314,0.0086720162224107,0.0140600809375297,1.6053177561696532,-0.0052005099207866,0.0012580892924153,0.8674868330262657,0,Calm/Bull,0.9913
2024-09-11,dax,0.0035167418606565,0.0075119692710528,0.0086693578304379,0.0123172927975818,1.8203114403914975,-0.0028339051037197,0.0012278934073928,0.8664966215465744,0,Calm/Bull,0.9479
2024-09-12,dax,0.0102105600224403,0.0069490620879494,0.0086684576031866,0.0115328765239284,1.2058285567171272,-0.000626602980123,0.0009132011281096,0.8016491982835398,0,Calm/Bull,0.9851
2024-09-13,dax,0.0097271325299839,0.0070708008170155,0.008726120916475,0.009623783683739,1.3565167017503152,0.004297311547211,0.0010183541160996,0.8103028693615478,0,Calm/Bull,0.9799
2024-09-16,dax,-0.0035513864840554,0.0070619938572411,0.0086707669130326,0.0039017198048836,0.989645160670028,0.0020449568950603,0.0005705663578981,0.8144601196264,0,Calm/Bull,0.9948
2024-09-17,dax,0.0049771366246172,0.0070595704943398,0.0086207184317723,0.0071263830013142,1.145379280667485,0.0049760369107285,0.0009938967266526,0.8189074437602859,0,Calm/Bull,0.9917
2024-09-18,dax,-0.0007794226156679,0.0070060556122124,0.0086193796371635,0.0032685882035008,1.0473129648734945,0.0041168040154636,0.0007065185123757,0.8128259697490207,0,Calm/Bull,0.9928
2024-09-19,dax,0.0154264935052656,0.0077389115140067,0.0088269978252841,0.012566887434644,1.4433874832290297,0.0051599907120286,0.0013575437483602,0.8767320064177773,0,Calm/Bull,0.9165
2024-09-20,dax,-0.014971286986846,0.0084017437116369,0.0090554233732171,0.0101548883657141,2.5313133292803136,0.0002203068086627,0.0002326722314085,0.927813462205027,2,Stress/Bear,1.0
2024-09-23,dax,0.0067495651550082,0.0085210804666809,0.0090861874203016,0.0091808369214086,1.0591295735980752,0.0022804971364754,0.0006133183487384,0.9378059325126856,0,Calm/Bull,0.9978
2024-09-24,dax,0.0079190823797149,0.008656513617625,0.0090824062832161,0.0066311100601206,0.8882471413026857,0.0028688862874949,0.0008355643898645,0.953107948234144,0,Calm/Bull,0.9988
2024-09-25,dax,-0.0041213609551544,0.0086551934099239,0.0089919640667792,0.0066008883500277,0.7993597718785145,0.0022004986195976,0.0003612962316253,0.962547597571093,0,Calm/Bull,0.9991
2024-09-26,dax,0.0167658907352061,0.0093038582006972,0.0092237652000477,0.0085584424022643,1.1648292905404978,0.0024683780655857,0.0008539686572638,1.0086833303875822,0,Calm/Bull,0.9953
2024-09-27,dax,0.0121551167822736,0.0096335647125183,0.0093414587949071,0.0129441866450214,1.1704114287196372,0.0078936588194097,0.0014766649163356,1.031269839542672,0,Calm/Bull,0.971
2024-09-30,dax,-0.0076653307692274,0.0098484559890765,0.0094055706983851,0.0070189453308974,0.9889038806566836,0.0050106796345625,0.001030155509738,1.0470875510794333,0,Calm/Bull,0.9982
2024-10-01,dax,-0.0058015035593554,0.0096585333293602,0.0092759043427258,0.0158828877696823,1.016550461566483,0.0022665624467484,0.0012277439310463,1.0412497771103593,0,Calm/Bull,0.9924
2024-10-02,dax,-0.0025217983509159,0.0094416487334402,0.0092186269680833,0.0099813989551129,0.7213610235463418,0.0025864749675962,0.0015174681247344,1.0241925143656527,0,Calm/Bull,0.9994
2024-10-03,dax,-0.0078229428452776,0.0096601559758325,0.0092460217537117,0.0076779832146829,0.6902551228633055,-0.0023312917485005,0.0011676185122477,1.0447905307982288,0,Calm/Bull,0.999
2024-10-04,dax,0.0055338189747932,0.0089246267110589,0.009157401559247,0.0114586274284682,0.8592715497332324,-0.0036555513099966,0.0021889314663217,0.974580687907795,0,Calm/Bull,0.9878
2024-10-07,dax,-0.0008805790092046,0.0088513319481228,0.0090866994296176,0.0073299057722292,0.6794831198309891,-0.0022986009579921,0.0017593831770265,0.974097582591137,0,Calm/Bull,0.9984
2024-10-08,dax,-0.0019716193984763,0.0084874720974663,0.0090742198834709,0.0097951932758268,0.7350451800617258,-0.0015326241258162,0.0021447153797889,0.9353390381168254,0,Calm/Bull,0.9965
2024-10-09,dax,0.0098357837545864,0.0086571541180777,0.0091305211932476,0.0130496208154486,0.8157436606973791,0.0009388922952841,0.0024606674744854,0.9481555252815228,0,Calm/Bull,0.988
2024-10-10,dax,-0.0022892689961173,0.0085183047694335,0.0091136589627567,0.0072740075443415,0.8066437878962689,0.0020456270651162,0.0018356760235575,0.9346745148401772,0,Calm/Bull,0.9986
2024-10-11,dax,0.0084453437365988,0.0084604319882011,0.0090552456308739,0.0103913532682064,0.856578137191603,0.0026279320174773,0.0017715865838882,0.934312809732654,0,Calm/Bull,0.9972
2024-10-14,dax,0.0069162650251794,0.0084375550421249,0.0089560915830003,0.0064484808340685,0.6743534684848129,0.0041873008243541,0.00229496915935,0.9421023628365292,0,Calm/Bull,0.9993
2024-10-15,dax,-0.001133473895911,0.0084459507211993,0.0089099931124383,0.0090535875317946,1.0842585355189147,0.0043549299248672,0.0019894386333236,0.947918883282726,0,Calm/Bull,0.9974
2024-10-16,dax,-0.0027430786875669,0.0084911251453055,0.0088252838721273,0.005594697836566,0.7983861843326672,0.0018391574364365,0.0018912558297286,0.9621362064196912,0,Calm/Bull,0.9994
2024-10-17,dax,0.0077188870903286,0.0080055020085708,0.0088352700392968,0.0089473142498785,0.7849047984148994,0.0038407886537257,0.0015058755089818,0.9060845874505942,0,Calm/Bull,0.9981
2024-10-18,dax,0.003770498008232,0.0070103010359775,0.0088144394534501,0.0064678352474565,0.9927637718915064,0.0029058195080524,0.0024429647587357,0.7953201191067879,0,Calm/Bull,0.9946
2024-10-21,dax,-0.0100300900254815,0.0074575801739382,0.0088936309114374,0.009932528974685,0.7401085820880265,-0.0004834515020797,0.0016039819997112,0.8385304324185151,0,Calm/Bull,0.9908
2024-10-22,dax,-0.0020203795803778,0.0073449244839173,0.0088869377574667,0.0114716204254658,0.9702715104433228,-0.0006608326389731,0.0011070089017065,0.8264854198788743,0,Calm/Bull,0.9935
2024-10-23,dax,-0.0022830707313322,0.0072873293816819,0.008877256037727,0.0069373686480486,0.9313897071194136,-0.0005688310477261,0.0011989234128976,0.8208988622961756,0,Calm/Bull,0.9962
2024-10-24,dax,0.0033683605588541,0.0063345315782476,0.0083027030515794,0.007083204752353,1.009096937276522,-0.0014389363540211,0.00052904690408,0.7629481072483493,0,Calm/Bull,0.9953
2024-10-25,dax,0.0010584245884749,0.0057186556528353,0.0076373226991205,0.0065419626670712,0.8618732643877177,-0.0019813510379725,-2.578770560983882e-05,0.7487775334534236,0,Calm/Bull,0.9959
2024-10-28,dax,0.0034891140559086,0.0054730356305052,0.0071729114006949,0.0087939337946512,0.891173015975162,0.0007224897783055,0.0005319345356469,0.7630145313066347,0,Calm/Bull,0.9965
2024-10-29,dax,-0.0027454133837073,0.0053276332662133,0.007197609452897,0.0091445989139228,0.917203570039352,0.0005774830176396,0.0006847390444293,0.7401948245565017,0,Calm/Bull,0.9954
2024-10-30,dax,-0.0113969547289385,0.0059428722034089,0.0071941622752721,0.0114085964381681,1.1510744774346011,-0.0012452937818816,0.0002409812255282,0.8260686895868222,0,Calm/Bull,0.9948
2024-10-31,dax,-0.0093806008967454,0.006063104670575,0.0073229762154545,0.0094005753657462,1.206011865544133,-0.0037950860730015,0.0001630983229548,0.8279563516510381,0,Calm/Bull,0.997
2024-11-01,dax,0.0092575679966494,0.0062896529469456,0.0073941192594497,0.0111940453687638,0.8814016406152934,-0.0021552573913666,0.0003492857740476,0.8506290913427428,0,Calm/Bull,0.9954
2024-11-04,dax,-0.0055788283625294,0.0064243010766657,0.007447227330332,0.0072216619461695,0.8329978569118914,-0.0039688458750542,0.0001143733063814,0.8626433425094936,0,Calm/Bull,0.9982
2024-11-05,dax,0.0056462802606033,0.0065192437863604,0.00745466475215,0.0082337225802067,0.9134817053602416,-0.0022905071461921,0.0004952682893354,0.8745187078305758,0,Calm/Bull,0.9987
2024-11-06,dax,-0.0113308797091826,0.0066400753665301,0.0076205938100858,0.0292074569812231,2.0639117316393127,-0.0022772921422409,-0.000563064883853,0.8713330656387966,2,Stress/Bear,0.9993
2024-11-07,dax,0.0168333965235569,0.0076746153293769,0.0076320178315445,0.0149304844552085,1.482626361202786,0.0029655073418195,0.0003930683921306,1.0055814201136155,0,Calm/Bull,0.9823
2024-11-08,dax,-0.0076229858745871,0.0076282132680126,0.0076630965861969,0.0137946231909778,1.2264993808851496,-0.0004106034324278,-0.0004103480884286,0.9954478822246488,0,Calm/Bull,0.9994
2024-11-11,dax,0.0120588393711794,0.0079673088246003,0.0077782548494693,0.0084540751096414,1.0227440313445932,0.0031169301143139,-0.0001532193711286,1.024305448817214,0,Calm/Bull,0.9998
2024-11-12,dax,-0.0215670951696528,0.0092985531474635,0.0082849448200643,0.0168202393295423,1.578632167855213,-0.0023257449717372,-0.0011749004348157,1.1223434011225284,0,Calm/Bull,0.8121
2024-11-13,dax,-0.0016053556919037,0.0092919322960781,0.0082696894426674,0.0151033054623462,1.5206424660110005,-0.0003806401682814,-0.0011180142850325,1.1236132094799662,0,Calm/Bull,0.9978
2024-11-14,dax,0.0136198382670799,0.0096731655973286,0.0084386428336502,0.0128288371080077,1.247972454877905,-0.0010233518195768,-0.000822966726195,1.146293993953102,0,Calm/Bull,0.9991
2024-11-15,dax,-0.0027492854625434,0.0096199297720814,0.0084015379533281,0.0087320625847974,1.0720539551222323,-4.861173716812772e-05,-0.0011489558997337,1.1450200934069057,0,Calm/Bull,0.9999
2024-11-18,dax,-0.0011260987518128,0.0093905883836604,0.0084023337518244,0.0097586073701776,0.8129997951984647,-0.0026855993617665,-0.0007037563360503,1.1176166837721049,0,Calm/Bull,1.0
2024-11-19,dax,-0.0067388799318041,0.0094842136466358,0.008444497819455,0.0209477953359192,0.9768552469541458,0.0002800436858031,-0.0009396813536216,1.1231234644629111,0,Calm/Bull,0.991
2024-11-20,dax,-0.0029177017378735,0.0094900046952466,0.0084285607252758,0.0124469101984728,0.8422150521709166,1.757447660919089e-05,-0.0009714129039487,1.1259341902571538,0,Calm/Bull,0.9999
2024-11-21,dax,0.0074122020676771,0.0096293884780883,0.0084355543585076,0.0131927087652872,0.8710792039678413,-0.0012239527632713,-0.0007692208285075,1.1415240858920783,0,Calm/Bull,0.9999
2024-11-22,dax,0.0091721781404922,0.0098781438769808,0.0085142205477725,0.0156133031630117,1.0924765662671223,0.0011603399573357,-0.0003635331509067,1.1601935634102305,0,Calm/Bull,0.9997
2024-11-25,dax,0.0042661614459038,0.009895607196762,0.0085284167526282,0.0071331358320327,1.7685516110091546,0.002238791996879,-0.0003246807814069,1.1603099946672455,2,Stress/Bear,0.7604
2024-11-26,dax,-0.0056442227773165,0.0099539868235347,0.008461637719258,0.0075653304576264,0.8731132431678769,0.0024577234277766,-0.0004696212510874,1.1763664616460914,0,Calm/Bull,0.9999
2024-11-27,dax,-0.0017755442204014,0.0096251465083473,0.0083881947513015,0.0073736444962165,0.7484682408760089,0.002686154931271,1.144927433945626e-05,1.1474634046680827,0,Calm/Bull,1.0
2024-11-28,dax,0.0084772359833162,0.0095359135077537,0.0084473529863277,0.0046835030938146,0.6240010446208628,0.0028991617143988,0.0009043411183425,1.1288640978052948,0,Calm/Bull,1.0
2024-11-29,dax,0.0102796063678939,0.0095856423698681,0.0082810036411304,0.0132443444164453,0.7617313336935411,0.0031206473598792,0.0009554430369047,1.1575459672856212,0,Calm/Bull,0.9998
2024-12-02,dax,0.015529603860705,0.0099821878697365,0.0084456527721382,0.0183167511152494,0.909711000103837,0.0053733358428394,0.0020108646480664,1.181932070741441,0,Calm/Bull,0.9241
2024-12-03,dax,0.0041617127024215,0.0099592250869097,0.008329069580995,0.0055828243845779,0.8996683297603472,0.007334522938787,0.0019366362701574,1.1957188002888492,0,Calm/Bull,0.9999
2024-12-04,dax,0.0107030369197321,0.0096274969373342,0.0084094694971904,0.0086643737493792,0.9350883771157996,0.0098302391668137,0.0030383321016031,1.1448399855128448,0,Calm/Bull,0.9988
2024-12-05,dax,0.0062408292568621,0.0091058896783398,0.0083563881094386,0.0077165453438537,0.8753661660675871,0.0093829578215229,0.0025087037382683,1.0896920486561277,0,Calm/Bull,0.9995
2024-12-06,dax,0.0012668844901748,0.0087970294050902,0.0082876660061886,0.0046416950594619,0.9311929146512044,0.0075804134459791,0.0029531972565065,1.0614604158180654,0,Calm/Bull,0.9998
2024-12-09,dax,-0.0018977612541552,0.0085877714339308,0.0082735297046485,0.0070574127312584,0.8887936527372458,0.004094940423007,0.0022553672252397,1.0379815798697989,0,Calm/Bull,0.9998
2024-12-10,dax,-0.0008260962354226,0.0065763643631095,0.0082657012882683,0.0057173299207476,1.0211345591541705,0.0030973786354382,0.0032924171719512,0.7956208594718331,0,Calm/Bull,0.994
2024-12-11,dax,0.0034374149676941,0.0064745825511836,0.0082650516354329,0.0060076385650833,0.9455674305378444,0.0016442542450306,0.0035445557049311,0.7833686753300616,0,Calm/Bull,0.9922
2024-12-12,dax,0.0013280633757944,0.0060364301844752,0.0080584839987525,0.0032022565916859,0.8973089577892651,0.000661701068817,0.0029299669603668,0.7490776410810827,0,Calm/Bull,0.995
2024-12-13,dax,-0.0009967435659131,0.0059619092464178,0.0077801911699271,0.0076301961622464,0.8487353466578861,0.0002089754575994,0.0030175940551984,0.7662934131313441,0,Calm/Bull,0.9934
2024-12-16,dax,-0.0045240737618692,0.0061321934217082,0.0077858503101973,0.004090889905084,1.0370323356051478,-0.0003162870439433,0.0028476953046955,0.7876074131141091,0,Calm/Bull,0.9945
2024-12-17,dax,-0.0033255014609031,0.0058942233226852,0.0077578654043481,0.0056839859693206,1.136584942572005,-0.0008161680890394,0.0030183642282406,0.7597738573012074,0,Calm/Bull,0.9923
2024-12-18,dax,-0.0001876476977395,0.0057800222023722,0.0077298906492435,0.0043319327422985,0.9953281548891746,-0.0015411806221261,0.0031548669302473,0.7477495432536121,0,Calm/Bull,0.9892
2024-12-19,dax,-0.0135637224905955,0.0067829171481512,0.0076814328298673,0.0073070079831245,1.1030584389150782,-0.0045195377954041,0.0021060707023336,0.8830275937293343,0,Calm/Bull,0.9896
2024-12-20,dax,-0.0042709993002604,0.0067115475203492,0.007555097934418,0.0138211482731741,2.037364902438935,-0.0051743889422736,0.001433911830296,0.8883468591153703,2,Stress/Bear,0.9167
2024-12-23,dax,-0.0018110894282343,0.0067141417079475,0.0074873514488896,0.0048239766122152,0.6128132235547326,-0.0046317920755466,0.0011300492865891,0.896731207794879,0,Calm/Bull,0.9983
2024-12-27,dax,0.0068059648408096,0.0066296351229679,0.0074859643172098,0.0091566904209667,0.7033629453708274,-0.002605498815204,0.0017525586674954,0.8856086994332489,0,Calm/Bull,0.9979
2024-12-30,dax,-0.0037690275413947,0.0067000820140195,0.0074966617596465,0.0047882568072925,0.4411216536627034,-0.0033217747839351,0.0016528845014457,0.8937420719826401,0,Calm/Bull,0.9991
2025-01-02,dax,0.0057855676755004,0.0065817767719995,0.0074420911053558,0.0095366787006567,0.8606449668024915,0.000548083249284,0.001518301086055,0.884398844198896,0,Calm/Bull,0.999
2025-01-03,dax,-0.0059393052073779,0.0064431877154915,0.0074673691056552,0.008186883070921,0.7328540777600343,0.0002144220678605,0.0007073555072914,0.8628457525438169,0,Calm/Bull,0.999
2025-01-06,dax,0.0154585248573755,0.0064345955957559,0.0077040144828049,0.0145957433365063,1.1618023595527749,0.0036683449249825,0.0007038015571249,0.8352263109211143,0,Calm/Bull,0.8894
2025-01-07,dax,0.0061336877033356,0.0065050930206519,0.0077230796479115,0.0117238946333009,1.018958593758279,0.0035338894974877,0.0008024003071706,0.8422926238253918,0,Calm/Bull,0.9926
2025-01-08,dax,-0.0005227797575382,0.0060760141791771,0.0076393152256098,0.0117034134827896,1.034712944566302,0.004183139054259,0.0002411094733071,0.7953611023679384,0,Calm/Bull,0.9809
2025-01-09,dax,-0.0006317726689674,0.0059109384360347,0.0076305586531599,0.0056317055128381,0.8302244308402356,0.0028996709853654,-0.0001025206229843,0.7746403251335896,0,Calm/Bull,0.9961
2025-01-10,dax,-0.0050484084271206,0.0060019166249003,0.007604202236932,0.0105145211987046,1.2464571960953916,0.0030778503414169,-0.0004182852688491,0.7892894531066363,0,Calm/Bull,0.9839
2025-01-13,dax,-0.0040616783767288,0.00604930790976,0.0075843420602857,0.0074917401685037,0.9217012769889784,-0.0008261903054039,-0.0005264811249778,0.7976048366062412,0,Calm/Bull,0.9967
2025-01-14,dax,0.0068547864139358,0.0062691052870724,0.0076247378349931,0.0063306195316449,1.0719690536904962,-0.0006819705632838,-0.0001424369925098,0.8222060118973297,0,Calm/Bull,0.9968
2025-01-15,dax,0.0148536020246625,0.0070795529174524,0.0078274131390843,0.0164838722048756,1.3055633023017743,0.0023933057931562,0.0004283723603385,0.9044562733123648,0,Calm/Bull,0.9188
2025-01-16,dax,0.0039151541574344,0.007120374295864,0.0077869741496319,0.0045988108431137,1.0587058795338546,0.0033026911584366,0.0005577268994205,0.9143955224508576,0,Calm/Bull,0.9993
2025-01-17,dax,0.0119350441183637,0.0075462095196969,0.0079085819641144,0.0099562384092891,1.1949956088635136,0.0066993816675335,0.0012043162836343,0.9541798458861808,0,Calm/Bull,0.9951
2025-01-20,dax,0.0041495520407532,0.0074482730464377,0.0077835229722175,0.0082909348333061,0.7922244923704214,0.0083416277510299,0.0016379975737655,0.9569282538284486,0,Calm/Bull,0.9987
2025-01-21,dax,0.0024595116713366,0.0073571443974363,0.0077729956549366,0.0058392329923486,0.794976694705683,0.0074625728025101,0.0019272482303774,0.9465005158936216,0,Calm/Bull,0.9995
2025-01-22,dax,0.0100373539204341,0.0075550519752379,0.0078382495719609,0.0079305757133722,1.0196786147183357,0.0064993231816644,0.0024384983112861,0.9638697908094148,0,Calm/Bull,0.9989
2025-01-23,dax,0.0073717348368386,0.0066127806078032,0.0078710423213849,0.0078901161510988,0.9181574676911648,0.0071906393175452,0.0034852711776578,0.8401403953624925,0,Calm/Bull,0.9887
2025-01-24,dax,-0.0007755656786802,0.0064409568435597,0.007876769236287,0.00782850127677,1.1628047443047926,0.0046485173581364,0.0036600428587368,0.8177155697144586,0,Calm/Bull,0.9872
2025-01-27,dax,-0.0052838753128568,0.0066399506490714,0.0079219662572321,0.0123751935946997,1.3224707250272685,0.0027618318874144,0.0034864035645057,0.8381695192162295,0,Calm/Bull,0.9551
2025-01-28,dax,0.0069487894752411,0.0066437844201372,0.0079342004055568,0.0083791624792879,1.1109375335580622,0.0036596874481953,0.0034935447962273,0.8373602985228525,0,Calm/Bull,0.9908
2025-01-29,dax,0.0096103968604732,0.0065469077849748,0.0078138951325044,0.0090559886048681,1.0977643297443012,0.0035742960362031,0.0041625160163207,0.8378545749533854,0,Calm/Bull,0.9717
2025-01-30,dax,0.0041356214024231,0.006535765327275,0.0076755375160034,0.0037405412246998,1.256438955772088,0.00292707334932,0.0040800187026668,0.8515058800309485,0,Calm/Bull,0.9928
2025-01-31,dax,0.0002232695005161,0.0061737864193931,0.0076225249624857,0.0051182683985796,1.0622788601683504,0.0031268403851593,0.0043881474380615,0.8099398099419113,0,Calm/Bull,0.9875
2025-02-03,dax,-0.0140784761981506,0.0068787940613894,0.0078419057848559,0.0098037973581701,1.2088528009020665,0.0013679202081005,0.0029112973852852,0.8771839716148548,0,Calm/Bull,0.9826
2025-02-04,dax,0.0036082907556625,0.0068395962713662,0.0078296995654771,0.0102218543449329,0.9549209443564486,0.0006998204641848,0.0027850275379016,0.8735451742648598,0,Calm/Bull,0.9959
2025-02-05,dax,0.0037237191302932,0.0067972880858243,0.0076393336619459,0.0091823232654083,0.918571400792218,-0.0004775150818511,0.0029973524822931,0.8897749969586868,0,Calm/Bull,0.9967
2025-02-06,dax,0.0145554303553845,0.0072065227730229,0.0075701787300231,0.0104759756943952,1.1189992623655052,0.0016064467087411,0.0037567126335107,0.9519620381540106,0,Calm/Bull,0.9871
2025-02-07,dax,-0.0052836677894783,0.0072218272692671,0.0075253846835146,0.0085069006173406,1.01701327703842,0.0005050592507422,0.0037449496653929,0.9596622063836264,0,Calm/Bull,0.9975
2025-02-10,dax,0.0057091152981078,0.0069927860490514,0.0074268676965911,0.0073271579314421,0.805976880199081,0.0044625775499939,0.0042334893491347,0.9415525272196718,0,Calm/Bull,0.9984
2025-02-11,dax,0.0057379486899341,0.0069751887773339,0.0067662754843171,0.0073523253560173,0.8331278264971961,0.0048885091368482,0.0041776474629346,1.0308756705961892,0,Calm/Bull,0.9999
2025-02-12,dax,0.0049879961050587,0.0065140579204119,0.0067529477146566,0.0100243470095701,1.1083233618843522,0.0051413645318013,0.0036843671669544,0.9646243678555028,0,Calm/Bull,0.9982
2025-02-13,dax,0.0207330808313441,0.0075487513896567,0.0070081563592695,0.0140739412477151,1.4172852200865216,0.0063768946269933,0.0045252635006499,1.077137980757544,2,Stress/Bear,0.5451
2025-02-14,dax,-0.0043700301862669,0.007586754149187,0.0070324837851247,0.0063340693237566,1.009075034991358,0.0065596221476355,0.0037100097854184,1.078815732961194,0,Calm/Bull,0.9997
2025-02-17,dax,0.0125651812854874,0.0078415145422367,0.0071295358441705,0.0111179818895874,0.7330576372924678,0.0079308353451115,0.0041307912476551,1.0998632608949426,0,Calm/Bull,0.9917
2025-02-18,dax,0.0020336344805863,0.0078468682271822,0.0070181785692608,0.0073330355774912,0.9012320768432174,0.0071899725032419,0.0041094973881176,1.1180775965933671,0,Calm/Bull,0.9995
2025-02-19,dax,-0.0181491775773757,0.0091492840639621,0.0074957575409404,0.0231327320632152,1.050939630772101,0.002562537766755,0.0027001708132271,1.2205949850952975,2,Stress/Bear,0.9972
2025-02-20,dax,-0.0053177796246678,0.0092477348825843,0.0075419932031991,0.0131913057048686,1.0126365084494309,-0.0026476343244473,0.0020656950901518,1.2261658998395426,0,Calm/Bull,0.9993
2025-02-21,dax,-0.0012147311315595,0.0092553546346159,0.0075065943678024,0.007504186007627,1.054574777211047,-0.0020165745135058,0.0020437368175078,1.2329632029025412,0,Calm/Bull,0.9996
2025-02-24,dax,0.0061891649072368,0.0091320123474253,0.0075188824906379,0.0124899887441957,1.0387819293011515,-0.0032917777891559,0.0026173888285125,1.214543831320151,0,Calm/Bull,0.9967
2025-02-25,dax,-0.0006985497058038,0.0091011557037393,0.0074559205111769,0.0108864710288199,1.0288056699362516,-0.003838214626434,0.0022350218694602,1.220661578955431,0,Calm/Bull,0.9989
2025-02-26,dax,0.0169828268176156,0.0095536535477205,0.0076642442044718,0.0122347776255241,1.1566869477586552,0.0031881862525642,0.0026036433673174,1.2465225915095823,0,Calm/Bull,0.9961
2025-02-27,dax,-0.0107275810997256,0.0099960583698808,0.0078227816976832,0.0136735002844261,1.064259587622924,0.0021062259575526,0.0018604832422099,1.277813795167153,0,Calm/Bull,0.9985
2025-02-28,dax,2.390398082800169e-05,0.0099978762033271,0.0077614136974375,0.009860534063978,1.6493153440346702,0.0023539529800302,0.0018505149662255,1.2881514364616335,0,Calm/Bull,0.9402
2025-03-03,dax,0.0260675615784515,0.0106408854316239,0.0081737835132554,0.033540866576876,1.2906532497106729,0.0063296323142731,0.0038578168550556,1.301831081575325,2,Stress/Bear,1.0
2025-03-04,dax,-0.0360778032951975,0.0138931687171682,0.0095665426416481,0.0246273245442108,1.4404626736259665,-0.0007462184036056,0.0018735121525126,1.4522664286974485,2,Stress/Bear,1.0
2025-03-05,dax,0.0332228145655631,0.0155651910354307,0.0103320855478885,0.0167020281046215,1.8171119288364777,0.0025017791459838,0.0033484669242761,1.5064907238027745,2,Stress/Bear,1.0
2025-03-06,dax,0.0145571371295611,0.0155652557178828,0.0104424636983165,0.0176908513161869,1.7981818169752544,0.0075587227918412,0.0033485522629849,1.4905731221638965,2,Stress/Bear,0.9999
2025-03-07,dax,-0.0176853624025721,0.016162801293416,0.0107571946090608,0.0162632101975989,1.2578007963174374,0.0040168695151612,0.0027284675323302,1.5025108200424324,2,Stress/Bear,0.9921
2025-03-10,dax,-0.0170063787896453,0.016730474844654,0.0110239474408694,0.0285146874535375,1.242396667711264,-0.0045979185584581,0.0015926928279426,1.5176482774789557,2,Stress/Bear,0.9871
2025-03-11,dax,-0.0130004730074884,0.0170084930836857,0.0111833645557495,0.0258320919707531,1.087032190061508,1.7547499083665068e-05,0.0006557717430715,1.5208744201172837,2,Stress/Bear,0.9071
2025-03-12,dax,0.0154492234856162,0.0173069716485019,0.0113241036586195,0.0155258398518146,0.8998495656729314,-0.0035371707169057,0.0011788331120993,1.528330380067518,2,Stress/Bear,0.9503
2025-03-13,dax,-0.0048302903647831,0.0167208674368102,0.0113559846672712,0.0148583532334415,0.8865447491163674,-0.0074146562157745,-9.933544770698746e-05,1.4724277926335063,2,Stress/Bear,0.8514
2025-03-14,dax,0.0184261281789675,0.0171849558996277,0.0115540402013905,0.025421581592441,1.032972037722856,-0.0001923580994666,0.0010404724705547,1.4873546915268152,2,Stress/Bear,0.8601
2025-03-17,dax,0.0072711609599363,0.0170382429125485,0.0115417540463222,0.0095445519833591,0.736417127576218,0.0046631498504496,0.0007757714542771,1.4762264768566775,2,Stress/Bear,0.7822
2025-03-18,dax,0.009718679547768,0.0171543658694631,0.0115591029089037,0.0100702385564749,0.8754018560668586,0.0092069803615009,0.0011600237076362,1.4840568515269053,2,Stress/Bear,0.7627
2025-03-19,dax,-0.0039700559438922,0.0165983404175739,0.0115837362942574,0.0101142392321977,0.8608430676842177,0.0053231244755992,0.0018689797893104,1.432900404147009,2,Stress/Bear,0.6423
2025-03-20,dax,-0.012483530648457,0.0168372563606657,0.0115594205215454,0.0215542948469988,0.9876250208279038,0.0037924764188645,0.0015106922381209,1.45658308124382,2,Stress/Bear,0.6881
2025-03-21,dax,-0.0046837635934287,0.0168846122324046,0.0115635521285606,0.0102129253430302,1.5087358348543451,-0.0008295019356147,0.0013372406150275,1.4601579207397368,2,Stress/Bear,0.9977
2025-03-24,dax,-0.0017059833346267,0.0168574766309806,0.0115629194840191,0.0141940190565205,0.688077337570406,-0.0026249307945273,0.0009424832029343,1.4578910329937829,2,Stress/Bear,0.7647
2025-03-25,dax,0.0111887679216743,0.0170054848650728,0.0116053204055333,0.0145938054524378,0.6288473055412809,-0.002330913119746,0.0015368490843082,1.4653179981971585,2,Stress/Bear,0.9164
2025-03-26,dax,-0.0117854129546118,0.0168461578489208,0.0117233446947386,0.0165602792574354,0.6064083832077125,-0.00389398452189,9.84370956968696e-05,1.4369753929082385,2,Stress/Bear,0.7891
2025-03-27,dax,-0.0070429516525341,0.0167413537617135,0.0117753461002024,0.0119314318588056,0.7847044023996269,-0.0028058687227054,0.0002826685680564,1.4217292315022232,1,Transition,0.5185
2025-03-28,dax,-0.0096243300757226,0.0168875738055463,0.0118273470737085,0.0105536395665573,0.8735094253311079,-0.0037939820191642,-0.000199743134771,1.4278412310302713,2,Stress/Bear,0.5692
2025-03-31,dax,-0.0133572509913404,0.0159341502762693,0.0118571325643926,0.0154108667063751,0.9021496012863648,-0.0061242355505069,-0.0021709837632606,1.3438451657460704,1,Transition,0.8005
2025-04-01,dax,0.0168442910679362,0.0143195056847451,0.0120072488921222,0.0122600725966966,0.7464359495074041,-0.0049931309212546,0.0004751209548959,1.1925717384054566,1,Transition,0.8335
2025-04-02,dax,-0.0066387024189943,0.0121279681932101,0.0120524099672507,0.0154590282193733,0.7043639314438873,-0.003963788814131,-0.0015179548943318,1.0062691383851567,0,Calm/Bull,0.8474
2025-04-03,dax,-0.0305385887989994,0.0131324668408926,0.012745176059337,0.0219404020251627,1.3744938395892852,-0.0086629162434241,-0.0037727411907599,1.0303872445349065,2,Stress/Bear,0.5578
2025-04-04,dax,-0.0507990463402162,0.0166066862961659,0.014383221143965,0.0583672649474228,2.1068146286807603,-0.0168978594963228,-0.0054284253876421,1.154587427249136,2,Stress/Bear,1.0
2025-04-07,dax,-0.042156790150362,0.0183864297479215,0.0153869831608966,0.1167162194904703,2.5631322556893004,-0.0226577673281271,-0.0066859459556779,1.1949340267459008,2,Stress/Bear,1.0
2025-04-08,dax,0.0244904732092178,0.0195811032513705,0.0156911481597626,0.0287939713543409,1.398733069060906,-0.0211285308998708,-0.0048113986448426,1.2479076133882294,2,Stress/Bear,1.0
2025-04-09,dax,-0.0305085743289281,0.0197740107960759,0.0160523665297897,0.0325857412770363,1.3994524516177476,-0.0259025052818576,-0.0071092885355698,1.231843962656822,2,Stress/Bear,1.0
2025-04-10,dax,0.044340823401578,0.0228844337125463,0.0170677145035564,0.0358697537394622,1.3019890962093268,-0.0109266228417421,-0.0046507328472517,1.3408024670073937,2,Stress/Bear,1.0
2025-04-11,dax,-0.0092157694699087,0.0222430866134742,0.0170338472294867,0.0334694621761947,0.9624166350413192,-0.0026099674676806,-0.0060328277296956,1.3058169604204266,2,Stress/Bear,0.9481
2025-04-14,dax,0.0281047052505415,0.0233587765026714,0.0174193229168452,0.0166749107758102,0.7113288069196316,0.0114423316125,-0.0049911505151653,1.3409692566226237,2,Stress/Bear,0.9957
2025-04-15,dax,0.0141617886523612,0.0235265642375884,0.0175129106987536,0.0115673797226843,0.6429877966175953,0.0093765947011287,-0.0047689950599356,1.3433840120741798,2,Stress/Bear,0.977
2025-04-16,dax,0.0026933267190994,0.0235855812118104,0.0174683625084106,0.0168729645992637,0.6080761365055198,0.0160169749107342,-0.004435825926786,1.3501884449933137,2,Stress/Bear,0.9994
2025-04-17,dax,-0.0049467587178529,0.0235103208415192,0.0174531680384606,0.0138829738243041,0.6539602788423327,0.006159458486848,-0.0040589873302558,1.347051766745773,2,Stress/Bear,0.9112
2025-04-22,dax,0.0041257085793756,0.0235804190591621,0.0174617101196188,0.0118487066062377,0.6360718092640107,0.0088277540967049,-0.0036185137216156,1.3504071993881444,2,Stress/Bear,0.9436
2025-04-23,dax,0.030909115511265,0.0248151049834295,0.0178985470501606,0.0146120837964844,0.8964233272762594,0.0093886361488496,-0.001987758779321,1.386431251312481,2,Stress/Bear,0.9962
2025-04-24,dax,0.0046580715429784,0.0246751664810095,0.0178870498311679,0.0158503620730724,0.6332986942501346,0.0074878927269731,-0.0023142935982558,1.379498951135777,2,Stress/Bear,0.9658
2025-04-25,dax,0.0080321653239071,0.0246727244099415,0.0178745603633785,0.010791056726238,0.7122974957486072,0.0085556604479346,-0.0013234146843299,1.380326223882468,2,Stress/Bear,0.967
2025-04-28,dax,0.0013128736628415,0.0246415024198621,0.017868434659874,0.0084448125706222,0.566681818216388,0.0098075869240735,-0.0009056234185611,1.3790521043904245,2,Stress/Bear,0.9873
2025-04-29,dax,0.0068979592826534,0.0246107592470108,0.0178880033643026,0.0060822894916184,0.7684611440247081,0.0103620370647291,-7.950895064233708e-05,1.3758248333139422,2,Stress/Bear,0.9888
2025-04-30,dax,0.0031676758089451,0.0244181684498374,0.0177876681812795,0.0165168867280279,1.0011524025208016,0.0048137491242651,0.0007467373893719,1.3727582615655158,2,Stress/Bear,0.9047
2025-05-02,dax,0.0258734464927709,0.0248117502426788,0.0180769062595331,0.0139535454277427,0.8453751095990363,0.0090568241142236,0.0011981951606136,1.3725661839726622,2,Stress/Bear,0.9849
2025-05-05,dax,0.0111085383275392,0.0248340659094504,0.018119593607905,0.0128501345838042,0.4918198474471056,0.00967209871495,0.0020855571979403,1.370564177477803,2,Stress/Bear,0.989
2025-05-06,dax,-0.0040729886780401,0.0236826131516155,0.0180481649292365,0.0227297604693484,0.6947878488086514,0.0085949262467737,0.0034088372039883,1.3121895353057,2,Stress/Bear,0.9756
2025-05-07,dax,-0.005766766350699,0.0201321409668724,0.0180511209067508,0.0086499182281722,0.734052040745407,0.0060619811201032,0.0056604512034641,1.115284810891897,1,Transition,0.6312
2025-05-08,dax,0.0101888288803076,0.0166982087605374,0.0180802248582083,0.0072813481651144,0.8331767000306298,0.0074662117343757,0.0082777321549976,0.9235620071924336,1,Transition,0.9423
2025-05-09,dax,0.0062593403719463,0.0162583995507285,0.0180826357259891,0.0048677438476445,0.8830437364040666,0.0035433905102108,0.007366175513134,0.899116688357619,1,Transition,0.9478
2025-05-12,dax,0.0028563717562994,0.0136739403246396,0.0180769010079172,0.0233491971038121,1.2212055530553576,0.0018929571959628,0.0090344228173954,0.7564316648440368,1,Transition,0.8841
2025-05-13,dax,0.0030514304960697,0.0108980196477577,0.0178935247283452,0.0045193140213913,1.0927483513079048,0.0033178410307848,0.00696995317212,0.6090482346663691,1,Transition,0.9982
2025-05-14,dax,-0.0047301872320636,0.0105891688910182,0.0178953283153581,0.0109571537168591,1.113615714597877,0.0035251568545119,0.0071942322840123,0.5917281149812917,1,Transition,0.9991
2025-05-15,dax,0.0071398354035828,0.0093787504756323,0.0178481782834384,0.0150993946493537,1.0360906804469256,0.0029153581591669,0.0061459887916643,0.525473822969094,1,Transition,0.9998
2025-05-16,dax,0.003027194616804,0.0092067855973643,0.0178499506788381,0.0093720693793469,0.9936691669482404,0.0022689290081384,0.0055892590898865,0.5157877331436742,1,Transition,0.9999
2025-05-19,dax,0.0070248639318323,0.0091860006357375,0.0176955337234,0.0108101293298658,0.667524398595518,0.003102627443245,0.0058058359505231,0.5191140758636884,1,Transition,0.9998
2025-05-20,dax,0.0042162500952727,0.0088436120284316,0.0176799124024121,0.007639791303579,0.926240863531398,0.0033355913630856,0.0062639863911794,0.5002067785825175,1,Transition,0.9999
2025-05-21,dax,0.0035836286626616,0.008851337673213,0.0176794795281359,0.0116393694948832,0.8188527733250213,0.0049983545420307,0.0062368823953437,0.5006560096481696,1,Transition,0.9999
2025-05-22,dax,-0.0051216424286835,0.0070485669199112,0.0176869656255594,0.0082144768190631,0.8029385070498994,0.0025460589755774,0.0044353444983463,0.3985175902487994,1,Transition,1.0
2025-05-23,dax,-0.0155199228302611,0.0083406712175887,0.0178159670474091,0.0369972917783382,1.319016166049358,-0.0011633645138355,0.0034264447796843,0.468157086022543,1,Transition,0.6013
2025-05-26,dax,0.0167059464688529,0.0088053210893723,0.0178117615693331,0.0049343379376478,0.5304429128722217,0.0007728519935685,0.0038601338369316,0.4943543093757037,1,Transition,0.9997
2025-05-27,dax,0.0082414054677779,0.008836070480861,0.0177705673281154,0.0112777666299069,0.767919592187983,0.0015778830680695,0.0042065604271784,0.4972306352246375,1,Transition,0.9999
2025-05-28,dax,-0.0078028793667818,0.0092041866127031,0.0178079932739744,0.0119718355062131,0.8420655171596266,-0.0006994185378191,0.0034715184947066,0.5168570355512534,1,Transition,1.0
2025-05-29,dax,-0.0043759034871213,0.0093703575306197,0.0175148005039252,0.0141205015842414,0.6486343175622323,-0.0005502707495067,0.0030943395299033,0.5349965321340479,1,Transition,0.9999
2025-05-30,dax,0.0026809549546198,0.0076868205540568,0.0168425985421302,0.0092967930389827,1.643898776933182,0.0030899048074694,0.0019347149529958,0.4563916033994978,1,Transition,0.9658
2025-06-02,dax,-0.0027879477762055,0.007437974703188,0.0163156041431079,0.0105776754349703,0.7879458764134173,-0.0008088740415422,0.0012398906478085,0.4558810472445772,1,Transition,1.0
2025-06-03,dax,0.0067031299231463,0.0074231499416326,0.0162330459329266,0.0114214057031146,0.7582099706649778,-0.0011165291504685,0.0017786965778678,0.4572863264420224,1,Transition,1.0
2025-06-04,dax,0.0076439731865724,0.0073105367655426,0.0160815031621117,0.0089316933071956,0.8210357062734699,0.0019728413602023,0.0024492335547314,0.4545928755445192,1,Transition,1.0
2025-06-05,dax,0.0019382537219268,0.0070799612445799,0.0159091512416413,0.0106361392337826,0.8222314133347756,0.0032356728020119,0.0020367047968124,0.4450244476932546,1,Transition,1.0
2025-06-06,dax,-0.0007863422507201,0.0070339329214344,0.0158020263722918,0.0057808317724594,0.6456321643366977,0.0025422133609439,0.0016844206656791,0.4451285395756664,1,Transition,1.0
2025-06-09,dax,-0.0053689855340323,0.0072003007212534,0.0157169332267721,0.0079596828116612,0.5897237868428876,0.0020260058093786,0.0012731528011625,0.4581237711812967,1,Transition,1.0
2025-06-10,dax,-0.0077555402073211,0.0074606256762638,0.0157400539952052,0.0084969170625627,0.984145166059024,-0.0008657282167148,0.0007328042659929,0.4739898400943574,1,Transition,1.0
2025-06-11,dax,-0.0016129753375917,0.007372531984854,0.0155761489984158,0.0084688778687891,1.052762187385396,-0.0027171179215477,0.0008886648607165,0.47332187086833,1,Transition,1.0
2025-06-12,dax,-0.007437162185494,0.007442227133403,0.0155864493056076,0.0111987676918756,1.088134449186393,-0.0045922011030318,0.0001598149812627,0.477480597888672,1,Transition,1.0
2025-06-13,dax,-0.0107944069084927,0.0077953070470485,0.0156043988198094,0.0084006142698983,1.2494405192118276,-0.0065938140345864,-0.0005312650950021,0.4995583064150181,1,Transition,0.9997
2025-06-16,dax,0.0077470393879883,0.0078337279878705,0.0156259497917605,0.0087003827031084,0.9409242458046742,-0.0039706090501822,-0.0004951563221943,0.5013281171555545,1,Transition,1.0
2025-06-17,dax,-0.0112221673826932,0.0081011135320408,0.0156093107919567,0.0100671406631856,0.9441074279307208,-0.0046639344852566,-0.0012670771960926,0.5189923911448557,1,Transition,1.0
2025-06-18,dax,-0.00499824328612,0.0080578258641334,0.01561106963029,0.0103057957893137,0.9772388870942632,-0.0053409880749623,-0.0016961707935317,0.5161610354039333,1,Transition,1.0
2025-06-19,dax,-0.0112315407143365,0.0083065144892033,0.0156801749824182,0.0088175059860424,0.7188313253984909,-0.0060998637807308,-0.0020016657078143,0.5297462878135732,1,Transition,1.0
2025-06-20,dax,0.012634642893824,0.0082806361042392,0.0156985297608196,0.0126117039865059,2.533752801120159,-0.0014140538202675,-0.0005939374216101,0.5274784473706594,2,Stress/Bear,1.0
2025-06-23,dax,-0.0034981496101744,0.0072240386081177,0.015627832494334,0.0131209084507769,0.8177102857036409,-0.0036630916199,-0.0016041422255614,0.4622546735599368,1,Transition,1.0
2025-06-24,dax,0.0158846071918072,0.0079390724719808,0.0157249783199555,0.009837672618811,1.0355617596633384,0.001758263295,-0.00122198213936,0.5048701696399757,1,Transition,1.0
2025-06-25,dax,-0.0060776713605668,0.0078729024105463,0.015692169480697,0.010490522722484,0.9285473790892892,0.0015423776801106,-0.0011357217390492,0.5017089842313308,1,Transition,1.0
2025-06-26,dax,0.0064041911061622,0.0080072672286018,0.0155981152328491,0.0080120960235842,0.829780365890257,0.0050695240442104,-0.000596717009385,0.5133483827417072,1,Transition,1.0
2025-06-27,dax,0.0161035199693378,0.0088179146597849,0.0155857154379458,0.010649077948663,0.9681252813420864,0.0057632994593132,7.441124135082831e-05,0.5657690014226981,1,Transition,0.9999
2025-06-30,dax,-0.005156625165165,0.0088741103960667,0.0155744629215723,0.0111465545691291,1.172465715672827,0.0054316043483151,-4.402262809714733e-05,0.5697859657025557,1,Transition,0.9998
2025-07-01,dax,-0.009933075256939,0.0089873536861425,0.0150846071389647,0.0129695222826623,1.0151203200909389,0.0002680678585658,-0.0008758328871014,0.5957963375080191,1,Transition,1.0
2025-07-02,dax,0.0049225530509912,0.008871426269039,0.0134397255877255,0.0085783581280823,0.8768055229485222,0.0024681127408774,-0.0010119038938804,0.6600898367405121,1,Transition,1.0
2025-07-03,dax,0.0060355878217234,0.0089896612519752,0.012107871693204,0.0075908203463689,0.7705880759398491,0.0023943920839896,-0.0008070371888906,0.7424641984785018,1,Transition,0.9924
2025-07-04,dax,-0.0061474118131764,0.0090685932831962,0.0118364466347385,0.0069902113230338,0.5688731768048901,-0.0020557942725131,-0.0010750906670134,0.7661584226283777,1,Transition,0.938
2025-07-07,dax,0.011960611051048,0.0094563388343419,0.0110640664615326,0.0098485126912271,0.656061232381689,0.0013676529707294,-0.0002086108377594,0.8546892652190412,0,Calm/Bull,0.8805
2025-07-08,dax,0.0055194271656476,0.0093641746689161,0.0096752419946769,0.0074635680765871,1.0055991408177878,0.0044581534552467,0.0004551375308889,0.9678491425917908,0,Calm/Bull,0.9965
2025-07-09,dax,0.0140558176998527,0.0098261022786748,0.0096551144497382,0.0141811347024016,1.004000157339798,0.006284806385019,0.0012385771827612,1.0177095600292174,0,Calm/Bull,0.9664
2025-07-10,dax,-0.0037852266418822,0.0096893776712072,0.0091185515957755,0.007692291105965,0.9772846515286444,0.0043206434922979,0.0014211739599418,1.062600520426522,0,Calm/Bull,0.9995
2025-07-11,dax,-0.0082731420754391,0.0095372904186758,0.0090953520779461,0.0083453857036301,0.7755098567192835,0.0038954974398454,0.0015472372015944,1.048589470417675,0,Calm/Bull,0.9993
2025-07-14,dax,-0.0039106963815346,0.0094945818725511,0.0091291985658651,0.0079749411652862,0.7264377828696953,0.0007212359533288,0.0009643504131183,1.040023590685412,0,Calm/Bull,0.9997
2025-07-15,dax,-0.0041621639408957,0.0091423605288826,0.0091195026725551,0.0085834997176688,0.728038235382218,-0.0012150822679798,0.0013173505852082,1.0025064805777502,0,Calm/Bull,0.9992
2025-07-16,dax,-0.0021181015904799,0.0090599558778287,0.0091316667316884,0.0099486667117336,0.9044451034578082,-0.0044498661260463,0.0014613576699902,0.9921470136869076,0,Calm/Bull,0.9959
2025-07-17,dax,0.0149463926413845,0.0090205773496575,0.0084847822255824,0.0081958397540102,0.8273444581942377,-0.0007035422693929,0.0027702543377762,1.063147775609328,0,Calm/Bull,0.9985
2025-07-18,dax,-0.003346455509797,0.0088060496584878,0.0085009506058132,0.0100257883639807,0.9143158853993234,0.0002817950437354,0.0019711994175952,1.0358899924046083,0,Calm/Bull,0.9997
2025-07-21,dax,0.0007527583844816,0.0087179518659155,0.0084594580550691,0.0059087577499314,0.8255679396997339,0.0012144859969386,0.002183744817328,1.0305567814348924,0,Calm/Bull,0.9998
2025-07-22,dax,-0.0109991609018469,0.0085655046677219,0.0086115377179176,0.0131262534574038,0.9622936715348824,-0.0001529133952515,0.0008395564126453,0.9946544912530676,0,Calm/Bull,0.9978
2025-07-23,dax,0.0082398441699133,0.008555257510407,0.0086281157246777,0.0077873389572405,1.5408020276582386,0.001918675756827,0.0015554321891693,0.9915557212495072,0,Calm/Bull,0.9961
2025-07-24,dax,0.0022708318411005,0.0084815691541139,0.0086255966420213,0.0115035826152721,1.4570606295677078,-0.0006164364032297,0.0013487642259162,0.9833023158994234,0,Calm/Bull,0.9987
2025-07-25,dax,-0.0032333214259608,0.0077846012341507,0.0080160754318044,0.0077382219727469,1.0117444660741233,-0.0005938095864624,0.0003819221561513,0.9711237500666076,0,Calm/Bull,0.9997
2025-07-28,dax,-0.0102574712852919,0.0080544873597346,0.0080248092182295,0.0209571977891966,1.003478514889757,-0.0027958555204171,0.0001268798501449,1.0036982987006986,0,Calm/Bull,0.9584
2025-07-29,dax,0.010252067765996,0.0079919871040881,0.0081009723840106,0.010665446812169,0.9671407505468994,0.0014543902131514,0.0011361370012917,0.9865466422108036,0,Calm/Bull,0.9994
2025-07-30,dax,0.001850328166601,0.0079447648893651,0.0080578064101473,0.0067825033727767,0.9883757811571424,0.0001764870124889,0.0009825257570722,0.9859711793721044,0,Calm/Bull,0.9998
2025-07-31,dax,-0.0081423747457831,0.0081011569532024,0.0080435514349466,0.0163504164786149,1.1622039538498796,-0.0019061543048877,0.0002736276286968,1.00716170198223,0,Calm/Bull,0.9982
2025-08-01,dax,-0.0269327961866582,0.0100637553803552,0.0087511003844816,0.0180052737609175,1.2807381410660994,-0.0066460492570272,-0.0007656415899772,1.1499988502247445,0,Calm/Bull,0.8016
2025-08-04,dax,0.014060978493706,0.0102133938233085,0.0089318997872362,0.0110355717889693,0.9265023333099256,-0.0017823593012276,-0.0006606232178443,1.1434738484083198,0,Calm/Bull,0.9995
2025-08-05,dax,0.0037131924603535,0.0101637357695302,0.0089359702245576,0.0081568897128949,1.0628129735313814,-0.0030901343623561,-0.000750934953109,1.1373958858545117,0,Calm/Bull,0.9997
2025-08-06,dax,0.0032777236086632,0.0096078662156347,0.0089217020522511,0.0079404718909009,1.2064536589017014,-0.0028046552739437,-0.0012898396576685,1.0769095582171448,0,Calm/Bull,0.9991
2025-08-07,dax,0.0111455071769712,0.0099767501438185,0.0089886469833084,0.0203607781337191,1.3567675731272846,0.0010529211106071,-0.0005433029667258,1.109927908209655,0,Calm/Bull,0.9679
2025-08-08,dax,-0.0012259500951076,0.0098124726588326,0.0089839126895939,0.0071527163007792,0.9913704778740204,0.0061942903289172,-0.0001909433677092,1.092227072753993,0,Calm/Bull,0.9994
2025-08-11,dax,-0.003379457433411,0.009802587528029,0.0089517737812054,0.0078500226202763,0.7386102301839333,0.0027062031434938,-0.000164381420303,1.095044151876342,0,Calm/Bull,0.9999
2025-08-12,dax,-0.0023514918246617,0.0097720357810384,0.0089407554992732,0.0089911238290999,0.9738816421965608,0.0014932662864908,-7.384781449137167e-05,1.0929765143261954,0,Calm/Bull,0.9999
2025-08-13,dax,0.0066712263834822,0.0098723841863522,0.0089706129733467,0.0044903416952663,0.8546814119138966,0.0021719668414546,0.0003656185842067,1.1005250383318128,0,Calm/Bull,0.9999
2025-08-14,dax,0.0079035809238746,0.0094411118469316,0.0090010487580156,0.008367571274741,0.8431400309004844,0.0015235815908352,1.3477998331243737e-05,1.0488902016583528,0,Calm/Bull,0.9997
2025-08-15,dax,-0.0007468368585616,0.0094102639648227,0.0087609145941498,0.0085597598838097,0.8292308087542578,0.0016194042381444,0.000143458930893,1.0741189020500703,0,Calm/Bull,0.9999
2025-08-18,dax,-0.0018297735175455,0.0094191775727288,0.00850302919802,0.0037660366215814,0.7093370669338361,0.0019293410213175,1.4332335791654188e-05,1.107743764413058,0,Calm/Bull,1.0
2025-08-19,dax,0.0044442248508518,0.0090962665071402,0.008456150511144,0.0064467414102892,0.7745825015290786,0.0032884843564203,0.0007865016234265,1.0756982737183498,0,Calm/Bull,1.0
2025-08-20,dax,-0.0059999969045708,0.0090392850685898,0.0084306318020789,0.0062758808280963,0.8195244889203358,0.0007542396988096,7.450956970238583e-05,1.0721954511595295,0,Calm/Bull,0.9999
2025-08-21,dax,0.000674038978151,0.0090259069615506,0.0084097144316324,0.0051927973443081,0.7465466568420701,-0.000691668690335,-5.330073445087977e-06,1.0732715165214726,0,Calm/Bull,0.9999
2025-08-22,dax,0.0028670433990475,0.0090141491461055,0.0084106608264882,0.0091068536533315,0.8576187714354694,3.1107361186798364e-05,0.0002996881678053,1.0717527828154254,0,Calm/Bull,0.9999
2025-08-25,dax,-0.0036997458326308,0.0087245403443588,0.0084170678962613,0.0063127638381481,0.6149383041860406,-0.0003428871018302,0.0006275744404383,1.0365296385733185,0,Calm/Bull,0.9999
2025-08-26,dax,-0.0049663518052271,0.0085017509173188,0.0083999242179852,0.0093665276082867,1.4997451991607722,-0.002225002433046,-0.0001333465381227,1.0121223354748408,0,Calm/Bull,0.9986
2025-08-27,dax,-0.004425743273387,0.0085404173918253,0.0083592183524348,0.009161965161481,0.8342666716682884,-0.0019101517068093,-0.0004471501101221,1.0216765529683454,0,Calm/Bull,0.9998
2025-08-28,dax,-0.0002616561386188,0.0083462834301678,0.008354687564055,0.0097334032365923,0.8242095000117903,-0.0020972907301633,-5.311417976396407e-05,0.998994081607149,0,Calm/Bull,0.9997
2025-08-29,dax,-0.0057448161205788,0.0056707009501957,0.0083850991881029,0.0075963814801389,0.9116835206367988,-0.0038196626340885,0.00100628482354,0.676283109237579,0,Calm/Bull,0.9895
2025-09-01,dax,0.0056370793530846,0.0049121292595118,0.008392225858987,0.0032237454876704,0.5443432422445388,-0.0019522975969454,0.0005850898665089,0.5853190014245795,0,Calm/Bull,0.9889
2025-09-02,dax,-0.0231469117099955,0.007166445483782,0.0088529465909919,0.0216346695563008,1.1144534514204638,-0.0055884095778991,-0.0007579153420085,0.8094983303157017,1,Transition,0.8339
2025-09-03,dax,0.0045652517342666,0.0072102548174419,0.0088739275766607,0.0084272736859898,1.1080471864507198,-0.0037902105763684,-0.0006935389357283,0.8125212601921099,0,Calm/Bull,0.9847
2025-09-04,dax,0.0074117857268282,0.0069304968962507,0.0088770988839528,0.0079792716908692,1.0064731470766612,-0.002255522203279,-0.0008802250082355,0.7807164240086466,0,Calm/Bull,0.9759
2025-09-05,dax,-0.0073194100019111,0.007078845513274,0.0088166146379838,0.0130516897769129,1.014617832501851,-0.0025704409795454,-0.0011848980035756,0.8028983690380204,0,Calm/Bull,0.9789
2025-09-08,dax,0.0088663941353234,0.007401299177397,0.0088343287161969,0.0073359716688088,1.0448240735168963,-0.0019245780230977,-0.0005726054251389,0.8377885196673156,0,Calm/Bull,0.9868
2025-09-09,dax,-0.0037319583855862,0.0074251604649094,0.0087242080434154,0.0095120606766587,0.9686367367035168,0.0019584126417841,-0.0006416287531851,0.8510985097969468,0,Calm/Bull,0.9921
2025-09-10,dax,-0.0036113017035186,0.0072459852355867,0.00871202855168,0.0119794348297158,1.066384445584139,0.0003231019542271,-0.0011557551575352,0.8317219339449308,0,Calm/Bull,0.9849
2025-09-11,dax,0.0029871695487934,0.0070017495501534,0.0085876444503884,0.0094420286827854,1.036894280849985,-0.0005618212813798,-0.0014015757262892,0.8153282999317341,0,Calm/Bull,0.9864
2025-09-12,dax,-0.0002320586954096,0.007005228407453,0.0084378354016185,0.0079626961920897,0.9563898316401632,0.0008556489799204,-0.0013758368181316,0.8302162905558996,0,Calm/Bull,0.9899
2025-09-15,dax,0.0021375005056186,0.0070477386938379,0.0084268071022507,0.0080526071317898,0.876587325356978,-0.0004901297460204,-0.0011774731169734,0.8363474573845965,0,Calm/Bull,0.9939
2025-09-16,dax,-0.017826983544726,0.0078289078572476,0.0084963905226813,0.0171616879333715,1.1085507380789612,-0.0033091347778484,-0.0022910335367523,0.9214392672215546,0,Calm/Bull,0.9155
2025-09-17,dax,0.0012825217593121,0.0078166701107781,0.0084634781291439,0.0082212225854731,1.07722603089816,-0.0023303700852822,-0.0019269076035582,0.9235765711807722,0,Calm/Bull,0.9951
2025-09-18,dax,0.0134097157845681,0.0085262551829053,0.0086019046494623,0.0056034970996238,1.1499197987990897,-0.0002458608381273,-0.0012901237632373,0.9912054981263072,0,Calm/Bull,0.9936
2025-09-19,dax,-0.0014845158733563,0.0084699234679591,0.0083401448160019,0.0078673904095203,3.842312825230494,-0.0004963522737166,-0.0015077017268575,1.0155607192465297,2,Stress/Bear,1.0
2025-09-22,dax,-0.0047643849170422,0.0084877519270546,0.0083364067284932,0.0070051511516414,0.9454869853380852,-0.0018767293582488,-0.0015609336810781,1.018154728228901,0,Calm/Bull,0.9995
2025-09-23,dax,0.0035758286619927,0.0085222239966774,0.0082529780055411,0.0067013808667895,0.8717538693599338,0.0024038330830948,-0.0011338246577171,1.0326241013795925,0,Calm/Bull,0.9998
2025-09-24,dax,0.0023469829178398,0.0085190916779967,0.0082333842545657,0.009997931075518,0.971255947492874,0.0026167253148004,-0.0007951883481557,1.0347010918714976,0,Calm/Bull,0.9997
2025-09-25,dax,-0.0055922129380528,0.0085846545583936,0.0082236795583041,0.01043259271726,0.9803530572034064,-0.0011836604297237,-0.0010617161881274,1.043894584842496,0,Calm/Bull,0.9998
2025-09-26,dax,0.0086576384990566,0.0087731422668591,0.0082666565252017,0.0074470515670228,0.8000122721940723,0.0008447704447588,-0.0003415934571457,1.061268511654415,0,Calm/Bull,0.9999
2025-09-29,dax,0.0002354385156037,0.0086618401794591,0.008115519529831,0.0071087975451473,0.6882337925387789,0.001844735131288,-0.0006116754990197,1.0673180130514142,0,Calm/Bull,1.0
2025-09-30,dax,0.0056969363900965,0.0069429455481894,0.0081176827117209,0.0088511187069132,0.8397939825393772,0.0022689566769087,0.0008305169059848,0.8552866371784404,0,Calm/Bull,0.9982
2025-10-01,dax,0.0097053221849761,0.0071795699662593,0.0080066222735211,0.0169676060751781,0.9436232759702546,0.003740624530336,0.0010875204285203,0.8967039684141277,0,Calm/Bull,0.9096
2025-10-02,dax,0.0127305272332666,0.0075167430602385,0.008167017251506,0.0104362873371037,0.9496965550214412,0.0074051725645999,0.0013534575038422,0.9203780068974878,0,Calm/Bull,0.9891
2025-10-03,dax,-0.001793383469744,0.007278968359951,0.0080986338313946,0.007420317312701,0.6749537318282639,0.0053149681708398,0.0016297588304506,0.8987896615023995,0,Calm/Bull,0.999
2025-10-06,dax,-2.099053703408504e-05,0.0070825620919529,0.0080816601481243,0.0087356802175091,0.77020209524335,0.0052636823603122,0.0011853895968327,0.8763746510173023,0,Calm/Bull,0.9978
2025-10-07,dax,0.0003072030159054,0.0069919735531474,0.0080618187875303,0.0059416032285081,0.7393556433040871,0.004185735685474,0.0013873476669073,0.8672948049839961,0,Calm/Bull,0.9991
2025-10-08,dax,0.0086296577093613,0.0070667445570061,0.0081280303178714,0.0109899123619521,1.0042922306509114,0.003970602790351,0.0019993956375513,0.8694289121274787,0,Calm/Bull,0.9934
2025-10-09,dax,0.000573851070321,0.0070695937825497,0.0079007683646579,0.0068757459749098,0.7287444860137605,0.0015392675577619,0.0018787297136276,0.8947982596444356,0,Calm/Bull,0.9995
2025-10-10,dax,-0.0151392263900918,0.0080251190794955,0.0081328411084509,0.0185327017535491,0.8866824980422832,-0.0011299010263076,0.0011333713288935,0.9867546866440664,0,Calm/Bull,0.9373
2025-10-13,dax,0.0060238958798571,0.0080974392966358,0.0081698584912151,0.0077087314261185,0.6555770280547047,7.907625707062171e-05,0.0013276910976055,0.991135807963246,0,Calm/Bull,0.9999
2025-10-14,dax,-0.006210431918657,0.0069923885854249,0.0080829692049894,0.0105590857447144,0.8034281978754074,-0.0012244507298418,0.0019085186789089,0.8650767320885816,0,Calm/Bull,0.996
2025-10-15,dax,-0.0022954266067481,0.0070547395884572,0.008018083979525,0.0065868601545562,0.779493986201253,-0.0034094675930637,0.0017296212606059,0.8798535418776103,0,Calm/Bull,0.9974
2025-10-16,dax,0.0037487615562445,0.0065236544495787,0.0080275707885076,0.0095467573525867,0.8170483677571414,-0.002774485495879,0.0012465735491897,0.8126561099801295,0,Calm/Bull,0.9951
2025-10-17,dax,-0.018344383639989,0.0078496975378255,0.0083603539358844,0.012730518387666,1.4419341836476507,-0.0034155169458585,0.0004035801608581,0.9389192847605315,0,Calm/Bull,0.9936
2025-10-20,dax,0.0177926260043007,0.0086479915297843,0.0085738337367477,0.0111217691131102,0.975830809068657,-0.0010617709209698,0.0015314307069252,1.00864931550034,0,Calm/Bull,0.9942
2025-10-21,dax,0.0029318905820008,0.008641175555187,0.008479929981375,0.007519562333552,0.8991821195322944,0.0007666935791617,0.0014992338029256,1.0190149652374718,0,Calm/Bull,0.9998
2025-10-22,dax,-0.0073801554634103,0.0088618710114933,0.008530796175733,0.0084438980802772,1.2111034369554126,-0.0002502521921706,0.0010128768838631,1.0388093712404118,0,Calm/Bull,0.9997
2025-10-23,dax,0.0023432379855159,0.0087272003067836,0.0084699454504773,0.0077507659111526,1.0776479521545397,-0.0005313569063163,0.0014096494300416,1.030372669789954,0,Calm/Bull,0.9997
2025-10-24,dax,0.0013252055580388,0.008559088845017,0.0076912636586627,0.0053931954880675,0.9134103211235044,0.0034025609332892,0.0010430277829907,1.112832588358465,0,Calm/Bull,1.0
2025-10-27,dax,0.0028379240140071,0.0085659449375752,0.0074914610080065,0.006695112000993,0.9112256640655788,0.0004116205352304,0.0011731520579108,1.1434278211446731,0,Calm/Bull,1.0
2025-10-28,dax,-0.0012409980804611,0.0085134246627201,0.0074814203510192,0.006242951399439,0.8875411288756396,-0.0004229571972618,0.000826255334383,1.1379422974890447,0,Calm/Bull,1.0
2025-10-29,dax,-0.0063806355182432,0.0083893828144215,0.0075200628137931,0.0096301724894499,1.3299233164628226,-0.0002230532082284,2.19574492220364e-05,1.115600098317517,0,Calm/Bull,0.9998
2025-10-30,dax,-0.0002205626234323,0.0078385607894132,0.0073799479328149,0.0074858659155265,1.1281782554039002,-0.0007358133300181,-0.0006255970436129,1.0621431019261112,0,Calm/Bull,1.0
2025-10-31,dax,-0.0066805250600077,0.0079522320277414,0.0074281083094755,0.0082105546339057,0.8934939486050012,-0.0023369594536274,-0.000869954123126,1.0705595148090867,0,Calm/Bull,1.0
2025-11-03,dax,0.0072409050449984,0.0081562066490564,0.0074760302375464,0.0110387078321312,0.9949089223863264,-0.0014563632474291,-0.0005068593440244,1.0909809604693674,0,Calm/Bull,1.0
2025-11-04,dax,-0.0076246204799509,0.0083060046954119,0.0075353235071017,0.0125123716108962,1.0578828168839576,-0.0027330877273271,-0.0009034505188172,1.102275793147293,0,Calm/Bull,1.0
2025-11-05,dax,0.0041930591100725,0.0080945551991009,0.0075045731355548,0.0154325341514294,1.1342021853151345,-0.000618348801664,-0.0011252804487817,1.078616338716311,0,Calm/Bull,0.9998
2025-11-06,dax,-0.0132147532625298,0.0085183290864535,0.0076175125237672,0.0141880828037417,1.1764296137540526,-0.0032171869294835,-0.0018147106654242,1.118256000219978,0,Calm/Bull,0.9997
2025-11-07,dax,-0.0069363825161654,0.0080262764157748,0.0076634297867709,0.0163016186850649,1.0693964374924574,-0.003268358420715,-0.0014045684717279,1.047347811502138,0,Calm/Bull,0.9995
2025-11-10,dax,0.0164123060175687,0.0088283756914287,0.0079675836025042,0.0070200036437697,1.043594566734223,-0.0014340782262009,-0.0008851479648423,1.1080367815223122,0,Calm/Bull,0.9992
2025-11-11,dax,0.0053309390794852,0.0088391624286444,0.0079772452240031,0.0064770482848292,0.933884867109899,0.0011570336856862,-0.0003080794149352,1.1080469736655287,0,Calm/Bull,1.0
2025-11-12,dax,0.0121067411168836,0.0092460294595735,0.0080968662052944,0.008462981126477,1.4445396036405391,0.0027397700870484,0.0004120289712463,1.1419269165553971,0,Calm/Bull,0.9968
2025-11-13,dax,-0.0140365865247495,0.009749777135558,0.0082985255191299,0.0161557403425326,1.1484022310318656,0.0025754034346045,-0.0004772384328033,1.1748806595921906,0,Calm/Bull,0.9965
2025-11-14,dax,-0.006889620892599,0.0089484727339775,0.0083334520674492,0.0160432969259032,1.2158063944702795,0.0025847557593177,9.549970456613024e-05,1.0738014284537067,0,Calm/Bull,0.9982
2025-11-17,dax,-0.0120519219008183,0.0083074628514974,0.0084593954468171,0.0169029766161691,0.8820167762122858,-0.0031080898243596,-0.0013967276906898,0.9820397809424076,0,Calm/Bull,0.9906
2025-11-18,dax,-0.0175322446889824,0.0089793440523039,0.0087238774806562,0.0117930499827652,1.145415875481125,-0.0076807265780531,-0.0024199344542389,1.0292836037890458,0,Calm/Bull,0.9889
2025-11-19,dax,-0.0007599510241185,0.0089086125382328,0.0087100600220533,0.0118209877974588,0.9816719539095689,-0.0102540650062535,-0.0020889242322743,1.0227957689931757,0,Calm/Bull,0.9761
2025-11-20,dax,0.0049924854054775,0.0089972380110115,0.0087401221995163,0.0101122003266947,0.8978802161661031,-0.0064482506202081,-0.0019564618612763,1.0294178737580384,0,Calm/Bull,0.9957
2025-11-21,dax,-0.0080646359253326,0.0090617400963458,0.0087686387546253,0.0135636046812675,1.265910982356232,-0.0066832536267549,-0.0024259539354448,1.0334260938239586,0,Calm/Bull,0.9969
2025-11-24,dax,0.0063590636089131,0.0092025046329971,0.0087777983613424,0.0104358883418526,2.2019570526447687,-0.0030010565248086,-0.0022498969556996,1.0483841453370717,2,Stress/Bear,1.0
2025-11-25,dax,0.009654583659999,0.0095801297530007,0.0083588538990007,0.0148291673363775,0.8462171116596376,0.0024363091449876,-0.0017051178686765,1.146105658593458,0,Calm/Bull,0.9994
2025-11-26,dax,0.0110865777779041,0.0099215625647771,0.0084612055331661,0.011884349667533,0.7817097102129765,0.0048056149053922,-0.0008317572038692,1.172594440105105,0,Calm/Bull,0.9997
2025-11-27,dax,0.0017576993088219,0.0099378243965888,0.0084096362311076,0.0051561335687254,0.5457031177143445,0.0041586576860611,-0.0007328441072565,1.1817187002486955,0,Calm/Bull,0.9999
2025-11-28,dax,0.0028916514826654,0.0098665502220186,0.0083622243401266,0.0068557858798227,0.6543959469416017,0.0063499151676607,-0.0002542352801228,1.1798954226417255,0,Calm/Bull,0.9999
2025-12-01,dax,-0.0104310150680072,0.0099509384183829,0.0083930678714523,0.0127480244114135,0.861696208372784,0.0029918994322766,-0.0011378312857731,1.185613957946111,0,Calm/Bull,0.9995
2025-12-02,dax,0.0051340135932719,0.0099221198915111,0.0084070258826664,0.0077749844315796,0.896786684904531,0.0020877854189312,-0.0004998995821119,1.180217597755772,0,Calm/Bull,1.0
2025-12-03,dax,-0.0007234930360078,0.0098604427897393,0.0083942885413661,0.0080874243066214,0.9128303356323244,-0.0002742287438511,-0.000745727189416,1.1746609306015745,0,Calm/Bull,1.0
2025-12-04,dax,0.0079166122053808,0.0095822508355606,0.0084475484185977,0.0055610263306802,0.9396646595462164,0.0009575538354606,0.0003108410839795,1.1343232806413766,0,Calm/Bull,0.9999
2025-12-05,dax,0.0060994056728069,0.0095063959960472,0.0084824863254059,0.0083926658911003,0.8360448411991578,0.0015991046734889,0.0009626304934281,1.1207086733019038,0,Calm/Bull,1.0
2025-12-08,dax,0.0007433991574575,0.0087843748491209,0.0084790827794632,0.0054774550448818,0.8329317191311076,0.0038339875185818,0.0001791851504225,1.0360053177446482,0,Calm/Bull,0.9999
2025-12-09,dax,0.0048389999732759,0.0087698670509666,0.0081609376036702,0.0039076806703139,0.8789440528693104,0.0037749847945826,0.0001545881951121,1.0746151333178338,0,Calm/Bull,0.9999
2025-12-10,dax,-0.0013463612208837,0.0083086840597794,0.0081641856741649,0.0069328653415172,0.8737433010009541,0.0036504111576074,-0.0005180669217762,1.0176990567561075,0,Calm/Bull,0.9998
2025-12-11,dax,0.0067927818897445,0.0078158253561571,0.0080310156283849,0.0146546623318573,0.9638581636077892,0.0034256450944802,0.0005234014989484,0.973205098559727,0,Calm/Bull,0.9962
2025-12-12,dax,-0.0044602668148792,0.0077127521021116,0.0080522053953084,0.0124590149637222,0.8560118338572379,0.0013137105969429,0.0006448692028344,0.9578434383461528,0,Calm/Bull,0.999
2025-12-15,dax,0.0017936043640131,0.0071110385393235,0.0080256392329326,0.0061020268563341,0.8854238937469502,0.0015237516382541,0.001337145516076,0.8860401437114149,0,Calm/Bull,0.9993
2025-12-16,dax,-0.0063362339561729,0.0058818626035111,0.0080629851942477,0.0074676996861533,1.010175488523271,-0.0007112951476356,0.0018969460527164,0.7294894461306155,0,Calm/Bull,0.9944
2025-12-17,dax,-0.004841202113467,0.0060473593809064,0.0080858089907483,0.0098620602744317,0.993759687688635,-0.0014102633261523,0.001692883498249,0.7478978773584426,0,Calm/Bull,0.9933
2025-12-18,dax,0.0099215809952659,0.0062846925342013,0.0081450953280815,0.0120667685541023,0.975374251836316,-0.000784503505048,0.0019393382777384,0.7715922627122381,0,Calm/Bull,0.9765
2025-12-19,dax,0.0036669144064234,0.0058330880171692,0.0080852676995229,0.0062824163508477,2.344238708926045,0.0008409327392125,0.0025259157943262,0.7214464918104626,2,Stress/Bear,1.0
2025-12-22,dax,-0.000182395358206,0.0057900813255099,0.0080855751303779,0.0062897553387076,0.6297513420593346,0.0004457327947686,0.0021988428459703,0.7161001205413768,0,Calm/Bull,0.9967
2025-12-23,dax,0.0023070842621187,0.005518867881199,0.008059552551154,0.004294938473907,0.5645446850581802,0.0021743964384269,0.0018314678760763,0.6847610765201568,0,Calm/Bull,0.9978
2025-12-29,dax,0.0004542339705513,0.0050746403984923,0.0079648471480656,0.0055611375022628,0.7128611786575543,0.0032334836552306,0.0012998506857086,0.6371296654104418,0,Calm/Bull,0.9961
2025-12-30,dax,0.0057038096580821,0.0051692113224687,0.0078274056319937,0.00814684319197,0.4709215927423061,0.0023899293877938,0.0014971562031716,0.660399060110046,0,Calm/Bull,0.9961
2026-01-02,dax,0.0019959189570984,0.0051603661569022,0.0078275980570425,0.0092834035145416,0.9796608042408256,0.0020557302979289,0.0014523695768933,0.65925282817242,0,Calm/Bull,0.9931
2026-01-05,dax,0.0133320228449496,0.0050138515041133,0.0080114911145265,0.0093788711630596,1.0697745542206245,0.00475861393856,0.0026405214725411,0.6258324988992598,0,Calm/Bull,0.9599
2026-01-06,dax,0.0009449094661173,0.0049916540800961,0.0080118807331205,0.0053366053590772,1.1404287789607923,0.0044861789793597,0.0024310662661834,0.6230315011381758,0,Calm/Bull,0.9933
2026-01-07,dax,0.0091998263772907,0.0051521934740827,0.0080222080388586,0.0055664497612729,1.1428775594924254,0.0062352974607076,0.0029272322368483,0.642241319238556,0,Calm/Bull,0.9834
2026-01-08,dax,0.0002070129672681,0.0050465759036609,0.0080221759408573,0.0076756318955077,1.13163751952916,0.0051359381225448,0.0025417522749427,0.6290781878715053,0,Calm/Bull,0.9866
2026-01-09,dax,0.0053257549942915,0.0050207699417425,0.0077841540137984,0.0068586109745197,1.076819416464483,0.0058019053299834,0.0025030697410169,0.6449987927837232,0,Calm/Bull,0.9874
2026-01-12,dax,0.0056723176599876,0.0050507293130441,0.0077801998517124,0.0072637903541132,0.9172762749522554,0.004269964292991,0.0027495156661434,0.6491773231162579,0,Calm/Bull,0.9916
2026-01-13,dax,0.0006028533807103,0.0050473152461142,0.007727451785928,0.0066673438143709,1.004155085632458,0.0042015530759096,0.0025377083365152,0.6531668376508837,0,Calm/Bull,0.993
2026-01-14,dax,-0.0053018518471407,0.0052796672787971,0.0077575177410162,0.007636162670301,1.232241377332737,0.0013012174310233,0.0023399338052023,0.6805872000629759,0,Calm/Bull,0.9938
2026-01-15,dax,0.0026126467927943,0.0051758329345413,0.0077514448962336,0.0057284723519046,1.108702433486529,0.0017823441961286,0.0021309270503548,0.6677249214602825,0,Calm/Bull,0.9959
2026-01-16,dax,-0.002182045789627,0.00504659378798,0.0073478260323927,0.0061501076540995,1.1753691670319055,0.0002807840393449,0.0022448381016174,0.6868145442927253,0,Calm/Bull,0.9953
2026-01-19,dax,-0.0134540800883486,0.0061495480995635,0.0072436876954161,0.0063712146116777,1.1042189926257924,-0.0035444955103223,0.0014824538789993,0.8489526824099537,0,Calm/Bull,0.9947
2026-01-20,dax,-0.0103073877884112,0.0064709955253334,0.0073681324318393,0.0101691991229915,1.1259916164327746,-0.0057265437441466,0.0012838961873874,0.8782409362474135,0,Calm/Bull,0.9943
2026-01-21,dax,-0.0057704928099736,0.0065204386135962,0.0073427530616432,0.0125072941058217,1.1071755979664972,-0.0058202719367132,0.0012374316525621,0.8880100636445766,0,Calm/Bull,0.9938
2026-01-22,dax,0.0119590852665831,0.0066772910903092,0.0074919611366622,0.006619645145532,1.2251004576281077,-0.0039509842419555,0.0013393068661279,0.8912607751838966,0,Calm/Bull,0.992
2026-01-23,dax,0.0017782456551663,0.006655961580679,0.0074930958629957,0.0053500762873549,1.0008248142575615,-0.0031589259529968,0.0012448734285651,0.8882792509767701,0,Calm/Bull,0.9986
2026-01-26,dax,0.0012990841963873,0.0066474798162443,0.0074874093734476,0.0077972779793285,0.8919157054469661,-0.0002082930960496,0.0013189474062947,0.887821071974259,0,Calm/Bull,0.9994
2026-01-27,dax,-0.0015509755697022,0.0066732245121403,0.0074886835622233,0.0068967773535646,1.0200840574313872,0.0015429893476921,0.0011260444147037,0.8911078237840615,0,Calm/Bull,0.9994
2026-01-28,dax,-0.0028823183579909,0.0067323476634582,0.0074483679690393,0.0088160860247812,1.1690000270142586,0.0021206242380887,0.0009592167982766,0.9038688329366444,0,Calm/Bull,0.9992
2026-01-29,dax,-0.0208965314730771,0.0082108697528034,0.0079429943608722,0.0202555043030764,1.256080912492546,-0.0044504991098433,-0.0003708002582813,1.0337247365113027,0,Calm/Bull,0.9603
2026-01-30,dax,0.0093903545700504,0.0084849531205138,0.0079802798709996,0.0089270257550399,1.1179392252095257,-0.0029280773268664,-1.078477633725903e-06,1.0632400439172862,0,Calm/Bull,0.9998
2026-02-02,dax,0.0104876611319385,0.0082708483232262,0.0080382567781962,0.0188522194996506,0.9752461757796732,-0.0010903619397562,-0.0001432965632842,1.028935570416319,0,Calm/Bull,0.9901
2026-02-03,dax,-0.0006749108575752,0.0082675616536204,0.007969665137762,0.0159434712058011,1.162260352477651,-0.0009151489973308,-0.0002242875794689,1.03737879957426,0,Calm/Bull,0.9994
2026-02-04,dax,-0.0071987439759238,0.0080951005354651,0.0080174158097093,0.0111786717151622,1.4649046845255538,-0.0017784341209174,-0.0010442160971296,1.0096894969151704,0,Calm/Bull,0.9992
2026-02-05,dax,-0.0045617991043902,0.0081264776422153,0.00784471129981,0.0159728242679108,1.2540290799284797,0.0014885123528199,-0.0012826567007125,1.0359180002471384,0,Calm/Bull,0.9982
2026-02-06,dax,0.009363554927005,0.0083464731410646,0.007864213021246,0.0139498765464091,0.9231166510785654,0.0014831524242108,-0.0010807667040768,1.0613233795315191,0,Calm/Bull,0.9996
2026-02-09,dax,0.0117986834336082,0.0087117831081245,0.0077303395007666,0.0120376060707018,0.813623136106149,0.0017453568845448,-0.0007744484153958,1.1269599617533788,0,Calm/Bull,0.9999
2026-02-10,dax,-0.0010807225909017,0.0087059062098745,0.0077097812595707,0.0056191372384969,0.9761021149452644,0.0016641945378795,-0.0008586272139764,1.1292027512540863,0,Calm/Bull,1.0
2026-02-11,dax,-0.0052844685511429,0.0087054401232779,0.007596357557156,0.0067078154150888,1.2764018123368888,0.0020470496228356,-0.0008577580491765,1.1460018907452716,0,Calm/Bull,0.9994
2026-02-12,dax,-0.0001392483717773,0.0086693743084464,0.0073593208178352,0.0171321215628621,1.2831079500095022,0.0029315597693582,-0.0009953528074051,1.1780128252373852,0,Calm/Bull,0.9979
2026-02-13,dax,0.0024992756621259,0.0086987942796638,0.0072979483029131,0.0081348848763904,1.26164757881274,0.0015587039163824,-0.0007612867348175,1.1919506577199972,0,Calm/Bull,0.9998
2026-02-16,dax,-0.0045848974922272,0.0082311708337428,0.0071385689036566,0.0091629701719931,0.7227663094331478,-0.0017180122687846,-0.0003178276050114,1.1530561580104,0,Calm/Bull,1.0
2026-02-17,dax,0.0079314860998095,0.0080750373324806,0.0067758836304874,0.0114647960678109,0.9901109542780426,8.442946935756906e-05,0.0005941160893996,1.19173199730701,0,Calm/Bull,0.9999
2026-02-18,dax,0.011130958450864,0.0082562645378824,0.006888804922828,0.0084693431936039,1.02846221992903,0.0033675148697589,0.0014391886524414,1.198504621683068,0,Calm/Bull,0.9999
2026-02-19,dax,-0.009325676464248,0.0082004949156864,0.0070111505694253,0.0097848998791793,0.8862368833064725,0.0015302292512648,0.0003749505658999,1.169636115282948,0,Calm/Bull,0.9999
2026-02-20,dax,0.0086322903817818,0.0084029435558507,0.0069676980158112,0.0129153244453365,0.94287600912898,0.002756832195196,0.0007176528022307,1.2059856120030734,0,Calm/Bull,0.9998
2026-02-23,dax,-0.0106948094080426,0.0087788421029395,0.0071123005783654,0.0102980730764388,0.7856796902061578,0.0015348498120329,0.0001179581220092,1.2343182077601669,0,Calm/Bull,0.9998
2026-02-24,dax,-0.0002289278437488,0.0087705875227644,0.007027396369618,0.0085586916554104,0.9153586249696324,-9.723297667873884e-05,0.0001840605083068,1.248056472334884,0,Calm/Bull,1.0
2026-02-25,dax,0.0075630812523015,0.0088885877557232,0.0069564435508698,0.0077772979083684,0.8387027034258963,-0.0008108084163912,0.0007063304888214,1.2777488512232404,0,Calm/Bull,0.9999
2026-02-26,dax,0.0044815360860539,0.007314366074044,0.0069704223417529,0.0091130059071771,0.8780165312652123,0.0019506340936691,0.001975233866778,1.049343313134825,0,Calm/Bull,1.0
2026-02-27,dax,-0.0001882324304545,0.0071141377965075,0.0069678493093063,0.0086089102031348,1.431914967229711,0.0001865295312218,0.0014963045167527,1.0209947834270532,0,Calm/Bull,0.9998
2026-03-02,dax,-0.025892091930838,0.0090748745669446,0.0076496336291996,0.0129957566817517,1.1600128782047048,-0.0028529269733371,-0.000322683136386,1.1863149278554446,0,Calm/Bull,0.9743
2026-03-03,dax,-0.0349973037745291,0.0119384772434697,0.0089084668045818,0.0268344978286753,1.5179420197505942,-0.0098066021594932,-0.0020388027822337,1.3401270392936129,2,Stress/Bear,0.9999
2026-03-04,dax,0.0172814076552076,0.0126172379703211,0.009180848226752,0.0176654931145801,1.0908723603166175,-0.007862936878912,-0.0008147952006771,1.3742998096358678,2,Stress/Bear,0.6997
2026-03-05,dax,-0.0162269439068575,0.0130613727321571,0.0093709884209069,0.0257040049652015,1.1236262614478212,-0.0120046328774943,-0.0013980524408005,1.3938095049842112,2,Stress/Bear,0.984
2026-03-06,dax,-0.0094806012830776,0.0129231534093777,0.009413567702651,0.0290601391369054,1.2587959415715804,-0.0138631066480189,-0.0023402602513046,1.372822060411632,2,Stress/Bear,0.9983
2026-03-09,dax,-0.0077301923768066,0.0125304319602011,0.0094610003200602,0.0232065202926479,1.0053343044630911,-0.0102307267372126,-0.0033167040418253,1.3244299266783437,0,Calm/Bull,0.8196
2026-03-10,dax,0.0236095950365285,0.013903366038588,0.0099371199149114,0.0123457262947607,1.065021735733301,0.0014906530249988,-0.0020821881604538,1.3991343726993644,0,Calm/Bull,0.8229
2026-03-11,dax,-0.0138044960606053,0.0141352424740872,0.0100918254184649,0.0123109513251944,0.8436480758441148,-0.0047265277181637,-0.002508189535927,1.4006626044307129,0,Calm/Bull,0.9458
2026-03-12,dax,-0.0021333587562083,0.0141246822195953,0.0100505732316444,0.0142215108403355,1.108489892991278,-0.0019078106880338,-0.0026078950551485,1.4053608579382777,0,Calm/Bull,0.9942
2026-03-13,dax,-0.0060531898745808,0.0140913484816713,0.0100633321832077,0.0199852361663611,0.8960113724647503,-0.0012223284063345,-0.0030355183319838,1.4002666537416872,0,Calm/Bull,0.9787
2026-03-16,dax,0.0049656548903524,0.0141975043826595,0.0100839893081934,0.0154697481668324,0.907478830240053,0.0013168410470972,-0.0025579907128549,1.4079253704804984,0,Calm/Bull,0.9961
2026-03-17,dax,0.0070582978049277,0.0141648550281117,0.0101000481402242,0.0149905791914573,0.8924920555508739,-0.0019934183992228,-0.0026016501275989,1.4024542092724417,0,Calm/Bull,0.9938
2026-03-18,dax,-0.0096826746463984,0.0138642198427466,0.0101566026043261,0.0215953392760267,1.0754135267868314,-0.0011690541163814,-0.0036423317824621,1.3650450237012646,0,Calm/Bull,0.8959
2026-03-19,dax,-0.0286020171496235,0.0149106494377552,0.0107011320321204,0.0184207004448062,1.458235909708217,-0.0064627857950645,-0.0046061488167308,1.3933712239975624,2,Stress/Bear,0.9989
2026-03-20,dax,-0.0203179759630758,0.014962973969539,0.0109698231814878,0.0360452363658324,2.2122921859756652,-0.0093157430127635,-0.0060536621339737,1.364012320161176,2,Stress/Bear,1.0
2026-03-23,dax,0.0121540611111976,0.0154541743701582,0.0111070922739428,0.0580425900112218,1.288163981515836,-0.0078780617685945,-0.0049112186080117,1.391378948603281,2,Stress/Bear,1.0
2026-03-24,dax,-0.0007484624225493,0.0154463243801022,0.0110979362078746,0.0168083997219005,0.712188075365033,-0.0094394138140899,-0.0049371953369517,1.391819532098415,2,Stress/Bear,0.7406
2026-03-25,dax,0.0140446222426534,0.0157866395300592,0.0112698158805693,0.0114848317916628,0.7417139767438454,-0.0046939544362795,-0.0046131182874341,1.4007894802680432,2,Stress/Bear,0.8123
2026-03-26,dax,-0.015102722502979,0.0158002059689939,0.0113801596712413,0.0113346693912967,0.7061873987535505,-0.0019940955069506,-0.0055923312168858,1.3883993217531476,2,Stress/Bear,0.7588
2026-03-27,dax,-0.0139033563758423,0.0158508629830605,0.0114860348046459,0.0186496145028754,0.741781429195066,-0.0007111715895039,-0.0062780874141552,1.3800117492808803,2,Stress/Bear,0.6487
2026-03-30,dax,0.0116858059570207,0.0156291472984132,0.0114516905067341,0.0156642958329564,0.7148782069350981,-0.0008048226203393,-0.0043991925197622,1.3647895294779842,1,Transition,0.4775
2026-03-31,dax,0.0051790850459828,0.0139848160857052,0.011480784465876,0.0158372501976373,0.8934657437222894,0.0003806868733671,-0.0023903730787366,1.2181063173228133,0,Calm/Bull,0.8832
2026-04-01,dax,0.0269205455866724,0.0148384846098737,0.0119791603572173,0.0150484129810365,0.9798684754788416,0.0029558715421709,-0.0019084161821634,1.2386915415932032,1,Transition,0.7785
2026-04-02,dax,-0.0056302741690774,0.0144852909151373,0.0119907767420801,0.0240520678664754,0.8251553487323361,0.0048503612089512,-0.0013785826952744,1.208036078622247,1,Transition,0.7814
2026-04-07,dax,-0.0106962182566514,0.0145235763792844,0.0120178915590374,0.0242457003981133,0.7910556940491493,0.0054917888327894,-0.0014393635439531,1.2084962081691242,1,Transition,0.6018
2026-04-08,dax,0.0493285642250111,0.0183285426292845,0.0136742852411059,0.0119648482397557,1.23833611281517,0.0130203404863875,0.0014135742861377,1.340365679530187,2,Stress/Bear,0.9789
2026-04-09,dax,-0.0114285736959179,0.0177610570269718,0.0137400429817913,0.0132688181870165,0.760576542371179,0.0096988087380073,-0.0003383341504845,1.2926493061564095,1,Transition,0.7718
2026-04-10,dax,-0.0001277444076536,0.0174763026654787,0.0137294127528874,0.0115896275745998,0.8124624391970426,0.0042891507391421,0.000345503432163,1.2729096997832825,1,Transition,0.9772
2026-04-13,dax,-0.0025873594885989,0.0174799863958497,0.0137225884857479,0.011575889002165,0.7243153861698499,0.0048977336752378,0.0003228033955434,1.2738111628140842,1,Transition,0.9657
2026-04-14,dax,0.0126305232856109,0.0176199963937833,0.0138354513411431,0.006204875928069,0.922591860155476,0.0095630819836902,0.001256989053553,1.2735396886826431,1,Transition,0.9032
2026-04-15,dax,0.0009344455394811,0.0175983828279307,0.0137375745664266,0.0054103382932361,0.7291154431196832,-0.0001157417534157,0.0010554285860095,1.2810400222277567,1,Transition,0.9141
2026-04-16,dax,0.003640375438779,0.0175535599728927,0.0136885644518685,0.0083003364817702,0.7736499922869298,0.0028980480735237,0.000884532467702,1.2823521439822445,1,Transition,0.963
2026-04-17,dax,0.02242445202094,0.0179988022638685,0.0139810088297228,0.0261466512043797,1.3052559052040411,0.0074084873592424,0.0024898888010689,1.2873750730779925,1,Transition,0.6583
2026-04-20,dax,-0.0115815307399011,0.0168147713259143,0.0139727483574031,0.0084930195488466,0.728720765232368,0.005609653108982,0.0033409131215551,1.203397563300811,1,Transition,0.9213
2026-04-21,dax,-0.0060355761165038,0.0160426574950344,0.0139894844535466,0.0148132023946853,0.7894609341866367,0.001876433228559,0.0040550331138837,1.1467654543171772,1,Transition,0.9819
2026-04-22,dax,-0.0031349471163864,0.0160006319005778,0.0139919231212879,0.0102368550190837,0.9891207664225607,0.0010625546973855,0.0032905827025045,1.143562022309407,1,Transition,0.9812
2026-04-23,dax,-0.0016318881227868,0.0160135830741694,0.0139920299425054,0.0088051107774433,0.9736333145254878,8.10198507234113e-06,0.0032464114174926,1.1444789026303417,1,Transition,0.9753
2026-04-24,dax,-0.0010963680351054,0.0158331064073334,0.013988780172217,0.0137821334206678,1.026436213272659,-0.0046960620261367,0.0024893619036046,1.131843249547905,1,Transition,0.9763
2026-04-27,dax,-0.0018854519526401,0.0153279597675574,0.0137312602766644,0.0138219301362194,0.7865865170692647,-0.0027568462686845,0.0031502254311216,1.1162820789004,1,Transition,0.9874
2026-04-28,dax,-0.0027138105496699,0.0148701088921591,0.0136774463517989,0.0106897836273492,0.8995733024042861,-0.0020924931553177,0.0037097027224302,1.0871992117302878,1,Transition,0.9861
2026-04-29,dax,-0.0026556394129506,0.014810910160304,0.0136058737821851,0.0095798237793152,1.0375315293900136,-0.0019966316146306,0.0029926304539316,1.088567364170077,1,Transition,0.9714
2026-04-30,dax,0.0140040310761712,0.0150096013343633,0.0137354279027427,0.0237687051278536,1.2002591593255765,0.0011305522251609,0.0034338777554411,1.0927654704784358,1,Transition,0.9525
2026-05-04,dax,-0.0124727616628321,0.0143348682204938,0.0137968564349421,0.0180023983333781,1.0719966647324042,-0.0011447265003843,0.0014642123929658,1.0389952441767194,1,Transition,0.9348
2026-05-05,dax,0.0169627753505913,0.0146334726441634,0.013966128413045,0.0169922848930698,1.0591414832644346,0.0026249189602619,0.0025938648689493,1.0477830513498034,1,Transition,0.976
2026-05-06,dax,0.020965332385717,0.0148313212860352,0.0141775372077052,0.0207775774473994,1.451703350090507,0.0073607475473393,0.0041769424010677,1.0461140795296011,1,Transition,0.8219
2026-05-07,dax,-0.0102892497752387,0.0106925485764705,0.0141562289079573,0.0150030472526894,1.0853963000090283,0.0058340254748817,0.0011960517010552,0.7553246451433224,1,Transition,0.9994
2026-05-08,dax,-0.0132640172622721,0.0108137955055944,0.0142555843858296,0.0091952102572275,0.9335310149796252,0.000380415807193,0.0011042795227375,0.758565570720732,1,Transition,0.9998
2026-05-11,dax,0.0004784842250466,0.0108110096237981,0.0142417899395596,0.0065900970238807,0.967189757806983,0.0029706649847688,0.0011345909543725,0.7591046960865685,1,Transition,0.9998
2026-05-12,dax,-0.0163691844205589,0.0114793016360675,0.0143912066741031,0.012107779876989,0.9987930402452742,-0.0036957269694612,0.0004454997077745,0.7976608144141558,1,Transition,0.9994
2026-05-13,dax,0.0075639486387922,0.0112498583889172,0.014424586857992,0.0092683738781702,0.9748277675216562,-0.0063760037188462,0.0001921709754336,0.7799085339268595,1,Transition,0.9994
2026-05-14,dax,0.0131481225079112,0.0116177585821112,0.0145214151881363,0.0066735055130712,0.7762314998215636,-0.0016885292622162,0.0008028548238551,0.8000431384678423,1,Transition,0.9996
2026-05-15,dax,-0.0208940700826098,0.0125595047909346,0.0147221597597497,0.0158793028480206,0.9993315513130284,-0.0032145398262837,-0.0004238674522143,0.8531020581146173,1,Transition,0.9982
2026-05-18,dax,0.0148100837522508,0.0119300829123665,0.0147798782927139,0.0260676517226293,0.9803850310008928,-0.0003482199208429,-0.0008045858656487,0.8071841104569675,1,Transition,0.9929
2026-05-19,dax,0.0038075673412531,0.0116923251638719,0.0147464633637011,0.0136086760622815,0.9559657563388644,0.0036871304315195,-3.513096159107555e-05,0.792890123923063,1,Transition,0.9997
2026-05-20,dax,0.0137000226918722,0.0119883129444503,0.0148136287161018,0.0241696575420393,0.9071614353035896,0.0049143452421355,0.0009516489788277,0.809275915726136,1,Transition,0.9932
2026-05-21,dax,-0.0052882207100192,0.0120365171885115,0.0147659967945476,0.014623691111424,0.8333365857816594,0.0012270765985494,0.000843985299146,0.8151510091723703,1,Transition,0.9996
2026-05-22,dax,0.0113866928394978,0.0122457763612897,0.0148423437204765,0.0107471248988557,0.8464410762799129,0.0076832291829709,0.0014949143472603,0.8250567829388973,1,Transition,0.9993
2026-05-25,dax,0.0199116505576552,0.0128955649681793,0.0150342882172252,0.0147972735900518,0.5497852342303893,0.0087035425440518,0.0025453152768983,0.8577436312152441,1,Transition,0.9714
2026-05-26,dax,-0.00807569635103,0.0130804686754009,0.0150602142954176,0.0071924324666389,0.7193809977085518,0.0063268898055952,0.0022358030569788,0.8685446580518458,1,Transition,0.9975
2026-05-27,dax,-0.0002815514262192,0.013043282520156,0.0150602316607123,0.011186845058356,0.9777107969067756,0.0035305749819769,0.0023574160131514,0.8660744943374358,1,Transition,0.9977
2026-05-28,dax,-0.0034036513793585,0.0130594760026506,0.0146817900427432,0.0108185171716366,0.8807781468621669,0.003907488848109,0.002320015414831,0.8895016183061081,1,Transition,0.9872
2026-05-29,dax,0.0004960149650126,0.0127694862166681,0.0139311665855049,0.0065199602352833,2.4751213402532906,0.001729353273212,0.001644614609273,0.9166128434609656,2,Stress/Bear,1.0
2026-06-01,dax,-0.0040576685047245,0.0124135130461183,0.0137773065795485,0.0159964929263286,0.9863849225980263,-0.0030645105392639,0.0020653692671784,0.9010116000862868,1,Transition,0.9539
2026-06-02,dax,0.004832947918073,0.0119344282262759,0.0136101451848374,0.0119872585964632,0.9355547064833816,-0.0004827816854433,0.0014588778955525,0.8768773634811508,1,Transition,0.8838
2026-06-03,dax,-0.0131504198615488,0.0114269223910337,0.0136656793926077,0.0085170982742653,1.0240669666578486,-0.0030565553725092,-0.0002469097168107,0.836176677554352,1,Transition,0.9947
2026-06-04,dax,0.0059914575457226,0.0112524432715114,0.013634773820157,0.0071512942484129,0.8457851822255927,-0.001177533587493,0.0005671256492373,0.8252753892313398,1,Transition,0.993
2026-06-05,dax,-0.0074802552839214,0.0109484902648402,0.0133510560240695,0.0108073641630735,0.8671660322303049,-0.0027727876372798,0.0008563137481548,0.8200467622263032,1,Transition,0.981
2026-06-08,dax,-0.0057855064785493,0.0110490020609276,0.0132447333771546,0.0124304310586618,0.8765988809030257,-0.0031183552320447,0.000543114212975,0.8342185339861744,1,Transition,0.9508
2026-06-09,dax,-0.0074684481784874,0.0104974348142401,0.0132817594321359,0.0172749573192124,0.919677013582504,-0.0055786344513568,0.0009881510250786,0.7903647756818325,1,Transition,0.9982
2026-06-10,dax,-0.0097783203110657,0.0106409454765523,0.0133219635525499,0.0195889586364997,0.9759560813184376,-0.0049042145412602,0.0001210375775857,0.798752033405436,1,Transition,0.9983
2026-06-11,dax,0.0005949957507811,0.0101928905488174,0.0133092049028462,0.0102045344020332,0.954442459990217,-0.0059835069002485,-0.0005066187602707,0.7658527029392693,1,Transition,0.9995
2026-06-12,dax,0.0174265743491369,0.0097509324554348,0.0134628757965107,0.0134794502997397,0.0,-0.0010021409736368,0.0014094134613165,0.7242830285905207,2,Stress/Bear,0.8042
2022-03-16,bist100,0.0045104419577433,0.0251369813412614,0.0217977619876341,0.0097185729246535,0.8712519510896373,0.0044634764898792,0.0011476982580316,1.1531909264594054,2,Stress/Bear,0.9994
2022-03-17,bist100,0.0212209738894076,0.0251979711142412,0.0219304166789155,0.0151388345359633,1.001230054634641,0.0087762153381204,0.0029838018800896,1.1489964592632314,2,Stress/Bear,0.9998
2022-03-18,bist100,0.0050023543169937,0.0251317077454208,0.0211682112944323,0.0075082494535469,0.8009717690281679,0.008614560415109,0.0026797871534302,1.1872381372171492,2,Stress/Bear,0.9994
2022-03-21,bist100,0.0142155585088393,0.0252638667345917,0.0212257649662982,0.0109886310687926,0.8621408639948231,0.0081165088589462,0.003250536505425,1.1902452879651249,2,Stress/Bear,0.9994
2022-03-22,bist100,0.0063247279347178,0.0250715287574353,0.0209294798486359,0.0194171356891705,0.9430244714481928,0.0102548113215403,0.0040747160067761,1.1979050095250874,2,Stress/Bear,0.9992
2022-03-23,bist100,-0.0026074431287094,0.0250938336559063,0.0207533108381437,0.0152536404049639,1.065905233790068,0.0088312343042498,0.0039815325960682,1.209148451137005,2,Stress/Bear,0.9996
2022-03-24,bist100,-0.0031657323402014,0.0140123441744804,0.0206123019341307,0.0127286544663768,0.9597521060208032,0.0039538930583279,0.0080819046605328,0.6798049154945763,1,Transition,0.9962
2022-03-25,bist100,-0.0003216926153283,0.009262895761874,0.0206018418460616,0.0099287370461982,0.7645662136135163,0.0028890836718635,0.0054099582823014,0.4496149339989632,1,Transition,0.9999
2022-03-28,bist100,-0.0013799523047289,0.0091834092451739,0.020122067057346,0.0104488244271823,1.024919467479047,-0.00023001849085,0.0054999949745291,0.4563849836600818,1,Transition,0.9999
2022-03-29,bist100,0.0155289423104356,0.0093435726285581,0.020077725873031,0.0175391600765498,1.4372631635979634,0.0016108243842934,0.0056712387754588,0.4653700666921008,1,Transition,0.9973
2022-03-30,bist100,0.0106837523671214,0.0093954470757167,0.0199553392685596,0.0092817058537681,1.2506398786668114,0.0042690634834596,0.0057959186155461,0.4708237203723991,1,Transition,0.9996
2022-03-31,bist100,0.0013889864280221,0.0089414899231776,0.019955234952479,0.0108360185702223,1.087292413282794,0.0051800072371043,0.004937521040736,0.448077406478588,1,Transition,0.9999
2022-04-01,bist100,0.0082051744625131,0.0074461446660757,0.0199217493784724,0.0109696349765377,1.2271448794150346,0.0068853806526726,0.0061574447020397,0.3737696185517765,1,Transition,0.9999
2022-04-04,bist100,0.0261679261087374,0.0086427322119066,0.0201647284686599,0.0202907986569553,1.535855012366926,0.0123949563353659,0.0073028551190827,0.4286064265799154,1,Transition,0.981
2022-04-05,bist100,0.0064256131223882,0.0086447997879238,0.0201714164701723,0.0171088256104807,1.525813046766472,0.0105742904977564,0.007272398099991,0.428566818830348,1,Transition,0.9959
2022-04-06,bist100,-0.0042647468211893,0.0087865788443346,0.0201684934296074,0.017225053657681,1.24258655564951,0.0075845906600943,0.0062870912344207,0.4356586611192211,1,Transition,0.9996
2022-04-07,bist100,0.0123564116898624,0.0087409930766594,0.0202129777056195,0.0092529706779841,1.1355811508991125,0.0097780757124623,0.0069220478365038,0.4324446008877406,1,Transition,0.9998
2022-04-08,bist100,0.0203442479824151,0.009233956613325,0.020349428854835,0.0142058083623558,1.497492467763604,0.0122058904164427,0.007648728789022,0.4537698172856118,1,Transition,0.9948
2022-04-11,bist100,0.0230057625994626,0.0096569482138216,0.0205176274096302,0.0201299691042012,1.872643370740995,0.0115734577145878,0.0079637261045125,0.4706659313488167,2,Stress/Bear,0.6323
2022-04-12,bist100,0.0059841757911614,0.0092292337001288,0.0192157135809642,0.0215927570369664,1.735041912032418,0.0114851702483424,0.0084812741129832,0.4802961732980699,1,Transition,0.7639
2022-04-13,bist100,-0.0013809028692698,0.0094539214051796,0.018886741904431,0.0254837763805295,1.4362230720413365,0.0120619390387263,0.0081867068716325,0.5005586168867815,1,Transition,0.928
2022-04-14,bist100,0.0060779942532239,0.0089479342790278,0.0187597521686772,0.0096146790510952,1.2869304109472592,0.0108062555513986,0.0074295578898233,0.4769750793386293,1,Transition,0.9991
2022-04-15,bist100,0.0076462610655906,0.0089296995891943,0.018756164390743,0.0103031141798068,0.8847090129501605,0.0082666581680337,0.0075617532272532,0.4760941204802815,1,Transition,0.9997
2022-04-18,bist100,0.0063540434146523,0.0087933779737616,0.0173088397815086,0.0098792721433118,1.1430336855577996,0.0049363143310717,0.0071686774725438,0.5080281569857595,1,Transition,0.9997
2022-04-19,bist100,0.0035391029547036,0.0088294364206835,0.0172181458194467,0.0167911539834713,1.250191453482635,0.0044472997637801,0.0070293962235431,0.5127983299288439,1,Transition,0.9994
2022-04-20,bist100,0.0026560389168703,0.0086026078417489,0.0172188066474768,0.0135002495159738,0.9838605677168896,0.0052546881210081,0.0072925703258221,0.4996053453570476,1,Transition,0.9998
2022-04-21,bist100,0.0121590682460238,0.0082991965483104,0.0170650663335191,0.0121637450576967,1.1118926837750165,0.0064709029195681,0.0080588103551334,0.4863266503693103,1,Transition,0.9997
2022-04-22,bist100,-0.0335266960027155,0.0123813303853342,0.0176870703675234,0.0386250795621263,1.0869053314254469,-0.001763688494093,0.006398560185764,0.7000215484000429,2,Stress/Bear,0.9985
2022-04-25,bist100,0.0040766746142106,0.0122604341326098,0.017667479030714,0.0286797415907439,0.9229282398018512,-0.0022191622541814,0.006671391531711,0.6939549276552539,1,Transition,0.8433
2022-04-26,bist100,-0.0262416435119844,0.014092960607999,0.0180778495150209,0.0446597095858945,0.9313913330998336,-0.008175311547519,0.00458286224059,0.7795706340120376,2,Stress/Bear,1.0
2022-04-27,bist100,0.0135944881683967,0.0141740759610731,0.0180836374879185,0.0224362782508825,0.7787148763114881,-0.0059876216972137,0.0047283990306537,0.7838066854935912,1,Transition,0.9311
2022-04-28,bist100,-0.0094267360213782,0.0145105249222411,0.0178468877120708,0.0205897992223128,0.7091434334263695,-0.0103047825506941,0.0041876129081837,0.8130563242366863,1,Transition,0.9554
2022-04-29,bist100,0.0009056213958097,0.0144959483097073,0.0177941459290107,0.0156752649365663,0.6662740466792181,-0.0034183190709891,0.0038226352548485,0.8146470399612649,1,Transition,0.9963
2022-05-05,bist100,0.0145808690781647,0.0137692112828379,0.017583005085278,0.0127722368569669,0.7065791651105502,-0.0013174801781982,0.0032432824033199,0.7830977251076786,1,Transition,0.998
2022-05-06,bist100,-0.0030862537499124,0.0138176935127183,0.0176027596669161,0.0151707186194676,0.6842835390218948,0.0033135977742161,0.0027676890597049,0.7849731391088808,1,Transition,0.9987
2022-05-09,bist100,0.0028429038442199,0.0137183492066624,0.0175024389537895,0.0158170942525303,0.7052849454914468,0.0011632809093807,0.0031230715929753,0.7837964321933658,1,Transition,0.9989
2022-05-10,bist100,0.0098873384956698,0.0136417797022062,0.0175103033225092,0.0064654177212211,0.738054660781603,0.0050260958127903,0.0029996179332657,0.7790715815110915,1,Transition,0.9991
2022-05-11,bist100,-0.0146844318871585,0.0135460305338698,0.0176597198012093,0.0293818968053414,0.7597938876479478,0.0019080851561967,0.001248183939787,0.7670580669656024,1,Transition,0.8806
2022-05-12,bist100,-0.0259669039985992,0.013829329244955,0.0177051657726547,0.0285656258794112,0.8742552049443687,-0.0062014694591561,-0.001200449390116,0.7810900740796307,1,Transition,0.9704
2022-05-13,bist100,0.0117251593180183,0.0140442180963697,0.0176336415645169,0.0122354548748156,0.65015093508482,-0.0032391868455699,-0.0009134002137731,0.7964445713034125,1,Transition,0.9991
2022-05-16,bist100,-0.0118087898469679,0.0142544823827728,0.0177344797384719,0.0140957543222401,0.7506535719700609,-0.0061695255838075,-0.001434794562658,0.8037722331290115,1,Transition,0.9993
2022-05-17,bist100,0.0016716909363632,0.0141660315969917,0.0175747078672287,0.0153249310916889,0.7977610369658544,-0.0078126550956688,-0.0016551097285011,0.8060464904459064,1,Transition,0.9992
2022-05-18,bist100,-0.0005011935189596,0.0140006570261081,0.0175471166358844,0.0123245969506332,0.8163116580578196,-0.004976007422029,-0.0020624824577286,0.7978893237351758,1,Transition,0.9995
2022-05-20,bist100,-0.008896537174451,0.0139332750746038,0.0176111398289831,0.0147109824150705,0.8835008227334084,-0.0015619340571994,-0.0028250114871838,0.791162594238987,1,Transition,0.9994
2022-05-23,bist100,0.0035764857317387,0.0139341762280407,0.0175324820186037,0.0217565135108141,1.0365321268892524,-0.0031916687744553,-0.002823142348332,0.7947634689289937,1,Transition,0.9985
2022-05-24,bist100,-0.0024811022056184,0.0138750820369399,0.0175398003342413,0.0111579543805127,0.8227615347078439,-0.0013261312461854,-0.0030799994044564,0.7910627129462205,1,Transition,0.9995
2022-05-25,bist100,0.0179847050415413,0.0142674377470299,0.0133271278727989,0.0165007064981167,0.9011543898977752,0.0019364715748501,-0.0027887175646806,1.0705560780391583,1,Transition,0.9441
2022-05-26,bist100,0.0134324449742889,0.0127231255822156,0.0117640051882418,0.0140771101121052,0.9567699385392512,0.0047231992734999,-0.0004407605158303,1.0815300893383233,0,Calm/Bull,0.8634
2022-05-27,bist100,-0.0049084126983855,0.0127138479686007,0.0117834535318283,0.0146794481119344,1.093670488047148,0.005520824168713,-0.0008900148814601,1.0789577040601348,0,Calm/Bull,0.7201
2022-05-30,bist100,0.03560580849025,0.0137058983779858,0.0124379421600056,0.028648517160457,1.179127913382352,0.0119266887204152,0.0022023577186515,1.1019426044653369,2,Stress/Bear,0.939
2022-05-31,bist100,0.0078435857709744,0.0135132888404844,0.0124361154724774,0.0101292386838632,1.447982356199761,0.0139916263157338,0.0019148125987804,1.086616546009964,1,Transition,0.5256
2022-06-01,bist100,0.0084833368501685,0.0133141135654994,0.0123055828404311,0.0122626000677263,1.1135602502694284,0.0120913526774592,0.0028103162423577,1.08195716839634,1,Transition,0.9037
2022-06-02,bist100,0.0126877683658297,0.0134849663452094,0.0120656844184656,0.0146833310545127,1.0283026403826874,0.0119424173557674,0.0033994235908587,1.11762962443901,1,Transition,0.9406
2022-06-03,bist100,-0.0001153396855902,0.0132418235733357,0.0120792340208,0.0121862607777027,0.9292235129197962,0.0129010319583265,0.002664613152671,1.0962469599093587,1,Transition,0.8923
2022-06-06,bist100,0.0178311021001626,0.0135852959742953,0.0121989151298805,0.013065985897833,1.3186692528695978,0.009346090680309,0.0037104809451747,1.1136478801314802,1,Transition,0.8972
2022-06-07,bist100,3.770709689957187e-05,0.0136091845703937,0.0121284194055315,0.0138585258241265,1.1495237145160373,0.007784914945494,0.0035702211078087,1.122090530954663,1,Transition,0.8857
2022-06-08,bist100,-0.0415585735697063,0.0168325440305867,0.0134883283397186,0.0598728182410268,1.1780120380992969,-0.0022234671384809,0.0009979255045399,1.2479340364973497,2,Stress/Bear,1.0
2022-06-09,bist100,0.0122067699465021,0.0165861407837218,0.013530983215017,0.0248485315693646,1.0013146579001952,-0.0023196668223464,0.0023424855962229,1.2257897685745545,1,Transition,0.8972
2022-06-10,bist100,-0.0111444271388681,0.0155536275016322,0.013556554219499,0.027643495410111,1.0029003036288069,-0.004525484313002,0.0030836094392095,1.147314225266821,1,Transition,0.8641
2022-06-13,bist100,-0.013061285224745,0.0158141410543983,0.0136855570759288,0.0184057195018341,0.8038257475958082,-0.0107039617779835,0.0018442872120713,1.155535062742414,1,Transition,0.9219
2022-06-14,bist100,-0.0004782633023988,0.0154991048546327,0.0136922263838554,0.0173781691427123,0.7476374275859622,-0.0108071558578432,0.0024108135392998,1.1319638180177758,1,Transition,0.9029
2022-06-15,bist100,0.0088097052333872,0.0155632406395535,0.0135056012354935,0.0126427910905902,0.7925153170778617,-0.0007335000972245,0.002767714254151,1.1523545207785628,1,Transition,0.9817
2022-06-16,bist100,-0.0182204556596628,0.0162483904152636,0.0137729139958288,0.0301362141832178,0.8484009211219792,-0.0068189452184575,0.0018817511471158,1.179735125056656,1,Transition,0.5462
2022-06-17,bist100,0.0190892507440045,0.0164747972715153,0.0138575293485446,0.0187503457384114,0.8109392822482896,-0.0007722096418829,0.0032810405430386,1.188869736959688,1,Transition,0.911
2022-06-20,bist100,0.0023262439587982,0.0164759891501578,0.0138486392078379,0.0172496381907499,0.8126221025695567,0.0023052961948256,0.0032185284543916,1.189718997143985,1,Transition,0.9823
2022-06-21,bist100,0.0143498787050618,0.0165989270798923,0.0139160285165514,0.0121899414548428,0.8444384844945281,0.0052709245963178,0.0040600774999256,1.1927919707946737,1,Transition,0.9747
2022-06-22,bist100,-0.0006212815332753,0.0162960666182008,0.0139015414694781,0.0135182336351747,0.7582017537927952,0.0033847272429853,0.0031297781711847,1.1722488944107423,1,Transition,0.9843
2022-06-23,bist100,-0.0121545289996927,0.0164483312189103,0.0140299176780021,0.0215477898782093,0.8257597381925028,0.0045979125749793,0.0018504294724857,1.1723754619530056,1,Transition,0.9441
2022-06-24,bist100,0.0042768604647697,0.0163777634157899,0.0140217049027365,0.0177754917321438,0.8017736320706299,0.0016354345191323,0.0023096931306434,1.1680293893928375,1,Transition,0.9868
2022-06-27,bist100,-0.0097573969760368,0.0145647084287252,0.0140094895696091,0.025975684457408,0.7139420729792088,-0.0007812936678346,4.153285732912291e-05,1.039631626574074,1,Transition,0.9512
2022-06-28,bist100,-0.0155795803086431,0.0148433908951867,0.0141518973091652,0.0359812761126315,0.9364380867253336,-0.0067671854705756,-0.0011296254466517,1.0488622529484952,2,Stress/Bear,0.5736
2022-06-29,bist100,-0.0360612763885082,0.0165669278622285,0.0149740246764389,0.0384265348313875,0.9203977128634466,-0.0138551844416222,-0.0033568561085856,1.1063777588330004,2,Stress/Bear,0.9832
2022-06-30,bist100,0.0014144531083668,0.0161795516044944,0.0149459219455189,0.0248608825445325,1.0098339525081972,-0.0111413880200103,-0.0039205218714587,1.082539549147406,1,Transition,0.9539
2022-07-01,bist100,0.0158380386151622,0.0167598764274475,0.0147099040714629,0.0218104304682074,0.7161442556417259,-0.0088291523899318,-0.0031228529564211,1.139360008469496,1,Transition,0.8932
2022-07-04,bist100,-0.0155885890419061,0.0162180183344604,0.0148443949186934,0.0290524817847403,0.7889650471594014,-0.0099953908031057,-0.0047938375135245,1.0925348202665537,1,Transition,0.9182
2022-07-05,bist100,-0.0145273462046277,0.0163163601856903,0.0149596245850897,0.0284233381685371,0.9368300097389604,-0.0097849439823026,-0.0055220901786009,1.0906931582997683,1,Transition,0.9388
2022-07-06,bist100,0.0154412936726066,0.0145758175151931,0.0150066748126341,0.0170252541201863,0.8638089514017244,0.0005155700299203,-0.0026720968164852,0.9712889562264512,1,Transition,0.9917
2022-07-07,bist100,0.0071993336911756,0.0143480154720037,0.0148058019253932,0.0103480501912139,0.7183117295963224,0.0016725461464821,-0.0029224686292516,0.9690806039621273,1,Transition,0.9887
2022-07-08,bist100,0.0034570562487172,0.0142789557737605,0.0145080455200596,0.0069844249690384,0.2529604441938808,-0.0008036503268068,-0.0021923944598723,0.9842094687404748,1,Transition,0.8888
2022-07-13,bist100,-0.0106978549819536,0.0141937973182126,0.0145492012540659,0.0220507352036178,0.8080659841820622,0.0001744964851836,-0.0020742229477327,0.9755722716562172,1,Transition,0.9862
2022-07-14,bist100,-0.0107298102911056,0.0143176945332205,0.0146100240979594,0.0193922931736381,0.9542401186720568,0.000934003667888,-0.0025868002971681,0.979991164779818,1,Transition,0.9845
2022-07-18,bist100,0.0285102242223978,0.0157491357013084,0.0150621922634884,0.0201527378394163,0.9214364333465936,0.0035477897778462,-0.0016017743477175,1.0456071351236946,1,Transition,0.9329
2022-07-19,bist100,0.0204719054351741,0.0159751156188573,0.0152645502178873,0.0215828475377673,1.2792636592568816,0.006202304126646,0.0003328437070242,1.046550038542064,1,Transition,0.931
2022-07-20,bist100,0.0092297878586217,0.01551124281824,0.0152891724000833,0.0112466552787909,1.1283945724386366,0.0073568504486268,-0.0001601294372448,1.0145246853358434,1,Transition,0.9691
2022-07-21,bist100,-0.0054799497070359,0.0155435653019481,0.0152991064331231,0.0122243037789116,1.217325252776314,0.0084004315036104,-0.0005504391205365,1.015978637046128,1,Transition,0.9385
2022-07-22,bist100,0.0020685063413026,0.0151618354365474,0.0152975319220815,0.0178415879255785,1.2293896340919148,0.010960094830092,-0.0011645077387245,0.9911295177401628,1,Transition,0.9422
2022-07-25,bist100,0.0125961946049495,0.0154716558716451,0.0153035534982835,0.0126742079709723,1.2240338587832862,0.0077772889066024,-0.0005036339318132,1.0109845320160746,1,Transition,0.9646
2022-07-26,bist100,-0.0044832395071912,0.0152612720090164,0.014673205957123,0.0119428512976492,1.442538486093455,0.0027862599181293,-0.0001200694571882,1.0400775436269194,1,Transition,0.6114
2022-07-27,bist100,0.0027552708637173,0.0152419795488908,0.0146686305466793,0.0086868493583705,1.1177546864975334,0.0014913565191484,-0.0001961489372408,1.0390867436729605,1,Transition,0.8898
2022-07-28,bist100,-0.0003145233459213,0.015075562355102,0.014246068555807,0.0146267238868566,1.2642399798187027,0.0025244417913714,0.0002759947442649,1.0582261552403416,1,Transition,0.7608
2022-07-29,bist100,0.0191215861406808,0.0151513896067652,0.0143474490661187,0.0212545866077551,1.0937033424705394,0.005935057751247,0.0020110530667311,1.0560336919086888,1,Transition,0.9788
2022-08-01,bist100,0.0243500885708898,0.0130359444767127,0.0145946309341052,0.0212703008516337,1.2071570019026414,0.0082858365444351,0.005031621314701,0.8932013790256154,1,Transition,0.9698
2022-08-02,bist100,-0.0032806067943143,0.0131463186172277,0.0146074969603647,0.0159767447350328,1.392657416189444,0.0085263630870104,0.0047968683195669,0.8999706556775807,1,Transition,0.969
2022-08-03,bist100,0.013840958248682,0.0130653758484778,0.0145965107641454,0.0073384448073757,1.32690826898509,0.0107435005640034,0.0046970143012429,0.8951026762211834,1,Transition,0.9644
2022-08-04,bist100,0.014496727535918,0.0123174015501063,0.0146809111969925,0.0118956104829809,1.4722230197844108,0.0137057507403712,0.0062012801301341,0.8390079733354411,1,Transition,0.9238
2022-08-05,bist100,0.0097914439639499,0.011323688228546,0.0147173928957363,0.0202873463028719,1.900692860277616,0.0118397223050251,0.007417219638563,0.7694085704422929,2,Stress/Bear,0.9705
2022-08-08,bist100,0.0160852033816727,0.0113485909951534,0.0147965005647337,0.015527307148106,1.570812409739949,0.0101867452671816,0.0074494151240163,0.7669780395373959,1,Transition,0.8921
2022-08-09,bist100,-0.0035482714648849,0.0116124498813385,0.0146537807179441,0.0161209763082745,1.3447083121998806,0.0101332123330675,0.0069120348662133,0.7924541867286624,1,Transition,0.9858
2022-08-10,bist100,0.0158158107690957,0.0117469688365755,0.0142850206240096,0.0230423155999996,1.4262891338942196,0.0105281828371503,0.0075299725922322,0.8223277477689964,1,Transition,0.9161
2022-08-11,bist100,0.0136189416378367,0.0109954315302064,0.0143071343738515,0.0149910153321535,1.4098869013052744,0.010352625657534,0.0087458124232218,0.7685278716821382,1,Transition,0.9794
2022-08-12,bist100,-0.0014303472710236,0.0103033492805995,0.0141892975275524,0.019446372438856,1.2806544645208644,0.0081082674105393,0.0092107855742259,0.726135262199748,1,Transition,0.9893
2022-08-15,bist100,-0.0024819151862138,0.0095510991520818,0.0142060678751885,0.0142447737248194,0.9888461258378948,0.004394843696962,0.0076611786037953,0.6723253215453971,1,Transition,0.9997
2022-08-16,bist100,0.0194443870518154,0.0094810694903191,0.0143566894533267,0.0481243569203374,1.486019431057742,0.0089933754003021,0.0076098026846273,0.6603938548048889,2,Stress/Bear,1.0
2022-08-17,bist100,0.0226367787868967,0.0100580451785246,0.0144802201248066,0.0212752483099521,1.5777205921622215,0.0103575690038623,0.0082801522310411,0.6946058203420401,1,Transition,0.8356
2022-08-18,bist100,0.0133335205607924,0.0095713937180306,0.0145323567639349,0.0360929078063492,1.6894422584307474,0.0103004847884534,0.0092208257444325,0.6586263930558054,2,Stress/Bear,0.9942
2022-08-19,bist100,6.620715882891295e-05,0.0096602029097906,0.0145169245078038,0.0173168428265786,1.199139200129533,0.0105997956744239,0.0091207107853088,0.6654441789373255,1,Transition,0.9963
2022-08-22,bist100,0.013908531649821,0.0096894652895007,0.0144598210592324,0.0237062809566983,1.2646775683504337,0.0138778850416309,0.0091863276375524,0.6700957950869052,1,Transition,0.9394
2022-08-23,bist100,0.0190821023912457,0.0093671656091736,0.0145408671372786,0.0196701819766556,1.3027194037748129,0.0138054281095169,0.0103645947324742,0.644195804881462,1,Transition,0.9708
2022-08-24,bist100,-0.0198006359948237,0.011456400022017,0.0148204674585548,0.0300625699894606,1.2056438088629682,0.0053179451531728,0.0092367993895472,0.7730120560673697,2,Stress/Bear,0.8104
2022-08-25,bist100,0.0246901939787985,0.0117205415083598,0.0144864475759814,0.0226664845409088,1.2906158028307717,0.007589279836774,0.0104870352557832,0.8090694041369058,1,Transition,0.6735
2022-08-26,bist100,0.0029604496495957,0.0116508090457808,0.0144759245367608,0.0264456411966825,1.5708052911715005,0.0081681283349274,0.0096789784312289,0.8048404104479981,2,Stress/Bear,0.6107
2022-08-29,bist100,0.0059893884025192,0.0111463978446661,0.0144650081927557,0.0200316713400753,1.00609302872602,0.0065842996854671,0.0087609434228104,0.7705766699979044,1,Transition,0.991
2022-08-31,bist100,0.0019570045659923,0.0109075650643261,0.0144154683405291,0.0122982491716558,1.0755604397713734,0.0031592801204164,0.0090228239908257,0.7566570025102483,1,Transition,0.9972
2022-09-01,bist100,-0.0090277327284718,0.011555322004252,0.0144969415801054,0.0182964663007321,1.1949858173548782,0.0053138607736868,0.007879389441968,0.7970868848716178,1,Transition,0.9903
2022-09-02,bist100,0.025137194474325,0.0121077738404732,0.0146521894081803,0.0214417168827924,1.1464328336850658,0.005403260872792,0.0084114127888884,0.8263457086975348,1,Transition,0.9153
2022-09-05,bist100,0.04124513482225,0.0141645362254476,0.0154424199053438,0.0355528774384114,1.2834343120980405,0.0130601979073229,0.0099840973318034,0.917248482574034,2,Stress/Bear,0.9999
2022-09-06,bist100,0.0097781253388673,0.0140915757045731,0.014254136388741,0.0443181605488406,1.5535074215595646,0.0138179452945925,0.0096687434296631,0.9885955430946852,2,Stress/Bear,1.0
2022-09-07,bist100,0.0033558676205185,0.0138329453657602,0.0142221093546181,0.0253615439170973,1.1733758788700095,0.0140977179054978,0.0100139503839333,0.9726366898781086,2,Stress/Bear,0.6577
2022-09-08,bist100,0.010116689198266,0.0137656745955696,0.0140856722316313,0.0249317536861177,1.2303255899926315,0.0179266022908454,0.0097289943053918,0.977282047260544,2,Stress/Bear,0.784
2022-09-09,bist100,0.0241432552339776,0.0141188252705494,0.0140950147090802,0.0266088640841311,1.0440500122472205,0.0177278144427759,0.0102552099851988,1.0016892895793763,2,Stress/Bear,0.9779
2022-09-12,bist100,0.0356493951860045,0.0149156405758593,0.0145920284514616,0.0291024767171355,1.1623125720024514,0.0166086665155268,0.0121091971080503,1.0221773227398838,2,Stress/Bear,0.9992
2022-09-13,bist100,-0.0628519048203648,0.0223030441678322,0.0170963561883036,0.0841581823627358,1.2762388479416449,0.0020826604836803,0.0090906976263427,1.3045495731476842,2,Stress/Bear,1.0
2022-09-14,bist100,0.0058482135202748,0.0221777055260661,0.0168212459934822,0.0492024945114105,0.704718368540273,0.0025811296636316,0.0084108889497657,1.3184341715625203,2,Stress/Bear,1.0
2022-09-15,bist100,-0.0246410781579469,0.0230827557255051,0.0171642016211191,0.0413905874948321,0.819694089032016,-0.0043704238076109,0.0060469961025235,1.3448196563424035,2,Stress/Bear,1.0
2022-09-16,bist100,0.0042134137331082,0.0230212354988543,0.0171614653054605,0.0240134203231206,0.8618202614895893,-0.0083563921077848,0.0055909907611393,1.3414492928834771,2,Stress/Bear,0.991
2022-09-19,bist100,-0.0540821048993929,0.0266095763538553,0.0187164237683114,0.0606972928517349,0.6611615236759699,-0.0263026921248643,0.0028835751582282,1.4217233315109976,2,Stress/Bear,1.0
2022-09-20,bist100,0.0240864416869689,0.0269269517805598,0.0188926548059278,0.0398781517678519,0.8840460604055483,-0.0089150228233975,0.0033924706600856,1.4252603489114306,2,Stress/Bear,1.0
2022-09-21,bist100,-0.0097191203655096,0.0268136136528955,0.0188598922013106,0.0217820961485027,0.7101363093737718,-0.0120284896005544,0.0019524095222478,1.4217267716425337,2,Stress/Bear,0.9999
2022-09-22,bist100,0.015135363858579,0.0264575098849042,0.0189139736002443,0.0251875220828307,0.7447077128984821,-0.0040732011972492,0.0036992095149179,1.3988340284329537,2,Stress/Bear,0.9999
2022-09-23,bist100,-0.0041660354461312,0.0260360107983958,0.0188574962249696,0.0166991993297108,0.5661328251426891,-0.0057490910330971,0.0022563980436715,1.3806716696525692,2,Stress/Bear,0.9986
2022-09-26,bist100,-0.006542644554382,0.026109098363351,0.0187313700820046,0.0269310217057314,0.6871885218870437,0.0037588010359049,0.0017812433334726,1.3938701893693386,2,Stress/Bear,0.9993
2022-09-27,bist100,0.0016550235571887,0.0260903122171457,0.0179645977888417,0.0191696558276359,1.029099494422417,-0.000727482590051,0.001564525091206,1.452318194028878,2,Stress/Bear,0.9928
2022-09-28,bist100,-0.0208553658922358,0.0265665605993006,0.0182698970947668,0.0267964492168481,0.6386960948981498,-0.0029547316953962,0.0004239065682946,1.454116597455286,2,Stress/Bear,0.9995
2022-09-29,bist100,-0.0161703343100106,0.0267476956277627,0.0184073782400756,0.0610445571999949,0.7819340516909257,-0.0092158713291142,6.677648921774062e-05,1.453096431165245,2,Stress/Bear,1.0
2022-09-30,bist100,0.0104633646803218,0.0262198622286913,0.0182388311012296,0.0158491866273797,0.6196720307364254,-0.0062899913038235,-0.0006669150004824,1.4375845734392316,2,Stress/Bear,0.9971
2022-10-03,bist100,0.0645680019912559,0.0285932629150609,0.0196343670169186,0.0578700771442686,0.8054531289766486,0.007932138005304,0.0004992283579678,1.4562864639548907,2,Stress/Bear,1.0
2022-10-04,bist100,0.0192411907423516,0.0288321866404819,0.0196715384690385,0.0232794754944844,0.98930844158389,0.0114493714423365,0.000972381628142,1.4656803119827988,2,Stress/Bear,1.0
2022-10-05,bist100,0.0076054177269243,0.028866314343308,0.0196720173901408,0.0238493119337086,0.8902019599592266,0.0171415281661686,0.0011848591334623,1.4673794644861935,2,Stress/Bear,1.0
2022-10-06,bist100,0.0197497650527118,0.0291025919514232,0.019748104016947,0.0162357573287401,0.8595188411173691,0.0243255480387131,0.0016665129261846,1.4736904325827187,2,Stress/Bear,1.0
2022-10-07,bist100,0.0038475155152093,0.0286275661065525,0.0196246919544197,0.0120809738741591,0.7633686163810847,0.0230023782056906,0.0006517259402462,1.458752380574577,2,Stress/Bear,1.0
2022-10-10,bist100,0.0040281969137842,0.0274415953743551,0.0194964986649905,0.0103573564350753,0.7339373829486289,0.0108944171901962,-0.0009293339733647,1.4075140283332794,2,Stress/Bear,1.0
2022-10-11,bist100,-0.0029076171154032,0.0232804694738929,0.0193245917512918,0.0119835020325108,0.8815170742015004,0.0064646556186453,0.0020678804118833,1.2047069233603136,2,Stress/Bear,0.932
2022-10-12,bist100,-0.0151778366460281,0.0235736740082791,0.019428406888684,0.0228837408275881,0.803756391374098,0.0019080047440548,0.0010165779035681,1.213361143985999,2,Stress/Bear,0.9751
2022-10-13,bist100,0.0100690401774051,0.0228519677393312,0.0194313084462935,0.0158159087175513,0.7766867563369723,-2.814023100653415e-05,0.0027520838203357,1.176038546374378,2,Stress/Bear,0.8501
2022-10-14,bist100,0.0205009688932593,0.023194440548945,0.0194675549765709,0.01535717990298,0.8211783129441051,0.0033025504446034,0.0035664615783433,1.19144086542246,2,Stress/Bear,0.952
2022-10-17,bist100,0.0590437299975709,0.0221670176322446,0.0206216380946575,0.0552815582747016,1.3608359776952328,0.0143056570613607,0.0092227533231915,1.0749397080141494,2,Stress/Bear,1.0
2022-10-18,bist100,-0.0015605755444296,0.022003132813432,0.0206383853701141,0.031679662126311,1.4583468684469414,0.0145750653755555,0.0079404024616216,1.0661266576257515,2,Stress/Bear,0.9999
2022-10-19,bist100,0.0100235006017121,0.0216084915274571,0.020588401094487,0.0186584243682608,1.3619694232022928,0.0196153328251035,0.0089275335099826,1.049546850592649,2,Stress/Bear,0.9984
2022-10-20,bist100,0.0052947532152392,0.0215717032852284,0.0205819659323463,0.0165859922026541,1.450964237506048,0.0186604754326704,0.0084355029778157,1.0480876003845043,2,Stress/Bear,0.9992
2022-10-21,bist100,0.0086020245356122,0.0213671009546118,0.0205595261127418,0.0162152146957716,1.0021731807312344,0.0162806865611409,0.0090739059769028,1.039279837358194,2,Stress/Bear,0.9688
2022-10-24,bist100,0.0108442270553466,0.0210496271774621,0.0205063720227142,0.0173728378172172,0.9063516067513632,0.0066407859726961,0.0099432495573893,1.0264920169275231,2,Stress/Bear,0.9505
2022-10-25,bist100,-0.0006287364434745,0.0211030812188745,0.0204042443918175,0.0208554929228326,1.2061992696467163,0.0068271537928871,0.0098290615573561,1.0342495812948234,2,Stress/Bear,0.9862
2022-10-26,bist100,0.000352116550162,0.0199832182683644,0.0203794468034009,0.0142843652899495,0.901774429545536,0.0048928769825771,0.010889435679476,0.9805574440337412,2,Stress/Bear,0.9192
2022-10-27,bist100,-0.0105930479832106,0.0196213657461719,0.0204798131859726,0.0212988920629647,0.9118228875048872,0.0017153167428871,0.011168299995816,0.9580832387480616,2,Stress/Bear,0.9865
2022-10-28,bist100,-0.0142064330605624,0.020426907021726,0.0206215463688315,0.0134571351245885,0.3642840813405798,-0.0028463747763477,0.0099348101087718,0.9905613602576532,2,Stress/Bear,0.9991
2022-10-31,bist100,0.0254531531420486,0.0163955173980025,0.0207703148105507,0.0254839611832151,0.8428468737736889,7.541044099260985e-05,0.0079790676663114,0.7893725996716272,2,Stress/Bear,0.8469
2022-11-01,bist100,0.0188461366971665,0.0163814670539806,0.0207957322976213,0.0278197874116169,1.0222033910802557,0.0039703850691208,0.0079593149640522,0.7877321567490282,2,Stress/Bear,0.5527
2022-11-02,bist100,0.0042330293379906,0.0164026443713918,0.0207581371328037,0.0143668336809483,0.9953225132522932,0.0047465676266865,0.0077906955446055,0.7901790158940116,1,Transition,0.984
2022-11-03,bist100,0.0082177654076754,0.0161610346846491,0.0207224325963574,0.0147607896699567,0.8915438279533375,0.0085087303048637,0.0072140955623537,0.7798811558199952,1,Transition,0.9908
2022-11-04,bist100,0.0267964623192906,0.0167146395305822,0.020871653243042,0.0243065084057306,1.104739839327069,0.0167093093808343,0.0083615429025577,0.8008296868459338,2,Stress/Bear,0.6849
2022-11-07,bist100,0.0268361733012323,0.0171751476047797,0.0210099429389969,0.0251172463935567,1.366713518879514,0.0169859134126711,0.0095019417219301,0.8174771180792035,2,Stress/Bear,0.9005
2022-11-08,bist100,0.0065807325377167,0.0169438128488452,0.0209739415021089,0.026305713860495,1.4317008906949054,0.0145328325807811,0.0099763592045861,0.8078506773341334,2,Stress/Bear,0.8763
2022-11-09,bist100,0.000160572165776,0.016069939000856,0.0209284167725936,0.0214631025493431,1.181932571327836,0.0137183411463382,0.0107432796451763,0.7678525889211127,1,Transition,0.5853
2022-11-10,bist100,0.0240379678854315,0.0163403817513441,0.0209472479045878,0.0300195484060244,1.14845357416267,0.0168823816418894,0.0114417260305777,0.7800729635593452,2,Stress/Bear,0.994
2022-11-11,bist100,-0.0026000666524709,0.016482163578209,0.0209633241123166,0.027830917357676,1.0874095624501867,0.0110030758475371,0.0102866742532911,0.7862380741671228,2,Stress/Bear,0.8535
2022-11-14,bist100,0.0254176406304479,0.0124746744974041,0.0210869518161106,0.0265636151508805,1.1014012826847168,0.0107193693133802,0.008605369784935,0.5915826339524978,1,Transition,0.828
2022-11-15,bist100,0.0188144483580135,0.0124326698945453,0.0211240516170495,0.0326177184027026,1.4408593750840164,0.0131661124774396,0.0096241209800572,0.5885551749225378,2,Stress/Bear,0.8408
2022-11-16,bist100,0.0024663701137569,0.0125343165071968,0.0210716319419968,0.028596061284984,1.536979209361536,0.0136272720670358,0.0092462644556594,0.594843177865845,1,Transition,0.5474
2022-11-17,bist100,-0.0351616336940142,0.0159928992971555,0.0214883709456251,0.0532262081617455,1.148212794518734,0.0017873517511466,0.0072234451101967,0.744258340365796,2,Stress/Bear,1.0
2022-11-18,bist100,0.0043171017462139,0.0160021578364028,0.0213558600415597,0.0218703512478597,0.9452275514145332,0.0031707854308836,0.0070091989707268,0.7493099226751706,1,Transition,0.983
2022-11-21,bist100,0.0095855087623087,0.0159887505949243,0.0213564100356839,0.0233683521361925,1.0053021900825183,4.359057255757734e-06,0.0069462630560749,0.7486628402530701,1,Transition,0.9588
2022-11-22,bist100,0.0450082454470716,0.0179829743258181,0.0219353824615582,0.0447427192527859,1.2331989520144562,0.0052431184750673,0.0092281121506022,0.8198158549244954,2,Stress/Bear,1.0
2022-11-23,bist100,0.0152573095003583,0.0179044534748036,0.0219520496797107,0.0282231314884931,1.2299352711948053,0.0078013063523876,0.009973371798112,0.8156164793737652,2,Stress/Bear,0.8796
2022-11-24,bist100,0.0008236937073373,0.017388806922238,0.0218660849641966,0.029949522294546,1.332663835881114,0.014998371832658,0.0105442088826394,0.7952409839580463,2,Stress/Bear,0.9754
2022-11-25,bist100,0.0033084427801958,0.0164947599464056,0.0217448545938625,0.017192264112253,1.0279732304287037,0.0147966400394543,0.0114199526746773,0.7585592203068229,1,Transition,0.7037
2022-11-28,bist100,0.0099823536663551,0.0161614122979656,0.0212773665705689,0.0235823658060109,1.0726110510555704,0.0148760090202636,0.0106464127008927,0.7595588600856382,2,Stress/Bear,0.5332
2022-11-29,bist100,0.0079508239895662,0.0160537403983383,0.021273720287096,0.0344385488509168,0.9317230072372212,0.0074645247287625,0.0101016470655126,0.7546277840306109,2,Stress/Bear,0.9961
2022-11-30,bist100,0.0030382368855969,0.0160789315363391,0.0212745160888424,0.0132193507382869,0.9305369193126334,0.0050207102058103,0.010041907442893,0.7557836553928403,1,Transition,0.9486
2022-12-01,bist100,0.0136876319622002,0.0160927845694161,0.0212902519600194,0.0178352969545011,0.9277666118998488,0.0075934978567828,0.0103154007706192,0.7558757218860772,1,Transition,0.8893
2022-12-02,bist100,-0.0166251177205096,0.0166709186671016,0.0213647652093522,0.0285514705086593,0.809705598831371,0.0036067857566417,0.0081443217686292,0.7802996430685838,2,Stress/Bear,0.8801
2022-12-05,bist100,-0.0010483476197729,0.0161843224762912,0.0210158438360625,0.0255961479368731,0.9252064203877236,0.0014006454994161,0.0067500957225789,0.7701010058192131,1,Transition,0.9254
2022-12-06,bist100,0.0084959221995735,0.0161889328911719,0.0190300498258139,0.0244596979087515,0.9152802894416914,0.0015096651414176,0.0068458552056718,0.850703652347345,1,Transition,0.8676
2022-12-07,bist100,-0.035232761879943,0.0186982014568713,0.0197710593432831,0.0499692281049165,0.9298946844638424,-0.0061445346116903,0.0050761885033858,0.9457359432398724,2,Stress/Bear,1.0
2022-12-08,bist100,0.005969214426291,0.0181626517338544,0.0193680034452756,0.0304579364353136,0.8149119451681187,-0.0076882181188722,0.0041727508304288,0.9377658252268026,2,Stress/Bear,0.8962
2022-12-09,bist100,0.0303029331765202,0.0189882809357389,0.0196157039224332,0.0287497561165957,0.7733358250245079,0.0016973920605337,0.0058179008218783,0.968014250766872,2,Stress/Bear,0.994
2022-12-12,bist100,0.0368719863065812,0.0197673145528308,0.018321882936554,0.0317911488176466,1.184019087301261,0.0092814588458045,0.006390618105685,1.0788909972453198,2,Stress/Bear,0.9988
2022-12-13,bist100,0.0120390438187976,0.0196005445917158,0.0182090824701881,0.0227351752835974,1.124234826011288,0.0099900831696493,0.0060518478787242,1.0764158284090253,1,Transition,0.517
2022-12-14,bist100,-0.0367581309710132,0.0218154413946073,0.0189704913641553,0.0513966806722,1.4337487909484068,0.0096850093514353,0.0040906228244857,1.1499671239843323,2,Stress/Bear,1.0
2022-12-15,bist100,0.0238522058555794,0.0201546717070637,0.0190637163058188,0.0380436613533991,1.1121865859388764,0.013261607637293,0.0070413148019654,1.057226795853646,2,Stress/Bear,1.0
2022-12-16,bist100,0.0049023269967259,0.0201509329134945,0.0190049778113572,0.0200219518450946,1.0596747703572331,0.0081814864013341,0.007070576064491,1.0602976290481343,2,Stress/Bear,0.551
2022-12-19,bist100,0.0334929902300887,0.0209992262373192,0.0191976517659615,0.0252787580262243,1.191447430331301,0.0075056871860356,0.00826595013788,1.0938434811361657,2,Stress/Bear,0.9972
2022-12-20,bist100,0.0050135139715388,0.0191379833094383,0.019182586327434,0.0187489643453676,1.1518800505396396,0.0061005812165839,0.0062662135641033,0.9976748172934392,1,Transition,0.7368
2022-12-21,bist100,0.0018621056458598,0.0190409123012305,0.0188152133782503,0.0144407575751852,0.983936337768593,0.0138246285399585,0.0055964533713784,1.0119955547908404,1,Transition,0.7309
2022-12-22,bist100,0.0033283763346126,0.0190160897951967,0.0185426841901734,0.021534166017752,0.8039603157582,0.0097198626357652,0.0057216875027422,1.0255305866274846,1,Transition,0.6091
2022-12-23,bist100,0.0013941755219591,0.0190336850150309,0.0185686990960043,0.0158394166660475,0.6984107994147989,0.0090182323408118,0.0056259741398303,1.0250413837082768,1,Transition,0.7901
2022-12-26,bist100,0.0089973262096173,0.0190230906753672,0.017075611395809,0.0125179898365352,0.6691021449830659,0.0041190995367175,0.0055767227669935,1.1140503396578922,1,Transition,0.8858
2022-12-27,bist100,-0.0127257451121945,0.0194444546910103,0.0172191673366726,0.0156593152597482,0.712504336199363,0.0005712477199708,0.0045428943119054,1.1292331569133691,1,Transition,0.8203
2022-12-28,bist100,-0.0164937059486865,0.0200063795922485,0.0174963238833494,0.0358801289509214,0.7418841048347098,-0.0030999145989384,0.0035662971701912,1.1434618909454402,2,Stress/Bear,0.9964
2022-12-29,bist100,0.0242653674468715,0.02042349644191,0.017561106547179,0.0264932491761563,0.6478737856318717,0.0010874836235133,0.0040951839444248,1.1629959870148832,2,Stress/Bear,0.9764
2022-12-30,bist100,0.0058802592415151,0.0198332468404653,0.0175564733229042,0.0133958096504922,0.7936594806386855,0.0019847003674245,0.005220452792526,1.1296828512017207,1,Transition,0.8561
2023-01-02,bist100,0.0271987495438184,0.0203620501876354,0.0177384701566728,0.0164456720279188,0.893274130892345,0.0056249850342647,0.0066328076507056,1.1479033990975638,2,Stress/Bear,0.7141
2023-01-03,bist100,-0.0061128134362803,0.0205528299655441,0.0177755246873601,0.0167775211364605,1.007835277152778,0.0069475713694476,0.0059023708689129,1.1562432235915348,1,Transition,0.5535
2023-01-04,bist100,-0.0184936625230823,0.0190774253461108,0.0178524493050936,0.0313028528470656,0.925587345496895,0.0065475800545684,0.006739325836756,1.0686166934342014,2,Stress/Bear,0.9908
2023-01-05,bist100,-0.0765607099664006,0.0266682923013175,0.02088783880901,0.0880702279781007,0.8379850390008352,-0.0136176354280859,0.0026128296171214,1.2767377489438525,2,Stress/Bear,1.0
2023-01-06,bist100,0.0431491099220644,0.0275116773715066,0.0213524118623667,0.0859420688061579,0.9825204632018398,-0.006163865291976,0.0032551384543986,1.2884576013633104,2,Stress/Bear,1.0
2023-01-09,bist100,-0.032534007733559,0.0274253689405637,0.0207952385358009,0.0566624539477809,0.8151291675834371,-0.0181104167474515,-0.0002151612476083,1.3188292547521578,2,Stress/Bear,1.0
2023-01-10,bist100,-0.0360310638167893,0.0283845240836264,0.0214435568116121,0.0481157314908809,0.7671163654973463,-0.0240940668235533,-0.0026186666293877,1.3236854470082886,2,Stress/Bear,1.0
2023-01-11,bist100,-0.0533424110168391,0.0296484545115485,0.0226840327267408,0.0766355427757659,0.7991031265088077,-0.0310638165223047,-0.003447880631679,1.3070186799985422,2,Stress/Bear,1.0
2023-01-12,bist100,0.049868079355338,0.0314266412517615,0.0234669532258997,0.0756436678408713,1.0278354278742,-0.0057780586579569,-0.002147086956691,1.3391871091760204,2,Stress/Bear,1.0
2023-01-13,bist100,0.0028526239979038,0.031405777741478,0.0234597432602634,0.0296295795649749,0.8132770785235642,-0.0138373558427891,-0.0022495721066321,1.3387093538518682,2,Stress/Bear,1.0
2023-01-16,bist100,0.0437249586350527,0.0320944549162451,0.0240014637843799,0.0434551709827925,0.8899428542091792,0.0014144374309332,-0.0017379736863839,1.337187398425762,2,Stress/Bear,1.0
2023-01-17,bist100,0.0203946907537569,0.0324470985733226,0.0240787822280169,0.0271873508850937,1.1386865895957203,0.0126995883450425,-0.000968914847273,1.3475390186289722,2,Stress/Bear,1.0
2023-01-18,bist100,0.0129358317192894,0.0325921090226177,0.024093811814537,0.0210803077307037,1.0769137888831002,0.0259552368922682,-0.0004152285436016,1.3527170077319668,2,Stress/Bear,1.0
2023-01-19,bist100,0.0070696758364046,0.0326254463089434,0.0240071722269092,0.0191981713488751,0.896874311818234,0.0173955561884815,-0.000228163568512,1.3589874726009632,2,Stress/Bear,1.0
2023-01-20,bist100,0.0124443361726382,0.0327477039398763,0.0238855216558409,0.0147716032462966,1.078483898978724,0.0193138986234284,0.0003243444640219,1.371027370125207,2,Stress/Bear,1.0
2023-01-23,bist100,-0.0157694391949016,0.0328705193304471,0.0239032038564786,0.0402266792143801,1.035070722791272,0.0074150190574375,-0.000913993806204,1.375151194283861,2,Stress/Bear,1.0
2023-01-24,bist100,-0.0070374382534992,0.0327874422697497,0.0238845312007056,0.0362435528610347,0.907972191633856,0.0019285932559862,-0.0006295784632692,1.3727479930098463,2,Stress/Bear,1.0
2023-01-25,bist100,-0.0128843921971664,0.0327053589707787,0.0239918481747421,0.059647721864183,0.8759245043939543,-0.0032354515273049,-0.0004491127756932,1.3631863094736432,2,Stress/Bear,1.0
2023-01-26,bist100,-0.0126891137080499,0.0322766821560276,0.0240868925927098,0.0220608901439751,0.7561736528101789,-0.0071872094361958,-0.0022968368334393,1.3400102164193872,2,Stress/Bear,1.0
2023-01-27,bist100,-0.0075219902730958,0.0322370792743467,0.0239443479129307,0.040159695281089,0.8114607765780563,-0.0111804747253426,-0.0029669493091698,1.3463335644625185,2,Stress/Bear,1.0
2023-01-30,bist100,-0.0185656752073059,0.0316011226119593,0.023910654663742,0.0267450928015236,0.6911531663795905,-0.0117397219278234,-0.005255170546726,1.321633516788612,2,Stress/Bear,1.0
2023-01-31,bist100,-0.0237678299772467,0.0318717711130721,0.024147197413495,0.0313870955746469,0.8700449942860953,-0.0150858002725729,-0.0061379213737743,1.319895247771491,2,Stress/Bear,1.0
2023-02-01,bist100,-0.0543374363909252,0.0335658631303971,0.0252262097094229,0.0639669026971119,0.7697654478482036,-0.0233764091113247,-0.0079301100671665,1.3305947868125048,2,Stress/Bear,1.0
2023-02-02,bist100,0.0081981549510109,0.0295558655830881,0.0250665457687404,0.0822781181395771,1.198179025493418,-0.0191989553795125,-0.0036921668212959,1.1790960691499075,2,Stress/Bear,1.0
2023-02-03,bist100,0.0503501738720866,0.0301935085664703,0.0258561942732923,0.0541062357309909,1.002802706905861,-0.007624522550476,-0.0033321136237948,1.1677475906675945,2,Stress/Bear,1.0
2023-02-06,bist100,-0.0135782940665022,0.0295185747690751,0.0257452452620713,0.0493695352558325,0.207184402499784,-0.0066270463223153,-0.002384327940442,1.1465641313024408,2,Stress/Bear,1.0
2023-02-07,bist100,-0.090125119121296,0.0347741692794925,0.0282099675854772,0.0930464012190568,0.5812442782687972,-0.0198985041511251,-0.0050890307056673,1.2326908626933204,2,Stress/Bear,1.0
2023-02-08,bist100,0.0,0.0328720430040254,0.0282072917035224,0.0708724200847422,0.0,-0.0090310168729401,-0.0024219101548253,1.1653739518679316,2,Stress/Bear,1.0
2023-02-15,bist100,0.0942341278334256,0.0377251712546402,0.0303821928363885,0.0367237194199971,0.39207295821146,0.0081761777035428,-0.000203607730921,1.2416869137061448,2,Stress/Bear,1.0
2023-02-16,bist100,0.0116679346295632,0.0378141506917342,0.0304082941852689,0.0752509442061215,0.9329129712791944,0.0004397298550381,0.0002371578006619,1.2435472526457292,2,Stress/Bear,1.0
2023-02-17,bist100,0.0036270274026952,0.0364245435244005,0.0303917839104921,0.0366835550773004,0.7014771004237698,0.0038807941488776,-0.0017677387609559,1.198499687668077,2,Stress/Bear,1.0
2023-02-20,bist100,0.0239995526156535,0.0365486916172315,0.0300015599656688,0.0308805467974965,0.8603069939818927,0.0267057284962675,-0.001587495667861,1.218226374197029,2,Stress/Bear,1.0
2023-02-21,bist100,9.710392298940316e-05,0.03639259576987,0.0299452636470879,0.0249350577925196,1.0612773431520524,0.0267251492808654,-0.002229432057676,1.2153039024389771,2,Stress/Bear,1.0
2023-02-22,bist100,-0.0152632751080001,0.0364348511099314,0.0300186503977643,0.0251213825459466,0.958222235193776,0.0048256686925802,-0.0033460796048963,1.2137404789072364,2,Stress/Bear,1.0
2023-02-23,bist100,0.0029141493189934,0.0362794571024584,0.0300181163644645,0.0144705271443346,1.0132740008136083,0.0030749116304662,-0.0038225889475785,1.2085853976302814,2,Stress/Bear,1.0
2023-02-24,bist100,-0.0054017944445338,0.0361736843878322,0.0300032656314582,0.0119198480131061,1.2232017063289773,0.0012691472610204,-0.0033042067100601,1.2056582384120338,2,Stress/Bear,1.0
2023-02-27,bist100,0.0270292669612746,0.0367855298986912,0.0301846243248427,0.0430986998670358,1.2675235686709136,0.0018750901301446,-0.0016008714493214,1.2186843706521038,2,Stress/Bear,1.0
2023-02-28,bist100,0.0076475261618054,0.0367405311990321,0.0301963560087049,0.0163062737759036,1.229851235549116,0.0033851745779079,-0.0005742755313728,1.2167206926703589,2,Stress/Bear,1.0
2023-03-01,bist100,0.0161746625599187,0.0368064409173681,0.0302159807905067,0.0181864099914575,1.1412999261178924,0.0096727621114916,0.0008689132820255,1.2181117393658143,2,Stress/Bear,1.0
2023-03-02,bist100,-0.0115835668165556,0.0368663303421284,0.0301734309887919,0.0181132015936462,1.223758689612527,0.0067732188843818,0.0006658344548525,1.2218143291633845,2,Stress/Bear,1.0
2023-03-03,bist100,-0.0093567986454717,0.0366704828847437,0.0302019167031785,0.0468117004520307,1.245229869581738,0.0059822180441942,0.0011262782829442,1.2141773399727422,2,Stress/Bear,1.0
2023-03-06,bist100,0.0339315873085013,0.036878015503065,0.0304884308289525,0.0382769898792678,1.4213858443108698,0.0073626821136396,0.0040112491472316,1.2095740745058217,2,Stress/Bear,1.0
2023-03-07,bist100,-0.0019304398872817,0.0342845541575574,0.0301136798427541,0.0223713814996507,1.356042719827729,0.0054470889038221,0.0066315989724138,1.1385043055708413,2,Stress/Bear,1.0
2023-03-08,bist100,0.0104433933541428,0.0342936284137811,0.030129680064566,0.018571737429995,1.4005469452860446,0.004300835062667,0.0067438608925704,1.1382008816652536,2,Stress/Bear,1.0
2023-03-09,bist100,0.0014332792247509,0.0327285925716928,0.0298978421932201,0.0131284887901917,1.5077830626202045,0.0069042042709283,0.0042980161602036,1.094680758570417,2,Stress/Bear,1.0
2023-03-10,bist100,-0.0113750778964192,0.0326689095436602,0.0295748972692866,0.0144858315991244,1.1682483179890133,0.0065005484207388,0.0044081769687078,1.1046161630318414,2,Stress/Bear,1.0
2023-03-13,bist100,-0.0114684432697127,0.0243700363177265,0.0295765367610105,0.0274835771083382,1.020578732812174,-0.0025794576949039,0.0083410107612869,0.8239651759989849,2,Stress/Bear,0.9871
2023-03-14,bist100,-0.0220132378538776,0.0252478801078319,0.0293243386999021,0.0270007209906743,0.9356917359203272,-0.0065960172882231,0.007240348868593,0.8609871945012062,2,Stress/Bear,0.9998
2023-03-15,bist100,-0.0165945345590596,0.0153857213673688,0.0292421900863922,0.0340130275762726,0.9614345141738616,-0.0120036028708636,0.0016989157489688,0.5261480525881868,1,Transition,1.0
2023-03-16,bist100,0.0208679195778641,0.0158305590586688,0.0293619612855793,0.0192941956817841,0.6874828219386243,-0.008116674800241,0.0021589149963838,0.5391519627962912,1,Transition,1.0
2023-03-17,bist100,-0.0179823875330742,0.0164503939721536,0.0291192210014393,0.030274283694595,0.830026891357296,-0.009438136727572,0.0010784442495953,0.564932488109503,1,Transition,1.0
2023-03-20,bist100,-0.0318265337694101,0.0170806547215068,0.0293815842815471,0.0333636578647015,0.802027145234651,-0.0135097548275115,-0.0017128600696577,0.5813387922799708,1,Transition,1.0
2023-03-21,bist100,-0.0139445854866983,0.0172896489166215,0.02942246441992,0.0263931603245963,0.7758866387696187,-0.0118960243540756,-0.0024149445401421,0.5876342875247346,1,Transition,1.0
2023-03-22,bist100,0.0190766523054515,0.0176479532724054,0.02953797626925,0.0220353070663829,0.6652059100473386,-0.0047617869811734,-0.0006979481694695,0.5974665668202048,1,Transition,1.0
2023-03-23,bist100,0.0121037213277188,0.0178652381093314,0.0295876111863623,0.0154682378692767,0.6864644320636554,-0.0065146266312024,-0.0002384695690333,0.6038080599614601,1,Transition,1.0
2023-03-24,bist100,-0.0059441743543804,0.0178738979872124,0.0295628077493961,0.0232910040783152,0.6270929781786118,-0.0041069839954637,-0.0002655885645256,0.6046075913603841,1,Transition,1.0
2023-03-27,bist100,-0.0068196816935033,0.016718580568378,0.0295345970614653,0.0152468286658902,0.6094895844754523,0.0008943864197176,-0.0019580359972645,0.5660676708601937,1,Transition,1.0
2023-03-28,bist100,-0.0379888920232089,0.0183712152085499,0.0298495221359392,0.0402163610347172,0.7191623426783738,-0.0039144748875844,-0.0042398569065152,0.6154609485835206,1,Transition,0.9987
2023-03-29,bist100,0.0270039915000263,0.0191477512167042,0.029892047635317,0.0390639909439508,0.764333604887164,-0.0023290070486695,-0.0036983904595098,0.6405633849613396,1,Transition,0.9992
2023-03-30,bist100,-0.0095738960763182,0.0191094283394162,0.0298921287992367,0.0243869650030517,0.8389955923238186,-0.0066645305294769,-0.003597906922498,0.6392796066068136,1,Transition,1.0
2023-03-31,bist100,-0.017139186950624,0.0193110384717121,0.0297063798028894,0.0189283159478153,0.8486261950410637,-0.0089035330487256,-0.0039870263377556,0.6500636765518586,1,Transition,1.0
2023-04-03,bist100,0.0055115449559126,0.017316594696332,0.0297216820077585,0.0353757848536253,0.8484300604453923,-0.0064372877188424,-0.005408028455385,0.5826249904635853,1,Transition,1.0
2023-04-04,bist100,0.0294415126496339,0.0189883780360321,0.0299283324927947,0.0317009756565419,0.7977002972564646,0.0070487932157261,-0.0038394308285392,0.6344616106027183,1,Transition,1.0
2023-04-05,bist100,-0.0129646496244397,0.0187819695676765,0.0283152852912466,0.0221346932512841,0.8063357735410686,-0.0009449350091671,-0.0050098329774684,0.6633155687639409,1,Transition,1.0
2023-04-06,bist100,-0.0014441885699485,0.0187409927419553,0.0277251802356693,0.016222954329936,0.6416598612044823,0.0006810064921068,-0.0051537063672033,0.6759556685530371,1,Transition,1.0
2023-04-07,bist100,0.0023989820750323,0.0187534176151589,0.0274253794247158,0.0113715426075404,0.713917436954912,0.0045886402972381,-0.0044650033686308,0.683797927632618,1,Transition,1.0
2023-04-10,bist100,0.0334865641080717,0.0204840739700464,0.0273807546140964,0.0287494216833389,1.0033453242988006,0.0101836441276699,-0.0022172529997415,0.7481194093715944,1,Transition,0.9713
2023-04-11,bist100,0.0062642733087176,0.0200163391575018,0.0264658821834268,0.0119821697249323,1.2499454757450348,0.0055481962594866,-0.0008033774416118,0.756307272086182,1,Transition,0.9971
2023-04-12,bist100,0.0042452956067359,0.0196908158694257,0.0256920345333896,0.0150211255036811,1.2004487465373463,0.0089901853057218,0.0002386140666779,0.7664171494022919,1,Transition,0.9974
2023-04-13,bist100,-0.0020424753298999,0.0190846137747397,0.0256924611461893,0.0123842267851962,1.0722282610075815,0.0088705279537315,-0.0009069056787102,0.7428098719756311,1,Transition,0.9993
2023-04-14,bist100,-0.0083492557740632,0.0187496018325407,0.0250796669047943,0.0164347696363369,0.8670143271963272,0.0067208803839124,-0.0004252490907597,0.7476017087354743,1,Transition,0.9995
2023-04-17,bist100,-0.0065995487656486,0.0173199991902944,0.024942578171107,0.0159308469467444,0.8186541528471428,-0.0012963421908316,0.0008361001594283,0.6943949046276838,1,Transition,1.0
2023-04-18,bist100,-0.0080769479976819,0.0171048121389712,0.0248936115855505,0.018570683724835,0.8334097411924353,-0.0041645864521115,0.0011294820338791,0.68711653510733,1,Transition,0.9999
2023-04-19,bist100,0.0084327179173971,0.0166772600212812,0.0249018804629973,0.0232357379919101,0.924246295483977,-0.0033271019899793,0.0005972853144764,0.669718901191522,1,Transition,0.9999
2023-04-20,bist100,-0.0097087496528252,0.0165982182414695,0.0248611160535215,0.0079804105858899,0.4717769125194775,-0.0048603568545643,-0.0004933382345507,0.6676376959802031,1,Transition,0.9999
2023-04-24,bist100,0.0020925694103335,0.016556541032829,0.0247944260714371,0.0131600807610726,0.7614140742473577,-0.002771991817685,-9.150104631502922e-05,0.6677525418465692,1,Transition,1.0
2023-04-25,bist100,-0.0265906711048606,0.0175404119352674,0.0249998269845623,0.0329382437256126,0.9211436804476346,-0.0067702162855274,-0.0010800505168828,0.7016213330635793,1,Transition,0.9892
2023-04-26,bist100,-0.0222243022530404,0.0160886453126525,0.0251004972565878,0.0318387400633447,0.8783442994419316,-0.0095996871365991,-0.0002918210283744,0.6409691867132226,1,Transition,0.9984
2023-04-27,bist100,0.0012744316424718,0.0147654235244131,0.0250616038136432,0.0168908321285784,0.8793669577904933,-0.0110313443915842,-0.0015782990212521,0.5891651481767894,1,Transition,1.0
2023-04-28,bist100,-0.0365068714964494,0.016641962260771,0.0254564939104055,0.0498930521033826,0.8344618675858775,-0.016390968760309,-0.0029249477922587,0.653741332932282,2,Stress/Bear,0.9994
2023-05-02,bist100,-0.0244857882149567,0.0170483366487059,0.0255333351742693,0.0357952718756559,0.8477079462023839,-0.0217066402853671,-0.0032922778554753,0.6676893767440937,1,Transition,0.8863
2023-05-03,bist100,-0.0044928574427975,0.0169227339447763,0.0253762438361013,0.0497327881301961,1.0027055995000818,-0.0172870775529544,-0.0037924979754109,0.6668730823236078,2,Stress/Bear,0.9947
2023-05-04,bist100,-0.0003567524806524,0.0150509793592668,0.0244183258223114,0.0290341835726952,0.8525234073272179,-0.0129135675984768,-0.0052824112319252,0.6163804786941818,1,Transition,0.9999
2023-05-05,bist100,-0.0188183777226332,0.0152636477486012,0.024497986223346,0.0267680707084043,0.7121572879381836,-0.0169321294714978,-0.0055750976368348,0.6230572427237029,1,Transition,0.9998
2023-05-08,bist100,0.0359528578116371,0.0178652553554338,0.0240501151477111,0.0446307879685158,1.1238968455836384,-0.0024401836098805,-0.0037052453177556,0.7428345039393308,2,Stress/Bear,0.9997
2023-05-09,bist100,-0.0056494044626114,0.0178110831341301,0.0240044773227744,0.0239850231790029,1.4018286511433369,0.0013270931405884,-0.0041076646446377,0.7419900418840485,1,Transition,0.9868
2023-05-10,bist100,-0.0092353221257952,0.0154735220761331,0.0210225701719605,0.0153744499948776,1.1170006314592975,0.0003786002039889,-0.0062437589563311,0.7360433072437281,1,Transition,0.9959
2023-05-11,bist100,0.0757118070239884,0.0239168336999886,0.0231859673031288,0.078300667432061,2.0402870823385992,0.0155923121049171,-0.0027713822705676,1.0315219282122086,2,Stress/Bear,1.0
2023-05-12,bist100,-0.0108673540602688,0.0239222151018597,0.0197563626822397,0.0468765097868039,1.6831681882582066,0.0171825168373899,-0.0035270147539178,1.2108613051209565,2,Stress/Bear,1.0
2023-05-15,bist100,-0.0633548007860941,0.0273980168258305,0.0212861469305639,0.049875851678961,1.1012876270312075,-0.0026790148821562,-0.0065926310267275,1.2871289912262518,2,Stress/Bear,1.0
2023-05-16,bist100,0.0194706298361926,0.0280036517621679,0.021451987875713,0.0400246562214617,1.785503437929221,0.0023449919776045,-0.0052016367462147,1.305410571943886,2,Stress/Bear,1.0
2023-05-17,bist100,0.0155655027756822,0.0283814627963348,0.0213091153889702,0.017397200053503,1.2626129936648691,0.0073051569579,-0.0040933841691482,1.3318930550737575,2,Stress/Bear,1.0
2023-05-18,bist100,-0.0349250567060228,0.0292028507821801,0.0217356575320162,0.0468491934373838,1.124708744127293,-0.0148222157881022,-0.0054357896045652,1.343545772156414,2,Stress/Bear,1.0
2023-05-22,bist100,-0.0079172098961378,0.0290224770616814,0.0216816807119049,0.0315929333863504,0.983854999322019,-0.014232186955276,-0.006253285995242,1.3385713703341202,2,Stress/Bear,1.0
2023-05-23,bist100,0.0010741240530235,0.0290550444137179,0.0216757429817397,0.0140461061846486,0.8042168368329544,-0.0013464019874524,-0.0057141423099495,1.340440530144449,2,Stress/Bear,1.0
2023-05-24,bist100,-0.0103643853901645,0.0290123728038262,0.0216978234863003,0.0243848394867132,0.8021421481999348,-0.0073134050327239,-0.0063369900499744,1.3371098175881189,2,Stress/Bear,1.0
2023-05-25,bist100,0.0007003612899463,0.0286491576376628,0.0213596301794597,0.015221377392679,0.7524129424469495,-0.010286433329871,-0.0049724384302341,1.341275920835605,2,Stress/Bear,1.0
2023-05-26,bist100,0.0339038159221548,0.0296034568555964,0.0218381978587397,0.0367631132142245,1.0587413008682471,0.0034793411957644,-0.0021660325214743,1.3555814929000225,2,Stress/Bear,1.0
2023-05-29,bist100,0.0402009189593253,0.0310841698682732,0.0223946346566091,0.0372648445772447,1.2769234555545483,0.013102966966857,-0.0002197081556316,1.3880186189641466,2,Stress/Bear,1.0
2023-05-30,bist100,0.0376175632471958,0.030948570245165,0.0229260055865959,0.0286789108096484,1.6618493345060543,0.0204116548056915,0.0034865135815505,1.349932945286362,2,Stress/Bear,1.0
2023-05-31,bist100,-0.013112179876495,0.0305088986264368,0.0229542821172787,0.0234301108338084,1.4418992394712242,0.0198620959084254,0.0040551939984736,1.3291157819948285,2,Stress/Bear,1.0
2023-06-01,bist100,0.0148072217072979,0.0305295174477134,0.0225898373919699,0.0158273358630607,0.9392677519606952,0.0226834679918957,0.0050201979559784,1.3514713239399352,2,Stress/Bear,1.0
2023-06-02,bist100,0.0308119918224436,0.0310319934905856,0.0229689467320309,0.0186316329281452,1.3434213770492425,0.0220651031719535,0.0065786351711332,1.35104120587778,2,Stress/Bear,1.0
2023-06-05,bist100,0.049153287054194,0.0318163257814585,0.0238193827696008,0.031660243099482,1.3291956052896117,0.0238555767909272,0.0099772184099745,1.3357325875825687,2,Stress/Bear,1.0
2023-06-06,bist100,0.0029920027075632,0.0312486055571247,0.0238220470226817,0.0232705940621063,1.1348230670731605,0.0169304646830007,0.0083291756547708,1.311751484974064,2,Stress/Bear,1.0
2023-06-07,bist100,0.0314913359806192,0.0314769296259467,0.0241214201254123,0.0167050975487647,1.620279980411394,0.0258511678544236,0.0101862126769324,1.304936834659466,2,Stress/Bear,1.0
2023-06-08,bist100,-0.0012955653787817,0.0312684708370204,0.024071298473723,0.0242709765993009,1.1058265029251844,0.0226306104372076,0.0105832005142831,1.298993939656143,2,Stress/Bear,1.0
2023-06-09,bist100,0.0129691715104552,0.0272838429703326,0.0239349205831448,0.0185196386604161,1.057561908077992,0.0190620463748099,0.0074460687386064,1.139917839942456,2,Stress/Bear,1.0
2023-06-12,bist100,-0.0066872344393776,0.0271518621940353,0.0238434442231762,0.0252640808386286,1.052899205171275,0.0078939420760956,0.007655074719651,1.138755875195383,2,Stress/Bear,1.0
2023-06-13,bist100,-0.0290269650311425,0.0232282704309236,0.0240243283769646,0.0372808496791632,1.0209935104206906,0.0014901485283544,0.0093714665073985,0.9668645077793608,2,Stress/Bear,1.0
2023-06-14,bist100,-0.0126601876188457,0.023601159214517,0.0239642152073538,0.031506640944506,1.117101524833921,-0.0073401561915385,0.0077649256346466,0.9848500779309732,2,Stress/Bear,1.0
2023-06-15,bist100,0.0248163460689721,0.0238514069309434,0.0237755912847245,0.0213266891307152,0.8763221156803014,-0.0021177739019877,0.0082274677993111,1.0031888017131063,2,Stress/Bear,1.0
2023-06-16,bist100,-0.0036459100895626,0.0218111754549184,0.0236980993992566,0.0180989168223161,0.9251550892888436,-0.0054407902219913,0.0097914251301341,0.9203765706039144,2,Stress/Bear,0.9987
2023-06-19,bist100,-0.038386126952455,0.0240611973546262,0.0241461176846884,0.0410682734667541,0.821535812148888,-0.0117805687246067,0.0082679792773183,0.9964830648483048,2,Stress/Bear,1.0
2023-06-20,bist100,-0.0033646964689985,0.0241513490745305,0.0241066956212156,0.0219363248729454,0.8515211142609062,-0.0066481150121779,0.0080460382512172,1.0018523257611285,2,Stress/Bear,1.0
2023-06-21,bist100,-0.0124158837081634,0.0242378582730512,0.0241509690191248,0.0308091025567403,0.6963371768453116,-0.0065992542300415,0.0079434633353172,1.0035977543533596,2,Stress/Bear,1.0
2023-06-22,bist100,0.0455090390876652,0.0255675789497606,0.0248176277768164,0.0519134533208708,1.1275280251703164,-0.0024607156263028,0.0101838972252032,1.030218487427099,2,Stress/Bear,1.0
2023-06-23,bist100,0.028064406174003,0.0253145411672509,0.0245048501498189,0.0206170229569861,0.9966804912675792,0.0038813476264102,0.0098919267377956,1.0330420717727982,2,Stress/Bear,1.0
2023-06-26,bist100,0.0265311407125291,0.0246283738655948,0.0244969035700585,0.0205133040289783,0.8287921508128754,0.016864801159407,0.0092084378254558,1.005366812795761,2,Stress/Bear,1.0
2023-06-27,bist100,0.0045596748301156,0.023713720852611,0.0244470291218111,0.0127972404938067,0.3793134826923258,0.0184496754192299,0.0075555434046018,0.9700041970111682,2,Stress/Bear,1.0
2023-07-03,bist100,0.0435250267207576,0.0244849372200069,0.0248633003262772,0.0251193475846659,1.1537514781889495,0.0296378575050141,0.0103874037344644,0.9847822653748628,2,Stress/Bear,1.0
2023-07-04,bist100,-0.0018969592396088,0.02461081294493,0.0248726302868554,0.0160896433793252,1.4284859920763389,0.0201566578395593,0.0095521946871191,0.989473676933001,2,Stress/Bear,1.0
2023-07-05,bist100,0.0169936397309072,0.0241726236515332,0.0247047216295929,0.0379415447449598,1.21108658452158,0.0179425045509401,0.0088612770825422,0.9784616889824672,2,Stress/Bear,1.0
2023-07-06,bist100,0.0056009726559527,0.0222359858440757,0.0246125559826872,0.0136295047446486,1.2240300173923473,0.0137564709396248,0.0066836613626302,0.9034407421852804,2,Stress/Bear,0.9497
2023-07-07,bist100,0.0074626396217202,0.0222193862680916,0.0246078924296218,0.017164789141665,1.089155481834542,0.0143370638979457,0.006907193208338,0.9029373942379958,2,Stress/Bear,0.8864
2023-07-10,bist100,0.0133736301374047,0.0215227463077666,0.0246377410037993,0.0099036647063619,1.244973581794221,0.0083067845812752,0.0060013079161773,0.8735681694375974,2,Stress/Bear,0.8534
2023-07-11,bist100,0.0146441002729098,0.0215334420656821,0.0243745504423241,0.0239357232477563,1.612429344333706,0.0116149964837789,0.0067982911987619,0.8834395578550363,2,Stress/Bear,0.9969
2023-07-12,bist100,-0.0032742910013105,0.0215946850933804,0.024388727816093,0.0194258759559957,1.6328271932153584,0.0075614103373354,0.0059861180731736,0.8854371271932884,2,Stress/Bear,0.999
2023-07-13,bist100,0.004138307957392,0.0213950547425167,0.0243886802983092,0.0190629587436804,1.444035156716165,0.0072688773976232,0.0065273951930121,0.8772534832071245,2,Stress/Bear,0.9593
2023-07-14,bist100,0.0108230996047401,0.0196979268801517,0.0243952178442017,0.0143064423399275,0.9432511820904343,0.0079409693942272,0.0085198984248062,0.8074503374370758,1,Transition,0.9212
2023-07-17,bist100,0.0249740229311748,0.0193628559529085,0.0244938420929508,0.0193016560741756,1.189473614707779,0.0102610479529812,0.0104016089523072,0.79051934275681,2,Stress/Bear,0.5112
2023-07-18,bist100,-0.0363311386576697,0.0216584709707482,0.025013756400544,0.0470544517408718,1.36215838359456,6.600016686535842e-05,0.0073442347159751,0.8658623928342586,2,Stress/Bear,1.0
2023-07-19,bist100,0.0318974378594002,0.0221616168344335,0.0252228296474165,0.0414988136009709,1.093445799743224,0.0071003459390075,0.0091214021134233,0.8786332518684495,2,Stress/Bear,1.0
2023-07-20,bist100,0.0167206130463076,0.0191676166088334,0.0252674293447894,0.0271622641884452,1.3985259021913623,0.0096168069567906,0.0118767391133614,0.7585898963950654,2,Stress/Bear,0.9108
2023-07-21,bist100,0.0008526223546169,0.019013697978587,0.0252025475803535,0.0159544661677718,1.1532248906656517,0.0076227115067659,0.0120876050545422,0.7544355552931868,1,Transition,0.5847
2023-07-24,bist100,0.0010909941244579,0.0183249559611187,0.0252047072258043,0.0271394243602373,1.2213342687964237,0.0028461057454225,0.0127629489461733,0.727044983976559,2,Stress/Bear,0.9348
2023-07-25,bist100,-0.0135489908626623,0.0175107416964413,0.0249847753802067,0.0281909441938503,1.12895637631387,0.007402535304424,0.0098100474486569,0.7008564787944231,1,Transition,0.6313
2023-07-26,bist100,0.0208114773639597,0.0171848694455047,0.0248068662696172,0.0238587101093195,1.0672953316174747,0.0051853432053359,0.0094474010081547,0.6927464863448822,1,Transition,0.9418
2023-07-27,bist100,0.0165004183614322,0.016802153905278,0.0248384310536564,0.0130979368671623,1.1746680995034868,0.0051413042683608,0.0089458648905999,0.6764579400760752,1,Transition,0.9947
2023-07-28,bist100,0.0303396530255509,0.0174252694383835,0.0243957264991129,0.0261770392240353,1.3598804174259669,0.0110387104025476,0.0102348638003716,0.7142754875128274,2,Stress/Bear,0.5636
2023-07-31,bist100,0.0209609127840033,0.0158122479221028,0.0241024211358605,0.0193294632369029,1.3363280033488687,0.0150126941344567,0.0091066581035339,0.6560439647524372,1,Transition,0.9907
2023-08-01,bist100,-0.0067429620905112,0.0160254291035915,0.0241236920206025,0.025570379694585,1.1769862539360605,0.0163738998888869,0.0088643579609888,0.6643025076719261,1,Transition,0.8476
2023-08-02,bist100,0.0124767668216069,0.0159364153497052,0.0241069223510411,0.0222498943682982,1.0715546488708356,0.0147069577804164,0.0086385143155238,0.6610721649840553,1,Transition,0.9901
2023-08-03,bist100,-0.0051104679736663,0.0162213122585606,0.0239123714900956,0.022820904538433,1.0140306045632668,0.0103847805133967,0.0081029422840428,0.6783648483078887,1,Transition,0.9866
2023-08-04,bist100,0.0244983993176446,0.0166280970598836,0.023732538652191,0.0299572146299877,0.8464662673648891,0.0092165297718154,0.0089547302688391,0.7006455273738049,2,Stress/Bear,0.8923
2023-08-07,bist100,0.0093472915519715,0.0165961242828395,0.0236645411976231,0.0127040338894508,0.7548167203264378,0.006893805525409,0.0087534133395674,0.7013076714331776,1,Transition,0.9929
2023-08-08,bist100,-0.007781122687549,0.0169313499957012,0.0236470015124938,0.0195489425139022,0.8988013587040331,0.0066861734060015,0.0076321521915444,0.7160040983105453,1,Transition,0.9889
2023-08-09,bist100,0.0251130601801138,0.0171572927512544,0.0220519995471021,0.0365231584866419,1.1726986048306105,0.0092134320777029,0.0090515197506157,0.7780379604401476,2,Stress/Bear,0.9981
2023-08-10,bist100,-0.02116791542318,0.0184250052653016,0.0222366927602549,0.0493989184199511,1.4193657063111202,0.0060019425878001,0.0077862085815871,0.8285856833096098,2,Stress/Bear,1.0
2023-08-11,bist100,0.0360162562600878,0.0194748335432821,0.0205175227866365,0.0419218119214707,0.9987243795642112,0.0083055139762888,0.0090458664143544,0.9491805490264352,2,Stress/Bear,1.0
2023-08-14,bist100,0.0029770174842631,0.0191463134202091,0.0204850395144316,0.0242202014109329,1.039683795750933,0.0070314591627471,0.0079460161420089,0.934648595953188,2,Stress/Bear,0.6301
2023-08-15,bist100,-0.0060409494340801,0.0164706102287244,0.0205521801353414,0.0318044167506736,0.9465891031504258,0.0073794938134409,0.0094605256031883,0.8014045283887757,2,Stress/Bear,0.9774
2023-08-16,bist100,-0.0037125657417819,0.0158297699404615,0.0198203978820252,0.018989177308346,0.9797188123601064,0.0016143686290617,0.0076800254231292,0.798660553369481,1,Transition,0.9678
2023-08-17,bist100,0.0132498954699783,0.0157442381185401,0.0197046797168684,0.02131507170468,0.8975855278195712,0.0084979308076934,0.0075064895443128,0.799010100380475,1,Transition,0.9385
2023-08-18,bist100,-0.0328873522826187,0.0181226942043562,0.0204174408209626,0.0521477783158889,0.9437159251702344,-0.0052827909008478,0.005819490812451,0.8876085089836346,2,Stress/Bear,1.0
2023-08-21,bist100,0.0370258407459012,0.0193677985522127,0.0205853137548055,0.0524070776763157,1.0412345866430723,0.0015269737514797,0.0076162331435231,0.9408551544516284,2,Stress/Bear,1.0
2023-08-22,bist100,-0.0032631114487307,0.0189072866212472,0.0206201671596341,0.0272414290990351,0.9480394199147824,0.0020825413485496,0.0081305271142197,0.9169317821176526,2,Stress/Bear,0.8583
2023-08-23,bist100,-0.0219997838097702,0.0197984757429741,0.020755597168729,0.030228226546694,1.090789435905446,-0.001574902265048,0.0059899640555332,0.9538861051323096,2,Stress/Bear,0.9833
2023-08-24,bist100,-0.0146152290283945,0.0201485383430199,0.0205393136967679,0.0529241044805788,1.4838351815586048,-0.0071479271647225,0.0044341816860419,0.9809742740425874,2,Stress/Bear,1.0
2023-08-25,bist100,0.0295643768946457,0.0200967548612222,0.0203649350892333,0.0440216662939695,0.8903756732476029,0.0053424186707303,0.0043954178794966,0.9868312750894608,2,Stress/Bear,1.0
2023-08-28,bist100,0.0287405735292705,0.0205053990184409,0.0203673784270464,0.0216201330552965,1.0206683521998927,0.0036853652274041,0.00478440091676,1.0067765516258662,2,Stress/Bear,0.8853
2023-08-29,bist100,-0.004366303485064,0.0204418678426691,0.0204106135860471,0.0187047951805815,0.8822486378955963,0.0034647268201374,0.0049032338470324,1.0015312747208844,1,Transition,0.6488
2023-08-31,bist100,0.001364911681489,0.0203760913984003,0.0202001960834542,0.0158123205104067,0.8388707333897586,0.0081376659183893,0.0043476410900265,1.0087076043331191,1,Transition,0.7382
2023-09-01,bist100,0.0173035435096102,0.0204447871335017,0.0194871438230287,0.016236206197964,0.8087499962017194,0.0145214204259902,0.0054683416641903,1.0491423124481376,2,Stress/Bear,0.7093
2023-09-04,bist100,0.0105203236808547,0.0199939559233433,0.0194867625959817,0.0138676856534767,0.9880876132332292,0.010712609783232,0.0047694378823508,1.0260275828200485,1,Transition,0.7487
2023-09-05,bist100,0.01157697722604,0.020027013951703,0.0192282985421636,0.0177147192799002,1.0346975791834694,0.0072798905225859,0.0048809221660542,1.0415385379932625,1,Transition,0.7434
2023-09-06,bist100,-0.0066268824216127,0.0199902345127711,0.0192774009329289,0.0208515344891001,1.1005761772666742,0.0068277747352762,0.004938634179351,1.0369776808773337,1,Transition,0.5161
2023-09-07,bist100,0.0188874863464546,0.019706003847983,0.0193263697262246,0.0167313206274245,0.9450483808230346,0.0103322896682693,0.0046273554876681,1.0196433229383586,1,Transition,0.7465
2023-09-08,bist100,-0.0014883824427328,0.0188216661458775,0.0192775860999166,0.0123359806650086,0.9220442989443832,0.0065739044778007,0.0056113321366904,0.9763497384124712,1,Transition,0.914
2023-09-11,bist100,-0.0217107165483848,0.0183335498867501,0.0190701687171128,0.0339656518845694,1.0217054038151252,0.0001276964319528,0.0027249834962668,0.961373239991228,2,Stress/Bear,0.9289
2023-09-12,bist100,0.0016435236303467,0.0183350097980062,0.0189119865910383,0.0238852719935976,0.9018065816494736,-0.0018589942871858,0.002658308803571,0.9694914761992532,1,Transition,0.9337
2023-09-13,bist100,-0.0180543554105095,0.0188252355410844,0.0190369700472876,0.0322316446487346,0.8749902688465729,-0.0041444888849651,0.0020576385047495,0.9888777202634044,2,Stress/Bear,0.8148
2023-09-14,bist100,0.0130048225057163,0.0189264120621537,0.0190110572702546,0.0396242569560961,0.8490595490342191,-0.0053210216531128,0.0028935079171244,0.9955475801846468,2,Stress/Bear,0.9995
2023-09-15,bist100,-0.0195021542681194,0.019394313437938,0.0184007865234923,0.0222683685830489,0.8202946501831132,-0.0089237760181901,0.0012559054302195,1.0539937199519835,1,Transition,0.6688
2023-09-18,bist100,-0.0360085494775549,0.0196937592834599,0.0191751261945594,0.0356233457703598,0.7089848097939884,-0.0117833426040241,0.0010998455704727,1.0270471799579457,2,Stress/Bear,0.9992
2023-09-19,bist100,0.0133986732339468,0.0180667050849454,0.0190363623126057,0.0204780000334973,0.7008214364329755,-0.0094323126833041,-8.151280512495428e-05,0.949062892808138,1,Transition,0.8397
2023-09-20,bist100,-0.0082818943100711,0.0181478940314074,0.01843806953978,0.0247935081358926,0.7760830358591112,-0.0074778204632164,-0.0003324519481919,0.9842621534891972,1,Transition,0.9396
2023-09-21,bist100,0.035715611377499,0.019085695049849,0.0186197384058225,0.0420726060771548,0.9031809758060682,-0.0029356626888599,0.0025533178111714,1.0250248759607057,2,Stress/Bear,1.0
2023-09-22,bist100,0.0048255858816563,0.018655489233896,0.0184238466243955,0.0140312963980322,0.8983530414759575,0.0019298853410952,0.003525358556674,1.0125729775232597,1,Transition,0.9687
2023-09-25,bist100,0.0325040299413445,0.0188816523777616,0.018746577295368,0.0257924734862248,1.0430657069576703,0.0156324012248751,0.0036723412090089,1.0072053196839823,2,Stress/Bear,0.9581
2023-09-26,bist100,-0.0075542700139422,0.0180723311027708,0.0181691796823195,0.0180654899781636,1.2739729701389964,0.0114418125752973,0.0018575990318483,0.9946696228865518,1,Transition,0.5868
2023-09-27,bist100,-0.0034637832035914,0.0180570926398641,0.0181807474084072,0.0155593001736083,0.947101115807888,0.0124054347965932,0.0019027250459219,0.9931985871776688,1,Transition,0.8923
2023-09-28,bist100,0.0005964298774459,0.0180591148193722,0.0181239730034847,0.0122282763681715,0.885730154322161,0.0053815984965826,0.0018643009557198,0.9964214146589168,1,Transition,0.9845
2023-09-29,bist100,0.0140395704676883,0.0179265096760964,0.0181618115718615,0.0168330171215971,1.0000333813167246,0.007224395413789,0.0017011023036237,0.9870441395763808,1,Transition,0.9756
2023-10-02,bist100,0.0180839950152903,0.018200051020569,0.0182369293550481,0.017002541354252,1.066518357283657,0.0043403884285781,0.0020792858703455,0.9979778210596136,1,Transition,0.9525
2023-10-03,bist100,0.0031175743667151,0.0180655081548292,0.0182077075278901,0.0118283580976712,1.0535965758250698,0.0064747573047096,0.0016563157273792,0.992190155029511,1,Transition,0.9678
2023-10-04,bist100,-0.0214176469861095,0.0187135570908531,0.0184803665988318,0.024540817707715,1.1186521062697956,0.002883984548206,0.0009167774991544,1.0126182828016002,1,Transition,0.5675
2023-10-05,bist100,0.0184178935671285,0.018690102675144,0.0185378762605366,0.0372881907795352,1.2710929015006724,0.0064482772861425,0.0008932978601881,1.0082116426104055,2,Stress/Bear,0.9909
2023-10-06,bist100,-0.0027251674413478,0.018700440791818,0.0185635470701779,0.0140817756136009,0.9825322580958584,0.0030953297043353,0.0008314586102573,1.0073743299770554,1,Transition,0.9687
2023-10-09,bist100,-0.032599305165037,0.019531299398888,0.0191593525185645,0.0232016769493481,0.9570490672532136,-0.0070413303317301,0.0002870291794247,1.0194133324684655,2,Stress/Bear,0.7667
2023-10-10,bist100,0.0299850269713631,0.0206320272533087,0.0192628854862373,0.0172929336486153,0.9672037854808138,-0.0016678398108005,0.0017041043464755,1.071076670629099,2,Stress/Bear,0.8817
2023-10-11,bist100,-0.0133785029405357,0.0204217705735737,0.0186649215064003,0.0243921538378397,0.8926992335834485,-6.001100168579916e-05,0.0019378969699742,1.0941257141944567,1,Transition,0.5842
2023-10-12,bist100,-0.0085956665135027,0.0203768129531005,0.0183869615443343,0.0504282127603524,1.062697825633155,-0.005462723017812,0.0008578725190133,1.1082207848190868,2,Stress/Bear,1.0
2023-10-13,bist100,-0.0178351235663126,0.0202923813532028,0.0185164604362874,0.0210519410566353,0.7303612054422265,-0.008484714242805,0.0009412240541036,1.0959103886526294,1,Transition,0.5695
2023-10-16,bist100,-0.0222717071084497,0.0191777742052663,0.0188052832323965,0.041048247766535,0.7828885816589426,-0.0064191946314875,0.0016280661725589,1.019807783178085,2,Stress/Bear,0.9997
2023-10-17,bist100,0.0224812428383378,0.0195746030124765,0.0189733912209417,0.0254961180382097,0.7315125737940882,-0.0079199514580926,0.0020821946527784,1.0316871024548944,2,Stress/Bear,0.9511
2023-10-18,bist100,-0.0341310102977514,0.0210896702224186,0.0194612314732789,0.0227346122919865,0.6592240926710136,-0.0120704529295357,0.0007897388533944,1.0836760382494623,2,Stress/Bear,0.9805
2023-10-19,bist100,-0.009441719117677,0.0195119619821821,0.0193800580647789,0.0312783219075713,0.706370773919154,-0.0122396634503705,-0.0014681276713643,1.0068061672964186,2,Stress/Bear,0.8205
2023-10-20,bist100,-0.0338128110174313,0.0207307779987194,0.019840798713147,0.0351766941675087,0.7500240663542325,-0.0154352009405943,-0.0034000475163187,1.0448560210926725,2,Stress/Bear,0.9977
2023-10-23,bist100,0.0314157847155435,0.0206327768805381,0.0198677606694717,0.0354047994879269,0.751560115130376,-0.0046977025757956,-0.0034544597776087,1.038505407015596,2,Stress/Bear,0.9998
2023-10-24,bist100,0.0304963421723178,0.0219472743888873,0.0200629399534011,0.031200081739147,0.9654480806736788,-0.0030946827089996,-0.0015519291682957,1.0939211521273944,2,Stress/Bear,0.999
2023-10-25,bist100,-0.0733881344590717,0.0272070895063481,0.0222623985145036,0.0888085407125813,0.8707072155018079,-0.0109461075412637,-0.0050481467310698,1.222109535440355,2,Stress/Bear,1.0
2023-10-26,bist100,0.0314334630514343,0.028391797504512,0.0225664508794039,0.0465670883152567,0.984846235086422,-0.0027710711074414,-0.0035062950723703,1.258141905266317,2,Stress/Bear,1.0
2023-10-27,bist100,0.0057649964726517,0.0281821753725276,0.0225610162776174,0.0311431122697412,0.7222587633362104,0.0051444903905751,-0.0039200237721222,1.2491536296832022,2,Stress/Bear,1.0
2023-10-30,bist100,0.0008431037787437,0.0277338035148137,0.0223506056900574,0.0162715280861816,0.6934419116221503,-0.0009700457967847,-0.0047820683339495,1.2408524359208288,2,Stress/Bear,1.0
2023-10-31,bist100,-0.0261129812605927,0.0280638327960978,0.0225853709089134,0.0370904934401946,0.6119803225747611,-0.0122919104833669,-0.0062435961153149,1.2425668327201278,2,Stress/Bear,1.0
2023-11-01,bist100,0.0019278562348801,0.0278844096231392,0.0225627331908561,0.039954493601222,0.7408805844617766,0.0027712876554234,-0.0050763209542654,1.2358613376875756,2,Stress/Bear,1.0
2023-11-02,bist100,0.0177727754309169,0.0278561605974248,0.0224452852889891,0.0161282882350205,0.7037755777112642,3.915013131997949e-05,-0.005108576861076,1.2410695715723508,2,Stress/Bear,1.0
2023-11-03,bist100,0.0055173519546372,0.0279540795890952,0.0222797393307157,0.0181158630534253,0.7167218473553243,-1.0378772282925232e-05,-0.0046964508912767,1.2546861152256183,2,Stress/Bear,1.0
2023-11-06,bist100,0.0208047018539832,0.027697920180542,0.0219538569913368,0.0142222283454222,0.6951439548047527,0.0039819408427649,-0.0020262505403257,1.2616425528995618,2,Stress/Bear,1.0
2023-11-07,bist100,-0.0029530491094812,0.0266539343290096,0.0219550801936056,0.0128365595433604,0.7187705229342224,0.0086139272729872,-0.0036731543443679,1.2140212695179555,2,Stress/Bear,1.0
2023-11-08,bist100,0.0020502350979611,0.0265814272185737,0.0219407555754717,0.0154308599060391,0.7839339712427588,0.0086384030456034,-0.0029017174424431,1.2115091992679592,2,Stress/Bear,1.0
2023-11-09,bist100,-0.0024709617497606,0.0265476355182341,0.0219374302761555,0.018746512536313,0.8700237621957329,0.0045896556094679,-0.002595482204256,1.2101524738332554,2,Stress/Bear,1.0
2023-11-10,bist100,-0.0089926921531048,0.0263533981402098,0.0219042613797993,0.0115554372085945,0.8026337117837885,0.0016876467879195,-0.0021533606335956,1.2031174063926002,2,Stress/Bear,1.0
2023-11-13,bist100,-0.0264690022012939,0.0265381076278241,0.0217560276459504,0.0287120553070504,0.9029713617084546,-0.0077670940231359,-0.0023632253882378,1.2198048310884468,2,Stress/Bear,1.0
2023-11-14,bist100,0.0134915952274799,0.0261687228133334,0.0212864883496776,0.0220439035971873,0.9847206851512916,-0.0044781651557436,-0.0028127077687807,1.2293583790550269,2,Stress/Bear,1.0
2023-11-15,bist100,-0.0006781277948095,0.0251092398708248,0.0212829447767559,0.0135405944579762,0.8168673885587313,-0.0050238377342978,-0.0011400636436336,1.1797822215959397,2,Stress/Bear,0.9992
2023-11-16,bist100,0.0148643765079431,0.0252739619680115,0.0211755976925826,0.0177106204544032,0.7804076395014681,-0.001556770082757,7.52411376473595e-05,1.1935418463708596,2,Stress/Bear,0.9992
2023-11-17,bist100,0.0093002624501972,0.0240399382626952,0.0211134169920145,0.0114982406387394,0.789616961642782,0.0021018208379033,0.0022308948110287,1.1386095520108188,2,Stress/Bear,0.9876
2023-11-20,bist100,0.0117724374246818,0.0231703578600352,0.0208253495757372,0.0083560785174467,0.9384300017537694,0.0097501087630985,0.0012487274464857,1.112603549619644,2,Stress/Bear,0.9843
2023-11-21,bist100,0.0125306755921463,0.0223090320532514,0.0205560345723817,0.01257683100365,1.0672605406700444,0.0095579248360317,0.0003504441174771,1.085278971228479,2,Stress/Bear,0.9422
2023-11-22,bist100,-0.0074344735590214,0.0142568506438521,0.0205714442633883,0.0094403785370546,0.9892587659032368,0.0082066556831894,0.0036481271624796,0.6930408220887794,1,Transition,0.9989
2023-11-23,bist100,-0.0111296767002341,0.0130135062806379,0.0206222962405459,0.0206999806568235,1.2258933680837254,0.0030078450415539,0.0015199701748962,0.6310406042490944,1,Transition,0.9994
2023-11-24,bist100,0.007743499922547,0.0130549283274536,0.0205227097285104,0.0181910875442599,0.9394818621651608,0.0026964925360239,0.0016188953473909,0.6361210824571328,1,Transition,0.9999
2023-11-27,bist100,0.0183235553021182,0.0135750495229029,0.0206163080578113,0.0130378864451007,1.3099894865670736,0.0040067161115112,0.0024929179235597,0.6584617131659282,1,Transition,0.9979
2023-11-28,bist100,-0.0016913184105649,0.0118560375607224,0.0205603456507503,0.0127633722263112,1.1045100880875829,0.0011623173109689,0.003714001066061,0.5766458289231057,1,Transition,0.9999
2023-11-29,bist100,-0.0104579231262933,0.0122704815922747,0.0205862874285135,0.0164809288372908,0.9357517546073524,0.0005576273975145,0.0030947120980024,0.5960512129680635,1,Transition,0.9999
2023-11-30,bist100,-0.0076074963718422,0.0119815943599219,0.0204502485342913,0.0172735485940569,0.9845652817501772,0.0012620634631929,0.0018256985078644,0.5858899142389885,1,Transition,0.9999
2023-12-01,bist100,0.0097277908234446,0.0120864034803968,0.0204950316966694,0.0166453793168479,0.8755174936230722,0.0016589216433724,0.0020362204513048,0.5897235807818241,1,Transition,0.9999
2023-12-04,bist100,0.0075589431556561,0.0113439385587281,0.0203319578158713,0.0180409984049507,0.9492510517930276,-0.0004940007859199,0.0013739325163884,0.5579363611443747,1,Transition,0.9999
2023-12-05,bist100,-0.0036916969464516,0.0113599584188745,0.0203357728518166,0.0120511103649148,0.9136345379290532,-0.0008940764930973,0.0013370001245399,0.5586194585105111,1,Transition,1.0
2023-12-06,bist100,-0.0254278477674894,0.0128350272731565,0.0204672861759387,0.0327559370330126,1.177008108652422,-0.0038880614213365,-3.690401873257584e-05,0.6270996146155072,1,Transition,0.9613
2023-12-07,bist100,0.0156249444528845,0.0132843721924355,0.0204989976927193,0.0289894522779144,0.952357419523304,0.0007584267436088,0.0008678912913996,0.64804984085411,1,Transition,0.9916
2023-12-08,bist100,-0.0081799354718741,0.0132538284061961,0.0203708544783505,0.0131163736807241,0.8421679164371528,-0.0028231185154549,0.0009085291254612,0.6506270230481428,1,Transition,0.9999
2023-12-11,bist100,-0.0237062044568026,0.0129647084043902,0.0200628956403238,0.0260728057474504,0.9272380589891936,-0.0090761480379466,0.0010466690126857,0.6462032518542765,1,Transition,0.9946
2023-12-12,bist100,0.0026490564762111,0.0126395432982313,0.0199900257610545,0.0166733849357733,0.9556159238671365,-0.0078079973534141,0.0005045420751223,0.6322924967338592,1,Transition,0.9997
2023-12-13,bist100,-0.0287488598192297,0.0142355514109853,0.0203045911680732,0.0254872851513405,1.0043610028827497,-0.0084721997637621,-0.0008989945260986,0.7011001252450326,1,Transition,0.9916
2023-12-14,bist100,0.0370381517450006,0.0162489302335262,0.0203451577053196,0.0319453025098867,1.021381391316642,-0.0041895583053389,0.0002096942357542,0.7986632725524498,2,Stress/Bear,0.9653
2023-12-15,bist100,0.0228385404610138,0.0169158738022762,0.0205553055063196,0.0232553437637052,1.0588887620220648,0.0020141368812386,0.000886608136295,0.8229444119463709,1,Transition,0.9719
2023-12-18,bist100,-0.0257865581617692,0.0177099608561356,0.0203651161664945,0.0292926440147182,0.9309271897496316,0.0015980661402453,-0.0009913416430275,0.8696223832630403,1,Transition,0.559
2023-12-19,bist100,-0.0083138669757194,0.0174842203088922,0.0203694537891441,0.0185998358419772,0.9730295852268228,-0.0005945185501407,-0.0020335687714208,0.8583548920791563,1,Transition,0.9945
2023-12-20,bist100,-0.0081877986982967,0.0174972744267237,0.0203879518388852,0.0195096885749648,0.7555572701864699,0.0035176936740458,-0.0020712350283845,0.8582163900030325,1,Transition,0.99
2023-12-21,bist100,0.0132359738195064,0.0176806594688953,0.0204715051737858,0.0217129411752869,0.8808918872920684,-0.001242741911053,-0.0008529525023975,0.8636716899319994,1,Transition,0.988
2023-12-22,bist100,-0.0270727799451682,0.0184853859141252,0.0206486773881522,0.0319018434239359,0.7723965036089101,-0.0112250059922894,-0.0025937664957833,0.8952334121279742,2,Stress/Bear,0.6477
2023-12-26,bist100,-0.0347752527987737,0.0191251004729036,0.0209191057548401,0.0277014603160757,0.8211085788694205,-0.0130227449196903,-0.0052487069008279,0.9142408235341783,2,Stress/Bear,0.691
2023-12-27,bist100,-0.0053435444150762,0.0191067733063415,0.0209090249079338,0.0206739156458778,0.9223931026306672,-0.0124286804075617,-0.0054313182010534,0.913805086103825,1,Transition,0.8654
2023-12-28,bist100,0.0185449700782555,0.0197934654146326,0.0209376508316926,0.0225519097421878,0.7475154585375766,-0.0070821266522512,-0.003981173540826,0.9453527319632206,1,Transition,0.5865
2023-12-29,bist100,0.0099419368148153,0.0200120330166455,0.0208259374359014,0.0127306629912799,1.156289924336965,-0.0077409340531894,-0.0031037018814931,0.9609187138989076,2,Stress/Bear,0.9029
2024-01-02,bist100,0.0204186696142859,0.0205094174196936,0.0210280558194319,0.012040552351301,1.0355860985007672,0.0017573558587013,-0.002569157941951,0.975335884392174,2,Stress/Bear,0.6303
2024-01-03,bist100,-0.0282402014580205,0.0211317084777909,0.0209269282812711,0.0287103924024823,0.941649661240638,0.0030643661268519,-0.0043591151726349,1.0097854875673766,2,Stress/Bear,0.9937
2024-01-04,bist100,0.0181558270843828,0.0217244034780326,0.0206778857263287,0.0213043087857453,1.0357850858438848,0.0077642404267438,-0.0032667389710931,1.0506104814367665,2,Stress/Bear,0.9397
2024-01-05,bist100,0.0106613643599947,0.021281076571461,0.0206839683121666,0.0126496664158691,1.0341992568859917,0.0061875192830916,-0.0014622783647189,1.028868167378849,2,Stress/Bear,0.6905
2024-01-08,bist100,0.0246263952397192,0.0217514604249855,0.0209330718160157,0.0200413138756694,1.2492946723806964,0.0091244109680724,-0.0010122058253772,1.0390954856584236,2,Stress/Bear,0.9842
2024-01-09,bist100,-0.0106203488868441,0.0218005756390647,0.0208547953606989,0.0230990456996017,1.2725473056743817,0.0029166072678464,-0.0011342264961257,1.0453507340641714,2,Stress/Bear,0.9753
2024-01-10,bist100,0.0176680739977563,0.0215070094260847,0.020794930276052,0.023850205713954,1.1729377540117911,0.0120982623590018,0.0009344874266022,1.0342429207782802,2,Stress/Bear,0.9584
2024-01-11,bist100,0.0027646998007615,0.0215075101892338,0.0205863434180902,0.0113855598338796,1.0376472853998226,0.0090200369022775,0.0009402695928297,1.0447464978328374,2,Stress/Bear,0.7913
2024-01-12,bist100,0.0113963132417357,0.0204375680829988,0.0201586827075176,0.038415066031273,1.431288827093399,0.0091670266786257,0.002947528245878,1.013834503946886,2,Stress/Bear,0.9996
2024-01-15,bist100,0.0071738936841751,0.0188446382889417,0.0201366648523474,0.0143710477554817,0.978450970705204,0.0056765263675169,0.0014543153428367,0.9358371124076668,1,Transition,0.9727
2024-01-16,bist100,-0.0014679923146256,0.0181644561451627,0.01962683200389,0.0118399191142003,0.9889454906141228,0.0075069976819606,0.0002389887040547,0.9254909881310724,1,Transition,0.9693
2024-01-17,bist100,-0.000971604799169,0.0171100912443147,0.0192206287666644,0.0087234399366577,0.9322168773747908,0.0037790619225755,0.0014797363721847,0.8901941477580476,1,Transition,0.9918
2024-01-18,bist100,-0.0010348616800753,0.0169676295002702,0.0188155683446474,0.012574735549726,1.1419452130710102,0.0030191496264081,0.0018436866369669,0.9017867113802652,1,Transition,0.9823
2024-01-19,bist100,-0.0024230633510015,0.0168367102285098,0.0161644272838247,0.0134680901536316,0.8880091624284382,0.0002552743078607,0.0021319234043317,1.041590273065712,1,Transition,0.9905
2024-01-22,bist100,0.0016742854728211,0.0166326364021552,0.0156711952160689,0.0124593117124845,0.9501334996844172,-0.00084464733441,0.0015538389869974,1.0613508524927615,1,Transition,0.987
2024-01-23,bist100,-0.0075187167078638,0.0153896020363959,0.015692823393996,0.0289809079741518,1.0918026478734273,-0.0020547922130577,0.0025315421488626,0.980677705344204,1,Transition,0.9395
2024-01-24,bist100,0.0175554129997053,0.012971531547091,0.0158462424714137,0.0259675951979698,1.0236784203199067,0.0016506113467171,0.0051480754387866,0.8185872184204818,1,Transition,0.9523
2024-01-25,bist100,0.0097166872611282,0.0127659282977954,0.0154859627754813,0.0143209968332282,1.0639713942627,0.0038009211349578,0.0059010870225968,0.824354835593913,1,Transition,0.9981
2024-01-26,bist100,0.0213617004621799,0.0129272777113172,0.0156990737603431,0.0200448928844637,1.3162702596662086,0.0085578738975941,0.006041923541793,0.8234420647141831,1,Transition,0.9715
2024-01-29,bist100,0.0149128791405358,0.0130533800982728,0.0156537803910162,0.0121699486165666,1.1271650690735877,0.011205592631137,0.0062904706580791,0.8338803645005916,1,Transition,0.9952
2024-01-30,bist100,0.0003068126021469,0.0126769532413207,0.0156465309033977,0.0091688555306012,1.0566373623741545,0.0127706984931392,0.0052848778074721,0.8102085580240588,1,Transition,0.9954
2024-01-31,bist100,0.0026398588440473,0.0099704405369502,0.0154427324830483,0.0163123701594434,1.015533467698255,0.0097875876620076,0.0068288808225755,0.6456396591662097,1,Transition,0.9992
2024-02-01,bist100,0.01743040964252,0.0099282966040328,0.0155716731202671,0.0194193092292037,1.0987100014973108,0.0113303321382859,0.0067926099504824,0.6375870163310069,1,Transition,0.9966
2024-02-02,bist100,0.0022644321755046,0.0099336273797389,0.0155717977571747,0.0162365345411066,1.0532483921865652,0.0075108784809509,0.0063727633412578,0.6379242483522537,1,Transition,0.9996
2024-02-05,bist100,0.0127277335444425,0.0091045788560146,0.0156275671248627,0.0101746988776264,0.9581850388281488,0.0070738493617322,0.005777830256494,0.582597328379396,1,Transition,0.9999
2024-02-06,bist100,0.0104728321220893,0.0082903571626748,0.0156000981991101,0.01570627764424,1.304223855493111,0.0091070532657207,0.0068324893069407,0.5314298062013295,1,Transition,0.9995
2024-02-07,bist100,-0.0029471115211706,0.0081526612344679,0.0151566252263165,0.0109352830378709,1.204090167296126,0.0079896591926771,0.0058017300309943,0.5378942286118157,1,Transition,0.9999
2024-02-08,bist100,0.0120049323914129,0.0082329213682642,0.0151397143671562,0.0143020723557937,1.000149958329695,0.0069045637424557,0.0062637416605269,0.5437963470516045,1,Transition,0.9999
2024-02-09,bist100,0.0106915640700892,0.0082112771541692,0.0151695010990514,0.0113310349555303,1.211631002824788,0.0085899901213726,0.0062285042019446,0.541301727759704,1,Transition,0.9999
2024-02-12,bist100,0.0141160503321785,0.0083979518909335,0.0151596840390239,0.0094936102542486,1.2934420490689904,0.0088676534789198,0.0065756120343447,0.5539661558456999,1,Transition,0.9996
2024-02-13,bist100,-0.0198810636231747,0.010152236931259,0.0154118652795184,0.0248500321450818,1.550427498525583,0.002796874329867,0.0056549584689173,0.6587286319424799,1,Transition,0.7787
2024-02-14,bist100,0.0086460842482073,0.0100490923261518,0.0153844207761863,0.0175594021000064,1.1712705142252395,0.0051155134837426,0.0061358429212861,0.6531992638752371,1,Transition,0.9994
2024-02-15,bist100,0.0185762383037737,0.0102670027032818,0.0154727180587085,0.0184265301967051,1.2320015627849876,0.0064297746662148,0.0071163979204786,0.6635552114583574,1,Transition,0.9967
2024-02-16,bist100,0.0008868670597112,0.0101309154184598,0.0154211120068542,0.0097401281201305,1.42068173408205,0.0044688352641392,0.0072818944410142,0.6569510301174717,1,Transition,0.9882
2024-02-19,bist100,-0.0058547214517333,0.0104839842733011,0.0153573005585252,0.0250968879472413,1.293279332913661,0.0004746809073568,0.0069054440947865,0.6826710354041475,1,Transition,0.9832
2024-02-20,bist100,0.0160292752316304,0.0100938414839197,0.0154419468092755,0.0161798824126792,1.0183851237999473,0.0076567486783179,0.0080828436917612,0.6536637904915346,1,Transition,0.9984
2024-02-21,bist100,-0.0035268719224432,0.0101531946557136,0.0153238123774872,0.0161833536625459,1.117303110919726,0.0052221574441877,0.0070287294456538,0.6625762836035568,1,Transition,0.9992
2024-02-22,bist100,0.0037622863760028,0.0101575267950056,0.015315852055083,0.0132660752013115,1.103406290726278,0.0022593670586336,0.0067310094013975,0.6632035069596133,1,Transition,0.9996
2024-02-23,bist100,0.0028844169574718,0.0095806831793042,0.0152225739540251,0.0130892070427215,1.0051288654968649,0.0026588770381857,0.0058071452261621,0.6293734034887654,1,Transition,0.9999
2024-02-26,bist100,-0.0042869594010059,0.0095821796816185,0.0151907542530401,0.0140775326224434,0.8802403516766684,0.0029724294483312,0.004847153299085,0.6307902505697378,1,Transition,0.9999
2024-02-27,bist100,-0.016701565702384,0.0106963189238613,0.0153650531649035,0.0187266523244534,0.9427632818801835,-0.0035737387384717,0.0039967343838585,0.6961459104022869,1,Transition,0.9993
2024-02-28,bist100,-0.0128386691497051,0.0113402496755277,0.0154706089782035,0.0192443864118909,0.946580293681537,-0.0054360981839241,0.0032228079841708,0.733018958174497,1,Transition,0.9992
2024-02-29,bist100,0.0143844285672856,0.0111583952828692,0.0155357883122669,0.0136397834825513,1.0112728577920662,-0.0033116697456675,0.0030705089304091,0.7182381130964957,1,Transition,0.9993
2024-03-01,bist100,-0.010551741771986,0.0115676253288352,0.0152025527124737,0.0149717395252892,0.7664701960635205,-0.0059989014915591,0.0024297002330346,0.7609001953562661,1,Transition,0.9996
2024-03-04,bist100,-0.0210506044457728,0.0124194575080175,0.0153997468268513,0.0271901236614362,0.8148513458128649,-0.0093516305005125,0.0007407833335238,0.8064715379841584,1,Transition,0.9827
2024-03-05,bist100,-0.0053129247604463,0.0122691111356546,0.0153725675473394,0.0176063230400533,0.9763365660817956,-0.0070739023121249,-4.850451060291936e-05,0.7981172369464101,1,Transition,0.9995
2024-03-06,bist100,-0.0131669442204786,0.0126044268788091,0.0151335697047145,0.0196807789492163,0.8296230801427416,-0.0071395573262796,-0.0005594961455683,0.8328786350309988,1,Transition,0.9992
2024-03-07,bist100,0.0347925131334958,0.0146619736693328,0.0157126698557511,0.0283516540882701,0.7647337820718497,-0.0030579404130376,0.0005798828915358,0.9331306394098428,2,Stress/Bear,0.9184
2024-03-08,bist100,0.0111041169040326,0.0146772305953366,0.0151991957598657,0.0164167869425173,0.954678907057308,0.001273231322166,0.0006005105332329,0.9656583695100912,1,Transition,0.9611
2024-03-11,bist100,-0.0025701329278763,0.0143388735323103,0.0145536449196564,0.0259205705368021,0.8325905734848463,0.0049693256257454,-0.0002337986297697,0.9852427767386256,1,Transition,0.9609
2024-03-12,bist100,-0.0069007309113988,0.0136814724926921,0.0143577502001242,0.0227810867844412,0.8042317407840073,0.0046517643955548,0.000415218005819,0.9528980726084586,1,Transition,0.9863
2024-03-13,bist100,-0.0176652790619255,0.0141067619563181,0.0141267936993046,0.0203924880729355,0.7650520813199077,0.0037520974272655,-0.0009003501596875,0.9985820035732906,1,Transition,0.9747
2024-03-14,bist100,-0.0030011021581736,0.0133432626497535,0.0140760905770052,0.0139473230602542,0.6537165906544261,-0.0038066256310683,-0.0019792171827849,0.947938106589846,1,Transition,0.8887
2024-03-15,bist100,-0.0061878557145773,0.0133570523831447,0.0140531186719874,0.0126972489810067,0.5822705767741301,-0.0072650201547903,-0.0023329533214994,0.950468909778,1,Transition,0.977
2024-03-18,bist100,-0.0126064764074042,0.0135348852094753,0.0141100465991056,0.0166093013476546,0.6705893618341575,-0.0092722888506959,-0.0026705410692829,0.9592374564045186,1,Transition,0.9903
2024-03-19,bist100,0.0240038670476844,0.0142151336110328,0.0138693469391873,0.0267528957524735,0.8278700266052983,-0.0030913692588792,-0.0022718114784802,1.0249317198107248,1,Transition,0.7767
2024-03-20,bist100,0.0028179334937182,0.0142563890522744,0.0129635434488387,0.0136906619027122,1.0094138599985267,0.0010052732522494,-0.0019545712076721,1.099729337780059,0,Calm/Bull,0.5589
2024-03-21,bist100,0.0205138332205464,0.0150783287644013,0.0130968110463564,0.0188498387878581,1.3122117305898195,0.0057082603279934,-0.001116993865445,1.1512977251508996,1,Transition,0.8891
2024-03-22,bist100,-0.0031995483298275,0.0150547054736395,0.0129833196864734,0.0156176866617142,0.9800234836293512,0.0063059218049434,-0.0014211921298099,1.159542076848352,1,Transition,0.9184
2024-03-25,bist100,-0.0090514363958322,0.015139894970291,0.0130543473543782,0.0339558797874596,1.2423401828782026,0.0070169298072578,-0.0016594159795512,1.1597588572831483,2,Stress/Bear,0.8216
2024-03-26,bist100,-0.0248936644396974,0.0156698175914802,0.0133463733771075,0.0327226782484895,1.2170753548493836,-0.0027625764902185,-0.0020690209164169,1.1740880573862884,2,Stress/Bear,0.5948
2024-03-27,bist100,-7.950437619229635e-05,0.0154666934553,0.0127314423181067,0.0178728950601424,0.9573590857060936,-0.0033420640642006,-0.0014310626777413,1.2148422047440144,1,Transition,0.9311
2024-03-28,bist100,0.0305614276615862,0.016710315805655,0.0130798030218313,0.023821689933104,0.946821593288913,-0.0013325451759926,-0.0006222127230262,1.277566319444116,2,Stress/Bear,0.5621
2024-03-29,bist100,0.006848712320368,0.0166188523511365,0.0130515793684305,0.0107849286587747,0.9774916428310108,0.0006771069540464,0.0002478099815914,1.2733211730171594,1,Transition,0.9631
2024-04-01,bist100,0.0016502486962214,0.0158448343839951,0.0127401489011324,0.0324434827768968,1.1583687902186717,0.0028174439724571,0.0013828526386911,1.2436930295678643,1,Transition,0.5605
2024-04-02,bist100,-0.0128144062441967,0.0160984338402265,0.0127819169978255,0.0301409627933448,1.1498952878317277,0.0052332956115573,0.0010077785645036,1.2594694397534545,1,Transition,0.5167
2024-04-03,bist100,-0.0105746998762345,0.015988362419547,0.0127374685957393,0.012899912122221,0.9819468785322404,0.0031342565115488,0.0011373907817158,1.2552229117875977,1,Transition,0.9491
2024-04-04,bist100,0.0202720333862666,0.0146536361480027,0.0129510724964948,0.0251617289859292,1.162249541727784,0.0010763776564849,0.0004113667943543,1.1314612092526537,1,Transition,0.909
2024-04-05,bist100,0.0522634061922113,0.0185946323959595,0.0144223100063032,0.0383625769942512,1.2558307846340278,0.0101593164308536,0.0024693312587633,1.2892964017437412,2,Stress/Bear,1.0
2024-04-08,bist100,0.0142347265752632,0.018734087826874,0.0144847909238793,0.0142671143314935,1.036210589326639,0.0126762120066619,0.0033095742339202,1.2933626674575942,1,Transition,0.9149
2024-04-09,bist100,0.0058761189764053,0.0185848400492918,0.0144755561635449,0.010444105329439,0.4397773922340773,0.0164143170507823,0.0039484167283104,1.2838774441078546,2,Stress/Bear,0.9421
2024-04-15,bist100,-0.013789189895397,0.018366515517964,0.0146339695733593,0.0148454478997407,1.1200157868492149,0.0157714190469498,0.0041422211866369,1.255060387128295,2,Stress/Bear,0.7325
2024-04-16,bist100,-0.0136990503071885,0.0187375369787052,0.0147855431956963,0.0143694484372932,0.9537035679560352,0.0089772023082588,0.0036073237791861,1.2672876965493705,1,Transition,0.8221
2024-04-17,bist100,-0.0018449685424971,0.0186429744991386,0.014782193805883,0.0223809787297703,0.9376363898460376,-0.0018444726386828,0.0038244681377901,1.261177788896194,1,Transition,0.9193
2024-04-18,bist100,-0.0006193011197449,0.0182760066946187,0.0147884458132821,0.013207954198946,0.7238141893303603,-0.0048152781776844,0.0044238269021731,1.2358301153055804,1,Transition,0.8616
2024-04-19,bist100,0.0175776655830168,0.0179675389903304,0.0148439722401829,0.0303193875615285,1.0935810306485636,-0.0024749688563621,0.0041025168289397,1.2104266095090075,2,Stress/Bear,0.7402
2024-04-22,bist100,-0.0050158370378038,0.0180820389437009,0.0147624790090665,0.0193365455608039,1.0004191924218615,-0.0007202982848435,0.0037108283023636,1.2248646675531734,1,Transition,0.9593
2024-04-24,bist100,0.0079618992885175,0.0176815330260073,0.014750535815133,0.0102139778332854,1.1271114004609102,0.0036118916342977,0.0030832316057622,1.19870445708605,1,Transition,0.9408
2024-04-25,bist100,-0.0005452811837221,0.0176418105609287,0.0145556307933225,0.0167134508213609,1.02696547944688,0.0038718291060526,0.0032159449630674,1.2120265216552517,1,Transition,0.9807
2024-04-26,bist100,0.0202529173645685,0.0177856663802852,0.0146486335104025,0.0206342234023274,1.1803322221732306,0.0080462728029153,0.0046811626510875,1.2141519116888932,1,Transition,0.89
2024-04-29,bist100,0.0167217386969422,0.0165338275703261,0.0147575234091112,0.0139545510721246,1.0191602665296973,0.0078750874257004,0.0067619328079195,1.1203660066782113,1,Transition,0.9572
2024-04-30,bist100,-0.0036863004576869,0.0166317570282845,0.0147819669927379,0.0095663913802834,0.978304592527112,0.0081409947417238,0.0065815930038447,1.1251382875131164,1,Transition,0.9416
2024-05-02,bist100,0.0160957007279351,0.0158292108522536,0.0147605519276372,0.0109122609185266,1.1242138509816897,0.0097677550296073,0.0058583066571622,1.0723996588918543,1,Transition,0.9693
2024-05-03,bist100,0.0066583189784388,0.0158286411155824,0.0147689041773307,0.0106355401107427,1.0659845373182129,0.0112084750620395,0.0058487869900657,1.0717546085699698,1,Transition,0.9744
2024-05-06,bist100,-0.0009541310526252,0.0158756426179907,0.014719223570838,0.0120482764275184,0.9590259213892252,0.0069670653786007,0.0057185680026234,1.0785652206169294,1,Transition,0.9843
2024-05-07,bist100,0.0067367860793748,0.0152645749500427,0.0146932943346891,0.0223481083695812,1.1623385160128037,0.0049700748550873,0.006696127618802,1.03888036286083,1,Transition,0.95
2024-05-08,bist100,-0.0086183369355687,0.0151539428500169,0.0147474093656468,0.0145885751734065,0.8048278838337309,0.0039836675595109,0.0067939457658353,1.0275664338251198,1,Transition,0.9709
2024-05-09,bist100,0.0020276386982359,0.0148458990162479,0.0146940820086414,0.0113453270045905,0.8709910143394982,0.0011700551535711,0.0058817260314337,1.0103318470331897,1,Transition,0.9913
2024-05-10,bist100,-0.0048811324257395,0.0102313182444151,0.0146807118117389,0.0142877485117725,1.0674140838594803,-0.0011378351272645,0.0030244991005362,0.6969224909267699,1,Transition,0.9999
2024-05-13,bist100,-0.0160400689982485,0.0107136852516541,0.0147758737065526,0.0231405567038081,0.8999174545476887,-0.0041550227163892,0.0015107593218606,0.7250796443193038,1,Transition,0.9991
2024-05-14,bist100,0.0116070995526162,0.0109114027656781,0.0145601744606711,0.0232666030365998,0.9647034557345388,-0.0031809600217409,0.0017973083506711,0.7494005511507554,1,Transition,0.9984
2024-05-15,bist100,-0.0014559179680453,0.0103164522922484,0.0145410454300958,0.0117437875341833,0.8262266708712962,-0.0017484762282362,0.0024139719470387,0.7094711547284148,1,Transition,0.9999
2024-05-16,bist100,0.0157631491878909,0.0099929568801299,0.0144907646850599,0.0169478020792564,1.0246573415644995,0.0009986258696947,0.0038870819217927,0.689608664367642,1,Transition,0.9997
2024-05-17,bist100,0.0308749534077909,0.0115605583937995,0.0149667323562577,0.0277445025171144,1.113914491013096,0.0081498430364008,0.0055230780193071,0.7724169924750457,1,Transition,0.6114
2024-05-20,bist100,0.0089791197843443,0.0114911696444516,0.0149516124133377,0.0131383253259075,1.1098775628957414,0.0131536807929194,0.0060029990645116,0.76855721823024,1,Transition,0.9975
2024-05-21,bist100,0.0143936633279562,0.0113434796118924,0.0149281584221935,0.0308391492559467,1.8143661751478344,0.0137109935479874,0.0058437989517585,0.7598713311501448,2,Stress/Bear,0.9836
2024-05-22,bist100,0.0003670653525072,0.0111341820761377,0.0149097087158622,0.0205151519278504,1.0974113196449713,0.0140755902120979,0.0061129440712741,0.7467739503382979,1,Transition,0.9824
2024-05-23,bist100,-0.0098471529345251,0.0116774144208566,0.0149953591940455,0.0173362598845528,0.9439225000926256,0.0089535297876147,0.0052224914601219,0.7787352253284816,1,Transition,0.9961
2024-05-24,bist100,-0.010787599569102,0.0121583601360713,0.0150913866086041,0.0139837771976522,0.7281529410202379,0.000621019192236,0.0047103755408529,0.8056489739080291,1,Transition,0.9987
2024-05-27,bist100,-0.0018468718824951,0.0116657292865641,0.0150769768709575,0.0163556073605914,0.8769173567556852,-0.0015441791411317,0.0036053860784998,0.7737445899406754,1,Transition,0.9996
2024-05-28,bist100,0.0019217806988816,0.0112519926637259,0.0148713634097345,0.0123156822821767,0.9497683501244992,-0.0040385556669467,0.0028653881785967,0.7566214578792847,1,Transition,0.9997
2024-05-29,bist100,-0.0187463721848038,0.0121792375381074,0.0149938241638581,0.0238378050748864,0.8332040940762124,-0.0078612431744089,0.0021123845922409,0.8122836045700027,1,Transition,0.9939
2024-05-30,bist100,0.0002003406916627,0.011729029150329,0.014913607017083,0.0130041627557558,0.7723832332164355,-0.0058517444491713,0.0013176165904273,0.7864649468699187,1,Transition,0.9997
2024-05-31,bist100,-0.0077387638149802,0.0118254041786455,0.0148772672768916,0.0352197209103877,1.0953882189307398,-0.0052419772983469,0.0005977624507563,0.7948640001254504,1,Transition,0.842
2024-06-03,bist100,0.014916286980899,0.0122409617755622,0.0146460744623009,0.0217965485259811,0.9521050193362096,-0.0018893455256681,0.0013912833524325,0.8357844832122424,1,Transition,0.9973
2024-06-04,bist100,-0.0183740710674166,0.0129321078129529,0.0148646025091021,0.0238988008812344,0.8997566957042358,-0.0059485158789278,0.0001357404950929,0.8699935168151367,1,Transition,0.996
2024-06-05,bist100,-0.0013129895720428,0.0127740390088055,0.0147294745232712,0.0188485766321161,0.9175022506017052,-0.0024618393563755,0.0005010078632692,0.8672433621867305,1,Transition,0.9971
2024-06-06,bist100,-0.0069120743250791,0.0128738262454224,0.0141680008588767,0.0166542897984554,0.6984439300009758,-0.0038843223597239,5.402221210353934e-05,0.908655100578745,1,Transition,0.9557
2024-06-07,bist100,-0.0137816992592743,0.0132030360834273,0.0142643426692593,0.0220337900698314,0.612741331130359,-0.0050929094485827,-0.0003910061295731,0.9255972314715089,1,Transition,0.9888
2024-06-10,bist100,-0.0140142410445387,0.0130838937479014,0.0143983043525229,0.0156133214609863,0.633025142999901,-0.0108790150536703,-0.0002897147318877,0.9087107361783714,1,Transition,0.9969
2024-06-11,bist100,0.0053367880542098,0.0128569758654463,0.014363773783773,0.020614172599501,0.7463421686604476,-0.006136843229345,-0.000603230306808,0.8950973510854825,1,Transition,0.9951
2024-06-12,bist100,0.0112877270918154,0.013125472436262,0.014186936464524,0.0187792457541089,0.7080122149130746,-0.0036166998965733,3.3951946185015355e-05,0.9251801803076852,1,Transition,0.9797
2024-06-13,bist100,0.022027080999985,0.0135871664379677,0.0143978969473823,0.0124712792200164,0.7445686067011625,0.0021711311684394,0.0003471485367897,0.9436910465203698,1,Transition,0.9731
2024-06-14,bist100,0.0076114153190474,0.011701043219054,0.0143650934535955,0.0164545685664068,0.8309202743678183,0.0064497540841038,-0.0008160283676474,0.8145469611355238,1,Transition,0.999
2024-06-20,bist100,0.0253276936398959,0.0129280586640514,0.0145076407600458,0.0158941041681821,0.7998650560024985,0.0143181410209907,1.400325130128735e-06,0.8911206775711877,1,Transition,0.9142
2024-06-21,bist100,0.0029286200383803,0.0125035117922242,0.0142551409081653,0.0078634759931114,1.0940645394577806,0.0138365074178248,-0.0005718518393486,0.877122988315196,1,Transition,0.9728
2024-06-24,bist100,-0.0003248983859694,0.0125017342280175,0.0142620601710618,0.0144597376157598,1.0125473213002705,0.0115139823222678,-0.0006064500262724,0.876572814731486,1,Transition,0.9928
2024-06-25,bist100,-0.0081967321214897,0.0124428364786522,0.0141481441981087,0.0138109346685366,0.9303063134574078,0.0054692196979729,-0.0005239289856207,0.8794677453397406,1,Transition,0.9966
2024-06-26,bist100,-0.0182650319442052,0.0128723849948348,0.0143844184772055,0.0209981557643446,1.0475371026132314,0.0002939302453223,-0.0008978006043758,0.8948839339757292,1,Transition,0.9954
2024-06-27,bist100,0.0183493350760067,0.013567423776094,0.0144513462989604,0.0184723051198553,1.0077141872115751,-0.0011017414674554,0.0001120097435492,0.9388345899004634,1,Transition,0.9881
2024-06-28,bist100,-0.0030944263525405,0.0135785678947041,0.0140106189931257,0.0188207486257487,1.3386639789892412,-0.0023063507456396,-0.0001388006090219,0.9691625974103264,1,Transition,0.6863
2024-07-01,bist100,-0.0290237459048313,0.0144840924349434,0.0146096380617781,0.0473062176467639,1.0824031133555143,-0.008046120249412,-0.0006526692950232,0.9914066572831018,2,Stress/Bear,0.9999
2024-07-02,bist100,0.0098993049929996,0.0146752616394277,0.0141784611788278,0.0173844604001251,0.8875265449490546,-0.0044269128265141,-0.0001677210799564,1.0350390958746476,1,Transition,0.9374
2024-07-03,bist100,0.0223405548046553,0.015382776260786,0.0144013373449104,0.0194810721565038,1.0712815178508412,0.0036942045232579,0.0013362448510253,1.0681491511774446,1,Transition,0.9767
2024-07-04,bist100,0.0176670069598805,0.0155222492742131,0.0145313998438412,0.0194619239998839,1.2439795706325802,0.0035577389000327,0.0014737808499744,1.0681867845506925,1,Transition,0.9682
2024-07-05,bist100,-0.0019148903477043,0.0148357052647329,0.0143996465863926,0.0151036015962298,1.1467339175290836,0.0037936461009999,0.00229673988596,1.0302825958765127,1,Transition,0.9222
2024-07-08,bist100,0.0011327986961943,0.0148144495282195,0.0142909033768431,0.0118096728033878,1.0852684201441267,0.009824955021205,0.0024190292993718,1.0366349234594,1,Transition,0.9647
2024-07-09,bist100,-0.0062325391179766,0.0147926856649957,0.0141645233309095,0.011883416447631,1.018553869480127,0.0065985861990098,0.002453006059727,1.0443475801769782,1,Transition,0.9429
2024-07-10,bist100,-0.0049488828712777,0.0144093697681111,0.0126194785916433,0.0109463788149546,1.1788904436552117,0.0011406986638232,0.0028946468791268,1.1418355888057894,1,Transition,0.8803
2024-07-11,bist100,0.0258195804797605,0.0146992198648805,0.012897848006481,0.0173616859791317,1.2218509546056329,0.0027712133677992,0.0048863379553418,1.1396645283379236,1,Transition,0.8168
2024-07-12,bist100,0.0036760812248035,0.0147012318617208,0.012889870077529,0.0107095973151163,1.1639209371032613,0.0038894076823007,0.0048033026138714,1.1405259923720676,1,Transition,0.9561
2024-07-16,bist100,0.0067013548067246,0.0146303600120635,0.0127349902210705,0.0076755683692099,0.9989736216857464,0.0050031189044068,0.0045739839996169,1.1488316644214696,1,Transition,0.9545
2024-07-17,bist100,-0.0004668570190512,0.0140719988264492,0.0125659688928571,0.0111100897813206,0.9772859936175734,0.0061562553241919,0.0034492870986651,1.119849885546682,1,Transition,0.8046
2024-07-18,bist100,0.0004848289371845,0.0140512729478704,0.0125557182167966,0.0130437256345717,1.057025135741569,0.0072429976858843,0.0030929577795719,1.1191134354284211,1,Transition,0.8442
2024-07-19,bist100,0.0014980725009841,0.0130406142811155,0.0125494906029888,0.0099138752060594,1.050088454059084,0.002378696090129,0.0019014767226264,1.0391349492711437,0,Calm/Bull,0.8367
2024-07-22,bist100,0.0014868288775913,0.0130386223180546,0.0123957499135915,0.0112953664602549,0.9841030863597042,0.0019408456206866,0.0018293871645869,1.0518623245019048,0,Calm/Bull,0.8664
2024-07-23,bist100,-0.0074834729330323,0.0131981536280284,0.0124247203947507,0.0133640811906877,1.1023798920954908,-0.0008961199272647,0.0014714584372338,1.06224954837652,0,Calm/Bull,0.6953
2024-07-24,bist100,-0.0088674525670988,0.0132248382805189,0.012485147767248,0.011800001030622,1.134913194789493,-0.0025762390368742,0.0014379224149533,1.0592456354590605,0,Calm/Bull,0.5576
2024-07-25,bist100,-0.0109865921466918,0.0127455750230399,0.0125941620377699,0.0164467416918088,1.0626991984297796,-0.0048705232536495,0.001801844404829,1.012022473969758,1,Transition,0.8045
2024-07-26,bist100,0.0018288464485425,0.0121375427259565,0.0123608382505033,0.0089612099632959,0.8963388409244585,-0.0048043684641378,0.0009758199734558,0.9819352441944802,0,Calm/Bull,0.5667
2024-07-29,bist100,-0.0145758865491053,0.0126027908339076,0.012370733359349,0.0134622188915231,0.8809139429475172,-0.0080169115494771,0.0004017469636275,1.0187585867238174,1,Transition,0.8427
2024-07-30,bist100,-0.0039298859908422,0.0106108056207183,0.0123723514901365,0.0155823176376337,0.9073001344743856,-0.0073061941610391,0.001656439959327,0.8576223872379842,1,Transition,0.9435
2024-07-31,bist100,-0.0049789246404104,0.0105236822554244,0.0122360448242293,0.0130187000613556,0.93213980886472,-0.0065284885757014,0.0009125284776565,0.8600558764369554,1,Transition,0.7565
2024-08-01,bist100,0.0148812851649687,0.0098338665415691,0.0123495783948773,0.0118540009468947,0.899211923701289,-0.0013549131133693,0.0005395649956721,0.7962916811515007,1,Transition,0.9673
2024-08-02,bist100,-0.0305218779773555,0.011222039480052,0.0129948331018589,0.0258272246763974,0.834545995426397,-0.0078250579985489,-0.0018698792511896,0.8635770380495803,1,Transition,0.9855
2024-08-05,bist100,-0.0569803653326648,0.0166674952418689,0.0149230014005274,0.0388543319631207,1.0684209089960777,-0.0163059537552608,-0.0046231530004376,1.1168996634470538,2,Stress/Bear,0.9999
2024-08-06,bist100,-0.001233932577109,0.0166328437284642,0.0148872513160624,0.0316461419636411,0.9620650296497388,-0.0157667630725142,-0.0047414895641028,1.1172541777754792,1,Transition,0.5037
2024-08-07,bist100,0.0143782203792827,0.0171655687023228,0.0150091846489048,0.017377883255532,0.9366915121385458,-0.0118953340685756,-0.0037109515892398,1.1436709657359867,1,Transition,0.794
2024-08-08,bist100,0.0073747140812909,0.0173391012120861,0.0150305655041265,0.0140615690706597,0.8857587134839053,-0.0133966482853111,-0.0030947717416114,1.1535894113448917,1,Transition,0.793
2024-08-09,bist100,-0.0191049098920491,0.0162733531844847,0.0150904085950965,0.0284435163138469,0.935282804393852,-0.0111132546682498,-0.0053409962602018,1.07839049432847,1,Transition,0.9197
2024-08-12,bist100,-0.0079854722980772,0.0161416499989583,0.0150414274631278,0.0275421377438748,1.0255292180639048,-0.0013142760613323,-0.0059240739363459,1.0731461517550491,1,Transition,0.928
2024-08-13,bist100,0.009316851247961,0.0162594858751083,0.0150949307872317,0.0214000102375908,0.9732689033311844,0.0007958807036816,-0.0057932991142841,1.077148753067599,1,Transition,0.9681
2024-08-14,bist100,-0.0090827869660455,0.0162250371340497,0.0149845436518325,0.0167737696697526,0.885811245150585,-0.0038963207653839,-0.0062240956116338,1.0827848689316242,1,Transition,0.987
2024-08-15,bist100,0.015353102583286,0.0168761702211087,0.0145561302372525,0.0220075484189934,1.0262123734332491,-0.0023006430649849,-0.0054806819293287,1.1593857670989127,1,Transition,0.9322
2024-08-16,bist100,-0.0162588658993275,0.0169565979993658,0.0146253672961614,0.0237325226754692,0.9124612715235184,-0.0017314342664406,-0.0063685288493443,1.1593963868392034,1,Transition,0.9241
2024-08-19,bist100,0.0233656369016385,0.0181535525802454,0.0148348679144259,0.0263075538446804,1.0683892728547666,0.0045387875735025,-0.0052745884481419,1.2237084067726895,2,Stress/Bear,0.5531
2024-08-20,bist100,-0.0071769125998338,0.0181517186687211,0.0148521223883717,0.015938256011331,1.1027466205786307,0.0012400348039435,-0.005259260431482,1.2221632837427194,1,Transition,0.8824
2024-08-21,bist100,-0.0077940780572641,0.0181420731787019,0.0148348377724933,0.0184861445363211,1.032996445898022,0.0014977765856998,-0.0052055917059903,1.2229370793889487,1,Transition,0.9335
2024-08-22,bist100,0.0016746202462909,0.0181506322938377,0.0147887790259464,0.0162780305252444,1.079910530475424,-0.0012379198816992,-0.0045725310863411,1.2273245994137214,1,Transition,0.9503
2024-08-23,bist100,-0.025862352206291,0.0186849254262195,0.0151270749528403,0.0293751131935183,0.9191281970490184,-0.0031586171430919,-0.0059570910190828,1.235197517330417,2,Stress/Bear,0.5497
2024-08-26,bist100,-0.0106375037062115,0.0186099144615344,0.0151640409248405,0.0204897702751526,1.0479077824749603,-0.0099592452646619,-0.0057601718769381,1.2272397940478497,1,Transition,0.8675
2024-08-27,bist100,0.0189499627146248,0.0194142051090595,0.0152321478271695,0.0231311752971485,1.0246012576450052,-0.0047338702017702,-0.0046161794416648,1.2745546674928143,1,Transition,0.7186
2024-08-28,bist100,0.0008613181302444,0.0194523463800589,0.0152334197631312,0.010371802724765,0.9052404086364846,-0.0030027909642685,-0.004324167303132,1.2769520358874733,1,Transition,0.8898
2024-08-29,bist100,0.0077589820881878,0.0191450124723449,0.0152519291688018,0.0186003894670689,1.186559987243595,-0.0017859185958891,-0.0046802824569711,1.2552518609584495,1,Transition,0.8098
2024-09-02,bist100,0.0277803504504934,0.0194395766773407,0.0155657189174737,0.0233923415813515,1.0265467451276524,0.0089426219354677,-0.0017651710355786,1.2488711109589892,2,Stress/Bear,0.5145
2024-09-03,bist100,-0.0087820832125829,0.0146258807053914,0.015430000692331,0.0175019773892109,1.0710094131046564,0.0093137060341935,0.0006447430704254,0.9478859396721052,1,Transition,0.9841
2024-09-04,bist100,-0.0036887292822012,0.0146527518537387,0.0154350117085461,0.0109466648879297,1.0023807815953512,0.0047859676348283,0.0005220032351708,0.9493191278647232,1,Transition,0.9806
2024-09-05,bist100,-0.0048289988899046,0.0143225111872198,0.0154229116730954,0.0144010518092516,1.0555366659089376,0.0036479042307984,-0.0004383577282885,0.928651573114097,1,Transition,0.9912
2024-09-06,bist100,-0.0168057041152528,0.0146452138991655,0.0154716966066896,0.0217375052670209,0.9243393261009966,-0.0012650330098896,-0.0016473786381157,0.9465809905316566,1,Transition,0.9937
2024-09-09,bist100,-0.0073547353034096,0.0141348183489036,0.0153976592395095,0.0142687466202566,0.878710069974252,-0.0082920501606702,-0.0010598699086837,0.9179848786778242,1,Transition,0.9973
2024-09-10,bist100,-0.007824569045706,0.014130714208566,0.0154067745467928,0.0208230931055379,0.9842805782321276,-0.0081005473272949,-0.0010518247460651,0.917175374095902,1,Transition,0.9958
2024-09-11,bist100,-0.021456727758435,0.0146095941145954,0.015553317170901,0.0244276167196193,1.033974665173413,-0.0116541470225416,-0.002590503696385,0.9393233581019412,1,Transition,0.9762
2024-09-12,bist100,0.0106965773068814,0.014814999832412,0.0153328834132884,0.0299760437817428,1.1833527555476764,-0.0085490317831844,-0.0016015354827386,0.9662239927796226,1,Transition,0.8109
2024-09-13,bist100,0.0171300262083676,0.0149269342557115,0.0154768863995001,0.0266585695216295,1.156750965588851,-0.0017618857184603,-0.0015126893014845,0.9644662285686644,1,Transition,0.9481
2024-09-16,bist100,-0.0112132824548577,0.014705589425847,0.0151262941591549,0.0159855283427419,0.888218462048736,-0.0025335951487499,-0.001260410129261,0.9721871908028874,1,Transition,0.9628
2024-09-17,bist100,0.018681069772354,0.0143250902756576,0.0153467819865366,0.0178826751676625,0.9561034876115224,0.002767532614862,-0.0014946384857253,0.933426322744707,1,Transition,0.9948
2024-09-18,bist100,0.0016792932557529,0.0142769965903804,0.0153518878101119,0.0093304699204268,0.8851123836570589,0.0073947368176996,-0.0010518281929459,0.9299831243540266,1,Transition,0.9956
2024-09-19,bist100,0.0203651273682351,0.014949742139934,0.0155853338946968,0.0129115532513098,1.0911068668694173,0.0093284468299703,0.0003561320783289,0.9592185987764404,1,Transition,0.9867
2024-09-20,bist100,-0.0075770724081635,0.0150495998241721,0.015446715591566,0.0122521997507756,1.205764569587432,0.0043870271066641,-0.0001064525543937,0.974291248839284,1,Transition,0.9651
2024-09-23,bist100,-0.001263392496868,0.0137860252366764,0.015237291663779,0.0124598853951678,1.0210496880168334,0.006377005098262,0.0011234954310774,0.9047556180503886,1,Transition,0.9954
2024-09-24,bist100,0.0142491319657674,0.0137917392259953,0.0153663634337742,0.0228921890656402,1.3544230858454729,0.0054906175369447,0.0023678272146763,0.8975278559195055,1,Transition,0.9733
2024-09-25,bist100,-0.0139255317031745,0.0136699743331407,0.0150193251300204,0.017955773557931,1.2425129114651376,0.0023696525451592,0.0007240524937864,0.9101590261081322,1,Transition,0.9876
2024-09-26,bist100,-0.0062676197275231,0.0137588618676188,0.0149700616781873,0.0247020183112887,1.091115500820229,-0.0029568968739923,0.000367605600898,0.9190918623713296,1,Transition,0.9938
2024-09-27,bist100,-0.0052737673940636,0.0136988653638678,0.0146611592425654,0.0127333836923636,0.8164719552680292,-0.0024962358711723,-0.0002840318732145,0.9343644071538508,1,Transition,0.9302
2024-09-30,bist100,-0.0114900269013518,0.0121965827297341,0.0144982442879667,0.0118563597335387,0.926593644951568,-0.0045415627520691,-0.0022475507408068,0.8412454975570425,1,Transition,0.9993
2024-10-01,bist100,-0.0330891350064258,0.0139648761323108,0.0150448571582032,0.047277563819124,1.2766587348670986,-0.0140092161465078,-0.0034629033304989,0.9282159335555012,2,Stress/Bear,0.9999
2024-10-02,bist100,-0.0368477536384612,0.0158360992178871,0.0156760265914029,0.0362038326127369,1.046220496518658,-0.0185936605335651,-0.0051208545483119,1.0102113010303249,2,Stress/Bear,0.966
2024-10-03,bist100,-0.0128078554153436,0.0159285913497648,0.0157211198827224,0.0325348406100326,1.098786346931986,-0.0199017076711292,-0.0055197973745839,1.013196990328304,2,Stress/Bear,0.7946
2024-10-04,bist100,0.0234468320719829,0.0169385282129989,0.0160913323820734,0.0284215888850985,1.0094731667767844,-0.0141575877779199,-0.0035071705652221,1.05264920336052,2,Stress/Bear,0.9385
2024-10-07,bist100,-0.0085663977966201,0.016955172540824,0.0156632173143076,0.0210483884134926,0.8415928171251994,-0.0135728619569736,-0.0035677536898826,1.0824833877096438,1,Transition,0.9638
2024-10-08,bist100,0.0014716182966446,0.0169597565151076,0.0156491008094356,0.019303862078839,1.1126227132336748,-0.0066607112963595,-0.0031029443227651,1.083752780535589,1,Transition,0.9676
2024-10-09,bist100,0.0096163958067952,0.0166095672754969,0.0156853484085821,0.0253058758424518,0.9169966122263248,0.0026321185926917,-0.0015492881445035,1.05892243148448,1,Transition,0.9675
2024-10-10,bist100,-0.0185898816017913,0.0167633882824549,0.0158036999717353,0.0236835737884904,0.8782192933085726,0.0014757133554022,-0.0030136110899372,1.060725546070601,1,Transition,0.9418
2024-10-11,bist100,-0.0098540513829116,0.0161307666556508,0.015814622254082,0.0274556090367217,0.9005409167573977,-0.0051844633355766,-0.0043628149695012,1.019990638820801,1,Transition,0.9735
2024-10-14,bist100,-0.0201424648231513,0.0164507445918984,0.0159383706172873,0.0237379396838818,0.8771608260328165,-0.0074996767408829,-0.0048092740879158,1.0321471991657296,1,Transition,0.9755
2024-10-15,bist100,0.0183494978984541,0.0164259741731089,0.0161861259473263,0.0231482792875794,0.9980776753002306,-0.004124100820521,-0.0048258526816108,1.0148181366290605,1,Transition,0.9304
2024-10-16,bist100,0.0107430441824987,0.0167369838979948,0.0162877803464423,0.0206008246741457,0.8408824557670437,-0.0038987711453803,-0.0043726651352735,1.027579175430776,1,Transition,0.9845
2024-10-17,bist100,0.0051564072902398,0.0158773018307276,0.0163109506293567,0.0147740810513341,0.9628976842846864,0.0008504866330259,-0.0051331011391733,0.9734136404135328,1,Transition,0.9904
2024-10-18,bist100,-0.0234559539025567,0.016394531419775,0.0164886610026897,0.0325806882217285,0.9699195396340056,-0.001869893870903,-0.005927045213893,0.9942912536743064,2,Stress/Bear,0.6354
2024-10-21,bist100,-0.0159562053713165,0.016503385630795,0.0165503402864445,0.0191464534370624,0.7725424586195119,-0.0010326419805361,-0.0066616858576154,0.9971629190193768,1,Transition,0.9652
2024-10-22,bist100,0.021060541638264,0.0170198225584481,0.0167958512811347,0.0267804246267517,1.058779345286303,-0.0004904332325741,-0.0063211153739906,1.0133349166746273,1,Transition,0.5697
2024-10-23,bist100,-0.0141171348292057,0.0170243815476985,0.0168543548984231,0.0233055268122144,1.0931129688095147,-0.005462469034915,-0.0063306955302921,1.0100879950790265,1,Transition,0.921
2024-10-24,bist100,0.0179904381286599,0.0178721374887263,0.0170774415523923,0.0159025037085333,0.761793730575223,-0.002895662867231,-0.005117792637483,1.0465348356717203,1,Transition,0.9428
2024-10-25,bist100,0.0040041665845563,0.0179879118458115,0.0169413287370096,0.0156031578153474,0.7575611321699648,0.0025963612301915,-0.004653895938552,1.061776919924564,1,Transition,0.9727
2024-10-28,bist100,0.0041781622001503,0.0180156838627667,0.0165814956369627,0.0043149626928808,0.3117690214405996,0.0066232347444849,-0.0038704864834769,1.0864932969379986,2,Stress/Bear,0.5296
2024-10-30,bist100,0.0067735080830083,0.0167753674662707,0.0150074819394877,0.0147892555213441,0.8498969682171015,0.0037658280334338,-0.0018773543290051,1.1178002768160131,1,Transition,0.982
2024-10-31,bist100,-0.0159706814785636,0.0150451015880901,0.0151221219723507,0.0231840473940311,0.8775356601288538,0.0033951187035622,-0.0008335007210103,0.9949067740359792,1,Transition,0.9757
2024-11-01,bist100,0.0023775817430108,0.0147900082902428,0.0149830944807483,0.014946595983026,1.0740776232866065,0.0002725474264324,-7.42288630925937e-05,0.9871130632758428,1,Transition,0.8501
2024-11-04,bist100,-0.0251994708199279,0.0147181536597871,0.0152254450245714,0.029040147154119,0.98195324630735,-0.0055681800544644,-0.0025065440076881,0.96668134402866,1,Transition,0.9299
2024-11-05,bist100,-0.0052424273825501,0.0146647943744281,0.0150744593920897,0.0189126859873417,0.9348276208814488,-0.0074522979710045,-0.0023403454869846,0.9728238998821696,1,Transition,0.985
2024-11-06,bist100,0.0278837256515776,0.0161410739947822,0.0155498296569137,0.0371237429816394,1.321191483394675,-0.0032302544572906,-0.0010197401192379,1.0380225604340048,2,Stress/Bear,0.9912
2024-11-07,bist100,0.009411277279306,0.0161340238026855,0.0155509708413164,0.0161858894412328,1.1055817494757698,0.0018461372942832,-0.0010299960456124,1.0374930264688034,1,Transition,0.9608
2024-11-08,bist100,0.0263323157548448,0.0166784987535934,0.0159342813505239,0.0291678473097552,1.3240814298074428,0.00663708409665,0.0012161138222193,1.046705426288027,2,Stress/Bear,0.6386
2024-11-11,bist100,0.0099667688806718,0.0165746417811347,0.0158548007151642,0.0143260732554174,1.4325581985984224,0.01367033203677,0.0022071548353985,1.0454020885473545,1,Transition,0.6021
2024-11-12,bist100,-0.0053934940421113,0.0158397302123625,0.0157417996284748,0.0106861597054114,1.1919393857751983,0.0136401187048577,0.0029446033744505,1.00622105389466,1,Transition,0.8632
2024-11-13,bist100,0.0079234003494633,0.0154733837338522,0.0154596970973011,0.0308809112994274,1.4089747984512249,0.0096480536444349,0.0024232984970009,1.0008853107835822,2,Stress/Bear,0.5436
2024-11-14,bist100,0.0128310235682133,0.0155393745544337,0.0155463059795876,0.0108594477195159,1.0716971145821883,0.0103320029022164,0.0025276974662867,0.9995541432695948,1,Transition,0.985
2024-11-15,bist100,-0.0032749571384682,0.0155786246253501,0.0155235931856189,0.013333889414751,1.098896290402087,0.0044105483235537,0.0021061292448513,1.003545019447055,1,Transition,0.9718
2024-11-18,bist100,0.0006176004465031,0.0143838289707434,0.015521232667142,0.0138366310879955,1.058270124698523,0.00254071463672,0.0033098069623043,0.9267194996176776,1,Transition,0.9945
2024-11-19,bist100,-0.0174470025772538,0.0144923772495808,0.0153287411573578,0.0295032809981342,1.289907583631034,0.0001300129296915,0.0032352671020074,0.9454381870506336,1,Transition,0.7809
2024-11-20,bist100,-0.0220215824643347,0.0148995152436219,0.0155222114796945,0.031477813624978,1.0995083588609575,-0.0058589836330681,0.0010811608968775,0.9598835361258148,1,Transition,0.7802
2024-11-21,bist100,0.0365265759936741,0.0164077413075828,0.0160607952301962,0.033166899068613,1.3813914053779044,-0.0011198731479759,0.0036133464380215,1.0216020484922426,2,Stress/Bear,0.9973
2024-11-22,bist100,0.0192524673125514,0.0164682584991133,0.0162646112641102,0.0223458402793074,1.6759672704222617,0.0033856117422279,0.003676447897216,1.0125208793309688,2,Stress/Bear,0.9438
2024-11-25,bist100,0.0114629846932128,0.016560269955906,0.016302925894692,0.0133333832063525,1.4705362317625552,0.0055546885915699,0.0040493888026489,1.0157851457386458,1,Transition,0.574
2024-11-26,bist100,-0.0024772393518519,0.0166242908091324,0.0158822707641979,0.0119343521448694,1.1231359312099394,0.0085486412366503,0.0037166187250487,1.0467200223413382,1,Transition,0.9702
2024-11-27,bist100,0.0003839213698382,0.0166238490878583,0.0158482428998368,0.0130396775314774,1.2132631523402917,0.0130297420034849,0.0033971393893902,1.048939569700153,1,Transition,0.9071
2024-11-28,bist100,3.1100397403718606e-05,0.0160166191543659,0.0158434201254572,0.0088692496816564,1.0308151912531902,0.0057306468842308,0.0041972284831886,1.0109319217402035,1,Transition,0.9854
2024-11-29,bist100,0.0012337127658315,0.0160254987325629,0.0158352299211919,0.0164008120121461,1.2094292859356268,0.0021268959748868,0.0041400350343296,1.0120155382850744,1,Transition,0.9791
2024-12-02,bist100,0.003010258024676,0.0144735619868659,0.0156950869309828,0.0133559720672831,0.8924208176606774,0.0004363506411795,0.0055505214765598,0.922171508224938,1,Transition,0.9957
2024-12-03,bist100,0.0149786597755511,0.0143859459260951,0.0157859952041101,0.0228652489317301,1.2819429025754452,0.0039275304666601,0.0065615758344649,0.9113106738021524,1,Transition,0.9279
2024-12-04,bist100,0.0059755520933586,0.0134826678430436,0.0157673543231684,0.0088205322526856,1.2782837224316277,0.0050458566113642,0.005466167156554,0.8551002004966868,1,Transition,0.9823
2024-12-05,bist100,0.0050348613449085,0.0134507459999573,0.0155124296118005,0.0116747801592426,0.9660718931991236,0.0060466088008651,0.0052473463598341,0.8670947321962462,1,Transition,0.9984
2024-12-06,bist100,0.0144879183480069,0.0127141167707302,0.0155607026915288,0.0086797407198701,1.0762202754580343,0.0086974499173002,0.0046551264894922,0.8170657214376142,1,Transition,0.9981
2024-12-09,bist100,0.0173469667538494,0.0129806991100093,0.0155645501221771,0.010957943440305,1.278636167741846,0.0115647916631349,0.0050241363831511,0.8339912819911058,1,Transition,0.9885
2024-12-10,bist100,-0.0155630122849091,0.0135949006497333,0.0156321758499667,0.0195961425044247,0.9899423976886712,0.0054564572510428,0.0045156604710112,0.8696742398635566,1,Transition,0.9886
2024-12-11,bist100,-0.004018382272457,0.0136991971253503,0.015467968546238,0.016165479707518,1.0003881397996717,0.0034576703778797,0.0039185713399152,0.8856494040830077,1,Transition,0.9981
2024-12-12,bist100,9.903008767065538e-06,0.0135594574928082,0.0154673224960252,0.0128448183879709,0.9478628657819712,0.0024526787106514,0.0032775153119428,0.8766518895751185,1,Transition,0.9986
2024-12-13,bist100,0.0066290786278934,0.0134882257576758,0.0152683486889447,0.0160882183337405,0.9485765021046538,0.0008809107666287,0.0037727171002609,0.8834109066059074,1,Transition,0.9984
2024-12-16,bist100,-0.0127018785420434,0.0139723402744641,0.0153270900423812,0.0160137282296196,0.7786738497478841,-0.0051288582925498,0.0031067431508336,0.9116107647197856,1,Transition,0.9964
2024-12-17,bist100,0.0013593566049269,0.0131233269633731,0.0153266925709733,0.0143338785859692,0.8851594617579455,-0.0017443845145826,0.0040470611099426,0.8562399814965261,1,Transition,0.9988
2024-12-18,bist100,-0.00958506139803,0.012075943320726,0.0152653214533296,0.0141492900388773,0.9600506760109332,-0.0028577203396972,0.0046688871632579,0.7910703588945415,1,Transition,0.9989
2024-12-19,bist100,-0.0153146419878956,0.0103129791505939,0.0152875429073839,0.0146542660671245,0.760281291429971,-0.0059226293390297,0.0020768262641794,0.6746001769592855,1,Transition,0.9998
2024-12-20,bist100,-0.0041663127571456,0.0095623863369111,0.0152758410814748,0.0118258637545209,0.8371328801886115,-0.0080817076160376,0.0009058872606945,0.6259810039859279,1,Transition,0.9999
2024-12-23,bist100,-0.0101183674372551,0.0095259743641078,0.0153159804143238,0.0179918288311154,0.7702985307150972,-0.0075650053950799,-0.0001731803458288,0.621963080809305,1,Transition,0.9999
2024-12-24,bist100,0.0047876673742545,0.0095718940072617,0.01525772957669,0.0132330542860933,0.682081058678929,-0.0068793432412144,0.0001900649904765,0.6273472051756113,1,Transition,0.9999
2024-12-26,bist100,0.0281542913131691,0.0114344876396165,0.0150529478761876,0.0160518710659752,1.0202752055432631,0.0006685273010254,0.001578583487643,0.7596178325778168,1,Transition,0.9968
2024-12-27,bist100,0.0076598440990712,0.0115071597488295,0.0142286712287366,0.0100842991535796,0.889864753633958,0.0052634245184188,0.0019600206727264,0.8087304544355006,1,Transition,0.9993
2024-12-30,bist100,-0.0136380882354496,0.0120254001778279,0.0142434888170749,0.0173514384666178,0.6759149244700049,0.003369069422758,0.0012164306226623,0.8442735015463336,1,Transition,0.9971
2024-12-31,bist100,-0.0059938337701986,0.0121228604226529,0.0139885805253741,0.0164690123589365,0.8627473340146173,0.0041939761561693,0.0007662260329186,0.8666254878872887,1,Transition,0.9946
2025-01-02,bist100,0.0132076064046557,0.0120196089630736,0.0140114902636873,0.0134822280523242,1.0790955618325353,0.0058779639622495,0.0006776733643738,0.8578394401217979,1,Transition,0.9968
2025-01-03,bist100,0.0113693754977528,0.0122038374073049,0.0140677106809256,0.010590339199085,1.7560079198177057,0.0025209807991663,0.0009473645345935,0.867506994144543,2,Stress/Bear,0.9721
2025-01-06,bist100,0.001021776065749,0.0121660268263362,0.0140304580520608,0.0095086931518837,1.8819496191115843,0.0011933671925018,0.0007467102706355,0.8671154413628875,2,Stress/Bear,0.9995
2025-01-07,bist100,-0.0113175457821154,0.0119992573054723,0.0138832457590573,0.0123445908904217,1.3990462022902794,0.0016574756831686,-0.0005435629358705,0.8642976947695473,1,Transition,0.949
2025-01-08,bist100,-0.0081761966722847,0.0113352635457656,0.0138610953048441,0.0131032150570811,1.0833531361788438,0.0012210031027514,-0.0018197211071772,0.8177754568792451,1,Transition,0.9991
2025-01-09,bist100,0.0110501562613987,0.0111982574947831,0.0136066437660892,0.0117592972251894,1.079233052589997,0.0007895130741,-0.0004890626798618,0.822999241200955,1,Transition,0.9965
2025-01-10,bist100,-0.009050306015134,0.0113373886005119,0.0135191864255879,0.0174662015687201,1.109491824689488,-0.0032944232284773,-0.0007406588669956,0.8386147097619342,1,Transition,0.9851
2025-01-13,bist100,-0.0180621066982867,0.0119765792506645,0.0137087723581576,0.0215140471150859,1.141130344289626,-0.0071111997812844,-0.0016442593523483,0.8736434552826798,1,Transition,0.9924
2025-01-14,bist100,-0.0017789924269629,0.011817395316193,0.0137056892387652,0.0176824291094135,1.0846007604103585,-0.0052034891102539,-0.0020646629050912,0.8622255408191133,1,Transition,0.9875
2025-01-15,bist100,0.0024465904390142,0.0115828663249433,0.0133160194701189,0.0128239116048689,1.0974874004819528,-0.0030789316879941,-0.0013072394560383,0.8698445020251898,1,Transition,0.9222
2025-01-16,bist100,0.0129551038429175,0.0120058619188013,0.0131886516142501,0.01458442846288,1.1590738713232442,-0.0026979421716904,-0.0007274520941387,0.9103176177486704,1,Transition,0.8787
2025-01-17,bist100,0.0112072752243614,0.0120983646096417,0.0130097667371369,0.0138306381049582,0.920588192324606,0.0013535740762086,0.0003121647369807,0.929944775651237,1,Transition,0.5269
2025-01-20,bist100,0.0051381300328976,0.0115604023713956,0.0128413365845532,0.0124935381860221,0.966483360949635,0.0059936214224455,0.0013348033380204,0.9002491520471111,1,Transition,0.6952
2025-01-21,bist100,-0.0029657519232614,0.0115334196022959,0.0126926246670958,0.0110205188985125,1.057096957790188,0.0057562695231858,0.0013948313797146,0.908670972694483,1,Transition,0.5953
2025-01-22,bist100,0.0105248785371901,0.0113714148094672,0.0127379773856102,0.013626469202614,0.893275967739642,0.007371927142821,0.0024269936784369,0.8927174593914111,1,Transition,0.8885
2025-01-23,bist100,0.0007319596834161,0.0113632610736089,0.01273622233269,0.0081085789398666,0.9861400629446682,0.0049272983109207,0.002224208293895,0.8922002754649506,1,Transition,0.5123
2025-01-24,bist100,-0.0007814396652463,0.0095920779544975,0.0127260097957374,0.0068680300478489,0.7693747159033948,0.0025295553329992,0.0007774217449742,0.7537380615336621,1,Transition,0.9933
2025-01-27,bist100,-0.01064534256996,0.0097724344981795,0.0126172408466209,0.0107223273446745,0.8455514704937624,-0.0006271391875723,-0.0001378375884773,0.7745302334302874,1,Transition,0.9866
2025-01-28,bist100,0.0123163524314932,0.0096072272039245,0.0126872422577989,0.0160644798270431,0.8574807029852363,0.0024292816833786,0.0011598844448698,0.7572352611158613,1,Transition,0.9989
2025-01-29,bist100,-0.0044359186525831,0.0095523307969639,0.012201887711626,0.0102610838302503,0.813909380126343,-0.000562877754576,0.0012377802007505,0.7828568023833298,1,Transition,0.828
2025-01-30,bist100,0.000505938931505,0.0091274187389877,0.0121624241879858,0.0082423359516622,0.7819689295399259,-0.0006080819049582,0.000602696827093,0.7504604836923756,1,Transition,0.9402
2025-01-31,bist100,-0.0077364440273629,0.0089391332663171,0.0117711036108296,0.0132541984676193,0.7994237141266083,-0.0019990827773815,-0.0003525941491627,0.759413353399837,1,Transition,0.8938
2025-02-03,bist100,-0.0232582965141168,0.0102893920300846,0.0121721878708037,0.0172390004009418,1.0946383347047222,-0.0045216735662129,-0.001566597778156,0.8453198504078958,1,Transition,0.9718
2025-02-04,bist100,0.0033398281038066,0.0100781427803578,0.0117302921744898,0.0124808599364077,0.9207968051275685,-0.0063169784317502,-0.0008337290838599,0.8591553075101587,1,Transition,0.5727
2025-02-05,bist100,-0.0089415986925505,0.0101088983819002,0.0117418283501704,0.0228298500696572,1.158684057612952,-0.0072181144397437,-0.0008719991848732,0.8609305195432816,1,Transition,0.8917
2025-02-06,bist100,0.0125143273433904,0.0102046312009599,0.0118097127243092,0.0087278088895415,0.8451326183291432,-0.0048164367573666,-0.0007987906307736,0.864088012907762,1,Transition,0.8242
2025-02-07,bist100,0.0110640870518277,0.0103389055242701,0.0118474774257299,0.0162485855680891,0.9717084063980806,-0.0010563305415285,0.0002069290225744,0.8726672482883585,1,Transition,0.5687
2025-02-10,bist100,-0.0106882036805685,0.0097688923832615,0.0118427954417714,0.0154887613741871,0.8308757554516539,0.0014576880251811,0.0005756241734603,0.824880614656657,1,Transition,0.825
2025-02-11,bist100,0.0037406089190828,0.0097768349164134,0.0118371520187943,0.010108564948009,0.8856653313689645,0.0015378441882363,0.0008516042407626,0.8259448641776634,0,Calm/Bull,0.6609
2025-02-12,bist100,-0.0104972656353058,0.0100891270674004,0.0119275289745654,0.0150824968841922,0.9987501140637468,0.0012267107996853,0.0002044114370466,0.8458690051321398,1,Transition,0.6959
2025-02-13,bist100,0.0137199541748192,0.0101413164917392,0.0118032624034254,0.0085833194042234,0.9717855707195198,0.001467836165971,0.0002426539536417,0.8591960548802245,0,Calm/Bull,0.5493
2025-02-14,bist100,-0.0037490162800762,0.0098371093379074,0.0114239185536844,0.0100329147703994,0.907720428298482,-0.0014947845004097,-0.0005051606215801,0.8610976427816658,0,Calm/Bull,0.8624
2025-02-17,bist100,-0.0041694940176992,0.0097760574847204,0.0104774772214875,0.0063843984272857,0.7633195825136276,-0.0001910425678358,-0.0009705418241099,0.9330545204785906,0,Calm/Bull,0.9805
2025-02-18,bist100,0.008140399298935,0.0099702603935956,0.010241580693642,0.0133812880778567,1.1619513082502697,0.0006889155081345,-0.0004152342630001,0.9735079663811252,0,Calm/Bull,0.9852
2025-02-19,bist100,-0.0155689483163154,0.0101686317082477,0.0103508787527613,0.0199618402764719,1.216007671200248,-0.0003254210280673,-0.0017199256056754,0.9823930847934056,0,Calm/Bull,0.6428
2025-02-20,bist100,0.004475975825925,0.0102502809095708,0.0103595675914626,0.0100637997647475,1.2431515307545586,-0.0021742166978461,-0.0015327247985499,0.98945065216989,0,Calm/Bull,0.9824
2025-02-21,bist100,-0.0211551510063022,0.0111450193997938,0.0107232024022649,0.0370646586798345,1.1446638711648562,-0.0056554436430913,-0.0025514103656027,1.0393368493575916,2,Stress/Bear,0.8671
2025-02-24,bist100,-0.0028576476389658,0.0109822040835828,0.0107292463444554,0.0166374914159691,0.7537543078792027,-0.0053930743673446,-0.002162025619053,1.0235764685613862,0,Calm/Bull,0.9481
2025-02-25,bist100,-0.0129505945166703,0.0106781039653849,0.0108545982505852,0.0177536814760558,0.7979668841902866,-0.0096112731304657,-0.0034253729664612,0.9837401365646312,1,Transition,0.6068
2025-02-26,bist100,0.0127835151492982,0.0112701225602975,0.0109784964648193,0.0216333831655004,0.8332322572981272,-0.003940780437343,-0.0025644012763671,1.0265633911176053,1,Transition,0.6843
2025-02-27,bist100,0.0173864504594578,0.0121127586072636,0.0110391038557455,0.0224719551695752,0.98171814421669,-0.0013586855106364,-0.0017203756999695,1.0972592309618805,1,Transition,0.7245
2025-02-28,bist100,-0.0084948679228903,0.012133753285116,0.0110611305906101,0.0130245751030513,0.8994572708907058,0.0011733711060458,-0.0017582968947459,1.0969722476124195,0,Calm/Bull,0.9703
2025-03-03,bist100,0.0257961547658303,0.0125110735583374,0.0115476757611905,0.028432899999527,1.2745105824823355,0.0069041315870051,0.0006944256692514,1.0834278531083037,2,Stress/Bear,0.5906
2025-03-04,bist100,-0.0013225922721312,0.0125026219759728,0.0113898118102666,0.0100222998416062,0.8886183648356364,0.0092297320359129,0.0004613046504545,1.097702243394675,0,Calm/Bull,0.8773
2025-03-05,bist100,0.0289662705132711,0.0138074421759153,0.0117868886004394,0.0214450179563111,1.172937713682482,0.0124662831087075,0.0023566981107456,1.1714238289653969,1,Transition,0.5152
2025-03-06,bist100,0.0261733941897914,0.0146485005600927,0.0120872833181444,0.0260730541123902,1.4553410891802794,0.0142236718547742,0.0030396514530656,1.211893539229243,2,Stress/Bear,0.8641
2025-03-07,bist100,0.0045788307397298,0.0145328437164488,0.0120827575017445,0.0142189767969088,1.1994479628104358,0.0168384115872982,0.0027153886374607,1.2027754189679456,1,Transition,0.5951
2025-03-10,bist100,-0.0081130598869292,0.0144188013688768,0.0121363196271294,0.0157165163269765,0.9628953569540328,0.0100565686567463,0.0028441458271427,1.1880703386094973,1,Transition,0.8823
2025-03-11,bist100,0.0015435582552923,0.0144199813047605,0.0121111738819585,0.0158072562566179,1.2142908867598292,0.010629798762231,0.0027342932939532,1.1906344872350758,1,Transition,0.9073
2025-03-12,bist100,0.0135121192915623,0.0142589698621626,0.0120994138361301,0.0142057951832027,1.2185713469979202,0.0075389685178893,0.0039347625402966,1.1784843510008554,1,Transition,0.926
2025-03-13,bist100,0.0138260415147452,0.0142628207713751,0.0122131755808148,0.011055617276061,1.0687320143922987,0.00506949798288,0.0039400669072929,1.1678224616519903,1,Transition,0.9154
2025-03-14,bist100,0.0104784506887678,0.0142138562717495,0.0121888645407244,0.0126100886294261,0.9951083510521592,0.0062494219726876,0.0046514402557351,1.1661345668630034,1,Transition,0.9525
2025-03-17,bist100,0.0019813315362797,0.014078855849395,0.0119876557425919,0.0086079578837247,1.1953016355191477,0.0082683002573295,0.004958981533434,1.1744461262240784,1,Transition,0.8422
2025-03-18,bist100,-0.0055298242596187,0.0142471037424075,0.0120003942018677,0.0111274401761658,1.0713024656594443,0.0068536237543472,0.0042754703555064,1.1872196448505106,1,Transition,0.9037
2025-03-19,bist100,-0.0912332751759025,0.0254418680405854,0.0169206538502915,0.0579701102111312,1.2213701748292305,-0.0140954551391457,0.000492254012527,1.5035983990740984,2,Stress/Bear,1.0
2025-03-20,bist100,-0.0050224493932722,0.0254522413950249,0.0169249319665153,0.0505665314495104,1.6720536199956524,-0.0178651533207491,1.733275156718247e-05,1.5038312381627448,2,Stress/Bear,1.0
2025-03-21,bist100,-0.0813262160320642,0.0310313816164615,0.0195604249865826,0.0855763802038541,1.222487273393382,-0.0362260866649156,-0.0029912204997209,1.5864369837438264,2,Stress/Bear,1.0
2025-03-24,bist100,0.0277820075356437,0.031785482083268,0.0198913770169684,0.0552404375515553,1.4265529761833122,-0.0310659514650428,-0.0014592377409904,1.5979528242893042,2,Stress/Bear,1.0
2025-03-25,bist100,0.0437829053253615,0.0332058066280134,0.0206521797917105,0.0419327268299111,1.2500932520209196,-0.0212034055480467,0.0013774372511111,1.6078596527298148,2,Stress/Bear,1.0
2025-03-26,bist100,-0.0068266356324865,0.0331407418052947,0.0206563535525174,0.0189234205805949,0.9883117200952314,-0.0043220776393635,0.0003969297120219,1.6043849037070617,2,Stress/Bear,1.0
2025-03-27,bist100,-0.0038105972392432,0.0329069344051563,0.0205843105446293,0.0246651201229649,1.0251597987261116,-0.0040797072085577,-0.0006629226729131,1.5986415641082554,2,Stress/Bear,1.0
2025-03-28,bist100,0.0048463892008014,0.032875021713662,0.0205372291144164,0.026212694904075,0.8962409342292322,0.0131548138380153,4.14018327145535e-06,1.6007525421520916,2,Stress/Bear,1.0
2025-04-02,bist100,-0.014200555352694,0.0324370909517488,0.020609467540308,0.013178275574978,0.7105795315830187,0.0047583012603478,-0.0019956953226547,1.57389272130919,2,Stress/Bear,1.0
2025-04-03,bist100,-0.0041036494791274,0.0324400144460009,0.0205689980127928,0.0151198466289348,0.679769502305124,-0.0048190097005499,-0.0021347481830045,1.577131488166068,2,Stress/Bear,1.0
2025-04-04,bist100,-0.0110793148636204,0.0316454750000751,0.0205899618545131,0.0197339597937045,0.7018022485670057,-0.0056695455467767,-0.0041370274518491,1.536937038722034,2,Stress/Bear,1.0
2025-04-07,bist100,0.0029169697484716,0.0308913885327504,0.0205367649847872,0.0484844577792698,0.9814284434626724,-0.0043240321492337,-0.0052998486739151,1.5041993495876065,2,Stress/Bear,1.0
2025-04-08,bist100,0.0074029858369477,0.0309453293212381,0.0205375646622462,0.0158383240597994,0.6851315890886313,-0.0038127128220044,-0.0051586409190542,1.5067672253334066,2,Stress/Bear,1.0
2025-04-09,bist100,-0.0215018146179954,0.031156702857999,0.020591451704322,0.021292764776646,0.8143652847713887,-0.0052729646750647,-0.0058280786556075,1.513089184064643,2,Stress/Bear,1.0
2025-04-10,bist100,0.0067797218431291,0.0312437844419664,0.0206142066443621,0.0259784003952868,0.7812428742589088,-0.0030962904106134,-0.0055662704762157,1.515643312448863,2,Stress/Bear,1.0
2025-04-11,bist100,0.0045300850060678,0.0310188608581119,0.0206212822704101,0.0156167549075362,0.8509331777113108,2.55895633241892e-05,-0.0060153721904904,1.5042159091445746,2,Stress/Bear,1.0
2025-04-14,bist100,0.0045307965911483,0.0307746005566469,0.0205558244205484,0.0088820239768739,0.9084383017745674,0.0003483549318595,-0.0064801344366702,1.4971231475339584,2,Stress/Bear,1.0
2025-04-15,bist100,-0.0031672800995467,0.0305291197012805,0.0204975987794991,0.0115502328675981,0.9611624746287984,-0.0017656982554393,-0.007162420976086,1.4893998087139135,2,Stress/Bear,1.0
2025-04-16,bist100,-0.0136873071544286,0.0304831329225292,0.020545989634538,0.0165550992808509,0.8719877336728562,-0.000202796762726,-0.0079458529106214,1.4836536698766127,2,Stress/Bear,1.0
2025-04-17,bist100,0.0139214987913026,0.0308720897970205,0.0206385095005331,0.0193061276711532,1.1676815303965278,0.0012255586269087,-0.0069732867580753,1.49584880614674,2,Stress/Bear,1.0
2025-04-18,bist100,-0.0084219362890811,0.0236955466448318,0.0206035161168424,0.0155412114881389,0.7639684581779822,-0.0013648456321211,-0.0028327198137342,1.150072954075145,2,Stress/Bear,0.9682
2025-04-21,bist100,0.0004720730628318,0.0237006739151633,0.0206030975844094,0.0224962800935793,1.1451823667957457,-0.0021765903377844,-0.002557993690929,1.1503451759165488,2,Stress/Bear,0.9957
2025-04-22,bist100,-0.0010196635134659,0.0147758576680561,0.0206030075868314,0.0131763920214683,0.912782695078908,-0.0017470670205682,0.0014573339350008,0.7171699377279394,1,Transition,0.9997
2025-04-24,bist100,0.0190188960027761,0.014067083344497,0.0207319747425606,0.020272095964143,0.9449184600511292,0.0047941736108726,0.0010191783583574,0.678521150019477,1,Transition,0.9993
2025-04-25,bist100,-0.0061616824614007,0.0098885344775075,0.0206699654016096,0.0109726428317999,0.9295024135584404,0.000777537360332,-0.0014780510309806,0.4784011141468829,1,Transition,1.0
2025-04-28,bist100,-0.013404999083297,0.0101808906586462,0.0207263008871591,0.0169228368794028,0.8936426096463558,-0.0002190751985111,-0.0018069692035211,0.4912063524540333,1,Transition,1.0
2025-04-29,bist100,-0.0088712587227184,0.010295551680819,0.0207476055421392,0.0103417849291959,0.8333567256866121,-0.0020877415556212,-0.0020600022776949,0.4962284278977793,1,Transition,1.0
2025-04-30,bist100,-0.0159974574296473,0.0106098276675737,0.0208171144156391,0.0211381319723806,1.0247760617440531,-0.0050833003388575,-0.0031021946092173,0.5096685090803448,1,Transition,1.0
2025-05-02,bist100,0.0097774224951408,0.0106444059290255,0.0206714404623542,0.0099371807747519,0.7819728419408892,-0.0069315950403845,-0.0019032957168256,0.51493295536954,1,Transition,1.0
2025-05-05,bist100,-0.0060612151876765,0.0106746608685863,0.0206730912093621,0.0167798325639138,1.0094351735918754,-0.0069115015856397,-0.0020011740022531,0.5163553316957364,1,Transition,1.0
2025-05-06,bist100,0.0024660795607091,0.0104965887589572,0.0206533666375403,0.0134652101164831,0.8501571661414269,-0.0037372858568385,-0.0013239042810366,0.5082265251553849,1,Transition,1.0
2025-05-07,bist100,-0.0066010387376684,0.0105099517931209,0.0205881519255689,0.0173011300381679,0.96021728541931,-0.0032832418598284,-0.0017998047053436,0.5104854399324884,1,Transition,1.0
2025-05-08,bist100,0.0222961092626607,0.011660897562051,0.0207533738995656,0.0225127714589504,0.8465211398725695,0.0043754714786331,-0.0010551485340579,0.5618796065874907,1,Transition,0.9992
2025-05-09,bist100,0.0119231410784412,0.0109497958915193,0.0207828103851181,0.0201907876612927,1.0146036012448447,0.0048046151952932,0.0006160992507638,0.5268679109616526,1,Transition,0.9999
2025-05-12,bist100,0.0372712185125336,0.0136443231446348,0.0213497629842631,0.0202420063687152,1.224512165204339,0.0134711019353352,0.002140674084234,0.6390854621989068,1,Transition,0.9807
2025-05-13,bist100,-0.0048232664788578,0.0137182100486563,0.0213160558968919,0.0098762180668949,1.125626258282181,0.0120132327274218,0.0016730065099877,0.6435623041623061,1,Transition,0.9989
2025-05-14,bist100,0.0001442568777572,0.0137051747364947,0.0212383978741053,0.011657993927153,0.9968841269193384,0.0133622918505069,0.0014536795243182,0.6453017227445698,1,Transition,0.9993
2025-05-15,bist100,-0.0166610433261519,0.0142653247429275,0.0213384780291142,0.0254263994974943,0.9368632972386608,0.0055708613327444,0.0007789913629879,0.6685258772187921,1,Transition,0.9951
2025-05-16,bist100,0.0132331209016674,0.0140975667699624,0.0214069865907493,0.0166211650875536,1.0346541992090963,0.0058328572973896,0.0021250127657927,0.6585498014958566,1,Transition,0.9998
2025-05-20,bist100,-0.0160984622136338,0.0143709583657939,0.0214738551253205,0.0177949031253862,0.9237924425447208,-0.0048410788478438,0.0006240147155459,0.6692304796658831,1,Transition,0.9997
2025-05-21,bist100,-0.0121716567593127,0.0145188831696961,0.0214384109470148,0.0139590705853223,0.8961048868580979,-0.0063107569039347,0.0004365286920343,0.6772369092830477,1,Transition,0.9997
2025-05-22,bist100,0.0080852194963755,0.0146193178059169,0.0214580484912317,0.0176355627600732,1.0469338712589202,-0.0047225643802111,0.0008171860137115,0.6812976404583465,1,Transition,0.9996
2025-05-23,bist100,-0.0126600977847705,0.0149248164689337,0.0213476940478796,0.0191964025233357,0.972509905331452,-0.0039223752719348,0.0002351643001463,0.6991301465844321,1,Transition,0.9996
2025-05-26,bist100,-0.0011549914764057,0.0142552067230138,0.021345547764057,0.0139965435782304,0.7152447827081364,-0.0067999977475495,-0.0007735300738127,0.6678304478565602,1,Transition,0.9999
2025-05-27,bist100,-0.0141822225518435,0.0145250271315132,0.0213584056201117,0.0192542912973376,0.7600865993681891,-0.0064167498151914,-0.0011745570783349,0.680061395492741,1,Transition,0.9998
2025-05-28,bist100,-0.003903981846125,0.014256862487481,0.0212920384896076,0.0143719112164772,0.7509567524672638,-0.0047632148325538,-0.0006995062164763,0.6695865449632548,1,Transition,0.9999
2025-05-29,bist100,-0.0007739816941759,0.0141269696243178,0.0211591935401413,0.0112533283127333,0.8776883536889333,-0.0065350550706641,-0.0002946423650491,0.6676516095718608,1,Transition,0.9998
2025-05-30,bist100,-0.0166027092667704,0.0141629807916537,0.0212335909617148,0.0211429792115024,0.9179238288153704,-0.0073235773670641,-0.0003249049569053,0.6670082708662085,1,Transition,0.9996
2025-06-02,bist100,-0.0011869292289993,0.0139621399518221,0.0209370790523988,0.0131870073544197,0.8356234059384097,-0.0073299649175828,-0.0008731225431123,0.6668618825424194,1,Transition,0.9999
2025-06-03,bist100,0.029325245949455,0.0154345831126844,0.0213141890958971,0.0239625929434066,0.9966176766963476,0.0013715287826768,0.0008962005137442,0.7241459219133768,1,Transition,0.9835
2025-06-04,bist100,0.0211185392189093,0.0160842903272665,0.0211501318391041,0.0231663486852513,0.7749133931599121,0.0063760329956837,0.0018288234966542,0.760481799812168,1,Transition,0.979
2025-06-05,bist100,0.0012233879024839,0.0159631589072445,0.020845687078743,0.0078005185384816,0.3317248955144626,0.0067755069150156,0.0022200448286618,0.7657775369526013,1,Transition,0.9769
2025-06-10,bist100,0.0180410219317107,0.0157078191534432,0.0209855895960797,0.0137174225116774,1.1052726164161355,0.0137042531547119,0.0020072904621143,0.7485050196720504,1,Transition,0.9952
2025-06-11,bist100,0.0027705798924388,0.0155361143233304,0.0209736334731143,0.0106441358699635,1.0402959971800452,0.0144957549789995,0.0015496624028142,0.7407450093588148,1,Transition,0.9942
2025-06-12,bist100,-0.0172759408153331,0.0136027285443506,0.0210720832196532,0.0148106919195747,0.9638685503330022,0.0051755176260419,-0.0011776955635791,0.6455331635964623,1,Transition,0.9996
2025-06-13,bist100,-0.0221226978988036,0.0143748495137681,0.0211428726867767,0.0264931436598714,1.1285537200247664,-0.0034727297975006,-0.0020426671345763,0.6798910312106506,1,Transition,0.9972
2025-06-16,bist100,0.0040831710460899,0.0144332532293436,0.0210554962024198,0.0230268397360488,1.0087301158488793,-0.0029007731687794,-0.0018457214261597,0.6854862545431214,1,Transition,0.9997
2025-06-17,bist100,-0.0011129662857299,0.0140056627813961,0.0209894231668816,0.0097328450006634,0.8744366333012811,-0.0067315708122675,-0.0010683175741386,0.6672724004866967,1,Transition,0.9998
2025-06-18,bist100,-0.015483921308444,0.0139341652665969,0.0210474745866779,0.020313046233756,1.095286260247281,-0.0103824710524441,-0.0025041696846442,0.6620350203637567,1,Transition,0.9992
2025-06-19,bist100,-0.0102852166650786,0.0136942332915365,0.0210669684306726,0.0221930413064934,0.9773979689886938,-0.0089843262223932,-0.0022135074072164,0.6500334082998982,1,Transition,0.9998
2025-06-20,bist100,0.0110788056628908,0.0137909202233137,0.0176568177797632,0.0122020552974502,0.9262868712312252,-0.0023440255100543,-0.0010509842861062,0.7810535508340427,1,Transition,0.9993
2025-06-23,bist100,-0.0067704735521809,0.0136725000382488,0.0176647575295875,0.0106659362323584,0.8781651958881065,-0.0045147544297085,-0.0017937689385341,0.7739987381852304,1,Transition,0.9995
2025-06-24,bist100,0.0330958585569418,0.0154687061272337,0.0148114556191469,0.0190710200263073,1.317776027596418,0.0023270105388257,0.0004940288785514,1.0443744710166831,1,Transition,0.6233
2025-06-25,bist100,-0.0032225507279545,0.0154872043475304,0.0143863707987052,0.0094495376791709,0.9315110609751251,0.0047792846549236,0.000390650915974,1.076519197525779,1,Transition,0.8881
2025-06-26,bist100,-0.0125432762493538,0.0154101811784509,0.0132910696570428,0.017589475314394,0.891481341016708,0.0043276727380686,0.0004725982310985,1.1594387491818798,1,Transition,0.9694
2025-06-27,bist100,0.0110982999511661,0.0155504233417009,0.0133529433700521,0.0208510049304469,1.1166707891164611,0.0043315715957236,0.001222712320963,1.1645689576260227,1,Transition,0.979
2025-06-30,bist100,0.0561909093227047,0.0198013338336217,0.0152126236280963,0.0501284453741505,1.8724245991671264,0.0169238481707008,0.0040709568718071,1.301638318130116,2,Stress/Bear,1.0
2025-07-01,bist100,0.0131711695911189,0.0192775473667046,0.0152900338910998,0.0195429786553836,1.5772230938473857,0.0129389103775362,0.0055596508147016,1.2607916701823605,2,Stress/Bear,0.8836
2025-07-02,bist100,0.0107157806372129,0.0192420023364293,0.015216363064913,0.0199529763843917,1.5928701792872624,0.0157265766505697,0.0061547863080122,1.2645598855878333,2,Stress/Bear,0.9342
2025-07-03,bist100,0.0038594210223877,0.0184545123767742,0.0152046982880965,0.0194459025765751,1.2169242014285515,0.019007116104918,0.0048814950616588,1.2137374926552773,2,Stress/Bear,0.6651
2025-07-04,bist100,0.0046234187033226,0.0180549338126828,0.0151236535259896,0.0122229198897624,0.9753478582656272,0.0177121398553493,0.0040567390358795,1.193820909851972,1,Transition,0.7034
2025-07-07,bist100,-0.0164940601714926,0.0186268681659059,0.0152998644944689,0.0089338111326994,1.0398239113343153,0.0031751459565099,0.0031708666321806,1.2174531462445135,1,Transition,0.6899
2025-07-08,bist100,-0.010892393143203,0.0185345208039565,0.0153562923371598,0.0245845348498642,1.0137945567875746,-0.0016375665903544,0.001724195878435,1.206965874119622,1,Transition,0.9345
2025-07-09,bist100,0.0167715642229244,0.018838046277753,0.0152044718899124,0.0182251715930636,1.1329332684111304,-0.0004264098732121,0.0024242450949592,1.2389806376801102,1,Transition,0.88
2025-07-10,bist100,0.0160014238124607,0.0184725131092984,0.0153047168524416,0.0095632040055977,1.3185437732786716,0.0020019906848024,0.0040881133263489,1.20698169638803,2,Stress/Bear,0.7104
2025-07-11,bist100,0.0026293492476938,0.0174234102144972,0.0153006919303843,0.016517885089235,1.1052319734545757,0.0016031767936766,0.0053257156836738,1.1387334830196518,1,Transition,0.9553
2025-07-14,bist100,-0.0129229068839737,0.0178958054783534,0.0154105528034679,0.0130165098249847,1.0509098860160084,0.0023174074511804,0.0044754117871706,1.1612695343625985,1,Transition,0.9054
2025-07-16,bist100,-0.0102226847381988,0.018159515331075,0.015472486050543,0.0312801725065346,1.3196309837835056,0.0024513491321812,0.0040199258645472,1.1736649993901698,2,Stress/Bear,0.671
2025-07-17,bist100,0.0243227003363903,0.0180906579329597,0.0156281527079118,0.020095124638626,1.1520624606889716,0.0039615763548744,0.0060102569467889,1.1575685412775174,1,Transition,0.6937
2025-07-18,bist100,-0.0004340112283762,0.0177546139357609,0.0155503269178744,0.0070036240454838,1.0458749397967424,0.000674489346707,0.006502817218624,1.1417518120054917,1,Transition,0.6866
2025-07-21,bist100,0.0238305627271377,0.0181521069284632,0.0157528218362214,0.0214578677759982,1.183877511434284,0.0049147320425958,0.0071404050718364,1.1523082732215597,1,Transition,0.5262
2025-07-22,bist100,-9.474854357512374e-06,0.0179411368187046,0.0157538269564553,0.0081762861117846,1.1272370717315685,0.007497418448519,0.0074784550067275,1.1388430803699432,1,Transition,0.716
2025-07-23,bist100,-0.0022726928785483,0.0170016875563263,0.0157589529956478,0.0095732587139215,1.1569277632599957,0.0090874168204491,0.005710027434953,1.078858954717467,1,Transition,0.8992
2025-07-24,bist100,0.0091255434980446,0.016884033630819,0.015630656276885,0.0178780841216271,1.1917187313411162,0.00604798545278,0.006327432146253,1.080187122775355,1,Transition,0.9456
2025-07-25,bist100,-0.0043597390076481,0.0164973757388663,0.0156164695951449,0.0094056100754232,0.9315168660341387,0.0052628398969256,0.0067366090083383,1.0564087893460434,1,Transition,0.9604
2025-07-28,bist100,-0.0094880091619102,0.0168493773114086,0.0155590114472415,0.0134129031140467,1.049183249129983,-0.0014008744808839,0.0057072935526845,1.0829336663542264,1,Transition,0.9172
2025-07-29,bist100,-0.0052117721251861,0.0120879341090611,0.0155224972048704,0.0097546889645884,1.0947780035258574,-0.0024413339350496,0.0026371594802899,0.7787364332891221,1,Transition,0.9988
2025-07-30,bist100,0.0124798406204251,0.0120571751420147,0.0153934171186967,0.0157643171226833,1.5759700827173768,0.000509172764745,0.0026025930317552,0.7832682664962095,1,Transition,0.8354
2025-07-31,bist100,0.0116282267077406,0.0120911681511738,0.0154098639255571,0.009969203649966,1.1648464997288306,0.0010097094066842,0.0026482153352816,0.7846382167671704,1,Transition,0.9984
2025-08-01,bist100,0.0003536332581897,0.0120980950180268,0.0153706514900868,0.0067368356009657,1.131453376909883,0.0019523838598518,0.0024729259470717,0.7870905814128593,1,Transition,0.9983
2025-08-04,bist100,0.0098609244932085,0.0122033224300791,0.0153979576475986,0.0110103316335138,1.0143324211976732,0.0058221705908755,0.002734801236566,0.7925286397954429,1,Transition,0.9995
2025-08-05,bist100,-0.0003225303396808,0.0113694482918934,0.0153537497129981,0.0055760664771675,0.8951555351968631,0.0068000189479766,0.0035433777281566,0.7404997804717588,1,Transition,0.9996
2025-08-06,bist100,0.0046894730041494,0.0108501881159493,0.015145115458503,0.0115311310617228,1.196906049041064,0.0052419454247215,0.0043224710355242,0.716415014839499,1,Transition,0.9994
2025-08-07,bist100,0.005041752425021,0.0104515500768427,0.015099957254369,0.0099671218058387,1.2246121271301609,0.0039246505681775,0.003735980445629,0.6921575936129678,1,Transition,0.9995
2025-08-08,bist100,0.0015048855498656,0.0100511645922127,0.0143964158422154,0.0070448408055549,1.3274001760869425,0.0041549010265127,0.0030111535324993,0.698171315858991,1,Transition,0.9976
2025-08-11,bist100,0.0059698369426368,0.010072219150355,0.014377463535394,0.0077457992053371,1.0366397118953865,0.0033766835163983,0.0031781779172464,0.700556056049771,1,Transition,0.9999
2025-08-12,bist100,-0.0076207356515959,0.0096885942849397,0.0144307072966535,0.0099411197726949,1.102461994517098,0.0019170424540153,0.0034432864788653,0.6713873468410331,1,Transition,0.9999
2025-08-13,bist100,-0.0004107874975248,0.0091960797588227,0.0142251025762811,0.0105389039129682,1.049123811220703,0.0008969903536805,0.003933881340899,0.6464684320910474,1,Transition,0.9999
2025-08-14,bist100,-0.0115182316021379,0.0084779125097741,0.0142613734106871,0.0128873812952716,1.428731602940284,-0.0024150064517512,0.0021418347439726,0.5944667645698851,1,Transition,0.998
2025-08-15,bist100,0.0042405983739628,0.0084675922057631,0.01406713009807,0.0109102734732763,1.2338783266650044,-0.0018678638869318,0.0023755652240896,0.6019417000291255,1,Transition,0.9999
2025-08-18,bist100,0.0054311531304436,0.0068610073812325,0.0139448884978916,0.0084539426893503,1.4515951424156168,-0.0019756006493704,0.0014555947442549,0.4920087659553441,1,Transition,0.9993
2025-08-19,bist100,0.0029416871326346,0.0068595749339904,0.0139258623174178,0.0071155279078145,1.641784125995412,0.0001368839074756,0.0016031528436045,0.4925781095373042,1,Transition,0.9629
2025-08-20,bist100,0.015631712093307,0.0074684300679461,0.0138851971573064,0.0200904711006691,1.3418844441632831,0.003345383825642,0.0024983730921972,0.5378699332343464,1,Transition,0.9997
2025-08-21,bist100,0.0159657140216631,0.0079302286201828,0.0139760571260961,0.0130371288002552,0.1844482544655415,0.0088421729504022,0.0028403816183782,0.5674152980797027,1,Transition,0.8505
2025-08-22,bist100,0.0051537292953433,0.0077590915430207,0.0137904779795932,0.0095670890282591,0.2050233223152106,0.0090247991346783,0.0033160550335277,0.5626412336470445,1,Transition,0.986
2025-08-25,bist100,0.0092341610291005,0.0072453995048307,0.0137750838898007,0.0063077780841701,1.7498948527979583,0.0097854007144097,0.0042521635430783,0.5259786120210354,1,Transition,0.7432
2025-08-26,bist100,0.0045202532575746,0.0068946609533329,0.0137627120728671,0.0151954238824919,1.9832851280081671,0.0101011139393977,0.0047387648122163,0.5009667365580958,2,Stress/Bear,0.9056
2025-08-27,bist100,-0.0149245898876662,0.0079218676903944,0.0137221599269605,0.0181353992428911,1.263502561823649,0.003989853543203,0.0033685432868117,0.5773047197059693,1,Transition,0.9997
2025-08-28,bist100,0.0008623628665363,0.0076935623986305,0.0137119731704509,0.0114963934239224,1.072742827279234,0.0009691833121776,0.0028302500947515,0.5610835364825588,1,Transition,1.0
2025-08-29,bist100,-0.0071237052443028,0.0079959832403971,0.0133685624103919,0.0126416491925695,1.1176659553331658,-0.0014863035957515,0.0024563831696269,0.5981184060734529,1,Transition,1.0
2025-09-01,bist100,-0.0007177928016054,0.0078285305118927,0.013170193588546,0.007987640597296,1.0641237712997371,-0.0034766943618927,0.0019274473048862,0.5944127137737036,1,Transition,1.0
2025-09-02,bist100,-0.0363348104572147,0.0116042770318948,0.0141105264203144,0.0657320156285911,1.6366600871004886,-0.0116477071048505,0.0001268332990095,0.8223844161610128,2,Stress/Bear,1.0
2025-09-03,bist100,-0.0129355039767129,0.0119048876441421,0.0140907723020657,0.0246980443194225,1.1597152308342262,-0.0112498899226599,-0.0007544155500335,0.8448711957680833,1,Transition,0.9912
2025-09-04,bist100,0.0084575905770569,0.0120163983192043,0.0141167606501334,0.0099364277125177,1.0591418114124125,-0.0097308443805558,-0.0005836236424317,0.8512149930863014,1,Transition,0.9916
2025-09-05,bist100,-0.0092215649786309,0.0121568305806892,0.0139692439561309,0.0218650063784426,1.2624477873081008,-0.0101504163274214,-0.0011199461688566,0.8702568742350396,1,Transition,0.9837
2025-09-08,bist100,-0.0264523593573822,0.0132722271528187,0.0141064397497098,0.0210346810793756,1.0101601355966818,-0.0152973296385768,-0.0027410559838575,0.9408629950793764,1,Transition,0.9643
2025-09-09,bist100,0.0035059355010343,0.0132901066225377,0.0141051368953712,0.0186246375642754,0.948021828323931,-0.0073291804469269,-0.002184722426226,0.9422174858082408,1,Transition,0.976
2025-09-10,bist100,0.0095101605227066,0.0135425526791956,0.0141331761600636,0.0136780374029634,0.7449311266267336,-0.002840047547043,-0.0016886750252144,0.9582101380341548,1,Transition,0.9122
2025-09-11,bist100,-0.019400434131683,0.0139521620671601,0.014224460385222,0.0354910464452426,1.1001287930470076,-0.008411652488791,-0.0020827851516917,0.9808570370553572,1,Transition,0.6193
2025-09-12,bist100,-0.0010503920926688,0.0138759060924203,0.0141387263646409,0.0163709800122927,0.7984137642177527,-0.0067774179115986,-0.0023473346750233,0.9814113191356554,1,Transition,0.9389
2025-09-15,bist100,0.0588126597221335,0.0194609398372716,0.0158834154796181,0.0676436641863543,1.2448939462861015,0.0102755859043045,0.0003217406545611,1.2252364651824517,2,Stress/Bear,1.0
2025-09-16,bist100,0.0164722406474998,0.0197892263940192,0.0159251428745883,0.0174282742220334,1.2481090149113725,0.0128688469335976,0.0009982683303044,1.2426404302844185,1,Transition,0.6081
2025-09-17,bist100,-0.0015302419727938,0.0194911386057475,0.0154495943134357,0.0086871632923971,1.127085470520168,0.0106607664344975,0.0001401706269994,1.2615954963165037,1,Transition,0.553
2025-09-18,bist100,-0.0106060939519687,0.01925987993696,0.0155274488377166,0.0240131619072638,0.9566260915785306,0.0124196344704403,-0.0011884197716821,1.240376325708907,2,Stress/Bear,0.7429
2025-09-19,bist100,0.0220574494439039,0.0199126742521769,0.0155956210110486,0.0227633437458497,0.9982751841974252,0.0170412027777549,-0.0003432337642541,1.276811884443073,2,Stress/Bear,0.8641
2025-09-22,bist100,0.0152533522723245,0.0201095588600891,0.0156402834843044,0.0076560029715581,0.9506613847339292,0.0083293412877931,-4.2274202092954305e-05,1.2857541156635517,1,Transition,0.7886
2025-09-23,bist100,-0.0119563183959754,0.0202498170426579,0.014136847179847,0.0122928225955666,0.8380901378966201,0.002643629479098,-0.0008661027847704,1.4324139452766544,1,Transition,0.8788
2025-09-24,bist100,0.003092742193493,0.0199905858055535,0.0140636013258232,0.0255566592489535,1.1184639986957134,0.0035682263123554,3.476381928750761e-05,1.421441446071665,1,Transition,0.9215
2025-09-25,bist100,0.0009408181792689,0.0199907644501064,0.0140174897035527,0.0144406386521212,0.7461621261436736,0.005877608738603,3.868658492413677e-05,1.4261301326327942,1,Transition,0.9273
2025-09-26,bist100,-0.0200993428658334,0.0204409349584719,0.0142974189996038,0.0205896769274677,0.7464370335172597,-0.0025537497233444,-0.0006100952961523,1.4296940559018565,1,Transition,0.8226
2025-09-29,bist100,-0.0092887008271818,0.0205329493735319,0.0143575958775799,0.014255845400448,0.7691486605928304,-0.0074621603432457,-0.0010386406974312,1.430110552533042,1,Transition,0.8529
2025-09-30,bist100,-0.0032637993519618,0.0187993355594996,0.0141816383957259,0.0115145893322242,0.7840355784707062,-0.005723656534443,0.0006149098578314,1.3256109791352035,1,Transition,0.9182
2025-10-01,bist100,0.0187211098855182,0.0189306199142091,0.0142606692906195,0.0323433992037066,1.136130365325711,-0.002597982996038,0.0021977405509429,1.32747064870661,2,Stress/Bear,0.8103
2025-10-02,bist100,-0.0123394670703465,0.0191387150191827,0.014242087516589,0.0184884772388303,1.1176984322592398,-0.0052540400459611,0.0011578876685728,1.3438138894238756,1,Transition,0.8291
2025-10-03,bist100,-0.0204280921653297,0.0196166685495553,0.0143864397808217,0.0271768300755168,0.803592641356867,-0.0053197899058603,0.0005975613092378,1.363552682137933,1,Transition,0.6261
2025-10-06,bist100,-0.0114480310671982,0.0187975384851818,0.0144711327379571,0.0207082295280671,0.7904454300706519,-0.0057516559538636,0.001347777723747,1.298968009316691,1,Transition,0.9236
2025-10-07,bist100,0.0073506497153184,0.0188403812464526,0.0143865894170658,0.0120306443103883,0.8015536673792769,-0.0036287661404075,0.0015400134344612,1.3095794076185636,1,Transition,0.9296
2025-10-08,bist100,-0.0053591907981464,0.0188026597204838,0.01433628373886,0.0164926059410496,0.8560038258087556,-0.0084448262771405,0.0007965458684186,1.311543497811585,1,Transition,0.903
2025-10-09,bist100,-0.0027276836538504,0.018220669871703,0.0140125353585538,0.0166682021709238,0.8949090857795771,-0.0065224695938412,0.0016301833923102,1.3003121423404953,1,Transition,0.9304
2025-10-10,bist100,-0.0006154227983902,0.0182175612256803,0.0140127737197206,0.0121636701346093,0.8379701106831491,-0.0025599357204534,0.0016519318570241,1.3000681799380065,1,Transition,0.9586
2025-10-13,bist100,-0.0154351212824778,0.0126796420523411,0.0138231838619125,0.0146453843726505,0.8330879016787525,-0.0033573537635093,-0.0020604571932063,0.917273630952546,1,Transition,0.9722
2025-10-14,bist100,-0.0229784836836948,0.0127133955243724,0.0141353185866721,0.0284013792510673,0.9019930217922594,-0.0094231804433119,-0.0040329934097661,0.8994063661472524,1,Transition,0.9809
2025-10-15,bist100,0.0142536765971663,0.0133508525656003,0.0142602025749309,0.0203162701872999,0.9911391310558982,-0.0055006069642494,-0.0032437974812681,0.9362316205150438,1,Transition,0.993
2025-10-16,bist100,-0.0089944304026112,0.0133088742001704,0.0142511907478638,0.021897984114239,0.9952109194671126,-0.0067539563140015,-0.0031632143038002,0.93387804820207,1,Transition,0.9896
2025-10-17,bist100,-0.0157440717394333,0.0121744876922269,0.0143786143650702,0.0285244299901729,1.0013146530895882,-0.0097796861022102,-0.0050532903629671,0.8467079916825854,1,Transition,0.99
2025-10-20,bist100,0.0266384010617958,0.0133804009542699,0.014755559270545,0.0394490475339757,1.0350456562771004,-0.0013649816333554,-0.0044840379234935,0.9068040532343512,2,Stress/Bear,0.9968
2025-10-21,bist100,-0.00164189834624,0.013275602638938,0.0147417535384292,0.0120472125864155,1.0329512020190246,0.0029023354341354,-0.0039683169210067,0.9005443351315587,1,Transition,0.9965
2025-10-22,bist100,0.0080024795474323,0.013457197290393,0.0146885820808317,0.0151261540181614,1.157439809493937,0.0016520960241886,-0.0037228300533098,0.9161672118069436,1,Transition,0.9937
2025-10-23,bist100,0.0053876386064757,0.0135745298127485,0.0146260417502342,0.0107934355276616,1.851801305995057,0.004528509826006,-0.0035004890319494,0.9281068688684104,2,Stress/Bear,0.9998
2025-10-24,bist100,0.0309536042550314,0.0150128572234984,0.0151694513407314,0.0453124543985074,1.676500384427253,0.013868045024899,-0.0009478416759062,0.9896770085011268,2,Stress/Bear,1.0
2025-10-27,bist100,-0.0081118684858136,0.0149807171852132,0.0151548889764579,0.0115078601698308,0.9580103231559848,0.0069179911153771,-0.0008890000588378,0.9885072209030816,1,Transition,0.9853
2025-10-28,bist100,0.0016294250883556,0.014979848694956,0.0151562800561621,0.0067242148450153,0.469235936248397,0.0075722558022962,-0.0006443388368219,0.9883591910051588,1,Transition,0.9352
2025-10-30,bist100,-0.0031139865593602,0.0142732017124653,0.0151491199419796,0.0112020884180476,0.93526155335531,0.0053489625809377,-0.0017360936590658,0.942180256485591,1,Transition,0.9943
2025-10-31,bist100,0.0123071320202594,0.0143731646385574,0.0152197679134218,0.0161782800893223,1.1722307633851063,0.0067328612636945,-0.0005037637045355,0.9443747579016748,1,Transition,0.991
2025-11-03,bist100,0.0080701956291327,0.0136903647763779,0.0152541604231442,0.0126938816954135,1.2286451712757225,0.0021561795385147,0.0009211506851875,0.8974839910301678,1,Transition,0.99
2025-11-04,bist100,-0.0133157016481918,0.0137852181777675,0.0153320713139467,0.0193786026854955,1.103410110404539,0.0011154129060391,0.0008277671561378,0.899109969911759,1,Transition,0.9958
2025-11-05,bist100,0.0051452768359579,0.0137390382591513,0.0153157541546735,0.0137733905778065,1.1161360183980602,0.0018185832555595,0.0007174985121698,0.8970526766361602,1,Transition,0.9928
2025-11-06,bist100,0.0093360153288762,0.013789808399936,0.0153626794743615,0.0125255543691941,1.054201568332576,0.0043085836332069,0.0014522588185209,0.8976173995525745,1,Transition,0.9956
2025-11-07,bist100,-0.0135288142956198,0.0141684321270801,0.0153908105377801,0.0204952529291958,1.0140149011084072,-0.0008586056299689,0.0009122022864325,0.9205773855964644,1,Transition,0.9955
2025-11-10,bist100,-0.0124808767747394,0.0144807429081915,0.0154667488279388,0.0237093154775697,0.8509554833922214,-0.0049688201107434,0.000318929587615,0.9362499559075927,1,Transition,0.9937
2025-11-11,bist100,-0.0198925377241351,0.0147674361746937,0.015656898908317,0.0439937412837422,1.1094268353976309,-0.006284187325932,9.605876553219968e-05,0.9431903636325578,2,Stress/Bear,0.9966
2025-11-12,bist100,0.0060705446671325,0.0137736092476657,0.0156739186241047,0.0118034757176805,0.9470950178848908,-0.0060991337596971,0.0015485101830735,0.8787597778186406,1,Transition,0.9971
2025-11-13,bist100,-0.0011566593122917,0.0134527568847176,0.0155303353448637,0.012579286098478,0.7326673005584498,-0.0081976686879307,0.0007779933876006,0.8662244945771115,1,Transition,0.9987
2025-11-14,bist100,-0.0059355203338948,0.0133528231617686,0.0153869102709189,0.0158058620737781,0.888285614653674,-0.0066790098955857,0.0009309388910364,0.8678040572580232,1,Transition,0.9988
2025-11-17,bist100,0.0124531952274593,0.0129830090578653,0.0154661701501832,0.0176573781813979,0.8421286925927242,-0.0016921954951459,0.0023408022393811,0.8394456372712008,1,Transition,0.9985
2025-11-18,bist100,0.0028469173239113,0.0116623394528509,0.0154163056027419,0.01442870554627,0.828896524857005,0.0028556955144633,0.0011512280524869,0.756493789976291,1,Transition,0.9998
2025-11-19,bist100,0.0162075228126893,0.012111659093179,0.0155619907487191,0.0160126725008987,0.8803810606601478,0.0048830911435746,0.0020436991104333,0.7782846866282757,1,Transition,0.9992
2025-11-20,bist100,0.006927571862185,0.0120861835237611,0.015484438650348,0.0138254963238711,1.0288475699434374,0.00649993737847,0.001989953726171,0.7805374025289274,1,Transition,0.9995
2025-11-21,bist100,-0.005186592504787,0.0121607839219054,0.0154946693668885,0.0118558254098104,0.9651908352145416,0.0066497229442916,0.0014612421706078,0.7848366192241878,1,Transition,0.9994
2025-11-24,bist100,-0.0032002732383068,0.0100089817125144,0.015475224964159,0.011765210265889,0.889008224712266,0.0035190292511383,-0.000246451704059,0.6467745532420646,1,Transition,0.9999
2025-11-25,bist100,-0.0028327929848883,0.0098591275680817,0.0154779030142323,0.0152341660510607,0.9321419136181784,0.0023830871893784,1.750207098721837e-05,0.6369808338387994,1,Transition,0.9999
2025-11-26,bist100,0.0052820500421221,0.0099241746779857,0.0147672191679008,0.0079983694581911,0.7413710562784587,0.0001979926352649,0.0002001333186755,0.6720408605811001,1,Transition,1.0
2025-11-27,bist100,0.0028178904852488,0.0099085436858082,0.0146720414739127,0.0089808418699465,0.722642467521319,-0.0006239436401222,0.000496727170906,0.675335037964957,1,Transition,1.0
2025-11-28,bist100,-0.0042848789036416,0.0095559815219783,0.0146444435006962,0.0067347839017141,0.6181784967199884,-0.0004436009198931,-0.000332873375289,0.6525329229153671,1,Transition,1.0
2025-12-01,bist100,0.0197869570893803,0.0104184824594451,0.0148091661009486,0.022992901177304,0.808880597874276,0.0041538451456442,0.0002529646977233,0.7035158082788868,1,Transition,0.9946
2025-12-02,bist100,0.000629496423665,0.0099171844494086,0.0143773780301243,0.0081718356688542,0.8274635344370669,0.0048463030273549,0.0009502246013161,0.6897769835800113,1,Transition,0.9999
2025-12-03,bist100,-0.0078248614371457,0.0100515849707452,0.0144188199003912,0.0166624740757637,1.0318912327436411,0.0022249207315013,0.0003017176876609,0.6971156474790651,1,Transition,0.9999
2025-12-04,bist100,-0.0107765278196202,0.0101061110176301,0.0144501968225884,0.0165773686861748,0.7760720575785981,-0.0004939629294724,-0.0007039094697638,0.6993753193612126,1,Transition,0.9999
2025-12-05,bist100,0.0081092111347428,0.0098149156681465,0.0142425237852121,0.0096480723462145,0.99009332564573,0.0019848550782044,0.0003779918017542,0.689127560266898,1,Transition,0.9999
2025-12-08,bist100,0.0164080291940443,0.0099477635021798,0.014378167052493,0.0157022382870101,0.9411609639963588,0.0013090694991372,0.0018224371001934,0.6918659009776249,1,Transition,0.9998
2025-12-09,bist100,0.0043606817635397,0.0085399790360418,0.0122443629060546,0.0085599544391343,0.9117965984414094,0.0020553065671121,0.0030350980745772,0.6974620975844332,1,Transition,0.9959
2025-12-10,bist100,-0.0039674983682651,0.0086465018856446,0.0120715200052102,0.0130160346463798,0.9068195317877112,0.0028267791808882,0.0025331959228073,0.7162728373819317,1,Transition,0.9935
2025-12-11,bist100,0.0035491845250117,0.0086047350954161,0.0120782997909991,0.0090353132303061,0.920725503283158,0.0056919216498147,0.0027684881146725,0.7124127769893963,1,Transition,0.9927
2025-12-12,bist100,0.0068840022909944,0.0083972067443184,0.0120264586676822,0.0068692543433691,0.801296577186424,0.005446879881065,0.0034094642459169,0.6982277141053673,1,Transition,0.9927
2025-12-15,bist100,0.012737571193417,0.0084135511205458,0.0117999482354544,0.0122378252754118,0.8319372376786441,0.0047127882809395,0.0034236830442148,0.7130159347026813,1,Transition,0.9945
2025-12-16,bist100,-0.0094277857220546,0.0088919336027354,0.0116973528332704,0.0141865221671723,0.7567239267894652,0.0019550947838206,0.0028099478919165,0.7601663153602047,1,Transition,0.9637
2025-12-17,bist100,-0.005478110244035,0.0084851161967272,0.0116163754692095,0.0101002943236979,0.7266607120448221,0.0016529724086666,0.0017256662390803,0.7304443816591485,1,Transition,0.8554
2025-12-18,bist100,0.0042701876793803,0.008419927563387,0.011622795453773,0.0068371697356679,0.8247452119259951,0.0017971730395404,0.0015927970299401,0.724432224319472,1,Transition,0.836
2025-12-19,bist100,0.0005997955156223,0.0082728479106709,0.0116223877372504,0.0055722756448064,0.7149656889954268,0.0005403316844659,0.0018821164309605,0.711802780779369,1,Transition,0.8743
2025-12-22,bist100,-0.0027193572798952,0.0082579835376766,0.0113271171887521,0.0120589858931086,0.9984658693158968,-0.0025510540101964,0.0019061622288811,0.7290454755669685,1,Transition,0.7291
2025-12-23,bist100,-0.0018316682111515,0.0082307354579677,0.0112615445461228,0.0080687669367903,0.9848842225797216,-0.0010318305080158,0.001956218467568,0.7308709231009961,1,Transition,0.5622
2025-12-24,bist100,0.0043922404408938,0.0082142000819435,0.0112631443214292,0.0063755881498367,1.387619977659247,0.0009422396289699,0.0019117279875065,0.7292990169996496,1,Transition,0.6225
2025-12-26,bist100,-0.0040380199117364,0.0083168085065615,0.0110193249505108,0.0109435279131856,0.9557383936144072,-0.0007194018892534,0.0015689324676573,0.7547475497739989,0,Calm/Bull,0.6957
2025-12-29,bist100,-0.0127868150765541,0.0088330211944469,0.0110280389666438,0.0155951006618895,0.895118227723935,-0.0033967240076887,0.0011438356590116,0.8009602814393293,1,Transition,0.5721
2025-12-30,bist100,0.0061954954866051,0.0077837208797075,0.0107192620085677,0.0118803410248588,1.064640656922293,-0.0016137534543886,0.0004642625788729,0.7261433551569235,0,Calm/Bull,0.6139
2025-12-31,bist100,0.0036740861044507,0.0078168242725694,0.0106096894684581,0.0076189478533055,0.8081977075391413,-0.0005126025912681,0.0006164920629122,0.7367627766871291,0,Calm/Bull,0.8275
2026-01-02,bist100,0.0208181004677064,0.0087562899568191,0.0108894328473456,0.0175589981011285,1.1546535617049856,0.0027725694140943,0.0020486401581548,0.8041089081102614,1,Transition,0.9753
2026-01-05,bist100,0.017551838139042,0.0088630488410917,0.0110621848823281,0.0184583831823619,1.2766824213419818,0.00709054102425,0.0034650584560879,0.8012023786775166,1,Transition,0.9974
2026-01-06,bist100,0.0271282353026006,0.0102925897738022,0.0115345650878233,0.0249505152175807,1.2239256838800754,0.0150735511000809,0.0044160096644808,0.8923257786865167,1,Transition,0.6587
2026-01-07,bist100,0.000415755482004,0.0099266163763647,0.0115315183097484,0.0111648549205353,1.2034853880748757,0.0139176030991607,0.0036163959788788,0.8608247508893091,1,Transition,0.9923
2026-01-08,bist100,0.0049094668197895,0.0099295400688663,0.0113095486941771,0.0202514729225264,1.1090873603195106,0.0141646792422285,0.0036438352316913,0.8779784531966919,1,Transition,0.9811
2026-01-09,bist100,0.0093046906227586,0.0098371607161803,0.0108470350093119,0.0110646668305876,1.789066959550727,0.0118619972732389,0.0043074446812425,0.9068985863634998,2,Stress/Bear,0.8949
2026-01-12,bist100,0.0043997654466344,0.0098355485182102,0.010744738472306,0.0123053666392672,1.444474103255617,0.0092315827347574,0.0043499737273236,0.9153827748865886,1,Transition,0.8192
2026-01-13,bist100,0.0106167948898382,0.0099212089090398,0.0106831738417248,0.0155342007406219,1.5460834049375425,0.0059292946522049,0.0045366133572658,0.9286761645954812,1,Transition,0.8482
2026-01-14,bist100,-0.0012683420536526,0.0098055055848544,0.0104136928437197,0.0097656246916145,1.1231939747924993,0.0055924751450736,0.0038363176949123,0.941597349951405,0,Calm/Bull,0.9031
2026-01-15,bist100,0.0069925125722685,0.0093114379933096,0.0099633712742882,0.0138479691487567,1.234739280176311,0.0060090842955694,0.0046573326096284,0.9345669991581051,1,Transition,0.5891
2026-01-16,bist100,0.0168599509787296,0.0093712379590683,0.0101065581217631,0.0172869716225283,1.4238409242688417,0.0075201363667636,0.0057742356707667,0.9272432658244596,1,Transition,0.9726
2026-01-19,bist100,0.006247985371865,0.0093649644140652,0.0100949035976613,0.0107939803199822,1.2470560564982884,0.0078897803518097,0.0058731255553909,0.927692307654612,1,Transition,0.8422
2026-01-20,bist100,0.0045315952446818,0.0092894035627137,0.0100922948953992,0.0162270071262113,1.0598698041172647,0.0066727404227784,0.0060697155418439,0.9204451176856216,1,Transition,0.9915
2026-01-21,bist100,-0.0060781583988599,0.009484964044084,0.009475894108187,0.0213305884440745,1.167009467061172,0.005710777153737,0.0059017754858957,1.000957158848909,1,Transition,0.9283
2026-01-22,bist100,0.0096405164014428,0.0093384259821638,0.0094152388796629,0.0139594903805003,1.128954379511811,0.0062403779195718,0.0064753847165254,0.991841641143586,1,Transition,0.9539
2026-01-23,bist100,0.0109271402645635,0.0093759524099065,0.00947171673823,0.0097131614995649,1.0050432572061174,0.0050538157767386,0.0068021297077089,0.989889443384956,1,Transition,0.8615
2026-01-26,bist100,0.0141079611137523,0.0091469399129651,0.0095448467465164,0.0224552388158643,1.3761459301701784,0.0066258109251161,0.0077094287589833,0.9583118677419888,1,Transition,0.8616
2026-01-27,bist100,-0.0053491987870526,0.008389622414417,0.0095333100148716,0.0159532775902189,1.0542823919820663,0.0046496521187692,0.0080813095734584,0.8800324757434232,1,Transition,0.9972
2026-01-28,bist100,0.0226603838327223,0.0089817593076416,0.0098466889860803,0.027462459879244,1.7186584916407008,0.0103973605650856,0.0089045539907642,0.912160353631419,2,Stress/Bear,0.9417
2026-01-29,bist100,0.0311128290389941,0.0101591894117292,0.010245539749344,0.0307929523070107,1.7560874468693357,0.0146918230925959,0.0102764911374914,0.9915719093647172,2,Stress/Bear,0.9995
2026-01-30,bist100,0.0005204446520341,0.0100640805649528,0.0102537713089687,0.0164543476096225,1.2021207119848163,0.01261048397009,0.0092616083467078,0.9815003925580092,1,Transition,0.879
2026-02-02,bist100,-0.0158273766959547,0.0113077739818106,0.0105371327065733,0.0352470880212539,1.085643551216499,0.0066234164081486,0.007592647604958,1.0731357663130334,2,Stress/Bear,0.9991
2026-02-03,bist100,0.0184975474788989,0.0106696877870847,0.0104733814873376,0.0191563287589436,1.0861502684084074,0.0113927656613389,0.0071611132137729,1.0187433542819504,1,Transition,0.8573
2026-02-04,bist100,0.0011452932391939,0.0106466355935461,0.0102557587955838,0.0117484589537173,1.0132433513238972,0.0070897475426332,0.0071975901016324,1.038112908635354,1,Transition,0.9514
2026-02-05,bist100,-0.0219875881242568,0.0124900648547984,0.0103424186890403,0.0286112246157773,0.8904689195370739,-0.0035303358900169,0.0058527373544301,1.2076541503810854,2,Stress/Bear,0.9962
2026-02-06,bist100,-0.0049499833905547,0.0126878634280963,0.0104058888780054,0.0166691606733471,0.7825982425843451,-0.0046244214985346,0.0051400036537644,1.2192964557707526,2,Stress/Bear,0.8396
2026-02-09,bist100,0.0231293761292367,0.0133064791156955,0.0106711189220334,0.0171696568411523,1.0709716828831974,0.0031669290665036,0.0060764841878945,1.2469619365051463,2,Stress/Bear,0.8409
2026-02-10,bist100,-0.0029961875718265,0.0134097737915823,0.0106295402923565,0.0117416829745596,0.8631449941214241,-0.0011318179436414,0.0053958350648113,1.2615572661430094,2,Stress/Bear,0.7672
2026-02-11,bist100,-0.0006670482090701,0.0133947119355654,0.0105969565343536,0.0168264700159865,1.337588853312499,-0.0014942862332943,0.0054258997570404,1.2640149926199993,2,Stress/Bear,0.8978
2026-02-12,bist100,0.0280836523963917,0.0143226458870265,0.0110330564067032,0.0290610758391805,1.4100185119644182,0.0085199618708354,0.0064804567482465,1.2981575874410085,2,Stress/Bear,0.9929
2026-02-13,bist100,1.4117548702178912e-05,0.0141746921545766,0.0109432216400646,0.0149287547438932,1.0334433301976265,0.0095127820586867,0.0056381650767452,1.2952942580164022,2,Stress/Bear,0.6464
2026-02-16,bist100,0.0111221068924224,0.0142275306506321,0.0109731335580613,0.0157051040413341,1.0650166775604633,0.0071113282113239,0.005881871152773,1.2965786459584243,2,Stress/Bear,0.5852
2026-02-17,bist100,-0.0078413654694441,0.0145545786075045,0.0110179070934642,0.0127923079219878,1.0745416836650783,0.0061422926318004,0.0052632231170667,1.320993041966956,2,Stress/Bear,0.7417
2026-02-18,bist100,0.0022887893471911,0.0143299455341655,0.010976398507806,0.0265429624072858,1.3564276930918835,0.0067334601430526,0.0056815705043693,1.305523439584911,2,Stress/Bear,0.8887
2026-02-19,bist100,-0.0324785218984749,0.0166281596466309,0.0119371121755372,0.0445154367008286,0.9300257507545414,-0.0053789747159206,0.0035756185893734,1.3929800945246216,2,Stress/Bear,1.0
2026-02-20,bist100,0.0093661374049258,0.016595467948492,0.0119561616606399,0.0155015398235471,0.938744738713606,-0.0035085707446759,0.0034975684463915,1.388026393380488,2,Stress/Bear,0.5792
2026-02-23,bist100,0.0091157581086543,0.016464505826558,0.0119726122167559,0.0120966602197722,0.7868749727118396,-0.0039098405014295,0.0032479582961366,1.375180748234336,2,Stress/Bear,0.6579
2026-02-24,bist100,-0.0007754835871066,0.0163703038606026,0.0119391057635413,0.0139351358932734,0.6560709006676645,-0.002496664124962,0.0034766440561339,1.3711499156488771,2,Stress/Bear,0.6639
2026-02-25,bist100,-0.0172935652088536,0.0163438704753341,0.0120792670354589,0.0228459287232933,0.7081361470199092,-0.006413135036171,0.0014789466040551,1.3530515077906922,2,Stress/Bear,0.7085
2026-02-26,bist100,0.004955125523266,0.0148235685369531,0.0120740481746534,0.0182800172028677,0.9303417720057212,0.0010735944481771,0.0001710614282687,1.2277215000741617,1,Transition,0.7103
2026-02-27,bist100,-0.0116466347262891,0.0150563144332757,0.0121456816940755,0.0302089545353618,0.9878061718408104,-0.0031289599780658,-0.0004372925406474,1.2396434232769358,1,Transition,0.6909
2026-03-02,bist100,-0.0274475305206927,0.0158829706035068,0.0126604822505452,0.0351554879980659,0.7816267155530251,-0.0104416177039352,-0.0010183002318843,1.254531248430352,2,Stress/Bear,0.9733
2026-03-03,bist100,-0.0314335720377025,0.0165635474222727,0.0134150736246249,0.0366879541086464,0.7259604143351047,-0.0165732353940544,-0.0035148562077143,1.2346967214453763,2,Stress/Bear,0.9886
2026-03-04,bist100,0.0007574260091439,0.0165580300783117,0.0132953893462955,0.0201959628747509,0.6756878342276832,-0.0129630371504548,-0.0035342495692168,1.2453964037484295,1,Transition,0.8721
2026-03-05,bist100,0.0104297057011502,0.0162401729596522,0.0133333853290135,0.0118205357298857,0.4769564725514043,-0.011868121114878,-0.0019133848779465,1.2180082221364663,1,Transition,0.5956
2026-03-06,bist100,-0.0221177771043918,0.0168513329397694,0.0136845162737181,0.031463010923732,0.5887293843813901,-0.0139623495904986,-0.0027717745636383,1.231416047356622,2,Stress/Bear,0.8647
2026-03-09,bist100,-0.007123036014935,0.0157240755097125,0.013736276348865,0.0224058895744764,0.7846796264663579,-0.009897450689347,-0.0042843951708469,1.1447116460358433,1,Transition,0.9816
2026-03-10,bist100,0.0366147773887268,0.0181953086377722,0.014432316364567,0.022420090488253,0.7593417446046562,0.0037122191959387,-0.0023038469228193,1.260733771222186,2,Stress/Bear,0.8163
2026-03-11,bist100,0.0018729229858966,0.0182161865502106,0.0143702630073744,0.017954000862604,0.7565284105439631,0.0039353185912893,-0.0021768483630709,1.2676306996512623,1,Transition,0.9714
2026-03-12,bist100,0.0064711847781442,0.016921638637493,0.0142955742589385,0.021443493500829,1.098855299554727,0.0031436144066881,-0.0032574717439833,1.1836977186776922,1,Transition,0.9714
2026-03-13,bist100,-0.0146482181512132,0.0170892268806449,0.0144320604868838,0.0240129692186172,1.3373575439755554,0.0046375261973238,-0.0039905885289791,1.1841155250267952,2,Stress/Bear,0.5102
2026-03-16,bist100,-0.0104570844372196,0.0167629459220002,0.0145259252507689,0.0198893384448095,0.788343420283105,0.0039707165128669,-0.0050695480954612,1.1540019401595742,1,Transition,0.9255
2026-03-17,bist100,0.0199362013275869,0.0176485509103805,0.0147026037240242,0.0195799398026808,0.7904476961670291,0.0006350013006389,-0.0036806697556096,1.2003690803107572,1,Transition,0.934
2026-03-18,bist100,-0.0077850369102741,0.0176129332332157,0.0147478545745997,0.0180097904207802,0.8338799254152429,-0.0012965906785951,-0.0041843610684829,1.194270878121524,1,Transition,0.9847
2026-03-19,bist100,-0.0051523203683552,0.016314562865099,0.014770470376467,0.0098638222357942,0.3377398463929436,-0.003621291707895,-0.0028180509919769,1.1045391547646397,1,Transition,0.9506
2026-03-23,bist100,0.0091929589927887,0.0163078003333421,0.014794368262625,0.0406889169924853,1.6391663096557771,0.0011469437209053,-0.0028267099125837,1.1022978503610992,2,Stress/Bear,0.9979
2026-03-24,bist100,-0.0182391713134845,0.0164003361620591,0.0150125807037389,0.017609875741332,0.862114554369746,-0.0004094736543476,-0.0041944563836907,1.092439500290217,1,Transition,0.9785
2026-03-25,bist100,0.0026029260393001,0.0164547127285176,0.0148821448382897,0.0107143981702796,0.9609998169854108,-0.003876128712005,-0.0040255359023704,1.105668094707818,1,Transition,0.9791
2026-03-26,bist100,-0.0184350541147913,0.0165050587335695,0.0151166407985501,0.0205546113385331,1.0137028775440784,-0.0060061321529084,-0.0040826103476672,1.0918469885950173,1,Transition,0.9754
2026-03-27,bist100,-0.0022732810806596,0.016375371143717,0.0151256425908607,0.0175930751751313,0.7561247793037793,-0.0054303242953693,-0.0044440306778635,1.082623170906565,1,Transition,0.9923
2026-03-30,bist100,-0.0056703754774956,0.0162913335930389,0.0149526941746849,0.0122917213545465,0.7150146998742299,-0.0084029911894262,-0.0041452177154238,1.0895249647130667,1,Transition,0.9907
2026-03-31,bist100,0.0129519075775231,0.0157454281348243,0.0148809296520088,0.016714862378821,0.8416183655386016,-0.0021647754112247,-0.0021252458105131,1.0580943867776953,1,Transition,0.9735
2026-04-01,bist100,0.011419219997083,0.0144059711931589,0.0145567390898567,0.0105503981232464,1.0612431162191702,-0.0004015166196681,1.739379122617157e-05,0.9896427423911998,1,Transition,0.9015
2026-04-02,bist100,0.0087573898339574,0.0145380589930595,0.0145887151316414,0.0197215236490755,1.2684440448462075,0.0050369721700816,0.0004173919824668,0.9965277176142762,1,Transition,0.9661
2026-04-03,bist100,-0.0088733349962528,0.0144790026539548,0.0146403025171074,0.0123062995843396,0.9037613521675382,0.0037169613869629,-0.0005477600524033,0.9889824774478444,1,Transition,0.9208
2026-04-06,bist100,0.0135056326371394,0.0138639435484814,0.0146900180189689,0.015840104207978,1.202930353257352,0.00755216300989,0.0012334104346732,0.943766272483756,1,Transition,0.9881
2026-04-07,bist100,-0.0146504066232465,0.0142008192225598,0.0148249505464388,0.0234955884035618,1.0868484829892322,0.002031700169736,0.0008570419042576,0.9578999388953148,1,Transition,0.9878
2026-04-08,bist100,0.0465115888780808,0.0156144783248207,0.0159090181511151,0.0255747444231699,1.4718924811575649,0.0090501739459356,0.0013518824787253,0.981485983390263,2,Stress/Bear,0.9893
2026-04-09,bist100,0.0111807022693576,0.0157687719564514,0.015953666913803,0.0133976470615092,1.2174230693338752,0.0095348364330156,0.0018172714428984,0.9884105040959802,1,Transition,0.9764
2026-04-10,bist100,0.0277223083511645,0.0167822913034883,0.0162913635091865,0.0220267450370261,1.572315215347,0.0168539651024991,0.0028798276215494,1.0301342360953998,2,Stress/Bear,0.9435
2026-04-13,bist100,-0.0010877039063392,0.0163039796029763,0.0161789150668748,0.0182381043941387,1.445121576758989,0.0139352977938034,0.0035578533337931,1.00773009411228,1,Transition,0.5434
2026-04-14,bist100,0.0101697008784025,0.0160207104458343,0.0162053558623394,0.0181521032757014,1.6353199719924851,0.0188993192941332,0.0045891925995742,0.9886059017726226,2,Stress/Bear,0.9473
2026-04-15,bist100,0.0035284450571191,0.0156082533595052,0.0162030077299937,0.0092966796026272,1.6538664139966803,0.0103026905299409,0.0037688047860508,0.963293582253404,2,Stress/Bear,0.9681
2026-04-16,bist100,-0.0036059421046889,0.0154728221456113,0.0161858105074706,0.0216180442673137,1.757562156497775,0.0073453616551316,0.0039777595263301,0.9559497893830968,2,Stress/Bear,0.9584
2026-04-17,bist100,0.0268730458619607,0.0161217585093506,0.0164771133374468,0.0286469884542854,2.2298048711122793,0.0071755091572908,0.0055790278378459,0.978433429398788,2,Stress/Bear,1.0
2026-04-20,bist100,-0.0070856902792483,0.0163391614110801,0.0164778797951206,0.0134692390472891,1.3975786320659531,0.005975911882709,0.004765095374244,0.9915815392656542,1,Transition,0.6922
2026-04-21,bist100,-0.0075883149153567,0.0157114342197207,0.0164414935766823,0.0167438271080764,1.3018863109565233,0.0024243087239571,0.0052976381941504,0.9555965305976222,1,Transition,0.9247
2026-04-22,bist100,-0.0027794611641818,0.0158058345246939,0.0164268213788328,0.0177810603484357,0.8644936384276317,0.0011627274796969,0.0050285188339763,0.9621967732029352,1,Transition,0.9903
2026-04-24,bist100,0.0051209459317805,0.0148117818071587,0.0161982271277168,0.0136580223624421,1.0070942970420722,0.0029081050869908,0.0062063188363049,0.9144075885819736,1,Transition,0.9936
2026-04-27,bist100,0.0127505610194408,0.0147398964953553,0.0157918785369216,0.013574044770111,1.4165634812728627,8.360811848686159e-05,0.0069575109413099,0.9333846167125266,1,Transition,0.5603
2026-04-28,bist100,-0.0183041068962019,0.0155575868901829,0.0159852558313821,0.0194845665257953,1.2845358847782062,-0.0021600752049038,0.0063258243703746,0.9732460371163,1,Transition,0.639
2026-04-29,bist100,-0.0012639173048298,0.0155636661951384,0.0158418062947826,0.0160643682910886,1.0820634133850775,-0.0008951956827984,0.005615033126257,0.9824426524053744,1,Transition,0.9804
2026-04-30,bist100,0.0091396844691941,0.0155272276492937,0.0157103767978552,0.0151634751307404,0.987081686960729,0.0014886334438767,0.0055010563498625,0.9883421543023412,1,Transition,0.9894
2026-05-04,bist100,-0.0050673088611676,0.015681587748158,0.0157276402553139,0.0155606012313049,1.0028026755579342,-0.0005490175147129,0.0048098214151063,0.9970718743302662,1,Transition,0.9891
2026-05-05,bist100,0.0087441020717994,0.0153641119465665,0.0154792047463893,0.0152457955392385,1.1184371614539754,-0.0013503093042411,0.0056906932685089,0.9925646826365808,1,Transition,0.9677
2026-05-06,bist100,0.0286694042191563,0.0161253537919807,0.0158611304300699,0.0280142252081088,1.383234384518561,0.0080443929188304,0.0064488818476097,1.0166585454344368,2,Stress/Bear,0.8353
2026-05-07,bist100,0.008204909103946,0.0153422345320867,0.0156337586292877,0.0093482568674382,1.4239271702238283,0.0099381582005856,0.0075916476339694,0.9813529104475948,1,Transition,0.6201
2026-05-08,bist100,0.0014882499923283,0.0123404206027854,0.0156231591585597,0.0155084816364927,1.3403317698276191,0.0084078713052124,0.0053404806896817,0.7898799773811584,1,Transition,0.9925
2026-05-11,bist100,0.0046893273967534,0.0122638590722662,0.0156260856733304,0.0140879634792017,1.270550050632708,0.0103591985567967,0.0050159119460515,0.7848324480389448,1,Transition,0.9957
2026-05-12,bist100,-0.0236426535076295,0.0126313259677399,0.0155642782462591,0.0247566208806855,1.4075228710868637,0.0038818474409108,0.0024476638531118,0.8115587351939005,1,Transition,0.8007
2026-05-13,bist100,-0.0123493923166008,0.0130415737732217,0.0156549554474012,0.0206596300561701,1.1195984119574034,-0.0043219118662405,0.0018845794325987,0.8330636147154739,1,Transition,0.997
2026-05-14,bist100,0.0031597248893387,0.0129006243291618,0.0155968884735701,0.010795687673115,0.8193513996760863,-0.0053309487091619,0.0015340806331456,0.8271280743606454,1,Transition,0.9993
2026-05-15,bist100,-0.019102864258763,0.0136851691728666,0.0157640131961279,0.018980219572277,0.684892493983175,-0.0094491715593802,0.0004025151673514,0.8681272340109434,1,Transition,0.9957
2026-05-18,bist100,-0.0238133887801736,0.0147046689322714,0.0160617263621336,0.0223101322213906,0.7988573135666007,-0.0151497147947656,-0.0006078571664227,0.915509864925754,1,Transition,0.9566
2026-05-20,bist100,-0.0012481502253379,0.0132068330404802,0.0154964016023587,0.0166785751721738,0.784532855638721,-0.0106708141383073,-0.0020139169707876,0.8522515987498709,1,Transition,0.9988
2026-05-21,bist100,-0.0624358410842794,0.018898471686468,0.0174319567569324,0.0683459455064506,0.7512627152489018,-0.020688103891843,-0.0047814245110392,1.0841279582082752,2,Stress/Bear,1.0
2026-05-22,bist100,0.0477843684867831,0.0222283243514485,0.0184928445076182,0.0650845282224097,0.9655059700453784,-0.0117631751723541,-0.0020127903409322,1.2019959580740265,2,Stress/Bear,1.0
2026-05-25,bist100,0.0059713448667571,0.0222984534117276,0.0185104280363714,0.0122670515109303,0.6599242956832457,-0.0067483333472501,-0.0015752500393852,1.2046427758403533,2,Stress/Bear,0.7328
2026-05-26,bist100,-0.0165571807241208,0.0224819478627177,0.0184991367442052,0.0188907536981512,0.2744241183608438,-0.0052970917360395,-0.0026591563721803,1.2152971337843692,2,Stress/Bear,0.965
2026-06-01,bist100,0.0030109641414383,0.0222347162214493,0.0184916935995297,0.0179874489200233,0.698674285387302,-0.0044452688626843,-0.0031461362160804,1.2024164310193193,2,Stress/Bear,0.5137
2026-06-02,bist100,0.0355683017474603,0.0235273651583127,0.0189945758941908,0.0282883473322511,0.7111285237060208,0.0151555597036636,-0.0004525157838973,1.2386359816282153,2,Stress/Bear,1.0
2026-06-03,bist100,-0.016651725329931,0.0238052604759806,0.0187744751009387,0.0200133180643396,0.8312419409184615,0.0022683409403207,-0.0012219061851524,1.2679587763702838,2,Stress/Bear,0.9659
2026-06-04,bist100,-0.0067103054167457,0.0237057809477643,0.0183218706947667,0.0366702134811567,0.8278704508210012,-0.0002679891163798,-0.0020144056794494,1.293851558211,2,Stress/Bear,0.9989
2026-06-05,bist100,-0.0129216322314889,0.0238237826882526,0.0184119511481802,0.017642548121956,0.743741271291245,0.0004591205821465,-0.0024071218479654,1.2939303660170334,2,Stress/Bear,0.913
2026-06-08,bist100,0.0120778548945444,0.0239173894796374,0.018427571772036,0.0247103306965407,0.8010398474407091,0.0022724987327677,-0.0022404342068282,1.2979132451912243,2,Stress/Bear,0.9585
2026-06-09,bist100,-0.008600666638556,0.0228085514975033,0.018222040705813,0.0160748810414316,0.7625607045094013,-0.0065612949444354,-0.0041039377497138,1.2517012702220105,2,Stress/Bear,0.7471
2026-06-10,bist100,0.0001964032349463,0.0226508380468591,0.018189897679636,0.0171121896597172,0.6418920344348917,-0.00319166923146,-0.0045043630431638,1.2452427410967355,2,Stress/Bear,0.6219
2026-06-11,bist100,-8.000621295855208e-05,0.0226317073468866,0.017589906473469,0.0234437529559428,1.1967301659050078,-0.0018656093907025,-0.0045827758534281,1.286630340020413,2,Stress/Bear,0.9239
2026-06-12,bist100,0.0140874092106084,0.0229299586680162,0.0176741533594233,0.0232808734587337,0.0,0.0035361988977168,-0.0041128717627354,1.29737239468903,2,Stress/Bear,1.0
