Date,market,log_return,volatility_20,volatility_60,range_pct,volume_ratio,return_ma5,return_ma20,volatility_ratio,gmm_regime,gmm_regime_label,gmm_regime_prob
2022-03-16,sp500,0.0221369216483934,0.0163765370615116,0.0134486251578765,0.024532608051387,1.1418786095131668,0.0037047094847039,-0.0012823317230561,1.2177108715027498,1,Transition,0.8693
2022-03-17,sp500,0.0122722050687002,0.0166515155259034,0.0134840877560906,0.0174582461732576,0.8964642899852271,0.0070193604824934,-0.0007127624556352,1.2349011536492085,1,Transition,0.9704
2022-03-18,sp500,0.0115948144118881,0.0161200196830386,0.0133681433892938,0.0167663150800779,1.4402816528208997,0.0119475791515186,0.0009370034718059,1.2058532896908276,1,Transition,0.6692
2022-03-21,sp500,-0.0004347548543014,0.0160111216471295,0.0132927156796354,0.0128778020722821,0.8460609844882797,0.013350363199765,0.0012748638122841,1.2045034312784368,1,Transition,0.8688
2022-03-22,sp500,0.0112406995540742,0.0159201239631918,0.0133538216852896,0.0117252829803143,0.8287273221943172,0.0113619771657509,0.0023466355617387,1.1921773660291697,1,Transition,0.9521
2022-03-23,sp500,-0.0123486302524952,0.0155453211105827,0.01329779600885,0.0101564914018482,0.794851517833711,0.0044648667855731,0.0026583908365533,1.1690148578183135,1,Transition,0.9598
2022-03-24,sp500,0.014242012281618,0.015520961745954,0.0134465889551782,0.0122584497749232,0.7385202976933654,0.0048588282281567,0.002628186187998,1.1542675839716945,1,Transition,0.9502
2022-03-25,sp500,0.0050533807042376,0.0148470175043324,0.0134656832089132,0.0098964047046775,0.7756033260526649,0.0035505414866266,0.0017745511956466,1.1025818203197355,1,Transition,0.6019
2022-03-28,sp500,0.0071195510200425,0.0148579758276956,0.0135021842858389,0.0126674040743106,0.7894170309018362,0.0050614026614954,0.002252808319805,1.100412756421836,1,Transition,0.7488
2022-03-29,sp500,0.012182044101391,0.0143928293483901,0.0136017914381145,0.0102857862149211,0.93756889944497,0.0052496715709588,0.0036416339142053,1.0581568916031865,1,Transition,0.9059
2022-03-30,sp500,-0.0063135889990887,0.0141130739408514,0.0135922689225087,0.0100924927682669,0.8156230373424969,0.0064566798216401,0.0024024021252182,1.0383162679690832,1,Transition,0.766
2022-03-31,sp500,-0.0157763352268817,0.0146008308900666,0.0137311055443345,0.0160382096681712,0.8987920214509066,0.0004530103199401,0.0018770114010864,1.063339790297578,1,Transition,0.9697
2022-04-01,sp500,0.003404420961463,0.0144176268988316,0.0135212270176715,0.0090478748423321,0.8602193107352653,0.0001232183713852,0.0024455166763096,1.0662957496378516,1,Transition,0.8178
2022-04-04,sp500,0.0080583825321336,0.0122655502338259,0.0135667265896674,0.0096647429737331,0.8770649920328626,0.0003109846738034,0.0043465651436372,0.904090618526032,1,Transition,0.9803
2022-04-05,sp500,-0.0126311590740053,0.0125876255624804,0.0136507110325761,0.0175200373436219,0.9482499196807654,-0.0046516559612758,0.0040780093887218,0.9221223372497754,1,Transition,0.9957
2022-04-06,sp500,-0.0097644339124797,0.0118918262530099,0.0137021111355827,0.0120281408831155,0.9916504244486056,-0.005341824943954,0.0023211077869908,0.8678827762627237,1,Transition,0.9915
2022-04-07,sp500,0.0042443655520372,0.0117944898875777,0.0136573579799809,0.0157460101145454,0.9602932888973116,-0.0013376847881702,0.002748378560605,0.8635996731480756,1,Transition,0.9863
2022-04-08,sp500,-0.0026545466755523,0.0112797229185109,0.01365127979099,0.0102065960204295,0.820235996632838,-0.0025494783155733,0.0032679651734893,0.8262758577372091,1,Transition,0.9966
2022-04-11,sp500,-0.0170213345846961,0.0119420494335338,0.013700351319876,0.0126843823314312,0.8684298162620241,-0.0075654217389392,0.0027893321990311,0.8716600877386743,1,Transition,0.9976
2022-04-12,sp500,-0.0034233005304522,0.0111912775485048,0.0137022434113154,0.0203891237575752,0.8559900169648101,-0.0057238500302286,0.0015590356863013,0.8167478282616836,1,Transition,0.9991
2022-04-13,sp500,0.0111126032689019,0.0103654122554558,0.0135919179393658,0.0137677925587287,0.8099249579344253,-0.0015484425939523,0.0010078197673267,0.762615864935062,1,Transition,0.9997
2022-04-14,sp500,-0.0122184803835081,0.0104111595214784,0.0136242953988675,0.0158653422889934,0.8721850862841826,-0.0048410117810613,-0.0002167145052836,0.7641613174611506,1,Transition,0.9998
2022-04-18,sp500,-0.0002048892724065,0.010034096826046,0.0135533801084968,0.0091104459650078,0.8761918973832257,-0.0043510803004322,-0.0008066996894984,0.7403390700859519,1,Transition,0.9999
2022-04-19,sp500,0.0159300447493866,0.0107104691069398,0.0134860697012368,0.0180179559114376,0.9283956241933556,0.0022391955663843,1.1540290685989503e-05,0.7941875835001474,1,Transition,0.9994
2022-04-20,sp500,-0.0006186664061825,0.0103792296032758,0.0134824044295794,0.0088643827615906,0.9747151557421228,0.0028001223912382,-0.0005814280073268,0.7698352068793111,1,Transition,0.9997
2022-04-21,sp500,-0.014862855551311,0.0105431838633845,0.0135274484399686,0.0292397959773359,1.0523895676827713,-0.0023949693728043,-0.0007071392722676,0.7793919089895279,1,Transition,0.9932
2022-04-22,sp500,-0.0281320763773669,0.0115869428943898,0.0140105396431853,0.0276722974691393,1.0496050843778753,-0.005577688571576,-0.0028258437052168,0.8270161742146469,1,Transition,0.9801
2022-04-25,sp500,0.0056817651441118,0.0116102612392014,0.0140152489339985,0.0228578793501676,1.1699555040739371,-0.0044003576882724,-0.0027944244832231,0.8284020707642973,1,Transition,0.9975
2022-04-26,sp500,-0.0285500089285977,0.0126960675621369,0.0141224276833203,0.0246934500942016,1.0427432995254822,-0.0132963684238693,-0.0045779024806552,0.8990003593455808,1,Transition,0.9722
2022-04-27,sp500,0.0020958490249645,0.012185342969655,0.0138905117265863,0.0185972283005105,1.0642067635881212,-0.0127534653376398,-0.0050822122344765,0.8772421930527141,1,Transition,0.9921
2022-04-28,sp500,0.0244456553408321,0.0138492659916931,0.0142461631688318,0.0279464285714285,1.0774277599156468,-0.0048917631592112,-0.0035442500174804,0.9721400651926396,1,Transition,0.7564
2022-04-29,sp500,-0.0369591597846941,0.0155406730956194,0.0149155055989106,0.0351894597535177,1.1251856855270637,-0.0066571798406766,-0.004603391245371,1.0419139326228726,2,Stress/Bear,0.9261
2022-05-02,sp500,0.0056591992938186,0.0156098474182536,0.0146362708203987,0.0258219589674436,1.1352895155465028,-0.0066616930107353,-0.0044906523287533,1.0665180775760217,1,Transition,0.9537
2022-05-03,sp500,0.0048254650753595,0.0154893317646379,0.0146339743958242,0.0126979460515334,1.0070064422874796,1.340179005615387e-05,-0.004652298201592,1.0584501069687369,1,Transition,0.9862
2022-05-04,sp500,0.0294252215573258,0.0171182370376913,0.0151554814927215,0.036917145806829,1.12467898478998,0.0054792762965284,-0.0025494791700254,1.129507963565023,2,Stress/Bear,0.9942
2022-05-05,sp500,-0.036300677564099,0.0186653717602757,0.0157866283599136,0.0396492789766378,1.1105910980644833,-0.0066699902844578,-0.0038762913526064,1.1823532761227191,2,Stress/Bear,0.9964
2022-05-06,sp500,-0.0056903844139527,0.0185698352715883,0.0156572351642832,0.021773618643867,1.1157159493868505,-0.0004162352103095,-0.0043730288509059,1.186022632779337,1,Transition,0.926
2022-05-09,sp500,-0.0325615195396041,0.0195997493717728,0.016016770470972,0.0265055570001661,1.2723863494312262,-0.0080603789769941,-0.0058683774941085,1.223701707363196,2,Stress/Bear,0.9656
2022-05-10,sp500,0.0024548817604092,0.0195000342454318,0.0158671386760749,0.0276552767733519,1.2363138278872912,-0.0085344956399841,-0.0048945666768532,1.2289571953407477,2,Stress/Bear,0.5816
2022-05-11,sp500,-0.0166002320956977,0.0196695754622501,0.015982008044118,0.0305627751768666,1.2006934787563297,-0.0177395863705889,-0.0055534132551155,1.230732421605134,2,Stress/Bear,0.9633
2022-05-12,sp500,-0.0012968049941124,0.0193085946432844,0.0158161915434269,0.0269536318687844,1.2656689817932678,-0.0107388118565915,-0.0061738836682662,1.220811886999995,2,Stress/Bear,0.7589
2022-05-13,sp500,0.0235892679568694,0.0203506278424101,0.0161579429904075,0.0186337058096562,1.0321448317040234,-0.0048828813824271,-0.0043834962512473,1.2594813494819026,2,Stress/Bear,0.6619
2022-05-16,sp500,-0.0039542085177224,0.0203273651177287,0.015954407470961,0.0155862811098064,0.8747590342527751,0.0008385808219492,-0.0045709622135131,1.2740908839596226,1,Transition,0.9036
2022-05-17,sp500,0.0199689195814626,0.0205604789091299,0.0161734194419457,0.013889000013733,0.9523205364173238,0.0043413883861598,-0.0043690184719093,1.2712512021920566,1,Transition,0.6152
2022-05-18,sp500,-0.0412338092912488,0.0221173910334935,0.0169493962476989,0.0356986479018962,0.9958587682189366,-0.0005853270529503,-0.0063997756161626,1.3049073082173217,2,Stress/Bear,0.9999
2022-05-19,sp500,-0.0058508647773478,0.0220275157099329,0.0168115961519993,0.0177861105360016,0.993255118778146,-0.0014961390095974,-0.0059491760774645,1.3102572480789267,2,Stress/Bear,0.6102
2022-05-20,sp500,0.0001461310919903,0.0214281005513863,0.0166784086445286,0.0341162696728298,0.991979450192896,-0.0061847663825732,-0.0045352657039966,1.284780880963472,2,Stress/Bear,0.8598
2022-05-23,sp500,0.0183849954120607,0.0219292983770465,0.0165950762324766,0.0183302532242843,0.8614005244568366,-0.0017169255966165,-0.0039001041905992,1.3214340247579464,1,Transition,0.5363
2022-05-24,sp500,-0.008153950903558,0.0211842367761827,0.0166161226226061,0.0204364982766055,0.957283713611911,-0.0073414996936207,-0.0028803012893472,1.2749205851045955,1,Transition,0.7601
2022-05-25,sp500,0.0094063856489315,0.0213371362389123,0.0165761065380039,0.0186743129573652,0.9335295421719252,0.0027865392944153,-0.0025147744581488,1.2872224361005913,1,Transition,0.8359
2022-05-26,sp500,0.0196881660077208,0.0210452749789185,0.0166014601233794,0.0223123122057133,0.9168167452681444,0.007894345451429,-0.0027526489248044,1.267676145502466,2,Stress/Bear,0.5566
2022-05-27,sp500,0.024441130195822,0.0202563633107913,0.0169210213198537,0.0194938960150191,0.8576472923011337,0.0127533452721954,0.0003173655742213,1.1971123331086526,2,Stress/Bear,0.6144
2022-05-31,sp500,-0.0062941351936669,0.0202667961293761,0.0169104013482178,0.0153576134548036,1.3158849952650329,0.0078175191510498,-0.0002803011501529,1.1984810834493895,2,Stress/Bear,0.8023
2022-06-01,sp500,-0.0075109050411554,0.0202909377803836,0.0164969443406402,0.0226005227328548,0.8744736307646145,0.0079461283235304,-0.0008971196559786,1.2299815869777095,1,Transition,0.6718
2022-06-02,sp500,0.0182632254155451,0.0195531204978305,0.0166454799759012,0.0246933439262709,0.8561932873656498,0.0097174962768531,-0.0014552194630676,1.1746804854013788,2,Stress/Bear,0.5741
2022-06-03,sp500,-0.016482405609817,0.0181458101310157,0.0164409293624601,0.0107094003177927,0.7308941637142582,0.0024833819533455,-0.0004643058653535,1.1036973476966812,1,Transition,0.9523
2022-06-06,sp500,0.003132489407036,0.0181192990526369,0.0164411357860614,0.0144609047910662,0.8599560048357763,-0.0017783462044116,-2.3162174304156232e-05,1.1020710058241991,1,Transition,0.9881
2022-06-07,sp500,0.0094783315317198,0.0165132119253319,0.0164080733742722,0.0203500192992126,0.8577103959234119,0.0013761471406656,0.002078830379262,1.0064077328679302,1,Transition,0.9889
2022-06-08,sp500,-0.0108526230401553,0.0167634687128134,0.0164395076868131,0.0128627064085275,0.8546888946971304,0.0007078035408657,0.0014134551392338,1.019706248640292,1,Transition,0.9896
2022-06-09,sp500,-0.0240864576651555,0.0172630030762377,0.0164788558356562,0.0253695222899496,0.8644280628982512,-0.0077621330752744,0.0010391438607609,1.0475850537441358,1,Transition,0.8524
2022-06-10,sp500,-0.0295424148114094,0.0185700644488621,0.0165999748590533,0.0190291316336923,1.0375433747341498,-0.0103741349155928,-0.0003731366301039,1.118680275514652,2,Stress/Bear,0.5603
2022-06-13,sp500,-0.0395399319900399,0.0196182981314886,0.0171902201475879,0.0276960278110782,1.190375907014137,-0.018908619195008,-0.0035295966274493,1.1412476374970333,2,Stress/Bear,0.9986
2022-06-14,sp500,-0.0037808180394896,0.0196181389262604,0.0170876589410495,0.0194084830809084,1.0799526730080142,-0.0215604491092499,-0.0035209271035377,1.1480881608148137,2,Stress/Bear,0.9954
2022-06-15,sp500,0.0144870588365344,0.0193085313079651,0.0172330949385235,0.0304116923956565,1.15055745183421,-0.016492512733912,-0.0037950201407841,1.1204331767941498,2,Stress/Bear,0.9939
2022-06-16,sp500,-0.0330522071138406,0.018545167294951,0.017570419858325,0.0241111145881674,1.1677872494876516,-0.018285662623649,-0.0033859400319137,1.0554766160675515,2,Stress/Bear,0.9829
2022-06-17,sp500,0.0021984473410133,0.0185761750737023,0.017545977483456,0.019276986768331,1.7027081899545744,-0.0119374901931644,-0.0029834744259956,1.0587141748710054,2,Stress/Bear,1.0
2022-06-21,sp500,0.0241824749606719,0.0195417480377673,0.017759223515993,0.0170898889665628,1.055853649753322,0.0008069911969779,-0.0017816572325616,1.1003717600698617,1,Transition,0.6571
2022-06-22,sp500,-0.0013024200953574,0.0189596170346855,0.0177290137619819,0.0223677022623083,1.0029216420074134,0.0013026707858043,-0.0027660280079325,1.0694118290630732,1,Transition,0.9381
2022-06-23,sp500,0.0094870724855565,0.0191055557601783,0.0177548813889703,0.0155596048448252,1.0090272658457062,0.0003026735156087,-0.0018839768384767,1.0760734099889355,1,Transition,0.941
2022-06-24,sp500,0.030105539729901,0.0202742474627017,0.0181626968210209,0.0234933565556957,1.5559302612997734,0.0129342228843571,-0.0008490191344283,1.1162575504336427,2,Stress/Bear,0.9986
2022-06-27,sp500,-0.0029774998903406,0.019690934234651,0.0181569115661632,0.0097587138684423,0.8318420548045581,0.0118990334380862,-0.0019823024293313,1.0844869824307866,2,Stress/Bear,0.5669
2022-06-28,sp500,-0.0203486731494949,0.0190646329863531,0.0182219476793857,0.032897702041689,0.8220619043347049,0.0029928038160529,-0.0042217925965972,1.0462456221362506,2,Stress/Bear,0.9694
2022-06-29,sp500,-0.0007119988201726,0.0190735562651145,0.0182057961842054,0.0098145190286005,0.8316310651696186,0.0031108880710898,-0.0039426857779225,1.0476639457087844,1,Transition,0.9011
2022-06-30,sp500,-0.0087978662463676,0.0190883929992531,0.0181637652534215,0.0212184961208432,0.9529112148644912,-0.0005460996752949,-0.0040070338381831,1.0509050702280724,1,Transition,0.9203
2022-07-01,sp500,0.0104985112966391,0.0186863305678769,0.0182052955170055,0.0203171933181828,0.7995865096807572,-0.0044675053619473,-0.0043952695441284,1.0264228092547103,1,Transition,0.9439
2022-07-05,sp500,0.0015828751061934,0.018507070751998,0.01819065428556,0.0235240696821518,0.9896702018830984,-0.0035554303626405,-0.0034920055083279,1.0173944521989629,1,Transition,0.9511
2022-07-06,sp500,0.0035667957050661,0.0185155055919119,0.0181865362509233,0.0160048148989094,0.8605117993326034,0.0012276634082717,-0.0034702901934263,1.0180886198696513,1,Transition,0.9767
2022-07-07,sp500,0.0148537231809303,0.0187508777604393,0.0183259343942663,0.0132679542464835,0.7918671531455037,0.0043408078084923,-0.0032015206109658,1.023188087277341,1,Transition,0.9416
2022-07-08,sp500,-0.0008306163961273,0.0186693848833171,0.0182248702252199,0.0126071102551612,0.6915423608528293,0.0059342577785403,-0.0027004202787644,1.0243905527229542,1,Transition,0.9459
2022-07-11,sp500,-0.0115944176605255,0.0181170329098395,0.0182657098347529,0.008748367800468,0.6769945773871021,0.0015156719871074,-0.0020758182785329,0.991860325918978,1,Transition,0.9678
2022-07-12,sp500,-0.0092868684974937,0.0170346113761686,0.0182035248276651,0.0186052696603748,0.762944865125884,-0.00065827673363,-0.0010630409628371,0.935786422543832,1,Transition,0.994
2022-07-13,sp500,-0.0044668641118166,0.0144786423003997,0.0181611046738972,0.018509717160014,0.8340750125383534,-0.0022650086970065,0.0006906124310739,0.7972335692338004,1,Transition,0.9992
2022-07-14,sp500,-0.0030031388127643,0.0144670413862261,0.0181589453514361,0.0197473223871391,0.8607380799983931,-0.0058363810957455,0.0007294963924102,0.7966895161718205,1,Transition,0.9987
2022-07-15,sp500,0.0190192316586336,0.0147270379791102,0.0182162428984466,0.0120212951582212,0.8615257184284131,-0.0018664114847933,0.0009561050335152,0.8084563903331597,1,Transition,0.9973
2022-07-18,sp500,-0.0083987424858359,0.0126103247510564,0.0182310131561049,0.0218776659115494,0.8555866295019636,-0.0012272764498553,0.0021887782649154,0.6916963222547876,1,Transition,0.9991
2022-07-19,sp500,0.0272535176437308,0.0137997687918431,0.0185561040416791,0.0200879620447708,0.8968292497535205,0.0060808007783895,0.0034415317800513,0.743678132050095,1,Transition,0.9872
2022-07-20,sp500,0.0058784939410571,0.0129314773649261,0.018256078258571,0.0131568612339894,0.940389108940145,0.0081498723889642,0.0025263327290705,0.7083381864259358,1,Transition,0.9996
2022-07-21,sp500,0.0098130666895046,0.012996960112695,0.0182904757186613,0.0179172401153403,0.9383545991304624,0.010713113489418,0.0030821070683136,0.7105862260014667,1,Transition,0.9981
2022-07-22,sp500,-0.0093762872938138,0.0131906968057966,0.0179691099883216,0.0185731217102335,0.9151202951849616,0.0050340096989285,0.0021389390793451,0.7340762460895094,1,Transition,0.9988
2022-07-25,sp500,0.0013143029733058,0.0114317141259411,0.0179672030114663,0.0080265619952318,0.8659488243401622,0.0069766187907569,0.0006993772415154,0.6362545198963716,1,Transition,0.9998
2022-07-26,sp500,-0.0116103425992633,0.0117367644329608,0.0177066012488629,0.0108338276583452,0.923178850496426,-0.0007961532578418,0.0002677351060692,0.6628468257686956,1,Transition,0.9998
2022-07-27,sp500,0.025820048778629,0.0120056742027269,0.0174277558429435,0.0219032472332649,1.0065270864972051,0.0031921577096724,0.0025761712024754,0.6888823960422865,1,Transition,0.9937
2022-07-28,sp500,0.0120603197919128,0.0121602641384285,0.0174852401861625,0.0211126973114334,1.0774974078899031,0.0036416083301541,0.0032147871330797,0.695458798904687,1,Transition,0.9988
2022-07-29,sp500,0.0141077757817535,0.012047468380186,0.017572528150134,0.0147519740900459,1.130237468465504,0.0083384209452675,0.0043600692344858,0.6855853794773482,1,Transition,0.9991
2022-08-01,sp500,-0.0028270765449167,0.0120585947116959,0.0171394797485646,0.0118802070526999,1.0270272119532506,0.007510145041623,0.003693789842408,0.7035566358252976,1,Transition,0.9995
2022-08-02,sp500,-0.0066846883788709,0.012274542848953,0.0165123751589385,0.014827020284751,1.160241142740747,0.0084952758857015,0.0032804116681547,0.7433541650311001,1,Transition,0.9979
2022-08-03,sp500,0.0155174562700907,0.0125763896820088,0.0166200432828503,0.0143676904759554,1.068843244953232,0.0064347573839938,0.003877944696406,0.7567001762857019,1,Transition,0.999
2022-08-04,sp500,-0.0007776424495837,0.0123419178113918,0.0160574670518204,0.0062308505307371,1.049127615014851,0.0038671649356945,0.0030963764148803,0.7686092564638066,1,Transition,0.9989
2022-08-05,sp500,-0.0016270690189191,0.0123565318703344,0.0160583717202821,0.0106798530723616,0.993913709460356,0.00072019597556,0.0030565537837407,0.7694760144783401,1,Transition,0.9996
2022-08-08,sp500,-0.0012383171221209,0.0119195245143341,0.0159013465863928,0.0139248951773254,1.016924040212574,0.0010379478601191,0.0035743588106609,0.7495921461477966,1,Transition,0.9996
2022-08-09,sp500,-0.0042577442359264,0.0116846554664583,0.0159126995557853,0.0061152560536948,0.9416346719574746,0.001523336688708,0.0038258150237393,0.7342974977624218,1,Transition,0.9995
2022-08-10,sp500,0.0210671584604074,0.0121178171884621,0.0158546950534826,0.0080209246150684,1.088221902943076,0.0026332771267714,0.0051025161523505,0.7643046521919923,1,Transition,0.9963
2022-08-11,sp500,-0.0007057229222018,0.0120476214459464,0.015843885805328,0.0134291356955251,1.1026933491053743,0.0026476610322478,0.0052173869468786,0.760395624783853,1,Transition,0.9991
2022-08-12,sp500,0.0171740469514926,0.0119429764280982,0.0157906185607517,0.014179510314409,0.9059619697876352,0.0064078842263301,0.0051251277115215,0.7563336662303424,1,Transition,0.9989
2022-08-15,sp500,0.0039616840562331,0.0115185858097823,0.0148002600381146,0.0104465144934806,0.887871364411461,0.007447884462001,0.005743149038625,0.7782691506851162,1,Transition,0.9994
2022-08-16,sp500,0.0018739228259478,0.0103642790502325,0.0147686609177253,0.0110354370225869,1.0363038554858477,0.0086742178743758,0.0044741692977358,0.7017751377711768,1,Transition,0.9997
2022-08-17,sp500,-0.007264114867648,0.0106823171730304,0.0148123197670709,0.0114879826130547,0.9332006445159932,0.0030079632087647,0.0038170388573006,0.7211778668712069,1,Transition,0.9998
2022-08-18,sp500,0.0022669896063847,0.0105922743506459,0.0146465144262038,0.0071315726482087,0.8100713447141155,0.003602505714482,0.0034397350031446,0.7231942046017085,1,Transition,0.9999
2022-08-19,sp500,-0.0129839287130388,0.0108496053553825,0.0147122127575406,0.0112593327865234,0.914587976577382,-0.0024290894184242,0.0032593529321833,0.737455713439271,1,Transition,0.9997
2022-08-22,sp500,-0.0216323664664945,0.0121958832233287,0.0149613317822731,0.0157613264289399,0.9462096511238908,-0.0075478995229697,0.0021120194601933,0.8151602678699333,1,Transition,0.9976
2022-08-23,sp500,-0.0022403704344374,0.0118150262104748,0.0147548983836215,0.0086564717344248,0.9253909142020564,-0.0083707581750468,0.0025805180684346,0.8007528010894321,1,Transition,0.9981
2022-08-24,sp500,0.0029119166987241,0.0104782907263755,0.0144154629045395,0.0088364829675187,0.8729146020393088,-0.0063355518617723,0.0014351114644394,0.726878546721931,1,Transition,0.9998
2022-08-25,sp500,0.013993241836107,0.0105897709617662,0.0145046520038338,0.012609831068125,0.8778788374757418,-0.0039903014158279,0.0015317575666491,0.7300947971014502,1,Transition,0.9998
2022-08-26,sp500,-0.0342685763170395,0.0128497713093479,0.0151450832184685,0.0358285637786605,0.9525023705386438,-0.008247230936628,-0.0008870600382905,0.8484450777846121,2,Stress/Bear,0.7739
2022-08-29,sp500,-0.0066886751973248,0.0129093301806509,0.0149717090610705,0.0113059976392812,0.8526319237857499,-0.0052584926827941,-0.0010801399709109,0.8622482662462231,1,Transition,0.9991
2022-08-30,sp500,-0.011089416492117,0.0130468182866278,0.0148906741879964,0.0200117459635576,0.973823847724543,-0.00702830189433,-0.0013003763765732,0.8761737797704986,1,Transition,0.998
2022-08-31,sp500,-0.007847738208153,0.0124961082721857,0.0149126812825062,0.0153830816411188,1.1504333223967005,-0.0091802328757054,-0.0024686361004854,0.8379518099702605,1,Transition,0.996
2022-09-01,sp500,0.0029917522671948,0.0125512584435638,0.0148611618667834,0.0167841174952231,1.0533492307106889,-0.0113805307894878,-0.0022801663646464,0.8445677771411335,1,Transition,0.9958
2022-09-02,sp500,-0.0107945525707243,0.012692753383049,0.0148604976397901,0.0285964667029867,0.934940309677857,-0.0066857260402248,-0.0027385405422367,0.854127075062627,1,Transition,0.9924
2022-09-06,sp500,-0.0041034646908951,0.0126910985682401,0.0145503177655124,0.0142777218263979,1.0538989004299513,-0.0061686839389389,-0.0028817979206754,0.8722214024989119,1,Transition,0.9979
2022-09-07,sp500,0.0181748486661698,0.0135268616784923,0.0142344881255938,0.0205684760735606,0.9936657105868671,-0.0003158309072815,-0.0017601682755706,0.9502878894655056,1,Transition,0.99
2022-09-08,sp500,0.0065889668804424,0.0125963320911981,0.0132564850902936,0.0163971520318979,1.02076303313694,0.0025715101104375,-0.0024840778545688,0.9502015055575408,1,Transition,0.932
2022-09-09,sp500,0.015156014981211,0.0131991121180791,0.0133632354270057,0.013244491700944,1.0135571193806556,0.0050043626532407,-0.0016909909593982,0.987718295481425,1,Transition,0.9137
2022-09-12,sp500,0.0105286514839956,0.0127760808491697,0.0133072779368514,0.0086633357566772,0.990429123633038,0.0092690034641847,-0.002023260732773,0.9600822128911358,1,Transition,0.9863
2022-09-13,sp500,-0.044199163031974,0.0157753145042258,0.013861994041658,0.0294556879938526,1.0895192812584786,0.0012498637959689,-0.0044313030871834,1.1380263515348434,2,Stress/Bear,0.9909
2022-09-14,sp500,0.0033812890788447,0.0158105852638493,0.0138643268737728,0.0126102087025827,1.1077570914551629,-0.001708848121496,-0.0043559347745386,1.140378859197145,1,Transition,0.9606
2022-09-15,sp500,-0.0113822721681495,0.0158771293077758,0.0136226622311413,0.0181629080978452,1.137922686440602,-0.0053030959312144,-0.0045618426395636,1.165493868847515,1,Transition,0.9559
2022-09-16,sp500,-0.0072080497756631,0.015803833828437,0.0136578847235242,0.0113261385324824,1.9241221516961928,-0.0097759088825892,-0.005035594608666,1.1571216296193074,2,Stress/Bear,1.0
2022-09-19,sp500,0.0068336977247057,0.0159002305170962,0.013632549334502,0.0158850513420319,0.9110893078432628,-0.0105148996344472,-0.0040447132867788,1.1663431488089264,1,Transition,0.9531
2022-09-20,sp500,-0.0113361147366004,0.0154614420757733,0.013145776214173,0.0125702415662158,0.979737335608414,-0.0039422899753725,-0.0035299007002841,1.1761528436109894,1,Transition,0.9657
2022-09-21,sp500,-0.0172646740985063,0.0157576418506133,0.0133243960781084,0.0310243408838169,0.9816141552808156,-0.0080714826108427,-0.0042811158834875,1.1826158392651414,1,Transition,0.8267
2022-09-22,sp500,-0.0084632938304539,0.0156894925969983,0.0131106052323552,0.011029819472534,1.0226345549328346,-0.0074876869433036,-0.0048498764099464,1.1967023885578287,1,Transition,0.8977
2022-09-23,sp500,-0.0173828287673307,0.015269219606271,0.0132952737995872,0.0215718821455273,1.205131896332705,-0.0095226427416371,-0.0064186799401183,1.1484697371742114,1,Transition,0.8207
2022-09-26,sp500,-0.0103943608902805,0.0138440994138034,0.0133136301532277,0.0194005842211137,1.1307090958150152,-0.0129682544646344,-0.0052249691687804,1.039844073665145,1,Transition,0.9504
2022-09-27,sp500,-0.0021226109548247,0.0138563351025757,0.0132350349442796,0.0258383592270052,1.0450584340240858,-0.0111255537082792,-0.0049966659566554,1.0469435978757748,1,Transition,0.9682
2022-09-28,sp500,0.0194811441811523,0.0148026954303739,0.0134887949575966,0.0258480365370663,1.059245725066174,-0.0037763900523475,-0.0034681379229919,1.0974068089038114,1,Transition,0.8972
2022-09-29,sp500,-0.0213527948230975,0.0153122530470345,0.0137428291840101,0.0210440157557674,1.056893757549749,-0.0063542902508762,-0.0041433907537391,1.114199473922762,1,Transition,0.9655
2022-09-30,sp500,-0.0151813515462093,0.0154054843302948,0.0137058168756246,0.0243500582159368,1.2532882844332318,-0.0059139948066519,-0.0050520459444093,1.1240106642379657,1,Transition,0.8898
2022-10-03,sp500,0.0255545775309301,0.0167755713006785,0.0141411576212936,0.0253967501764967,1.053754483194051,0.0012757928775902,-0.0032345894393266,1.1862940609202997,1,Transition,0.7527
2022-10-04,sp500,0.0301253414167998,0.0183540122402126,0.0146273391198215,0.017267520665878,1.1158037325997812,0.0077253833519151,-0.0015231491339419,1.2547745075070489,1,Transition,0.727
2022-10-05,sp500,-0.0020199875589381,0.0177591632412279,0.0145814847122339,0.0222690362192559,0.9267352892607476,0.003425157003897,-0.0025328909451973,1.2179255810848897,1,Transition,0.9721
2022-10-06,sp500,-0.0102979229113952,0.0177039971407676,0.0146300557768356,0.0156789016032152,0.9150504723901528,0.0056361313862374,-0.0033772354347892,1.2101113906072083,1,Transition,0.937
2022-10-07,sp500,-0.028403196531478,0.0179811976254968,0.015071802390645,0.0236313314547505,0.9519550103776372,0.0029917623891837,-0.0055551960104236,1.1930356542265714,2,Stress/Bear,0.7016
2022-10-10,sp500,-0.0075206731336527,0.0175799376339185,0.0148721034574031,0.0177361320687961,0.8201333856800277,-0.0036232877437328,-0.006457662241306,1.1820747269726335,1,Transition,0.9744
2022-10-11,sp500,-0.0065405184123237,0.0151773849153765,0.0148586146800811,0.0201206961494743,1.012136738194586,-0.0109564597095575,-0.0045747300103235,1.021453563616714,1,Transition,0.9858
2022-10-12,sp500,-0.0032961996501662,0.0150661946473218,0.0143869231347416,0.0096392762113679,0.8547643239896895,-0.0112117021278032,-0.0049086044467741,1.047214509052316,1,Transition,0.9734
2022-10-13,sp500,0.0256342593076311,0.0164401004835854,0.0147815592956555,0.0528159651398544,1.0646741729353475,-0.0040252656839979,-0.003057777872985,1.112203398488366,2,Stress/Bear,1.0
2022-10-14,sp500,-0.0239471207445284,0.0170762858623343,0.0149936505098117,0.036929243870456,0.9364332298364542,-0.003134050526608,-0.0038947314214283,1.1389011536023008,2,Stress/Bear,0.9098
2022-10-17,sp500,0.0261355245575618,0.0182215608183168,0.0153864808251685,0.0138881928256595,0.9544835474286956,0.0035971890116348,-0.0029296400797855,1.184257857619449,1,Transition,0.8706
2022-10-18,sp500,0.0113627682070874,0.0183766477221775,0.0154691999556192,0.0205001129484615,0.9786330667291188,0.0071778463355171,-0.0017946959326011,1.1879507521332502,1,Transition,0.9476
2022-10-19,sp500,-0.0066944552396843,0.0180575445510833,0.0154253885172804,0.0167976677155339,0.9204366440912208,0.0064981952176135,-0.00126618498966,1.1706379084620249,1,Transition,0.9657
2022-10-20,sp500,-0.0079826867387666,0.0180477799480238,0.0150421789730288,0.0217034459127134,0.9776302258284034,-0.000225193991666,-0.0012421546350756,1.199811541957064,1,Transition,0.981
2022-10-21,sp500,0.0234477598604472,0.0184311500168965,0.0152866953570196,0.0294370716682765,1.1048306779680377,0.0092537821293291,0.0007993747963132,1.2056987848870169,2,Stress/Bear,0.6597
2022-10-24,sp500,0.0118119402051114,0.0183901567146614,0.0152501451856456,0.0181943376920458,1.0345681148291663,0.006389065258839,0.0019096898510828,1.205900435096934,1,Transition,0.9734
2022-10-25,sp500,0.0161357700158749,0.0186310619228502,0.0154156820110787,0.0164312897235165,1.0522674792006876,0.0073436656205965,0.0028226088996177,1.2085785052818756,1,Transition,0.958
2022-10-26,sp500,-0.0074151403989898,0.0183336720786368,0.0154204670981695,0.016206294680136,1.0451557641827318,0.0071995285887354,0.0014777946706106,1.1889180763410885,1,Transition,0.9531
2022-10-27,sp500,-0.0061011850531844,0.0176380593914761,0.0152775862468113,0.0147505873950388,1.0168925628835257,0.0075758289258518,0.0022403751591063,1.1545056337127495,1,Transition,0.9704
2022-10-28,sp500,0.0243280367708563,0.0177959491083439,0.0156361090317265,0.0249060282718126,0.9800562925630918,0.0077518843079336,0.0042158445749596,1.138131556401596,1,Transition,0.6673
2022-10-31,sp500,-0.0074823270303364,0.0172354502029359,0.0156580991869749,0.0078900327435129,1.059278104724959,0.0038930308608441,0.0025639993468962,1.1007370688565534,1,Transition,0.9351
2022-11-01,sp500,-0.004109663720359,0.0160106256714979,0.0156628031622751,0.0176318011754154,0.9919480217917293,-0.0001560558864026,0.0008522490900383,1.0222069131316538,1,Transition,0.9705
2022-11-02,sp500,-0.0253198437374828,0.0170449052245614,0.0159659428244164,0.0361093632404288,1.0772060323098045,-0.0037369965541012,-0.0003127437188888,1.0675789968692004,2,Stress/Bear,0.8671
2022-11-03,sp500,-0.0106424225319565,0.0170556976358212,0.0157281356433674,0.0140972413327348,1.0128662075586397,-0.0046452440498557,-0.0003299686999169,1.084406824976337,1,Transition,0.9793
2022-11-04,sp500,0.0135268232855639,0.0159654855534647,0.0158557730223188,0.023206163256524,1.1703743902877768,-0.0068054867469141,0.0017665322909351,1.00691940601013,1,Transition,0.8692
2022-11-07,sp500,0.0095680616793591,0.0158994344214609,0.0157312045685814,0.0129373750573427,0.9358095299268638,-0.003395409004975,0.0026209690315857,1.0106940223265202,1,Transition,0.9888
2022-11-08,sp500,0.0055822828287603,0.0157622745741187,0.015742919469334,0.0191007758384774,0.994771536041426,-0.0014570196951512,0.0032271090936399,1.0012294482495685,1,Transition,0.9914
2022-11-09,sp500,-0.0209967847123034,0.0166213474560273,0.0159251718444541,0.0197355202436241,0.9959782506263982,-0.0005924078901153,0.002342079840533,1.0437154222493166,1,Transition,0.9612
2022-11-10,sp500,0.0539525156647976,0.0196416982775679,0.0174866615226689,0.0248814399641796,1.229598667133302,0.0123265797492355,0.0037579926583914,1.1232388899450747,2,Stress/Bear,0.9994
2022-11-11,sp500,0.009198312304769,0.0185489717347267,0.0175333723703523,0.0141900591994847,1.1727837413753646,0.0114608775530765,0.0054152643108562,1.0579237891560251,1,Transition,0.843
2022-11-14,sp500,-0.008975940544918,0.0181417801298631,0.0174951999432373,0.0132844951315623,0.954435168441981,0.0077520771082211,0.0036596910557322,1.0369575762908445,1,Transition,0.9392
2022-11-15,sp500,0.0086753764146691,0.0180916062794084,0.0173292180457573,0.0189567346453476,1.043487650728092,0.0083706958254028,0.0035253214661113,1.043994381722131,1,Transition,0.9591
2022-11-16,sp500,-0.0082862831118737,0.018142363347186,0.0173564758213703,0.0072623199806798,0.8671659062806197,0.0109127961454888,0.0034457300725019,1.0452792107052131,1,Transition,0.836
2022-11-17,sp500,-0.0030941046442292,0.0180127548729846,0.0173526074940733,0.0121092896986163,0.8474524691288952,-0.0004965279163165,0.0036901591772287,1.0380431228642006,1,Transition,0.9746
2022-11-18,sp500,0.0047472956481582,0.0174084020985078,0.0172598104643266,0.0110734290467209,0.85372755662736,-0.0013867312476387,0.0027551359666143,1.008609111582557,1,Transition,0.9858
2022-11-21,sp500,-0.0038912498002756,0.0173323792529199,0.0167025792434164,0.0072557842738164,0.8220532084804891,-0.0003697930987102,0.0019699764663449,1.0377067517731822,1,Transition,0.9811
2022-11-22,sp500,0.0134886062698283,0.0172283041176596,0.0167777638174755,0.0122390458149517,0.8385653938183251,0.0005928528723215,0.0018376182790426,1.0268534177191624,1,Transition,0.9879
2022-11-23,sp500,0.0058972660417383,0.0171087558088062,0.0167326493062579,0.0087205983975054,0.7193001752237614,0.003429562703044,0.002503238601079,1.0224774030498365,1,Transition,0.988
2022-11-25,sp500,-0.0002830842622024,0.0170038942211816,0.0166996724012549,0.0032934958172305,0.386903645130415,0.0039917667794493,0.0027941436406281,1.0182172328065502,1,Transition,0.9062
2022-11-28,sp500,-0.0155646967940648,0.016681668025609,0.0168203159695797,0.0142534954704576,0.8276407843544821,-7.06317089952415e-05,0.000799506962382,0.9917571141813616,1,Transition,0.9903
2022-11-29,sp500,-0.0015931337016243,0.0165794494533965,0.0167621893069613,0.0098847336274152,0.8237739502430814,0.000388991510735,0.0010939666288176,0.9890980915309836,1,Transition,0.9919
2022-11-30,sp500,0.0304786435212949,0.0177693536546095,0.0172025347203767,0.0346877965473104,1.4920756950562817,0.0037869989610283,0.0028233819909003,1.0329497334809254,2,Stress/Bear,0.9963
2022-12-01,sp500,-0.0008680098296065,0.0165289845372972,0.0170499841425076,0.0121768171784368,1.0310157855667172,0.0024339437867593,0.0040459736862942,0.969442809984117,1,Transition,0.9885
2022-12-02,sp500,-0.0011953746637614,0.016219221345839,0.0170316999221665,0.0132254582366147,0.9202606788327796,0.0022514857064475,0.0045183260797039,0.952296096100774,1,Transition,0.9933
2022-12-05,sp500,-0.0180562496309722,0.0168222653241839,0.0170793501618657,0.0169949183872838,0.9945357476407533,0.001753175139066,0.0029391724338771,0.9849476218213638,1,Transition,0.9689
2022-12-06,sp500,-0.014503869422986,0.0171803563552117,0.0171164690495291,0.0210897319592073,1.014562631018855,-0.0008289720052062,0.0017355758787598,1.0037325049633636,1,Transition,0.9742
2022-12-07,sp500,-0.0018641072533816,0.0171732907268343,0.0161375316815543,0.0088690510766982,0.96189186275759,-0.0072975221601415,0.0013632563746527,1.064183238534794,1,Transition,0.9059
2022-12-08,sp500,0.0074936344139332,0.0163844298228431,0.0161608296672549,0.0096782556841627,0.9429568636476704,-0.0056251933114336,0.0027877773309646,1.0138359329435476,1,Transition,0.9568
2022-12-09,sp500,-0.0073767194642132,0.0112342616557046,0.0161209276308202,0.0111783767146833,0.9358830590257696,-0.0068614622715239,-0.0002786844254859,0.696874392899499,1,Transition,0.9998
2022-12-12,sp500,0.01417830729965,0.0115072407164857,0.0161919678938813,0.0138852470068828,0.9592023358157764,-0.0004145508853995,-2.968467574186269e-05,0.7106758605193458,1,Transition,0.9998
2022-12-13,sp500,0.0072632232554572,0.0114153190683332,0.016194911651187,0.026850580090991,1.2400613224112809,0.0039388676502891,0.0007822735142768,0.7048707220021542,1,Transition,0.9937
2022-12-14,sp500,-0.0060711166238359,0.0113547476955155,0.0161438529726015,0.0220533288733626,1.0991502140501122,0.0030974657761982,4.494886235164104e-05,0.7033480616297847,1,Transition,0.9992
2022-12-15,sp500,-0.025237477901826,0.0125762937724844,0.016325115707655,0.0202580160471347,1.1000074412484064,-0.0034487566869536,-0.0008026108771459,0.7703647556131729,1,Transition,0.9956
2022-12-16,sp500,-0.0112002399460116,0.012782954133239,0.016354266716485,0.0163536113559647,1.7601369840490624,-0.0042134607833132,-0.001207917642235,0.7816280824351413,2,Stress/Bear,0.9839
2022-12-19,sp500,-0.0090483289411038,0.012816859645319,0.0162355133880208,0.014359599760442,0.9331383031551752,-0.008858788031464,-0.0018976988716981,0.7894335915965444,1,Transition,0.9993
2022-12-20,sp500,0.0010368006978907,0.01282388538405,0.0161718262930657,0.0111523049753675,0.9353623688076574,-0.0101040725429773,-0.0016512963467898,0.7929769434605394,1,Transition,0.9983
2022-12-21,sp500,0.0147585486690542,0.0129056789112396,0.0162676925239273,0.0129768873272151,0.8872099770230665,-0.0059381394843992,-0.0015877992268285,0.7933318688103618,1,Transition,0.9987
2022-12-22,sp500,-0.0145571424981456,0.013090440337612,0.0162065255960605,0.0232236956527154,0.9225813438731676,-0.0038020724036632,-0.0026105196538227,0.8077265086845027,1,Transition,0.9983
2022-12-23,sp500,0.005850952271915,0.0132190675040516,0.0159647594796884,0.0126898107570789,0.6489099958696228,-0.0003918339600778,-0.0023038178271169,0.8280154499583865,1,Transition,0.9994
2022-12-27,sp500,-0.0040578440346594,0.0128569794312091,0.0158388171767813,0.0087301512412678,0.7022088190086488,0.000606263021211,-0.0017284751891466,0.8117386095002509,1,Transition,0.9996
2022-12-28,sp500,-0.0120934704429486,0.0130638884303765,0.0155973208435332,0.0178525276313625,0.7183912799256894,-0.0020197912069568,-0.0022534920262128,0.8375725909230732,1,Transition,0.9992
2022-12-29,sp500,0.0173106343149943,0.0115743158401346,0.015268607523526,0.0137012609716546,0.730205352022488,-0.0015093740777688,-0.0029118924865278,0.7580465882236348,1,Transition,0.9994
2022-12-30,sp500,-0.0025439756461108,0.0115648023615941,0.0152700803313992,0.010290404939608,0.7383024744122435,0.000893259292638,-0.002995690777353,0.7573504598933867,1,Transition,0.9998
2023-01-03,sp500,-0.0040085724812736,0.0115588596840855,0.0152179730880466,0.0219996875573979,0.9815799730056458,-0.0010786456579996,-0.0031363506682286,0.7595531689541979,1,Transition,0.9994
2023-01-04,sp500,0.0075106945621389,0.011231089983288,0.0147674630819135,0.0148949753085285,1.092567286098682,0.00123506206136,-0.0018580034585731,0.7605294098918916,1,Transition,0.9996
2023-01-05,sp500,-0.0117138691364571,0.0110820889614306,0.0148180614657681,0.0098001805105764,0.9693994737762684,0.0013109823226583,-0.0017185034442466,0.7478771084214895,1,Transition,0.9996
2023-01-06,sp500,0.0225838355890308,0.012341923857943,0.0150461522027842,0.0248081890164926,0.9792673539944312,0.0023656225774656,-0.000496106302126,0.8202711026450478,1,Transition,0.9833
2023-01-09,sp500,-0.0007679273259905,0.0121978511171134,0.0150364147705233,0.015454458947782,1.0720804978478302,0.0027208322414896,-0.0009091843891222,0.8112207133994137,1,Transition,0.9994
2023-01-10,sp500,0.0069539979705937,0.0122188293422269,0.0147162550093122,0.0108541274638004,0.9579652786933366,0.0049133463318631,-0.0001926485173819,0.8302947546434225,1,Transition,0.9994
2023-01-11,sp500,0.0127675711922936,0.0121352887641669,0.0144175951049109,0.0104619920276874,1.0651956331870165,0.0059647216578941,-0.0002631853227497,0.8416999281685613,1,Transition,0.9987
2023-01-12,sp500,0.0034100849120427,0.0120397219516364,0.0140590264457613,0.0151135784695665,1.1078447406591263,0.008989512467594,-0.0004558422399204,0.8563695358341346,1,Transition,0.9974
2023-01-13,sp500,0.003988892144656,0.012002866669222,0.0140019400742031,0.0140732086699653,0.9895301496250865,0.0052705237787191,4.7158198504148027e-05,0.8572288272634361,1,Transition,0.9958
2023-01-17,sp500,-0.0020325554309963,0.0104513819836976,0.013970256435296,0.0077223894053305,1.0673036883885278,0.0050175981577179,0.0012074043220456,0.7481166886308646,1,Transition,0.9997
2023-01-18,sp500,-0.0156849669777446,0.0107747102904853,0.0140917056087451,0.0222888628824744,1.1286495200487303,0.0004898051680502,0.0009831679704589,0.7646136379544227,1,Transition,0.9987
2023-01-19,sp500,-0.0076676719018124,0.0107112927239626,0.0138274711675872,0.0095925468809976,1.047688804796139,-0.0035972434507709,0.0010522008224235,0.7746385867772281,1,Transition,0.9994
2023-01-20,sp500,0.0187416735523519,0.0114182405472658,0.0139507878579304,0.018904410824339,1.0530397925700314,-0.000530925722709,0.0019374444651466,0.818465642481626,1,Transition,0.9983
2023-01-23,sp500,0.0118113159513285,0.0112620145033341,0.0138809595211434,0.0168341700302372,1.0328546806312358,0.0010335590386254,0.0017900828292603,0.8113282432802945,1,Transition,0.9991
2023-01-24,sp500,-0.0007117563642918,0.0106109901576235,0.0138416213412918,0.0084964670278112,0.8765912724199775,0.0012977188519663,0.002482352135953,0.7666002338880066,1,Transition,0.9997
2023-01-25,sp500,-0.0001817415734656,0.0105959262008999,0.0138127245691627,0.0175513270559317,0.9715361524166116,0.0043983639328221,0.0021807174436839,0.7671134067608678,1,Transition,0.9997
2023-01-26,sp500,0.0109477080291143,0.010661987407343,0.0135330928881125,0.0118903737066501,0.9838588462561564,0.0081214399190074,0.0029309950468726,0.7878455793877295,1,Transition,0.9995
2023-01-27,sp500,0.0024917340217038,0.0100621843174858,0.0134924868283042,0.0111802821013645,0.9985838046744157,0.0048714520128778,0.0036602552701052,0.7457620263432533,1,Transition,0.9998
2023-01-30,sp500,-0.0130535693152926,0.0101841552698279,0.0135970266073048,0.012021606162953,0.9617481251982564,-0.0001015250404463,0.0021420450885909,0.7489987012569798,1,Transition,0.9998
2023-01-31,sp500,0.0145363044164195,0.0104823044579851,0.0132748259812676,0.0139135478939263,1.1587665316928462,0.0029480871156958,0.0029960590917174,0.7896378056312731,1,Transition,0.9988
2023-02-01,sp500,0.0103980562968847,0.0104706169821789,0.0132305254119672,0.0271290478514942,1.1895260440647746,0.0050640466897659,0.0037163905306253,0.7913984256972975,1,Transition,0.9888
2023-02-02,sp500,0.0145923846268543,0.0107223955678398,0.013247374813412,0.0128141476058591,1.357362714590281,0.0057929820093139,0.0040704750338611,0.809397765131862,1,Transition,0.9956
2023-02-03,sp500,-0.0104085926372854,0.01062479290189,0.0132976560439258,0.0142633350768239,1.1221094896390638,0.0032129166775161,0.0041357388588197,0.7989974223121286,1,Transition,0.999
2023-02-06,sp500,-0.0061593931939392,0.0099185818991851,0.0133212061662439,0.007601408731073,0.9811739583862468,0.0045917519017867,0.0026985774196712,0.7445708575788679,1,Transition,0.9997
2023-02-07,sp500,0.012790364037397,0.0101302652578075,0.0130794200919203,0.0211695836898114,1.0382502394595206,0.0042425638259822,0.0033764919878406,0.7745194501448424,1,Transition,0.9991
2023-02-08,sp500,-0.0111425730124113,0.0105915895507885,0.0112475354664917,0.0109717613715122,0.958493931843994,-6.556203587692218e-05,0.0024716634386903,0.9416809204418736,0,Calm/Bull,0.8586
2023-02-09,sp500,-0.0088690098310373,0.0105895968981879,0.0112571031067979,0.0212079036123361,1.0160690818473126,-0.0047578409274552,0.0013898343875238,0.940703553811558,1,Transition,0.7645
2023-02-10,sp500,0.0021928557092171,0.0105808691205321,0.0111921689308525,0.0082069177256244,0.9320492523765158,-0.0022375512581547,0.0013289729273825,0.9453814703747668,0,Calm/Bull,0.9563
2023-02-13,sp500,0.0113835699511551,0.0108055217941806,0.0112308794783787,0.0111739762096122,0.830857431415991,0.0012710413708641,0.0016987068177074,0.9621260574457238,0,Calm/Bull,0.9602
2023-02-14,sp500,-0.0002804538554937,0.0107807528046171,0.0111709494275854,0.0156571509117091,0.9501474842081388,-0.001343122207714,0.0017863118964826,0.9650704154111728,0,Calm/Bull,0.9024
2023-02-15,sp500,0.0027693375330766,0.009965626913502,0.011162569381778,0.0106398596232643,0.9883028833441656,0.0014392599013835,0.0027090271220236,0.8927717779537483,0,Calm/Bull,0.9198
2023-02-16,sp500,-0.0138846892048816,0.0103940865007145,0.0113098834090703,0.011502526602245,1.0028632594834803,0.0004361240266147,0.0023981762568702,0.9190268480025804,0,Calm/Bull,0.7459
2023-02-17,sp500,-0.0027712421722827,0.0097039773598303,0.0113034058247791,0.0082273393993866,0.9787209695179712,-0.0005566955496852,0.0013225304706384,0.8585003060367378,0,Calm/Bull,0.9159
2023-02-21,sp500,-0.0202447839734716,0.0104954403878256,0.011485711500453,0.0142995479476861,0.9950112915563252,-0.0068823663346106,-0.0002802745256015,0.9137823449084234,1,Transition,0.5959
2023-02-22,sp500,-0.0015747954856433,0.0104990813529622,0.0114608809636437,0.0101402423794793,0.9758674168382891,-0.0071412346606405,-0.0003234264816691,0.9160797835932044,0,Calm/Bull,0.6893
2023-02-23,sp500,0.0053152782632377,0.0105746656811631,0.0114825519062632,0.0147321515768419,0.9430521907270296,-0.0066320465146083,-4.8575489833938346e-05,0.9209334098803555,0,Calm/Bull,0.6432
2023-02-24,sp500,-0.0105934646197741,0.0104924104417335,0.0113862909538629,0.0088588330417204,0.9243512086445682,-0.0059738015975868,-0.0011256341222783,0.9214950227645388,0,Calm/Bull,0.71
2023-02-27,sp500,0.0030682925395522,0.0105036582806274,0.0113909605433374,0.0111746153192994,0.9154099596565438,-0.0048058946552198,-0.0010968061963859,0.9221047022914194,0,Calm/Bull,0.8561
2023-02-28,sp500,-0.0030406198309477,0.0101359474346016,0.0106754774219109,0.0071836127684784,1.1856835888827764,-0.001365061826715,-0.0005961587221686,0.9494608094808076,0,Calm/Bull,0.9762
2023-03-01,sp500,-0.0047364642034928,0.0095189281956013,0.0106896842568497,0.0082704902652121,1.0041095553778654,-0.0019973955702849,-0.0015597971531643,0.8904779567742408,0,Calm/Bull,0.9199
2023-03-02,sp500,0.0075535937311959,0.0093506233166316,0.010739866594646,0.0157434473843806,1.010332890513869,-0.0015497324766932,-0.0017020202814487,0.8706461327269253,0,Calm/Bull,0.7236
2023-03-03,sp500,0.016018749176483,0.0094859044594298,0.010689807757346,0.0131302139087937,0.9903564185277992,0.0037727102825581,-0.0016307020539673,0.8873783958285999,1,Transition,0.6423
2023-03-06,sp500,0.0006869307788483,0.0092674580961565,0.0105142513018646,0.0083686681387559,0.9782501589922108,0.0032964379304173,-0.0010759258831606,0.8814187363500613,0,Calm/Bull,0.9182
2023-03-07,sp500,-0.0154455904792625,0.0097553325752473,0.0107092397028547,0.0174820549416064,0.961341451817983,0.0008154438007543,-0.0015402357474267,0.9109267180420718,1,Transition,0.5882
2023-03-08,sp500,0.0014137941356032,0.009191107386005,0.0106679414076886,0.0076778119966561,0.8753097595662926,0.0020454954685736,-0.0021090642425164,0.8615633546113054,0,Calm/Bull,0.6881
2023-03-09,sp500,-0.0186318579454823,0.0097160924738698,0.0108984529684772,0.027846144653405,1.094893378523882,-0.003191594866762,-0.00248352848917,0.8915111623615524,1,Transition,0.9872
2023-03-10,sp500,-0.0145839694360666,0.0099938398585083,0.0108937540721482,0.0227186155112263,1.338589018562762,-0.0093121385892719,-0.0027692764694214,0.9173917267013836,1,Transition,0.6148
2023-03-13,sp500,-0.0015109018407387,0.009931170300415,0.0108459128453755,0.0249470768830596,1.5409902629826506,-0.0097517051131894,-0.0029544643469192,0.9156601608364806,1,Transition,0.5414
2023-03-14,sp500,0.0163423882353636,0.0103605896125956,0.0110417836102349,0.0162427775478508,1.2975530853032482,-0.0033941093702641,-0.0027065234327088,0.9383076120955782,1,Transition,0.7289
2023-03-15,sp500,-0.0070053639293535,0.0103868021534893,0.0105859031262088,0.0143938921088527,1.4653938456663054,-0.0050779409832555,-0.0030427689364018,0.9811918765602068,0,Calm/Bull,0.9307
2023-03-16,sp500,0.0174095762490317,0.0112942196045202,0.0107171341442011,0.025339080260302,1.24340196054782,0.0021303458556472,-0.0023107570006041,1.0538469942201223,1,Transition,0.8389
2023-03-17,sp500,-0.0110806212739537,0.0111595840468681,0.0107508546158572,0.014716668920048,1.932166542648036,0.0028310154880698,-0.0021705536040577,1.0380183199955164,2,Stress/Bear,0.9993
2023-03-20,sp500,0.0088788696359408,0.0114274201117694,0.0108059266932262,0.0100542882758169,1.0898239461701804,0.0049089697834057,-0.0015880480136465,1.0575141249970486,0,Calm/Bull,0.9457
2023-03-21,sp500,0.0128986475185591,0.0109736499613762,0.0107670958461,0.0094657422323191,0.9947197513807128,0.0042202216400448,6.912356095501041e-05,1.0191838280469108,0,Calm/Bull,0.9818
2023-03-22,sp500,-0.0166002486398428,0.0115891877096804,0.0108187139554402,0.0262435500215213,0.9122501970953156,0.002301244697947,-0.0006821490967549,1.0712167599045106,1,Transition,0.7754
2023-03-23,sp500,0.0029800838691824,0.0115372310879295,0.0108009463181787,0.0224401486908862,0.9941494436688648,-0.0005846537780228,-0.0007989088164577,1.068168542649963,0,Calm/Bull,0.734
2023-03-24,sp500,0.0056239630843032,0.0113814623848836,0.0108048648878324,0.0160111403658429,0.9065878156885416,0.0027562630936285,1.196256874613959e-05,1.053364618904262,0,Calm/Bull,0.9766
2023-03-27,sp500,0.001645599563767,0.0113657899638108,0.0106759873035596,0.0083821084052302,0.8340112627394337,0.0013096090791937,-5.917208004312014e-05,1.0646125403334965,0,Calm/Bull,0.9969
2023-03-28,sp500,-0.0015750832883878,0.0113502701446175,0.0104581765565014,0.0069675246807483,0.7989764917297694,-0.0015851370821956,1.410474708487112e-05,1.0853010640331486,0,Calm/Bull,0.9964
2023-03-29,sp500,0.0141368707750468,0.0117132819146423,0.0105961519778112,0.0077114010198867,0.8258346951977172,0.0045622868007823,0.0009577714960118,1.1054278892158669,0,Calm/Bull,0.9961
2023-03-30,sp500,0.0056989991994826,0.011665560839181,0.0105956287672532,0.0063567218331505,0.7855804579151898,0.0051060698668423,0.0008650417694261,1.1009786295301829,0,Calm/Bull,0.998
2023-03-31,sp500,0.0143333277820365,0.0115559024149087,0.0107031871976902,0.0132796181308473,0.9003808261177931,0.006847942806389,0.0007807706997038,1.079669279950788,0,Calm/Bull,0.9639
2023-04-03,sp500,0.0036920225658028,0.0115741403784464,0.0105752496992334,0.0069996481589431,0.8406392407626359,0.0072572274067961,0.0009310252890515,1.0944555171387984,0,Calm/Bull,0.9959
2023-04-04,sp500,-0.0058138397451625,0.0110451582955378,0.0102380172112879,0.011281218485909,0.8367339628134511,0.0064094761154412,0.0014126128257565,1.078837636975254,0,Calm/Bull,0.9902
2023-04-05,sp500,-0.0024954816571214,0.0110796731685757,0.0102450912098644,0.0066326071391309,0.7819739362385055,0.0030830056290076,0.0012171490361203,1.0814616426164936,0,Calm/Bull,0.9987
2023-04-06,sp500,0.0035727731328032,0.0100507595879215,0.0102200935548179,0.0091302201085013,0.6936705637295618,0.0026577604156717,0.0023273805900346,0.9834312703706504,0,Calm/Bull,0.9964
2023-04-10,sp500,0.00099580701701,0.0092422953811849,0.0100981718511644,0.0089922032754727,0.695622332734896,-9.743737333559216e-06,0.0031063694126884,0.9152444142767476,0,Calm/Bull,0.9818
2023-04-11,sp500,-4.135333298352082e-05,0.0092094386375679,0.0100915802198212,0.0052689751255747,0.7673758454007176,-0.0007564189170908,0.0031798468380762,0.9125863776496926,0,Calm/Bull,0.975
2023-04-12,sp500,-0.0041434563234613,0.0087984933583436,0.0100987843259205,0.0115910938176716,0.7770613421863641,-0.0004223422327505,0.0021555546101349,0.871242822342544,0,Calm/Bull,0.9737
2023-04-13,sp500,0.0131755104978315,0.0088496501173979,0.010227176080438,0.0122665610232587,0.7947228980088784,0.0027118561982399,0.0031645983314942,0.8653072996684791,0,Calm/Bull,0.865
2023-04-14,sp500,-0.0020715175845779,0.0082510978535062,0.0100076067200844,0.0120817046533662,0.8090556013743372,0.0015829980547637,0.0021905436398137,0.8244826244967285,0,Calm/Bull,0.9594
2023-04-17,sp500,0.0033007035826147,0.0076375085896179,0.0099491466743995,0.0068749314124143,0.8738635621172046,0.0020439773678846,0.0029096098826421,0.7676546380877326,0,Calm/Bull,0.9676
2023-04-18,sp500,0.0008548548034659,0.0075172430815836,0.0096740995034649,0.0070086708768677,0.8749933509075547,0.0022232189951745,0.0025084091410184,0.77704835255118,0,Calm/Bull,0.9841
2023-04-19,sp500,-8.426554793962826e-05,0.0071230058495463,0.0095647945326876,0.0067588047985668,0.8988655488296577,0.0030350571502789,0.0018592634876934,0.7447108064060882,0,Calm/Bull,0.9823
2023-04-20,sp500,-0.0059703351883111,0.0059776175009342,0.0096005716814768,0.0082328640629193,0.9582381392283884,-0.0007941119869496,0.00239075916027,0.622631411884286,0,Calm/Bull,0.9323
2023-04-21,sp500,0.0009027812573008,0.0059848814967917,0.0096003605971141,0.0058449351003118,0.9338763567613244,-0.0001992522185738,0.002286894029676,0.6234017395753622,0,Calm/Bull,0.9521
2023-04-24,sp500,0.0008512167782723,0.0059398011131506,0.0095017486560614,0.0059559821723005,0.8653922387547907,-0.0006891495794423,0.0020482567143744,0.6251271558695088,0,Calm/Bull,0.9624
2023-04-25,sp500,-0.0159371838185764,0.0071752488782134,0.0097253097712885,0.0135204560711996,1.0497494053894034,-0.0040475573038508,0.0011691175452572,0.7377912937433196,0,Calm/Bull,0.815
2023-04-26,sp500,-0.0038485835033448,0.0072387407245145,0.0095874568962986,0.0099408095966282,1.0147632753245197,-0.0048004208949318,0.0010554425345094,0.7550219837034358,0,Calm/Bull,0.9607
2023-04-27,sp500,0.0193771934026963,0.0078095006891392,0.0097298192842085,0.0152224585164331,0.9970963495142328,0.0002690848232696,0.0013174586658919,0.8026357387556036,1,Transition,0.5103
2023-04-28,sp500,0.0082193313132434,0.0079036902245731,0.0096952648654413,0.0102842280124533,1.084492981358171,0.0017323948344581,0.0014434752715799,0.8152113773338674,0,Calm/Bull,0.9779
2023-05-01,sp500,-0.0003861810485107,0.0073027183534695,0.0095095134747778,0.0054703731273865,0.8954576024063854,0.0014849152691015,0.0007074998300525,0.7679381676926632,0,Calm/Bull,0.986
2023-05-02,sp500,-0.0116539066805717,0.0077642443946963,0.0095338385661802,0.0180552691154333,1.2053970991237075,0.0023415706967024,-5.979663226614498e-05,0.814388070534229,1,Transition,0.5235
2023-05-03,sp500,-0.0070229080548929,0.0078159389967615,0.0095438359169348,0.0145302688420521,1.1407258588229827,0.0017067057863928,-0.0001202500477526,0.8189515269109691,0,Calm/Bull,0.9264
2023-05-04,sp500,-0.0072449134550627,0.0079626773927856,0.0094356857664384,0.0084531442208623,1.304979892537402,-0.0036177155851589,-0.0003577216376497,0.8438896323898238,0,Calm/Bull,0.9885
2023-05-05,sp500,0.0183061663818797,0.0089640177699023,0.0096321638659286,0.0150595440465397,1.100138467647477,-0.0016003485714316,0.000378948024804,0.9306338528573366,0,Calm/Bull,0.8701
2023-05-08,sp500,0.000452026484882,0.0089628728875966,0.0095603779286846,0.0044681511338817,0.9542780423207288,-0.0014327070647531,0.0003517589981976,0.9375019433807894,0,Calm/Bull,0.9948
2023-05-09,sp500,-0.0045899389490595,0.0090308246325301,0.0095768575116147,0.0033259602231373,0.9965485638719694,-1.9913518450688333e-05,0.0001243297173938,0.9429841283090648,0,Calm/Bull,0.993
2023-05-10,sp500,0.0044739422419144,0.0090220555215596,0.0094801322018238,0.0133795742142891,1.055304954717576,0.0022794565409107,0.0005551996456626,0.9516803489115828,0,Calm/Bull,0.9933
2023-05-11,sp500,-0.0016980648897067,0.0085264172264437,0.0094826127791519,0.0056915826093946,0.9741837035464164,0.0033888262539819,-0.0001884791237142,0.899163281789748,0,Calm/Bull,0.9918
2023-05-12,sp500,-0.001584561589439,0.0085214508888404,0.0094775461397282,0.010819410957652,0.917793518145287,-0.0005893193402817,-0.0001641313239572,0.8991199581841096,0,Calm/Bull,0.9952
2023-05-15,sp500,0.0029537976803169,0.008514377199859,0.0093101144873173,0.0074898174393151,0.9257666480283372,-8.896510119480588e-05,-0.0001814766190721,0.9145298064226556,0,Calm/Bull,0.997
2023-05-16,sp500,-0.0063981076819174,0.0086216984791482,0.009341361108964,0.0062483701285779,0.9482356296255258,-0.0004505988477663,-0.0005441247433413,0.9229595536002516,0,Calm/Bull,0.9951
2023-05-17,sp500,0.0118206886220715,0.0090551838919802,0.0090695043519659,0.0122752170588298,1.0418029669517188,0.001018750428265,5.112296515920964e-05,0.9984210316870772,0,Calm/Bull,0.9971
2023-05-18,sp500,0.0094007230637271,0.0091688096660527,0.0091341234456989,0.0116006711635773,1.0239411354106525,0.0032385080189518,0.0008196758777611,1.0037974328418124,0,Calm/Bull,0.998
2023-05-19,sp500,-0.0014469138806754,0.009182732113852,0.009119710028372,0.0078029859612646,1.0340148654186891,0.0032660375607045,0.0007021911208623,1.00691053611178,0,Calm/Bull,0.9992
2023-05-22,sp500,0.0001550226798023,0.009183456988021,0.0089982677559078,0.0070457063676424,0.9485356352127304,0.0027062825606016,0.0006673814159388,1.02058054251515,0,Calm/Bull,0.9996
2023-05-23,sp500,-0.0112854687682842,0.0087913201242672,0.0091297381153295,0.0104062968042488,1.0547431739511952,0.0017288103433282,0.0008999671684534,0.962932344083992,0,Calm/Bull,0.9957
2023-05-24,sp500,-0.0073455126783052,0.008924498098102,0.0091761902567652,0.0070421114730259,0.0,-0.002104429916747,0.0007251207097054,0.97257117042907,0,Calm/Bull,0.9892
2023-05-25,sp500,0.0087194560790118,0.0080250163920698,0.0092079768677049,0.0086744945582834,1.1008848993805174,-0.0022406833136901,0.0001922338435211,0.8715287307264893,0,Calm/Bull,0.9899
2023-05-26,sp500,0.0129646809316407,0.0083388503165892,0.0093010483360615,0.013484872796903,0.991042247314848,0.0006416356487731,0.000429501324441,0.8965495087535796,0,Calm/Bull,0.9764
2023-05-30,sp500,1.660313066576836e-05,0.0083372629071545,0.0090875236642275,0.0092544849850311,1.11440807505798,0.0006139517389457,0.0004496405333998,0.9174405718439704,0,Calm/Bull,0.9979
2023-05-31,sp500,-0.006127358186214,0.0079997467820491,0.009129487043888,0.007007471240467,1.5457414553722326,0.0016455738553598,0.0007259679581177,0.8762536978903723,0,Calm/Bull,0.9934
2023-06-01,sp500,0.0098062150858538,0.0080268230003914,0.0089609174483566,0.0144017414703592,1.132975500816545,0.0050759194081916,0.001567424115155,0.8957590611286669,0,Calm/Bull,0.9402
2023-06-02,sp500,0.0144298123901074,0.0082349125639228,0.0091282446287089,0.0115964185465162,1.1560042563130986,0.0062179906704107,0.0026511604074136,0.9021353939204768,0,Calm/Bull,0.9371
2023-06-05,sp500,-0.0020055914906577,0.0074142099148211,0.0087619392885702,0.0075951229800283,0.9944813481773532,0.003223936185951,0.0016355725137867,0.8461836667246516,0,Calm/Bull,0.9963
2023-06-06,sp500,0.0023511302338505,0.0074104143518477,0.0085057892172637,0.0058919508852117,1.0374754977484275,0.0036908416065879,0.0017305277012351,0.8712200787679165,0,Calm/Bull,0.998
2023-06-07,sp500,-0.0038192939264206,0.0073777514160699,0.0085258916738931,0.0082553755594612,1.1669555467548565,0.0041524544585466,0.0017690599523671,0.8653348761937816,0,Calm/Bull,0.9951
2023-06-08,sp500,0.0061695716075232,0.0074200917141044,0.0083284586256607,0.0086028276879302,0.9870213478825058,0.0034251257628805,0.0018538414206475,0.8909321697585715,0,Calm/Bull,0.9981
2023-06-09,sp500,0.0011474010230505,0.0073755486705931,0.0082531497739647,0.0071925866063006,0.9762217854537536,0.0007686434894692,0.0019961147162854,0.8936647065172543,0,Calm/Bull,0.9988
2023-06-12,sp500,0.0092779749817541,0.0074969472971017,0.0080544698945901,0.0082416089165484,1.0118825358984196,0.0030253567839515,0.002539241544845,0.9307809694759848,0,Calm/Bull,0.9986
2023-06-13,sp500,0.0069085707259088,0.0075603443459096,0.0079109389476035,0.0059647517382058,1.086506408199751,0.0039368448823632,0.0027369801971246,0.9556823021873924,0,Calm/Bull,0.9994
2023-06-14,sp500,0.0008190899801265,0.0072679592486757,0.007857322327537,0.012342737025665,1.072440038104433,0.0048645216636726,0.0030978400802268,0.9249918669117368,0,Calm/Bull,0.9879
2023-06-15,sp500,0.0121045804935899,0.0072861463990804,0.0078387654303631,0.0173074716574802,1.0515931988568834,0.006051523440886,0.0031120346738027,0.9295017772642924,0,Calm/Bull,0.5189
2023-06-16,sp500,-0.003678376467751,0.0072789516206007,0.0074982953933248,0.0093047822793892,1.6642291458317058,0.0050863679427257,0.0024580796972288,0.970747515105992,0,Calm/Bull,0.9844
2023-06-20,sp500,-0.004746353835236,0.0074083529303981,0.0075454463643302,0.0075101706950028,0.985402124895496,0.0022815021793276,0.0022931076995008,0.9818309709840082,0,Calm/Bull,0.9998
2023-06-21,sp500,-0.0052590863669252,0.007587346698399,0.0075817255194292,0.005973873196455,0.9014357166924652,-0.0001520292392391,0.0020224022471644,1.0007414115632969,0,Calm/Bull,0.9999
2023-06-22,sp500,0.0037039303873345,0.0069140694471584,0.0075866854860511,0.0069445318873368,0.8599706444085069,0.0004249388422024,0.0027718722049454,0.9113425698047728,0,Calm/Bull,0.9991
2023-06-23,sp500,-0.0076882880565021,0.0069408416414946,0.0076708177016096,0.0057976189674107,1.3804099235676008,-0.0035336348678159,0.0027547334360355,0.904837256142611,0,Calm/Bull,0.9942
2023-06-26,sp500,-0.0044969343631321,0.0069721456789431,0.0075268664820913,0.0078497100476762,0.7852914704988248,-0.0036973464468922,0.0020939139139283,0.9263012298055188,0,Calm/Bull,0.9984
2023-06-27,sp500,0.0113907335241807,0.0068508121139407,0.0076198067773028,0.0112871841858979,0.8230753143279366,-0.0004699289750088,0.0020152165435553,0.8990795061033882,0,Calm/Bull,0.9958
2023-06-28,sp500,-0.0003541393883898,0.00685700343194,0.0074273697217266,0.0068839039296798,0.8661500491639808,0.0005110604206982,0.0019966794176025,0.9232074999419908,0,Calm/Bull,0.9997
2023-06-29,sp500,0.00446356811449,0.0066007519193145,0.0074326851638064,0.006009389921644,0.8795321514985364,0.0006629879661293,0.0025262257326377,0.8880709694871866,0,Calm/Bull,0.9992
2023-06-30,sp500,0.0121943502618858,0.0067590789607504,0.0075133937481977,0.0080981938646828,0.938722316490428,0.0046395156298069,0.0026456324914393,0.8996039855320734,0,Calm/Bull,0.9979
2023-07-03,sp500,0.0011699930926736,0.0061667072802117,0.0074963609159671,0.0031802572435783,0.501230976048695,0.005772901120968,0.0019826415265676,0.8226267850947142,0,Calm/Bull,0.9994
2023-07-05,sp500,-0.0019702580976127,0.0061655095206412,0.007503600204347,0.0039241966174255,0.8616007607060256,0.0031007027966093,0.0019844081962199,0.8216735104129667,0,Calm/Bull,0.9987
2023-07-06,sp500,-0.0079540611758947,0.0065517594472631,0.0075987703333902,0.0085162750461099,0.9144905102255604,0.0015807184391083,0.0014691486257326,0.8622131160450652,0,Calm/Bull,0.9981
2023-07-07,sp500,-0.0028692127957334,0.0065147367670267,0.0076152501133096,0.0097728395335801,0.9119651720579164,0.0001141622570636,0.001516652682267,0.855485594050348,0,Calm/Bull,0.9983
2023-07-10,sp500,0.0024021386106263,0.0064269943084017,0.007585152175973,0.0051434454207788,0.8658234884915987,-0.0018442800731882,0.0013282810324221,0.8473125072902501,0,Calm/Bull,0.9985
2023-07-11,sp500,0.0067195839982548,0.0065385489694841,0.0074577758442695,0.0079247842294934,0.9168346837947164,-0.0007343618920719,0.0016068901811824,0.8767424907934523,0,Calm/Bull,0.9988
2023-07-12,sp500,0.0073839052353896,0.0064344828271679,0.0074886396936177,0.00561470573592,0.99205127108554,0.0011364707745285,0.0015121866938641,0.8592325295943716,0,Calm/Bull,0.9989
2023-07-13,sp500,0.0084344829896271,0.006510435432048,0.0075410807018243,0.0062128094847411,0.9770026393750998,0.0044141796076329,0.00158848230705,0.8633292348234729,0,Calm/Bull,0.9986
2023-07-14,sp500,-0.0010249321969074,0.0065349166253682,0.0075472073790105,0.0062590629775335,0.9353216531277162,0.004783035727398,0.0014962811981983,0.8658721427931577,0,Calm/Bull,0.9987
2023-07-17,sp500,0.0038479695744204,0.0060740319297745,0.007551613420174,0.0061798569182074,0.9148052925833922,0.0050722019201569,0.0010834506522399,0.8043356554174039,0,Calm/Bull,0.9971
2023-07-18,sp500,0.0070920669414283,0.0061069923832956,0.0075233120015757,0.0104742416304956,1.0965696088754897,0.0051466985087916,0.0016219728226988,0.8117425386607013,0,Calm/Bull,0.9879
2023-07-19,sp500,0.0023551348272336,0.0059208469720603,0.007523258381069,0.0045885850044836,1.1025642433803,0.0041409444271604,0.0019770472558223,0.7870056659171911,0,Calm/Bull,0.9972
2023-07-20,sp500,-0.0067798273962576,0.0060274710576555,0.0076012182944909,0.0081987300232335,1.007049105479852,0.0010980823499834,0.0019010102043557,0.7929611838702293,0,Calm/Bull,0.996
2023-07-21,sp500,0.000324042014613,0.0060216402070553,0.0072496273984693,0.0042346829380445,0.9550053258106814,0.0013678771922875,0.0017320157857196,0.8306137510359183,0,Calm/Bull,0.999
2023-07-24,sp500,0.0040260384968748,0.005612964355522,0.007216816245122,0.0048566113948654,1.0627583432903054,0.0014034909767784,0.0023177321133885,0.7777618502225127,0,Calm/Bull,0.9974
2023-07-25,sp500,0.0028107195758387,0.0053789809023945,0.0068454420396411,0.0061741527136916,1.0449699683546343,0.0005472215036605,0.002683114810337,0.7857755381238442,0,Calm/Bull,0.9963
2023-07-26,sp500,-0.0001554509786759,0.0050016017890185,0.0067945474931963,0.0076400365070892,1.087497387061793,4.510434247860788e-05,0.0021058055851942,0.7361199246935665,0,Calm/Bull,0.9945
2023-07-27,sp500,-0.006445393055197,0.0053337105136009,0.0068679437647968,0.0173027702855686,1.2273018260427744,0.0001119912106907,0.0018012429018538,0.7766095204419233,0,Calm/Bull,0.7997
2023-07-28,sp500,0.0098293758104338,0.0056028387394415,0.0067337084554005,0.0057069136067947,1.0689707255543377,0.0020130579698548,0.002069533286651,0.8320584083125808,0,Calm/Bull,0.9981
2023-07-31,sp500,0.0014676354365687,0.0050707700990776,0.0066341888864579,0.0045936504795072,1.1999488431082077,0.0015013773577936,0.0015331975453852,0.7643391205560011,0,Calm/Bull,0.9971
2023-08-01,sp500,-0.0026686453076827,0.0051571528620337,0.0065528984337508,0.0037341796663083,1.0489950278501892,0.0004055043810893,0.0013412656253673,0.7870033259590469,0,Calm/Bull,0.9979
2023-08-02,sp500,-0.0139362006383361,0.006158451122053,0.006514257547992,0.0100102526953488,1.0970315972205276,-0.0023506455508426,0.0007429684983312,0.9453803563464162,0,Calm/Bull,0.9995
2023-08-03,sp500,-0.0025512254502915,0.005868550171328,0.0065335989352822,0.0075413202635915,1.0594424771801312,-0.0015718120298615,0.0010131102846113,0.8982109599101952,0,Calm/Bull,0.9996
2023-08-04,sp500,-0.0053141693739379,0.005978121892624,0.006545518743094,0.0146917377103163,1.0510771847191458,-0.0046005210667359,0.0008908624557011,0.9133152202690336,0,Calm/Bull,0.9964
2023-08-07,sp500,0.0089836189648565,0.0062410518850917,0.0066071080750788,0.0063495236803614,0.885617049557796,-0.0030973243610783,0.0012199364734126,0.9445966093141638,0,Calm/Bull,0.9996
2023-08-08,sp500,-0.0042272051000588,0.0062133026342107,0.0066356513507514,0.0086500635395719,0.9814800405030952,-0.0034090363195535,0.0006725970184969,0.9363515811461668,0,Calm/Bull,0.9997
2023-08-09,sp500,-0.0070636191020451,0.006231787345069,0.0067149987940922,0.0092015514974529,0.9622360735930576,-0.0020345200122953,-4.977919837476055e-05,0.9280399797765564,0,Calm/Bull,0.9997
2023-08-10,sp500,0.0002506825210808,0.0059055154400189,0.006713013845784,0.0155410239589238,1.1301615052293903,-0.0014741384180209,-0.000458969221802,0.8797114940747084,0,Calm/Bull,0.9937
2023-08-11,sp500,-0.0010702648992294,0.0059057527939293,0.0066444981017281,0.0072243817634238,0.9404642898621248,-0.0006253575230792,-0.0004612358569181,0.8888184936637102,0,Calm/Bull,0.9995
2023-08-14,sp500,0.005734004879419,0.0059926020403678,0.0065277958417631,0.008216578083593,0.9719644212643238,-0.0012752803401667,-0.0003669340916682,0.9180130913452834,0,Calm/Bull,0.9997
2023-08-15,sp500,-0.0116181393960964,0.0062228933801823,0.0066472974182294,0.0105186232146446,0.959042881585701,-0.0027534671993742,-0.0013024444085444,0.9361538966372578,0,Calm/Bull,0.9992
2023-08-16,sp500,-0.0075840817926245,0.0063116655546838,0.0067311175140543,0.0105351755663039,0.94370966229518,-0.0028575597374901,-0.0017994052395373,0.9376846476837382,0,Calm/Bull,0.9992
2023-08-17,sp500,-0.007742811377529,0.0063551819890461,0.00682103573751,0.012891351173013,0.9891596757847756,-0.0044562585172121,-0.0018475544386009,0.931703370808908,0,Calm/Bull,0.9984
2023-08-18,sp500,-0.0001487178839572,0.0063475542888652,0.0066386722249661,0.0106436733881123,0.983764539637442,-0.0042719491141576,-0.0018711924335294,0.9561481684536108,0,Calm/Bull,0.9995
2023-08-21,sp500,0.0068556348597997,0.006515234433452,0.0065935295238558,0.0107391976831175,0.931954808250145,-0.0040476231180815,-0.0017297126153832,0.988125466016269,0,Calm/Bull,0.9997
2023-08-22,sp500,-0.0027813310465456,0.0064295540488208,0.0065356067885902,0.0081639698267314,0.8841216075043271,-0.0022802614481713,-0.0020093151465024,0.9837730843975336,0,Calm/Bull,0.9998
2023-08-23,sp500,0.0109843307107913,0.0070510821251442,0.0064785126511912,0.0105365490259272,0.9649082992996798,0.0014334210525118,-0.001452326062029,1.0883797724540452,0,Calm/Bull,0.9999
2023-08-24,sp500,-0.013549353984008,0.0074816318128502,0.0067409066426979,0.0189086236788693,0.9461630536550052,0.000272112531216,-0.0018075241084696,1.109885095494484,0,Calm/Bull,0.9855
2023-08-25,sp500,0.0066955010602951,0.0072544520480388,0.006725210907097,0.0141112153151749,0.8449371266272675,0.0016409563200665,-0.0019642178459765,1.0786950994181153,0,Calm/Bull,0.9996
2023-08-28,sp500,0.0062450785941964,0.0074494370990526,0.0066604760759478,0.0055444076322504,0.7733794064585103,0.0015188450669458,-0.0017253456880951,1.1184541486387023,0,Calm/Bull,0.9999
2023-08-29,sp500,0.0144040687120565,0.0082687823366328,0.0066595851127298,0.0152213416224213,0.8853171703481212,0.0049559250186662,-0.0008717099871082,1.2416362576141542,0,Calm/Bull,0.9805
2023-08-30,sp500,0.0038258541811929,0.0077279197474935,0.0066602401373339,0.0062150311892537,0.8216823019364887,0.0035242297127466,1.6392753868235752e-05,1.1603064736622168,0,Calm/Bull,1.0
2023-08-31,sp500,-0.0015982129743398,0.0077141803999844,0.0066653158619398,0.0055171925221043,1.0611544016277796,0.0059144579146802,6.404337766581924e-05,1.15736156541865,0,Calm/Bull,0.9998
2023-09-01,sp500,0.0017975127655185,0.0076165123535404,0.0066380301462059,0.0088356807745252,0.8835576049885706,0.0049348602557249,0.0004196274846386,1.1474055082280326,0,Calm/Bull,0.9999
2023-09-05,sp500,-0.0042029978213812,0.0074039332354118,0.0066346566182844,0.0040651465854636,0.95934238286909,0.0028452449726093,-0.0002397033546732,1.1159482187830738,0,Calm/Bull,1.0
2023-09-06,sp500,-0.0069960144914322,0.0075075771355178,0.0067096650090234,0.0107424543506103,0.9360577944536074,-0.0014347716680883,-0.0003781438242419,1.1189198157316893,0,Calm/Bull,1.0
2023-09-07,sp500,-0.0032164331157329,0.0073753887993167,0.0066302553731872,0.0061445150716849,1.0310470698617284,-0.0028432291274735,-0.0001857845249263,1.112383819957041,0,Calm/Bull,1.0
2023-09-08,sp500,0.001425606062257,0.00738372282637,0.0065769581085591,0.0056421665604111,0.908342997031078,-0.0022384653201541,-0.0001270383478674,1.1226653271154183,0,Calm/Bull,1.0
2023-09-11,sp500,0.0067009514981355,0.0075344125309761,0.0066279462171117,0.0050986266198841,0.9442190079721154,-0.0012577775736307,0.0002615224720007,1.1367642832592926,0,Calm/Bull,1.0
2023-09-12,sp500,-0.0057121690230039,0.0075315695333549,0.006493893356963,0.0067862986214335,0.9689142798484702,-0.0015596118139553,-0.0003107862231203,1.1597926112043808,0,Calm/Bull,1.0
2023-09-13,sp500,0.0012408621175346,0.0070488891766818,0.006475957864664,0.005790814767922,0.9996040588779742,8.776350783804375e-05,0.0003321638525611,1.0884705126239331,0,Calm/Bull,1.0
2023-09-14,sp500,0.0083945855336662,0.0070098417342691,0.0065272540406345,0.0073916876976993,1.0349309621980114,0.0024099672377178,0.0011310972188756,1.0739342594344254,0,Calm/Bull,1.0
2023-09-15,sp500,-0.0122341458424939,0.0073716905355944,0.0066904800063234,0.0114081732407091,1.8863236548621152,-0.0003219831432323,0.0009065304956274,1.101817885805972,2,Stress/Bear,0.7794
2023-09-18,sp500,0.0007210276941755,0.0073677020804428,0.0066759755918416,0.0054451190785399,0.8694164648787217,-0.0015179679040243,0.000950017774534,1.1036142926355976,0,Calm/Bull,1.0
2023-09-19,sp500,-0.0021533273615331,0.0072622818395988,0.0066019704589962,0.0074798845428245,0.9957145666721204,-0.0008061995717301,0.0004995696634674,1.100017318269387,0,Calm/Bull,1.0
2023-09-20,sp500,-0.009439204206291,0.0075667992456389,0.0066938212324367,0.0135500203755535,0.9140065295060602,-0.0029422128364952,0.0001666760054801,1.130415495557584,0,Calm/Bull,0.9999
2023-09-21,sp500,-0.016536918318488,0.0079867983779221,0.0068766335974281,0.0107460215790993,1.0142244091348156,-0.0079285136069261,-0.0012093864459837,1.1614401530581977,0,Calm/Bull,0.9985
2023-09-22,sp500,-0.0022982374027607,0.0074500845442477,0.0068820206497215,0.0094696988962849,0.9324354080318328,-0.0059413319189794,-0.0006468306169214,1.0825431836722637,0,Calm/Bull,1.0
2023-09-25,sp500,0.0040149942038066,0.0073342561599045,0.0068770908771882,0.0082559230320754,0.8908344807986163,-0.0052825386170532,-0.0007808559597458,1.0664765510417795,0,Calm/Bull,0.9999
2023-09-26,sp500,-0.0148441654822649,0.0077738091406402,0.0069351153417598,0.0110049040302945,0.96106570421892,-0.0078207062411996,-0.0018353181635689,1.120934369156079,0,Calm/Bull,0.9995
2023-09-27,sp500,0.0002292877722947,0.0068005756466353,0.0069319343361289,0.0125020047529207,1.0650763671857288,-0.0058870078454824,-0.002544057210557,0.9810502115103878,0,Calm/Bull,0.9989
2023-09-28,sp500,0.0058758771430006,0.0069161068568762,0.006981234292594,0.0123008894379218,1.045691483996521,-0.0014044487531847,-0.0024415560624666,0.9906710714770128,0,Calm/Bull,0.999
2023-09-29,sp500,-0.0027132596482893,0.0069134444757979,0.0069196778983239,0.0135936012214177,1.0522055583483414,-0.0014874532022904,-0.0024973083961641,0.9990991744677176,0,Calm/Bull,0.9992
2023-10-02,sp500,7.936440615299324e-05,0.006867791831245,0.0069128414398044,0.0094138163507644,1.061985796365317,-0.0022745791618211,-0.0025832158141323,0.993483199498834,0,Calm/Bull,0.9995
2023-10-03,sp500,-0.0138393958634491,0.0073111292788149,0.0071153173272296,0.0152974273353441,1.0599659852638554,-0.002073625238058,-0.0030650357162357,1.02751977776676,0,Calm/Bull,0.9966
2023-10-04,sp500,0.0080770476078289,0.0076534587362299,0.0071414030007104,0.0112623909777191,1.0078745535554086,-0.0005040732709511,-0.0023113826112727,1.071702400140221,0,Calm/Bull,0.9998
2023-10-05,sp500,-0.0013048811469951,0.00765349734006,0.0070629348438049,0.0096801051925098,0.957875843380438,-0.0019402249289503,-0.0022158050128358,1.0836143202953588,0,Calm/Bull,1.0
2023-10-06,sp500,0.0117456420939611,0.0082375308726044,0.0071488602755508,0.0242660538397934,1.0347171176216643,0.0009515554194997,-0.0016998032112506,1.1522858966452192,2,Stress/Bear,0.7913
2023-10-09,sp500,0.0062840681193874,0.0082156532713135,0.0072063444900288,0.0133635800127755,0.8440149111613975,0.0021924961621466,-0.001720647380188,1.1400583586700948,0,Calm/Bull,0.9998
2023-10-10,sp500,0.0051944760999853,0.0082983230935802,0.0072226362621461,0.010513377362118,0.9348495452944224,0.0059992705548335,-0.0011753151240385,1.1489327154783806,0,Calm/Bull,0.9996
2023-10-11,sp500,0.004283819500095,0.0083725190073603,0.0071808066568813,0.0076081041553575,0.9555553197247146,0.0052406249332867,-0.0010231672549105,1.165958005475196,0,Calm/Bull,0.9998
2023-10-12,sp500,-0.0062660249406549,0.0081432220126403,0.0072055716643122,0.0138908830387423,0.9842909065075532,0.0042483961745548,-0.0017561977786265,1.1301285160998529,0,Calm/Bull,0.9983
2023-10-13,sp500,-0.0050314956602198,0.0078078081778418,0.0071845176711335,0.015049259908253,0.9895792798098286,0.0008929686237186,-0.0013960652695128,1.086754676547401,0,Calm/Bull,0.9998
2023-10-16,sp500,0.0105386423025899,0.0082443326201516,0.0073306349544731,0.0093652096850866,0.9428754554750184,0.0017438834603591,-0.0009051845390921,1.124640999224897,0,Calm/Bull,0.9999
2023-10-17,sp500,-9.824987944376509e-05,0.0082407635777693,0.0073057324498725,0.0128120787189908,1.046695641560838,0.0006853382644732,-0.0008024306649877,1.1279859527175993,0,Calm/Bull,1.0
2023-10-18,sp500,-0.0134904082511518,0.0085096348114534,0.0074749561913139,0.0139897905243381,1.0114142631024894,-0.002869507285776,-0.0010049908672307,1.1384193557337206,0,Calm/Bull,0.9998
2023-10-19,sp500,-0.0085190323280579,0.0079069241201614,0.0075376226587844,0.0163277460627045,1.084684659083923,-0.0033201087632567,-0.0006040965677092,1.0489944214634648,0,Calm/Bull,0.9996
2023-10-20,sp500,-0.0126651491961559,0.0083511573926152,0.0076544060991833,0.0126724062198014,1.0843612661691568,-0.0048468394704439,-0.0011224421573789,1.0910261729523534,0,Calm/Bull,0.9998
2023-10-23,sp500,-0.0016869920654349,0.0082634088734649,0.0075164945849816,0.0157977226417466,1.014658825302868,-0.0072919663440488,-0.001407541470841,1.099370029478321,0,Calm/Bull,0.9997
2023-10-24,sp500,0.0072395235196288,0.0078379609328727,0.0075901856968182,0.0094050647360479,1.0221447034056113,-0.0058244116642343,-0.0003033570207463,1.032644159965458,0,Calm/Bull,0.9995
2023-10-25,sp500,-0.014443434657238,0.0084483964409176,0.0077764230486448,0.0121812279542667,1.0349520354027275,-0.0060150169454516,-0.001036993142223,1.0864116301375766,0,Calm/Bull,0.9997
2023-10-26,sp500,-0.0119030812055848,0.0086164230344324,0.0077255076741234,0.0134631614813419,1.1375898856078115,-0.0066918267209569,-0.0019259410596523,1.11532127050927,0,Calm/Bull,0.9996
2023-10-27,sp500,-0.0048118385786207,0.0086392632011352,0.0077364721567102,0.0128529640644497,1.0667625633883744,-0.0051211645974499,-0.0020308700061688,1.1166928576925028,0,Calm/Bull,0.9999
2023-10-30,sp500,0.0119384743002859,0.0091816695856317,0.007910514759989,0.0106868727989334,1.0383833658585346,-0.0023960713243057,-0.0014379145114622,1.1606917961991676,0,Calm/Bull,0.9997
2023-10-31,sp500,0.0064540848216882,0.0088545370976199,0.0078619100245795,0.0101172419943783,1.1237975023989455,-0.0025531590638939,-0.0004232404772053,1.1262577503351097,0,Calm/Bull,0.9999
2023-11-01,sp500,0.0104511949901918,0.0089893806866646,0.0079947185232307,0.0113028518849281,1.1107303428609965,0.002425766865592,-0.0003045331080872,1.124414907234515,0,Calm/Bull,0.9999
2023-11-02,sp500,0.0186829389340864,0.0099337756860634,0.0083468419770781,0.0119182662801983,1.210374251353441,0.0085429708935263,0.0006948578959668,1.1901238472398616,0,Calm/Bull,0.9882
2023-11-03,sp500,0.0093498835445514,0.009807142249335,0.0084440805738731,0.0090378763774552,1.1745782652809895,0.0113753153181607,0.0005750699684963,1.1614221540802625,0,Calm/Bull,0.9832
2023-11-06,sp500,0.0017514577241005,0.0097202575861744,0.0084482387201829,0.0056528375969786,0.933773378236778,0.0093379120029237,0.000348439448732,1.1505661603705135,0,Calm/Bull,0.9992
2023-11-07,sp500,0.0028360934017119,0.0096725629211457,0.0084209890931751,0.0070458960164926,0.9648834034216288,0.0086143137189284,0.0002305203138183,1.1486255134785663,0,Calm/Bull,0.9995
2023-11-08,sp500,0.0010044110324198,0.0096279279684919,0.0082931545556823,0.0071736275215066,0.9476336917112828,0.006724956927374,6.654989043461061e-05,1.1609488167436857,0,Calm/Bull,0.9999
2023-11-09,sp500,-0.0081166906990687,0.0097006120716543,0.0083014642915442,0.0113770365455878,0.98879463420013,0.001365031000743,-2.598339748607877e-05,1.1685422873570928,0,Calm/Bull,0.9999
2023-11-10,sp500,0.0154957592707722,0.010215407736992,0.0084844803501594,0.0146515111233595,0.9278892613023432,0.0025942061459871,0.0010003793490635,1.2040110077926154,0,Calm/Bull,0.9991
2023-11-13,sp500,-0.00083618844137,0.0099701178047796,0.0084853825919388,0.0063333618894118,0.8429984350151113,0.002076676912893,0.0004316378118655,1.174975635659769,0,Calm/Bull,1.0
2023-11-14,sp500,0.0188953704745772,0.010788035511986,0.008783551973839,0.0110549424721581,1.177737409170634,0.0052885323274661,0.0013813188295665,1.2282087638482893,0,Calm/Bull,0.9976
2023-11-15,sp500,0.0015957382078471,0.0102051344469001,0.0087751967551458,0.0057429609392773,1.0802953337887609,0.0054067977625515,0.0021356261525165,1.162952208554848,0,Calm/Bull,0.9998
2023-11-16,sp500,0.0011897193967137,0.0098979280440993,0.0086659989381806,0.0053591102057473,0.9852685144489788,0.007268079781708,0.0026210637387551,1.1421566186087333,0,Calm/Bull,0.9997
2023-11-17,sp500,0.0012812279371779,0.0092332704877058,0.0084745670413582,0.0045325365968635,0.9413783125900166,0.0044251735149892,0.0033183825954218,1.0895271041747563,0,Calm/Bull,0.9998
2023-11-20,sp500,0.0073631037937956,0.0091967476413865,0.0084832512761152,0.0102806453836633,0.90985739379112,0.0060650319620223,0.0037708873883833,1.084106475459491,0,Calm/Bull,0.9988
2023-11-21,sp500,-0.0020229759317579,0.0092459689571207,0.0084559099805254,0.003664538353059,0.8798917489661633,0.0018813626807553,0.0033077624158139,1.0934327563106638,0,Calm/Bull,0.9997
2023-11-22,sp500,0.0040529050943133,0.008248174943393,0.0082686595135482,0.0051310775294959,0.7705215449934306,0.0023727960580485,0.0042325794033915,0.9975226250250604,0,Calm/Bull,0.9989
2023-11-24,sp500,0.000596695609645,0.0073901189175374,0.0082552713174974,0.0016472239761958,0.429512358730189,0.0022541913006348,0.004857568244153,0.8952000041323607,0,Calm/Bull,0.996
2023-11-27,sp500,-0.0019560693168983,0.0072190674142448,0.0082566947380251,0.0031206270097446,0.8990176275584046,0.0016067318498195,0.0050003567072391,0.8743289710104425,0,Calm/Bull,0.9718
2023-11-28,sp500,0.0009796385280502,0.0070792790562323,0.008254615984113,0.0060660894696473,0.9512323151195764,0.0003300387966704,0.0044524149186274,0.8576145843558605,0,Calm/Bull,0.9778
2023-11-29,sp500,-0.0009466966151019,0.0071620814080797,0.0082362370818181,0.0088978182297329,1.1694285407668814,0.0005452946600016,0.0040823758467878,0.8695817443004854,0,Calm/Bull,0.9795
2023-11-30,sp500,0.0037769312649946,0.0070034462987151,0.0081940660535698,0.0071478400411166,1.4070630955466283,0.0004900998941379,0.003748662660528,0.8546973203448803,0,Calm/Bull,0.9882
2023-12-01,sp500,0.0058565589538466,0.0060918485610271,0.0082103186860084,0.0097244341591884,1.1499795810312683,0.0015420725629782,0.003107343661516,0.7419746777197047,0,Calm/Bull,0.9834
2023-12-04,sp500,-0.0054231880638269,0.0061899334407091,0.0082451739981183,0.0056129405681794,1.145875889383202,0.0008486488135925,0.0023686900810971,0.7507341193917434,0,Calm/Bull,0.9945
2023-12-05,sp500,-0.0005690315939348,0.0062237670236612,0.008204546031939,0.0058854439233726,1.0218675927536378,0.0005389147891955,0.0022526656151953,0.7585754287236687,0,Calm/Bull,0.9961
2023-12-06,sp500,-0.0039138519449437,0.0063717208534839,0.0081854975739517,0.0097245393605356,1.1030602486203562,-5.451627677285067e-05,0.0019151683478625,0.7784158257844089,0,Calm/Bull,0.9945
2023-12-07,sp500,0.0079366106848219,0.0065066897776478,0.0082436530382904,0.0056044495707085,0.9910238033543538,0.0007774196071926,0.0022617783304826,0.7892968987686949,0,Calm/Bull,0.9955
2023-12-08,sp500,0.0040871341465037,0.0060374962691632,0.0081917542440448,0.0076383785360163,0.964417587786609,0.000423534645724,0.0028719695727612,0.7370211665654225,0,Calm/Bull,0.9921
2023-12-11,sp500,0.0039168135477814,0.0052695944925021,0.0080346399183006,0.0065592683957135,0.99260648741623,0.0022915349680457,0.0022930222866117,0.6558594468557957,0,Calm/Bull,0.995
2023-12-12,sp500,0.0045888127956924,0.0052395814344334,0.0080508621969545,0.0077180546813569,0.9826062759519372,0.0033231038459711,0.0025642723484648,0.6508099761557742,0,Calm/Bull,0.9921
2023-12-13,sp500,0.0135583451750198,0.0044387749490123,0.0082105192705074,0.0141191188491429,1.3003858925600025,0.0068175432699638,0.002297421083487,0.5406204897364489,1,Transition,0.5353
2023-12-14,sp500,0.0026435651851544,0.0044362400967488,0.0080985795219559,0.0093716524454981,1.5815533039451164,0.0057589341700303,0.0023498124323523,0.5477800254627142,0,Calm/Bull,0.9817
2023-12-15,sp500,-7.625240044859478e-05,0.0044626174654514,0.0077606777431679,0.0044159790152015,1.9545610419531296,0.0049262568606399,0.0022865138424942,0.575029348355573,0,Calm/Bull,0.9904
2023-12-18,sp500,0.0045181222634005,0.0044828899299974,0.0077549985276538,0.0050500238601241,0.9623526461652154,0.0050465186037637,0.0024483585588053,0.5780645752557758,0,Calm/Bull,0.9945
2023-12-19,sp500,0.0058492674508189,0.0044076883540863,0.0077684919106152,0.0052365328086628,0.9501402688348368,0.005298609534789,0.0023726667416565,0.5673801819969017,0,Calm/Bull,0.994
2023-12-20,sp500,-0.0147931479653056,0.0057870830360713,0.0077666664773943,0.0170676811517839,0.9832704628016932,-0.000371689093276,0.0017341581399791,0.7451180056354024,0,Calm/Bull,0.5941
2023-12-21,sp500,0.0102487693072718,0.0060763512704929,0.0078444679288586,0.0085026309119397,0.7993950916547741,0.0011493517311474,0.002043951350627,0.7746033670606186,0,Calm/Bull,0.9945
2023-12-22,sp500,0.001658682152761,0.0060676725048239,0.0078257122901342,0.0076073054615145,0.6983865525569249,0.0014963386417893,0.0020970506777828,0.7753508281250475,0,Calm/Bull,0.9976
2023-12-26,sp500,0.0042227610469785,0.0060074441037733,0.0078109875336187,0.0055018628265877,0.582182358826145,0.0014372663985049,0.0024059921959767,0.7691017400702725,0,Calm/Bull,0.9983
2023-12-27,sp500,0.0014294356164229,0.0060026633151911,0.0078079147933995,0.0034486998242359,0.6427332926351152,0.0005533000316257,0.0024284820503953,0.7687921133905745,0,Calm/Bull,0.998
2023-12-28,sp500,0.0003701061103271,0.0059708315239082,0.0075358240771134,0.002575563980731,0.6440892793665594,0.0035859508467523,0.0024943221866668,0.7923262887786771,0,Calm/Bull,0.9989
2023-12-29,sp500,-0.0028304770367338,0.0060779639126648,0.0075195406692105,0.0076396728624291,0.7668427108473412,0.0009701015779511,0.0021639517715803,0.8082892532986267,0,Calm/Bull,0.9978
2024-01-02,sp500,-0.0056766607997231,0.0062537582845333,0.0075718189680749,0.0066753722415702,0.92562001864569,-0.0004969670125456,0.0015872907839019,0.8259254890933128,0,Calm/Bull,0.9981
2024-01-03,sp500,-0.0080486183271976,0.0064336273122495,0.0075621993926661,0.0062871992188014,0.9820743759589696,-0.0029512428873809,0.0014560192707333,0.8507613960151494,0,Calm/Bull,0.9973
2024-01-04,sp500,-0.0034342716633174,0.0065125113671906,0.0075613435128883,0.0083712257028621,0.9258265765861172,-0.0039239843433289,0.0013127572672642,0.8612902397688981,0,Calm/Bull,0.9974
2024-01-05,sp500,0.0018240216394339,0.0063954797753674,0.0075444563749023,0.008383725151113,0.9627572275911586,-0.0036332012375076,0.0015996509464831,0.8477058461949541,0,Calm/Bull,0.9964
2024-01-08,sp500,0.0140159454363531,0.006841438999787,0.0077135446197589,0.0135865793743779,0.9380998534688992,-0.0002639167428902,0.0019036176840596,0.8869384099058795,0,Calm/Bull,0.9786
2024-01-09,sp500,-0.0014789938523175,0.0068611250105122,0.0076573485854647,0.0073836050010511,0.8868348255189236,0.0005756166465908,0.0016253112841186,0.8960183716248813,0,Calm/Bull,0.9994
2024-01-10,sp500,0.0056499806504959,0.0069024117801092,0.0076272581905076,0.0072331910989489,0.8825742244322371,0.0033153364421296,0.0017119696392543,0.9049663204924108,0,Calm/Bull,0.9995
2024-01-11,sp500,-0.0006712808369611,0.0068872219832934,0.0075431288721464,0.0123257240193292,0.9490472901887852,0.0038679346074008,0.0014489649576216,0.913045779812282,0,Calm/Bull,0.9969
2024-01-12,sp500,0.0007506937530339,0.0062697746243988,0.0075409110650383,0.0069860177575744,0.897873270310631,0.0036532690301208,0.0008085823865223,0.8314346330733368,0,Calm/Bull,0.9983
2024-01-16,sp500,-0.0037383190523568,0.0063335453257651,0.0073141145847406,0.0073898184018465,1.1270664184971635,0.0001024161323788,0.0004894881746468,0.8659346599489652,0,Calm/Bull,0.9991
2024-01-17,sp500,-0.0056327312711078,0.0064798469651705,0.0072552987112644,0.0062057086502624,1.1017774104500864,-0.0007283313513791,0.0002116642311138,0.8931192529826552,0,Calm/Bull,0.9993
2024-01-18,sp500,0.0087667207262431,0.0066945413684923,0.007060720772213,0.0094584360811796,1.127783892024584,-0.0001049833362297,0.0004240941542559,0.9481385235963744,0,Calm/Bull,0.9996
2024-01-19,sp500,0.0122383082325485,0.0071067905090061,0.0071634647553279,0.0116119654182419,1.1986677430966934,0.0024769344776721,0.0007435461933424,0.992088430911926,0,Calm/Bull,0.9994
2024-01-22,sp500,0.0021919211872316,0.0060953271639529,0.0071339997015135,0.005022307440716,1.1999630317536016,0.0027651799645117,0.0015927996509693,0.854405301230915,0,Calm/Bull,0.999
2024-01-23,sp500,0.0029171153407644,0.0057585067295812,0.006790856893783,0.0045450525916616,1.0852209645564193,0.004096266843136,0.0012262169526439,0.8479793963635271,0,Calm/Bull,0.9989
2024-01-24,sp500,0.0008115989762168,0.0057582736802643,0.0065270139795752,0.0077518431337938,1.179942425748618,0.0053851328926009,0.0011838627938167,0.8822217476909896,0,Calm/Bull,0.9984
2024-01-25,sp500,0.0052465781349779,0.0057911681534013,0.0064592935018628,0.0058866194962906,1.0735397549066468,0.0046811043743479,0.0012350536482167,0.8965637111444438,0,Calm/Bull,0.9995
2024-01-26,sp500,-0.0006519977554263,0.0058061741341473,0.0063638474455334,0.0051563852272009,0.8882544676611829,0.0021030431767529,0.0011309819796242,0.9123685292334428,0,Calm/Bull,0.9999
2024-01-29,sp500,0.0075283655052462,0.0059749787643399,0.0063761719313733,0.0085046164931417,0.9236425919562372,0.0031703320403558,0.0014888949493702,0.937079305365137,0,Calm/Bull,0.9998
2024-01-30,sp500,-0.0006008303969786,0.005910599154391,0.0063073856354514,0.0030091195626083,0.9958573116709692,0.0024667428928072,0.0016003772813579,0.9370917676524848,0,Calm/Bull,0.9999
2024-01-31,sp500,-0.0162368517407336,0.0069713852705991,0.0063996359129009,0.012712453210137,1.2042131510511658,-0.0009429472505828,0.0010723677343074,1.0893409196210022,0,Calm/Bull,0.9995
2024-02-01,sp500,0.0124162861140497,0.007063454950861,0.0064717939171614,0.010894440686326,1.1184702415499344,0.0004909943452314,0.0020956129563698,1.0914214885814888,0,Calm/Bull,0.9998
2024-02-02,sp500,0.0106277707226331,0.0071828984087284,0.0065673794214595,0.0135723129149277,1.0101408036164634,0.0027469480408433,0.0027987150756673,1.0937236830352224,0,Calm/Bull,0.9993
2024-02-05,sp500,-0.0031914247092839,0.0073052273054333,0.0066022690368265,0.0079104997345121,1.020344041902767,0.0006029899979373,0.0025479427582314,1.106472224122618,0,Calm/Bull,1.0
2024-02-06,sp500,0.0023077459317481,0.0067887255063275,0.0066010118576301,0.0046203217874403,1.1162637309050527,0.0011847052636826,0.0019625327830011,1.028437102181617,0,Calm/Bull,1.0
2024-02-07,sp500,0.0082076825940086,0.0068752618765684,0.0065109846295521,0.0061741664103098,1.2097959669843348,0.0060736121306311,0.0024468666053174,1.0559481042794867,0,Calm/Bull,0.9999
2024-02-08,sp500,0.0005704205400905,0.0068444610923918,0.0062798739964329,0.0026631248217028,1.0618953045569666,0.0037044390158392,0.0021928885997972,1.0899042076767116,0,Calm/Bull,1.0
2024-02-09,sp500,0.0057259171287955,0.0068530397488753,0.0062856135959853,0.0059125763988274,0.9552175627682437,0.0027240682970717,0.002512748498085,1.0902737885848544,0,Calm/Bull,1.0
2024-02-12,sp500,-0.0009494041426524,0.0068865088150448,0.0059012608940292,0.0062845609529002,0.9254284928163145,0.003172472410398,0.0024277436033007,1.1669554928528003,0,Calm/Bull,0.9999
2024-02-13,sp500,-0.0137686094198454,0.0076788405644416,0.0062360941926515,0.0102943664154465,1.045619135589206,-4.279865992063009e-05,0.0019262290849263,1.2313541661205465,0,Calm/Bull,0.9981
2024-02-14,sp500,0.0095341683042168,0.0076418803528978,0.0063195383500769,0.0092128222378669,0.935591589066648,0.000222498482121,0.0026845740636925,1.2092466141620597,0,Calm/Bull,0.9994
2024-02-15,sp500,0.00580437267404,0.007545895472923,0.0063410651455586,0.0066167117453089,1.0052671228866583,0.0012692889089108,0.0025364566610823,1.1900044077308174,0,Calm/Bull,0.9999
2024-02-16,sp500,-0.004815043575961,0.0073529371958013,0.0063549640900305,0.007827315801626,0.9364073243733956,-0.0008389032320404,0.0016837890706569,1.1570383548408054,0,Calm/Bull,0.9999
2024-02-20,sp500,-0.0060234264658172,0.0075498915953435,0.0064143278465181,0.007776075865342,0.9888306601026944,-0.0018537076966733,0.0012730216880044,1.1770355017699563,0,Calm/Bull,0.9999
2024-02-21,sp500,0.0012634014951035,0.0075399871180339,0.0064058598649746,0.0074691802955406,0.929840702629978,0.0011526944863164,0.0011903359957214,1.1770452799413234,0,Calm/Bull,1.0
2024-02-22,sp500,0.0209028886664034,0.008731175251139,0.0068771124204453,0.0109219055009019,0.9978796003614988,0.0034264385587537,0.0021949004802307,1.2695990289735095,0,Calm/Bull,0.993
2024-02-23,sp500,0.0003478870265021,0.0087097461063875,0.0068620566868844,0.0058167149018092,0.9084459010311192,0.0023351414292461,0.0019499659248069,1.2692617539920037,0,Calm/Bull,0.9999
2024-02-26,sp500,-0.0037939392446684,0.0087871392545658,0.0069000475910165,0.0056711374069013,0.9074917279719688,0.0025393622955046,0.0017928688503448,1.2734896591157034,0,Calm/Bull,0.9998
2024-02-27,sp500,0.0017048955387209,0.0086829496764943,0.0068907461054051,0.0046079307022914,0.962359757749932,0.0040850266964123,0.0015016953520185,1.2600884641045351,0,Calm/Bull,0.9999
2024-02-28,sp500,-0.0016595313211122,0.0086996533015538,0.0069004246919341,0.0037516609091052,0.9294128482152612,0.0035004401331691,0.0014487603058119,1.2607417209730227,0,Calm/Bull,0.9998
2024-02-29,sp500,0.0052154704557999,0.0076653441207108,0.0068944325716542,0.0084571848609023,1.272069029510425,0.0003629564910484,0.0025213764156385,1.111816533274422,0,Calm/Bull,0.9998
2024-03-01,sp500,0.0079759364333879,0.0074241769385129,0.0068758854691949,0.0089875807215081,1.1520491283705545,0.0018885663724256,0.0022993589316055,1.0797412161349151,0,Calm/Bull,0.9999
2024-03-04,sp500,-0.001193974574963,0.007193209202566,0.0068802384884472,0.0043831542380388,1.1436765199300494,0.0024085593063667,0.0017082716667256,1.0454883525686305,0,Calm/Bull,1.0
2024-03-05,sp500,-0.0102454062759179,0.0076071239913925,0.0070187044748168,0.0113652675324425,1.056937144986814,1.849894343893786e-05,0.0013555725883939,1.0838359156859994,0,Calm/Bull,0.9999
2024-03-06,sp500,0.0051279328530016,0.007651710397595,0.0069866087166669,0.0070032678600739,1.089040701583905,0.0013759917782617,0.0014965819344566,1.095196640874058,0,Calm/Bull,1.0
2024-03-07,sp500,0.0102514022849836,0.0077589470798258,0.0070658698008273,0.0072537416898805,0.9974837398878632,0.0023831781440984,0.0015987679190054,1.0980880342456067,0,Calm/Bull,1.0
2024-03-08,sp500,-0.0065499229920503,0.0079691267321709,0.0071437652049477,0.0140054855866834,1.0162010483926072,-0.0005219937409892,0.0012427507423983,1.115535925880038,0,Calm/Bull,0.9999
2024-03-11,sp500,-0.0011228682680281,0.0079132956604306,0.0071428883750823,0.0065495140456923,0.940952793097028,-0.0005077724796022,0.0009003114725571,1.107856548344764,0,Calm/Bull,1.0
2024-03-12,sp500,0.011139512586668,0.0082203131333367,0.0070809283040207,0.0126351159402254,0.9821479611122832,0.0037692112929149,0.0015047573090232,1.160908962835989,0,Calm/Bull,0.9998
2024-03-13,sp500,-0.0019263840021219,0.0074529488918724,0.0070938645936495,0.005277563901686,1.031098791214466,0.0023583479218902,0.0020968685799093,1.0506189952574372,0,Calm/Bull,1.0
2024-03-14,sp500,-0.0028752210514951,0.0073164957725922,0.0071136093959096,0.0103971461245979,1.1172918464581407,-0.0002669767454055,0.0014763991121237,1.0285208767295035,0,Calm/Bull,0.9999
2024-03-15,sp500,-0.0065040228597376,0.0074497334713269,0.0071752842407344,0.006353174678906,1.7716122357491562,-0.0002577967189429,0.0008609793354349,1.0382492485850825,0,Calm/Bull,0.6878
2024-03-18,sp500,0.0062981842384804,0.0074184791196557,0.0071803683266136,0.0058511217320822,0.9200902122531964,0.0012264137823587,0.0014166407261569,1.0331613619540263,0,Calm/Bull,1.0
2024-03-19,sp500,0.0056332530443431,0.0072593827752968,0.0068834120035768,0.0094081535130348,0.9191062026378232,0.0001251618738937,0.0019994747016649,1.0546198268423594,0,Calm/Bull,1.0
2024-03-20,sp500,0.0088647655163601,0.0074161115671183,0.0068562778575415,0.0104582027962185,0.9237387461346128,0.0022833917775901,0.0023795429027278,1.081652716125119,0,Calm/Bull,0.9999
2024-03-21,sp500,0.0032313090945288,0.0060130228665506,0.0068595162368556,0.0038996137089852,0.9545161344107566,0.0035046978067949,0.0014959639241341,0.8765957625762512,0,Calm/Bull,0.9996
2024-03-22,sp500,-0.0014031718343267,0.0060432913353132,0.0068618544431778,0.0030988093679979,0.7681418805648291,0.0045248680118771,0.0014084109810926,0.8807081795973515,0,Calm/Bull,0.9997
2024-03-25,sp500,-0.0030596403820319,0.0060121723391493,0.0068874078498169,0.0024912853203838,0.7613318141860943,0.0026533030877747,0.0014451259242244,0.8729223635724064,0,Calm/Bull,0.9996
2024-03-26,sp500,-0.0028037219828057,0.0060859932163673,0.006908048698723,0.0060996917311661,0.8853868375031514,0.0009659080823449,0.0012196950481481,0.8810003347967538,0,Calm/Bull,0.9996
2024-03-27,sp500,0.008593595582706,0.0062600449351276,0.0069467032335519,0.00673333514437,0.8799033100406325,0.0009116740956141,0.001732351393339,0.901153356442832,0,Calm/Bull,0.9996
2024-03-28,sp500,0.0011158627007616,0.0062068836571056,0.0068812492843014,0.003621812989962,0.9266031753830352,0.0004885848168606,0.0015273710055871,0.9019995353555568,0,Calm/Bull,0.9997
2024-04-01,sp500,-0.0020156145269577,0.0060609183158712,0.00677960875696,0.0066269115294088,0.7837027861267549,0.0003660962783344,0.0010277934575698,0.8939923427954368,0,Calm/Bull,0.9997
2024-04-02,sp500,-0.0072653882036724,0.0063243780285205,0.0068475156729868,0.004665948005998,0.92531820543136,-0.0004750532859936,0.0007242227761343,0.9236018332122904,0,Calm/Bull,0.9998
2024-04-03,sp500,0.0010905275233378,0.0057735040868571,0.0068480246465124,0.0065969389303908,0.8892389895968703,0.000303796615235,0.0012910194660971,0.8430904362760336,0,Calm/Bull,0.9992
2024-04-04,sp500,-0.0124110356192622,0.0064521611142813,0.0068942319589526,0.0214737277078392,0.9843811419210584,-0.0038971296251585,0.0004140710424839,0.9358781591186132,0,Calm/Bull,0.7957
2024-04-05,sp500,0.0110380501356995,0.0065173540922218,0.0069975963440392,0.0124838532444752,0.825482674888719,-0.0019126921381709,0.0004534034350197,0.9313703980329604,0,Calm/Bull,0.9984
2024-04-08,sp500,-0.0003747011900415,0.0063111208901653,0.006980236356169,0.0042710611812197,0.808179371454394,-0.0015845094707877,0.0007621645251202,0.9041414313410246,0,Calm/Bull,0.9997
2024-04-09,sp500,0.0014444494736345,0.0062968551006612,0.0069749412724722,0.0122900916747454,0.8435344417557338,0.0001574580646736,0.0008905304122033,0.9027825259995816,0,Calm/Bull,0.9989
2024-04-10,sp500,-0.0095019818322125,0.0062197326459776,0.0071161385515753,0.007698653542235,0.9567617180877404,-0.0019610438064364,-0.0001415443087406,0.8740319768789131,0,Calm/Bull,0.9987
2024-04-11,sp500,0.0074172219833424,0.0064261003810858,0.00712895605103,0.0140428779052703,0.881518771000997,0.0020046077140844,0.0003256359905325,0.9014083317510936,0,Calm/Bull,0.9952
2024-04-12,sp500,-0.0146575878022485,0.0072253605160705,0.0073719843757165,0.0130947633907774,1.004663453257161,-0.0031345198735051,-0.0002634823470051,0.9801106659790292,0,Calm/Bull,0.999
2024-04-15,sp500,-0.0120941957874591,0.0075789521220827,0.0075045610619257,0.0229087492175598,1.0520846081412905,-0.0054784187929886,-0.0005429909933911,1.0099127796473548,0,Calm/Bull,0.9162
2024-04-16,sp500,-0.0020586245275039,0.0074104245347761,0.0073658043479303,0.0079205141509835,1.067423506577609,-0.0061790335932163,-0.0009608314316904,1.0060577480391872,0,Calm/Bull,0.9996
2024-04-17,sp500,-0.0057973750760041,0.0073152712843591,0.0074106959991807,0.0140794513744902,0.9637564560772348,-0.0054381122419746,-0.0015323628377077,0.9871233802017912,0,Calm/Bull,0.9992
2024-04-18,sp500,-0.0022106017004853,0.0068938463303619,0.0074128542478844,0.0109296960061675,0.9759097423144372,-0.0073636769787402,-0.00208613119855,0.9299854145020212,0,Calm/Bull,0.9954
2024-04-19,sp500,-0.0087971296540569,0.0069301226136687,0.0075090574687597,0.0131783632315978,1.0503932864737644,-0.0061915853491019,-0.0026875531359793,0.9229017945994508,0,Calm/Bull,0.9925
2024-04-22,sp500,0.008693351156839,0.0073816406240072,0.0075602831652003,0.0138586077621183,1.0283471451236654,-0.0020340759602422,-0.002182726986421,0.9763709192778076,0,Calm/Bull,0.9964
2024-04-23,sp500,0.011893566567722,0.0080179958480013,0.0077030599846609,0.009498014634523,1.0041371069801903,0.0007563622588029,-0.0014350666389333,1.0408845139421925,0,Calm/Bull,0.9997
2024-04-24,sp500,0.0002129873779329,0.0080192686658829,0.0076492613494793,0.0083720543333405,0.9816247030521786,0.0019584347495903,-0.0012842311708964,1.0483716400183882,0,Calm/Bull,0.9999
2024-04-25,sp500,-0.0045869342701194,0.0077000163937077,0.0076760623013263,0.013305137630083,1.0609775613317969,0.0014831682356635,-0.0019432576635377,1.003120622454729,0,Calm/Bull,0.9982
2024-04-26,sp500,0.0101573813323253,0.0081418173018283,0.0074589710044256,0.0081333933572931,0.9712405134924832,0.00527407043294,-0.0014911817319595,1.09154698375922,0,Calm/Bull,0.9996
2024-04-29,sp500,0.0031734080766393,0.0082066457700216,0.0073100588713504,0.0068098465381856,0.9274971861923462,0.0041700818169,-0.0012317306017796,1.1226511187461174,0,Calm/Bull,0.9999
2024-04-30,sp500,-0.0158555511189281,0.0087461065581778,0.007497497947624,0.0149969558114137,1.0954556035347318,-0.0013797417204299,-0.0016612387475424,1.1665367058819247,0,Calm/Bull,0.9992
2024-05-01,sp500,-0.0034413534856316,0.0087297522488817,0.0074995155098457,0.01647339477856,1.205740799041387,-0.0021106098931428,-0.0018878327979909,1.1640421621131256,0,Calm/Bull,0.9997
2024-05-02,sp500,0.0090870247250848,0.0086892682821851,0.0075816173346008,0.0122744271262294,1.157920259297015,0.0006241819058979,-0.0008129297807735,1.146096920841585,0,Calm/Bull,0.9999
2024-05-03,sp500,0.012478557659508,0.0087979616138422,0.0076759510117362,0.0073910792085939,1.0299140275435137,0.0010884171713344,-0.0007409044045831,1.1461721942193936,0,Calm/Bull,0.9999
2024-05-06,sp500,0.0102731736912478,0.0091369273660199,0.0077803042729944,0.0074468273605025,0.9613724428491393,0.0025083702942561,-0.0002085106605186,1.1743663287995398,0,Calm/Bull,1.0
2024-05-07,sp500,0.0013425282288256,0.0091359852900514,0.0077518729506741,0.0041000864989208,1.0329710236900878,0.0059479861638069,-0.0002136067227591,1.1785519897171384,0,Calm/Bull,0.9997
2024-05-08,sp500,-5.835635193424912e-06,0.0088707643241625,0.00774978643177,0.0050292968566165,0.9952568515705776,0.0066350897338945,0.0002612005870918,1.1446462947413638,0,Calm/Bull,0.9998
2024-05-09,sp500,0.0050780326391067,0.0087864679828405,0.0075390219267392,0.0066914293441474,0.9628187874388772,0.0058332913166989,0.00014424111988,1.165465237828386,0,Calm/Bull,0.9999
2024-05-10,sp500,0.0016480400801667,0.0080678438047439,0.0074534122046665,0.0057403439344752,0.9387282553079312,0.0036671878008306,0.0009595225140008,1.0824362833029353,0,Calm/Bull,1.0
2024-05-13,sp500,-0.0002413331738652,0.0074718064636674,0.0074243782279319,0.0049985654794122,1.099860207959075,0.001564286427808,0.0015521656446805,1.0063881761245757,0,Calm/Bull,0.9999
2024-05-14,sp500,0.004826148527454,0.0074552740004988,0.0074089955000475,0.006173453618969,1.2191837198517197,0.0022610104875337,0.0018964042974284,1.0062462584099396,0,Calm/Bull,0.9999
2024-05-15,sp500,0.0116478277872996,0.0075279142351805,0.0074846444770201,0.0091368934359946,1.105283541278981,0.0045917431720323,0.0027686644405936,1.0057811374064929,0,Calm/Bull,0.9995
2024-05-16,sp500,-0.002083837474088,0.0075235533387603,0.0074957098992464,0.0055313836681534,0.9651512556229824,0.0031593691493934,0.0027750026519134,1.0037145833934658,0,Calm/Bull,0.9999
2024-05-17,sp500,0.0011640956878937,0.0070307322243751,0.0070269009840317,0.0041220513913097,0.9080886719610504,0.0030625802709388,0.003273063919011,1.0005452247515745,0,Calm/Bull,0.9999
2024-05-20,sp500,0.0009159703084911,0.0069295124401726,0.0070268096840886,0.0043178901762019,0.872414733837746,0.0032940409674101,0.0028841948765936,0.9861534254817976,0,Calm/Bull,0.9999
2024-05-21,sp500,0.0024987497668926,0.0065970941411602,0.0070054770436578,0.0049704319446575,0.9352444404549198,0.0028285612152978,0.0024144540365521,0.9417051972403032,0,Calm/Bull,0.9998
2024-05-22,sp500,-0.0027097912093521,0.0066802760469157,0.0070190695792961,0.0070040214353878,0.9800781080826324,-4.296258403253357e-05,0.0022683151071878,0.9517324157350204,0,Calm/Bull,0.9998
2024-05-23,sp500,-0.0074081622834719,0.0068600194778326,0.007091167555564,0.0161260990369777,0.9868949847911328,-0.0011078275459093,0.0021272537065202,0.9674033823174908,0,Calm/Bull,0.9924
2024-05-24,sp500,0.0069766490766732,0.0066990388563304,0.0071140414568083,0.006269843512563,0.7724316700300079,5.468313184659075e-05,0.0019682170937376,0.9416642982758046,0,Calm/Bull,0.9998
2024-05-28,sp500,0.0002487709068859,0.0067032656814631,0.0070491522812219,0.0066000292635254,0.960412311118046,-7.87567484744595e-05,0.0018219852352499,0.9509321708540476,0,Calm/Bull,0.9999
2024-05-29,sp500,-0.0073943172157425,0.0057244027980218,0.0071200840801353,0.0037155893815299,0.9157302625041868,-0.0020573701450014,0.0022450469304092,0.8039796628234482,0,Calm/Bull,0.995
2024-05-30,sp500,-0.0059929575357541,0.0058840148941524,0.0070325849572914,0.0072791536637368,0.9935813668011,-0.0027140034102818,0.0021174667279031,0.8366788214981874,0,Calm/Bull,0.9966
2024-05-31,sp500,0.0079958242319288,0.0058207062628118,0.0070741482931321,0.0167976766089889,1.395505280858027,0.0003667938927982,0.0020629067032453,0.8228137185734093,0,Calm/Bull,0.8863
2024-06-03,sp500,0.0011154602235352,0.0052799904175702,0.0069592858093492,0.0128307605548517,1.037062587080256,-0.0008054438778293,0.0014947518314466,0.7586971655161886,0,Calm/Bull,0.9843
2024-06-04,sp500,0.0015016810037827,0.0048600415898671,0.0069003325370711,0.0077806232619189,0.949885404814394,-0.0005548618584499,0.0010561771970734,0.7043199097662634,0,Calm/Bull,0.9949
2024-06-05,sp500,0.0117780158499572,0.0054202880965385,0.0070471802345722,0.0105565381216123,0.924751693101067,0.0032796047546899,0.00157795157813,0.7691428225359686,0,Calm/Bull,0.9842
2024-06-06,sp500,-0.0001998366016368,0.0054234442590836,0.0069146813411666,0.005042114002712,0.9323088926115348,0.0044382289415134,0.0015682515298078,0.7843375553396921,0,Calm/Bull,0.9976
2024-06-07,sp500,-0.001115842050279,0.0053892133774422,0.006910526707836,0.0081821731632756,0.954111316604166,0.0026158956850718,0.0012585577953385,0.7798556615563381,0,Calm/Bull,0.9967
2024-06-10,sp500,0.0025775299782409,0.0053967514074379,0.0069002154920812,0.0063927181034016,0.935848198657309,0.002908309636013,0.0013050322902422,0.7821134591566472,0,Calm/Bull,0.9979
2024-06-11,sp500,0.0027067148552095,0.0053925509432005,0.0068401703787598,0.0090599623659747,0.930094643111766,0.0031493164062983,0.001452434691696,0.7883650032966315,0,Calm/Bull,0.996
2024-06-12,sp500,0.0084677202418873,0.0055709856536146,0.0068752618000963,0.0070318959124481,1.0439064276464347,0.0024872572846843,0.0016345132774176,0.8102943299608736,0,Calm/Bull,0.9975
2024-06-13,sp500,0.0023419114371167,0.0050554071241619,0.0068495874911895,0.0072547469065355,0.9402706116494448,0.002995606892435,0.0011692174599085,0.7380600847371651,0,Calm/Bull,0.9956
2024-06-14,sp500,-0.0003939382809974,0.0050121115632777,0.0067686771916964,0.0052728728558474,0.9204830739286852,0.0031399876462914,0.001253712419563,0.7404861276921967,0,Calm/Bull,0.9966
2024-06-17,sp500,0.0076351643723205,0.0052109456940626,0.0068208458766941,0.0124423965189231,0.924555281814068,0.0041515145251073,0.0015772658537843,0.763973528835728,0,Calm/Bull,0.9599
2024-06-18,sp500,0.0025181541815171,0.00521255950309,0.0068189346688586,0.0034736568489772,0.9488491055440128,0.0041138023903688,0.0016573750474356,0.7644243208393235,0,Calm/Bull,0.9975
2024-06-20,sp500,-0.0025291273954115,0.0052905062375387,0.0068142055780198,0.0091299424786324,1.0273510938301145,0.001914432862909,0.0014059811893204,0.7763936935809552,0,Calm/Bull,0.9955
2024-06-21,sp500,-0.0015633517188252,0.0052496180715499,0.0068049776622865,0.0048091674945239,1.7409010881210063,0.0011333802317206,0.0014633031638468,0.7714379579294718,0,Calm/Bull,0.9966
2024-06-24,sp500,-0.0030698791558664,0.0049445191122769,0.0067453594327685,0.007905899291563,0.95219758212519,0.0005981920567468,0.0016802173202271,0.733025298586284,0,Calm/Bull,0.9947
2024-06-25,sp500,0.0039258736791813,0.0048179627567725,0.0067585927528857,0.0048122840507284,0.9182705796711496,-0.0001436660818809,0.0015276785503525,0.7128647830889557,0,Calm/Bull,0.9955
2024-06-26,sp500,0.0015711962247204,0.0048085526106516,0.0067503092624093,0.0057083955692346,0.913292535780076,-0.0003330576732402,0.0015937998162442,0.7123455272529777,0,Calm/Bull,0.9955
2024-06-27,sp500,0.000906909856799,0.0043259403448018,0.0066682376177353,0.0042441310908139,0.9194220816469184,0.0003541497772018,0.0020088611698713,0.6487381813293842,0,Calm/Bull,0.9928
2024-06-28,sp500,-0.0040920134623695,0.0041585190097273,0.0066987522295014,0.0132808873561742,1.7674869431168443,-0.000151582571507,0.0021039083735405,0.6207900915357236,0,Calm/Bull,0.9804
2024-07-01,sp500,0.0026719909814295,0.0039253777027394,0.0064746875062125,0.0060309548287949,0.8775167460275739,0.0009967914559521,0.0018377167110155,0.606265197968697,0,Calm/Bull,0.9876
2024-07-02,sp500,0.006176205771185,0.0040378699940667,0.0063769899544853,0.0093047149679874,0.8451927544319033,0.0014468578743529,0.002090753988398,0.6331937203737767,0,Calm/Bull,0.9617
2024-07-03,sp500,0.0050715622695336,0.0040890385957029,0.0063965718208667,0.0057522092287732,0.5641254744141828,0.0021469310833155,0.0022692480516856,0.6392546992693423,0,Calm/Bull,0.9903
2024-07-05,sp500,0.0054339743609695,0.0035189036910913,0.0064215449039103,0.0069514774454999,0.8457180887709183,0.0030523439841496,0.0019520459772362,0.5479839732878765,0,Calm/Bull,0.9765
2024-07-08,sp500,0.0010161824764044,0.00349015372377,0.0062688148090628,0.003696510276656,0.8327865372620391,0.0040739831719044,0.0020128469311382,0.5567485768959489,0,Calm/Bull,0.9788
2024-07-09,sp500,0.0007407974780654,0.0034266705249685,0.0062170853645921,0.0029012432961773,0.8502488742405299,0.0036877444712316,0.0021056789075555,0.551169933178703,0,Calm/Bull,0.977
2024-07-10,sp500,0.0101563148781058,0.0038717434119838,0.0059666889050067,0.008688494128398,0.8806991950661204,0.0044837662926158,0.0024846181525487,0.64889312542087,0,Calm/Bull,0.8702
2024-07-11,sp500,-0.0088016499692667,0.0046198994181468,0.005852821169118,0.0118040894496507,1.055184943076775,0.0017091238448557,0.0019091999113249,0.789345733391518,0,Calm/Bull,0.9558
2024-07-12,sp500,0.0055018640249651,0.0044424932153142,0.0058532739768359,0.0115968044832467,0.974390992463261,0.0017227017776548,0.0017609071004788,0.7589757856705781,0,Calm/Bull,0.9595
2024-07-15,sp500,0.0028222164233526,0.0044470951499992,0.0057697285806622,0.009267963143881,0.952245185506553,0.0020839085670444,0.0017849223497906,0.7707633189027309,0,Calm/Bull,0.988
2024-07-16,sp500,0.0063690499714532,0.0045290660248289,0.0057722515533107,0.0054082970933515,1.0546864704812469,0.003209559065722,0.0021230717624131,0.7846272781080126,0,Calm/Bull,0.9952
2024-07-17,sp500,-0.0140254415236455,0.0056038922850609,0.0059746989581659,0.0067427263982513,1.0966727154610203,-0.0016267922146282,0.0010400414676148,0.9379371788099432,0,Calm/Bull,0.9997
2024-07-18,sp500,-0.00784711214535,0.0059298234239834,0.0060401490650341,0.0164556348918392,1.0288116606750144,-0.0014358846498449,0.0005217781512715,0.9817346161720824,0,Calm/Bull,0.999
2024-07-19,sp500,-0.007165879226406,0.0061422196779747,0.0059953309138316,0.0109827358651226,0.9664899834385174,-0.0039694333001191,0.0002899405597217,1.0245005265354346,0,Calm/Bull,1.0
2024-07-22,sp500,0.0107342172462202,0.0065489939042067,0.0061136106642082,0.0074257330172433,0.9070565234041696,-0.0023870331355456,0.000904819007974,1.07121540181605,0,Calm/Bull,1.0
2024-07-23,sp500,-0.0015593176939461,0.0065093323951685,0.0060745068585796,0.0061989833853569,0.9431482771870432,-0.0039727066686255,0.00098034708107,1.0715820307248016,0,Calm/Bull,1.0
2024-07-24,sp500,-0.0234212422228928,0.0084430754953893,0.0067783896408301,0.0162258984942727,1.05810662860338,-0.0058518668084749,-0.0003870087140336,1.2455872180217955,0,Calm/Bull,0.9629
2024-07-25,sp500,-0.0051558890197172,0.0084947969263838,0.0068190498568956,0.0186396635871264,1.2147541688297516,-0.0053136221833484,-0.0007233629762555,1.2457449504924205,0,Calm/Bull,0.9978
2024-07-26,sp500,0.0110294204095709,0.0088894283410983,0.0065786155970611,0.0105547851982028,0.9619378708529338,-0.001674562256153,-0.0002172374486169,1.3512612509339292,0,Calm/Bull,0.9993
2024-07-29,sp500,0.0008129795718284,0.0088444490427258,0.0065490072726006,0.0079253181379045,0.9410274050215116,-0.0036588097910313,2.801220309297832e-05,1.3505022478336095,0,Calm/Bull,0.9995
2024-07-30,sp500,-0.0049725143613676,0.0088892425157214,0.0065213693933888,0.0161428741181492,1.0475576196344332,-0.0043414491245156,-0.0003542130640468,1.3630944636770683,0,Calm/Bull,0.9985
2024-07-31,sp500,0.0156699807019177,0.0094895395183237,0.0066272242967883,0.0104593679568015,1.2399252376002294,0.0034767954604464,0.0001204756824897,1.4319025723820007,0,Calm/Bull,0.9971
2024-08-01,sp500,-0.0137881237919901,0.0098998334333645,0.0067968815372456,0.0285936073624262,1.2399837977123562,0.0017503485059918,-0.0008225086205864,1.4565258168934174,2,Stress/Bear,0.9995
2024-08-02,sp500,-0.0185529066085532,0.0105346102486787,0.0072423739964469,0.0153108448545195,1.3260905345560967,-0.0041661168976329,-0.0020218526690625,1.454579707406301,0,Calm/Bull,0.9939
2024-08-05,sp500,-0.0304270413923931,0.0122619941737822,0.008270464015569,0.0253802533026085,1.3347009226347708,-0.0104141210904772,-0.0035940138625024,1.4826246932093765,2,Stress/Bear,0.9702
2024-08-06,sp500,0.0103008494935995,0.0126209525660996,0.008351946237538,0.0226677690826729,1.1527483270157992,-0.0073594483194838,-0.0031160112617257,1.5111391054427925,0,Calm/Bull,0.9559
2024-08-07,sp500,-0.0077647153887694,0.0122600722768677,0.0084102450750471,0.0259832864037407,1.1037455592696082,-0.0120463875376213,-0.0040120627750695,1.4577544610730686,0,Calm/Bull,0.505
2024-08-08,sp500,0.0227811395908988,0.0135742402911568,0.0089126675616926,0.0177052449401488,0.9726912105021196,-0.0047325348610434,-0.0024329232970612,1.5230277800890888,0,Calm/Bull,0.7493
2024-08-09,sp500,0.0046607984343816,0.0135496448948423,0.0089112728005367,0.0108211723515373,0.8534101153271015,-8.97938524564974e-05,-0.0024749765765904,1.5205061272533569,0,Calm/Bull,0.9999
2024-08-12,sp500,4.30330517200971e-05,0.01350664278001,0.0087860083995262,0.0087624737204817,0.8180756903097949,0.0060042210363661,-0.002613935745172,1.537289991748521,0,Calm/Bull,0.9993
2024-08-13,sp500,0.0167072334190499,0.014055207366492,0.0090376660065191,0.0109523938308202,0.89266091224623,0.0072854978214562,-0.0020970265727922,1.5551811005577814,0,Calm/Bull,0.9978
2024-08-14,sp500,0.0038164365611984,0.0138225474849578,0.0090478154703282,0.0086724542102902,0.8357283932790629,0.0096017282114498,-0.00120493266855,1.52772208167685,0,Calm/Bull,0.9973
2024-08-15,sp500,0.0160044899313041,0.0142418846558155,0.0092674189019604,0.0081360826213398,0.9238464542683216,0.0082463982795308,-1.2352564717295171e-05,1.5367692780999556,0,Calm/Bull,0.9979
2024-08-16,sp500,0.0019878023683961,0.0141466612653258,0.0092659934759299,0.0066273679783499,0.8373120549654596,0.0077117990663337,0.0004453315150228,1.5267290336513184,0,Calm/Bull,0.9986
2024-08-19,sp500,0.0096753274361777,0.0141080568002359,0.0093261907133154,0.0102633745486559,0.8050243533577327,0.0096382579432252,0.0003923870245206,1.512735181374016,0,Calm/Bull,0.9969
2024-08-20,sp500,-0.0019865272376097,0.0141114903223797,0.0092702275684217,0.006254960567577,0.7529086257045271,0.0058995058118933,0.0003710265473375,1.5222377464011203,0,Calm/Bull,0.9985
2024-08-21,sp500,0.0042307147210067,0.0129658308574894,0.0092470236863765,0.0073139028524603,0.7926309033746781,0.005982361443855,0.0017536243945324,1.402162608990801,0,Calm/Bull,0.9993
2024-08-22,sp500,-0.0089729422566572,0.0131002852287258,0.0093353414654798,0.0147685037109055,0.7733562454405447,0.0009868750062627,0.0015627717326854,1.403300058939256,0,Calm/Bull,0.9861
2024-08-23,sp500,0.0114179374016644,0.0131153411463632,0.0093709308386984,0.0100556505851418,0.8577292532955564,0.0028729020129164,0.0015821975822901,1.3995772001861124,0,Calm/Bull,0.9988
2024-08-26,sp500,-0.0031587101696058,0.0131576015417915,0.0093415415743036,0.0087736654076643,0.7700854922598883,0.0003060944917596,0.0013836130952184,1.4085043070390977,0,Calm/Bull,0.998
2024-08-27,sp500,0.0015939251127232,0.0130722990706353,0.0092987405030177,0.0067013041027673,0.7430361350727184,0.0010221849618262,0.001711935068923,1.4058139450598646,0,Calm/Bull,0.9978
2024-08-28,sp500,-0.0059939007947352,0.0127483780954787,0.0093432774269673,0.0118164271834318,0.8269798922917901,-0.0010227381413221,0.0006287409940903,1.3644439218601518,0,Calm/Bull,0.9991
2024-08-29,sp500,-3.937984343658622e-05,0.0122925966903182,0.0093438439691639,0.0113091357621948,0.8491156706966544,0.000763974341322,0.001316178191518,1.3155824017273443,0,Calm/Bull,0.9996
2024-08-30,sp500,0.0100424570791441,0.0114972156941451,0.0093122970232584,0.0123185467261495,1.1751860649270052,0.0004888782768179,0.0027459463759029,1.2346272531288065,0,Calm/Bull,0.9933
2024-09-03,sp500,-0.0213779633723976,0.0102314145213709,0.0097456636086137,0.0216244471882584,1.108307786418668,-0.0031549723637404,0.0031984002769026,1.0498427744138297,1,Transition,0.8327
2024-09-04,sp500,-0.0016038290273809,0.0101423696284839,0.0097472715976046,0.0089364953154341,1.014652059532415,-0.0037945231917612,0.0026031663508536,1.0405342179011807,0,Calm/Bull,0.9803
2024-09-05,sp500,-0.0030225810146741,0.0099406587774598,0.0097541518827757,0.0119489123576078,1.043116972669663,-0.003200259235749,0.0028402730695584,1.0191207699988207,0,Calm/Bull,0.9687
2024-09-06,sp500,-0.0174109445074244,0.0097581833840761,0.0100170549154296,0.0221599098049879,1.135581166962038,-0.0066745721685466,0.0008306688646422,0.9741569220156004,1,Transition,0.7199
2024-09-09,sp500,0.0115135344358182,0.0100166346931478,0.0100677562749723,0.009086000440886,1.1313126892635086,-0.0063803566972118,0.001173305664714,0.9949222467818812,0,Calm/Bull,0.8139
2024-09-10,sp500,0.0044626999777935,0.0100391139442416,0.0100792874988664,0.0102246814144155,1.1297376007703464,-0.0012122240271735,0.0013942890110177,0.9960142465794946,0,Calm/Bull,0.9939
2024-09-11,sp500,0.0106085556498433,0.0096339561656868,0.0101682061336812,0.0276281251159355,1.124032011982024,0.0012302529082713,0.0010893551225574,0.947458778768772,1,Transition,0.9635
2024-09-12,sp500,0.0074673521568026,0.0097225308877631,0.0101661972889352,0.0116534597032002,1.06576271502736,0.0033282395425666,0.0012719009023376,0.9563586670057084,0,Calm/Bull,0.9885
2024-09-13,sp500,0.005393142234356,0.009148856546412,0.0101832596387694,0.0061535716309776,1.024099372558897,0.0078890568909227,0.0007413335174902,0.8984212198204969,0,Calm/Bull,0.9422
2024-09-16,sp500,0.0012558408673102,0.0091450711224666,0.0101764214550178,0.0055955115940893,1.004293068196013,0.0058375181772211,0.0007047354424359,0.8986529462139508,0,Calm/Bull,0.9767
2024-09-17,sp500,0.0002645150938964,0.0088979840846839,0.0101729361106452,0.0100735552817163,1.002954749661784,0.0049978812004417,0.0002341948253218,0.8746721681828766,0,Calm/Bull,0.9569
2024-09-18,sp500,-0.0029006587083132,0.0089123279876624,0.0101719500824602,0.0132905783979344,1.0643215047356729,0.0022960383288104,0.0001884882517866,0.8761670982863159,0,Calm/Bull,0.9622
2024-09-19,sp500,0.0168343568927251,0.0096299012707871,0.0103797390306896,0.0082521652073851,1.1454323999981215,0.0041694392759949,0.0008186703603726,0.9277594785682446,0,Calm/Bull,0.9425
2024-09-20,sp500,-0.0019429136300157,0.0093787121060254,0.0103848161280887,0.0071283730499531,2.093562965677293,0.0027022281031205,0.0011701717917046,0.9031177818024158,2,Stress/Bear,0.9999
2024-09-23,sp500,0.0028053344257131,0.0090762639686056,0.0103884420338934,0.0036966670141844,0.9362913123238676,0.0030121268148011,0.0007395416429071,0.8736886569702476,0,Calm/Bull,0.9753
2024-09-24,sp500,0.0025080311033453,0.0090365293025282,0.0103717541063349,0.0063370019745267,1.0147492919084782,0.0034608300166909,0.0010228787065546,0.8712633571797479,0,Calm/Bull,0.9808
2024-09-25,sp500,-0.0018629832062121,0.0090580669748568,0.0103744898919856,0.0050626374455295,0.9396517343874284,0.0036683651171111,0.0008500332906079,0.8731096245854205,0,Calm/Bull,0.9771
2024-09-26,sp500,0.0040305421581992,0.0089359554584873,0.010359105941539,0.0080691671061906,1.118885145835133,0.0011076021702059,0.0013512554382546,0.8626184063486569,0,Calm/Bull,0.9813
2024-09-27,sp500,-0.0012540029000721,0.0089500204005341,0.0103460433447383,0.0063504465539324,0.9829265571550944,0.0012453843161946,0.0012905242854228,0.8650669731715228,0,Calm/Bull,0.9841
2024-09-30,sp500,0.0042276036584415,0.0087427982989669,0.0103376483189499,0.0106916382827048,1.1124839957554111,0.0015298381627403,0.0009997816143877,0.8457240979015044,0,Calm/Bull,0.972
2024-10-01,sp500,-0.0093678486944544,0.0074403100693392,0.0104167499327608,0.013391757444712,1.009783043076547,-0.0008453377968195,0.0016002873482848,0.7142640571546556,0,Calm/Bull,0.64
2024-10-02,sp500,0.0001383813269864,0.0074109630997478,0.0104167077337086,0.0079918666828356,0.9563710426418774,-0.0004450648901798,0.0016873978660032,0.7114496527310503,0,Calm/Bull,0.8678
2024-10-03,sp500,-0.0016828286544586,0.0073721020574872,0.01034045515802,0.0072649305772393,0.8976752072385942,-0.0015877390527114,0.001754385484014,0.7129378682880689,0,Calm/Bull,0.8744
2024-10-04,sp500,0.0089302556991863,0.0059916616815729,0.0103323818941024,0.0087600888795231,0.871953915804597,0.0004491126671402,0.0030714454943445,0.5798916206332717,1,Transition,0.7482
2024-10-07,sp500,-0.0096322638293887,0.0062822151226369,0.0103925044201733,0.0092152913537903,0.9138015358680271,-0.0023228608304258,0.0020141555810842,0.6044948232537941,1,Transition,0.6453
2024-10-08,sp500,0.0096427068046943,0.0064917604078552,0.0104583489046597,0.0074837536170287,0.8573084445917616,0.0014792502694039,0.0022731559224292,0.6207251705824033,1,Transition,0.6152
2024-10-09,sp500,0.0070882310169945,0.0062987155580425,0.0104657724120858,0.0089398182345146,0.92443006913713,0.0028692202074055,0.0020971396907868,0.6018395308089108,1,Transition,0.7485
2024-10-10,sp500,-0.0020722685059824,0.0062314866883858,0.0102996868348556,0.005236982474909,0.8172278525098802,0.0027913322371008,0.0016201586576475,0.6050171027819574,0,Calm/Bull,0.5218
2024-10-11,sp500,0.0060336087072987,0.0062535031319656,0.0102634228368984,0.0080893891863764,0.8202608038337054,0.0022120028387232,0.0016521819812946,0.6092999607775512,0,Calm/Bull,0.5484
2024-10-14,sp500,0.0076781145745943,0.0063953610834662,0.0102471991118653,0.0071401710511306,0.7725105764737273,0.0056740785195199,0.0019732956666588,0.6241082088529913,1,Transition,0.5455
2024-10-15,sp500,-0.0076385660375134,0.0067412994381302,0.010227128389139,0.0113287944937433,0.9923203628477744,0.0022178239510783,0.0015781416100884,0.659158581140857,0,Calm/Bull,0.5563
2024-10-16,sp500,0.0046682327827797,0.0066888825650808,0.0102350480873403,0.0065349371716516,0.8888154595950326,0.0017338243042353,0.001956586184643,0.6535272241030553,0,Calm/Bull,0.8025
2024-10-17,sp500,-0.0001711751285381,0.005706882965317,0.009728589669533,0.0065411548004481,0.8983615275199872,0.0021140429797242,0.0011063095835798,0.5866094839202964,0,Calm/Bull,0.8698
2024-10-18,sp500,0.0039636869427743,0.0056935984230994,0.0096983823546868,0.004443567829205,0.9247479817921804,0.0017000586268193,0.0014016396122193,0.5870668132967448,0,Calm/Bull,0.8914
2024-10-21,sp500,-0.001824432756419,0.0057275403173802,0.0096232553443075,0.0071967931139263,0.935230085278075,-0.0002004508393832,0.0011701512531127,0.59517700741135,0,Calm/Bull,0.9333
2024-10-22,sp500,-0.0004749666671957,0.005729706616675,0.0096254877204018,0.0071558168905317,0.92413712627885,0.0012322690346802,0.0010210013645857,0.59526403057276,0,Calm/Bull,0.9194
2024-10-23,sp500,-0.0092338242676795,0.0061468384565011,0.0096868973681999,0.0124952034495409,0.9780803030051332,-0.0015481423754116,0.0006524593115123,0.6345518304632772,0,Calm/Bull,0.8409
2024-10-24,sp500,0.0021434731305568,0.0061066075697595,0.00949692747096,0.0056593245940927,0.9926087276267452,-0.0010852127235926,0.0005581058601302,0.6430087613528183,0,Calm/Bull,0.9511
2024-10-25,sp500,-0.0002994920131862,0.0060954195296732,0.0093022937925878,0.0108193085683684,0.986401093096308,-0.0019378485147847,0.0006058314044745,0.6552598386572279,0,Calm/Bull,0.968
2024-10-28,sp500,0.0026479346267329,0.0060561270810294,0.0089398478142438,0.0034068473506504,1.050800245671044,-0.0010433750381543,0.0005268479528891,0.6774306684930604,0,Calm/Bull,0.979
2024-10-29,sp500,0.0016128259449012,0.0055918286006852,0.007901680956772,0.0077182646314777,1.1065679633869234,-0.0006258165157349,0.0010758816848568,0.7076758263560214,0,Calm/Bull,0.996
2024-10-30,sp500,-0.0033056916724881,0.005674636974769,0.0078532946756392,0.0068218796015183,1.0982405599454974,0.0005598100033033,0.0009036780348831,0.7225804212302928,0,Calm/Bull,0.9963
2024-10-31,sp500,-0.0187901349287453,0.0071758067468959,0.0082005699465694,0.0127036391498603,1.2473543472976258,-0.0036269116085571,4.831272116882744e-05,0.8750375636876097,0,Calm/Bull,0.9858
2024-11-01,sp500,0.0040841580045254,0.0069379837426425,0.0077212652339397,0.0086056078704585,1.0652545392815154,-0.0027501816050147,-0.0001939921635642,0.8985552927447514,0,Calm/Bull,0.9987
2024-11-04,sp500,-0.0028160448131902,0.0066095938876197,0.0077253895564674,0.0078632676754713,1.0112171080935746,-0.0038429774929994,0.0001468187872457,0.8555677146515406,0,Calm/Bull,0.9978
2024-11-05,sp500,0.012191031029563,0.0068233899481518,0.00785501414682,0.0106073650360902,1.0523509927394314,-0.001727336476067,0.0002742349984891,0.8686667930336172,0,Calm/Bull,0.9939
2024-11-06,sp500,0.0249812809571866,0.0086833593843661,0.0081951028247294,0.0120171224229523,1.7038644118532624,0.0039300580498679,0.0011688874954987,1.0595790644826732,2,Stress/Bear,0.8803
2024-11-07,sp500,0.0074037541739956,0.0087554271702703,0.0082256757201214,0.0061324742953617,1.296023633814794,0.0091688358704161,0.0016426886294976,1.0644021802188226,0,Calm/Bull,0.9974
2024-11-08,sp500,0.003749794035718,0.0087099202888818,0.008009004459259,0.0059528298460134,1.2047686402962443,0.0091019630766546,0.0015284978959186,1.0875159744495375,0,Calm/Bull,0.9989
2024-11-11,sp500,0.0009685941909569,0.0085889658130285,0.0080086175994396,0.0051022047854629,1.099761684460276,0.009858890877484,0.0011930218767367,1.0724654669027405,0,Calm/Bull,0.9986
2024-11-12,sp500,-0.0028968514769364,0.0083956199956736,0.0079497680405072,0.0083288644863915,1.0721048224125844,0.0068413143761841,0.0014301076047655,1.0560836433081586,0,Calm/Bull,0.9997
2024-11-13,sp500,0.0002322007641401,0.008364108390681,0.0079404130610373,0.0070638432286745,1.056192024538649,0.0018914983375748,0.0012083060038336,1.0533593562937809,0,Calm/Bull,0.9999
2024-11-14,sp500,-0.006068108582244,0.0085178216392276,0.0079831799474411,0.0086734953504214,1.0381271205025997,-0.000802874213673,0.0009134593311483,1.0669710184796504,0,Calm/Bull,0.9999
2024-11-15,sp500,-0.0132914308667937,0.0090498632923607,0.0080928384607836,0.0106138801949259,1.1220156866051645,-0.0042111191941754,5.070344066991448e-05,1.1182557685062813,0,Calm/Bull,0.9997
2024-11-18,sp500,0.0039101597462065,0.0090781272015302,0.0079843648148843,0.0071551815414808,0.9668272439358824,-0.0036228060831255,0.0003374330658011,1.1369880274767632,0,Calm/Bull,0.9999
2024-11-19,sp500,0.0039557505205964,0.0091112600705584,0.0079781732632794,0.0115294840928455,0.971517531976686,-0.0022522856836189,0.0005589689251908,1.1420233391638848,0,Calm/Bull,1.0
2024-11-20,sp500,2.19506213354446e-05,0.008818020612999,0.007978328814327,0.0101586525635197,0.9052930422553834,-0.0022943357121798,0.0010217576696415,1.105246577098215,0,Calm/Bull,1.0
2024-11-21,sp500,0.0053262518442884,0.0088679083856861,0.0079477387520296,0.0127859752943414,1.006776867922714,-1.5463626873360967e-05,0.0011808966053281,1.1157775390417228,0,Calm/Bull,0.9999
2024-11-22,sp500,0.0034619595915364,0.0088747437489411,0.0079526058560466,0.0047811047468476,0.9782143222413364,0.0033352144647926,0.0013689691855642,1.1159541802506612,0,Calm/Bull,1.0
2024-11-25,sp500,0.0030159278201245,0.0088779158435345,0.0078698204876048,0.0094932904827169,1.300734180585264,0.0031563680795762,0.0013873688452338,1.1280963596968272,0,Calm/Bull,0.9998
2024-11-26,sp500,0.0057056971552638,0.0089304032841245,0.007323989085116,0.0055051378096766,0.8860172575111758,0.0035063574065097,0.0015920124057519,1.2193359630031475,0,Calm/Bull,1.0
2024-11-27,sp500,-0.0038084810835777,0.0089456109154319,0.0073449309628682,0.0058829083580374,0.7814159368109139,0.0027402710655271,0.0015668729351975,1.2179298839779182,0,Calm/Bull,0.9999
2024-11-29,sp500,0.0055921203968016,0.0075829631327217,0.0073414909947179,0.0066623691125221,0.5812990371927035,0.0027934447760297,0.0027859857014748,1.0328914301165173,0,Calm/Bull,1.0
2024-12-02,sp500,0.0024454638805813,0.0075770488124982,0.006907962423894,0.0030179506535676,1.0416841757359712,0.0025901456338387,0.0027040509952776,1.096857271007995,0,Calm/Bull,0.9999
2024-12-03,sp500,0.0004513472420221,0.0074864478589676,0.006792620475634,0.0030876129546089,0.9611441911097331,0.0020772295182182,0.0028674205980382,1.1021442881760313,0,Calm/Bull,1.0
2024-12-04,sp500,0.0060331816281361,0.0072041198202801,0.0068065518003084,0.0047284697827507,0.9370571034203816,0.0021427264127927,0.0025595281279669,1.0584096076303444,0,Calm/Bull,1.0
2024-12-05,sp500,-0.0018715258393823,0.0049573607313736,0.0067199107429815,0.0035637054853287,1.0109433133989796,0.0025301174616317,0.0012168877881384,0.7377122882995547,0,Calm/Bull,0.9963
2024-12-06,sp500,0.0024923453675383,0.0047521544285088,0.0066755068414635,0.0032823231664428,0.953466395230761,0.0019101624557791,0.0009713173478156,0.7118791938002207,0,Calm/Bull,0.9957
2024-12-09,sp500,-0.0061631672852274,0.0049595418968304,0.0067252053397982,0.0065886123345334,1.1083941923672531,0.0001884362226173,0.0004756692817683,0.7374558316429403,0,Calm/Bull,0.9951
2024-12-10,sp500,-0.0029682843142792,0.0050167453880888,0.0067468857819364,0.0058840587027173,0.9882277814983096,-0.0004954900886429,0.0002788253565065,0.743564594130266,0,Calm/Bull,0.9962
2024-12-11,sp500,0.0081326264113682,0.0052500714282045,0.0068056236427078,0.0053318423189714,1.041968645893424,-7.560113199649998e-05,0.0008302992509217,0.7714313491064103,0,Calm/Bull,0.9963
2024-12-12,sp500,-0.0054287314614632,0.005433411189838,0.0068396829168806,0.0046982318994009,0.9034980485060204,-0.0007870422564126,0.0005472526396415,0.7943951870090661,0,Calm/Bull,0.9979
2024-12-13,sp500,-2.646698937187397e-05,0.0052095977441396,0.0065272415255806,0.0070747682978079,0.8871741887586229,-0.0012908047277947,0.0008493347192852,0.7981316033308812,0,Calm/Bull,0.998
2024-12-16,sp500,0.0037921550087844,0.0040377479329877,0.0065260569063014,0.004288683117846,1.0893645609075135,0.0007002597310076,0.0017035140130641,0.6187117260790314,0,Calm/Bull,0.9896
2024-12-17,sp500,-0.0038714794806554,0.0041861194858544,0.0065525238259287,0.0037170194217089,1.119634463799923,0.0005196206977324,0.001314432051721,0.6388560495254842,0,Calm/Bull,0.9906
2024-12-18,sp500,-0.0299365053045181,0.0080953482509888,0.0076652394793223,0.0345494464411986,1.2737148357230337,-0.0070942056454448,-0.0003801807395347,1.0561115895761353,2,Stress/Bear,0.9953
2024-12-19,sp500,-0.0008654867505367,0.0080954601892192,0.0076613290441035,0.0118372673267985,1.1727289883102614,-0.0061815567032595,-0.0004245526081283,1.0566652525451607,0,Calm/Bull,0.9998
2024-12-20,sp500,0.0108104794023972,0.0083880974339319,0.0077648364699721,0.0252510603775725,1.879471567896294,-0.0040141674249057,-0.0001503412302228,1.0802671075392256,2,Stress/Bear,0.9975
2024-12-23,sp500,0.0072608495856163,0.0085162347946796,0.0078093700018892,0.0126681103515804,0.8264449124124055,-0.0033204285095393,3.96032694810988e-05,1.0905149573678,0,Calm/Bull,0.9999
2024-12-24,sp500,0.0109822331651268,0.0088428037547159,0.0079095465713142,0.0097118820190974,0.4231284985729174,-0.0003496859803828,0.0004379185367312,1.1179912369169591,0,Calm/Bull,0.9996
2024-12-26,sp500,-0.0004057410882578,0.0087563606137502,0.0077984251756611,0.0070193378333526,0.7071159425670515,0.0055564668628691,0.0001323466245551,1.122837036518444,0,Calm/Bull,0.9999
2024-12-27,sp500,-0.0111173049649122,0.0090761595324045,0.0079517473946631,0.0122628857042854,0.7711282266303443,0.003506103219994,-0.0002330945695115,1.1414044086078483,0,Calm/Bull,0.9995
2024-12-30,sp500,-0.0107596739417297,0.0092584625592705,0.0080839784988818,0.0121263942960366,0.8279220681352191,-0.0008079274488313,-0.0010506842864381,1.1452854013096512,0,Calm/Bull,0.9999
2024-12-31,sp500,-0.0042940064589823,0.0092471574976858,0.008032973136466,0.0103509354221109,0.7662601100787815,-0.003118898657751,-0.0013876578034163,1.1511500587133685,0,Calm/Bull,1.0
2025-01-02,sp500,-0.0022263631494489,0.0092385106295857,0.0079328871966522,0.0179874180345941,0.89226895934188,-0.0057606179206662,-0.0015215433229899,1.1645836377812706,0,Calm/Bull,0.9994
2025-01-03,sp500,0.012517356707826,0.0096233436389451,0.0079974734382991,0.0102111891698552,0.907273920606172,-0.0031759983614494,-0.0011973345690054,1.2032979806922302,0,Calm/Bull,0.9996
2025-01-06,sp500,0.0055227664968181,0.0097374414654803,0.0079782970824225,0.0102136223360537,1.211241816347837,0.0001520159308966,-0.0008276199521953,1.2204912107037869,0,Calm/Bull,0.9999
2025-01-07,sp500,-0.011166021516637,0.009968556849218,0.0081135939736278,0.0186155771758546,1.0995931778112125,7.074641591519083e-05,-0.0015105382964041,1.2286240698782236,0,Calm/Bull,0.998
2025-01-08,sp500,0.0015591440938312,0.0099283344558662,0.0080811335594533,0.0089739959553077,1.082705029461685,0.0012413765264779,-0.0011244227274512,1.2285819041131996,0,Calm/Bull,0.9999
2025-01-10,sp500,-0.0155316376502333,0.0104356191660831,0.008274825007367,0.0141701982389818,1.148468577248338,-0.0014196783736789,-0.0017525903942489,1.2611286833005335,0,Calm/Bull,0.999
2025-01-13,sp500,0.0015742043780551,0.0102092326826351,0.0082177269419397,0.0111887150045191,1.0665867667442144,-0.0036083088396331,-0.0020805114959145,1.242342652021169,0,Calm/Bull,0.9998
2025-01-14,sp500,0.0011456233341642,0.0102015903542194,0.0081968026418271,0.011381314828,0.9937340451333954,-0.0044837374721639,-0.0017517937561331,1.2445816740984024,0,Calm/Bull,0.9999
2025-01-15,sp500,0.0181471325045163,0.011130453713023,0.0085248562846755,0.0093110485518098,1.0778370400482216,0.0013788933320667,-0.0008431137814387,1.3056470797087023,0,Calm/Bull,0.9987
2025-01-16,sp500,-0.0021149243408667,0.0110792363961566,0.0085167735700466,0.0057213714317294,1.0177375825642376,0.0006440796451271,-0.0011384677489213,1.3008724847543365,0,Calm/Bull,0.9997
2025-01-17,sp500,0.009941478308394,0.0113276468143899,0.0086042537220983,0.0060900598966221,1.0391693080212263,0.0057387028368526,-0.0004478198594688,1.3165170600789085,0,Calm/Bull,0.9996
2025-01-21,sp500,0.008730009440596,0.0091130071238197,0.0086701750788047,0.0073777666423114,1.1264399449153593,0.0071698638493607,0.0014855058777868,1.0510753290435235,0,Calm/Bull,0.9992
2025-01-22,sp500,0.0061191810869941,0.0091519212199376,0.0086026817798312,0.0040549909561948,1.042616526030503,0.0081645753999267,0.0018347392696633,1.0638451420339723,0,Calm/Bull,0.9995
2025-01-23,sp500,0.0052994194595293,0.0089481461976208,0.0086205986463188,0.0072008738565864,1.1201633445705597,0.0055950327909293,0.0015591862725199,1.037995917074951,0,Calm/Bull,0.9996
2025-01-24,sp500,-0.0028592159844677,0.0088947341450683,0.0086327756469694,0.0064642498723524,1.0567757587915756,0.0054461744622091,0.0010531829940157,1.030344643346644,0,Calm/Bull,0.9995
2025-01-27,sp500,-0.0146880590321123,0.0092322720100045,0.0088577592151756,0.009023199508103,1.249732865468285,0.0005202669941078,-0.0002303316158461,1.0422807603741715,0,Calm/Bull,0.998
2025-01-28,sp500,0.0091756441777168,0.0094682670782402,0.0089269449241495,0.0131697601525753,1.0555158977756527,0.000609393941532,0.0002487376474525,1.0606391277968306,0,Calm/Bull,0.9992
2025-01-29,sp500,-0.0046898760569196,0.0091664460666677,0.0089391412731179,0.0082575851717592,0.9601459778571786,-0.0015524174872507,0.0005701090928521,1.025428034595823,0,Calm/Bull,0.9995
2025-01-30,sp500,0.0052615481521802,0.0088176335748228,0.0085855930608279,0.0097477383342571,1.066361909880774,-0.0015599917487205,0.0013711701975476,1.0270267309842114,0,Calm/Bull,0.9995
2025-01-31,sp500,-0.0050596039902671,0.0088451410939416,0.0086116736056094,0.0148960411866295,1.0929160379957532,-0.0020000693498804,0.0013328903209834,1.027110582567845,0,Calm/Bull,0.9981
2025-02-03,sp500,-0.0076376907294952,0.0090403563456503,0.008669083087634,0.0163814435248567,1.0682435689130012,-0.0005899956893569,0.0010623239419811,1.042827281070346,0,Calm/Bull,0.9969
2025-02-04,sp500,0.0071989074030291,0.0087595313502009,0.0085814437770568,0.0085476796960077,0.9739996795414372,-0.0009853430442945,0.0007964014767412,1.0207526353106544,0,Calm/Bull,0.9996
2025-02-05,sp500,0.0039010539156136,0.0087208982000778,0.0079818786286554,0.0092056403497656,1.052572060106761,0.0007328429502121,0.000715315847681,1.0925871722440466,0,Calm/Bull,1.0
2025-02-06,sp500,0.0036376743552662,0.008276293901115,0.0079403142253971,0.0061147826204209,1.068781686293771,0.0004080681908293,0.0014555006412762,1.0423131460771686,0,Calm/Bull,0.9999
2025-02-07,sp500,-0.0095098456936602,0.0086314776607396,0.0080268747863829,0.0134948483246561,1.047338749127886,-0.0004819801498492,0.0009020511519016,1.075322325369071,0,Calm/Bull,0.9998
2025-02-10,sp500,0.0066901122954551,0.0077943668632266,0.0080714185824569,0.0047045778641441,0.982802347567064,0.0023835804551407,0.002013138649186,0.9656749657572689,0,Calm/Bull,0.9997
2025-02-11,sp500,0.0003395251436738,0.007802911192233,0.0080613172304566,0.0055928057026036,0.9543054824330104,0.0010117040032697,0.001951404687467,0.9679449361889272,0,Calm/Bull,0.9997
2025-02-12,sp500,-0.0027275831896475,0.0078717235320303,0.008070377584314,0.0099141267835121,1.0157388203017832,-0.0003140234177824,0.0017577443612764,0.9753847883561428,0,Calm/Bull,0.9995
2025-02-13,sp500,0.0103723132142357,0.0071814562296619,0.0081333416655118,0.0107864607982504,1.0430434412770242,0.0010329043540114,0.0013690033967623,0.8829650253245579,0,Calm/Bull,0.9961
2025-02-14,sp500,-7.19463955744955e-05,0.0071437232437081,0.007931095396065,0.0032463285655353,0.9486855809722364,0.0029204842136285,0.001471152294027,0.9007234041406744,0,Calm/Bull,0.9993
2025-02-18,sp500,0.0024420036555518,0.0068671869573789,0.007923217605432,0.0049138956998035,1.0216748648155918,0.0020708624856478,0.0010961785613848,0.8667169449783744,0,Calm/Bull,0.9989
2025-02-19,sp500,0.0023741488668242,0.0066385828523858,0.0079146739437222,0.0059048483539863,0.996455543813626,0.0024777872302779,0.0007783855326962,0.8387689625106267,0,Calm/Bull,0.9984
2025-02-20,sp500,-0.0043436048842902,0.0066077389143204,0.0079403633494232,0.0081585603464562,1.045751648185969,0.0021545828913494,0.000255246234132,0.8321708495619984,0,Calm/Bull,0.9969
2025-02-21,sp500,-0.0172113966725391,0.0075529190815327,0.0082383287633655,0.017671290608361,1.167917220093284,-0.0033621590860055,-0.0008702945724713,0.9168023392219168,0,Calm/Bull,0.9595
2025-02-24,sp500,-0.0049814935662523,0.0075971119584252,0.0082534091439456,0.0110006809374086,1.063537936913896,-0.0043440685201411,-0.0009764084515605,0.9204816853164424,0,Calm/Bull,0.9978
2025-02-25,sp500,-0.0046907151383955,0.0069486668935103,0.0082662495587723,0.0141320125886822,1.1433571796442177,-0.0057706122789306,-0.0004765412568747,0.8406069577389192,0,Calm/Bull,0.9896
2025-02-26,sp500,0.0001360150295834,0.0065715505545371,0.0082312651802747,0.0129498161626514,1.0315608586546523,-0.0062182390463787,-0.0009285227142814,0.7983645783014156,0,Calm/Bull,0.9798
2025-02-27,sp500,-0.0159917426785246,0.0073516430830561,0.0084690672574484,0.0230160452397206,1.0608189986287972,-0.0085478666052256,-0.0014936160453616,0.8680581768423692,1,Transition,0.6635
2025-02-28,sp500,0.0157297804206633,0.0081834891945244,0.0086886240127287,0.020444998924133,1.3258725718209108,-0.0019596311865851,-0.0009702044319374,0.941862506944218,0,Calm/Bull,0.6587
2025-03-03,sp500,-0.0177534026483088,0.0089716405234109,0.0089704723753404,0.0299466779719616,1.1464926527238353,-0.0045140130029964,-0.0016048943648395,1.0001302214667898,1,Transition,0.7721
2025-03-04,sp500,-0.0123102882315054,0.0091950659178459,0.0090966545010488,0.0229295253003489,1.2366277415276754,-0.0060379276216184,-0.00183852423994,1.0108184186599345,0,Calm/Bull,0.8922
2025-03-05,sp500,0.0110974725287356,0.0094349306432979,0.0091838870107181,0.0202374185025104,1.0556363030711882,-0.0038456361217879,-0.0016435959836547,1.0273352266079556,0,Calm/Bull,0.9214
2025-03-06,sp500,-0.0179796771074555,0.0100092759428593,0.0094508263221611,0.017502760479078,1.027300204392779,-0.0042432230075741,-0.0027376325348082,1.0590900310366171,0,Calm/Bull,0.9623
2025-03-07,sp500,0.0055054350454544,0.0100803500664884,0.0094773954380191,0.0202280202786237,1.125114271236208,-0.0062880920826159,-0.0026442445002988,1.0636202881279506,0,Calm/Bull,0.9493
2025-03-10,sp500,-0.0273435417884281,0.0114194489284433,0.0100536979765467,0.0251756319606728,1.2438509685136985,-0.0082061199106398,-0.0035359293050372,1.1358456316355032,2,Stress/Bear,0.6446
2025-03-11,sp500,-0.0075966469185365,0.011190654910135,0.0100847918067471,0.0193625801257124,1.187040256685406,-0.007263391648046,-0.0042502672657368,1.1096565129532907,0,Calm/Bull,0.91
2025-03-12,sp500,0.0048749679404907,0.011333600719649,0.0100416611731079,0.0171628776826343,0.9875351785392156,-0.008507892565695,-0.0040234951258959,1.1286579505391972,0,Calm/Bull,0.8571
2025-03-13,sp500,-0.0139883668064641,0.0115435984028893,0.0101601983834715,0.0168667110656254,0.9460373008594384,-0.0077096305054967,-0.0045865343067367,1.13615876060731,0,Calm/Bull,0.8353
2025-03-14,sp500,0.0210429059531969,0.0124799768662664,0.0105688163048207,0.0144388701991912,0.9158124908019616,-0.0046021363239482,-0.0040530046697887,1.180830142782778,1,Transition,0.4718
2025-03-17,sp500,0.006395634974606,0.0126708957728977,0.0105948703566594,0.0127574220190479,0.9413862077810288,0.0021456990286586,-0.0037296256012796,1.195946278373606,0,Calm/Bull,0.9419
2025-03-18,sp500,-0.0107106670743197,0.0126750411378201,0.010661420743716,0.0101110339631252,0.8731581891080847,0.0015228949975019,-0.0043872591377732,1.1888697991110573,0,Calm/Bull,0.6414
2025-03-19,sp500,0.0107406081729537,0.0130426679103292,0.0100837750339088,0.0164097133664527,0.8712049335419947,0.0026960230439945,-0.0039689361724667,1.2934310678759184,0,Calm/Bull,0.9427
2025-03-20,sp500,-0.0021872835137829,0.0130483190319338,0.0100858788329234,0.0139186567840464,0.8757390490735791,0.0050562397025308,-0.0038611201039414,1.2937215733090233,0,Calm/Bull,0.9201
2025-03-21,sp500,0.0008243136078323,0.0126955711796361,0.0099763550105523,0.0119521884891252,1.6912135147448542,0.0010125212334578,-0.0029593345899228,1.2725660991622252,2,Stress/Bear,0.9026
2025-03-24,sp500,0.0174921171286391,0.0134776474121428,0.0102006379123174,0.0098932583970024,0.819175122550175,0.0032318176642645,-0.0018356540551782,1.3212553497138062,0,Calm/Bull,0.9898
2025-03-25,sp500,0.0015730954906538,0.0134805884789794,0.0100915171978218,0.0045926746273364,0.8167096273449478,0.0056885701772592,-0.0015224635237258,1.3358336724520548,0,Calm/Bull,0.9882
2025-03-26,sp500,-0.011219640357598,0.0136451961684308,0.0101815546574889,0.015617442996957,0.7695816609106351,0.0012965204711488,-0.0020902462930848,1.3401878816605102,0,Calm/Bull,0.9855
2025-03-27,sp500,-0.0033124610071321,0.0132542747600676,0.0100986280626625,0.0107740212844039,0.8150191429903784,0.001071484972479,-0.0014562822095152,1.312482713277899,0,Calm/Bull,0.9991
2025-03-28,sp500,-0.0199346011268535,0.013219463928569,0.0103191557311503,0.0203317391039973,0.8505284367231816,-0.0030802979744581,-0.0032395012868911,1.2810606093155117,0,Calm/Bull,0.6785
2025-03-31,sp500,0.0055232403576457,0.012895067411784,0.0103429765312947,0.0247387360155934,0.9940588098597928,-0.0054740733286568,-0.0020756691365933,1.2467462700671763,0,Calm/Bull,0.5995
2025-04-01,sp500,0.003774104555212,0.0127235991829442,0.0103577786634313,0.0163409663930921,0.8522164112723949,-0.0050338715157451,-0.0012714494972575,1.2284100284808728,0,Calm/Bull,0.9899
2025-04-02,sp500,0.0067056614294841,0.0125354008472259,0.010258949258474,0.0218357835491491,0.8238233476501993,-0.0014488111583287,-0.00149104005222,1.2218990981821598,0,Calm/Bull,0.945
2025-04-03,sp500,-0.0496059118289966,0.0161876236213695,0.0120050647399338,0.0201425560616546,1.3724678809201902,-0.0107075013227016,-0.0030723517882971,1.3483995273697054,2,Stress/Bear,0.9999
2025-04-04,sp500,-0.0616090618982309,0.0206556914931763,0.0142379501671981,0.0437991184516589,1.6361825597926918,-0.0190423934769771,-0.0064280766354814,1.4507489667131666,2,Stress/Bear,1.0
2025-04-07,sp500,-0.0023341946059635,0.0200716139509809,0.0142278250087134,0.081293848615981,1.5731516760067483,-0.0206138804696989,-0.0051776092763581,1.4107296047490516,2,Stress/Bear,1.0
2025-04-08,sp500,-0.0158250832770548,0.0202076791638371,0.0142323939153506,0.0716569882955062,1.3265428088028277,-0.0245337180361523,-0.005589031094284,1.419836977814514,2,Stress/Bear,1.0
2025-04-09,sp500,0.0908948798330364,0.0295477616718515,0.0186600078785281,0.0976579518601512,1.63669243114262,-0.0076958743554419,-0.0012880354996568,1.5834806643276869,2,Stress/Bear,1.0
2025-04-10,sp500,-0.0352206070241116,0.0303972945214406,0.0191688444842384,0.0451552076445509,1.1353859406561158,-0.0048188133944649,-0.0023496475105391,1.5857656180806674,2,Stress/Bear,1.0
2025-04-11,sp500,0.017930380835778,0.0302789647078316,0.0191650557705366,0.0299606861188578,0.946710676562162,0.0110890751523368,-0.0025052737664101,1.5799048575888297,2,Stress/Bear,1.0
2025-04-14,sp500,0.0079133193263429,0.0303043371128284,0.019205325399448,0.0187644284697898,0.8502077174400695,0.0131385779387982,-0.0024293895488232,1.5779132340917998,2,Stress/Bear,1.0
2025-04-15,sp500,-0.0017292752253009,0.0302416421178911,0.0191458453536033,0.0118537339474559,0.7316593669248566,0.0159577395491489,-0.0019803199563723,1.5795407076240455,2,Stress/Bear,1.0
2025-04-16,sp500,-0.0226632539649025,0.0304239797114649,0.0192828633645587,0.0277593854636816,0.7812632464198636,-0.0067538872104388,-0.0036505130632651,1.5777729238793037,2,Stress/Bear,1.0
2025-04-17,sp500,0.0013259586237727,0.0304430092004634,0.0192573871944668,0.0137675767656255,0.7991805605864626,0.000555425919138,-0.0034748509563873,1.5808483722657125,2,Stress/Bear,1.0
2025-04-21,sp500,-0.023849648334018,0.030757941812896,0.0194278036781886,0.0254565650075151,0.7490075031186936,-0.0078005799148211,-0.0047085490534798,1.5831919203212634,2,Stress/Bear,1.0
2025-04-22,sp500,0.0248069521254506,0.0310776519782188,0.01975307987817,0.0192784744248306,0.8260037327202397,-0.0044218533549996,-0.0043428073036393,1.5733066524255834,2,Stress/Bear,1.0
2025-04-23,sp500,0.0165238643668794,0.0314055244916698,0.0198344019294941,0.0211166255107626,0.9431371387058046,-0.0007712254365635,-0.003595268859828,1.583386512147324,2,Stress/Bear,1.0
2025-04-24,sp500,0.0200566280825831,0.0317823215865626,0.019986219793138,0.0214120083409234,0.8211392971047198,0.0077727509729336,-0.0020314554378189,1.590211751672745,2,Stress/Bear,1.0
2025-04-25,sp500,0.0073460847957005,0.0318490026273922,0.0200159124847386,0.0130764261468429,0.7416174219123898,0.0089767762073191,-0.0014985281476773,1.591184146697077,2,Stress/Bear,1.0
2025-04-28,sp500,0.0006405015390019,0.031553080021028,0.0199984044270735,0.0153778014074157,0.7470162150772578,0.0138748061819231,-0.0004697730143845,1.5777798741939568,2,Stress/Bear,1.0
2025-04-29,sp500,0.0057856415455563,0.0315557575668803,0.0200152406881075,0.0119136889761497,0.8365988353368393,0.0100705440659442,-0.000456652954989,1.57658646521447,2,Stress/Bear,1.0
2025-04-30,sp500,0.0014788972519335,0.0315437328193898,0.02000152291153,0.026683068203887,0.95186035373393,0.0070615506429551,-0.0005714133201529,1.5770665543275308,2,Stress/Bear,1.0
2025-05-01,sp500,0.0062793457164519,0.031538700135624,0.0199953084276894,0.0109847464717029,0.8568673947412923,0.0043060941697288,-0.0005927291058045,1.577305008806431,2,Stress/Bear,1.0
2025-05-02,sp500,0.0146191911091127,0.0294885970488226,0.0200896932345511,0.0102732198208873,0.8604216888344388,0.0057607154324113,0.0026185260411009,1.4678470549319764,2,Stress/Bear,1.0
2025-05-05,sp500,-0.0064020470293184,0.0254700719356393,0.020091681126126,0.0086542680948753,0.8045375574142584,0.0043522057187472,0.0053788767845465,1.26769242333433,2,Stress/Bear,0.9997
2025-05-06,sp500,-0.0077229852783917,0.025584207803501,0.0200805231883795,0.0113324517946256,0.9039730559206924,0.0016504803539575,0.0051094372509251,1.274080738011172,2,Stress/Bear,0.9998
2025-05-07,sp500,0.0043369381067101,0.0251087103146122,0.020067142537082,0.0135119984538095,0.9784419426764432,0.0022220885249129,0.0061175383201133,1.251234961241438,2,Stress/Bear,0.9994
2025-05-08,sp500,0.0057830211474656,0.0152681508598327,0.0200867030894993,0.0149578236563567,1.1474611092470697,0.0021228236111156,0.0018619453858348,0.7601123385855377,1,Transition,0.9985
2025-05-09,sp500,-0.0007117341348763,0.0125680823821553,0.0200857052815297,0.0083994335157429,0.9671999593554846,-0.0009433614376821,0.0035873890302965,0.6257227319626462,1,Transition,0.9997
2025-05-12,sp500,0.0320399766770208,0.0137554802392785,0.0204865486871412,0.0101451252708999,1.2470057591224115,0.0067450433035856,0.0042928688223587,0.6714396089524063,1,Transition,0.9873
2025-05-13,sp500,0.0072220590202459,0.0137467701411785,0.0205122964944699,0.0104679513861296,1.1379753520400375,0.0097340521633132,0.0042583058070538,0.670172164529925,1,Transition,0.9992
2025-05-14,sp500,0.001023891242276,0.0136973516680597,0.0205095094309706,0.0058446284903452,1.069518443366276,0.0090714427904264,0.0043959641304327,0.66785369558259,1,Transition,0.9987
2025-05-15,sp500,0.0041238174387576,0.0121324420065921,0.0205151356674429,0.0099798042115146,1.0160481909856052,0.0087396020486848,0.0057353177006157,0.5913898013282959,1,Transition,0.9997
2025-05-16,sp500,0.0069808493681001,0.0120900934740689,0.0205324584582801,0.0086030523253669,0.9860949402373632,0.0102781187492801,0.0060180622378321,0.5888283421410412,1,Transition,0.9997
2025-05-19,sp500,0.0008757295660482,0.0099499618589884,0.0204144776436028,0.0122275002818613,0.8431119708589956,0.0040452693270856,0.0072543311328354,0.4873973281460092,1,Transition,0.9996
2025-05-20,sp500,-0.0038877770695725,0.0093356018502351,0.0204105672552316,0.0073732157537911,0.9009142234037194,0.0018233021091219,0.0058195946730842,0.4573906121027703,1,Transition,0.9999
2025-05-21,sp500,-0.0162667192677588,0.0101964352162826,0.0205089829593891,0.0183861649367936,1.0730023480765092,-0.001634819992885,0.0041800654913523,0.4971692275757,1,Transition,0.9997
2025-05-22,sp500,-0.0004449700224211,0.0095247281183039,0.0205089047348181,0.0089455950953308,1.0482360758422038,-0.0025485774851208,0.0031549855861021,0.4644191506791548,1,Transition,0.9999
2025-05-23,sp500,-0.0067308995914731,0.0097169028190767,0.0204236500600481,0.0107016263223993,0.9436895333848878,-0.0052909272770355,0.0024511363667434,0.4757672007945593,1,Transition,0.9999
2025-05-27,sp500,0.0202525808021843,0.0104838902742547,0.0204915535352662,0.011865199499246,1.0740325485271824,-0.0014155570298082,0.0034317403299025,0.5116200807426239,1,Transition,0.9997
2025-05-28,sp500,-0.0055868025764447,0.0106564875010108,0.020373684947643,0.0098564232260204,0.9344353877404592,-0.0017553621311827,0.0028631181238025,0.5230515504876153,1,Transition,0.9999
2025-05-29,sp500,0.0040031708706317,0.010654178439771,0.0203138861841499,0.0117266721087428,0.9234829295855256,0.0022986158964954,0.0029893318047374,0.5244776082325395,1,Transition,1.0
2025-05-30,sp500,-8.118845699520562e-05,0.0106457303763997,0.0202651484756614,0.0132753884670212,1.2704864278302603,0.0023713722095806,0.002671305096065,0.5253221011030497,1,Transition,0.9998
2025-06-02,sp500,0.004093651490626,0.010277803547772,0.0201295048937831,0.0127982640175605,0.9627045234605236,0.0045362824260004,0.0021450281151407,0.5105840209187797,1,Transition,1.0
2025-06-03,sp500,0.0057835335353689,0.0101041770389342,0.0201306940266917,0.0087683169767891,0.9948180868135464,0.0016424729726373,0.002754307143375,0.5019288965167769,1,Transition,1.0
2025-06-04,sp500,7.368474471916267e-05,0.0098252257395491,0.0197947464421823,0.0040815428640916,0.942970748036784,0.0027745704368701,0.0031441406445306,0.4963552207272408,1,Transition,0.9999
2025-06-05,sp500,-0.0052913579786981,0.009998067768035,0.019779959356775,0.0132170462144451,1.00618042599322,0.0009156646670041,0.0026627258402602,0.5054645253661988,1,Transition,1.0
2025-06-06,sp500,0.0102281962153767,0.010119751252699,0.0198094930471474,0.0063729901616415,0.87166691781791,0.0029775416014785,0.0028849845936557,0.510853620969178,1,Transition,1.0
2025-06-09,sp500,0.0009195251863913,0.0100957821772376,0.0197096016158013,0.0045172203477028,0.9290568412815868,0.0023427163406316,0.0029665475597191,0.5122265976773333,1,Transition,0.9999
2025-06-10,sp500,0.0054680125416468,0.0074771973364314,0.0195484369771265,0.0070758941006832,0.9883837261848676,0.0022796121418871,0.0016379493529504,0.3824959174577703,1,Transition,1.0
2025-06-11,sp500,-0.0027476603182873,0.0074174142408198,0.0195424243312152,0.0094782134062315,1.0389264863297087,0.0017153431292858,0.0011394633860238,0.3795544562489093,1,Transition,1.0
2025-06-12,sp500,0.0038151330716763,0.0074413458961514,0.0194849134974143,0.0068732022410379,0.9545501655514406,0.0035366413393607,0.0012790254774938,0.3819029474849296,1,Transition,1.0
2025-06-13,sp500,-0.0113606685901028,0.007919926586641,0.0195109922734108,0.0105321246467254,1.0721061303339672,-0.0007811316217351,0.0005048011760507,0.4059212609824131,1,Transition,1.0
2025-06-16,sp500,0.0093488231481891,0.0080386456868143,0.0195372450162381,0.0077621789071035,1.0393336501122248,0.0009047279706244,0.0006231998650552,0.4114523659877932,1,Transition,1.0
2025-06-17,sp500,-0.0083872597236431,0.0082863588832721,0.0195752481755766,0.008098355526018,0.9993664850953596,-0.0018663264824335,0.0001600504005706,0.4233079861337736,1,Transition,1.0
2025-06-18,sp500,-0.0003092880347205,0.0082328169363943,0.0194540666616411,0.0077513576407592,1.022659762112301,-0.0013786520257202,0.0003389748523132,0.423192594103091,1,Transition,1.0
2025-06-20,sp500,-0.0021810352155877,0.0072854840110408,0.0194569379679511,0.0109989775927873,1.4601665430510553,-0.002577885683173,0.0010432590549218,0.3744414472123645,1,Transition,0.9991
2025-06-23,sp500,0.0095606550712594,0.0075177433997465,0.0194289440451261,0.0141971164583986,1.092058673032619,0.0016063790490994,0.0015435403096058,0.386935254035712,1,Transition,1.0
2025-06-24,sp500,0.0110603286169586,0.0075396822654552,0.0194648349423192,0.0069777590941897,1.054115369854069,0.0019486801428533,0.0024331017200274,0.3873488929034228,1,Transition,1.0
2025-06-25,sp500,-3.286108349665331e-06,0.0062743274258653,0.0192683595593548,0.0046649991375955,1.0032297256988485,0.003625474865912,0.0014203083745007,0.325628521023687,1,Transition,1.0
2025-06-26,sp500,0.0079881310325167,0.0062103447559029,0.0192797921335209,0.0063914463517733,1.023430108681632,0.0052849586793594,0.0020990550549488,0.3221167901030078,1,Transition,1.0
2025-06-27,sp500,0.00520539925615,0.0062355125031358,0.0192835363692413,0.0089631382279079,1.4739293841849106,0.006762245573707,0.0021591664742247,0.3233593871859508,1,Transition,0.9995
2025-06-30,sp500,0.0051511375061288,0.0062463233229729,0.0192775021347207,0.0064641716724093,1.0864364063000498,0.0058803420606809,0.0024207827723809,0.3240214048127489,1,Transition,1.0
2025-07-01,sp500,-0.0011191571098791,0.0062815040186644,0.0180777918612215,0.0052935654432921,1.1631782465458325,0.0034444449153133,0.0021601423423556,0.3474707567653153,1,Transition,1.0
2025-07-02,sp500,0.0047338743064907,0.0062539612930914,0.0160130974063878,0.0063124149466243,1.0405074162538337,0.0043918769982814,0.0021076593809117,0.3905528789574859,1,Transition,1.0
2025-07-03,sp500,0.0083043782106639,0.0063825570727118,0.0160072726931113,0.0060818302550934,0.6306593909835819,0.0044551264339109,0.002519194054209,0.3987285776332474,1,Transition,1.0
2025-07-07,sp500,-0.007893368104244,0.0065737991328906,0.0158764258972343,0.0098025715026703,0.9763265869240876,0.001835372961832,0.0023890935479317,0.4140603921463037,1,Transition,1.0
2025-07-08,sp500,-0.0007161432504695,0.0063382045539165,0.0110104018130217,0.0040077287092843,1.0563506469446655,0.0006619168105123,0.0018418765746394,0.5756560624718101,1,Transition,0.9829
2025-07-09,sp500,0.0060438027767796,0.0064022053891902,0.0098625379740248,0.0060240165473936,0.8845722151290124,0.0020945087878441,0.0020980904541588,0.6491438011241959,0,Calm/Bull,0.9172
2025-07-10,sp500,0.0027424410729257,0.0063555355851777,0.009662694153543,0.0061747505244362,0.9820138698813098,0.0016962221411311,0.0019618118807227,0.6577394962715857,0,Calm/Bull,0.9579
2025-07-11,sp500,-0.0033029717732258,0.0063783648247056,0.0096672621088255,0.0050864401533607,0.855466646481308,-0.0006252478556467,0.0019340463079758,0.6597902025313488,0,Calm/Bull,0.9533
2025-07-14,sp500,0.0014064243309367,0.0063637006055811,0.0096527841686213,0.0054382255942918,0.867179693276674,0.0012347106313893,0.0018136108709388,0.6592606334520368,0,Calm/Bull,0.963
2025-07-15,sp500,-0.0039641450656725,0.0057423744350089,0.0091135107446815,0.0096672302502029,0.9438169443681218,0.0005851102683487,0.0021834370471603,0.6300946579077781,0,Calm/Bull,0.9738
2025-07-16,sp500,0.0031885685253844,0.0054978106328833,0.0091115494996348,0.0106215609564596,0.951292702394024,1.406341806972104e-05,0.0018754243160201,0.6033892076318823,0,Calm/Bull,0.9682
2025-07-17,sp500,0.005359380240011,0.0049823862017991,0.0084151344086867,0.0067361438437626,1.007660983059408,0.0005374512514867,0.0025627563142028,0.592074464866056,0,Calm/Bull,0.9928
2025-07-18,sp500,-9.049030280841674e-05,0.0049759842097599,0.007938268344287,0.0048183032246247,0.9470994701964254,0.0011799475455702,0.0025736962007984,0.6268349712996236,0,Calm/Bull,0.9958
2025-07-21,sp500,0.0013981570056732,0.0048589681001611,0.0077362324408759,0.0051208510787897,0.9362101243213148,0.0011782940805175,0.0027526558118615,0.628079383252216,0,Calm/Bull,0.9955
2025-07-22,sp500,0.0006373284966667,0.0046039246235421,0.007394706752512,0.0054536018985146,1.057235984159871,0.0020985887929854,0.0023064894831318,0.6225973223316936,0,Calm/Bull,0.9957
2025-07-23,sp500,0.0077815321457028,0.0043257806360115,0.0073999200250641,0.0067857386381436,1.0516372056562606,0.003017181517049,0.002142549659569,0.5845712685217898,0,Calm/Bull,0.9934
2025-07-24,sp500,0.0006979799969332,0.0043102861412327,0.0073996997027622,0.0032593263071662,0.9835574475564154,0.0020849014684335,0.0021776129648332,0.5824947382153566,0,Calm/Bull,0.9965
2025-07-25,sp500,0.0039664510016805,0.0041143004237494,0.007389074897962,0.004271650692242,0.8389160585739317,0.0028962897293313,0.0019765289632914,0.5568085965516724,0,Calm/Bull,0.997
2025-07-28,sp500,0.0001768424712665,0.0040598861825825,0.0073934764766983,0.003956290301369,0.884300062599555,0.00265202682245,0.0017251011240472,0.5491173462684116,0,Calm/Bull,0.997
2025-07-29,sp500,-0.0029638301974668,0.0041047248583987,0.0074052572534198,0.0071167542094778,0.989953071951076,0.0019317950836232,0.0013193527388674,0.5542987526197154,0,Calm/Bull,0.9956
2025-07-30,sp500,-0.0012502139385094,0.0041089250799,0.0072332890389347,0.0094548330436316,1.057538181549888,0.0001254458667808,0.0013127998974359,0.5680576370974392,0,Calm/Bull,0.9937
2025-07-31,sp500,-0.0037016620463745,0.0041717420678203,0.0071891968405213,0.0156765683558227,1.1906053326544144,-0.0007544825418807,0.0008910230797926,0.5802792941078808,0,Calm/Bull,0.9405
2025-08-01,sp500,-0.0161213871855698,0.00530788179433,0.0074568569339488,0.011957314360268,1.1148929078890084,-0.0047720501793308,-0.000330265190019,0.7118122073879186,0,Calm/Bull,0.9706
2025-08-04,sp500,0.0146295644914144,0.0059671487834816,0.0076330386902306,0.009317620864448,0.9300246065945672,-0.0018815057753012,0.0007958814397639,0.7817527233444898,0,Calm/Bull,0.982
2025-08-05,sp500,-0.004869703780462,0.0060934842744217,0.007666172820278,0.0089900262318265,1.061886524387269,-0.0022626804919002,0.0005882034132642,0.7948534969500884,0,Calm/Bull,0.997
2025-08-06,sp500,0.0072555222198526,0.0061562831571233,0.0076913876920952,0.0081512569410119,1.0350087812588655,-0.0005615332602278,0.0006487893854179,0.800412539787909,0,Calm/Bull,0.9967
2025-08-07,sp500,-0.0007977981718278,0.0061437996017363,0.0066018373324976,0.012522103583399,1.0159951418410282,1.9239514681484907e-05,0.0004717774231802,0.9306196581811236,0,Calm/Bull,0.9994
2025-08-08,sp500,0.0077694548163894,0.0062830458155683,0.0066104521532752,0.0062509199047441,0.9123357872186232,0.0047974079150733,0.001025398752661,0.9504714155529044,0,Calm/Bull,0.9999
2025-08-11,sp500,-0.0025072683938851,0.006331314558895,0.0066292444959823,0.0067765401913731,0.8904546000026413,0.0013700413380134,0.0008297141164199,0.9550582366862608,0,Calm/Bull,0.9999
2025-08-12,sp500,0.0112815590751707,0.006634295819041,0.0067441916113967,0.0094310122115768,0.9828647964234616,0.0046002939091399,0.001591999323462,0.9837051200962424,0,Calm/Bull,0.9998
2025-08-13,sp500,0.0032248733840464,0.0066347606066972,0.0067091048471084,0.0054526140864281,0.9942968984565478,0.0037941641419787,0.0015938145663951,0.9889189031762812,0,Calm/Bull,1.0
2025-08-14,sp500,0.0003030448785544,0.0065798303970935,0.0067102187469122,0.0050784408008412,0.8625250592423589,0.0040143327520551,0.0013409977983223,0.9805686886319834,0,Calm/Bull,1.0
2025-08-15,sp500,-0.0029013399163647,0.0066417436691218,0.0066983547042335,0.0061226312892766,0.8896119767618899,0.0018801738055043,0.0012004553176445,0.9915485163728408,0,Calm/Bull,1.0
2025-08-18,sp500,-0.0001007682577357,0.0066478495864154,0.0062895249947464,0.0027367796703462,0.816082248771477,0.0023614738327342,0.0011255090544741,1.056971646025473,0,Calm/Bull,1.0
2025-08-19,sp500,-0.0058753291122071,0.0068300298900132,0.0063587336196864,0.0087749988842758,0.8692120283914055,-0.0010699038047413,0.0007998761740304,1.0741179452568492,0,Calm/Bull,1.0
2025-08-20,sp500,-0.0024346306322649,0.006660317965971,0.0062876967866432,0.0100910352186122,0.8981203498827874,-0.0022018046080036,0.000289068035132,1.0592619510723376,0,Calm/Bull,1.0
2025-08-21,sp500,-0.0040122197289511,0.0067280302940402,0.0058329643136599,0.0064268209338754,0.8167540438997464,-0.0030648575295047,5.355804883779634e-05,1.1534495896510433,0,Calm/Bull,0.9999
2025-08-22,sp500,0.0150722851587791,0.0074838278139886,0.0060309121563198,0.0145819704759022,1.0210436520914223,0.000529867485524,0.0006088497566927,1.2409114276596327,0,Calm/Bull,0.9932
2025-08-25,sp500,-0.0042755125396463,0.0075631554530369,0.0060686866495716,0.0044771930750462,0.8254308017643863,-0.000305081370858,0.000386232006147,1.246259016120204,0,Calm/Bull,0.9998
2025-08-26,sp500,0.0041254737101163,0.007564011703584,0.0060753044753642,0.0060563748820536,0.9919677528150566,0.0016950791936066,0.0007406972015262,1.2450424063940566,0,Calm/Bull,0.9999
2025-08-27,sp500,0.002388130453303,0.0075573582812871,0.0060669172606039,0.0045083184626802,0.8551559578006555,0.0026596314107202,0.0009226144211168,1.2456669436323915,0,Calm/Bull,0.9999
2025-08-28,sp500,0.0031517474414667,0.0074917367101053,0.006044639789892,0.0063474175695971,0.90073308515527,0.0040924248448037,0.0012652848955089,1.2394016799203016,0,Calm/Bull,0.9999
2025-08-29,sp500,-0.0064187404027925,0.0065632031281975,0.0061267273219251,0.0073046507599194,0.905607149669692,-0.0002057802675105,0.0017504172346477,1.0712412652527266,0,Calm/Bull,1.0
2025-09-02,sp500,-0.0069463500610303,0.0060910736830418,0.0061605972140017,0.0087225643666433,1.0236844723713252,-0.0007399477717873,0.0006716215070255,0.9887148066096738,0,Calm/Bull,1.0
2025-09-03,sp500,0.0050871123029413,0.0060208224535828,0.0060691841559155,0.0058155225383302,0.9663791027898836,-0.0005476200532223,0.0011694623111957,0.9920315974782968,0,Calm/Bull,1.0
2025-09-04,sp500,0.0083118471028735,0.0060813498394313,0.006138039172087,0.0086987637670036,1.0189682280489452,0.0006371232766917,0.0012222785553467,0.9907642602032416,0,Calm/Bull,1.0
2025-09-05,sp500,-0.0031701726699367,0.0061456232233591,0.006140475212446,0.0136804631451053,1.1081177766119412,-0.0006272607455889,0.0011036598304413,1.0008383733725854,0,Calm/Bull,0.9999
2025-09-08,sp500,0.0021037644508885,0.0059496457008959,0.0061197986070641,0.0039075130203448,1.1344381597874051,0.0010772402251472,0.0008203753121662,0.9721963226090886,0,Calm/Bull,1.0
2025-09-09,sp500,0.0026845470300734,0.0059099451041497,0.0061135350734464,0.0053972068159538,1.042847178068598,0.003003419643368,0.0010799660833642,0.966698486742795,0,Calm/Bull,1.0
2025-09-10,sp500,0.0029790282293981,0.0054275559493781,0.0058887024091874,0.0060670741233603,1.1402020408991624,0.0025818028286593,0.0006648395410755,0.9216896307937366,0,Calm/Bull,0.9999
2025-09-11,sp500,0.0084500876230935,0.0056772865985442,0.0058694592981884,0.0071484698215621,1.1749112964120718,0.0026094509327033,0.0009261002530279,0.9672588751567676,0,Calm/Bull,0.9999
2025-09-12,sp500,-0.0004828778814283,0.0056845414432137,0.0057316644923741,0.0031468429306085,1.0030357040983735,0.003146909890405,0.0008868041150287,0.9917784704210932,0,Calm/Bull,1.0
2025-09-15,sp500,0.0046955777265597,0.0056718941434257,0.0057398664414539,0.0026529933031903,1.0846962754967115,0.0036652725455393,0.001266649997175,0.9881578606886584,0,Calm/Bull,1.0
2025-09-16,sp500,-0.0012887604333313,0.0056931491785918,0.0057308415371817,0.0040686163940164,1.1376705043206774,0.0028706110528583,0.0012072503883952,0.99342289289535,0,Calm/Bull,1.0
2025-09-17,sp500,-0.0009706390782443,0.0054734020727726,0.0056465103771259,0.0110964165978115,1.2139104949746422,0.0020806775913298,0.0014524848900933,0.9693424269519576,0,Calm/Bull,0.9999
2025-09-18,sp500,0.0047776878367082,0.0054413180747505,0.00552349937108,0.0067717037245806,1.0972237382543788,0.0013461976340527,0.001813100813542,0.985121516124398,0,Calm/Bull,1.0
2025-09-19,sp500,0.0048735239374811,0.005301613029968,0.0055381390321543,0.0062286200740309,1.7967789947227508,0.0024174779978346,0.0022573879968636,0.9572914293387969,0,Calm/Bull,0.9447
2025-09-22,sp500,0.0044003507147622,0.0044052068735219,0.0054859795737064,0.0075906716853408,1.104478508832068,0.0023584325954752,0.0017237912746628,0.8029936703803104,0,Calm/Bull,0.9949
2025-09-23,sp500,-0.0055173518287397,0.0045019089712239,0.0055355479049422,0.0081028376545435,1.0859818697805643,0.0015127143163935,0.0016616993102081,0.8132725158433786,0,Calm/Bull,0.9953
2025-09-24,sp500,-0.0028506771652953,0.0045706991658523,0.0055365465926024,0.0076680655347288,1.046389824956389,0.0011367066989833,0.0013128917664375,0.8255505646713904,0,Calm/Bull,0.9978
2025-09-25,sp500,-0.0050216487425263,0.0047747116213231,0.0055860501384154,0.0075370013470627,1.1076536757831528,-0.0008231606168635,0.000942402806646,0.8547563131392809,0,Calm/Bull,0.9991
2025-09-26,sp500,0.0058844891304135,0.0048792210871495,0.0056008343278676,0.0067041012919164,0.9548028560769096,-0.0006209675782771,0.0010790398910934,0.8711596882757848,0,Calm/Bull,0.9995
2025-09-29,sp500,0.0026320772599126,0.0045562479984475,0.0055241454988353,0.0049270064164335,0.9922031080177824,-0.000974622269247,0.0015315807742286,0.8247878335949249,0,Calm/Bull,0.9982
2025-09-30,sp500,0.0040825036135079,0.0041229692676618,0.0054131974025069,0.0075129402423688,1.10845936352629,0.0009453488192024,0.0020830234579555,0.761651379229667,0,Calm/Bull,0.9829
2025-10-01,sp500,0.0033941541712235,0.0040751483321825,0.0054147575501307,0.0092799772535097,1.089261359946312,0.0021943150865062,0.0019983755513697,0.752600332416395,0,Calm/Bull,0.9639
2025-10-02,sp500,0.0006181636213842,0.0038017673751536,0.0053785611116491,0.0057643995286277,0.9705581722405522,0.0033222775592883,0.0016136913772952,0.7068372555848932,0,Calm/Bull,0.9623
2025-10-03,sp500,6.55106568658717e-05,0.0036534287738911,0.0053763277530958,0.0067304360394819,1.017875730865868,0.0021584818645788,0.0017754755436353,0.6795398163341834,0,Calm/Bull,0.9219
2025-10-06,sp500,0.0036399592827626,0.0036767679284277,0.0053542558365773,0.0047090381092042,0.995034909915808,0.0023600582691488,0.001852285285229,0.6867000831955313,0,Calm/Bull,0.9494
2025-10-07,sp500,-0.003818687706853,0.0038811724866646,0.0053937290083871,0.0081211622312652,0.9781887964432,0.0007798200050766,0.0015271235483827,0.7195712800234175,0,Calm/Bull,0.9559
2025-10-08,sp500,0.0058107484941873,0.0039871304880384,0.0053843905907873,0.0055599420429379,0.9483483273454472,0.0012631388696693,0.0016687095616222,0.7404980045207744,0,Calm/Bull,0.984
2025-10-09,sp500,-0.0027593739802789,0.00376539097721,0.0054039087539361,0.0071877307471886,0.9490277084220564,0.0005876313493367,0.0011082364814535,0.6967902584342174,0,Calm/Bull,0.9523
2025-10-10,sp500,-0.0274859754398998,0.0074269217311563,0.0065239486312998,0.0322960399536794,1.142864221366674,-0.0049226658700163,-0.0002419183964699,1.1384089837133862,2,Stress/Bear,0.9999
2025-10-13,sp500,0.015478263036934,0.0081594507130101,0.0067973939280832,0.0072084495358271,0.9168557350156312,-0.0025550051191821,0.0002972158690487,1.2003792628965748,0,Calm/Bull,0.9991
2025-10-14,sp500,-0.0015655514969425,0.0081625164901461,0.006804635466069,0.0189079633529834,0.9770020268725036,-0.0021043778772,0.0002833763158681,1.199552353810592,0,Calm/Bull,0.9976
2025-10-15,sp500,0.0040179185034279,0.0081983207490795,0.0068166442849501,0.016790473016647,0.9726088266116616,-0.0024629438753518,0.0005328041949517,1.2026915893469476,0,Calm/Bull,0.9991
2025-10-16,sp500,-0.0063142802751419,0.0082709025147765,0.006819352891797,0.0174005723930648,1.0375143419480657,-0.0031739251343244,-2.1794210640737862e-05,1.2128573848591313,0,Calm/Bull,0.9992
2025-10-17,sp500,0.0052568739445263,0.0082832792566504,0.0068447545284178,0.0112725100696869,0.9498362774555346,0.0033746447425607,-2.6267102884817375e-06,1.2101645460418076,0,Calm/Bull,0.9999
2025-10-20,sp500,0.0106157241361441,0.0085688333996356,0.0069504063569056,0.0080622488227465,0.8354236044355946,0.0024021369624027,0.0003081419607806,1.2328535857650986,0,Calm/Bull,0.9999
2025-10-21,sp500,3.269591641698797e-05,0.008459415657051,0.0069506785252007,0.0044734676975788,0.9411237387285386,0.0027217864450746,0.0005856443480384,1.217063287617201,0,Calm/Bull,0.9999
2025-10-22,sp500,-0.005351834774743,0.0085310735896163,0.0069798249813264,0.0128459354342531,1.022257331796668,0.0008478357894404,0.000460586467566,1.2222474936606649,0,Calm/Bull,0.9999
2025-10-23,sp500,0.0058104798620133,0.0085085245834783,0.0070035011246861,0.0073295375290074,0.9991936615315512,0.0032727878168715,0.001002192897793,1.214895868794429,0,Calm/Bull,1.0
2025-10-24,sp500,0.0078713619752448,0.0085798297900303,0.0070323645441046,0.005159251874688,0.9084451733720402,0.0037956854230152,0.0011015365400346,1.2200490654630431,0,Calm/Bull,0.9999
2025-10-27,sp500,0.0122151413273793,0.0089302384182234,0.0068005819633302,0.0048493188510949,0.9507706001419872,0.0041155688612623,0.0015806897434079,1.3131579718289732,0,Calm/Bull,0.9997
2025-10-28,sp500,0.0022853305022299,0.0089127642363391,0.0065836254682455,0.0058874577034061,1.0269362227087129,0.0045660957784248,0.001490831087844,1.3537775317456338,0,Calm/Bull,0.9997
2025-10-29,sp500,-4.357920473317536e-05,0.0089072733023334,0.0065348395682496,0.009930889670072,1.1297968485616932,0.0056277468924268,0.0013189444190462,1.363043913979251,0,Calm/Bull,0.999
2025-10-30,sp500,-0.0099541914245345,0.0092578689130905,0.006654332272769,0.0088034398709661,1.0826827464262812,0.0024748126351172,0.0007903266667502,1.3912543788917309,0,Calm/Bull,0.999
2025-10-31,sp500,0.0026145009178832,0.0092649082857111,0.0066514734862689,0.0094895111833835,1.137527915816662,0.0014234404236449,0.0009177761798011,1.392910654283945,0,Calm/Bull,0.9997
2025-11-03,sp500,0.0017192339969181,0.0092451397752535,0.006596840400429,0.0090046665552612,1.0739995217595424,-0.0006757410424472,0.0008217399155089,1.401449665911616,0,Calm/Bull,0.9997
2025-11-04,sp500,-0.0118062503923267,0.0096210353218713,0.0067909495773806,0.0079007024304783,1.014503961101234,-0.0034940572213585,0.0004223617812352,1.4167437428658314,0,Calm/Bull,0.9979
2025-11-05,sp500,0.0036468976756877,0.0095692789710155,0.0066655919128166,0.0098097523048319,1.044733432560378,-0.0027559618452744,0.0003141692403102,1.435623286900548,0,Calm/Bull,0.9995
2025-11-06,sp500,-0.0112411345147227,0.0098950606081262,0.0068388062287299,0.0132687747739172,1.0582794246585978,-0.003013350463312,-0.0001099187864119,1.446898812040755,0,Calm/Bull,0.9993
2025-11-07,sp500,0.0012610463474931,0.0075094458718845,0.0068391210277625,0.0146638218908316,1.042387154480268,-0.00328404137739,0.0013274323029577,1.0980133033764092,0,Calm/Bull,0.9998
2025-11-10,sp500,0.0152836267035018,0.0074902435708816,0.0070775245915625,0.0103564564590532,0.9433652951166708,-0.0005711628360733,0.0013177004862861,1.0583140297118971,0,Calm/Bull,0.9998
2025-11-11,sp500,0.0020731999523923,0.0074606576474284,0.007077564040442,0.0070487097393733,0.8814052565710676,0.0022047272328704,0.0014996380587528,1.054127889878135,0,Calm/Bull,1.0
2025-11-12,sp500,0.0006293191259445,0.0074389035216016,0.0070201008588121,0.0058809677418435,0.9390735996833808,0.0016012115229218,0.0013302080898786,1.05965764185051,0,Calm/Bull,1.0
2025-11-13,sp500,-0.0166954516309277,0.0083113941972568,0.0073744513741131,0.0153365105179013,0.9759977676073948,0.0005103480996808,0.0008111495220893,1.127052546096199,0,Calm/Bull,0.998
2025-11-14,sp500,-0.0005018514712717,0.0082487879702647,0.0073489623786074,0.0189245414752045,0.9016730175155044,0.0001577685359278,0.0005232132512994,1.1224425361431485,0,Calm/Bull,0.9982
2025-11-17,sp500,-0.0092044978943051,0.0081626075706431,0.0072241521969685,0.0173250886784842,0.9261558929961444,-0.0047398563836335,-0.0004677978502229,1.129905260587999,0,Calm/Bull,0.9996
2025-11-18,sp500,-0.0082907098441693,0.0083458738263316,0.0072876586683796,0.0139497653197755,0.9188779707778286,-0.0068126383429458,-0.0008839681382522,1.1452064656298353,0,Calm/Bull,0.9998
2025-11-19,sp500,0.0037468077372653,0.0083374916609305,0.0072845890083051,0.0129852334136873,0.899855845229977,-0.0061891406206817,-0.0004290360126518,1.144538374289198,0,Calm/Bull,0.9998
2025-11-20,sp500,-0.0156897261163152,0.0088603366276788,0.0075712095140635,0.0361383964908769,1.0025265242045964,-0.0059879955177592,-0.0015040463115682,1.1702669977921982,2,Stress/Bear,0.9999
2025-11-21,sp500,0.009775103041592,0.0089758314555314,0.0076634862847997,0.0209192923069004,1.0541043673410435,-0.0039326046151864,-0.0014088592582509,1.1712464956497215,0,Calm/Bull,0.9873
2025-11-24,sp500,0.0153488188990818,0.0092493551540673,0.0078549372036501,0.0126843073951037,1.0665233743780038,0.0009780587434909,-0.0012521753796658,1.1775212091790077,0,Calm/Bull,0.9995
2025-11-25,sp500,0.0090208860008329,0.0095040553710526,0.0078647220032246,0.0172069152706573,0.8889456250964974,0.0044403779124913,-0.0009153976047356,1.208441362219272,0,Calm/Bull,0.9957
2025-11-26,sp500,0.0068829694361496,0.0096623793212392,0.0078843733864785,0.0069826138841654,0.8097669631509089,0.0050676102522682,-0.0005690701726915,1.225510113182863,0,Calm/Bull,0.9999
2025-11-28,sp500,0.0053404873411373,0.0094841028151903,0.0078463725368,0.0045421893990248,0.4769904859736508,0.0092736529437587,0.000195663765592,1.2087245119587715,0,Calm/Bull,0.9976
2025-12-01,sp500,-0.0053375487460559,0.0095438595051031,0.0078702245380753,0.0064160187312942,0.8630161907184647,0.0062511225862291,-0.0002019387176048,1.2126540302542772,0,Calm/Bull,0.9997
2025-12-02,sp500,0.0024542211959366,0.0095530571061336,0.0078713155355529,0.0065657363681536,0.8816664712128236,0.0036722030456001,-0.0001651893576539,1.2136544473391584,0,Calm/Bull,1.0
2025-12-03,sp500,0.0029753605210852,0.0091691159301097,0.0078725623648079,0.0075900539676182,0.9202689866992904,0.0024630979496506,0.0005738911880166,1.164692701717753,0,Calm/Bull,1.0
2025-12-04,sp500,0.0010797387119744,0.0091417608848595,0.0078676372517784,0.0057385749387149,0.9565411830160168,0.0013024518048155,0.0004455332398309,1.1619448879386436,0,Calm/Bull,1.0
2025-12-05,sp500,0.0019347688846794,0.0087202832146308,0.0078051080826803,0.0054567050865497,0.98136646948939,0.0006213081135239,0.001104328409801,1.1172533579619768,0,Calm/Bull,1.0
2025-12-08,sp500,-0.0034833153316476,0.0087801208291751,0.0078224136843224,0.0074607471359294,0.9552475634021468,0.0009921547964056,0.000867110325844,1.1224311553315267,0,Calm/Bull,1.0
2025-12-09,sp500,-0.0008767431610132,0.0081009002635894,0.007806641757918,0.0040186692272397,0.9130973120438994,0.0003259619250156,5.909183261828799e-05,1.0376933532748485,0,Calm/Bull,0.9999
2025-12-10,sp500,0.0067268806591399,0.0082276397320341,0.007843003311474,0.0110328893645958,1.1132736841872015,0.0010762659526265,0.0002917758679556,1.0490419811499152,0,Calm/Bull,0.9999
2025-12-11,sp500,0.002077191983717,0.0082371303578356,0.0078419248984528,0.0101448725728155,1.014227803831174,0.0012757566069751,0.0003641695108442,1.0503964861306885,0,Calm/Bull,0.9999
2025-12-12,sp500,-0.0107209134585545,0.0076750438014405,0.0079611043396064,0.0143627021593221,0.9975041877050748,-0.0012553798616716,0.0006628964194629,0.964067731565478,0,Calm/Bull,0.9973
2025-12-15,sp500,-0.0015978388918367,0.0076876999393907,0.0079444480125765,0.0088167715504606,1.0114873830894622,-0.0008782845737094,0.0006080970484347,0.9676820752329952,0,Calm/Bull,0.9997
2025-12-16,sp500,-0.0023867640084396,0.0073744651020183,0.0079344921871768,0.0087540457582474,1.015309470245814,-0.0011802887431947,0.0009489837427279,0.9294186607098042,0,Calm/Bull,0.9994
2025-12-17,sp500,-0.0116598566113712,0.0076306698860077,0.0080491376056521,0.013662209893161,1.0440145147637356,-0.004857636197297,0.0007805264043678,0.9480108627599456,0,Calm/Bull,0.9954
2025-12-18,sp500,0.0079029515204791,0.0077710047216921,0.0081005067259876,0.008506557399262,1.0389058921956855,-0.0036924842899446,0.0009883335935285,0.9593232848954502,0,Calm/Bull,0.9983
2025-12-19,sp500,0.0087794074218288,0.0068824261489306,0.0081415207479031,0.0069353869842343,1.691249962559871,0.000207579886132,0.0022117902704357,0.8453489663713369,0,Calm/Bull,0.9895
2025-12-22,sp500,0.0064158705755619,0.0067273767985894,0.0081476865485972,0.0038219943454842,0.8957235356347623,0.0018103217796118,0.0020438286471342,0.8256793825417356,0,Calm/Bull,0.998
2025-12-23,sp500,0.0045400670467882,0.0059967594666972,0.0081595507625757,0.0060884374171892,0.7838860749611474,0.0031956879906573,0.0015033910545195,0.7349374544247915,0,Calm/Bull,0.9968
2025-12-24,sp500,0.0032163043447007,0.0057491328462315,0.0081540683268552,0.0046753368602219,0.3815052066687195,0.0061709201818717,0.0012131619717129,0.7050631188969653,0,Calm/Bull,0.9971
2025-12-26,sp500,-0.0003044098771082,0.0055987377701146,0.0081465346030278,0.0034877534407744,0.560017372868879,0.0045294479023542,0.00085379300605,0.6872539113789291,0,Calm/Bull,0.9958
2025-12-29,sp500,-0.0034981629239373,0.0055747288590487,0.0081631343302111,0.0045542105907704,0.7587529736614654,0.002073933833201,0.0004118604927963,0.6829152423006248,0,Calm/Bull,0.9939
2025-12-30,sp500,-0.0013766142506534,0.0054281571962393,0.0081664557730109,0.0028681983927496,0.7186306994888821,0.0005154368679579,0.0006099072175664,0.664689474493775,0,Calm/Bull,0.9947
2025-12-31,sp500,-0.0073848674342488,0.0056916719623983,0.008217152634061,0.0083076644784895,0.7184866763005876,-0.0018695500282494,0.0001179527860572,0.6926574466690165,0,Calm/Bull,0.9912
2026-01-02,sp500,0.0018929140261155,0.0056681686857037,0.0082021929532693,0.0102880170626151,0.9272846000595936,-0.0021342280919664,6.383046130871516e-05,0.691055272412788,0,Calm/Bull,0.9907
2026-01-05,sp500,0.0063340245110515,0.0058369849671456,0.0082083699318085,0.0041755456761811,1.2665509963018984,-0.0008065412143344,0.0003265447512625,0.7111015969841447,0,Calm/Bull,0.9894
2026-01-06,sp500,0.0061775920038938,0.0059740040716564,0.0082318196035343,0.0064321210637059,1.2015547407576863,0.0011286097712317,0.0005386859072232,0.7257209656406243,0,Calm/Bull,0.9933
2026-01-07,sp500,-0.0034458535710101,0.0059726823694221,0.0073878057866718,0.0067187500551182,1.131534408423535,0.0007147619071603,0.0005405589952551,0.8084514593219716,0,Calm/Bull,0.9981
2026-01-08,sp500,7.654532942294603e-05,0.0059645747383007,0.0071363951149583,0.0046160358091448,1.147027346962653,0.0022070444598947,0.0005882234197769,0.8357965950902305,0,Calm/Bull,0.9986
2026-01-09,sp500,0.006454611138321,0.0059501197245541,0.0071691340340359,0.0087162342649345,1.1149638757879416,0.0031193838823358,0.000574609943736,0.8299635208807081,0,Calm/Bull,0.9969
2026-01-12,sp500,0.0015763900591805,0.0059445146784262,0.0071574136196386,0.0074900718705108,1.083710050385962,0.0021678569919616,0.0005495698475092,0.8305394929413618,0,Calm/Bull,0.9984
2026-01-13,sp500,-0.001941005588207,0.0053642710468462,0.0071063613855247,0.0067578710592115,1.097254391189778,0.0005441374735414,0.0009885652410265,0.7548548062547183,0,Calm/Bull,0.9972
2026-01-14,sp500,-0.0053476335841354,0.0055226212055432,0.0071260087130454,0.0080211892601248,1.1847912343746971,0.0001637814709164,0.0008010755064116,0.7749950116441878,0,Calm/Bull,0.997
2026-01-15,sp500,0.0025766039204444,0.0054832087414075,0.0070099742856651,0.0059629700592907,1.093976918040025,0.0006637931891207,0.0010492439028558,0.782200977915186,0,Calm/Bull,0.9979
2026-01-16,sp500,-0.0006425086684515,0.0046255450719043,0.0070112955859387,0.0060821183777828,1.1429855981744834,-0.0007556307722337,0.0016001113000018,0.6597275803320765,0,Calm/Bull,0.9948
2026-01-20,sp500,-0.0208424609532612,0.0066060020340992,0.0074986559614469,0.0120820671367874,1.2223853623087078,-0.0052394009747221,0.0001628406763148,0.8809581434410165,0,Calm/Bull,0.9848
2026-01-21,sp500,0.0115211176335603,0.0068192273787905,0.0076060216310025,0.0153339151937289,1.2730407200383511,-0.0025469763303686,0.0002999261869013,0.8965564009172622,0,Calm/Bull,0.9843
2026-01-22,sp500,0.0054725007079021,0.0067778339689563,0.0075719686679655,0.0059493418142448,1.1473243912192908,-0.0003829494719611,0.0002527576935184,0.8951217663685183,0,Calm/Bull,0.9991
2026-01-23,sp500,0.0003268164274822,0.0067026252597118,0.0074085671661238,0.0054167255929799,1.0413180728456488,-0.0008329069705536,4.209516255310457e-05,0.9047127615121144,0,Calm/Bull,0.9994
2026-01-26,sp500,0.0049935942601603,0.0067584735254105,0.0074303393262504,0.0061954868709029,1.027070413465072,0.0002943136151687,0.000130959658326,0.9095780459895868,0,Calm/Bull,0.9995
2026-01-27,sp500,0.0040735878404412,0.006814299016461,0.0074475790133097,0.0042973871083144,1.0718391047220892,0.0052775233739092,0.0003498595442035,0.9149683412936004,0,Calm/Bull,0.999
2026-01-28,sp500,-8.172639170147053e-05,0.0067553259230457,0.0073272642566397,0.0055631496875132,1.085755368680192,0.0029569545688568,0.0005206813708153,0.921943809645512,0,Calm/Bull,0.9996
2026-01-29,sp500,-0.0012934674424623,0.0067541223192982,0.0073243979583405,0.0175118192062908,1.3097902526054528,0.001603760938784,0.0005248387112249,0.922140271147758,0,Calm/Bull,0.9819
2026-01-30,sp500,-0.004311179414458,0.0065978323389254,0.0073460886261169,0.0101757544595494,1.2350267295858437,0.0006761617703959,0.0006785231122144,0.8981422189039163,0,Calm/Bull,0.9991
2026-02-02,sp500,0.0053767852773646,0.0066770955473279,0.007203231127206,0.0111202961362213,1.0490389663166355,0.0007527999738368,0.0008527166747769,0.9269583926175964,0,Calm/Bull,0.9993
2026-02-03,sp500,-0.0084394955906637,0.0068536433737446,0.0072822115194881,0.0189410047873063,1.2611454048179958,-0.0017498167123841,0.0001140406696911,0.941148627089917,0,Calm/Bull,0.9847
2026-02-04,sp500,-0.0050853001550138,0.0067916356282631,0.0071592475932717,0.0141354051923653,1.3201469622051147,-0.0027505314650466,-0.0004491039382542,0.9486521509112156,0,Calm/Bull,0.9993
2026-02-05,sp500,-0.0123266778538328,0.0072712584062409,0.0073440041282486,0.0114321334373042,1.2151718793643138,-0.0049571735473207,-0.0008931451523953,0.9900945423317692,0,Calm/Bull,0.9995
2026-02-06,sp500,0.0195043442822007,0.0085863970888864,0.0075095587904706,0.0184859146249123,1.0835663806582865,-0.000194068807989,7.82447952435067e-05,1.1433956812192885,0,Calm/Bull,0.9663
2026-02-09,sp500,0.0046801178601232,0.008525996873455,0.0075278533808558,0.0106578464830676,0.9702698110319066,-0.0003334022914372,-1.0479868666380623e-05,1.132593375840396,0,Calm/Bull,1.0
2026-02-10,sp500,-0.0033091822845107,0.0085480981930462,0.0075419610972413,0.007101936318139,0.9562071659447774,0.0006926603697933,-0.0002547584858509,1.133405235433122,0,Calm/Bull,1.0
2026-02-11,sp500,-4.89572699497733e-05,0.0085389189632238,0.0072079548438629,0.0117424354066517,1.0455580152122477,0.0016999289468061,-0.000160156069938,1.184652116750451,0,Calm/Bull,1.0
2026-02-12,sp500,-0.0157849413861174,0.0091683859787696,0.007507664234063,0.02183307783361,1.189260917283075,0.0010082762403492,-0.0006820214600371,1.2212035185553176,0,Calm/Bull,0.8098
2026-02-13,sp500,0.0004989646444475,0.0091412511731995,0.007404521395137,0.0127864224044953,0.9505198940032586,-0.0027927996872014,-0.000785903423837,1.2345499034148466,0,Calm/Bull,0.9999
2026-02-17,sp500,0.0010307906306565,0.0091502856036055,0.0073162623456567,0.0133694710242623,0.9002097562098047,-0.0035226651330947,-0.0007022384588816,1.2506776235323926,0,Calm/Bull,0.9999
2026-02-18,sp500,0.005550636821134,0.0079122387295729,0.0073332680476316,0.0086407908423256,0.8517426972414543,-0.0017507013119658,0.0006174164298381,1.078951250408518,0,Calm/Bull,1.0
2026-02-19,sp500,-0.0028261153915347,0.0075118922181756,0.0070310774643901,0.0067124447748408,0.8656306478573345,-0.0023061329362828,-9.9945221416616e-05,1.0683842207998289,0,Calm/Bull,1.0
2026-02-20,sp500,0.0069157557021752,0.0075749091563684,0.0069787366344337,0.0115101921632577,0.9118545216988604,0.0022340064813757,-2.778247170296278e-05,1.0854269982038218,0,Calm/Bull,1.0
2026-02-23,sp500,-0.0104399594714564,0.0079229753918901,0.0068578691035625,0.0142064475476216,0.9403616248200032,4.622165819490112e-05,-0.0005661212666498,1.1553115511893242,0,Calm/Bull,0.9998
2026-02-24,sp500,0.0076224889623833,0.0080409955802999,0.0068301402559679,0.0121536861352845,0.8760988480811335,0.0013645613245402,-0.0004346765315387,1.177281180027596,0,Calm/Bull,0.9999
2026-02-25,sp500,0.0081034339701294,0.0082086523312944,0.0068518508246652,0.0053785149301186,0.8864355427368422,0.0018751207543393,-0.0002331842250543,1.1980197090317424,0,Calm/Bull,0.9999
2026-02-26,sp500,-0.0053800269955661,0.0082886127986402,0.0068585812451112,0.0126677948696565,0.97674845943058,0.001364338433533,-0.0004980992552475,1.2085025317077542,0,Calm/Bull,0.9999
2026-02-27,sp500,-0.0043487951280376,0.0083320858485927,0.0068463623800163,0.007445939954625,1.1074097733149808,-0.0008885717325094,-0.0006508656395263,1.2170091774448046,0,Calm/Bull,0.9999
2026-03-02,sp500,0.0003982754131349,0.0082896361705344,0.0068398337112308,0.0151359223838295,1.0151710888956873,0.0012790752444088,-0.0004153928981466,1.2119645769930043,0,Calm/Bull,0.9998
2026-03-03,sp500,-0.0094889087313125,0.0084085583206281,0.0069404001731794,0.0190167113428513,1.069804899203859,-0.0021432042943303,-0.0011586775985805,1.2115379676696718,0,Calm/Bull,0.9979
2026-03-04,sp500,0.0077261257401495,0.0084487191856461,0.0070119074550939,0.0108158970358104,0.8851784431307269,-0.0022186659403263,-0.0003503965320398,1.2049102529880529,0,Calm/Bull,0.9999
2026-03-05,sp500,-0.005662707772703,0.0084667179066381,0.0070454476585396,0.0145885846705344,1.022215474925358,-0.0022752020957537,-0.0003792669129243,1.2017288775647612,0,Calm/Bull,0.9999
2026-03-06,sp500,-0.0133657204324963,0.008546696180557,0.0072388247071805,0.009177993997346,0.9989280670297368,-0.0040785871566454,-0.0004312190418575,1.180674560620203,0,Calm/Bull,0.9998
2026-03-09,sp500,0.0082698716653886,0.0074686922766816,0.0073214817480684,0.0256621767143826,1.1526961976406993,-0.0025042679061947,-0.0009929426726981,1.020106657870459,1,Transition,0.4131
2026-03-10,sp500,-0.0021374025058877,0.0073507900236182,0.0072704652945553,0.0125842506349331,1.0187807687875166,-0.0010339666611097,-0.0013338186909986,1.0110480864440845,0,Calm/Bull,0.9998
2026-03-11,sp500,-0.0008379521856348,0.0073365940714292,0.0072643431909319,0.0096756191864457,0.9451177815150088,-0.0027467822462666,-0.0012102571860548,1.0099459618850934,0,Calm/Bull,0.9999
2026-03-12,sp500,-0.0153448081894945,0.0079783437161768,0.0073999737752688,0.0105625645145309,1.077989822591346,-0.0046832023296249,-0.0019750497320321,1.0781583771068186,0,Calm/Bull,0.9997
2026-03-13,sp500,-0.0060775463985013,0.0073657496711549,0.0074349628806542,0.0164922723533017,0.9285389879744116,-0.0032255675228259,-0.0014896799826513,0.990690846664554,0,Calm/Bull,0.9983
2026-03-16,sp500,0.0100799097468189,0.0078006142462153,0.0075533703095082,0.0082723957805679,0.90482479178921,-0.0028635599065398,-0.0010106327275327,1.0327329293515275,0,Calm/Bull,0.9998
2026-03-17,sp500,0.0024911493849529,0.0078275172712354,0.0074106162852012,0.0064769830380516,0.8878451126821527,-0.0019378495283717,-0.0009376147898179,1.05625726255275,0,Calm/Bull,1.0
2026-03-18,sp500,-0.0137009993837308,0.0081641250167559,0.0075431260632857,0.0126073659288532,0.923598400630686,-0.0045104589679909,-0.0019001966000611,1.082326471579569,0,Calm/Bull,0.9998
2026-03-19,sp500,-0.0027525826238997,0.0081637026379837,0.0074523326800143,0.0119458906857396,1.038315657075056,-0.0019920138548719,-0.0018965199616793,1.095456012031934,0,Calm/Bull,0.9999
2026-03-20,sp500,-0.0152539343077702,0.0084057133838822,0.007631205053178,0.0186183830707833,1.6758219234237928,-0.0038272914367257,-0.0030050044621766,1.1014922709201331,0,Calm/Bull,0.7002
2026-03-23,sp500,0.0113881090950741,0.0087975004385582,0.0077644007339139,0.0130786069746239,1.0031501679470307,-0.0035656515670747,-0.0019136010338501,1.1330559485591554,0,Calm/Bull,0.9996
2026-03-24,sp500,-0.0037495954593205,0.0085115769868907,0.0077552116453496,0.010774275316393,0.8794162570505507,-0.0048138005359294,-0.0024822052549353,1.0975299419448603,0,Calm/Bull,0.9999
2026-03-25,sp500,0.0054044937599492,0.0083548660983532,0.0077979037679173,0.0099409557376547,0.8251519647736905,-0.0009927019071934,-0.0026171522654443,1.0714246221821062,0,Calm/Bull,0.9998
2026-03-26,sp500,-0.0175594409612095,0.0089868136481143,0.0080853418847772,0.0153508904184354,0.8170436000463022,-0.0039540735746553,-0.0032261229637265,1.1114945757623895,0,Calm/Bull,0.9964
2026-03-27,sp500,-0.0168632319460513,0.0094906418271574,0.0083385911551541,0.0153575695916825,0.9046475620525262,-0.0042759331023116,-0.0038518448046272,1.13815891084806,0,Calm/Bull,0.9944
2026-03-30,sp500,-0.0039535538333558,0.0094378110349805,0.0083080435641624,0.0174030219815533,0.9360657028046612,-0.0073442656879976,-0.0040694362669517,1.1359847793397917,0,Calm/Bull,0.9962
2026-03-31,sp500,0.0287148933097987,0.0118429155482867,0.0091590698989776,0.0219299200196493,1.097257037534662,-0.0008513679341737,-0.0021592461648961,1.29302600361296,2,Stress/Bear,0.9754
2026-04-01,sp500,0.0071429450037592,0.011817986966444,0.0091703699831864,0.0084223861793794,0.963893450657198,-0.0005036776854117,-0.0021884052017156,1.2887143035790212,0,Calm/Bull,0.9995
2026-04-02,sp500,0.001120248136237,0.011810360052568,0.0091282168720752,0.019288499986166,0.8193469113412317,0.0032322601340775,-0.0018492574062686,1.293829914218841,0,Calm/Bull,0.992
2026-04-06,sp500,0.0044170131316058,0.0115645407036095,0.0091473603017314,0.0058092339813491,0.6863440387254027,0.0074883091496089,-0.0009601207280635,1.2642489551243012,0,Calm/Bull,0.9991
2026-04-07,sp500,0.000758960033127,0.0113693383166867,0.0091488440867291,0.0126510287677743,0.81584848650908,0.0084308119229055,-0.0013356663096766,1.24270762611186,0,Calm/Bull,0.9916
2026-04-08,sp500,0.0247720383571835,0.0127748494338471,0.009683342215401,0.0078463371941722,1.057847899520143,0.0076422409323825,9.8057334768923e-06,1.3192603493377797,0,Calm/Bull,0.945
2026-04-09,sp500,0.006151066869514,0.0128458325385804,0.0097174764896725,0.010807901377873,0.8847936177698992,0.0074438653055334,0.0003592566862343,1.3219309099674723,0,Calm/Bull,0.999
2026-04-10,sp500,-0.0011391696991393,0.0123135152070721,0.009715828594196,0.0054731788022784,0.8050476691527888,0.0069919817384582,0.001069538610752,1.267366451321284,0,Calm/Bull,0.999
2026-04-13,sp500,0.010121875493741,0.0123513762151869,0.0097861015015074,0.0140831538209546,0.8814466227181031,0.0081329542108852,0.0018795097053642,1.262134488722025,0,Calm/Bull,0.9909
2026-04-14,sp500,0.0117139889161436,0.0124137239493939,0.0098988667422114,0.0092215439778869,0.9280838222141814,0.0103239599874885,0.0019612136638304,1.2540550623293536,0,Calm/Bull,0.9934
2026-04-15,sp500,0.007944144911565,0.0124856510906242,0.009950548315966,0.0084167408166945,0.9715660200646244,0.0069583812983648,0.002233863440161,1.2547701588052698,0,Calm/Bull,0.9982
2026-04-16,sp500,0.002606555815286,0.0119094398837337,0.0095631061961931,0.0060656531540668,0.9531405933268644,0.0062494790875192,0.0030492412001118,1.2453526751041015,0,Calm/Bull,0.9983
2026-04-17,sp500,0.0119685539287378,0.0119866544108485,0.0095719460172213,0.0102399101668741,1.130357520423846,0.0088710238130947,0.0037852980277437,1.252269328439883,0,Calm/Bull,0.9706
2026-04-20,sp500,-0.002377195910252,0.0112322637718302,0.0095578026636753,0.0053789551701536,0.9018579186760066,0.006371209532296,0.0044291349476196,1.175193103171998,0,Calm/Bull,0.9894
2026-04-21,sp500,-0.0063684535808531,0.0113543570591379,0.0095984460368812,0.0123258357657502,1.006814175435995,0.0027547210328967,0.0035413068138233,1.1829370103774812,0,Calm/Bull,0.9856
2026-04-22,sp500,0.0104057560115378,0.0113170848217006,0.0096679665755132,0.0050056712699232,0.9632044866760688,0.0032470432528912,0.0042490743873662,1.1705755014052504,0,Calm/Bull,0.9857
2026-04-23,sp500,-0.0041414321709399,0.0114661082730443,0.0096738627797715,0.0142408955404116,1.035377871974492,0.001897445655646,0.0037717780908217,1.1852667888798696,0,Calm/Bull,0.954
2026-04-24,sp500,0.0079420679176324,0.0103308816633312,0.0097237272395053,0.0077835863553731,0.9012042147565364,0.001092148453425,0.0050468535347638,1.0624405034068731,0,Calm/Bull,0.8914
2026-04-27,sp500,0.0012316180005498,0.0090202934937917,0.0097215577907151,0.0044633984582806,0.9401853445077896,0.0018139112355854,0.0059515960320939,0.9278650282166596,0,Calm/Bull,0.5776
2026-04-28,sp500,-0.0049061878687959,0.0090776831653811,0.0097268331551621,0.0052319855827481,0.968470965435508,0.0021063643779968,0.0059039643303219,0.9332619384515172,0,Calm/Bull,0.5094
2026-04-29,sp500,-0.0003992517435124,0.0074080066259323,0.0097060385717451,0.0052929208441029,1.0253289124100402,-5.463717301322299e-05,0.0044482570776563,0.7632368830160515,0,Calm/Bull,0.8539
2026-04-30,sp500,0.010186184168105,0.0074969891509961,0.0097171347402376,0.0129948743068637,1.1445589611966478,0.0028108860947957,0.0046004190358736,0.7715226094325829,1,Transition,0.6261
2026-05-01,sp500,0.0029240496865214,0.0074636946543569,0.0096914712030698,0.0059750314811235,0.9682769492721228,0.0018072824485735,0.0046906091133878,0.7701301998392966,0,Calm/Bull,0.8763
2026-05-04,sp500,-0.0040704624878409,0.0077170613397135,0.009559347325065,0.0097795260042356,1.0283587957695852,0.0007468663508954,0.0042662353324155,0.8072791036140199,0,Calm/Bull,0.8658
2026-05-05,sp500,0.0080872273805751,0.0077157443403542,0.0092938648066301,0.0054605931855386,1.0336544203069076,0.0033455494007696,0.0046326486997879,0.83019760894842,0,Calm/Bull,0.9455
2026-05-06,sp500,0.0144829443277469,0.0065584880284892,0.0094486772831612,0.0101940059266366,1.27968825244146,0.0063219886150215,0.0041181939983161,0.6941170527833858,1,Transition,0.5167
2026-05-07,sp500,-0.0038103454826786,0.0067707933864799,0.0094527101856493,0.008691435826849,1.1976279936307417,0.0035226826848647,0.0036201233807064,0.716280648988801,0,Calm/Bull,0.9226
2026-05-08,sp500,0.0083904054290319,0.0067535304555241,0.0095006688128077,0.0052074805736603,1.0094105547109546,0.0046159538333668,0.004096602137115,0.7108478980363774,0,Calm/Bull,0.9295
2026-05-11,sp500,0.0018781917406753,0.006616617072644,0.0092398242521084,0.0060395233776697,1.0974161312863246,0.0058056846790701,0.0036844179494617,0.7160977191892168,0,Calm/Bull,0.9532
2026-05-12,sp500,-0.0016038944114079,0.0064336154406896,0.0092471235143475,0.0095973746015581,1.0543725054372506,0.0038674603206735,0.0030185237830841,0.6957423495757801,0,Calm/Bull,0.9475
2026-05-13,sp500,0.0058322060629953,0.0063654858636278,0.0092653091777384,0.0114061398058904,1.0672014310498006,0.0021373126677231,0.0029129268406556,0.6870235781145864,0,Calm/Bull,0.9282
2026-05-14,sp500,0.0076264491437384,0.0064511616994064,0.0092849136465046,0.0083613126475179,0.9824208582363558,0.0044246715930066,0.0031639215070783,0.6948003982605755,0,Calm/Bull,0.9511
2026-05-15,sp500,-0.0124403817877303,0.0069846266534032,0.0094413867747067,0.0077411213681919,1.0466769501731206,0.0002585141496541,0.0019434747212549,0.7397882133284576,0,Calm/Bull,0.9596
2026-05-18,sp500,-0.0007359385925655,0.0069406944707222,0.0094155786963054,0.0109265963154174,1.0213870769555948,-0.000264311916994,0.0020255375871392,0.7371500674138781,0,Calm/Bull,0.9747
2026-05-19,sp500,-0.0067007205566705,0.0069622082415645,0.0093497110055444,0.0083822298957257,1.0097506818796542,-0.0012836771460465,0.0020089242383483,0.7446442181406355,0,Calm/Bull,0.9801
2026-05-20,sp500,0.0107342080663259,0.0069834124081854,0.0093943943330237,0.0105247267522374,0.9948849114311014,-0.0003032767453804,0.0020253468410877,0.7433595142623487,0,Calm/Bull,0.9509
2026-05-21,sp500,0.0017138609316666,0.0068323786626847,0.0093516689727049,0.0102716699341293,1.0040823106025654,-0.0014857943877947,0.0023181114962181,0.730605272986742,0,Calm/Bull,0.9706
2026-05-22,sp500,0.0037200452843409,0.0067136617366789,0.0093175747851096,0.0057576713252679,0.9110984356052568,0.0017462910266194,0.0021070103645535,0.7205374672611204,0,Calm/Bull,0.9871
2026-05-26,sp500,0.0060896806231471,0.0067679863146553,0.0093075856328354,0.0050524190997975,1.0045261671092187,0.003111414869762,0.0023499134956833,0.7271473593301304,0,Calm/Bull,0.9839
2026-05-27,sp500,0.0001648655536186,0.00657405100099,0.0093080955423116,0.0041221431638344,1.0039571276639825,0.0044845320918198,0.0026034661668041,0.7062724024594016,0,Calm/Bull,0.978
2026-05-28,sp500,0.0057372272122164,0.0065697316673989,0.0092110484317068,0.0080226262682602,0.995253813395389,0.0034851359209979,0.0029102901145905,0.7132447208489493,0,Calm/Bull,0.9749
2026-05-29,sp500,0.0021699047314878,0.0063430965743874,0.0091776453698868,0.0047268857829666,1.3963369984198055,0.0035763446809622,0.0025094761427597,0.6911464017993154,0,Calm/Bull,0.9791
2026-06-01,sp500,0.0026218560604907,0.0063424169428474,0.0091280937814816,0.0072434977620538,1.152126104678047,0.0033567068361921,0.0024943664614581,0.6948238147721967,0,Calm/Bull,0.9818
2026-06-02,sp500,0.001291254912588,0.0061610486908642,0.0089094418433381,0.0049817036811889,1.0270210942163802,0.0023970216940803,0.0027624523314796,0.6915190422923174,0,Calm/Bull,0.9896
2026-06-03,sp500,-0.0073993488920674,0.0064241697026636,0.0089527684746397,0.0071660278900941,0.9967244488736688,0.0008841788049431,0.0019881235178474,0.7175623630680479,0,Calm/Bull,0.9874
2026-06-04,sp500,0.0040467623691873,0.0057436506049309,0.0089427110981739,0.0107656334871532,0.9449007282017492,0.0005460858363373,0.0014663144199195,0.6422717386122161,0,Calm/Bull,0.9776
2026-06-05,sp500,-0.0268013303153608,0.0084964024991771,0.009673972198035,0.0234542616999186,0.984131677768596,-0.0052481611730324,0.0003167651782854,0.8782744383845684,1,Transition,0.9868
2026-06-08,sp500,0.0029737052076611,0.0083097814414519,0.0094212881343031,0.0096790155690652,0.8652167899587668,-0.0051777913435983,4.593016721686606e-05,0.8820217918180216,0,Calm/Bull,0.9838
2026-06-09,sp500,-0.0025797185926219,0.0083178314646077,0.0093828549465067,0.0332085326813265,1.0592456565547548,-0.0059519860446403,-0.0001769653494479,0.8864925986844255,1,Transition,0.9205
2026-06-10,sp500,-0.016332095868206,0.0090688773889529,0.0096045539251123,0.017975788957935,0.928468239734948,-0.007738535439868,-0.0009133754222878,0.9442268177849684,0,Calm/Bull,0.8483
2026-06-11,sp500,0.0173671989134648,0.0098533187844415,0.009823870789483,0.0210094399415301,1.0018123695215655,-0.0050744481310125,-0.0003366257797644,1.0029975959160642,1,Transition,0.6557
2026-06-12,sp500,0.0050129281271614,0.0097590324435456,0.0096247928730291,0.012566862663547,0.5335882789018851,0.0012884035574919,-0.0004673018305932,1.0139472685061774,0,Calm/Bull,0.9987
