Date,market,log_return,volatility_20,volatility_60,range_pct,volume_ratio,return_ma5,return_ma20,volatility_ratio,gmm_regime,gmm_regime_label,gmm_regime_prob
2014-03-27,dax,0.0002782975709295,0.0144167828430037,0.0105914542863535,0.0075555595508552,0.6751275535654255,0.0033091300187266,-0.0007201985323199,1.3611712285421396,0,Calm/Bull,0.9885
2014-03-28,dax,0.014285105717713,0.0145849945905462,0.0107395613125871,0.010669448970759,0.7168273862339887,0.0051613706721934,-0.0005440593994796,1.3580624167071031,0,Calm/Bull,0.9718
2014-03-31,dax,-0.0032680496178663,0.0121673623885481,0.0107485042492588,0.0095993439923672,0.7172477619934997,0.0078355584677406,0.0010416585727356,1.1320051708019918,0,Calm/Bull,0.9895
2014-04-01,dax,0.0049896504801447,0.0109269538617133,0.0107153034588825,0.0058758217115598,0.7687513025136977,0.0056029009795221,7.585931871875681e-05,1.019752161349698,0,Calm/Bull,0.9931
2014-04-02,dax,0.0020440344938002,0.010870002094114,0.0107170961072224,0.0038593222201712,0.7805318623623603,0.0036658077289442,0.0004244179307076,1.014267483034755,0,Calm/Bull,0.9934
2014-04-03,dax,0.0005672044304128,0.0108697516369517,0.0106618934995289,0.0101393399859958,0.8177339078803523,0.0037235891008409,0.0004483212968115,1.0194954242819931,0,Calm/Bull,0.995
2014-04-04,dax,0.0069289425695595,0.0097808705629454,0.0106754345771159,0.0096701726792089,0.8184976513321073,0.0022523564712102,0.0018116552795147,0.9162035036879872,0,Calm/Bull,0.9847
2014-04-07,dax,-0.0192564484855828,0.0106030298922573,0.0109610924256169,0.0117266362121384,0.8592193610471921,-0.000945323302333,0.001306769313508,0.9673333168395938,0,Calm/Bull,0.8037
2014-04-08,dax,-0.0021113522975327,0.0106003458133907,0.0109563423463016,0.0141273885075055,0.9327448123848692,-0.0023655238578685,0.0009735085324954,0.9675077209474936,0,Calm/Bull,0.9673
2014-04-09,dax,0.0016380964797621,0.0100865027319364,0.0106356645021814,0.0064535402016456,0.7723087549390404,-0.0024467114606762,0.0016993264275336,0.9483660122851466,0,Calm/Bull,0.9753
2014-04-10,dax,-0.0054649017229447,0.0090505021763951,0.0106546756375257,0.0148595525318575,0.8775983189950438,-0.0036531326913477,0.0023647878125859,0.8494394840626881,0,Calm/Bull,0.6831
2014-04-11,dax,-0.0148379132071969,0.0098149927101252,0.0108066327372201,0.0140640540056319,1.1590410576151469,-0.008006503846699,0.0014092164401807,0.9082378340035996,0,Calm/Bull,0.5284
2014-04-14,dax,0.0025602344861757,0.0093910741560358,0.0108116005693958,0.0133834415071769,1.0462399591706744,-0.0036431672523473,0.0008546631649538,0.8686109050882785,0,Calm/Bull,0.9187
2014-04-15,dax,-0.0178755944878791,0.0101623636070979,0.0110332512400051,0.0194380830325789,1.0210293231711594,-0.0067960156904165,-0.0003738010065691,0.9210669988416949,1,Transition,0.5853
2014-04-16,dax,0.0155869489533398,0.010743672821644,0.0112386529200374,0.0104626677208742,0.9183727398881856,-0.004006245195701,0.0002192571009556,0.9559573463194326,0,Calm/Bull,0.7066
2014-04-17,dax,0.00981340139686,0.0109515100228069,0.0112630014530238,0.0149271296905633,1.0119648337318483,-0.00095058457174,0.0006072504641199,0.9723438346771004,0,Calm/Bull,0.9249
2014-04-22,dax,0.0200303264612849,0.0117546525887397,0.0110890969606462,0.0169696491284464,0.8901619076834658,0.0060230633619563,0.0013575716646652,1.0600189204274697,0,Calm/Bull,0.5148
2014-04-23,dax,-0.005839819740181,0.0111150927538144,0.0110999010722157,0.0071477750852812,0.7891142098925799,0.0043430525166849,0.0018975301074362,1.0013686321616635,0,Calm/Bull,0.9813
2014-04-24,dax,0.0004702549032885,0.0105976253219657,0.0110737202268311,0.0245824029991057,1.127903031620149,0.0080122223949184,0.0011133959565388,0.9570067786513308,1,Transition,0.9732
2014-04-25,dax,-0.0155283437920426,0.0109086636340348,0.0112166599515177,0.0143051132173915,1.0154421016509705,0.0017891638458419,-0.0002494962703977,0.9725411736814584,0,Calm/Bull,0.7962
2014-04-28,dax,0.004754970809292,0.0109658416951492,0.0112219292193049,0.0094416738093468,0.8652095365193684,0.0007774777283283,-2.5662608479624277e-05,0.9771797238111922,0,Calm/Bull,0.9842
2014-04-29,dax,0.0144780550557655,0.0109791713619452,0.0113307158673795,0.0120876625040668,1.1562196425332243,-0.0003329765527755,-1.601514157699678e-05,0.9689742016701371,0,Calm/Bull,0.8914
2014-04-30,dax,0.0019919746393336,0.0109601545659245,0.0111931970031452,0.0060313973121837,1.1260273853016791,0.0012333823231274,0.000246986071283,0.979179993244533,0,Calm/Bull,0.9707
2014-05-02,dax,-0.0049282756949787,0.0109586471018231,0.0111788860181895,0.0098451115359633,1.0879046226832445,0.0001536762034739,-0.0002489102374731,0.9802986705465944,0,Calm/Bull,0.9784
2014-05-05,dax,-0.0027790229418731,0.0109586009488066,0.0111852336028291,0.0148045624770449,0.770586391006913,0.0027035403735078,-0.0004900631092568,0.9797382279110228,0,Calm/Bull,0.9484
2014-05-06,dax,-0.0065241719870129,0.0110370334369341,0.0110585361256936,0.0138536822657951,1.0178048154754444,0.0004477118142468,-0.0008446319301281,0.9980555573979129,0,Calm/Bull,0.9709
2014-05-07,dax,0.0056632951836235,0.010993659886552,0.0110643622367342,0.0151522937213859,1.1378473961565445,-0.0013152401601815,-0.0009079142994249,0.99360990279697,0,Calm/Bull,0.9636
2014-05-08,dax,0.0090023019372852,0.0103057634019108,0.0111175338900378,0.0140235117419453,1.234251639861891,8.682529940878502e-05,0.0005050232217184,0.9269828636317956,0,Calm/Bull,0.9299
2014-05-09,dax,-0.0027047176188236,0.0103145422071349,0.010823174517471,0.0046704829736413,0.972436574468824,0.0005315369146397,0.0004753549556539,0.9530052564970602,0,Calm/Bull,0.9775
2014-05-12,dax,0.0125504996699509,0.0106620551064404,0.0109114793328092,0.0126978308396539,1.0513598890256255,0.0035974414370046,0.0010209751151633,0.9771411172801427,0,Calm/Bull,0.9541
2014-05-13,dax,0.0053420511800217,0.010589653717338,0.0109065566981425,0.0052673384768298,1.1504113401712834,0.0059706860704115,0.0015613227603116,0.9709438102624623,0,Calm/Bull,0.9685
2014-05-14,dax,-4.104714058827276e-06,0.0098760424642253,0.0108726860862985,0.0039858857615686,0.9170385605439336,0.004837206090875,0.0023030131849685,0.9083351055881944,0,Calm/Bull,0.9676
2014-05-15,dax,-0.0101327623610897,0.0102590520300093,0.010953314653373,0.0185085754710731,1.573215388060673,0.0010101932312,0.0016683633426053,0.9366162074829276,0,Calm/Bull,0.7008
2014-05-16,dax,-0.0027949187509492,0.0092517369147839,0.0109591508104824,0.0096582239017918,1.3095091555308314,0.0009921530047749,0.0024223971294518,0.8442019892576528,0,Calm/Bull,0.9157
2014-05-19,dax,0.0031407399052015,0.0087231189150117,0.0109669057318242,0.0146965767097368,1.1208055178688714,-0.0008897989481748,0.0018000866770448,0.795403838449943,0,Calm/Bull,0.6825
2014-05-20,dax,-0.0021047863481501,0.0085523032572982,0.0109561504337464,0.0074332211665199,0.7825045032122055,-0.0023791664538092,0.0012041772897943,0.7805938143160226,0,Calm/Bull,0.8105
2014-05-21,dax,0.0060806093628578,0.0074315185664657,0.0109724757601562,0.0130286943845091,0.9892458662411096,-0.0011622236384259,0.000506691434873,0.6772873077060148,1,Transition,0.8588
2014-05-22,dax,0.0023729657114962,0.0072878925522421,0.0109547550359991,0.0046302007632547,0.7296164353387228,0.0013389219760912,0.0009173307074568,0.6652720693701427,1,Transition,0.7812
2014-05-23,dax,0.00483348500185,0.007338932512529,0.0109714379734173,0.0076617290057767,0.7575462717819444,0.0028646027266511,0.0011354922123849,0.6689125464055481,1,Transition,0.7866
2014-05-26,dax,0.0126965365162537,0.0066470444545651,0.0110772274135828,0.0072911344322468,0.6341972104763899,0.0047757620488615,0.0025467362277997,0.6000639154897759,1,Transition,0.9886
2014-05-27,dax,0.0048402705907999,0.0066485631045285,0.0110411041365869,0.0072690924808927,0.9331127163659008,0.0061647734366515,0.0025510012168751,0.6021646949689755,1,Transition,0.9892
2014-05-28,dax,-0.0001660353560876,0.0060448744752392,0.0109604944043524,0.0059975181057428,0.8600965834485866,0.0049154444928624,0.0018187966962825,0.5515147631332025,1,Transition,0.996
2014-05-29,dax,-2.711845222195188e-05,0.0060586745827627,0.0099271485352814,0.0038505776603414,0.7887213639159202,0.0044354276601188,0.0017178420417047,0.61031368284961,0,Calm/Bull,0.7909
2014-05-30,dax,0.0004395034055636,0.0058645493045823,0.0094439649060633,0.0046402894231611,1.2323020915300766,0.0035566313408615,0.0019862309967318,0.620983809545617,0,Calm/Bull,0.9519
2014-06-02,dax,0.0006887299077092,0.0057666939851867,0.0094160011296402,0.0084984448307245,0.6900553554487463,0.0011550700191526,0.0021596186392109,0.6124355664140737,0,Calm/Bull,0.9614
2014-06-03,dax,-0.0030578882737665,0.00553958878136,0.0094282072485197,0.0068318833166269,0.8626120633915337,-0.0004245617537606,0.0023329328248733,0.5875548378754392,0,Calm/Bull,0.9585
2014-06-04,dax,0.000698331610307,0.005493545964372,0.0090168429897318,0.0062448167273492,0.8091212368477246,-0.0002516883604817,0.0020846846462074,0.6092538120745762,0,Calm/Bull,0.9869
2014-06-05,dax,0.0021293782732099,0.0052474987151301,0.0089185990405985,0.0118217324797395,1.555964769104312,0.0001796109846046,0.0017410384630037,0.5883770187719979,0,Calm/Bull,0.9874
2014-06-06,dax,0.0039488700495133,0.0051610121114331,0.0089150661703033,0.0059345550349994,1.1050032239940013,0.0008814843133945,0.0020737178464205,0.5789090078349381,0,Calm/Bull,0.9887
2014-06-09,dax,0.0021443942789626,0.0045358952031352,0.0087225932428321,0.0023709031571094,0.5272029955592101,0.0011726171876452,0.0015534125768711,0.5200168203260688,0,Calm/Bull,0.9937
2014-06-10,dax,0.0020132251493413,0.0044498146122357,0.0083097772079012,0.0045917563002879,0.8072020639487557,0.0021868398722668,0.0013869712753371,0.5354914459084036,0,Calm/Bull,0.9961
2014-06-11,dax,-0.0079075219390536,0.0049072742090564,0.008395953778113,0.0104102573414122,1.1835576005960655,0.0004656691623947,0.0009918004140873,0.5844808509843068,0,Calm/Bull,0.9894
2014-06-12,dax,-0.0011171652664122,0.0041938128164471,0.0082509367668527,0.0053095002578796,0.8770556562251346,-0.0001836395455297,0.0014425802688212,0.5082832331590866,0,Calm/Bull,0.9971
2014-06-13,dax,-0.0026023223649651,0.0041837796910045,0.0082356213245921,0.0116495492611946,1.0395076031083774,-0.0014938780284254,0.0014522100881204,0.5080102066508944,0,Calm/Bull,0.9932
2014-06-16,dax,-0.0029186126166527,0.0042735010180768,0.0082452967990267,0.0053703139431347,0.8570601732560154,-0.0025064794075485,0.0011492424620277,0.51829559593067,0,Calm/Bull,0.9956
2014-06-17,dax,0.0036698982647526,0.0042369990692146,0.0082512489584937,0.0122576293450706,0.961985503530967,-0.0021751447844662,0.0014379766926728,0.513497906865737,0,Calm/Bull,0.9871
2014-06-18,dax,0.0010085076585831,0.0040938667598072,0.0082350127345282,0.0042243529087122,0.982593014828003,-0.0003919388649388,0.0011843716074591,0.4971293781541119,0,Calm/Bull,0.9971
2014-06-19,dax,0.0073912950147725,0.0043181935592287,0.0079409067529117,0.0030507328318672,1.1494841154112894,0.001309753191298,0.0014352880726229,0.5437909918342023,0,Calm/Bull,0.9955
2014-06-20,dax,-0.0016767113350637,0.0042938559643598,0.0077103680988352,0.0063821669329243,2.536014935844666,0.0014948753972783,0.0011097782557772,0.5568937707407936,2,Stress/Bear,1.0
2014-06-23,dax,-0.0066626506230848,0.0036830019161016,0.0076467459969462,0.0107912946738376,0.824323220586438,0.0007460677959919,0.0001418188988103,0.4816430305874559,0,Calm/Bull,0.9893
2014-06-24,dax,0.0017281998611193,0.0035368917830152,0.0076473184914053,0.0049426163606408,0.7430604566128525,0.0003577281152652,-1.3784637673688882e-05,0.4625009128350375,0,Calm/Bull,0.9971
2014-06-25,dax,-0.0071019869864231,0.0038763556352998,0.0075070223956922,0.0078700976666413,0.9925574470417268,-0.0012643708137359,-0.0003605822191904,0.5163639364555761,0,Calm/Bull,0.9939
2014-06-26,dax,-0.0063895633739697,0.0041020528084746,0.0075441670521069,0.0151587346011809,1.1248599257586525,-0.0040205424914844,-0.0006787044652778,0.5437383318982917,0,Calm/Bull,0.9725
2014-06-27,dax,0.0010468394887758,0.0041129997880011,0.007520901640214,0.0046407555905867,0.7678938309129081,-0.0034758323267165,-0.0006483376611172,0.546875891317211,0,Calm/Bull,0.9865
2014-06-30,dax,0.0018220863918512,0.0041401093192896,0.0075201153525651,0.0090928014758869,0.804917008335246,-0.0017788849237292,-0.0005916698369101,0.550538007090205,0,Calm/Bull,0.9897
2014-07-01,dax,0.0070269511990559,0.0044280538203919,0.0075692228042604,0.0067326964671242,0.6654280998280071,-0.0007191346561419,-8.742786326901485e-05,0.5850077260111174,0,Calm/Bull,0.9919
2014-07-02,dax,0.0008942685790972,0.0044301000492403,0.0075218476011862,0.004669361147841,0.8552049632684235,0.0008801164569621,-7.763101482950274e-05,0.5889643454809886,0,Calm/Bull,0.9937
2014-07-03,dax,0.0118512934724881,0.0051585009560043,0.0072120813762101,0.0124902922415048,0.9842922234464548,0.0045282878262537,0.0004084647451344,0.7152582849411879,0,Calm/Bull,0.8917
2014-07-04,dax,-0.0020310508723927,0.0051156174920074,0.0072115233731492,0.0023387943252308,0.6716549704164806,0.0039127097540199,0.0001094686990391,0.7093671097364102,0,Calm/Bull,0.994
2014-07-07,dax,-0.0103449567050441,0.0055940579291533,0.0073548530404536,0.011080149718804,0.7722049951228527,0.0014793011346409,-0.0005149988501612,0.7605941136260083,0,Calm/Bull,0.9747
2014-07-08,dax,-0.013558025818957,0.0062667948714715,0.0075414251004152,0.0152098276303474,1.081345034741152,-0.0026376942689616,-0.0012935613985761,0.8309828431666727,0,Calm/Bull,0.9688
2014-07-09,dax,0.0036290841234398,0.0061559339887081,0.0072748268639128,0.0065944501755695,0.9401912509347332,-0.0020907311600931,-0.0007167310954514,0.8461966317363495,0,Calm/Bull,0.9978
2014-07-10,dax,-0.0153152204917789,0.0069694493051104,0.0075642578657186,0.0196353251846713,1.215687381730388,-0.0075240339529466,-0.0014266338567198,0.9213659064554311,0,Calm/Bull,0.9544
2014-07-11,dax,0.0007461615550908,0.0069799314878202,0.0071665327862254,0.0088005736724126,0.7899958184198447,-0.0069685914674498,-0.001259209660717,0.9739621231114876,0,Calm/Bull,0.9991
2014-07-14,dax,0.0119974522191767,0.0075656093240432,0.007055737081073,0.0102106230488484,0.717182043474722,-0.0025001096826056,-0.0005134064189255,1.0722634980742003,0,Calm/Bull,0.9999
2014-07-15,dax,-0.0065222505810991,0.0076121185225338,0.0070175804944695,0.0079068182265754,0.9194120087059588,-0.0010929546350341,-0.0010230138612181,1.0847212267152244,0,Calm/Bull,1.0
2014-07-16,dax,0.0142871487008066,0.0083426630300135,0.0067824523944331,0.0125831377752456,0.8874229956773583,0.0010386582804392,-0.0003590818091069,1.2300363562980607,0,Calm/Bull,0.9994
2014-07-17,dax,-0.0107469392657967,0.0084410961083645,0.0068882696996413,0.0104809053849064,0.984238040805871,0.0019523145256356,-0.0012659935231354,1.2254305473556053,0,Calm/Bull,0.9996
2014-07-18,dax,-0.0034775146944753,0.0084553002960633,0.0069060515826978,0.0067459033687319,1.6137634523780895,0.0011075792757224,-0.0013560336911059,1.2243320506390285,0,Calm/Bull,0.8432
2014-07-21,dax,-0.0111701284859985,0.0086617439728768,0.0067581231028803,0.0124926608335342,0.8934445807295961,-0.0035259368653126,-0.0015814075842516,1.281678927864631,0,Calm/Bull,0.9996
2014-07-22,dax,0.0126413212776873,0.0092077429323793,0.0069196321336546,0.0090370601629983,0.853522961918432,0.0003067775064446,-0.0010357515134232,1.3306694278726403,0,Calm/Bull,0.9996
2014-07-23,dax,0.0019734818674962,0.0091162265226927,0.0066755162176455,0.0080051904127549,0.8967172951583674,-0.0021559558602173,-0.0005819780707272,1.3656212082289012,0,Calm/Bull,0.9998
2014-07-24,dax,0.0041437330714441,0.009067184662264,0.0066905662355248,0.0138645306461177,0.9915636221595092,0.0008221786072307,-5.531324845660318e-05,1.3552193257007423,0,Calm/Bull,0.9997
2014-07-25,dax,-0.0154390626589382,0.0096897087922117,0.0069625952678018,0.0180702358754513,1.0269846938543512,-0.0015701309856618,-0.0008796083558423,1.3916806046477113,0,Calm/Bull,0.9925
2014-07-28,dax,-0.0047645257669167,0.0097049714033964,0.0069814583609869,0.0143214760789155,1.0035796479509878,-0.0002890104418454,-0.0012089389637807,1.3901066083311098,0,Calm/Bull,0.9998
2014-07-29,dax,0.0057615511192056,0.0096524355045724,0.0069634389365884,0.0123113907222196,0.9127123399663084,-0.0016649644735417,-0.0012722089677732,1.38615928027386,0,Calm/Bull,0.9998
2014-07-30,dax,-0.0062294825117837,0.009699604595244,0.0069781407608173,0.0136662239381233,1.0987431072125908,-0.0033055573493977,-0.0016283965223172,1.3899984147221316,0,Calm/Bull,0.9998
2014-07-31,dax,-0.0195993484231469,0.0099455363774303,0.0073295910400731,0.0199193211851439,1.7374587796031973,-0.008054173648316,-0.003200928617099,1.356901950334613,2,Stress/Bear,0.8361
2014-08-01,dax,-0.0212066224245534,0.0107208882467669,0.0078041519422798,0.022700162292461,1.7715789597494056,-0.009207685601439,-0.004159707194707,1.3737416090895669,2,Stress/Bear,0.9755
2014-08-04,dax,-0.0060923473523324,0.0106335739482671,0.0076386907749511,0.0123321938855574,1.0510799086037828,-0.0094732499185221,-0.0039470767270714,1.392067601837851,0,Calm/Bull,0.9874
2014-08-05,dax,0.0038814722796857,0.0105183900002749,0.0076205417628068,0.0092233037565032,0.9958859488092368,-0.0098492656864261,-0.0030751018221393,1.3802680081895808,0,Calm/Bull,0.9135
2014-08-06,dax,-0.006517589813292,0.0104222709429002,0.0076525293776971,0.014840048213952,1.203743768328044,-0.0099068871467278,-0.0035824355189759,1.3619380506104717,0,Calm/Bull,0.9857
2014-08-07,dax,-0.0100248804281498,0.0101729734017653,0.0076503840352379,0.0155127996668072,1.1914787871607686,-0.0079919935477283,-0.0033179185157944,1.3297336911334414,0,Calm/Bull,0.9966
2014-08-08,dax,-0.003285567848293,0.0101280484078193,0.007652487661559,0.0174829798654691,1.2171719942088164,-0.0044077826324763,-0.0035195049859636,1.3234975155459416,0,Calm/Bull,0.9985
2014-08-11,dax,0.0188482051740564,0.0107756103321235,0.0080582476580612,0.0119478851255143,0.9503452228711402,0.0005803278728014,-0.0031769673382196,1.3372150856326566,0,Calm/Bull,0.9911
2014-08-12,dax,-0.012194039063015,0.0109416394082215,0.0081891430806728,0.0134451553799626,0.8734789236672877,-0.0026347743957386,-0.0034605567623154,1.3361153054029469,0,Calm/Bull,0.999
2014-08-13,dax,0.0141679269030828,0.0109314891899623,0.0083724209489621,0.0103773461718812,0.9536961412755371,0.0015023289475362,-0.0034665178522016,1.3056545121895071,0,Calm/Bull,0.9957
2014-08-14,dax,0.0028462628580953,0.0108774502851995,0.0083757604493658,0.0126296485196319,0.9300817037528334,0.0040765576047853,-0.002786857746007,1.2986821138160751,0,Calm/Bull,0.9991
2014-08-15,dax,-0.0144671346994178,0.0111873350495996,0.0085222489198603,0.0282636699530932,1.2814391118909587,0.0018402442345603,-0.0033363387462541,1.312720991231384,2,Stress/Bear,0.9971
2014-08-18,dax,0.0166577146893988,0.0118713438982049,0.0086461234957069,0.0071971512645003,0.7423369491699697,0.0014021461376288,-0.0019449465874843,1.3730250214560729,0,Calm/Bull,0.9986
2014-08-19,dax,0.0095751066063922,0.0116914940848243,0.0087227890899385,0.0079373922337469,0.6740061903906663,0.0057559752715102,-0.002098257321049,1.3403389631775122,0,Calm/Bull,0.9989
2014-08-20,dax,-0.0021137997953914,0.0116522316199032,0.0087230707476912,0.0092156525604626,0.7380573742821912,0.0024996299318154,-0.0023026214041934,1.3357946939714196,0,Calm/Bull,0.9997
2014-08-21,dax,0.0092925966393201,0.0118572287265541,0.0088245541595977,0.0135158141538419,0.7934329489137726,0.0037888966880603,-0.0020451782257996,1.343663205200906,0,Calm/Bull,0.9994
2014-08-22,dax,-0.0066550962424746,0.0114920587890634,0.0088534260432413,0.0131125102082856,0.8203158193533304,0.005351304379449,-0.0016059799049764,1.2980352163032305,0,Calm/Bull,0.9979
2014-08-25,dax,0.01814118599742,0.0122753957094707,0.0091915777181333,0.0090460603161736,0.6341106089594805,0.0056479986410532,-0.0004606943167596,1.3355047507517177,0,Calm/Bull,0.9982
2014-08-26,dax,0.0081694409180794,0.0123512080293467,0.0092579189689486,0.0151592959489995,0.7898611226752956,0.0053668655033907,-0.0003402998268159,1.3341235833639389,0,Calm/Bull,0.9987
2014-08-27,dax,-0.0019251038523258,0.0122804877393709,0.0092580384580352,0.00567413274897,0.8223475131305983,0.0054046046920038,-0.000125080893843,1.326467566000708,0,Calm/Bull,0.9995
2014-08-28,dax,-0.0112599837402617,0.011712923403908,0.0093517744519783,0.0137013049269731,0.8904638530900391,0.0012940886160874,0.0002918873403011,1.2524813835122126,0,Calm/Bull,0.9992
2014-08-29,dax,0.0008039360595659,0.0105643690029834,0.0093333106450687,0.015686075953544,0.885315851614768,0.0027858950764955,0.0013924152645071,1.1318994304089842,0,Calm/Bull,0.9984
2014-09-01,dax,0.0009351689904485,0.0104181775849007,0.0093279602538272,0.007956501846644,0.5725410549457649,-0.0006553083248987,0.0017437910816462,1.1168762839256456,0,Calm/Bull,0.9997
2014-09-02,dax,0.0029484045787851,0.0104101871706373,0.0093337004377762,0.009809569162917,0.7457814578848879,-0.0016995155927575,0.0016971376966011,1.1153333278732902,0,Calm/Bull,0.9995
2014-09-03,dax,0.0124882739523834,0.0104880224225478,0.0094445572784756,0.0160369853450044,1.225796917274656,0.0011831599681842,0.0026474308848849,1.1104832247087184,0,Calm/Bull,0.9672
2014-09-04,dax,0.0101050722278015,0.010168946183227,0.0095437467020655,0.019832908232692,1.4421213269327031,0.0054561711617969,0.0036539285176825,1.0655088091374223,1,Transition,0.6532
2014-09-05,dax,0.0023377792125071,0.0100439465944256,0.0095454143875657,0.0085369646250035,1.0639412969065438,0.0057629397923851,0.0039350958707225,1.0522274032973695,0,Calm/Bull,0.9909
2014-09-08,dax,0.0011290146364503,0.0094214513849388,0.0095407608781367,0.0053279435416923,0.7436716096731611,0.0058017089215855,0.0030491363438422,0.9874947611912984,0,Calm/Bull,0.9982
2014-09-09,dax,-0.0048621733650345,0.0089267716504063,0.0095454780195239,0.0075967262675465,0.8123886430999503,0.0042395933328215,0.0034157296287412,0.9351833016793766,0,Calm/Bull,0.9898
2014-09-10,dax,-0.0010849873711939,0.0086056038274508,0.0095442320896179,0.0090287158709969,0.8991597019992219,0.001524941068106,0.0026530839150274,0.9016549206522148,0,Calm/Bull,0.993
2014-09-11,dax,-0.0009168627380324,0.0086422191130297,0.0094895252493171,0.0105414510124123,0.9058695170249724,-0.0006794459250606,0.002464927635221,0.910711430337539,0,Calm/Bull,0.9907
2014-09-12,dax,-0.0041515455383013,0.0078500200674216,0.0094999699097565,0.0092102841342754,0.8020135874940678,-0.0019773108752223,0.0029807070932768,0.8263205191165487,0,Calm/Bull,0.9639
2014-09-15,dax,0.000880338283125,0.0071662153931542,0.0094678398148605,0.0085209859291766,0.8549091541427692,-0.0020270461458874,0.0021918382729631,0.7569007855314872,0,Calm/Bull,0.976
2014-09-16,dax,-0.0027679284609167,0.0070270429776983,0.009468142109545,0.0058372160922616,0.951538256582685,-0.0016081971650638,0.0015746865195977,0.742177598983676,0,Calm/Bull,0.9811
2014-09-17,dax,0.0029615110520677,0.0069783037419225,0.0094386539415159,0.0047042586878331,1.0240918745105076,-0.0007988974804115,0.0018284520619706,0.7393325134242318,0,Calm/Bull,0.9796
2014-09-18,dax,0.0140426235091355,0.0073182616978351,0.0095845923527552,0.0114001545854622,1.2252069663429566,0.002192999769022,0.0020659534054614,0.763544387543138,0,Calm/Bull,0.8882
2014-09-19,dax,0.0001153095217292,0.0070451122144542,0.0095836033487401,0.0093843783241758,2.6919135070049207,0.0030463707810281,0.0024044736936716,0.7351214316878435,2,Stress/Bear,1.0
2014-09-22,dax,-0.0050867402875944,0.0061752300659373,0.009602495727664,0.007905921843869,1.0053037959013564,0.0018529550668842,0.0012430773794209,0.6430859477653244,0,Calm/Bull,0.9367
2014-09-23,dax,-0.0159748238351348,0.0070482181224041,0.009769136305382,0.0136143273225651,1.1812443902577203,-0.0007884240079593,3.5864141760195285e-05,0.7214781227406125,0,Calm/Bull,0.7684
2014-09-24,dax,0.0069522482987366,0.0071962007541666,0.0098152556232779,0.0139392554390062,1.137024764054111,9.723441374433032e-06,0.0004797317493133,0.7331648843765213,0,Calm/Bull,0.8709
2014-09-25,dax,-0.0158526294434181,0.0076495314036634,0.0098794008262341,0.0247707750365825,1.2723742718543014,-0.0059693271491363,0.0002500994641554,0.7742910261673532,1,Transition,0.957
2014-09-26,dax,-0.0020483573306996,0.0076652348232002,0.0098794350672598,0.0095315827638163,1.0769327698604927,-0.0064020605196221,0.0001074847946422,0.7758778483804755,0,Calm/Bull,0.9171
2014-09-29,dax,-0.0071525714431153,0.0078308211950317,0.0098361345618428,0.0143650262305343,0.9769408555891572,-0.0068152267507263,-0.0002969022270359,0.796127904289729,0,Calm/Bull,0.8933
2014-09-30,dax,0.0054388743338247,0.0079045970824936,0.0097247138513151,0.0095110301996055,1.1095503745027004,-0.0025324871169343,-0.000172378739284,0.8128359562399498,0,Calm/Bull,0.9737
2014-10-01,dax,-0.0097866623379669,0.0075898274333572,0.0097818374667217,0.0174183963504867,1.0355690865395584,-0.005880269244275,-0.0012861255538015,0.7759101967476094,0,Calm/Bull,0.7626
2014-10-02,dax,-0.0200624120844313,0.0081814611434342,0.0099199471121189,0.023591560065146,1.5025730925579686,-0.0067222257724777,-0.0027944997694131,0.8247484639750912,1,Transition,0.7723
2014-10-06,dax,0.0015028457884893,0.0081559853965745,0.0099224519741426,0.0171333809375456,1.2527285093750766,-0.0060119851486399,-0.002836246440614,0.8219727762682597,0,Calm/Bull,0.6713
2014-10-07,dax,-0.013478745110708,0.0084316197116809,0.0099103231899274,0.0098930825268674,1.230107002346889,-0.0072772198821584,-0.0035666344279719,0.8507915988300625,1,Transition,0.5371
2014-10-08,dax,-0.0100523127887992,0.0085525949696614,0.0099526531058955,0.0116116022875584,1.2717834212321328,-0.0103754573066832,-0.0038261413991602,0.8593281488526135,1,Transition,0.6691
2014-10-09,dax,0.0010765850965274,0.0086025697369305,0.0097461847472713,0.0183487074266305,1.154288399513187,-0.0082028078197843,-0.0037180627757741,0.8826602368007639,1,Transition,0.5161
2014-10-10,dax,-0.0243028750324554,0.0097187350566774,0.0101141089290748,0.0193940025607403,1.7074056044200148,-0.0090509004093891,-0.0048873633904952,0.9609086796306078,2,Stress/Bear,0.9895
2014-10-13,dax,0.0026839168561153,0.0098650608616837,0.0101274021218097,0.0196087557436185,1.1491491791104378,-0.0088146861958639,-0.0045455902707744,0.9740958977464657,1,Transition,0.6942
2014-10-14,dax,0.0014492047608407,0.0098823334572233,0.0100567878110453,0.0173309439012771,1.1465518267436834,-0.0058290962215542,-0.0045171469468886,0.9826530740133166,0,Calm/Bull,0.5934
2014-10-15,dax,-0.0291171267090728,0.0112926035485914,0.0105020269713143,0.0340784925214268,1.451092329943782,-0.0096420590056089,-0.0058346068592964,1.075278475234973,2,Stress/Bear,0.9779
2014-10-16,dax,0.0012766298073944,0.0112296390216768,0.0104978084180446,0.0358725618365914,1.9747877904918,-0.0096020500634355,-0.0059188509215301,1.0697127033080718,2,Stress/Bear,1.0
2014-10-17,dax,0.0306760168222381,0.0132245414877605,0.0112951396837661,0.02958662540733,1.5329838503655209,0.0013937283075031,-0.005087181255875,1.1708169936815809,2,Stress/Bear,0.9943
2014-10-20,dax,-0.0150856167618904,0.0133460635788263,0.0112879368215856,0.0174518028817341,0.9029583992350412,-0.0021601784160979,-0.005847227570056,1.1823297551865242,1,Transition,0.8641
2014-10-21,dax,0.0192227320916077,0.0144779466814627,0.0115974816893858,0.0275763943550103,1.017310493652756,0.0013945270500554,-0.0046317539510958,1.2483698676336965,2,Stress/Bear,0.6577
2014-10-22,dax,0.0059661802997444,0.0144042911277798,0.0115996183293881,0.0107067372912043,0.8380514648195466,0.0084111884518188,-0.0035347037443519,1.24179009332453,1,Transition,0.6627
2014-10-23,dax,0.0119162187715175,0.0146354135184733,0.011704455334217,0.0273264075721751,0.9191162221699244,0.0105391062446434,-0.0032865052207128,1.2504138894603614,2,Stress/Bear,0.9243
2014-10-24,dax,-0.0065993480122839,0.0143609439962342,0.0114719051656147,0.0099312142643016,0.8388575046687838,0.003084033277739,-0.0028238411491561,1.2518360105764277,0,Calm/Bull,0.6498
2014-10-27,dax,-0.0095235487902125,0.0144367738044781,0.0112152641428955,0.0278546945665185,0.9361218859349244,0.0041964468720746,-0.0031976007221318,1.2872433159430643,2,Stress/Bear,0.7931
2014-10-28,dax,0.0184282009478397,0.0151818850303332,0.0114546712730176,0.0120530998477572,0.6578595147350008,0.004037540643321,-0.001918562102584,1.325388103113471,0,Calm/Bull,0.4499
2014-10-29,dax,0.0016108361838065,0.0151081976979999,0.0114448487279109,0.009357262608785,0.7510650849229721,0.0031664718201334,-0.0021099640100849,1.3200871463818555,0,Calm/Bull,0.7581
2014-10-30,dax,0.003520268556236,0.0150452111930001,0.0114242081078243,0.0271041300694823,0.9874780116140408,0.0014872817770771,-0.0014446174653748,1.3169587818253954,1,Transition,0.5872
2014-10-31,dax,0.0229956568318003,0.0153190869648594,0.0117258245618751,0.0131158766647313,1.0158120433770026,0.007406282745894,0.0007082859804367,1.3064400617648089,1,Transition,0.7048
2014-11-03,dax,-0.0080921546497868,0.0154426397246281,0.0117686233697754,0.0116151581513575,0.6642687989853651,0.0076925615739791,0.0002285359585229,1.3121874359823928,2,Stress/Bear,0.5103
2014-11-04,dax,-0.0092551081343082,0.0152732744001302,0.0115814268815209,0.0184519944409317,0.7570452299127611,0.0021558997575495,0.0004397178073429,1.3187731146064456,1,Transition,0.6336
2014-11-05,dax,0.0161253514374414,0.0154474971542181,0.0116539597066448,0.01102793023877,0.687808282697159,0.0050588028082765,0.0017486010186549,1.325514893054786,1,Transition,0.4209
2014-11-06,dax,0.0066260393134853,0.0154845868613666,0.0115435992919478,0.0211924684362395,1.0436943877893488,0.0056799569597264,0.0020260737295028,1.3414002400592562,1,Transition,0.7405
2014-11-07,dax,-0.0091680943086165,0.0144665111475377,0.0116030908688077,0.018856345785959,0.9010602429222592,-0.0007527932683569,0.0027828127656948,1.2467808199647608,1,Transition,0.8521
2014-11-10,dax,0.0064408079932443,0.0144895323159929,0.0114707797554554,0.0138260907248769,0.6252279936488613,0.0021537992602492,0.0029706573225512,1.26316890611572,1,Transition,0.426
2014-11-11,dax,0.0018332623643095,0.0144876641943726,0.0112741344718945,0.0081257992719739,0.712556590940664,0.0043714733599728,0.0029898602027247,1.285035603441596,0,Calm/Bull,0.6684
2014-11-12,dax,-0.0170155230764975,0.0132783761163136,0.0114218805324804,0.0184280721113593,0.8598206248286656,-0.0022567015428149,0.0035949403843534,1.162538522317223,1,Transition,0.8374
2014-11-13,dax,0.0040683570043917,0.0132673918544426,0.0114324019210101,0.0152153947099163,0.8077103405803402,-0.0027682380046336,0.0037345267442033,1.1605078220754463,1,Transition,0.8768
2014-11-14,dax,0.0004789531739863,0.0116610277256849,0.0113658575547627,0.0107717025341712,0.7939352968161002,-0.0008388285081131,0.0022246735617907,1.0259698988395778,0,Calm/Bull,0.9548
2014-11-17,dax,0.0057555355848085,0.0109417475241033,0.011360532091604,0.0182370865321916,0.7574857614677606,-0.0009758829898002,0.0032667311791257,0.9631368879447004,1,Transition,0.8057
2014-11-18,dax,0.0160086161924534,0.0107163428568025,0.0113058307939189,0.0145942262327609,0.7965378107397979,0.0018591877758284,0.0031060253841679,0.94785983021845,0,Calm/Bull,0.5113
2014-11-19,dax,0.0017189763387357,0.0106987494648116,0.0112564805731322,0.0087165689344707,0.7982362605178827,0.0056060876588751,0.0028936651861175,0.950452443399416,0,Calm/Bull,0.9583
2014-11-20,dax,0.0011784627279765,0.0104895236912931,0.0112555577876586,0.0111198120595144,0.9088656239377488,0.0050281088035921,0.0023567773839405,0.931941702862077,0,Calm/Bull,0.931
2014-11-21,dax,0.0258729417031163,0.0114951874606159,0.0116483417328236,0.0234234328246337,1.7781285400502127,0.0101069065094181,0.0039803918697105,0.9868518390239024,2,Stress/Bear,0.9418
2014-11-24,dax,0.0054298719796851,0.0110482475389246,0.0116658930183975,0.0123284585744291,1.0495297333766995,0.0100417737883934,0.0047280629082054,0.9470554480056615,1,Transition,0.9292
2014-11-25,dax,0.0077030853496664,0.0105994470335862,0.011702382620627,0.0136088974724296,1.2401766874721345,0.008380667619836,0.0041918071282967,0.9057511941972564,1,Transition,0.9258
2014-11-26,dax,0.0054963219460264,0.0105852498388115,0.011715447581125,0.0074953220716375,0.9387806952098268,0.0091361367412941,0.0043860814164077,0.903529273253348,1,Transition,0.5833
2014-11-27,dax,0.0059637447349855,0.0105888313298227,0.0116341850071591,0.0071990481548994,0.9089508156821654,0.0100931931426959,0.0045082552253452,0.9101480957460196,1,Transition,0.6161
2014-11-28,dax,0.0005992760419953,0.0096756880244159,0.0115669799438473,0.0088469226712483,1.0754320786835965,0.0050384600104717,0.0033884361858549,0.8364921588337829,0,Calm/Bull,0.5673
2014-12-01,dax,-0.0017388222697848,0.0093786611318338,0.0115675810019825,0.0072926265903491,1.0458628157102614,0.0036047211605777,0.003706102804855,0.8107711655726866,1,Transition,0.5387
2014-12-02,dax,-0.0029581179621632,0.0090194604023753,0.0115750441013922,0.0128849374067215,0.93504942046198,0.0014724804982118,0.0040209523134623,0.7792160723854621,1,Transition,0.9135
2014-12-03,dax,0.0037888327238974,0.0085581311588303,0.0115635518100253,0.0063498464858825,0.9011405051097054,0.001130982653786,0.0034041263777851,0.7400953703005573,1,Transition,0.8063
2014-12-04,dax,-0.0121516484134257,0.0091925653548892,0.0116760362495151,0.0252067302802538,1.2932432380604506,-0.0024920959758962,0.0024652419914395,0.7873018855410747,1,Transition,0.9971
2014-12-05,dax,0.0236509121415785,0.0099080128266699,0.0120586562244657,0.0162147912362328,1.015570506677251,0.0021182312440204,0.0041061923139493,0.8216514877144964,1,Transition,0.9978
2014-12-08,dax,-0.0071763801024636,0.0102026319222453,0.012085436842693,0.0069855246286084,0.7500606088040109,0.0010307196774846,0.0034253329091639,0.8442087824416462,1,Transition,0.6635
2014-12-09,dax,-0.0223426551295281,0.0117204522866845,0.0124434230853684,0.016876165834676,1.178240769361989,-0.0028461877559883,0.002216537034472,0.9418993637262038,1,Transition,0.9531
2014-12-10,dax,0.0006145432216034,0.0108267804430185,0.012437272584124,0.0136738454621081,0.9503820983405056,-0.0034810456564471,0.003098040349377,0.8705108270151456,1,Transition,0.8975
2014-12-11,dax,0.0063878736078138,0.0108501195750357,0.012457614370667,0.0146423029634632,1.052958559546247,0.0002268587478007,0.0032140161795481,0.8709628707550686,1,Transition,0.8594
2014-12-12,dax,-0.027528717454737,0.0128456226867995,0.0128331577819656,0.0222445710963578,0.9965022481030764,-0.0100090671714623,0.001813632648112,1.0009713045725552,1,Transition,0.9356
2014-12-15,dax,-0.0275493444932986,0.014375372760411,0.0133044910252054,0.0372047533664378,1.163117202435599,-0.0140836600496293,0.0001483886442066,1.0804902444728477,2,Stress/Bear,0.9651
2014-12-16,dax,0.0243298175374407,0.0149668195543197,0.0136809272328856,0.0363910555073542,1.6808672819376762,-0.0047491655162355,0.000564448711456,1.0939916059448875,2,Stress/Bear,0.9991
2014-12-17,dax,-0.0020368057831749,0.0149751308926642,0.0135280915678204,0.016747947714922,0.9890346576670778,-0.0052794353171912,0.0003766596053604,1.1069655182025724,1,Transition,0.949
2014-12-18,dax,0.0275525714272896,0.0161635456871282,0.0139641883590591,0.0142573675972537,1.1508139342368944,-0.001046495753296,0.0016953650403261,1.1574998325371528,1,Transition,0.7826
2014-12-19,dax,-0.0024593935610699,0.0151423329897768,0.0138085159830691,0.0217227423248429,1.644142979562872,0.0039673690254373,0.0002787482771168,1.0965937982287963,2,Stress/Bear,0.6866
2014-12-22,dax,0.0080192694014937,0.0151996555743868,0.0138384271938481,0.0098786067421869,0.596222074554059,0.0110810918043958,0.0004082181482072,1.098365830268906,1,Transition,0.817
2014-12-23,dax,0.0056954829328465,0.0151555090210623,0.0138150890796454,0.007463208795933,0.4741563519696848,0.0073542248834769,0.0003078380273662,1.097025790690835,0,Calm/Bull,0.5118
2014-12-29,dax,0.0005057655907963,0.0151065917075817,0.0138020520775094,0.0153518102272802,0.4806570914398667,0.0078627391582712,5.831020960474504e-05,1.094517802334484,1,Transition,0.7191
2014-12-30,dax,-0.0123228693287095,0.0152827260321522,0.0138387910069873,0.008284131983213,0.3635312847806258,-0.0001123489929285,-0.00085602049358,1.1043396799934215,1,Transition,0.8419
2015-01-02,dax,-0.0041715698050281,0.015296042686071,0.0135837151744912,0.0196903036318126,0.7196475918583805,-0.0004547842417202,-0.0010945627859311,1.1260573774982654,1,Transition,0.897
2015-01-05,dax,-0.0303144088277341,0.0166353549315838,0.0141720868012047,0.0339579873895368,1.117282341075566,-0.0081215198875658,-0.0025233421138286,1.173811250589412,2,Stress/Bear,0.7497
2015-01-06,dax,-0.0003695331510397,0.0166418629788654,0.0140539495726396,0.0255373555264696,1.0194105112615546,-0.009334523104343,-0.0023939128732724,1.1841413613198066,1,Transition,0.9488
2015-01-07,dax,0.0051106010218077,0.016670308456796,0.0139937284540119,0.0139932669964631,0.868874463009071,-0.0084135560181407,-0.0023278244583769,1.1912699686563266,1,Transition,0.9703
2015-01-08,dax,0.0330092098960234,0.0182530571636236,0.0145933337714134,0.0251615268372247,1.2129233777314874,0.0006528598268058,-6.978154290450331e-05,1.2507804898822492,2,Stress/Bear,0.705
2015-01-09,dax,-0.0194103682659773,0.0178428536674379,0.0144599213317767,0.0267844418821578,1.1269171376685958,-0.0023948998653839,-0.0022228455632822,1.2339523333523896,1,Transition,0.8667
2015-01-12,dax,0.0137313162857747,0.0181472374299148,0.0145446220311486,0.0197957084722601,1.0446153373457627,0.0064142451573177,-0.0011774607438703,1.2476939855192462,1,Transition,0.961
2015-01-13,dax,0.0161338400899599,0.0178219497270172,0.0146627247121563,0.0225249872686349,1.195852522011805,0.0097149198055177,0.000746364017104,1.2154596145586576,1,Transition,0.8957
2015-01-14,dax,-0.0125438854656969,0.0180682508571357,0.0142162042620259,0.0198512040060919,1.226131334844207,0.0061840225080167,8.844258273901202e-05,1.2709616803550925,1,Transition,0.8504
2015-01-15,dax,0.0217170887423038,0.0186648252819593,0.0144354528875763,0.0424465412741438,1.4580192994682335,0.0039255982772728,0.0008549033394635,1.2929850852149525,2,Stress/Bear,0.999
2015-01-16,dax,0.0133820450388824,0.0176019633753756,0.0140324083251173,0.026291909676294,1.3603129727912335,0.0104840809382448,0.0029004414641444,1.2543793600895248,1,Transition,0.6843
2015-01-19,dax,0.0073081797858393,0.0160889624162655,0.0138585384610203,0.0098668346782459,0.7898443145768287,0.0091994536382577,0.0046433176781013,1.1609422206763496,1,Transition,0.9694
2015-01-20,dax,0.0014420147598689,0.0154148544368417,0.0136879918631617,0.0084848563323092,1.101170807808806,0.0062610885722395,0.0034989275392227,1.1261589421547984,1,Transition,0.9637
2015-01-21,dax,0.004096118581476,0.0153598394052262,0.0136818380772111,0.0157420362489157,1.1656935329917086,0.0095890893816741,0.0038055737574553,1.1226444369934532,1,Transition,0.9779
2015-01-22,dax,0.0131557847498682,0.0145017455182983,0.0136974415085091,0.0216105539218094,1.49421398319254,0.007876828583187,0.0030857344235842,1.0587192877801015,1,Transition,0.8458
2015-01-23,dax,0.0202954966714918,0.0149301003967096,0.0138379808844293,0.0189181828435503,1.662266410909953,0.0092595189097088,0.0042234789352123,1.0789218832863998,2,Stress/Bear,0.772
2015-01-26,dax,0.0138710376850236,0.0150651309918418,0.0138136390875996,0.0202346102053901,1.0194885216545515,0.0105720904895457,0.0045160673493888,1.0905982772755116,1,Transition,0.9624
2015-01-27,dax,-0.0158448931935806,0.0157316034033342,0.0138824419019776,0.0205211185275255,1.0879115638812629,0.0071147088988558,0.0034390485430675,1.1332014579577103,1,Transition,0.9147
2015-01-28,dax,0.007721817805421,0.0157435332761948,0.0138971259869218,0.0164383166972601,1.029589092934469,0.0078398487436448,0.0037998511537987,1.1328625279076134,1,Transition,0.9865
2015-01-29,dax,0.0025083319121338,0.0152868117223149,0.0138967870143507,0.0126515393141188,0.88689521909013,0.0057103581760979,0.0045414112158409,1.100024898311302,1,Transition,0.9881
2015-01-30,dax,-0.0040639676815863,0.0152836024425629,0.0136651504489254,0.0150968168705204,0.9440755027671314,0.0008384653054823,0.004546791322013,1.118436456275155,1,Transition,0.9865
2015-02-02,dax,0.0124234850165077,0.0129647177450918,0.0136578831880972,0.0139102310071481,0.8745743984050417,0.0005489547717791,0.006683686014225,0.9492479593316908,1,Transition,0.9905
2015-02-03,dax,0.0057959134318639,0.0128610669545409,0.0135740009527342,0.0114462148861587,1.1503512490704069,0.004877116096868,0.0069919583433702,0.9474779764141874,1,Transition,0.9917
2015-02-04,dax,0.0018686240139522,0.012906378165176,0.0134624102975645,0.010002513158281,0.8393128850466759,0.0037064773385742,0.0068298594929775,0.9586974308390316,1,Transition,0.9943
2015-02-05,dax,-0.0005418003768292,0.0114193206930008,0.0134582001259175,0.0095347600191275,0.7542076041762336,0.0030964508807816,0.0051523089793348,0.8485028150985601,1,Transition,0.9952
2015-02-06,dax,-0.0054267373905591,0.0101991507095297,0.013411734163967,0.0068944852491328,0.6854186898933966,0.002823896938987,0.0058514905231057,0.7604647232668543,1,Transition,0.9996
2015-02-09,dax,-0.0170046624620761,0.0112144359138964,0.0136369470418793,0.0143573375689619,0.8949327065621837,-0.0030617325567296,0.0043146915857132,0.8223567840702689,1,Transition,0.9989
2015-02-10,dax,0.008434366601663,0.0109155206755352,0.0136606477296927,0.018889981240332,0.8236753070798211,-0.0025340419227698,0.0039297179112983,0.799048543782388,1,Transition,0.9989
2015-02-11,dax,-0.0001599303756827,0.0102636321119197,0.0134280847043306,0.0088177638819268,0.6283968645693776,-0.0029397528006968,0.004548915665799,0.7643407334636212,1,Transition,0.9997
2015-02-12,dax,0.0154619072134276,0.0097976677981725,0.0135296872568078,0.0190976845963439,0.9814922865206396,0.0002609887173545,0.0042361565893552,0.7241607002588039,1,Transition,0.9995
2015-02-13,dax,0.0039985337262066,0.0095584029337919,0.0135272225807582,0.0059615970110778,0.9293706760809828,0.0021460429407076,0.0037669810237214,0.7066049868498736,1,Transition,0.9999
2015-02-16,dax,-0.0036707309807622,0.0096590587788096,0.013547357563076,0.0049435924797602,0.5842573987669955,0.0048128292369704,0.0032180354853914,0.7129847081866272,1,Transition,0.9998
2015-02-17,dax,-0.0025308726682465,0.0097380356199507,0.0134490385132114,0.0143397285050839,0.7404702497524365,0.0026197813829885,0.0030193911139856,0.7240692790332004,1,Transition,0.9999
2015-02-18,dax,0.0059826338626681,0.0097581300396029,0.013456850878229,0.006512257948636,0.6937158286128675,0.0038482942306587,0.0031137168780452,0.7251421694350504,1,Transition,0.9999
2015-02-19,dax,0.0037281417065213,0.0094709842304803,0.0134568511077737,0.0133876419349676,0.8879769806804879,0.0015015411292774,0.0026423347258778,0.7038038954751562,1,Transition,1.0
2015-02-20,dax,0.004416653084707,0.008532286973188,0.0131050092205412,0.0122082688404897,1.3949876677589348,0.0015851650009775,0.0018483925465386,0.6510706577614823,1,Transition,0.9995
2015-02-23,dax,0.0072385013066812,0.0081612313578269,0.0131148352587044,0.0079760050436644,0.7974510041754939,0.0037670114584662,0.0015167657276215,0.6222900400071968,1,Transition,1.0
2015-02-24,dax,0.006699353601901,0.0071286232214823,0.0131082665144425,0.0122829590512256,0.8747207382095791,0.0056130567124957,0.0026439780673956,0.5438265398119646,1,Transition,1.0
2015-02-25,dax,0.0004041126841034,0.0070415429370847,0.013102587228069,0.0045332840388747,0.8717902113023521,0.0044973524767828,0.0022780928113297,0.5374162228052196,1,Transition,1.0
2015-02-26,dax,0.0103757874741904,0.007271096412363,0.0131372849318063,0.012680097832209,0.9241715569970884,0.0058268816303166,0.0026714655894325,0.5534702528038467,1,Transition,1.0
2015-02-27,dax,0.0065529044472969,0.0071398497156844,0.0131480918406237,0.0087987460707647,1.0299786679728364,0.0062541319028346,0.0032023091958767,0.5430331490098376,1,Transition,1.0
2015-03-02,dax,0.0007627729188961,0.006815980713654,0.0131392947150121,0.0080803929474387,0.8889484614985989,0.0049589862252776,0.0026192735909961,0.5187478370407925,1,Transition,1.0
2015-03-03,dax,-0.01145855383773,0.0074547851855305,0.0132419379869558,0.016388671232643,0.9655133939689782,0.0013274047373513,0.0017565502275164,0.5629678369490945,1,Transition,1.0
2015-03-04,dax,0.0097059375929017,0.0076640364719709,0.013276579102304,0.0173023270648228,0.9205127908583142,0.003187769719111,0.0021484159064639,0.5772598809463577,1,Transition,1.0
2015-03-05,dax,0.0099265206547919,0.0078263858984387,0.0131771812573213,0.0107589014903601,0.9591744020324968,0.0030979163552313,0.0026718319580449,0.593934753237937,1,Transition,1.0
2015-03-06,dax,0.0040737425853351,0.0075938326094912,0.0128858717977177,0.0091048565068223,0.9553196017079,0.0026020839828389,0.0031468559568397,0.5893146174895324,1,Transition,1.0
2015-03-09,dax,0.002692304155354,0.005939980410983,0.0128262468337408,0.010799420341227,0.8224405816317697,0.0029879902301305,0.0041317042877112,0.4631113441039756,1,Transition,1.0
2015-03-10,dax,-0.0070816284968756,0.0063476999660858,0.0124732684763658,0.015223851725686,1.0917541767180972,0.0038633752983014,0.0033559045327842,0.5089043002732906,1,Transition,1.0
2015-03-11,dax,0.026226981531753,0.0080833949821714,0.0128345144690082,0.0246468498595538,1.2383538184921383,0.0071675840860717,0.004675250128156,0.6298169674973382,1,Transition,0.9936
2015-03-12,dax,-0.0005592442182501,0.0077449416757193,0.0128357253784893,0.0063765381137712,1.3656504747669749,0.0050704311114633,0.0038741925565721,0.6033894811039373,1,Transition,0.9996
2015-03-13,dax,0.0086259091976135,0.0078176286274177,0.0122123130072265,0.0133091561516466,1.191483348399862,0.0059808644339189,0.0041055613301425,0.6401431590225115,1,Transition,1.0
2015-03-16,dax,0.022112806420226,0.0085585956895069,0.011739781749943,0.0216737180415811,1.2409638820326778,0.0098649648868933,0.0053947382001919,0.7290251106711155,1,Transition,0.9968
2015-03-17,dax,-0.0154770118907828,0.0096140690808512,0.011720258319653,0.022121973624901,1.1331506696655098,0.0081858882081119,0.0047474312390651,0.8202949814450763,1,Transition,0.99
2015-03-18,dax,-0.0048595312768528,0.0098436903048856,0.0117495305347353,0.0170622846450905,1.2158687577558924,0.0019685856463907,0.004205322982089,0.8377943506580596,1,Transition,0.9761
2015-03-19,dax,-0.0019619663698058,0.0099399656544882,0.0113452111450107,0.0179698195796039,1.1602700064010818,0.0016880412160796,0.0039208175782727,0.8761375638971268,1,Transition,0.9295
2015-03-20,dax,0.011694111158377,0.0100911258499422,0.0113723097802257,0.0133520274262946,1.8617444492908524,0.0023016816082323,0.0042846904819562,0.887341801705821,2,Stress/Bear,0.9737
2015-03-23,dax,-0.0119933766305053,0.0106931921568131,0.0115284970881276,0.0106769041829552,0.9015511791819888,-0.0045195550019139,0.0033230965850968,0.9275443342762562,1,Transition,0.8033
2015-03-24,dax,0.0091919938300636,0.0107489950379979,0.0115505595920362,0.0194007935852684,1.0513327499187328,0.0004142461422553,0.003447728596505,0.930603833723259,1,Transition,0.9445
2015-03-25,dax,-0.0117608539221307,0.0112622215626275,0.0117061510258533,0.0138731505483746,0.8518109232275217,-0.0009660183868002,0.0028394802661933,0.9620772479147672,1,Transition,0.5117
2015-03-26,dax,-0.0018255203517504,0.0111625260411967,0.011551095753252,0.019391770795473,1.188001587137202,-0.0009387291831891,0.0022294148748962,0.9663607920533472,1,Transition,0.5491
2015-03-27,dax,0.0020791488995379,0.011116055382651,0.011512088886201,0.0130649863368981,0.8781796921349333,-0.0028617216349569,0.0020057270975083,0.9655984671882905,0,Calm/Bull,0.8576
2015-03-30,dax,0.0181750514612219,0.0116810908854759,0.0107954853038346,0.0138531815501426,0.7477841070135066,0.0031719639833884,0.0028763410246246,1.082034809618672,0,Calm/Bull,0.8643
2015-03-31,dax,-0.00996507069267,0.0115890395605941,0.0109324198877621,0.0147574240465348,0.8681704245710335,-0.0006594489211582,0.0029510151818776,1.0600616953586808,0,Calm/Bull,0.7057
2015-04-01,dax,0.0029381381537993,0.0114797119769017,0.0109319394787428,0.0193969394632599,0.9203210270908498,0.0022803494940277,0.0026126252099224,1.050107531168096,1,Transition,0.5069
2015-04-02,dax,-0.0028362121064035,0.0114062410167795,0.0102716816167454,0.0059562089588021,0.7027502539404532,0.0020782111430971,0.0019744885718627,1.1104550785710174,0,Calm/Bull,0.9983
2015-04-07,dax,0.0129619075481067,0.011662605294951,0.0099039903273962,0.0093709895634808,0.901276978285612,0.0042547628728108,0.0024188968200012,1.177566305036686,0,Calm/Bull,0.9984
2015-04-08,dax,-0.007256772714825,0.0118608278443177,0.009918116640701,0.0086840911043746,0.7117207680483597,-0.0008316019623985,0.0019214429764923,1.1958750107499527,0,Calm/Bull,0.9974
2015-04-09,dax,0.0107908207888615,0.0118200205952013,0.0098259159397668,0.009742395413228,0.6058403465044438,0.0033195763339078,0.0028150654407791,1.202943386413894,0,Calm/Bull,0.9975
2015-04-10,dax,0.0169751509872846,0.0110087411196765,0.0097545100968965,0.0142419452948943,0.8233113871138674,0.0061269789006048,0.0023524739135557,1.128579601673596,0,Calm/Bull,0.983
2015-04-13,dax,-0.0029133940854852,0.0110540047565182,0.0095053193200527,0.0049778153457972,0.6569181368093291,0.0061115425047885,0.002234766420194,1.1629282914460772,0,Calm/Bull,0.9995
2015-04-14,dax,-0.0090474740906335,0.0112213476606107,0.0095489800751346,0.012971423669973,0.7833930894620648,0.0017096661770404,0.0013510972557816,1.175135728875475,0,Calm/Bull,0.9989
2015-04-15,dax,0.0003058378235345,0.0101013835138102,0.0095391460125497,0.0091020345724338,0.7622534500905622,0.0032221882847123,0.000260748825947,1.0589400246647669,0,Calm/Bull,0.9996
2015-04-16,dax,-0.0191898229870727,0.0104344556061384,0.0099574091577628,0.0191551394895657,1.0728765584468374,-0.0027739404704744,7.510827113259878e-05,1.047908691991799,0,Calm/Bull,0.8536
2015-04-17,dax,-0.026189094724355,0.0119459078873536,0.0106261457618643,0.0295293873983027,1.4809472167538498,-0.0114067896128024,-0.0009913699012425,1.1241995126987283,2,Stress/Bear,0.9682
2015-04-20,dax,0.0172357702828626,0.0126162979743341,0.0107107517001528,0.0148572148411029,0.8114600427660972,-0.0073769567391328,-3.14830686090865e-05,1.1779096675496772,1,Transition,0.4336
2015-04-21,dax,0.0040005878763556,0.0123545368570061,0.0104468950356568,0.013875690835939,0.9367779824165944,-0.0047673443457349,-0.0004161592327101,1.1826037128580442,0,Calm/Bull,0.9894
2015-04-22,dax,-0.0060663110385506,0.0121312835817979,0.0103766978882358,0.0214167211218853,0.9564888792917297,-0.006041774118152,-0.0001198059531124,1.1690890216194174,0,Calm/Bull,0.8493
2015-04-23,dax,-0.0121904220511822,0.0122094065501651,0.0102830280678462,0.0225724463900129,1.0592649384021584,-0.0046418939309739,-0.0011889267471747,1.1873357215023483,0,Calm/Bull,0.8846
2015-04-24,dax,0.0074163625302577,0.0120878791741534,0.0102800383358227,0.0143893285354848,1.002740811469351,0.0020791975199486,-0.0002300659245552,1.1758593479200354,0,Calm/Bull,0.9974
2015-04-27,dax,0.0191461155331728,0.0128290790027532,0.0105256176535215,0.0267186346638979,1.2319219364738383,0.0024612665700106,0.0008185158696908,1.2188433425055103,2,Stress/Bear,0.722
2015-04-28,dax,-0.0190774905747445,0.0135704822864061,0.0108436129496558,0.0257033816888436,1.469533811190754,-0.0021543491202093,-0.0002393161040232,1.25147239664589,2,Stress/Bear,0.8873
2015-04-29,dax,-0.0326077965757805,0.014651542962958,0.0116165766059869,0.0415045393374365,1.5224674499751474,-0.0074626462276553,-0.0027784585058733,1.2612616831887484,2,Stress/Bear,0.9997
2015-04-30,dax,0.00189278354063,0.0145851928967909,0.0115996439571186,0.0208889118134651,1.401025763861323,-0.0046460051092928,-0.0021855657942083,1.257382808533537,1,Transition,0.4031
2015-05-04,dax,0.014342629571895,0.0150127226107925,0.0117294397241161,0.0210949474758894,0.8947088415159641,-0.0032607517009654,-0.0016153412233035,1.2799181345316806,1,Transition,0.7856
2015-05-05,dax,-0.0254655485679298,0.0159340622976747,0.0122178817517079,0.0378364873653654,1.3168979957544715,-0.0121830845211859,-0.0027468080463798,1.3041591514377917,2,Stress/Bear,0.9866
2015-05-06,dax,0.0019817337374544,0.0155488358605442,0.012193011899933,0.0192129027750699,1.0955589276463942,-0.0079712396587461,-0.0032958167369125,1.2752251853891596,1,Transition,0.8775
2015-05-07,dax,0.0050812158510153,0.0156279672388831,0.0119792270061867,0.0236694621641377,1.2524581744721643,-0.0004334371733869,-0.0026789173086204,1.3045889547641147,1,Transition,0.8338
2015-05-08,dax,0.0261079501925873,0.0166637852113518,0.0123728345186316,0.025202981227885,1.1370906184282752,0.0044095961570044,-0.0019130608384342,1.3468041770265962,2,Stress/Bear,0.5204
2015-05-11,dax,-0.0031117276773896,0.0160598406220781,0.0123850826415589,0.0068626704624834,0.7514890117905528,0.0009187247071475,-0.0029174047716679,1.2967083940310844,1,Transition,0.8499
2015-05-12,dax,-0.0173633964518307,0.016381468455549,0.0124767125369455,0.0163741169796968,1.0524195759542798,0.0025391551303673,-0.0036399048899851,1.312963523607756,1,Transition,0.7734
2015-05-13,dax,-0.0105986694545726,0.0164120622452472,0.0125558094646165,0.025973737718725,1.0683013046510896,2.3074491961927457e-05,-0.0037174646581821,1.307128966196719,1,Transition,0.8732
2015-05-14,dax,0.0181889526472717,0.0171148962851953,0.0127460907118897,0.0312513305448492,0.7194473354225326,0.0026446218512132,-0.0028233089169952,1.3427565103730408,2,Stress/Bear,0.9632
2015-05-15,dax,-0.0098049876279325,0.0167676868446546,0.0128141155333735,0.0217637131082459,0.964544617727844,-0.0045379657128907,-0.0023540671490382,1.3085325164256776,1,Transition,0.9581
2015-05-18,dax,0.0127815650382769,0.0161032757804519,0.012890351983072,0.0186384669232194,0.7998319836493882,-0.0013593071697574,-0.0004055341609066,1.2492502766099167,1,Transition,0.9562
2015-05-19,dax,0.0220969507212973,0.0164171908873432,0.0131728215182002,0.0140408360322002,1.0012062931735477,0.0065327622648681,-0.0001624751389849,1.2462926689365983,1,Transition,0.9453
2015-05-20,dax,-0.0004101251103864,0.0163879231743248,0.0131678447217227,0.00772004362048,0.6905487313794807,0.0085704711337054,-0.000383010788322,1.2445410407437474,1,Transition,0.8868
2015-05-21,dax,0.0013595984628538,0.0163364237406635,0.0131437123041433,0.0092620669106305,0.7236373114945625,0.0052046002968218,-1.1715313251815014e-05,1.2429078910616278,1,Transition,0.947
2015-05-22,dax,-0.0041875835229726,0.0161189832158215,0.0131397421668974,0.0075751101163195,0.6585887008061437,0.0063280811178138,0.0003884266131586,1.2267351224310663,1,Transition,0.9074
2015-05-26,dax,-0.0162016130571167,0.0164389746651556,0.0133235841945434,0.0287274176120176,0.9863602243778268,0.000531445498735,-0.00079247216621,1.2338252549106217,1,Transition,0.8198
2015-05-27,dax,0.0124807893792083,0.0160770656146232,0.013352486825445,0.0165854505158899,1.03063515422994,-0.0013917867696827,-0.0011257384739082,1.2040502885189994,1,Transition,0.9744
2015-05-28,dax,-0.007979978934664,0.0156095891704511,0.0133752162159078,0.014369410776134,0.8769944779842359,-0.0029057575345382,-0.0005708628919042,1.1670532213068705,1,Transition,0.9581
2015-05-29,dax,-0.0228450053082339,0.0146799772393093,0.0137074320650562,0.0263338065352516,1.3057329134697342,-0.0077466782887558,-8.272332852693638e-05,1.0709502093198344,1,Transition,0.7555
2015-06-01,dax,0.0019457002675669,0.0146803567970269,0.013626423232475,0.0145006432253406,0.8159820870700227,-0.0065200215306479,-8.007749218009537e-05,1.0773448429254795,1,Transition,0.9453
2015-06-02,dax,-0.0094224908435769,0.0144108361984387,0.0136246941089952,0.0173451736624999,0.9463064227560668,-0.0051641970879399,-0.0012683335129536,1.0576997973792714,1,Transition,0.8055
2015-06-03,dax,0.0079848002936074,0.0133573176784623,0.0136027867293547,0.0188140767530115,0.9356559516633975,-0.0060633949050601,0.0004041839301231,0.9819545027223924,1,Transition,0.9463
2015-06-04,dax,-0.0069437664719657,0.0134506138770521,0.0136195311313679,0.0231266879041992,1.1627260812438798,-0.0058561524125204,-4.209108034783477e-05,0.9875974251472784,1,Transition,0.9312
2015-06-05,dax,-0.0127298559880878,0.013681202336667,0.0137072256034972,0.0118057206589078,1.0141941206636085,-0.0038331225484912,-0.0009326446723029,0.9981014927759244,1,Transition,0.7905
2015-06-08,dax,-0.0118795801081583,0.0122963829770165,0.0137597910946988,0.0149480895686836,1.1033853947453915,-0.0065981786236362,-0.0028320211873402,0.8936460511928808,1,Transition,0.9856
2015-06-09,dax,-0.0057671942113007,0.0123138862176986,0.0133135323841744,0.018809672622733,1.1280566143100976,-0.005867119297181,-0.0029647945140358,0.9249150309902744,1,Transition,0.9124
2015-06-10,dax,0.0237226203831605,0.0131819242645891,0.0136961707822973,0.0319652135589864,1.129166221363722,-0.0027195552792704,-0.0009104936722862,0.9624532633330732,1,Transition,0.5015
2015-06-11,dax,0.0059642727711336,0.0130609593625519,0.0136695007572916,0.0190915509117934,1.0232293274591957,-0.0001379474306505,-8.234656100095019e-05,0.955481812719814,1,Transition,0.8031
2015-06-12,dax,-0.0120990780957471,0.012577920821486,0.0134078864087181,0.0264868332937061,0.9773706812433915,-1.1791852182401611e-05,-0.0015967480981518,0.9380987008741,1,Transition,0.9888
2015-06-15,dax,-0.0190724073149372,0.0130577804334992,0.0134797698159428,0.0125598640685261,0.8945720092374754,-0.0014503572935381,-0.0020601190825021,0.9686946151005916,1,Transition,0.9417
2015-06-16,dax,0.0053602283705553,0.0127147637435392,0.0135004624098802,0.0250353123768134,0.981465080500387,0.000775127222833,-0.0024311859158882,0.941802092218264,1,Transition,0.9913
2015-06-17,dax,-0.0059940186241004,0.0113398419326736,0.0135139630126597,0.0153042098897636,0.9274248479995242,-0.0051682005786191,-0.0038357343831581,0.839120391409287,1,Transition,0.9992
2015-06-18,dax,0.0110779576943274,0.0118039531653559,0.0135041185763479,0.0273514571986416,1.0949818921896874,-0.0041454635939804,-0.0032613302429224,0.8741002308755003,1,Transition,0.9867
2015-06-19,dax,-0.0054380539882855,0.0117616854245286,0.0134429568834171,0.0224970017855718,2.156127572012069,-0.002813258772488,-0.0036012128654793,0.8749329129395333,2,Stress/Bear,1.0
2015-06-22,dax,0.0373722769557227,0.0149041314899339,0.0142799833205682,0.0289429078410627,1.1794021912551975,0.0084756780816439,-0.0015232198415446,1.043707906049637,2,Stress/Bear,0.9205
2015-06-23,dax,0.0071330038786965,0.0146049366892489,0.0142418809932595,0.0102862534403773,0.8825694029155643,0.0088302331832721,-0.0003564889947539,1.0254921169585125,1,Transition,0.9158
2015-06-24,dax,-0.0061945877671917,0.0143355071393239,0.0142601405003877,0.0196054678089008,0.9428362580012838,0.0087901193546538,-0.0012902578520739,1.0052851259729298,1,Transition,0.9768
2015-06-25,dax,0.0001630130258677,0.0142508960864496,0.0142563376800283,0.0210788029265049,0.7580108014220099,0.0066071304209619,-0.0008831082540473,0.9996183035432534,1,Transition,0.9749
2015-06-26,dax,0.0016807610693602,0.0132840339246966,0.0140463428295658,0.0163924995462366,0.9595713206796624,0.0080308934324911,0.0003431800648323,0.945729011877408,1,Transition,0.9825
2015-06-29,dax,-0.0362580646504209,0.0155883766582459,0.0147294070297744,0.0402022275232335,1.3226571521997377,-0.0066951748887376,-0.001567008181067,1.0583166468775789,2,Stress/Bear,0.9963
2015-06-30,dax,-0.012550500898079,0.0156867217265635,0.0147898725866725,0.0218520405126891,1.305732838297868,-0.0106318758440927,-0.0017234086837921,1.060639409476669,1,Transition,0.7747
2015-07-01,dax,0.0212912244355467,0.016386712367202,0.0150790876615222,0.0272393725403604,1.1613480347604377,-0.005134713403545,-0.0010580874766951,1.086717760054971,1,Transition,0.6932
2015-07-02,dax,-0.0072846765944558,0.0163933328645059,0.0149845546082012,0.0135521383836714,0.7403662596049615,-0.0066242513276097,-0.0010751329828196,1.094015357355606,1,Transition,0.9914
2015-07-03,dax,-0.0036971287654303,0.0161783622084753,0.0149682970779099,0.0106181754855772,0.6370557547269147,-0.0076998292945679,-0.0006234966216868,1.080841870272016,1,Transition,0.9886
2015-07-06,dax,-0.0152866083353539,0.016320435541192,0.0149865609531329,0.0158760689221355,0.985244942224078,-0.0035055380315545,-0.0007938480330465,1.0890047151064493,1,Transition,0.9836
2015-07-07,dax,-0.0198314601953298,0.0168407120029802,0.0149563562805268,0.0264948678878659,1.0395137787167803,-0.0049617298910046,-0.001497061332248,1.1259902938329251,1,Transition,0.9389
2015-07-08,dax,0.0065832265076555,0.0158996074086046,0.0150016550498724,0.0139579027617311,0.9174883393514504,-0.0079033294765828,-0.0023540310260233,1.0598568861733566,1,Transition,0.9861
2015-07-09,dax,0.0229143280398389,0.0167929862745798,0.0153220965786017,0.0227865556976868,0.8180290156904545,-0.0018635285497239,-0.001506528262588,1.0959979392136374,1,Transition,0.9089
2015-07-10,dax,0.0286160753794204,0.0178743661270407,0.0158150376476338,0.0168360704760121,1.0147496658255766,0.0045991122792462,0.0005292294111703,1.1302133150290046,1,Transition,0.9019
2015-07-13,dax,0.0148028955407341,0.017520668846408,0.0157719987512319,0.0074153029696841,0.8848401017323014,0.0106170130544638,0.0022229945539539,1.1108718129361683,1,Transition,0.9603
2015-07-14,dax,0.0028277147267729,0.0175059473636577,0.0154190519909945,0.0091144925773994,0.6596962893111314,0.0151488480388844,0.0020963688717647,1.1353452452123556,1,Transition,0.7364
2015-07-15,dax,0.0019742556979617,0.017402497613991,0.0152507260831926,0.0078043520427005,0.6540965910130189,0.0142270538769456,0.0024947825878679,1.1410930547870657,1,Transition,0.7954
2015-07-16,dax,0.0152304639661601,0.0175345614516598,0.0153753104661589,0.0154001988004296,0.8537518936410439,0.0126902810622098,0.0027024079014595,1.1404362526697174,1,Transition,0.939
2015-07-17,dax,-0.003705819615601,0.0174964722595797,0.0153633575356784,0.0088439599109287,0.7428143678715958,0.0062259020632055,0.0027890196200937,1.1388443065877718,1,Transition,0.9745
2015-07-20,dax,0.005322703243997,0.0155181784658867,0.0152993657569511,0.0105865031944991,0.6886410142077287,0.0043298636038581,0.0011865409345074,1.014302077119518,1,Transition,0.859
2015-07-21,dax,-0.0112183702457427,0.0156896649662556,0.0153357175173138,0.0163389592887169,0.7249724723019432,0.001520646609355,0.0002689722282855,1.023079940572865,1,Transition,0.966
2015-07-22,dax,-0.0072759822792238,0.0157149550099233,0.0151462361097706,0.0089691032575111,0.7878676813658639,-0.0003294009860821,0.0002149025026839,1.037548529947039,1,Transition,0.9634
2015-07-23,dax,-0.0007432511928585,0.0157164190185382,0.0149536020187637,0.0139974030404971,0.7362883757115075,-0.0035241440178858,0.0001695892917475,1.0510122577033492,1,Transition,0.9557
2015-07-24,dax,-0.0144064890307001,0.0160432788794801,0.0144664103100589,0.0183416411433977,0.7863996199117869,-0.0056642779009056,-0.0006347732132554,1.1090020630981845,1,Transition,0.9887
2015-07-27,dax,-0.0259835851427666,0.014971225512987,0.0148432491954561,0.0221265185588734,1.0466014808870376,-0.0119255355782583,-0.0001210492378727,1.0086218533318223,1,Transition,0.9168
2015-07-28,dax,0.0105721294248175,0.0148532014510073,0.0147868346190863,0.0155827382494307,0.9243766790061078,-0.0075674356441463,0.0010350822782721,1.004488237924521,1,Transition,0.9862
2015-07-29,dax,0.0033896092737082,0.0140879631050697,0.0144310965500267,0.0116224864632093,0.910166794710352,-0.0054343173335599,0.0001400015201801,0.9762226353508544,1,Transition,0.954
2015-07-30,dax,0.0040322971765859,0.014001059753406,0.0144387079261834,0.0153341773570652,1.20704378710723,-0.0044792076596709,0.0007058502087322,0.9696892426237308,1,Transition,0.9092
2015-07-31,dax,0.0045944883357269,0.0139865754190048,0.0144358628537349,0.0120099416203542,1.0474604001423098,-0.0006790121863855,0.0011204310637901,0.9688769947953662,1,Transition,0.8151
2015-08-03,dax,0.0118430786628617,0.0136224365641401,0.0141099511001689,0.018536880004376,1.0022195416404662,0.0068863205747401,0.0024769154137009,0.9654488855015996,1,Transition,0.988
2015-08-04,dax,0.0010786637880907,0.0125829345627139,0.0141065859146058,0.0083877645380417,0.8783899701045326,0.0049876274473947,0.0035224216128719,0.8919900703745517,1,Transition,0.9691
2015-08-05,dax,0.0156097577586006,0.0128573875081419,0.0140733294236923,0.0135627575044452,0.9834081819638292,0.0074316571443732,0.0039737481754192,0.9135995556599876,1,Transition,0.9939
2015-08-06,dax,-0.0044097495907951,0.0121723220667419,0.0140151292122026,0.0081907474427938,0.9074439191136384,0.0057432477908969,0.0026075442938875,0.8685130106502205,1,Transition,0.9857
2015-08-07,dax,-0.0081704232025314,0.0107292066603858,0.0138583912634184,0.0085329589405954,0.8330295942923185,0.0031902654832453,0.0007682193647899,0.7742028967465681,1,Transition,0.9997
2015-08-10,dax,0.0098677729850182,0.0104423570757601,0.0138576025320651,0.0160744137042798,0.8391736210158144,0.0027952043476766,0.0005214632370041,0.7535471631256238,1,Transition,0.9998
2015-08-11,dax,-0.0271764503109015,0.0121149249571902,0.0142000035427138,0.0249954646459423,1.177443945375732,-0.0028558184721218,-0.0009787450148796,0.8531635165264848,1,Transition,0.9769
2015-08-12,dax,-0.0332225808675771,0.0140631294707739,0.0145046939507538,0.0238690220734238,1.5725927175184904,-0.0126222861973574,-0.0027385868431565,0.9695571322304988,2,Stress/Bear,0.9916
2015-08-13,dax,0.0082063039077965,0.0136730574586041,0.0145568171034636,0.0157154267748123,1.157194496033186,-0.010099075497639,-0.0030897948460747,0.939288950422466,1,Transition,0.9673
2015-08-14,dax,-0.002680960088845,0.0136725476922671,0.0145540447483465,0.0165569021999979,0.902302563554778,-0.0090011828749017,-0.0030385518697369,0.9394328469287212,1,Transition,0.9944
2015-08-17,dax,-0.0040874501899725,0.0135308511008921,0.0145537118443687,0.0269717710542397,0.9221879935462152,-0.0117922275098999,-0.0035090595414354,0.929718222099307,1,Transition,0.9866
2015-08-18,dax,-0.0022337012432946,0.01341003464059,0.0144221333638263,0.0085132254693233,0.7874989034462384,-0.0068036776963785,-0.003059826091313,0.9298232308838013,1,Transition,0.9976
2015-08-19,dax,-0.0216481062692585,0.0140191069648541,0.0145519088778199,0.0156784435776606,1.0592764067703169,-0.0044887827767148,-0.0037784322908147,0.9633861153585216,1,Transition,0.9866
2015-08-20,dax,-0.0236779013039306,0.0146801844167197,0.0148071127433417,0.0243054967239603,1.3882452077635528,-0.0108656238190602,-0.0049251647963683,0.9914278813957764,2,Stress/Bear,0.5752
2015-08-21,dax,-0.0299361012343048,0.0155905529174685,0.0150042740862414,0.0308914157577693,1.874805770627367,-0.0163166520481522,-0.0057016454065485,1.039074121670749,2,Stress/Bear,1.0
2015-08-24,dax,-0.0481649827374031,0.0177488601309657,0.0161332259684999,0.0619095642992423,3.1143661092095685,-0.0251321585576383,-0.0068107152862803,1.10014327981399,2,Stress/Bear,1.0
2015-08-25,dax,0.0485205498178366,0.0213649986269708,0.0174153537065613,0.0431432443416597,2.1022321217901294,-0.014981308345412,-0.0049132942666294,1.2267909677264512,2,Stress/Bear,1.0
2015-08-26,dax,-0.0129876965375175,0.0213438603495849,0.017424729466951,0.0306949012675914,1.3274193114905777,-0.0132492263990639,-0.0057321595571907,1.2249177463596872,2,Stress/Bear,0.9957
2015-08-27,dax,0.0313312340120444,0.0228228141257751,0.0179416931318572,0.0155986896010156,1.028785502588308,-0.0022473993358688,-0.0043672127154178,1.272054647130882,2,Stress/Bear,0.9959
2015-08-28,dax,-0.0016580695630364,0.0227362551823827,0.0178818981751419,0.0146476832489466,0.7498344990350916,0.0034082069983847,-0.0046798406103559,1.2714676573871202,2,Stress/Bear,0.7699
2015-08-31,dax,-0.0038009901837363,0.0224045782056743,0.0178319547601041,0.0137774902298155,0.7453689514334563,0.0122810055091181,-0.0054620440526858,1.256428614085577,2,Stress/Bear,0.9927
2015-09-01,dax,-0.0240592896434419,0.0227212145434701,0.0180651676410046,0.0190583138909494,1.1113065181134842,-0.0022349623831375,-0.0067189417242625,1.2577361580579614,2,Stress/Bear,0.9963
2015-09-02,dax,0.003237653062578,0.0222447246575338,0.0177703303663258,0.0159254317365494,0.8529851843371391,0.0010101075368815,-0.0073375469590636,1.251790158031437,2,Stress/Bear,0.8575
2015-09-03,dax,0.0264958542871127,0.023497028873324,0.0181187186091975,0.0227402136848079,1.073130493979915,4.303159189521164e-05,-0.0057922667651682,1.2968372311602865,2,Stress/Bear,0.997
2015-09-04,dax,-0.0274925407035825,0.0239919679556656,0.0183775607502108,0.0219176019191837,1.2004055771976108,-0.0051238626362139,-0.0067583726402208,1.305503395241958,2,Stress/Bear,0.9998
2015-09-07,dax,0.0070056907488139,0.0238959225196282,0.0182706945476718,0.0128040016937138,0.4910585936764525,-0.0029625264497039,-0.006901476752031,1.307882546954036,2,Stress/Bear,0.976
2015-09-08,dax,0.0159719032154481,0.0239168681785575,0.0183880856546184,0.0168867792946349,0.8637654672392233,0.005043712122074,-0.0047440590757135,1.3006720018486833,2,Stress/Bear,0.9796
2015-09-09,dax,0.0030872994241128,0.0230019434969523,0.018385404956305,0.0205210326248448,0.8784687695645514,0.005013641394381,-0.002928565061129,1.2510980069037951,2,Stress/Bear,0.8384
2015-09-10,dax,-0.009036005026106,0.0228854692386662,0.0183437099144654,0.0165673711545445,0.9118790302550948,-0.0020927304682627,-0.0037906805078241,1.2475921907497702,2,Stress/Bear,0.832
2015-09-11,dax,-0.0085454301245272,0.0229080609890401,0.0183597042686625,0.0162363955134435,0.722328342841817,0.0016966916475483,-0.0040839040096082,1.247735837888251,2,Stress/Bear,0.8131
2015-09-14,dax,0.0008077554601693,0.0229341575581617,0.0176422523481934,0.0138673117105106,0.6706201132731806,0.0004571045898194,-0.0038391437271011,1.299956326750429,2,Stress/Bear,0.6128
2015-09-15,dax,0.0055502119716763,0.0230286882465415,0.0176294613822335,0.0171474252215042,1.1865666370913244,-0.0016272336589349,-0.0034499480663526,1.3062615894634824,2,Stress/Bear,0.9594
2015-09-16,dax,0.0038285060311159,0.0226709171547664,0.0176373007106482,0.0158635869405899,1.0043096487143253,-0.0014789923375343,-0.0021761174513339,1.2853960777047486,2,Stress/Bear,0.6848
2015-09-17,dax,0.0002317193649227,0.0221006390469535,0.0176374400248367,0.0063306377319908,0.9829447714592824,0.0003745525406714,-0.0009806364178912,1.2530525414023703,2,Stress/Bear,0.9067
2015-09-18,dax,-0.0311177657010181,0.0221835459193219,0.0180281386817761,0.0321737481076698,2.2155673563803675,-0.0041399145746267,-0.0010397196412269,1.2304956330154213,2,Stress/Bear,1.0
2015-09-21,dax,0.0032570023161168,0.0192155979019941,0.0174861022184874,0.0216625173721645,0.9854796596434428,-0.0036500652034372,0.001531379611449,1.098906872549225,1,Transition,0.9133
2015-09-22,dax,-0.0387205827244856,0.0178402744354873,0.0180752651327685,0.0434494420406768,1.3252845656064598,-0.0125042241426696,-0.002830677015667,0.9869993222475536,2,Stress/Bear,0.9999
2015-09-23,dax,0.0043746457599397,0.0177421762312105,0.0178323587889961,0.0228449274701236,1.0043856667231712,-0.0123949961969049,-0.0019625599007941,0.994942757777997,1,Transition,0.8167
2015-09-24,dax,-0.0194310677681055,0.0163010219583831,0.0179559036640428,0.0366380312708756,1.328779217967262,-0.0163275536235105,-0.0045006749898016,0.9078363452699044,2,Stress/Bear,0.9709
2015-09-25,dax,0.0272969769092068,0.0177850225955109,0.018368428031754,0.0165597307947592,1.0320183285084363,-0.0046446051014655,-0.0030529226661894,0.9682386845932296,1,Transition,0.6568
2015-09-28,dax,-0.0213840416825283,0.0182523908745557,0.018458679514569,0.0208623999925858,0.8742694347138052,-0.0095728139011945,-0.003932075241129,0.988824301334748,1,Transition,0.9288
2015-09-29,dax,-0.003501588162141,0.0176274237379872,0.0183157257211418,0.0223884776707336,0.955882492168167,-0.0025290149887256,-0.002904190167064,0.9624201632174396,1,Transition,0.9852
2015-09-30,dax,0.0219821303340416,0.0184502663274883,0.0185449683852513,0.0140355757832033,0.923857590000637,0.0009924819260946,-0.0019669663034908,0.9948933826256476,1,Transition,0.9264
2015-10-01,dax,-0.0157742312264132,0.017409925520205,0.0183434075393601,0.0333264116189499,0.9435838401920916,0.0017238492344331,-0.0040804705791671,0.9491107627003238,2,Stress/Bear,0.7309
2015-10-02,dax,0.0045975924200782,0.0165985090381101,0.0179115842132671,0.0283887992489325,1.0400186715654076,-0.0028160276633925,-0.0024759639229841,0.926691287631364,1,Transition,0.9587
2015-10-05,dax,0.0270278341426647,0.0177633975489449,0.0181829459513267,0.021151711707409,0.970069763275944,0.006866347501646,-0.0014748567532915,0.9769262690707604,1,Transition,0.8216
2015-10-06,dax,0.0089301471090077,0.0174666944914116,0.0182309285800592,0.0229742168481271,0.7917133200926689,0.0093526945558758,-0.0018269445586136,0.9580803531048088,1,Transition,0.831
2015-10-07,dax,0.0068001599427167,0.0175412458060896,0.0182616967700898,0.0161156705051769,0.9434958031993872,0.0063163004776108,-0.0016413015326834,0.9605485200487932,1,Transition,0.9845
2015-10-08,dax,0.0022711413217235,0.0174724501574249,0.0181253333397351,0.0116450813962488,0.8217145698698439,0.0099253749872382,-0.0010759442152919,0.9639795213653332,1,Transition,0.9684
2015-10-09,dax,0.0103068107910279,0.0175565961782834,0.0182016419492375,0.0096557492766651,0.8282798067369154,0.0110672186614281,-0.0001333321695141,0.964561121861802,1,Transition,0.9644
2015-10-12,dax,0.0022981781979941,0.0175639625770057,0.0181840189622126,0.0127966575525736,0.8185529481744286,0.006121287472494,-5.881103262293397e-05,0.9659010262530284,1,Transition,0.9901
2015-10-13,dax,-0.0086351228843084,0.0176118883986872,0.0181660012989323,0.0167351138957219,0.8078950419114023,0.0026082334738308,-0.0007680777754221,0.9694972552777672,1,Transition,0.9888
2015-10-14,dax,-0.0117273025377733,0.0177412254250673,0.0181952101589754,0.0147007582360547,0.7886811675838237,-0.0010972590222672,-0.0015458682038666,0.9750492173521764,1,Transition,0.9897
2015-10-15,dax,0.0149097210521198,0.0181182155006017,0.0183325253611116,0.0130236150413992,0.7392059668135232,0.001430456923812,-0.0008119681195067,0.9883098560461032,1,Transition,0.9825
2015-10-16,dax,0.0039297419693471,0.0166697819633684,0.018279014108836,0.0107140896590062,0.8738686543301917,0.0001550431594758,0.0009404072640114,0.911962858834398,1,Transition,0.9962
2015-10-19,dax,0.0059086119032622,0.0166996940981289,0.0180298100787221,0.011847329229987,0.6078530018560921,0.0008771299005294,0.0010729877433687,0.9262268446098072,1,Transition,0.9949
2015-10-20,dax,-0.0016374453843128,0.0138673720044012,0.0179611432302168,0.0112675850313687,0.623729711682529,0.0022766654005286,0.0029271446103773,0.7720762440706741,1,Transition,0.999
2015-10-21,dax,0.00887094022878,0.0139283858841885,0.0180008768285355,0.016572403898047,0.6835722171410655,0.0063963139538392,0.0031519593338194,0.7737615237780452,1,Transition,0.9969
2015-10-22,dax,0.0244941592511957,0.0136401571206233,0.0182990958392361,0.0298809254883082,1.0728810826819166,0.0083132015936544,0.0053482206847844,0.7454006056067892,1,Transition,0.5378
2015-10-23,dax,0.0284302777394951,0.0137381395330658,0.0186811739065424,0.024133475320142,1.1649835362647574,0.013213308747684,0.0054048857262988,0.7354002270839355,1,Transition,0.8667
2015-10-26,dax,0.0006297316848501,0.012283746711729,0.0186087410894907,0.0098376467329176,0.7419421762039436,0.0121575327040016,0.0065055743946678,0.6601062722435463,1,Transition,0.9967
2015-10-27,dax,-0.0101565774405258,0.0126536613996154,0.0186443441194506,0.0107760638309046,0.8386500743225636,0.010453706292759,0.0061728249307485,0.6786863253835006,1,Transition,0.9959
2015-10-28,dax,0.0129874111933153,0.0122144155330809,0.0186074271019084,0.0144738601326892,0.8131961302993685,0.0112770004856661,0.0057230889737122,0.6564268915947101,1,Transition,0.9978
2015-10-29,dax,-0.0028771253777386,0.0113280256411887,0.0186039891777577,0.0135027296416113,1.2780262195211107,0.0058027435598792,0.0063679442661459,0.6089030440166098,1,Transition,0.9981
2015-10-30,dax,0.0045540563104233,0.0113283879159452,0.0185953395710411,0.0093897300968998,0.9478609481091632,0.0010274992740648,0.0063657674606632,0.60920575677936,1,Transition,0.9995
2015-11-02,dax,0.0092226837436209,0.010269281952934,0.0185891607439416,0.0212598472945879,1.0013183507685477,0.002746089685819,0.005475509940711,0.5524338669394153,1,Transition,0.9991
2015-11-03,dax,4.3874777824122115e-05,0.0103041247120017,0.0182680564084118,0.0080667181619225,0.8893017081791372,0.0047861801294889,0.0050311963241518,0.5640515050773023,1,Transition,0.9999
2015-11-04,dax,-0.0097182135901508,0.0108047206127131,0.0178007881897543,0.0152297153687272,1.0545176370590734,0.0002450551727957,0.0042052776475084,0.6069798987289843,1,Transition,0.9997
2015-11-05,dax,0.0039111114315165,0.0107954886732591,0.0177753483146765,0.0164974653436715,1.011823399981224,0.0016027025346467,0.0042872761529981,0.6073292338437954,1,Transition,0.9998
2015-11-06,dax,0.0091691162753334,0.0107650550307242,0.0178130304043936,0.019290966741775,0.9915914955310068,0.0025257145276288,0.0042303914272134,0.6043359712712885,1,Transition,0.9996
2015-11-09,dax,-0.0158308378909033,0.0116621930749915,0.0179229290684789,0.0174112536671488,0.8274309985446477,-0.002484989799276,0.0033239406227685,0.6506856680865728,1,Transition,0.9994
2015-11-10,dax,0.0015769921789976,0.0113298545148944,0.0179223208614143,0.0124264142438584,0.885078086119028,-0.0021783663190413,0.0038345463759338,0.6321644725871935,1,Transition,0.9998
2015-11-11,dax,0.0069318801436496,0.0107335199092019,0.0177193129054738,0.0138304132650781,0.920441252530181,0.0011516524277187,0.0047675055100049,0.6057526026241199,1,Transition,0.9998
2015-11-12,dax,-0.0115480626251031,0.0110436765779206,0.0175084855003113,0.0206295154433585,1.08104787127101,-0.0019401823836051,0.0034446163261438,0.6307613858277025,1,Transition,0.9993
2015-11-13,dax,-0.006907978484958,0.0112819397314968,0.0170759156169169,0.019080376624587,0.955876639158831,-0.0051556013356634,0.0029027303034285,0.6606931062788797,1,Transition,0.9996
2015-11-16,dax,0.0004509533600462,0.0112714070063347,0.0158133778415578,0.0144513191377338,0.732452730881839,-0.0018992430854735,0.0026298473762677,0.7127766830887496,1,Transition,0.9998
2015-11-17,dax,0.0237796073177254,0.0121626021536694,0.0148672482776413,0.0171478622029143,0.8507200331170977,0.002541279942272,0.0039007000113697,0.8180802477053318,1,Transition,0.9954
2015-11-18,dax,-0.0010113400787393,0.0121507868678377,0.0147516772209564,0.0102144802957572,0.7126422671937644,0.0009526358977942,0.0034065859959937,0.8236884989983437,1,Transition,0.9994
2015-11-19,dax,0.0113848370349197,0.0112754153524681,0.0142861552904645,0.0094908237164615,0.8876280260241424,0.0055392158297988,0.0027511198851799,0.7892547101174311,1,Transition,0.9997
2015-11-20,dax,0.0030974336403776,0.0095260804654367,0.0142832239843572,0.0103374057431534,0.921612163317142,0.0075402982548659,0.001484477680224,0.666941894621934,1,Transition,0.9999
2015-11-23,dax,-0.00247797126528,0.0095660185076719,0.0142762684490688,0.0068831120237883,0.729028827816746,0.0069545133298007,0.0013290925327175,0.6700643478230383,1,Transition,0.9999
2015-11-24,dax,-0.0143757293667897,0.0098741988234767,0.014037452290754,0.0179037809096954,1.0258795463314692,-0.0006765540071023,0.0011181349364043,0.7034181572948672,1,Transition,0.9998
2015-11-25,dax,0.0213141266640977,0.0105531933285893,0.0142682845370077,0.0237225280213723,1.0201271919452228,0.003788539341465,0.0015344707099434,0.7396259375972951,1,Transition,0.9954
2015-11-26,dax,0.0134486162633604,0.0108219710516241,0.0139815064937095,0.0167665763666546,1.066055581614086,0.0042012951871532,0.0023507577919984,0.7740203858928292,1,Transition,0.9996
2015-11-27,dax,-0.0023887102060294,0.0108588649780031,0.0134638289808002,0.0094627581430218,0.78169611098444,0.0031040664178717,0.0020036194661757,0.8065213093161113,1,Transition,0.99
2015-11-30,dax,0.0078030684534228,0.0108137387704977,0.0134692817369972,0.0155944830397985,1.1720795445082437,0.0051602743616123,0.0019326387016658,0.802844500668118,1,Transition,0.9988
2015-12-01,dax,-0.0106866467095421,0.0111726256356534,0.0134394929070529,0.0172636541094791,1.3421686534096398,0.0058980908930618,0.0013961126272975,0.8313279163821804,1,Transition,0.9921
2015-12-02,dax,-0.0063444940524409,0.0110204196921259,0.0134761202520505,0.0126684109200267,1.0593036416740478,0.0003663667497541,0.001564798604183,0.8177739205354032,1,Transition,0.9856
2015-12-03,dax,-0.0364729048184644,0.0138931289586709,0.014277124486472,0.0498802427403893,1.8595058049274364,-0.0096179374666108,-0.0004544022083159,0.9731041409518468,2,Stress/Bear,1.0
2015-12-04,dax,-0.0034483149211954,0.0137185104297465,0.014234956950535,0.016931649432569,1.2863033618377484,-0.009829858409644,-0.0010852737681424,0.963719839646648,1,Transition,0.9116
2015-12-07,dax,0.0123847651215253,0.0135723350850044,0.0143105135798221,0.0170888056324746,0.8312831881825757,-0.0089135190760235,0.000325506382479,0.9484170508137086,1,Transition,0.9905
2015-12-08,dax,-0.0197124467483863,0.0142851572804504,0.0145498959256601,0.0261635976470127,1.044100087470518,-0.0107186790837923,-0.0007389655638901,0.9818047739611084,1,Transition,0.9656
2015-12-09,dax,-0.0076280847953472,0.0142446058358982,0.0145842893820726,0.015592193393204,1.0156952221728293,-0.0109753972323736,-0.00146696381084,0.9767089408831956,1,Transition,0.987
2015-12-10,dax,0.0006077415620983,0.0140498263396117,0.0145842158382003,0.0153543105399056,0.8983030425263686,-0.003559267956261,-0.0008591736014799,0.9633583660227474,1,Transition,0.8813
2015-12-11,dax,-0.0247273929267918,0.014987331597723,0.0143704937267433,0.0291855449560412,1.2011518984362164,-0.0078150835573803,-0.0017501443235716,1.0429239163739894,1,Transition,0.8161
2015-12-14,dax,-0.0196027383387648,0.0154945573033394,0.0146026471863821,0.0321224261472274,1.0920110363468072,-0.0142125842494383,-0.0027528289085122,1.0610786596137902,1,Transition,0.6238
2015-12-15,dax,0.0302154382953333,0.0161284486949533,0.0141851124446708,0.0234699153523968,1.1263066918473423,-0.0042270072406944,-0.0024310373596318,1.1369982971839376,1,Transition,0.5221
2015-12-16,dax,0.0018049916973393,0.0161537711164616,0.0141800588610737,0.0142101289470792,0.9221760114039214,-0.0023403919421571,-0.0022902207708278,1.1391892850886551,1,Transition,0.9751
2015-12-17,dax,0.0253567162468958,0.0170533641601781,0.014242386286484,0.0161322900898385,1.237460637481313,0.0026094029948023,-0.001591626810229,1.1973670575387876,1,Transition,0.7988
2015-12-18,dax,-0.0121736533176463,0.017173815820149,0.0139710585918083,0.0181746176188486,1.9852029668610525,0.0051201509166314,-0.0023551811581302,1.229242273038529,2,Stress/Bear,1.0
2015-12-21,dax,-0.0104635757961971,0.017269385048134,0.0137369041040704,0.0284118203680915,0.793044514895001,0.006947983425145,-0.0027544613846761,1.2571526245871418,2,Stress/Bear,0.7195
2015-12-22,dax,-0.0008595548005849,0.0170537910457018,0.0137241978895269,0.0212961618102729,0.6242189641236541,0.0007329848059613,-0.0020786526563659,1.2426074866434054,1,Transition,0.934
2015-12-23,dax,0.0225203013955512,0.0171427714777318,0.0137378222643602,0.0138008719626934,0.7277256245541665,0.0048760467456037,-0.0020183439197932,1.2478521812154322,1,Transition,0.913
2015-12-28,dax,-0.006896580004033,0.0167763800816652,0.0135929647930801,0.0120810067899806,0.3701894602039704,-0.001574612504582,-0.0030356037331629,1.23419580180225,1,Transition,0.8397
2015-12-29,dax,0.0191721978015987,0.0174973922633174,0.0137711492430069,0.011833159589572,0.562011511420583,0.0046945577192669,-0.0019575583327814,1.2705833009690726,1,Transition,0.8356
2015-12-30,dax,-0.0108438846891128,0.0174466517706019,0.0134757124579077,0.010650639287429,0.3835125609905205,0.0046184959406838,-0.0028899059899082,1.2946737936934865,2,Stress/Bear,0.6099
2016-01-04,dax,-0.0437204125207692,0.0196483655616256,0.0146473878841428,0.0230788596236573,1.2984552847774635,-0.003953675603353,-0.0045415942804696,1.3414245404736451,2,Stress/Bear,0.9964
2016-01-05,dax,0.0025890832298949,0.0197066817277238,0.0146273900772881,0.0204401744269641,0.9210958239742078,-0.0079399192364842,-0.0040949154163528,1.3472452449546894,1,Transition,0.9255
2016-01-06,dax,-0.0093627189878101,0.0182401815514883,0.0146813099937745,0.0190424542859863,1.0198045606718429,-0.0084331470332397,-0.0027394061248201,1.2424083109220418,1,Transition,0.9482
2016-01-07,dax,-0.0231932194185325,0.0188061343596149,0.0149316650257952,0.0335676401060496,1.4300661953915943,-0.0169062304772659,-0.0037266513496869,1.259480059800855,2,Stress/Bear,0.9962
2016-01-08,dax,-0.0131635890100215,0.018519669818076,0.0150210825075698,0.0277297891554438,1.085558452950624,-0.0173701713414476,-0.0050040690562643,1.232911796386382,2,Stress/Bear,0.6789
2016-01-11,dax,-0.0024671177806407,0.0181974765632361,0.0149851902733625,0.0168620572848953,1.0177477598246547,-0.0091195123934219,-0.004141802607877,1.2143640642043525,1,Transition,0.9259
2016-01-12,dax,0.0161896850235556,0.0187289050878162,0.0150591254339094,0.0260228770826242,1.0897186528091565,-0.0063993920346898,-0.0029509141169318,1.2436914195324609,1,Transition,0.7174
2016-01-13,dax,-0.0024535506694947,0.0187107914185071,0.0149363626362625,0.0235900448459773,1.0148800682689063,-0.0050175583710267,-0.0031039787285115,1.2527006657618922,1,Transition,0.9629
2016-01-14,dax,-0.0168830548933384,0.0183116224395978,0.0150804515613374,0.027516284599633,1.4597563131002402,-0.0037555254659879,-0.0027117618268388,1.2142622099290703,2,Stress/Bear,0.7884
2016-01-15,dax,-0.0257446989481546,0.0186580302056429,0.015401990872675,0.0391639101338236,1.4776906698519658,-0.0062717474536145,-0.0030188598573083,1.211403795774513,2,Stress/Bear,0.9964
2016-01-18,dax,-0.0024565780997225,0.0169468896171931,0.0154028858675605,0.0210032968991753,0.9550375281056648,-0.0062696395174309,-0.0046524606770611,1.1002411991433634,1,Transition,0.9856
2016-01-19,dax,0.0148402504157259,0.0174514597222903,0.0154871714744547,0.0133988456724235,1.0656222429585678,-0.0065395264389968,-0.0040006977411418,1.126833247186263,1,Transition,0.8235
2016-01-20,dax,-0.0286094726233256,0.0168345385105707,0.0155251147758743,0.0187272818587925,1.4155847454745314,-0.011770710829763,-0.0066990071846529,1.0843422901279418,2,Stress/Bear,0.9905
2016-01-21,dax,0.0192479246552703,0.0177386550755874,0.0152646752252341,0.0321270836010828,1.552362032830399,-0.0045445149200413,-0.005127928286007,1.162072223211374,2,Stress/Bear,0.9914
2016-01-22,dax,0.0197244443869538,0.0185275658907938,0.0155173768374982,0.0135915370342757,1.306950791498803,0.0045493137469803,-0.0036185272768495,1.193988267786431,2,Stress/Bear,0.6634
2016-01-25,dax,-0.0029464610402187,0.018517083497672,0.0154785000738382,0.0122009248313259,0.9516531522139112,0.0044513371588811,-0.0037228725888312,1.1963099401969546,1,Transition,0.9318
2016-01-26,dax,0.008855321469967,0.0177333100854137,0.0154217608459056,0.030901737198086,1.121584731478002,0.0032543513697293,-0.0044061215851104,1.149888800805896,1,Transition,0.5736
2016-01-27,dax,0.0058944119986644,0.0178688991506659,0.0154512853068341,0.0154016224614447,0.882684030216479,0.0101551282941273,-0.0037665719849755,1.1564668437494,1,Transition,0.8687
2016-01-28,dax,-0.0247169755056964,0.0175964602480403,0.015717223273011,0.0321881198751081,1.096681232428294,0.001362148261934,-0.0059610306503403,1.1195654564668691,2,Stress/Bear,0.9015
2016-01-29,dax,0.0163109854265297,0.0182358870304667,0.015829033440231,0.0144945837670987,1.0512669683075235,0.0006794564698492,-0.0046032871445581,1.1520530990931148,1,Transition,0.8826
2016-02-01,dax,-0.0041143941084455,0.0157447762831954,0.0158296883450701,0.0193197224718924,0.8421935428322627,0.0004458698562038,-0.0026229862239419,0.9946358980654774,1,Transition,0.9891
2016-02-02,dax,-0.018289002039905,0.0160697906927668,0.0159395161626371,0.0200667924780233,0.9694850308228268,-0.0049829948457705,-0.0036668904874319,1.008173054238308,1,Transition,0.9872
2016-02-03,dax,-0.0153790158075467,0.0162374597947147,0.0160113010050914,0.0239771102225217,1.107159717928352,-0.0092376804070128,-0.0039677053284188,1.0141249477198218,1,Transition,0.958
2016-02-04,dax,-0.0044040397411557,0.0155975120201532,0.0159409893262096,0.0287256176731382,1.1809403507978924,-0.0051750932541046,-0.0030282463445499,0.9784532001729858,1,Transition,0.9537
2016-02-05,dax,-0.0114703858803059,0.0155441077773954,0.0158895669109124,0.0235693178113596,1.171823627058111,-0.0107313675154717,-0.0029435861880641,0.9782587445300528,1,Transition,0.9517
2016-02-08,dax,-0.0336040587987679,0.0169862615525181,0.0163766934154558,0.0444952699142401,1.307073942127973,-0.0166293004535362,-0.0045004332389705,1.0372216858188834,2,Stress/Bear,0.9998
2016-02-09,dax,-0.011194618292862,0.0163213851732412,0.0163551660535474,0.0302971480029817,1.3186756511686524,-0.0152104237041276,-0.0058696484047914,0.9979345437279225,2,Stress/Bear,0.8041
2016-02-10,dax,0.0154098186593363,0.0169931188273061,0.0164980097355178,0.0280671734693711,1.109281437368487,-0.009052656810751,-0.0049764799383498,1.0300102315203754,1,Transition,0.5816
2016-02-11,dax,-0.0297621898275815,0.0176974975094185,0.0168503041359432,0.0228816686133867,1.2372667037946887,-0.0141242868280362,-0.005620436685062,1.0502776309935071,2,Stress/Bear,0.9008
2016-02-12,dax,0.0242263594479108,0.0182263789713383,0.0172170254965731,0.0169211116955415,1.2827756005827466,-0.0069849377623928,-0.0031218837652587,1.0586253110309929,2,Stress/Bear,0.9311
2016-02-15,dax,0.0263386496760767,0.0193823564093691,0.0172874257886676,0.0124581503815734,1.0022814964104092,0.005003603932576,-0.0016821223764687,1.1211823348548977,1,Transition,0.6869
2016-02-16,dax,-0.0078213992612592,0.0190247255451483,0.0172970226693488,0.0207845481135894,0.8344169790555941,0.0056782477388966,-0.002815204860318,1.0998844083647497,1,Transition,0.8609
2016-02-17,dax,0.0261570034029101,0.0190579997247981,0.0176080913977168,0.0254319216209762,1.0161238847419574,0.0078276846876114,-7.688105900626775e-05,1.0823432985626869,2,Stress/Bear,0.5763
2016-02-18,dax,0.0091747766762479,0.0186491305796263,0.0176599309207306,0.0213363916395884,0.9874431827789304,0.0156150779883773,-0.0005805384579573,1.0560137898237432,2,Stress/Bear,0.6449
2016-02-19,dax,-0.0080194668013954,0.0180825162028618,0.0176732999668825,0.0165018214749614,0.8823063045116224,0.009165912738516,-0.0019677340173748,1.0231544893566065,1,Transition,0.8819
2016-02-22,dax,0.019570666298294,0.0187085178780911,0.017838393229589,0.0108381252297682,0.7542647377244046,0.0078123160629595,-0.0008418776504492,1.0487781964049765,1,Transition,0.9211
2016-02-23,dax,-0.0165161568792894,0.0188758073310556,0.0176603450745738,0.0137945810603009,0.7295452782110818,0.0060733645393534,-0.002110451567912,1.0688243775163688,1,Transition,0.7997
2016-02-24,dax,-0.0267947691157212,0.0195494440755104,0.0177947331133065,0.0316476858808753,0.8262163689380061,-0.0045169899643728,-0.0037449106236313,1.0986084450399372,2,Stress/Bear,0.8505
2016-02-25,dax,0.0176963571722716,0.0194549282477868,0.0180039810332042,0.020599060053356,0.8053268406643037,-0.002812673865168,-0.0016242439897329,1.0805903545391828,1,Transition,0.8468
2016-02-26,dax,0.01929711839594,0.0196106516837383,0.0181830939966394,0.0147740329405204,0.8088247053432818,0.002650643174299,-0.0014749373412623,1.078510163746764,1,Transition,0.8924
2016-02-29,dax,-0.0018832870389885,0.0196011904247371,0.0181554275158586,0.0174979867925362,0.7688916642978456,-0.0016401474931574,-0.0013633819877895,1.079632545563339,1,Transition,0.962
2016-03-01,dax,0.0230858988382388,0.0199018952455035,0.0184543157997115,0.0255146239758674,0.818826158580245,0.0062802636503481,0.0007053630561176,1.0784412416858435,2,Stress/Bear,0.7219
2016-03-02,dax,0.0061004222376878,0.0195649449675779,0.0179312038670915,0.0144354471300762,0.882401763218596,0.0128593019210299,0.0017793349583793,1.091111623770268,1,Transition,0.7921
2016-03-03,dax,-0.0025296523380406,0.0195382377357321,0.0179300280424902,0.0101354240541175,0.7211448619971385,0.0088141000189675,0.0018730543285351,1.0896936518688545,1,Transition,0.8692
2016-03-04,dax,0.0073814871743673,0.0193140768441166,0.0178753080730983,0.0159148902330528,0.8046063807427895,0.0064309737746529,0.0028156479812688,1.0804891733968816,1,Transition,0.9457
2016-03-07,dax,-0.0046156287110777,0.017433256331167,0.0177232242112074,0.0116301550767234,0.6957291795896923,0.0058845054402351,0.0042650694856533,0.9836391010695972,1,Transition,0.9752
2016-03-08,dax,-0.0088446016756537,0.0173311941197287,0.0177310952632151,0.0172663238979238,0.8774891523176035,-0.0005015946625433,0.0043825703165137,0.9774463372087312,1,Transition,0.9752
2016-03-09,dax,0.0031180156407627,0.0171364185506835,0.0177390631443362,0.0164309667186397,0.9401269488920948,-0.0010980759819284,0.003767980165585,0.9660272592329602,1,Transition,0.986
2016-03-10,dax,-0.0234063691898923,0.0165300891748859,0.0177104633967988,0.052398565263426,1.6357065803121007,-0.0052734193522987,0.0040857711974695,0.933351590217212,2,Stress/Bear,1.0
2016-03-11,dax,0.034456785926933,0.0173253013550008,0.0181394344028997,0.0194393069606997,1.1175519288976807,0.0001416403982144,0.0045972925214206,0.9551180577180118,2,Stress/Bear,0.6872
2016-03-14,dax,0.0160567250333952,0.0167905069633544,0.0178222111695345,0.0103651740474559,0.8737068819100847,0.0042761111471089,0.0040831962892865,0.9421113241019292,1,Transition,0.9879
2016-03-15,dax,-0.0056625172966695,0.0167167232012439,0.0178301354084367,0.0084015728261816,0.7552528647950763,0.0049125280229058,0.004191140387516,0.937554472712197,1,Transition,0.9868
2016-03-16,dax,0.0049766533898059,0.0159030208790077,0.0175132539077525,0.0103952729391298,0.922468798459741,0.0052842555727144,0.0031321228868608,0.9080563191040156,1,Transition,0.9965
2016-03-17,dax,-0.0091781434234609,0.0160646766745328,0.017485731344048,0.0305543755718999,1.1346455103656845,0.0081299007260007,0.0022144768818753,0.9187306128891805,1,Transition,0.5696
2016-03-18,dax,0.0059063427635221,0.0158986969976888,0.0174658797412606,0.013964800842897,1.9726984925635136,0.0024198120933185,0.0029107673601212,0.9102717545987976,2,Stress/Bear,1.0
2016-03-21,dax,-0.000217107247023,0.0154157409745533,0.0174660967886715,0.0232825683709308,0.7500460025909648,-0.000834954362765,0.0019213786828553,0.8826093866920492,1,Transition,0.9898
2016-03-22,dax,0.0041487695868209,0.0147949545443836,0.0172080270929862,0.0227657344844844,0.7785169801693368,0.001127303013933,0.0029546250061609,0.859770528279436,1,Transition,0.9907
2016-03-23,dax,0.003290844242426,0.0130358863095528,0.0172009972549637,0.0147202508311021,0.8012450236254773,0.000790141184457,0.0044589056740682,0.7578564263645261,1,Transition,0.9992
2016-03-24,dax,-0.017266974924547,0.0135032439410304,0.0171191604095688,0.0134621267588851,0.7153869113365359,-0.0008276251157601,0.0027107390692273,0.7887795673368843,1,Transition,0.9983
2016-03-29,dax,0.0037074142131324,0.0129333265555065,0.0170893895273601,0.0140119983198441,0.668434733494573,-0.0012674108258381,0.0019312538600869,0.7568044800430239,1,Transition,0.9995
2016-03-30,dax,0.0159194229709493,0.0132653468394644,0.0163013681716059,0.0149742474748314,0.8872924945265995,0.0019598952177563,0.0028213893605838,0.8137566552585622,1,Transition,0.9989
2016-03-31,dax,-0.0081051911989433,0.0125729758695783,0.0163267071229954,0.0074577532156318,0.8444254528898867,-0.0004908969393965,0.0012618348587247,0.7700864463888056,1,Transition,0.9996
2016-04-01,dax,-0.017294846581392,0.0131731111503564,0.0164309211455128,0.0179495700324765,0.9797418652598948,-0.0046080351041601,9.207141777074456e-05,0.8017268802944708,1,Transition,0.9988
2016-04-04,dax,0.0027976591364687,0.0131711687674007,0.0161683415391916,0.0177385534226635,0.7416963627524559,-0.0005951082919569,0.0003584369914962,0.8146270744883862,1,Transition,0.9994
2016-04-05,dax,-0.0266937540078573,0.0143647150817197,0.016443297196874,0.011306682885251,0.9457368628258742,-0.0066753419361549,-0.001345325067615,0.8735909173040165,1,Transition,0.9857
2016-04-06,dax,0.0063737789244388,0.014443004270346,0.0164648873176487,0.0135081961358015,0.927649482079864,-0.008584470745457,-0.0007958546858391,0.8772003106796007,1,Transition,0.9958
2016-04-07,dax,-0.0098031598768066,0.0144726790734844,0.0163641424817402,0.0228138027564321,0.8389224003534899,-0.0089240644810297,-0.0008437825958968,0.8844141445012206,1,Transition,0.996
2016-04-08,dax,0.0095693544055458,0.0146365924637844,0.0164167908724877,0.0106482222921826,0.7988914299992096,-0.0035512242836421,-0.0005212156576576,0.8915623386732239,1,Transition,0.9983
2016-04-11,dax,0.0062916221320125,0.0136670038918055,0.016298835319594,0.0234710069667512,0.8429340338763466,-0.0028524316845333,0.0009636839084375,0.8385264114777233,1,Transition,0.9964
2016-04-12,dax,0.008072213730028,0.0113390079931283,0.015981797842303,0.0156369535237243,0.8346580407670512,0.0041007618630437,-0.0003555447014076,0.709495145978791,1,Transition,0.9998
2016-04-13,dax,0.0267486780722651,0.0123596315402924,0.016334994746739,0.0132334300145927,1.162793487021846,0.0081757416926089,0.0001790529505358,0.7566351708046779,1,Transition,0.9943
2016-04-14,dax,0.0067148980550015,0.0123616185538804,0.0162505926411295,0.0081507189796184,0.8930182856560338,0.0114793532789706,0.0007979237181193,0.7606872454973543,1,Transition,0.9985
2016-04-15,dax,-0.0041776796538592,0.0123682262880454,0.015803034965135,0.0049445204845946,0.8974495906965088,0.0087299464670895,0.000340207065936,0.782648795964347,1,Transition,0.9979
2016-04-18,dax,0.0068153810439594,0.0122367579329782,0.0156421596340329,0.022425126145918,0.7479050960963649,0.0088346982494789,0.0011398832893071,0.7822933801515842,1,Transition,0.982
2016-04-19,dax,0.0224026369596706,0.0131004335426708,0.0157004289381214,0.0212694305896029,1.1920155111269757,0.0117007828954075,0.0019646979991145,0.8343997220905394,1,Transition,0.9723
2016-04-20,dax,0.0069039424918442,0.0131347394253609,0.0157102877834044,0.0130492706627742,1.142422591235084,0.0077318357793233,0.0023207504860579,0.8360597594676662,1,Transition,0.9982
2016-04-21,dax,0.0013847070811909,0.0131290331888744,0.0156776211901131,0.0126881540919923,1.1889206221533044,0.0066657975845612,0.0021825473607764,0.8374378376455507,1,Transition,0.9976
2016-04-22,dax,-0.0059820039265425,0.0132510000160939,0.0156898620072788,0.0094500762253242,0.9790874552570002,0.0063049327300245,0.0017189049523279,0.8445580980856663,1,Transition,0.9985
2016-04-25,dax,-0.0076583728538818,0.0126886697692987,0.0153707505451172,0.016113682661548,0.8800810436566319,0.0034101819504562,0.0021993350558612,0.8255074943838377,1,Transition,0.9993
2016-04-26,dax,-0.0033823003947035,0.0127432368412866,0.0152501211517861,0.0167336771427646,0.928917638626953,-0.0017468055204185,0.0018448493254694,0.8356154495070451,1,Transition,0.9994
2016-04-27,dax,0.0039145351292289,0.0123211323131589,0.0152417853394358,0.0099690661613994,1.1453738483690297,-0.0023446869929416,0.0012446049333834,0.8083785487570033,1,Transition,0.9982
2016-04-28,dax,0.002067827970575,0.012123227424617,0.0150325145313077,0.0199987548323574,1.0706377138465797,-0.0022080628150648,0.0017532558918593,0.8064670351303093,1,Transition,0.9992
2016-04-29,dax,-0.0277207336788,0.0131648077881548,0.0153449658306085,0.0212283090164743,1.2829471114634603,-0.0065558087655163,0.0012319615369889,0.8579235648667929,1,Transition,0.913
2016-05-02,dax,0.0083621957700466,0.0132581092280002,0.0153567811222003,0.0086494335258688,0.7151103677244199,-0.0033516950407306,0.0015101883686678,0.8633390762360895,1,Transition,0.9988
2016-05-03,dax,-0.0196015869082188,0.012539414688315,0.015506065667208,0.0144579268573416,1.416173775483331,-0.0065955523434336,0.0018647967236497,0.8086780333217068,1,Transition,0.7843
2016-05-04,dax,-0.0099742091228522,0.0127608979165009,0.0148975332252017,0.0149252871187647,1.1534951525085724,-0.0093733011938499,0.0010473973212851,0.8565779128395408,1,Transition,0.9911
2016-05-05,dax,0.0023994136687406,0.0125039320420035,0.0148041899558529,0.0117561869907779,0.8022057713259207,-0.0093069840542167,0.0016575259985625,0.844621156530082,1,Transition,0.9982
2016-05-06,dax,0.0018345018354472,0.0123651907602308,0.0146949417736625,0.018300992329048,0.9786027811241462,-0.0033959369513673,0.0012707833700576,0.8414589830082013,1,Transition,0.999
2016-05-09,dax,0.0111374034327744,0.0125153131423464,0.0141587455531727,0.0190191371408006,0.8995807861094837,-0.0028408954188217,0.0015130724350957,0.8839281061549931,1,Transition,0.9956
2016-05-10,dax,0.0064866321711659,0.0124765389440935,0.0138730692867762,0.0111841397260164,0.9275686046534366,0.0023767483970552,0.0014337933571526,0.8993351569278288,1,Transition,0.8495
2016-05-11,dax,-0.0070047691797849,0.0110763323920555,0.013541045531236,0.0105851080909839,1.0928287100071228,0.0029706363856686,-0.0002538790054498,0.8179820654546209,1,Transition,0.9965
2016-05-12,dax,-0.011412906261434,0.0112168736075832,0.0135900620998059,0.0243426676665203,1.1449880496699436,0.0002081723996337,-0.0011602692212716,0.8253732415058989,1,Transition,0.9974
2016-05-13,dax,0.0091628377111128,0.0114227614826067,0.0132351810370564,0.0212992443903267,0.9431077825196008,0.0016738395747668,-0.000493243353023,0.8630604636706385,1,Transition,0.9956
2016-05-17,dax,-0.0063206050183804,0.0113578736074958,0.0132240006962306,0.0235990819106882,1.0734529163314277,-0.0018177621154641,-0.00115004265614,0.8588833189288367,1,Transition,0.9952
2016-05-18,dax,0.0053485645040971,0.010062922232698,0.0131865683054912,0.0135176570743207,0.8472736485212709,-0.0020453756488778,-0.0020027462789187,0.7631191072287944,1,Transition,0.9998
2016-05-19,dax,-0.0149290906595735,0.0102287337301496,0.0131131652427226,0.0128768932202212,1.031215516802541,-0.0036302399448356,-0.0030943979364896,0.7800354484075678,1,Transition,0.9996
2016-05-20,dax,0.0121887097762268,0.010749755337757,0.0130094071540067,0.0069463238344203,0.8753170284510612,0.0010900832626965,-0.0025541978017378,0.8263063189967357,1,Transition,0.9991
2016-05-23,dax,-0.0074631723069247,0.0107796739514354,0.0125439281630652,0.0162563792943497,0.863350924737371,-0.0022351187409109,-0.0026282562207569,0.8593539289530906,1,Transition,0.953
2016-05-24,dax,0.0216112790305561,0.0119807815606382,0.0126410849005938,0.0302119154047337,0.9516198986213236,0.0033512580688763,-0.001164773626535,0.9477652950559252,1,Transition,0.63
2016-05-25,dax,0.0145986798054802,0.0124702734236656,0.0125415450270259,0.0100321192022878,1.0798842837816394,0.0052012811291529,-0.0002657246165258,0.9943171592330384,0,Calm/Bull,0.5749
2016-05-26,dax,0.0065924903237307,0.0125317462856334,0.012554297080082,0.0077039676288862,0.8369023354731285,0.0095055973258138,-0.0001318268568007,0.9982037389823744,1,Transition,0.5413
2016-05-27,dax,0.0013229824834715,0.0125259706704431,0.0122245857128795,0.0055198899553705,0.7122486172968036,0.0073324518672627,-0.0001690691311559,1.0246540017504302,0,Calm/Bull,0.8563
2016-05-30,dax,0.0045511179528438,0.0107414867388931,0.0122151519840736,0.0050400577324295,0.4220841107247431,0.0097353099192164,0.0014445234504262,0.8793576005356408,0,Calm/Bull,0.6375
2016-05-31,dax,-0.0068450776733337,0.0107642474693942,0.0122484844489135,0.0118896615354048,1.0734110232558791,0.0040440385784385,0.0006841597782572,0.8788228057348795,1,Transition,0.5669
2016-06-01,dax,-0.0056969216542906,0.0097900355998884,0.0122466683826635,0.012110421828273,0.9579510649033166,-1.508171351566421e-05,0.0013793930409536,0.7994039924970358,1,Transition,0.8009
2016-06-02,dax,0.0003487647996664,0.0094252763936636,0.0122273621216193,0.0083159922058679,0.7789139150062236,-0.0012638268183285,0.0018955417370795,0.7708348129314584,1,Transition,0.8924
2016-06-03,dax,-0.0103136057557159,0.0098103308042166,0.0122482824244123,0.023937779982443,1.0203211381762805,-0.003591144466166,0.0012598907658567,0.8009556331476684,1,Transition,0.9982
2016-06-06,dax,0.0017622644051215,0.0098101214106841,0.0122449796422261,0.0055428480895284,0.6886541597349827,-0.0041489151757104,0.0012562788943404,0.8011545708785391,1,Transition,0.9335
2016-06-07,dax,0.0163266471844716,0.0101480206145552,0.011992716185574,0.0125723047060994,0.9816773586781636,0.0004854297958505,0.0015157410819253,0.8461820039368791,1,Transition,0.7598
2016-06-08,dax,-0.0068910697857554,0.0102435620108611,0.0112200381033929,0.008704064206524,0.9519016889593556,0.0002466001695576,0.0008468559840792,0.9129703407837312,0,Calm/Bull,0.9582
2016-06-09,dax,-0.0126231150124537,0.0105428811132032,0.0111629605222192,0.0135832890572193,1.3522395385416373,-0.0023477757928663,0.0005659386924458,0.9444520646846556,0,Calm/Bull,0.9429
2016-06-10,dax,-0.0255240221467789,0.0117856550892272,0.0116236384963996,0.0210857272285575,1.3568249533403267,-0.0053898590710789,-0.0001396171018214,1.013938543673545,1,Transition,0.7283
2016-06-13,dax,-0.0181801782474143,0.0122273976371832,0.0118325138004295,0.0101258754609438,1.2584037408798958,-0.0093783476015861,-0.0015067678997477,1.0333727763528504,1,Transition,0.5812
2016-06-14,dax,-0.0144178150673594,0.0125255941706084,0.0119162858270096,0.0119054201823391,1.261380097907296,-0.0155272400519523,-0.0019116284021967,1.051132404210854,2,Stress/Bear,0.7941
2016-06-15,dax,0.0091509764067941,0.0126696229838772,0.0119538031877822,0.0102074040656194,1.1558901806449091,-0.0123188308134424,-0.0017215078070618,1.0598821801605889,1,Transition,0.5356
2016-06-16,dax,-0.0058714692728108,0.0123299965736542,0.0119731143752796,0.0156547028476695,1.2253618572810927,-0.0109685016655138,-0.0012686267377237,1.0298069647702903,1,Transition,0.6957
2016-06-17,dax,0.0084341383674828,0.0121414609346697,0.0120151200853733,0.0132005909650005,1.6918397999020731,-0.0041768695626615,-0.0014563553081609,1.010515154937998,2,Stress/Bear,0.9083
2016-06-20,dax,0.0337553375463397,0.0143631831694623,0.0128007380457208,0.0146526240090782,1.0830846014160112,0.0062102335960893,0.0006045701845022,1.1220589873928228,1,Transition,0.8593
2016-06-21,dax,0.0053580754613498,0.0135487914570617,0.0126184562853577,0.0120783005862081,0.9545920477348322,0.0101654117018311,-0.000208089993958,1.0737281289141136,1,Transition,0.7633
2016-06-22,dax,0.0055280309973135,0.0131736860278258,0.012629033498853,0.0105381049602119,0.9340842503333996,0.009440822619935,-0.0006616224343663,1.0431270159369082,1,Transition,0.6987
2016-06-23,dax,0.0182974291283451,0.0137598716186336,0.0126824821298824,0.0230008019461499,1.2538403716853628,0.0142746023001662,-7.637549413564062e-05,1.0849509960051615,1,Transition,0.656
2016-06-24,dax,-0.070672722663131,0.0209260153185634,0.0156209336931636,0.051685827012061,3.218041365734541,-0.0015467699059565,-0.0036761607514657,1.3396136063058457,2,Stress/Bear,1.0
2016-06-27,dax,-0.0306517944805876,0.0216650320649875,0.0159531196980469,0.0404784141113977,1.912191402692571,-0.014428196311342,-0.0054363063731373,1.358043597431286,2,Stress/Bear,1.0
2016-06-28,dax,0.0190880646624883,0.0223417621904386,0.0161548105995817,0.0142930313835568,1.2186536928218112,-0.0116821984711143,-0.0041396492563462,1.3829788998589072,2,Stress/Bear,0.9993
2016-06-29,dax,0.0173134602714185,0.022844173903091,0.0159499695031291,0.0139508790238387,1.0174364302623824,-0.0093251126162933,-0.0029891301600607,1.432239346828181,2,Stress/Bear,0.9683
2016-06-30,dax,0.007030824022994,0.0229442055387386,0.0159545852352198,0.0188087420095129,1.1648010172224237,-0.0115784336373635,-0.0026550271988943,1.4380947671450044,2,Stress/Bear,0.9766
2016-07-01,dax,0.0098715066755577,0.0230333660445215,0.0159498660482665,0.0152248378667446,0.8607969507671157,0.0045304122303742,-0.0016457715773307,1.4441103125768813,1,Transition,0.7488
2016-07-04,dax,-0.0068801452985094,0.0230471284570487,0.0159313648449232,0.0111071012304432,0.6677773147756744,0.0092847420667898,-0.0020778920625122,1.4466512242604943,2,Stress/Bear,0.7808
2016-07-05,dax,-0.0183439549683754,0.0228933312251224,0.0160870896698874,0.016005092715763,0.8097151127922583,0.001798338140617,-0.0038114221701546,1.4230871894731294,2,Stress/Bear,0.6412
2016-07-06,dax,-0.0168576594071969,0.0230716744860958,0.0161898313114795,0.0241730287851349,1.0896690471386523,-0.005035885795106,-0.0043097516512266,1.4250719505481548,2,Stress/Bear,0.7549
2016-07-07,dax,0.0048446679287008,0.0230710302780012,0.0158032821727284,0.0114897814176318,0.7453067654935113,-0.0054731170139646,-0.0034363625041689,1.459888523525493,2,Stress/Bear,0.501
2016-07-08,dax,0.0221423375235665,0.0231311790243686,0.016055116792024,0.0277133473930844,0.7942985510862515,-0.0030189508443628,-0.0010530445206516,1.4407356435961836,2,Stress/Bear,0.9002
2016-07-11,dax,0.0209378520688577,0.0232602294716645,0.0162908230135292,0.0154250317694816,0.6672834151386051,0.0025446486291105,0.0009028569951619,1.4278118086696605,2,Stress/Bear,0.6003
2016-07-12,dax,0.0131998668818432,0.0231221969775556,0.016359230796452,0.0173001471694,0.8400014162665652,0.0088534129991542,0.002283741092622,1.413403678036644,1,Transition,0.5807
2016-07-13,dax,-0.0033536819579287,0.0230957812985955,0.0160902098537755,0.0083035312945254,0.7954397956697815,0.0115542084890079,0.0016585081743859,1.435393416772384,2,Stress/Bear,0.7867
2016-07-14,dax,0.013759882737149,0.0231759407563835,0.0161691926369201,0.0124460484198791,0.8297198871114903,0.0133372514506975,0.0026400757748839,1.4333393928070637,2,Stress/Bear,0.6217
2016-07-15,dax,-0.0001390017532658,0.0231423939339957,0.0161672601122003,0.0110957882742659,0.7612204039803472,0.008880983595331,0.0022114187688464,1.43143573947522,2,Stress/Bear,0.5059
2016-07-18,dax,-0.0003746152196869,0.0219200264347309,0.0161518195552477,0.0147528614522868,0.6044278204652972,0.0046184901376221,0.0005049211305451,1.357124276912143,1,Transition,0.7669
2016-07-19,dax,-0.0081708832515451,0.0219710676472153,0.0161558010678332,0.012736882374063,0.5955357060365108,0.0003443401109444,-0.0001715268050996,1.359949132510705,1,Transition,0.7602
2016-07-20,dax,0.0159788256781207,0.0222364286562766,0.0162903496612159,0.0152888405647225,0.6852836839418608,0.0042108416381543,0.0003510129289407,1.3650062226237598,1,Transition,0.7136
2016-07-21,dax,0.0013991569527143,0.0218360681824387,0.0162828370546029,0.0103907140403149,0.8431106179906648,0.0017386964812674,-0.0004939006798408,1.3410481299550878,1,Transition,0.7859
2016-07-22,dax,-0.000861913198487,0.0143101997522566,0.016280209872264,0.0106391117928122,0.6116082206516317,0.0015941141922231,0.0029966397933913,0.8789935673149064,1,Transition,0.9979
2016-07-25,dax,0.0049917553481685,0.0119187926508102,0.0158888184407054,0.0136140981737236,0.6164198428757472,0.0026673883057942,0.0047788172848292,0.7501371291571657,1,Transition,0.9986
2016-07-26,dax,0.0048439428813709,0.0114344808120223,0.0158648933869032,0.0122378118845715,0.8631177211312294,0.0052703535323775,0.0040666111957733,0.7207411063639252,1,Transition,0.9998
2016-07-27,dax,0.006981013279488,0.0110307618513439,0.0156724418859866,0.005225026565646,0.9472936209525892,0.0034707910526509,0.0035499888461768,0.7038317277926556,1,Transition,0.9997
2016-07-28,dax,-0.0043332182318971,0.0111342243860264,0.015624494895489,0.0114366468444507,1.0806942411910774,0.0023243160157286,0.0029817867334322,0.7126133971371423,1,Transition,0.9997
2016-07-29,dax,0.0060711430566188,0.0110425060187731,0.0156382856519573,0.0065769535973397,1.0674807697846311,0.0037109272667498,0.0027917685524853,0.7061199842829985,1,Transition,0.9996
2016-08-01,dax,-0.0006754850415024,0.0108418120543543,0.0156388339021884,0.017614770100578,0.9583857224129444,0.0025774791888156,0.0031020015653356,0.6932621781242397,1,Transition,0.9998
2016-08-02,dax,-0.018186676227651,0.0108254826014085,0.0157667190573962,0.0198789850097287,1.3868742540556898,-0.0020286446329887,0.0031098655023718,0.6866033803228211,1,Transition,0.9878
2016-08-03,dax,0.0025469558933025,0.0097587161013286,0.0157485897559925,0.0095003070299045,1.027755802855147,-0.0029154561102258,0.0040800962673968,0.6196565059176395,1,Transition,0.9998
2016-08-04,dax,0.0056525488188007,0.0097637181835955,0.0157351344955077,0.0097546825846872,0.911164925762874,-0.0009183027000862,0.0041204903119018,0.62050427254899,1,Transition,0.9999
2016-08-05,dax,0.013532533158554,0.0090941473361811,0.0157468252388309,0.01521049831938,0.96424413824168,0.0005739753203007,0.0036900000936512,0.5775225925385535,1,Transition,0.9999
2016-08-08,dax,0.0062646105392383,0.0081748710596939,0.0157252688759962,0.0072160346173457,0.7817643236336945,0.0019619944364489,0.0029563380171702,0.519855725466955,1,Transition,1.0
2016-08-09,dax,0.0246674588590212,0.009261150949645,0.0159945392313036,0.0250203433389378,0.9690026228868316,0.0105328214537834,0.0035297176160291,0.5790195525932783,1,Transition,0.9651
2016-08-10,dax,-0.0039365826184441,0.0092848401685862,0.0159996277401338,0.0068669989880356,1.1925081127985513,0.009236113751434,0.0035005725830033,0.5803160123092095,1,Transition,0.9995
2016-08-11,dax,0.0085960478788266,0.0090534496080277,0.0158868748106889,0.0099992109570073,0.8779362517923845,0.0098248135634392,0.0032423808400872,0.5698697645641698,1,Transition,0.9999
2016-08-12,dax,-0.0027414061541339,0.0091230401771764,0.0158340619484271,0.0046288463880395,0.7378253941117618,0.0065700257009016,0.0031122606200438,0.576165497324122,1,Transition,0.9999
2016-08-15,dax,0.0024034604850706,0.0090882387521099,0.015792805920865,0.0083982369294907,0.5327079786717698,0.005797795690068,0.0032511644052817,0.5754670067909107,1,Transition,0.9998
2016-08-16,dax,-0.0058423754388318,0.0089480482596447,0.0155953520272439,0.009590144966244,0.7950137990057143,-0.0003041711695025,0.0033675897959173,0.5737637883398281,1,Transition,1.0
2016-08-17,dax,-0.0131027018592603,0.0091514285914286,0.0155958685541132,0.0171489487028215,0.8606045532481673,-0.0021373950176657,0.0019135134190483,0.5867854399821237,1,Transition,0.9999
2016-08-18,dax,0.006183386473386,0.0091996769701204,0.0155932642787195,0.0072017479525448,0.7141296071581849,-0.0026199272987538,0.0021527248950819,0.5899776214705382,1,Transition,1.0
2016-08-19,dax,-0.0055486819572338,0.00933914344471,0.0156125457618425,0.0120586158273847,0.9633346420307832,-0.0031813824593738,0.0019183864571445,0.5981819741105336,1,Transition,1.0
2016-08-22,dax,-0.0047541732811787,0.0094242149085698,0.0156169590613823,0.0202746753414737,0.7749796710944177,-0.0046129092126237,0.0014310900256772,0.6034603069347889,1,Transition,0.9999
2016-08-23,dax,0.0093450863739379,0.0095627332174214,0.0156320142236223,0.0104532922090116,0.7460266302108814,-0.0015754168500697,0.0016561472003055,0.6117403093819263,1,Transition,1.0
2016-08-24,dax,0.0028365457409652,0.0094858669846489,0.0156132296069071,0.0129916369129726,0.826497207729112,0.0016124326699753,0.0014489238233794,0.6075531599466442,1,Transition,1.0
2016-08-25,dax,-0.0088292378162368,0.0096813670927202,0.0156613149945423,0.0100506385465067,0.739067157525079,-0.0013900921879492,0.0012241228441624,0.6181707663816262,1,Transition,1.0
2016-08-26,dax,0.0055101429747447,0.0096673872115461,0.0156089869631568,0.0121866363348925,0.6913978861257957,0.0008216727984464,0.0011960728400687,0.6193475101468686,1,Transition,1.0
2016-08-29,dax,-0.0041007696177744,0.0097324100895141,0.015621085384306,0.0118432893815211,0.5054087404784833,0.0009523535311273,0.0010248086112551,0.6230303368863184,1,Transition,0.9999
2016-08-30,dax,0.0106782253396361,0.0088321318120135,0.0155420310312266,0.0093829406227542,0.9371624440664724,0.0012189813242669,0.0024680536896195,0.5682739787527306,1,Transition,1.0
2016-08-31,dax,-0.0061127917310781,0.0090379306425202,0.0155360061399539,0.0071152028019026,1.35770056842441,-0.0005708861701417,0.0020350663084004,0.5817409288528415,1,Transition,0.9975
2016-09-01,dax,-0.0055266727859343,0.0091474603444559,0.0154604482498586,0.0174696093948225,1.5476057782128991,8.96268359187954e-05,0.0014761052281637,0.591668507705755,1,Transition,0.9914
2016-09-02,dax,0.0140929683769818,0.0091871095655187,0.0151637531369973,0.0165512029360986,1.23910266632375,0.0018061919163662,0.0015041269890851,0.6058598740376181,1,Transition,0.9997
2016-09-05,dax,-0.0010863987010007,0.0091335224486656,0.0149490804663443,0.0064503772892402,0.8667864372918367,0.0024090660997209,0.0011365765270731,0.6109755358684711,1,Transition,1.0
2016-09-06,dax,0.0013970385571662,0.007270318925109,0.0147993722013173,0.0079591499384436,1.012954940973504,0.0005528287432269,-2.6944488019591103e-05,0.4912586038252278,1,Transition,1.0
2016-09-07,dax,0.0061418524639828,0.0073340706404453,0.0147795684267637,0.010806233591486,1.2214672951781418,0.0030037575822391,0.0004769772661017,0.4962303653714527,1,Transition,1.0
2016-09-08,dax,-0.0072512403719745,0.0072664784203095,0.0147928990347907,0.019705352341038,1.4128011089733026,0.0026588440650311,-0.0003153871464382,0.4912139536151684,1,Transition,0.9995
2016-09-09,dax,-0.009586491722773,0.0075427117699322,0.014839935239864,0.0125172678483999,1.4901846458266048,-0.0020770479549198,-0.0006576414248702,0.5082712052321132,1,Transition,0.9974
2016-09-12,dax,-0.0134893244980312,0.0080249946086299,0.0143476795991783,0.012703550190168,2.300443899920915,-0.0045576331143259,-0.0014522806740253,0.559323516611667,2,Stress/Bear,1.0
2016-09-13,dax,-0.0043394362403373,0.0079886762779727,0.0143497163329774,0.0119567937879693,1.1811002068350147,-0.0057049280738266,-0.0013771337141006,0.556713184609352,1,Transition,0.9999
2016-09-14,dax,-0.0007897153071148,0.0074967910853737,0.0143361623386703,0.0077748426202933,1.2138673460177036,-0.0070912416280462,-0.0007614843864933,0.5229287244573075,1,Transition,0.9999
2016-09-15,dax,0.0050745729380688,0.0074466612633109,0.014158484591425,0.0104657105444163,1.057610150520525,-0.0046260789660375,-0.0008169250632592,0.5259504444296931,1,Transition,1.0
2016-09-16,dax,-0.0149737189406438,0.0080367126001001,0.0108720670857535,0.0160575162613593,2.5051261315011795,-0.0057035244096116,-0.0012881769124297,0.7392074144420316,2,Stress/Bear,1.0
2016-09-19,dax,0.0094625409084229,0.0083371246262332,0.0100844771889639,0.0053191033699735,0.8423419944114797,-0.0011131513283208,-0.0005773412029496,0.8267284927132446,0,Calm/Bull,0.918
2016-09-20,dax,0.0019251251915956,0.0080318454046292,0.0098281799764715,0.0090755575824933,0.8487934984429982,0.0001397609580657,-0.0009483392620667,0.8172261216071866,0,Calm/Bull,0.968
2016-09-21,dax,0.0040930604746176,0.0080678428827318,0.0096156283909433,0.010351207255642,0.8976227508632637,0.0011163161144122,-0.0008855135253841,0.8390343880521276,0,Calm/Bull,0.9761
2016-09-22,dax,0.0225193704147274,0.0093815629984072,0.0099714642367311,0.0175751759319912,1.096389398084175,0.0046052756097439,0.000681916886164,0.9408410616215293,1,Transition,0.7634
2016-09-23,dax,-0.0044326282416957,0.0093756813964244,0.009942016647719,0.0060854527244351,0.7669734390232077,0.0067134937495336,0.000184778325342,0.9430361795436584,0,Calm/Bull,0.9836
2016-09-26,dax,-0.0221942719312397,0.0106035045329199,0.0103463074748972,0.0168563675502733,1.1124339246714352,0.000382131181601,-0.0007198967903311,1.0248588260736244,0,Calm/Bull,0.6843
2016-09-27,dax,-0.0031056827160267,0.0102662626816974,0.010042606527939,0.0183554322858212,1.1462572958176112,-0.0006240303999233,-0.0014090921931143,1.022270727538327,0,Calm/Bull,0.9752
2016-09-28,dax,0.0073904220010109,0.0103839873215727,0.0097803246524447,0.0096959825463145,0.9031332053206595,3.5441905355261885e-05,-0.0007339315065098,1.0617221503968293,0,Calm/Bull,0.9987
2016-09-29,dax,-0.0031471906329229,0.0103397216064299,0.00979248281797,0.0197115550206925,1.0696124489087868,-0.0050978703041748,-0.0006149573988593,1.055883558708481,0,Calm/Bull,0.9772
2016-09-30,dax,0.0100858256330342,0.0100751592185159,0.0094839108724038,0.0324725241849978,1.8386006231772736,-0.0021941795292288,-0.0008153145360566,1.0623422503718898,2,Stress/Bear,0.9983
2016-10-04,dax,0.010278139068786,0.0103750749461155,0.0092086915031686,0.0145457056755168,1.2406880900514343,0.0043003026707763,-0.0002470876475673,1.1266611486056934,0,Calm/Bull,0.9974
2016-10-05,dax,-0.0031907081953056,0.0103875198462068,0.0090915215793632,0.012829526342596,0.8999838305756929,0.0042832975749205,-0.0004764749851909,1.1425502052137642,0,Calm/Bull,0.9996
2016-10-06,dax,-0.0016053707834568,0.010271529319455,0.0090800973718224,0.0097882633056042,0.997465285724292,0.0024841390180269,-0.0008638361475629,1.1312135651022752,0,Calm/Bull,0.9998
2016-10-07,dax,-0.0074018107019951,0.0102765113413403,0.008988088513759,0.0108418404747957,1.133583063700518,0.0016332150042125,-0.0008713646640639,1.1433478125642536,0,Calm/Bull,0.9997
2016-10-10,dax,0.0126186947798763,0.0104828224664421,0.009118220228468,0.0173595912440213,0.9201481918428602,0.0021397888335809,0.0002388946610685,1.149656643926371,0,Calm/Bull,0.997
2016-10-11,dax,-0.0044261560131773,0.010044881953564,0.0091427721379081,0.0116893970757303,0.9175764721196152,-0.0008010701828117,0.0006920530853112,1.0986691784557914,0,Calm/Bull,0.9997
2016-10-12,dax,-0.0051269546379925,0.0100671622838763,0.0091003256998299,0.0095789348254913,0.8463962375689956,-0.0011883194713491,0.0006526771654284,1.1062419759398745,0,Calm/Bull,0.9998
2016-10-13,dax,-0.0104122130822596,0.0103652482376271,0.0089954096515554,0.0078519258425162,0.922565105470023,-0.0029496879311096,0.0001715522766712,1.1522819570351517,0,Calm/Bull,0.9996
2016-10-14,dax,0.0158435250870736,0.0108993038241453,0.0092121539837455,0.0156733576640651,0.9381589906216156,0.001699379226704,0.0007099998841214,1.1831439035188436,0,Calm/Bull,0.9977
2016-10-17,dax,-0.0072861024050663,0.0104430921424404,0.0092675681757236,0.0087989054317096,0.6349035090603155,-0.0022815802102844,0.0010943807109003,1.1268427644045904,0,Calm/Bull,0.9996
2016-10-18,dax,0.012110747959388,0.0105707861796144,0.0093700789605002,0.0106898256745588,0.879209422587895,0.0010258005842286,0.0012267910634485,1.128142700203038,0,Calm/Bull,0.9995
2016-10-19,dax,0.0013281696185888,0.0105695532891377,0.0093546644901813,0.0079384095807644,0.7501462126805925,0.0023168254355449,0.0011969432847982,1.1298698419629642,0,Calm/Bull,0.9999
2016-10-20,dax,0.0052194600144098,0.0105887810171977,0.0093371578577756,0.0145327394779244,1.0366314786179585,0.0054431600548788,0.0012532632617878,1.1340475526372074,0,Calm/Bull,0.998
2016-10-21,dax,0.0008724797781736,0.0093324326215587,0.0093146472753911,0.0060602921938316,0.8512027940128436,0.0024489509930988,0.0001709187299601,1.001909395561826,0,Calm/Bull,0.9993
2016-10-24,dax,0.0046981911229578,0.0093187039746313,0.0093028885854689,0.0070819401134613,0.7791278296823256,0.0048458096987036,0.0006274596981928,1.0017000514428491,0,Calm/Bull,0.9993
2016-10-25,dax,-0.0003587940872229,0.0076303703741898,0.0093022023985323,0.008306851672895,0.9076237282062424,0.0023519012893814,0.0017192335903936,0.8202756774453472,0,Calm/Bull,0.9934
2016-10-26,dax,-0.0044375073187013,0.0076803421055867,0.0089939332394205,0.0098509015281882,0.7802840960365467,0.0011987659019234,0.0016526423602599,0.8539469774940804,0,Calm/Bull,0.9952
2016-10-27,dax,0.0006907615523959,0.0075621086912054,0.0089913777190011,0.010869587007451,0.8407430318648272,0.0002930262095206,0.0013176593378291,0.8410400416417604,0,Calm/Bull,0.9947
2016-10-28,dax,-0.0019510943045077,0.0075295998428871,0.008976442155273,0.0123959875828308,0.738713311093579,-0.0002716886070156,0.0013774641542499,0.8388178425974767,0,Calm/Bull,0.9911
2016-10-31,dax,-0.0029193758705347,0.0072959004831196,0.0088293131640615,0.0050070643908004,0.7608827932291153,-0.0017952020057141,0.0007272040790714,0.8263270706963457,0,Calm/Bull,0.9956
2016-11-01,dax,-0.0131046654772672,0.0075537916312412,0.0089669528806562,0.0212889426900315,0.8671514847168225,-0.004344376283723,-0.0004419361482311,0.8424034041191983,1,Transition,0.5488
2016-11-02,dax,-0.0148569322537325,0.0082000222012593,0.0085786193078877,0.0089412902200336,1.034050243720705,-0.0064282612707292,-0.0010252473511525,0.9558673612803492,0,Calm/Bull,0.9917
2016-11-03,dax,-0.0043533159717865,0.0082332089265326,0.0085816091589971,0.0078288576535311,0.962699849455706,-0.0074370767755657,-0.0011626446105689,0.959401526449246,0,Calm/Bull,0.9915
2016-11-04,dax,-0.0064853244876184,0.0081991353380414,0.0085308954315502,0.007199380049154,1.0399308577320427,-0.0083439228121878,-0.0011168202998501,0.9611107537103576,0,Calm/Bull,0.9847
2016-11-07,dax,0.0190988183937964,0.0088710014230963,0.008903088801858,0.0072497760302026,0.9873895380715773,-0.0039402839593216,-0.0007928141191541,0.9963959273600608,0,Calm/Bull,0.959
2016-11-08,dax,0.0024232104544777,0.0088555501728455,0.0089031947179026,0.0067933395292818,0.8924410187966111,-0.0008347087729726,-0.0004503457957714,0.994648601253068,0,Calm/Bull,0.9993
2016-11-09,dax,0.015495093803585,0.0094621615925558,0.0091061001449413,0.0443010943250634,1.9523877183001777,0.0052356964384908,0.0005807566263074,1.0391014201411288,2,Stress/Bear,1.0
2016-11-10,dax,-0.0014936599352603,0.00912082155122,0.0089459381337664,0.0205086831777664,2.042502277817197,0.005807627645796,0.0010266842836574,1.0195489187202682,2,Stress/Bear,0.9994
2016-11-11,dax,0.0035524455834865,0.0084600780654496,0.0089222584164811,0.0122010464866242,1.361224398130095,0.007815181660017,0.000412130308478,0.9481991745298768,0,Calm/Bull,0.9363
2016-11-14,dax,0.002409950367094,0.0082714261568723,0.0088959522329014,0.0117171714957865,1.367761119451428,0.0044774080546765,0.0008969329470861,0.929796601906278,0,Calm/Bull,0.9924
2016-11-15,dax,0.0038685518800511,0.0078793450998409,0.0088836379515284,0.0076514746083862,1.0781994282623564,0.0047664763397912,0.0004848231431192,0.8869502722682715,0,Calm/Bull,0.9947
2016-11-16,dax,-0.0066610367064628,0.0080353109318948,0.0088500643988007,0.0117405964191844,0.9813728630489033,0.0003352502377817,8.536282686667767e-05,0.9079381312732232,0,Calm/Bull,0.9962
2016-11-17,dax,0.0020300260436448,0.007959345220078,0.0088464667771406,0.0077262889859278,0.9784540680639936,0.0010399874335627,-7.410887167157216e-05,0.8997202409265818,0,Calm/Bull,0.9979
2016-11-18,dax,-0.0019653749525573,0.0079668739714363,0.0087731455292996,0.0083323039246613,1.0532271924057626,-6.357667364602082e-05,-0.0002160016082081,0.908097779163628,0,Calm/Bull,0.9981
2016-11-21,dax,0.0019269899836678,0.0079007317503684,0.0087486325779401,0.0123489556757515,0.730308451560881,-0.0001601687503312,-0.0003545616651726,0.903081902226684,0,Calm/Bull,0.9969
2016-11-22,dax,0.0026842162091726,0.0079298929411614,0.0087365654410401,0.0055871935620712,0.8533917664538319,-0.0003970358845069,-0.0002024111503528,0.9076670912245036,0,Calm/Bull,0.9982
2016-11-23,dax,-0.004809934624591,0.007940791214101,0.0086520973235043,0.0131724248532675,0.9413685474284308,-2.6815468132605075e-05,-0.0002210325156473,0.9177880133790264,0,Calm/Bull,0.9963
2016-11-24,dax,0.0025121512382331,0.0079622140170191,0.0086202794753256,0.0058030466840163,0.5558963769489386,6.96095707850417e-05,-0.0001299630313554,0.9236607745502744,0,Calm/Bull,0.9994
2016-11-25,dax,0.0009359938887658,0.0079536260189373,0.0085884478252392,0.005681699940818,0.6136613973636965,0.0006498833390496,1.439137830821298e-05,0.9260842215940002,0,Calm/Bull,0.9995
2016-11-28,dax,-0.010957720871422,0.0083050164851886,0.0085131007924797,0.0097725737114057,0.7605653543319717,-0.0019270588319682,-0.0003875258717361,0.9755571662589898,0,Calm/Bull,0.9989
2016-11-29,dax,0.0035674260187059,0.0077815934998204,0.0085256951649177,0.0080532343599516,0.8092679813816646,-0.0017504168700616,0.0004460787030625,0.9127224641857632,0,Calm/Bull,0.9988
2016-11-30,dax,0.0018634844715196,0.0068991190456991,0.0085272782464733,0.0080476945560102,1.0948905616561388,-0.0004157330508394,0.0012820995393251,0.8090646096311562,0,Calm/Bull,0.9966
2016-12-01,dax,-0.0100358116049166,0.0072514306950708,0.0085830129269564,0.0118244713687486,0.9231616231654286,-0.0029253256194694,0.0009979747576686,0.844858414729459,0,Calm/Bull,0.9903
2016-12-02,dax,-0.0019670080449905,0.0070742390017906,0.0085379164637601,0.0135808546983141,0.8556626144498313,-0.0035059260062207,0.0012238905798,0.8285673714210953,0,Calm/Bull,0.9842
2016-12-05,dax,0.0161791448029821,0.006706527266168,0.0087068965701349,0.0221922216313907,1.0506417699716593,0.0019214471286601,0.0010779069002592,0.7702546150796956,1,Transition,0.9853
2016-12-06,dax,0.0084333771242627,0.0069017909455236,0.0085828806468959,0.0109128861453509,1.353240048543079,0.0028946373497714,0.0013784152337485,0.8041345591843613,0,Calm/Bull,0.9862
2016-12-07,dax,0.0194262163409839,0.0073653865857757,0.0088965328066233,0.0104654326510654,1.4248447983043904,0.0064071837236643,0.0015749713606184,0.8278940510726074,0,Calm/Bull,0.7755
2016-12-08,dax,0.0173900017715975,0.0081227378275844,0.0091429256386855,0.018113641084701,1.691649871678534,0.0118923463989671,0.0025191544459613,0.8884177941047132,1,Transition,0.6257
2016-12-09,dax,0.0021632414340188,0.0081193758367399,0.0091299417656602,0.0076501956806862,1.0172134699323434,0.012718396294769,0.002449694238488,0.8893129929129198,0,Calm/Bull,0.6421
2016-12-12,dax,-0.001198537059754,0.0081602953008395,0.0088865298109747,0.0063608893620827,0.8997468914939413,0.0092428599222218,0.0022692698671455,0.9182769286118472,0,Calm/Bull,0.9872
2016-12-13,dax,0.0084041443699645,0.0082693739685024,0.0088713324843223,0.0096414844486798,0.9910396138014228,0.0092370133713621,0.0024960494916412,0.9321456481443222,0,Calm/Bull,0.9743
2016-12-14,dax,-0.0035340869141931,0.0081152546331982,0.0088938490411399,0.0041076132489937,0.9125485775406668,0.0046449527203267,0.0026523969812547,0.9124569796113914,0,Calm/Bull,0.9973
2016-12-15,dax,0.0107523264334764,0.0083120311749508,0.0089703698897874,0.0105644772309835,1.3981723629444045,0.0033174176527025,0.0030885120007463,0.9266096356198112,0,Calm/Bull,0.9812
2016-12-16,dax,0.0033033580811171,0.0082264777617481,0.0085369507782789,0.0082795370940148,1.7059457327529917,0.0035454409821221,0.00335194865243,0.9636318605326052,0,Calm/Bull,0.9351
2016-12-19,dax,0.0019877119193527,0.0082259353690652,0.0085065815438606,0.004076424280748,0.7698002311648672,0.0041826907779435,0.0033549847492142,0.967008348377263,0,Calm/Bull,0.9994
2016-12-20,dax,0.0033235194783396,0.0082244336404597,0.0079353791083202,0.0056808860454787,0.7248878179519392,0.0031665657996185,0.0033869499126726,1.0364260520126205,0,Calm/Bull,0.9999
2016-12-21,dax,0.0003400644928924,0.0080326745087886,0.0079129286755159,0.0034520086918411,0.6061729417757878,0.0039413960810356,0.0036444498685468,1.015132934743019,0,Calm/Bull,0.9999
2016-12-22,dax,-0.001094018141032,0.0080996234205142,0.0078851312905298,0.0041017655203125,0.4869509363938901,0.0015721271661339,0.0034641413995835,1.0272021000134852,0,Calm/Bull,0.9999
2016-12-23,dax,-0.0005387159812162,0.0081305036111361,0.0078659585914689,0.006179077245971,0.5227066668224956,0.0008037123536672,0.0033904059060844,1.0336316313632887,0,Calm/Bull,0.9998
2016-12-27,dax,0.0019466354185766,0.0074122455617199,0.0077868158131849,0.0026071765966317,0.2869407337670684,0.000795497053512,0.0040356237205843,0.9518968651048864,0,Calm/Bull,0.9995
2016-12-28,dax,0.0002396803411121,0.0074605015478531,0.0077014792565488,0.0014369735813024,0.4659793175707306,0.0001787292260665,0.0038692364367046,0.9687102047972456,0,Calm/Bull,0.9995
2016-12-29,dax,-0.0020884931151357,0.0075679837323516,0.0076919162062525,0.0047480465210485,0.4615088460617542,-0.000306982295539,0.0036716375573719,0.9838879583997282,0,Calm/Bull,0.9996
2016-12-30,dax,0.0026172719016044,0.0068572883852753,0.0076841081510285,0.0066100715300037,0.4533547720743158,0.0004352757129882,0.0043042917326979,0.8923987339191071,0,Calm/Bull,0.9961
2017-01-02,dax,0.0101624452690743,0.006809661310254,0.0076784525958032,0.0174559578468411,0.5256649360537973,0.0025755079630463,0.0049107643984012,0.8868533373476749,1,Transition,0.8678
2017-01-03,dax,-0.001215555073917,0.0063927791098165,0.007550838336938,0.0065726924594988,0.9896786900983214,0.0019430698645476,0.0040410294045562,0.8466317016143255,0,Calm/Bull,0.9925
2017-01-04,dax,5.985349802547325e-06,0.0063657086495915,0.0075140473419241,0.0073081745386847,0.9520788838745792,0.0018963308662857,0.0036196598158332,0.8471744134581738,0,Calm/Bull,0.9953
2017-01-05,dax,5.445660737029032e-05,0.0052013301770049,0.0074660296071173,0.0056227866541785,0.9067052043617024,0.0023249208107869,0.0026510718291525,0.6966661600225295,0,Calm/Bull,0.9957
2017-01-06,dax,0.0012137135860025,0.0038782063440387,0.0072979040826838,0.0050599517435907,0.8684495941187939,0.0020442091476665,0.0018422574198728,0.5314137182538137,0,Calm/Bull,0.9971
2017-01-09,dax,-0.0030237497674863,0.0040262229643581,0.0070857581811843,0.0073106287145761,1.036011193335057,-0.0005930298596455,0.0015829078597975,0.5682134305753532,0,Calm/Bull,0.9946
2017-01-10,dax,0.0016684091104464,0.0039726622481655,0.0069916372308239,0.0053490768591197,1.1355031139147995,-1.6237022772889457e-05,0.0017262551683075,0.5682019986179008,0,Calm/Bull,0.9951
2017-01-11,dax,0.0054129751076473,0.0037585636006725,0.0068739555234235,0.0143634600900678,1.295575580871795,0.001065160928796,0.0015766967051917,0.5467832295197392,0,Calm/Bull,0.9215
2017-01-12,dax,-0.0108024315255313,0.0045473559196802,0.0070556600021633,0.0099435094335304,1.293237810896177,-0.0011062166977842,0.0012132794746248,0.6444975974304336,0,Calm/Bull,0.9888
2017-01-13,dax,0.0093424975028076,0.0044002503477262,0.0071141467203484,0.0069738031017073,1.0955719018879162,0.0005195400855767,0.0011427880280913,0.6185211692556686,0,Calm/Bull,0.9909
2017-01-16,dax,-0.006424287193779,0.0046777360114322,0.0071850828265381,0.003729201675825,0.9084403503189046,-0.0001605673996817,0.0006564057643465,0.6510343894930425,0,Calm/Bull,0.9936
2017-01-17,dax,-0.0012738815903404,0.0046857275076472,0.0071780664617754,0.0137166411665944,1.254789089552426,-0.0007490255398391,0.0004933260888619,0.6527840794731683,0,Calm/Bull,0.98
2017-01-18,dax,0.0051332191340594,0.0047601396786746,0.0071933117953766,0.0060028919557745,1.1801165070701172,-0.0008049767345567,0.0005838110716479,0.6617452175135918,0,Calm/Bull,0.9939
2017-01-19,dax,-0.0002155518113644,0.0047632573916306,0.0071572313949723,0.0056885706911411,1.291942475908424,0.0013123992082766,0.000556030256435,0.6655167520469811,0,Calm/Bull,0.9949
2017-01-20,dax,0.0028622059772148,0.0047732643573455,0.0071594520105195,0.0077170247369839,1.5456686497698036,1.6340903158047413e-05,0.0007538414623474,0.6667080595459149,0,Calm/Bull,0.9959
2017-01-23,dax,-0.007281730495894,0.0050965586923712,0.0072339577027491,0.0083545859677803,1.063008573144984,-0.0001551477572649,0.0004166907366135,0.7045325535196868,0,Calm/Bull,0.9937
2017-01-24,dax,0.0042514292240843,0.0051586523352521,0.0072227332053255,0.0050133834809245,1.0450913018780603,0.00094991440562,0.0005319304268888,0.7142244062744081,0,Calm/Bull,0.9958
2017-01-25,dax,0.0180432622927283,0.0064739768201606,0.0072821610570378,0.0134194473751581,1.5033017462356546,0.0035319230373537,0.0014221095244697,0.8890186264012764,0,Calm/Bull,0.9437
2017-01-26,dax,0.0036001437920674,0.006436477519723,0.006943744645993,0.00618808362023,1.1080292068009103,0.0042950621580401,0.0017065413698298,0.9269461721115094,0,Calm/Bull,0.9997
2017-01-27,dax,-0.0029041560048238,0.0065133119000888,0.0069229818874311,0.0039291402445334,0.8547252281414046,0.0031417897616324,0.0014304699745084,0.940824633950568,0,Calm/Bull,0.9999
2017-01-30,dax,-0.0112683339047569,0.0067593588876468,0.0070515488600075,0.0113834724305743,0.8889167482526955,0.0023444690798598,0.0003589310158168,0.9585637172539728,0,Calm/Bull,0.999
2017-01-31,dax,-0.0126270205393432,0.0073546783285448,0.0069489426295657,0.0171517361308353,1.143873031380488,-0.0010312208728256,-0.0002116422574544,1.058388120410264,0,Calm/Bull,0.9992
2017-02-01,dax,0.0107085696123219,0.0077500797042472,0.0070464945189332,0.0086444563714138,1.101649794497032,-0.0024981594089069,0.0003234869556715,1.099848965102218,0,Calm/Bull,0.9999
2017-02-02,dax,-0.0027095988376499,0.0077797179119395,0.0068344062629761,0.006220363598922,1.1231374796057612,-0.0037601079348504,0.0001852841834205,1.1383165724408792,0,Calm/Bull,0.9999
2017-02-03,dax,0.0020223894261499,0.0077874419683695,0.0068236256183089,0.0059185528675164,0.915705234259664,-0.0027747988486556,0.0002257179754279,1.1412469563796883,0,Calm/Bull,1.0
2017-02-06,dax,-0.0122317808386065,0.0082482267315397,0.0070449692211747,0.0147986488463166,1.0469679548492654,-0.0029674882354255,-0.0002346835781281,1.170796702240848,0,Calm/Bull,0.9998
2017-02-07,dax,0.0034346800419329,0.0082790735625481,0.0070490304580037,0.010600486512342,0.8013482867514143,0.0002448518808296,-0.0001463700315537,1.1744981968616286,0,Calm/Bull,1.0
2017-02-08,dax,-0.0005248858244363,0.0081750331344374,0.0070445352244583,0.0096574394431467,1.0917504529159288,-0.0020018392065219,-0.0004432630781579,1.1604787078151166,0,Calm/Bull,1.0
2017-02-09,dax,0.0085810444621537,0.0080299831776276,0.0070307019536995,0.0093671609537396,1.2173174710082706,0.0002562894534387,0.0005259107212262,1.1421310746080269,0,Calm/Bull,0.9999
2017-02-10,dax,0.0020686022606281,0.0077701662379275,0.0070307563688503,0.0056929882764485,0.8777005294852959,0.0002655320203343,0.0001622159591173,1.1051678980590305,0,Calm/Bull,1.0
2017-02-13,dax,0.0091684555004994,0.0078563009562646,0.0070854126886244,0.0108523535176531,0.8678700744370746,0.0045455792881555,0.0009418530938312,1.1087993461379937,0,Calm/Bull,0.9999
2017-02-14,dax,-0.000222550800544,0.007844203092629,0.0070894219562804,0.0029851506508074,0.8042579962253223,0.0038141331196601,0.000994419633321,1.1064658220378476,0,Calm/Bull,1.0
2017-02-15,dax,0.0018773120963445,0.0077873673420207,0.0070881230676167,0.0104002787450906,0.9803038187021615,0.0042945727038163,0.0008316242814353,1.0986501317391923,0,Calm/Bull,1.0
2017-02-16,dax,-0.0031157248601814,0.0078347510273903,0.007065490368313,0.0073418855768229,0.8502417996509314,0.0019552188393492,0.0006866156289944,1.1088757636026525,0,Calm/Bull,1.0
2017-02-17,dax,-1.877185394791518e-05,0.0078191146558906,0.007067683307231,0.0069490566971792,1.0438035399484809,0.001537744016434,0.0005425667374363,1.106319329261791,0,Calm/Bull,1.0
2017-02-20,dax,0.0059870150976048,0.0076820088392058,0.0070898463079103,0.0030724561145815,0.6437778571251591,0.0009014559358551,0.0012060040171112,1.0835226189085063,0,Calm/Bull,1.0
2017-02-21,dax,0.0117563420458837,0.0080146929819848,0.0070100636106378,0.0158011083085605,0.8905858960966803,0.0032972345051407,0.0015812496582012,1.143312447239773,0,Calm/Bull,0.9976
2017-02-22,dax,0.002595303589893,0.0070283981940444,0.0070076190574073,0.005424872519199,1.1017051949730072,0.0034408328038504,0.0008088517230594,1.0029652206358344,0,Calm/Bull,0.9999
2017-02-23,dax,-0.0042394513932186,0.0070829310488509,0.0070542639905978,0.0075411673373613,0.8473510026668072,0.003216087497243,0.0004168719637951,1.0040637915296715,0,Calm/Bull,0.9999
2017-02-24,dax,-0.0121086567151789,0.0075909011768794,0.0071186486884899,0.0179845386825391,1.1790073077188397,0.0007981105249967,-4.3353071722592414e-05,1.0663401874506184,0,Calm/Bull,0.9973
2017-02-27,dax,0.0015778464322582,0.0071199893130205,0.0071007224408804,0.0057779289556758,0.7563413149778015,-8.372320807251794e-05,0.0005989559451281,1.002713367872143,0,Calm/Bull,1.0
2017-02-28,dax,0.0009925346069784,0.0064037182644933,0.0068514360963745,0.0061405613727712,0.871704054965776,-0.0022364846958535,0.0012799337024442,0.934653432421548,0,Calm/Bull,0.9998
2017-03-01,dax,0.0194788322040094,0.0073183237973775,0.0071760370089849,0.0132739835700221,1.290032957338765,0.0011402210269696,0.0017184468320286,1.0198280455095754,0,Calm/Bull,0.9947
2017-03-02,dax,-0.0006316734784501,0.0072667193393943,0.0068026130949176,0.0033740383836747,0.9774233072512508,0.0018617766099234,0.0018223430999886,1.0682247010084125,0,Calm/Bull,1.0
2017-03-03,dax,-0.0026744777560988,0.0073354845583347,0.0064972019351955,0.005222224035579,1.214802740639349,0.0037486124017394,0.0015874997408761,1.1290220977430632,0,Calm/Bull,0.9999
2017-03-06,dax,-0.0057500907879201,0.0068177185725058,0.0065577347987973,0.0064607107222776,1.163607754030231,0.0022830249577037,0.0019115842434104,1.0396453625657769,0,Calm/Bull,1.0
2017-03-07,dax,0.0006469723614179,0.0068134360326101,0.0065511596868273,0.0044742950220784,0.9212695661436816,0.0022139125085916,0.0017721988593847,1.0400351019240477,0,Calm/Bull,1.0
2017-03-08,dax,9.776458589307088e-05,0.0068038033026963,0.0064819649920882,0.0079358441065647,1.157933671244901,-0.0016623010150316,0.0018033313799012,1.049651349706599,0,Calm/Bull,1.0
2017-03-09,dax,0.0009254337335949,0.0066151577899172,0.0064548503618537,0.008926068112081,1.2429809301007777,-0.0013508795726226,0.0014205508434732,1.0248351889008744,0,Calm/Bull,1.0
2017-03-10,dax,-0.0012705903084569,0.0066400328900351,0.0063341412823296,0.0108884715928496,1.2721145870407682,-0.0010701020830942,0.001253591215019,1.048292514181654,0,Calm/Bull,1.0
2017-03-13,dax,0.00224192057997,0.0063810722280408,0.0063286611739166,0.0047522392260953,0.897744717437636,0.0005283001904838,0.0009072644689925,1.008281538967544,0,Calm/Bull,1.0
2017-03-14,dax,-0.0001034441527934,0.0063800177893878,0.006327964519982,0.0060364821597258,1.2220528422805186,0.0003782168876415,0.00091321980138,1.008225910439513,0,Calm/Bull,1.0
2017-03-15,dax,0.0017567717038599,0.0063791159766391,0.0063206043497028,0.0041407185674998,1.1676769394339777,0.0007100183112349,0.0009071927817558,1.0092572835917342,0,Calm/Bull,1.0
2017-03-16,dax,0.006085555556654,0.0064054569204457,0.0063573313610747,0.0091341948098046,1.3399155321290608,0.0017420426758467,0.0013672568025976,1.0075700882394836,0,Calm/Bull,0.9999
2017-03-17,dax,0.0009976291183836,0.0063979091340982,0.0063521118884945,0.0082371955781288,1.995254349403515,0.0021956865612148,0.0014180768512142,1.0072097668315156,2,Stress/Bear,0.9263
2017-03-20,dax,-0.0035066788614933,0.0063932657636002,0.0063750586084933,0.0040711641469854,1.1115895602726604,0.0010459666729221,0.0009433921532593,1.0028559980739111,0,Calm/Bull,1.0
2017-03-21,dax,-0.0075595107767414,0.0061272792094464,0.0064649695711173,0.0144472860763962,1.317587567101753,-0.0004452466518674,-2.2400487871956574e-05,0.9477661328555136,0,Calm/Bull,0.9991
2017-03-22,dax,-0.0048612479852699,0.0061861880197337,0.0065045025263894,0.00706310733572,1.0677442423518255,-0.0017688505896934,-0.0003952280666301,0.9510624363102024,0,Calm/Bull,0.9999
2017-03-23,dax,0.0113232669691735,0.0066393749106236,0.0066391847502371,0.0122088160308459,0.8400872443145744,-0.0007213083071895,0.0003829078514895,1.0000286421290705,0,Calm/Bull,0.9998
2017-03-24,dax,0.0020403172988168,0.0059570516919157,0.006636977732156,0.0059962058674682,0.921975340322546,-0.0005127706711028,0.0010903565521892,0.8975548709548785,0,Calm/Bull,0.9997
2017-03-27,dax,-0.0056690305989979,0.0061433260290468,0.0065738984719332,0.0066921329055022,0.848361643532318,-0.0009452410186038,0.0007280127006264,0.9345027239582856,0,Calm/Bull,0.9999
2017-03-28,dax,0.0127023033929044,0.0067024205006273,0.0067532190379047,0.0093461091490511,0.9043262688457444,0.0031071218153253,0.0013135011399227,0.9924778780323558,0,Calm/Bull,0.9999
2017-03-29,dax,0.0044003975584365,0.0052400687422173,0.0067683410221342,0.0043374323936736,0.987350148832104,0.0049594509240666,0.0005595794076441,0.7742028253424192,0,Calm/Bull,0.9953
2017-03-30,dax,0.0043688485926496,0.0052992019025515,0.006782463653022,0.004734680075445,0.8346655396507475,0.0035685672487619,0.0008096055111991,0.7813092960978013,0,Calm/Bull,0.998
2017-03-31,dax,0.0045943945832418,0.0052969367618823,0.0067988064917264,0.006750669534918,1.061315473009474,0.0040793827056469,0.0011730491281661,0.7790980326220792,0,Calm/Bull,0.9961
2017-04-03,dax,-0.0045315309586839,0.0052195551604919,0.0068166769466392,0.0096791801183822,0.8349785309312305,0.0043068826337097,0.0012339771196279,0.7657037587889901,0,Calm/Bull,0.9871
2017-04-04,dax,0.0020489102234384,0.0052206706328836,0.0068175143681011,0.0051619147028619,1.094054382763234,0.0021762039998165,0.0013040740127289,0.7657733230913124,0,Calm/Bull,0.9974
2017-04-05,dax,-0.0052898182440632,0.0054213300247479,0.0068394540514673,0.0066265353482493,0.8088293131043729,0.0002381608393165,0.0010346948712311,0.7926553762847345,0,Calm/Bull,0.9981
2017-04-06,dax,0.001092062833676,0.0054212813125754,0.006667734346997,0.0100941112614217,0.7231389928493611,-0.0004171963124781,0.0010430263262352,0.8130619833432652,0,Calm/Bull,0.9975
2017-04-07,dax,-0.0004767820036993,0.00540633653166,0.0065793333769899,0.006550405836628,0.7123938756977677,-0.0014314316298664,0.0010827167414731,0.8217149400831059,0,Calm/Bull,0.9989
2017-04-10,dax,-0.0020093728150577,0.0054418195906554,0.0065212266739996,0.0056374872612046,0.5679003552809543,-0.0009270000011411,0.0008701520717217,0.8344779077151465,0,Calm/Bull,0.9994
2017-04-11,dax,-0.0050263253515731,0.005597289885188,0.0065603670559276,0.0141276102524927,0.8259461849436801,-0.0023420471161434,0.0006240080117827,0.853197669805789,0,Calm/Bull,0.9925
2017-04-12,dax,0.0012637323216049,0.0055931224982897,0.0065364620798694,0.0098430768768479,0.7614026109824577,-0.0010313370030098,0.0005993560426699,0.8556804017138043,0,Calm/Bull,0.999
2017-04-13,dax,-0.0037669645590066,0.005517866336273,0.006561655542206,0.004769986425386,0.7733264511550587,-0.0020031424815463,0.0001067300368869,0.8409259371786334,0,Calm/Bull,0.999
2017-04-18,dax,-0.0090056261837898,0.0058746924133662,0.0066739059088072,0.0138102841440308,0.9662829355692468,-0.0037089113175645,-0.0003934327282217,0.8802480127287574,0,Calm/Bull,0.9961
2017-04-19,dax,0.0013332090524415,0.0058392770491732,0.0065953709084581,0.0031931324612378,0.9361922498195044,-0.0030403949440646,-0.0001514383325249,0.8853599183761972,0,Calm/Bull,0.999
2017-04-20,dax,0.0009041941175203,0.0055748451958068,0.0065786644546075,0.0090701703218648,0.9572210159857,-0.0018542910502459,0.0002717469121881,0.8474129109750191,0,Calm/Bull,0.9988
2017-04-21,dax,0.0017652518736774,0.0054492224245909,0.0061705381859276,0.006823212946038,1.2302148695701285,-0.0017539871398314,0.0006030719051354,0.8831032659385044,0,Calm/Bull,0.9995
2017-04-24,dax,0.0331745739355121,0.0088445423466665,0.007478132368281,0.0133930013564478,2.032075918967766,0.0056343205590723,0.0016956372534524,1.1827207531363362,2,Stress/Bear,1.0
2017-04-25,dax,0.0009677843937233,0.0088455939261714,0.007462035636276,0.0035124647811585,0.999867707093998,0.007629002674575,0.0016420106081977,1.1854129834450688,0,Calm/Bull,0.9997
2017-04-26,dax,0.000461892759816,0.0086836447894844,0.0072895941276222,0.0035212560582022,0.957375859734602,0.0074547394160499,0.0019485567761384,1.191238447224345,0,Calm/Bull,0.9998
2017-04-27,dax,-0.0023285512917186,0.0083479033209665,0.0070793050433374,0.0041217377423995,1.0999994346678217,0.0068081903342021,0.0011970140419072,1.179198137368443,0,Calm/Bull,0.9996
2017-04-28,dax,-0.0004646186037067,0.0083204827961198,0.0069727958526509,0.0038600019691403,1.1065365844751718,0.0063622162387252,0.0009537632338001,1.19327784319922,0,Calm/Bull,0.9996
2017-05-02,dax,0.0056033880849177,0.0083516725211496,0.0069788624670654,0.0062088882885738,0.9269736657926558,0.0008479790686063,0.0010154902084135,1.196709716026461,0,Calm/Bull,1.0
2017-05-03,dax,0.0015928793919658,0.008310844567833,0.0069782413616096,0.0043407230209467,0.8768105632730865,0.0009729980682548,0.0008654144488497,1.1909654792903306,0,Calm/Bull,1.0
2017-05-04,dax,0.0095283720183144,0.0084241769290763,0.0068317999714542,0.0085793525250346,1.1221271452362256,0.0027862939199545,0.0015684095976996,1.2330830768283108,0,Calm/Bull,0.9998
2017-05-05,dax,0.0054492761961772,0.0084685812581182,0.0068460488861551,0.0099796538114642,1.1508115604901574,0.0043418594175337,0.0017384278963365,1.237002744056402,0,Calm/Bull,0.9998
2017-05-08,dax,-0.0017582514006271,0.0083503149201847,0.0068543987891556,0.0080617150922682,1.0683965660185135,0.0040831328581496,0.0019150062385084,1.2182417710209354,0,Calm/Bull,0.9999
2017-05-09,dax,0.004289506689987,0.0083643266952883,0.0068023442085552,0.0062177238181035,1.178178701418371,0.0038203565791634,0.0020748784313239,1.2296241470357645,0,Calm/Bull,0.9998
2017-05-10,dax,0.0006539366721571,0.0083499808966558,0.006802836827288,0.0047352808815369,1.104753670715313,0.0036325680352017,0.0021314143651167,1.227426308854248,0,Calm/Bull,0.9998
2017-05-11,dax,-0.0036437486604472,0.0084004832843304,0.0067586455749768,0.0086845355280469,1.0317587674098312,0.0009981438994493,0.0020496955728473,1.242924072750956,0,Calm/Bull,0.9998
2017-05-12,dax,0.0046583414458195,0.0082488901690977,0.0067696713073142,0.0044336960594636,1.0804394266336443,0.0008399569493778,0.0025339289127169,1.2185067479103733,0,Calm/Bull,0.9996
2017-05-15,dax,0.0028642345171176,0.0082436808764532,0.0067721553805896,0.0080268199657338,0.8548966858816606,0.0017644541329268,0.0026139540224925,1.2172905689791649,0,Calm/Bull,0.9999
2017-05-16,dax,-0.000195986860814,0.0081361741468228,0.0067498038689461,0.0051263594679586,0.786832770869898,0.0008673554227665,0.0027925029074022,1.2053941573406246,0,Calm/Bull,0.9998
2017-05-17,dax,-0.0135966055824481,0.008541238778787,0.0070210890325537,0.0157889174518694,1.057331591317582,-0.0019827530281544,0.0025629539374692,1.216511959780737,0,Calm/Bull,0.9787
2017-05-18,dax,-0.0032948507349789,0.008638448611562,0.0070159881875025,0.0114621832809102,1.1768822194182391,-0.0019129734430608,0.0023315509480982,1.2312518751028605,0,Calm/Bull,0.9991
2017-05-19,dax,0.0038551985022289,0.0086379877861529,0.0068843776396646,0.0048921269548437,1.1423802150996611,-0.0020736020317789,0.0024791011673336,1.2547231192526147,0,Calm/Bull,0.996
2017-05-22,dax,-0.0015227142263654,0.0086834574621981,0.0068878124095419,0.0078608906894245,0.7171841086173898,-0.0029509917804755,0.0023147028623315,1.260698890429801,0,Calm/Bull,0.9985
2017-05-23,dax,0.0031402408401001,0.0047897535841098,0.0068613949704409,0.008721766693898,0.9103704997778488,-0.0022837462402926,0.0008129862075609,0.6980728561384734,0,Calm/Bull,0.9912
2017-05-24,dax,-0.0012868755425454,0.0048123980828748,0.0066509453066167,0.0035031633364871,0.7449853957623908,0.0001781997676878,0.0007002532107474,0.7235660287398786,0,Calm/Bull,0.9966
2017-05-25,dax,-0.0016743114134641,0.004841584689952,0.0066605963249601,0.0121925243416819,0.6105688810542405,0.0005023076319908,0.0005934430020834,0.7268995828209056,0,Calm/Bull,0.9798
2017-05-26,dax,-0.0015493276951692,0.0048199200693683,0.0066693047801316,0.00650526105665,0.7871997497829827,-0.0005785976074888,0.0006324041819109,0.7227020249137911,0,Calm/Bull,0.9958
2017-05-29,dax,0.0021220229123648,0.0048236365910085,0.0062174200512209,0.0043384476314457,0.4109233994117885,0.0001503498202572,0.0007617362577145,0.7758260743636526,0,Calm/Bull,0.9989
2017-05-30,dax,-0.0023997912194231,0.0047319354497098,0.0062283006827042,0.0064197110188257,0.8105206698049177,-0.0009576565916474,0.0003615772924974,0.7597474320483949,0,Calm/Bull,0.9961
2017-05-31,dax,0.0012992825022344,0.0047283686134455,0.0062126051227884,0.0100142276317344,1.4779469000398169,-0.0004404249826914,0.0003468974480109,0.7610927332402564,0,Calm/Bull,0.9939
2017-06-01,dax,0.0039446563816597,0.0043034712133082,0.0061653825841328,0.0044271370275824,0.959224122507964,0.0006833685763333,6.771166617818825e-05,0.6980055421675903,0,Calm/Bull,0.9881
2017-06-02,dax,0.0123998272385892,0.0049872561536632,0.0063396140670194,0.0112150228803647,0.9769154734940344,0.003473199563085,0.0004152392182987,0.7866813501484926,0,Calm/Bull,0.9683
2017-06-06,dax,-0.0104120407021483,0.0055314568388644,0.0065120990074391,0.0085704283821313,0.9101752199649296,0.0009663868401823,-1.745024677727129e-05,0.849412275910659,0,Calm/Bull,0.9975
2017-06-07,dax,-0.0013902264323432,0.0054438035678803,0.0065192703099313,0.0083567151101634,1.364061397552561,0.0011682997975983,-0.0003014369028937,0.8350326507534608,0,Calm/Bull,0.9978
2017-06-08,dax,0.0032371989147947,0.005498040277749,0.0065193513712256,0.0043772399499612,1.083381990281203,0.0015558830801104,-0.0001722737907619,0.84334160941466,0,Calm/Bull,0.9986
2017-06-09,dax,0.0080018013974914,0.0057231014623745,0.0065798662935095,0.0085441943438451,1.0112135320875069,0.0023673120832767,0.000410003712135,0.8697899329686771,0,Calm/Bull,0.9988
2017-06-12,dax,-0.0098235331056561,0.0060633262731529,0.0067282327664465,0.009167595164021,1.0576257552694248,-0.0020773599855723,-0.0003140900154387,0.9011766512286228,0,Calm/Bull,0.9992
2017-06-13,dax,0.0058565326744108,0.0061816440051961,0.0067573409161661,0.0048938364391102,0.8428553170456949,0.0011763546897395,-0.000164475107574,0.9148042228278368,0,Calm/Bull,0.9998
2017-06-14,dax,0.0032044012912789,0.0062273248998328,0.0067308922001336,0.0103443887054151,1.1584657450817153,0.0020952802344639,5.544300030562582e-06,0.9251856536506672,0,Calm/Bull,0.9994
2017-06-15,dax,-0.0089530522273626,0.0057627285828878,0.0068516618874948,0.014463606227349,1.3255148219156676,-0.0003427699939674,0.0002377219677848,0.84107019253322,0,Calm/Bull,0.9906
2017-06-16,dax,0.0047885333948954,0.0057853514357877,0.0068469280309567,0.0042939640070952,2.2763621643454752,-0.0009854235944867,0.0006418911742785,0.8449557830359361,2,Stress/Bear,1.0
2017-06-19,dax,0.0106249672032821,0.0061685983568716,0.0068667293482496,0.0061944411717128,0.8356547812785099,0.0031042764673009,0.0009803796093312,0.8983313662193527,0,Calm/Bull,0.9996
2017-06-20,dax,-0.0057703946081283,0.0063303190342531,0.00688141661048,0.0106736257886833,0.8445783382353539,0.0007788910107931,0.000767995590243,0.9199150978030214,0,Calm/Bull,0.9995
2017-06-21,dax,-0.0031677852550077,0.006362964825782,0.006774585548567,0.0074704671151902,0.7542085528538991,-0.0004955462984642,0.0004525942854876,0.9392404568760644,0,Calm/Bull,0.9999
2017-06-22,dax,0.0015441205993827,0.0063537144277649,0.0067735808151181,0.0069352424720572,0.7747962617524484,0.0016038882668848,0.000594144092584,0.9380141170802672,0,Calm/Bull,0.9999
2017-06-23,dax,-0.004747050888375,0.0064479063946526,0.0067592748218171,0.0086245031448701,0.8134672558178753,-0.0003032285897692,0.0004405071188385,0.9539346401244774,0,Calm/Bull,0.9999
2017-06-26,dax,0.0029344099947529,0.0064530260318775,0.0065879626987519,0.006934519508187,0.7316822009497804,-0.001841340031475,0.0006646940033346,0.9795176941575588,0,Calm/Bull,1.0
2017-06-27,dax,-0.0078462109052767,0.006714214163901,0.0066647780393899,0.0083852763179758,1.1051723909118836,-0.0022565032909047,0.0001662823124525,1.0074175200162587,0,Calm/Bull,1.0
2017-06-28,dax,-0.0018761146859216,0.00670469476211,0.0066541106536947,0.0106283748869954,1.0528448525394185,-0.0019981691770875,0.0001924661391276,1.0076019337591366,0,Calm/Bull,1.0
2017-06-29,dax,-0.0184400437772654,0.0078825892033701,0.0070669198429176,0.026823831880926,1.185871049091208,-0.0059950020524171,-0.0007945001748473,1.115420774337765,2,Stress/Bear,0.8789
2017-06-30,dax,-0.0073618350681662,0.0079301141019246,0.0071079529299975,0.011414933757222,1.0576744676392014,-0.0065179588883754,-0.0013598247473386,1.1156677850886385,0,Calm/Bull,0.9999
2017-07-03,dax,0.0121119908875063,0.0079040467149112,0.0072717442836033,0.0076598957143238,0.7895346427221633,-0.0046824427098247,-0.0013742165648927,1.0869533370052191,0,Calm/Bull,0.9996
2017-07-04,dax,-0.003065112709101,0.0076277993379006,0.0072486022603057,0.0056484092923305,0.6673204230909278,-0.0037262230705896,-0.0010068701652404,1.052313130721973,0,Calm/Bull,1.0
2017-07-05,dax,0.0013297925950996,0.007644833954683,0.0072491092292774,0.0072372090076288,0.872286006239128,-0.0030850416143853,-0.0008708692138682,1.0545894278716932,0,Calm/Bull,1.0
2017-07-06,dax,-0.0058329050064746,0.0076573269827664,0.0072917014322652,0.0140769339979808,1.176888794100215,-0.0005636138602271,-0.0013243744099317,1.0501426935671494,0,Calm/Bull,0.9998
2017-07-07,dax,0.000599895745894,0.0073557865656085,0.0072860097164283,0.0039366205665328,0.8327515982959379,0.0010287323025848,-0.0016944696925116,1.009576826259626,0,Calm/Bull,0.9998
2017-07-10,dax,0.0046097248706348,0.0072230973612124,0.0072738124620764,0.0061666795609944,0.7404893828664317,-0.0004717209007894,-0.000972806793697,0.9930277139906476,0,Calm/Bull,0.9999
2017-07-11,dax,-0.0007153809959909,0.0070433113560523,0.0072743889377009,0.0097555590244221,0.776601590209962,-1.7745581674186032e-06,-0.0013014024772171,0.9682340903644848,0,Calm/Bull,0.9997
2017-07-12,dax,0.0151266509479355,0.0078974617248146,0.0074972339786859,0.0142580391779556,1.0382274626891934,0.0027575971123997,-0.0007052899943843,1.0533833874288152,0,Calm/Bull,0.9986
2017-07-13,dax,0.0011674888492305,0.0076618967809768,0.0073883166344034,0.0049836527968696,0.8679205856777472,0.0041576758835407,-0.0001992629405546,1.0370287523005584,0,Calm/Bull,1.0
2017-07-14,dax,-0.0007605217494511,0.0075717128767865,0.0073910219580746,0.0067037338805049,0.8156374883988714,0.0038855923844717,-0.000476715697772,1.0244473524415016,0,Calm/Bull,0.9999
2017-07-17,dax,-0.0035338299631894,0.0071280058827195,0.0074124657605263,0.0089909018770057,0.6440050283592211,0.0022568814177068,-0.0011846555560955,0.9616241225259208,0,Calm/Bull,0.9996
2017-07-18,dax,-0.0125330067179325,0.007507295801346,0.0076068335726809,0.015144336205395,1.0493276258252675,-0.0001066437266814,-0.0015227861615858,0.9869146905366294,0,Calm/Bull,0.9958
2017-07-19,dax,0.0017409998534865,0.0075308900127618,0.0062878293532319,0.0045374055586198,0.9042735771422372,-0.0027837739455712,-0.001277346906161,1.197693129011359,0,Calm/Bull,0.9997
2017-07-20,dax,-0.0003855373271219,0.007505156998101,0.0062867118031482,0.014728482320392,1.22782171902991,-0.0030943791808417,-0.0013738298024863,1.193812796435589,0,Calm/Bull,0.9996
2017-07-21,dax,-0.016785571050286,0.0082370060323651,0.0066479419101245,0.0223226420737937,1.5149897376066803,-0.0062993890410086,-0.0019757558105818,1.2390309878942332,0,Calm/Bull,0.7055
2017-07-24,dax,-0.0025448385916191,0.0081558184522313,0.0066491113705312,0.0076861517369469,0.9735147293029393,-0.0061015907666946,-0.0022497182399004,1.2266027740756282,0,Calm/Bull,0.9991
2017-07-25,dax,0.0045240781123124,0.0081780917290234,0.0066783676683956,0.0073816037436498,0.8982853077335659,-0.0026901738006456,-0.001631203789021,1.224564464715678,0,Calm/Bull,0.9998
2017-07-26,dax,0.003321268380389,0.0082521412275289,0.0066509988001864,0.0069312697428731,0.9228944036689124,-0.0023741200952651,-0.0013713346357054,1.2407371397056417,0,Calm/Bull,0.9998
2017-07-27,dax,-0.0075922982963068,0.0073818224106636,0.0067127582523558,0.0096528392470001,1.1728004106471517,-0.0038154722891021,-0.0008289473616575,1.0996705278449328,0,Calm/Bull,0.9999
2017-07-28,dax,-0.0040484461098015,0.0072637251680884,0.0065994091009336,0.0070049592098665,1.0705442937473406,-0.0012680473010052,-0.0006632779137393,1.1006629619401638,0,Calm/Bull,1.0
2017-07-31,dax,-0.0036613266458411,0.0066325088092409,0.0065613540074412,0.0093197824046376,1.0205690687904718,-0.0014913449118496,-0.0014519437904066,1.0108445302172302,0,Calm/Bull,0.9999
2017-08-01,dax,0.0109186599802582,0.0071688856865428,0.0067319794107106,0.0171671972363242,1.0110456740471208,-0.0002124285382604,-0.0007527551559387,1.0649001206297648,0,Calm/Bull,0.999
2017-08-02,dax,-0.0057144367036172,0.0072339322424261,0.0067329047247673,0.0099708702278914,0.995391451464068,-0.0020195695550617,-0.0011049666208745,1.074414764227355,0,Calm/Bull,1.0
2017-08-03,dax,-0.0021992548350948,0.0071541288509782,0.006732831402205,0.0070318138538165,0.9350915601902352,-0.0009409608628193,-0.0009232841123055,1.0625735925357076,0,Calm/Bull,1.0
2017-08-04,dax,0.0116963078889149,0.0076887721967816,0.0069121396445029,0.0161265923203337,1.121009467420934,0.0022079899369239,-0.0003684635051545,1.1123577636190174,0,Calm/Bull,0.999
2017-08-07,dax,-0.0033027915929817,0.0076224207577965,0.0068868112212642,0.0089931419285682,0.7754907418687021,0.0022796969474958,-0.0007640893283353,1.1068142443430078,0,Calm/Bull,1.0
2017-08-08,dax,0.0028416305423847,0.0076649952542269,0.0068866144646981,0.0118271472311363,0.812531219211221,0.0006642910599211,-0.0005862387514165,1.113028076933724,0,Calm/Bull,1.0
2017-08-09,dax,-0.0112943623437666,0.0070679275742281,0.0070210216322193,0.0104820975861856,1.3359712844966374,-0.0004516940681087,-0.0019072894160016,1.0066807858550864,0,Calm/Bull,0.9992
2017-08-10,dax,-0.0115607429863085,0.0073441380629541,0.0069631503850198,0.0137494032786288,1.0957134164916582,-0.0023239916983514,-0.0025437010077786,1.0547148426887276,0,Calm/Bull,0.9996
2017-08-11,dax,-1.999590327904918e-05,0.0073554593191853,0.0069563743278369,0.0093198910748856,1.0376686692970891,-0.0046672524567902,-0.00250667471547,1.0573696831913464,0,Calm/Bull,0.9999
2017-08-14,dax,0.0124952553613128,0.0080756591174257,0.0071409410225932,0.008091139795729,0.8732399256359504,-0.0015076430659313,-0.0017052204492449,1.1308956469287743,0,Calm/Bull,0.9998
2017-08-15,dax,0.0009793644238013,0.0076775337501288,0.0071429834943241,0.0063865710386534,0.687982636369594,-0.0018800962896479,-0.0010296018921582,1.074835712028381,0,Calm/Bull,1.0
2017-08-16,dax,0.0071045400370959,0.0078706504042423,0.0071962536604897,0.0049389271211232,0.7421608515538861,0.0017996841865245,-0.0007614248829777,1.093714976648931,0,Calm/Bull,1.0
2017-08-17,dax,-0.0049372397588723,0.0079248305862746,0.0072181692313358,0.0086680559264418,0.8658508938523252,0.0031243848320117,-0.0009890100045652,1.0979003584276037,0,Calm/Bull,1.0
2017-08-18,dax,-0.0031408848744422,0.0070301838268415,0.0072243852197607,0.0080023087133458,1.0531351403139764,0.0025002070377791,-0.000306775695773,0.9731186271202686,0,Calm/Bull,0.9998
2017-08-21,dax,-0.0081878593448839,0.0072349901900123,0.0072894940237859,0.0105983744664553,0.8474450056164966,-0.0016364159034602,-0.0005889267334363,0.9925229606340746,0,Calm/Bull,0.9998
2017-08-22,dax,0.0134471991404268,0.0078184851288539,0.0075078114943894,0.0090470663053855,0.8116066624291008,0.0008571510398648,-0.0001427706820306,1.041380052588786,0,Calm/Bull,0.9999
2017-08-23,dax,-0.0045108134018011,0.0078319811294048,0.0075216279749436,0.0093787477991988,0.7872622118126443,-0.0014659196479145,-0.0005343747711401,1.0412614337607564,0,Calm/Bull,1.0
2017-08-24,dax,0.0005362544667521,0.0076553625298065,0.0075190566762663,0.0069954149586672,0.7916246517156836,-0.0003712208027896,-0.0001279471329871,1.018128052415204,0,Calm/Bull,1.0
2017-08-25,dax,-0.001058751581516,0.0076037944295772,0.0074956914511095,0.0096105360116809,0.7397481726408306,4.5205855795546955e-05,2.1537593427108343e-05,1.0144220155235617,0,Calm/Bull,1.0
2017-08-28,dax,-0.003661438551374,0.0076037972822994,0.0073055090228086,0.0090048413809958,0.4630317061526538,0.0009504900144975,2.1531998150463393e-05,1.0408305921681176,0,Calm/Bull,1.0
2017-08-29,dax,-0.0147567814936975,0.0078312016479175,0.0074216484413502,0.0136850922957305,1.2926928181464994,-0.0046903061123273,-0.0012622400755473,1.0551835902500268,0,Calm/Bull,0.9995
2017-08-30,dax,0.0047259999124122,0.0078666969369491,0.0074582130287604,0.0042666186296781,0.7707073279600953,-0.0028429434494846,-0.0007402182447458,1.054769675606416,0,Calm/Bull,0.9999
2017-08-31,dax,0.0044367377166818,0.007941509065979,0.0074711022542656,0.0067494358121955,1.0544903179184328,-0.0020628467994987,-0.000408418617157,1.0629635086904132,0,Calm/Bull,0.9999
2017-09-01,dax,0.0071740190939747,0.0076372706674662,0.0074551600826172,0.00872305375966,1.0052144767912414,-0.0004162926644005,-0.000634533056904,1.02442745465301,0,Calm/Bull,0.9999
2017-09-04,dax,-0.0033351186438678,0.0076378684969589,0.0073700873216707,0.0072614739866645,0.6065825309595128,-0.0003510286828993,-0.0006361494094483,1.0363335145977055,0,Calm/Bull,1.0
2017-09-05,dax,0.0017749588633943,0.0076159986339229,0.0073263972657876,0.0090723247858442,0.913538777935322,0.002955319388519,-0.0006894829933978,1.0395284827766027,0,Calm/Bull,0.9999
2017-09-06,dax,0.0074640123932045,0.0073930531350338,0.0073868286010488,0.0158761542599915,1.1813797888427755,0.0035029218846775,0.0002484357434507,1.0008426530952728,0,Calm/Bull,0.9962
2017-09-07,dax,0.0066981829859044,0.0069734857885853,0.0073699373785943,0.0079769696807012,1.3342887592582993,0.003955210938522,0.0011613820420613,0.9462069255621588,0,Calm/Bull,0.9994
2017-09-08,dax,0.0005975938036663,0.0069693453188877,0.0073384962415149,0.0061996419476801,0.8931639296815451,0.0026399258804603,0.0011922615274086,0.9496966530365032,0,Calm/Bull,0.9999
2017-09-11,dax,0.013823073344944,0.0070880005785722,0.0074324002961357,0.0080511037253008,1.1182843878384936,0.0060715642782227,0.0012586524265901,0.9536623831008548,0,Calm/Bull,0.9985
2017-09-12,dax,0.003962347386338,0.007113154408389,0.0074225972347012,0.0036280451767294,1.216673716216854,0.0065090419828114,0.001407801574717,0.9583107076232674,0,Calm/Bull,0.9994
2017-09-13,dax,0.0022968660677867,0.0069906865381864,0.0074213559227868,0.006101818643476,1.129998230408207,0.0054756127177279,0.0011674178762515,0.9419689085011922,0,Calm/Bull,0.9995
2017-09-14,dax,-0.0010456768678354,0.0068648532688191,0.0074180355429005,0.0041952522232547,1.167277516386671,0.0039268407469799,0.0013619960208033,0.9254273896529376,0,Calm/Bull,0.9995
2017-09-15,dax,-0.0017271563950431,0.0068231995601955,0.0073978001430313,0.0043461943711107,2.5148920915230177,0.003461890707238,0.0014326824447733,0.9223281824696172,2,Stress/Bear,1.0
2017-09-18,dax,0.0032362860817191,0.0064430198842299,0.0074001278847438,0.0060902050142234,0.7700945681081759,0.001344533254593,0.0020038897161035,0.8706633161722683,0,Calm/Bull,0.9995
2017-09-19,dax,0.0001911049291606,0.0058592628230373,0.0073332552476622,0.0030489129788351,0.9746828477991174,0.0005902847631575,0.0013410850055401,0.7989988927366486,0,Calm/Bull,0.9982
2017-09-20,dax,0.0005873140569325,0.0057000100011591,0.0073302903467399,0.0059693896974787,1.3031009257419517,0.0002483743609867,0.0015959913784768,0.777596756954403,0,Calm/Bull,0.9976
2017-09-21,dax,0.0024522326325648,0.0056973619213748,0.0069297607887133,0.0031142968328991,1.261207162074961,0.0009479562610668,0.0016917902867675,0.8221585268360578,0,Calm/Bull,0.9983
2017-09-22,dax,-0.0006097609147056,0.0056868282813625,0.0068585969738454,0.0061751593655808,0.9454774388442848,0.0011714353571342,0.001714239820108,0.8291532952072608,0,Calm/Bull,0.999
2017-09-25,dax,0.0001953345296126,0.0055588986154981,0.0066827278681914,0.0054164952778089,0.9466037240259888,0.0005632450467129,0.0019070784741573,0.8318307620990331,0,Calm/Bull,0.999
2017-09-26,dax,0.0008246525049382,0.0039634785705715,0.0066697764268723,0.0061926482009804,0.8943120277000176,0.0006899545618685,0.0026861501740891,0.594244591858106,0,Calm/Bull,0.9861
2017-09-27,dax,0.004133384044186,0.0039496170663794,0.0066874537491891,0.0047119137535849,0.9613217527729472,0.0013991685593192,0.0026565193806778,0.5906010291074304,0,Calm/Bull,0.9892
2017-09-28,dax,0.0037252721575709,0.0039359194101576,0.0066533571592669,0.0033586065387904,1.019833310272857,0.0016537764643204,0.0026209461027223,0.5915689351917058,0,Calm/Bull,0.9896
2017-09-29,dax,0.0097292489060303,0.0041282646129239,0.0067608358896487,0.0083000723238078,1.2361053960766348,0.0037215784284676,0.002748707593325,0.6106145275977797,0,Calm/Bull,0.9645
2017-10-02,dax,0.0057353990659505,0.0039175883778307,0.0067737520156413,0.0041123757730856,0.8420127479140006,0.0048295913357352,0.003202233478816,0.5783483612604337,0,Calm/Bull,0.9887
2017-10-04,dax,0.0052463070043262,0.0039279101589459,0.0067978023833347,0.0063598249997816,1.2977415011219515,0.0057139222356128,0.0033758008858626,0.5778205863376467,0,Calm/Bull,0.9669
2017-10-05,dax,-0.0001904288966732,0.0038812374863148,0.0065291421243697,0.0027637787371501,0.8867045465900533,0.0048491596474409,0.0029930788213687,0.5944483076617824,0,Calm/Bull,0.9845
2017-10-06,dax,-0.0009342216048722,0.0038729785617407,0.0065308364670157,0.004042924023676,0.8343002517843651,0.0039172608949523,0.0026114585918298,0.593029481185353,0,Calm/Bull,0.9869
2017-10-09,dax,0.0015779497365534,0.0038522975382131,0.0065307121350832,0.004091261224365,0.695638291812043,0.0022870010610569,0.0026604763884742,0.5898740380116289,0,Calm/Bull,0.9898
2017-10-10,dax,-0.0020944817307431,0.0029673784111043,0.0065184673688479,0.0054960651678668,0.750654774555376,0.0007210249017182,0.0018645986346898,0.4552263965124101,0,Calm/Bull,0.9898
2017-10-11,dax,0.0016535301322996,0.0029260969719074,0.0062920812557029,0.0039381188461716,0.8441755312894219,2.4695273129019328e-06,0.0017491577719879,0.4650443713286915,0,Calm/Bull,0.9797
2017-10-12,dax,0.0009409081024852,0.0029284464926133,0.0062907049864886,0.0044111544348597,0.8630720094136911,0.0002287369271446,0.0016813598737228,0.4655196037492115,0,Calm/Bull,0.9804
2017-10-13,dax,0.0006914765864138,0.0028684530285999,0.0062891035898449,0.0055719942046088,0.7989627596867269,0.0005538765654018,0.0017682175464353,0.4560988680853671,0,Calm/Bull,0.9785
2017-10-16,dax,0.0009101611389517,0.0027577954810175,0.0058544644988246,0.0020048380159823,0.6969571370927149,0.0004203188458814,0.001900083423135,0.4710585368774939,0,Calm/Bull,0.8843
2017-10-17,dax,-0.0006646951928497,0.0027960032701422,0.0058401363410908,0.0051612162404567,0.8639650443686734,0.0007062761534601,0.0017050343594066,0.4787565061571787,0,Calm/Bull,0.8719
2017-10-18,dax,0.0036846602563082,0.0028055559668272,0.0058326492495886,0.0069646272258524,0.8130503922475585,0.0011125021782618,0.001879712125764,0.4810088600862044,0,Calm/Bull,0.8161
2017-10-19,dax,-0.0040664136227925,0.0030963051066891,0.0058612819762938,0.0100876854683953,1.0332223902237594,0.0001110378332063,0.0016470257417777,0.5282641441261946,0,Calm/Bull,0.7447
2017-10-20,dax,9.088540090152604e-05,0.0031089803502501,0.0057555137479196,0.0082478699843066,1.062216854002889,-9.08040389614665e-06,0.0015289583801946,0.5401742548827815,0,Calm/Bull,0.8143
2017-10-23,dax,0.0009124555084099,0.0030722828472205,0.0057168115628954,0.0073805792846754,0.7896208508920538,-8.621530004518916e-06,0.0016050692013503,0.5374119495491058,0,Calm/Bull,0.7866
2017-10-24,dax,0.0007726517706254,0.0030610319737976,0.0056825970523641,0.005553634844813,1.238092278229685,0.0002788478626905,0.001633935063401,0.5386677861531938,0,Calm/Bull,0.8486
2017-10-25,dax,-0.0046044054826639,0.0033624602453156,0.0055845697214006,0.0091288702027971,1.1978384680863516,-0.0013789652851039,0.0013624821640209,0.6020983554794443,0,Calm/Bull,0.791
2017-10-26,dax,0.0137904015254463,0.0043342517245173,0.0057563603359043,0.0155193758342486,1.399509019729056,0.0021923977445438,0.0018453330380839,0.7529500364115862,1,Transition,0.6223
2017-10-27,dax,0.0063952508351186,0.0044351476791292,0.005775875999034,0.0047270875340909,1.3021421144639145,0.0034532708313872,0.0019788319719613,0.7678744626565687,0,Calm/Bull,0.9916
2017-10-30,dax,0.0009097609612039,0.0040453023149776,0.005615518681489,0.0030825092935156,0.9141999356477084,0.003452731921946,0.0015378575747199,0.720379103770516,0,Calm/Bull,0.9879
2017-11-01,dax,0.0176770847851072,0.0053638657164539,0.005971208424432,0.0109383188327934,1.545681864282821,0.0068336185248424,0.0021349418606778,0.8982881412256428,0,Calm/Bull,0.946
2017-11-02,dax,-0.0018270782357226,0.0053810849243991,0.0059847211635135,0.0040882733999868,1.181439474182134,0.0073890839742307,0.0017812725986753,0.8991371155611138,0,Calm/Bull,0.9988
2017-11-03,dax,0.0028180523777784,0.0053650927389492,0.005746367299514,0.0055486915890355,1.0915169083744385,0.0051946141446971,0.0019316966623979,0.9336494622268504,0,Calm/Bull,0.9999
2017-11-06,dax,-0.0007473982200896,0.0053600004839887,0.0054863302630634,0.0029379263011181,1.1091090652582594,0.0037660843336554,0.0019410378316371,0.9769737195871634,0,Calm/Bull,1.0
2017-11-07,dax,-0.0066687009046307,0.005696064682055,0.00559198939425,0.0116381511392537,1.051250763663663,0.0022503919604885,0.0015287052995778,1.0186114959216503,0,Calm/Bull,0.9999
2017-11-08,dax,0.0002354403405711,0.0056416287660079,0.0054155348075471,0.0055788997896756,1.2292501974612315,-0.0012379369284186,0.0016452014031436,1.041749146944045,0,Calm/Bull,1.0
2017-11-09,dax,-0.0150471881676652,0.0067645423393826,0.0058258320100255,0.0172068312618004,1.6129154081142898,-0.0038819589148072,0.0008101654881453,1.161128973122076,0,Calm/Bull,0.8422
2017-11-10,dax,-0.004187750886839,0.0068559177107441,0.0058182669496666,0.0080228207058359,1.2856208073637745,-0.0052831195677307,0.0005537325386791,1.178343615041069,0,Calm/Bull,0.9982
2017-11-13,dax,-0.004049316891817,0.0069324328530168,0.0058036735402806,0.0155486851636432,1.1185846283535334,-0.0059435033020761,0.0003166928647675,1.194490490359592,0,Calm/Bull,0.9981
2017-11-14,dax,-0.0031361761051484,0.006973126374448,0.0058036145795754,0.0106739823609328,0.9833681228370654,-0.0052369983421797,0.0001143760025625,1.2015143801913408,0,Calm/Bull,0.9997
2017-11-15,dax,-0.0043914472444937,0.0070444692542594,0.0057201896834593,0.0114238599112283,1.3738872497701595,-0.0061623758591927,-7.196160001961373e-05,1.2315097302855935,0,Calm/Bull,0.9929
2017-11-16,dax,0.0054450431204147,0.0071046188843017,0.0055198717742216,0.0048991968999621,1.0203905570508534,-0.0020639296015767,1.605754318571022e-05,1.2870985368683658,0,Calm/Bull,0.9975
2017-11-17,dax,-0.00410809380126,0.007105885429333,0.0055132004056041,0.0080846532056475,1.0192015897477311,-0.0020479981844609,1.3973534262335435e-05,1.2888857481236984,0,Calm/Bull,0.9991
2017-11-20,dax,0.0049845576838201,0.0071924007297663,0.0055355508646251,0.0121788940947652,0.908777690768626,-0.0002412232693334,0.0002586571484082,1.2993107471433785,0,Calm/Bull,0.9978
2017-11-21,dax,0.0083031859394142,0.0074142032373571,0.0056034829813452,0.0138401124154071,0.9908062722106068,0.002046649139579,0.0006281936699584,1.323141921201508,0,Calm/Bull,0.9892
2017-11-22,dax,-0.0116490982997734,0.0079054738513677,0.005814644169869,0.0140599056035006,0.7964182155615716,0.0005951189285231,7.1061664385444095e-06,1.3595799881157342,0,Calm/Bull,0.9592
2017-11-23,dax,-0.0004987962497512,0.0078323919707461,0.0054308708380461,0.009834277411453,0.6940730656100553,-0.00059364894551,0.0002123866280841,1.442198167534397,0,Calm/Bull,0.9376
2017-11-24,dax,0.003935042090272,0.007219200223024,0.0054236660270559,0.0137160857220025,0.6578636647548981,0.0010149782327963,-0.0002803813436745,1.3310554497661005,0,Calm/Bull,0.9191
2017-11-27,dax,-0.0045771036781484,0.0071011426619312,0.0054630219156388,0.009875974716435,0.6722620244651606,-0.0008973540395973,-0.0008289990693378,1.299856154997843,0,Calm/Bull,0.9957
2017-11-28,dax,0.004553399407247,0.0071942280843287,0.0054252582314549,0.008011764636383,0.6952916180306664,-0.0016473113460307,-0.0006468171470357,1.3260618716022683,0,Calm/Bull,0.9943
2017-11-29,dax,0.0001791514789611,0.0057719348006246,0.0053942028800529,0.012158331498491,0.9975573467514424,0.0007183386097161,-0.001521713812343,1.0700255309210758,0,Calm/Bull,0.9999
2017-11-30,dax,-0.0029049982448234,0.0057799632503081,0.0054205755078615,0.0117928496682351,1.3246854928563705,0.0002370982107017,-0.001575609812798,1.0663006616041746,0,Calm/Bull,0.9997
2017-12-01,dax,-0.0125547161613841,0.0061736790040848,0.0056397552478283,0.0197613302672115,1.185469592747856,-0.0030608534396295,-0.0023442482397561,1.0946714410101452,0,Calm/Bull,0.9881
2017-12-04,dax,0.0152054832316847,0.0073157737291551,0.005890386880337,0.0109835846740435,0.8911965548474045,0.000895663942337,-0.0015466041671674,1.2419852681623045,0,Calm/Bull,0.9954
2017-12-05,dax,-0.0007668235851181,0.007216650830002,0.0058946066495966,0.0102532573500163,0.8476860369796174,-0.0001683806561359,-0.0012515103011918,1.2242803055392872,0,Calm/Bull,0.9998
2017-12-06,dax,-0.0038153911495669,0.0072295553326414,0.0056790955798802,0.0130065596249427,0.8897594632647191,-0.0009672891818416,-0.0014540518756987,1.273011737688325,0,Calm/Bull,0.9985
2017-12-07,dax,0.0035555851657639,0.0065537570024546,0.0056753588228435,0.0072118814507965,0.8319853882168993,0.0003248275002758,-0.0005239132090272,1.1547740340356023,0,Calm/Bull,1.0
2017-12-08,dax,0.0082866555916157,0.006776525896564,0.0057564105615458,0.0079171371470524,1.139378403936674,0.0044931018508758,9.980711489545e-05,1.1772137904535211,0,Calm/Bull,0.9996
2017-12-11,dax,-0.0022871269071292,0.0067310424610416,0.0057653020473186,0.0060653558275114,0.795863931292473,0.000994579823113,0.0001879166141298,1.1675090751181376,0,Calm/Bull,1.0
2017-12-12,dax,0.0045523681910241,0.0067507304833803,0.0057764171129514,0.0078863342675353,0.8587150929360184,0.0020584181783415,0.0005723438289384,1.16867088220556,0,Calm/Bull,1.0
2017-12-13,dax,-0.0044008015914439,0.0067510928094017,0.0058072785070478,0.0051555523149727,1.347151600746641,0.0019413360899661,0.0005718761115909,1.1625226517392655,0,Calm/Bull,0.9988
2017-12-14,dax,-0.0043949208865212,0.0067357955785475,0.005844618151347,0.0112878664123295,1.3578455943605348,0.0003512348795091,7.98779112441693e-05,1.1524782978328667,0,Calm/Bull,0.9996
2017-12-15,dax,0.0027112946990398,0.0066850498707508,0.0058506085735966,0.0077123753870254,1.960945085285942,-0.000763837299006,0.0004208473362591,1.142624700773867,2,Stress/Bear,0.9798
2017-12-18,dax,0.0158044889892935,0.0074660049784052,0.0061641570580306,0.0094521667909471,0.9983330347029152,0.0028544858802784,0.0009618439015328,1.2111964228228944,0,Calm/Bull,0.9994
2017-12-19,dax,-0.0072760754334162,0.0074724607347656,0.0062515910910226,0.009512842303858,0.7988729934508451,0.0004887971553903,0.0001828808328913,1.1952894272781576,0,Calm/Bull,0.9999
2017-12-20,dax,-0.0111563143438797,0.0074320968015317,0.0064393170203019,0.017335421581235,0.8635326651919022,-0.0008623053950967,0.0002075200306859,1.1541747017734518,0,Calm/Bull,0.9968
2017-12-21,dax,0.0030994678339743,0.0074576075557906,0.0064472571971613,0.0094647243886381,0.760486052535213,0.0006365723490023,0.0003874332348722,1.1567101059771865,0,Calm/Bull,1.0
2017-12-22,dax,-0.0028225094715523,0.0074414814494923,0.0064461726844603,0.003724488267578,0.5749824819480335,-0.000470188485116,4.955565678104732e-05,1.154403056472773,0,Calm/Bull,0.9999
2017-12-27,dax,-0.000211951803835,0.0073622327816963,0.0064332058167924,0.0082869460612536,0.4910039303283699,-0.0036734766437418,0.0002678132504967,1.144411198920276,0,Calm/Bull,0.9998
2017-12-28,dax,-0.0069159001192425,0.0074569261573104,0.0063859844980224,0.0080216174913529,0.4803058046723077,-0.003601441580907,-0.0003056517258277,1.1677018883493373,0,Calm/Bull,0.9996
2017-12-29,dax,-0.004811329957847,0.0075230525143181,0.0063760452673643,0.0053422891103288,0.4831120383504521,-0.0023324447037005,-0.0005551757976681,1.179893209482807,0,Calm/Bull,0.9997
2018-01-02,dax,-0.0035868003445925,0.0075357949417772,0.006355254198132,0.0139075710171458,1.0089220269285295,-0.0036696983394139,-0.0005892659026566,1.1857582256886208,0,Calm/Bull,0.9999
2018-01-03,dax,0.0082648027173441,0.0072275999350526,0.0064469248834013,0.0100584009239645,1.011922915202045,-0.0014522359016346,0.0004517100412797,1.1210926241224477,0,Calm/Bull,1.0
2018-01-04,dax,0.0145094693289236,0.0071541241939622,0.0067113377672115,0.0110632524565002,1.1965029511057166,0.0014920483249171,0.0004169093461417,1.0659758817256852,0,Calm/Bull,0.9998
2018-01-05,dax,0.0114583477087781,0.0075585008381124,0.0068634548433248,0.0085354751424027,1.3067100615223546,0.0051668978905212,0.0010281679108365,1.1012676575651292,0,Calm/Bull,0.9996
2018-01-08,dax,0.0036077430757027,0.0074900873477038,0.0068673119716035,0.0055102758081958,1.096364358559924,0.0068507124972312,0.0013993246221,1.0906869206867982,0,Calm/Bull,0.9999
2018-01-09,dax,0.0013313891195954,0.0074728792603167,0.0068665446939606,0.0047663050662865,1.0822158553032006,0.0078343503900688,0.0012881148197916,1.0883027189627736,0,Calm/Bull,0.9998
2018-01-10,dax,-0.0078187127132906,0.0075464183024544,0.0069501600311347,0.0113173499120447,1.3615105011824622,0.0046176473039418,0.0004828464045462,1.0857905816051108,0,Calm/Bull,0.9989
2018-01-11,dax,-0.0059234987892125,0.0076596258713352,0.006997421542813,0.011119567862471,1.224043917881894,0.0005310536803146,0.0003010278104421,1.094635477435581,0,Calm/Bull,1.0
2018-01-12,dax,0.0031858763531868,0.0076257272038858,0.0070071191636485,0.0073333077242783,0.9668432729336564,-0.0011234405908036,0.0002327032185502,1.0882827915138773,0,Calm/Bull,1.0
2018-01-15,dax,-0.0033669609170657,0.0075961117689166,0.0070221353068808,0.0058073633224095,0.6638012363349525,-0.0025183813893573,0.0002843952522691,1.0817381660922127,0,Calm/Bull,1.0
2018-01-16,dax,0.0034650913770569,0.0075444270292152,0.0070203781008277,0.0116658933097772,0.9967706626821368,-0.002091640937865,0.000677395865448,1.0746468239831273,0,Calm/Bull,1.0
2018-01-17,dax,-0.0047196026126071,0.0076215730561277,0.007027699896777,0.0086416118070794,1.0841260651805704,-0.0014718189177283,0.0003058509998657,1.0845046271288628,0,Calm/Bull,1.0
2018-01-18,dax,0.0073658592258832,0.0069196689689526,0.0070874664659364,0.0069232151565008,1.1053055631230506,0.0011860526852908,-0.0001160804883048,0.976324756132504,0,Calm/Bull,0.9998
2018-01-19,dax,0.011455522473826,0.0071629433219984,0.0072304439180719,0.0112144638641459,1.3058615927166417,0.0028399819094186,0.0008204994070573,0.9906643911717844,0,Calm/Bull,0.9993
2018-01-22,dax,0.0021741462579627,0.0065868713794884,0.0072334587370582,0.0043888296495369,1.1400450643182514,0.0039482033444243,0.0014870224371494,0.9106115924519992,0,Calm/Bull,0.9995
2018-01-23,dax,0.00709829056736,0.0066981436451778,0.0072494059399609,0.0058320363729858,1.1448858931806003,0.0046748431824849,0.0016869635738187,0.9239575905462312,0,Calm/Bull,0.9995
2018-01-24,dax,-0.0107406348724625,0.0071943415559113,0.0071937283753851,0.0120836935000517,1.2035926724648671,0.0034706367305138,0.0012910573037732,1.0000852382094771,0,Calm/Bull,0.9989
2018-01-25,dax,-0.0087133740811478,0.0075310877104954,0.0072429184450057,0.0166103654255425,1.1708944472957536,0.0002547900691076,0.0008659861899075,1.039786346854196,0,Calm/Bull,0.999
2018-01-26,dax,0.0031390323876204,0.0073168236603728,0.0072528454167999,0.0060254749261621,0.8218654276812573,-0.0014085079481334,0.0013687328152507,1.0088211232828337,0,Calm/Bull,1.0
2018-01-29,dax,-0.0011767980982904,0.0071994455989892,0.0068788984695479,0.0071432194090588,0.8376692215901171,-0.002078696819384,0.0015504594082285,1.046598613260591,0,Calm/Bull,1.0
2018-01-30,dax,-0.0095596533459921,0.0075396067910804,0.006982027585377,0.0104525857683495,1.2051239854080331,-0.0054102856020545,0.0012518167581585,1.0798592097904656,0,Calm/Bull,0.9997
2018-01-31,dax,-0.0006237490479515,0.0073643994221243,0.0069700679765683,0.0082687522934203,1.154252163219888,-0.0033869084371523,0.0008073891698937,1.0565749784480871,0,Calm/Bull,1.0
2018-02-01,dax,-0.0141702351762585,0.0073481438972812,0.0071944571110917,0.0253485395082034,1.2540222721440426,-0.0044782806561744,-0.0006265960553653,1.0213618322850937,0,Calm/Bull,0.6323
2018-02-02,dax,-0.0169642069579333,0.0076309230299795,0.0074598860512027,0.0134937325103169,1.4171322350294355,-0.0084989285252852,-0.0020477237887009,1.0229275591614753,0,Calm/Bull,0.9932
2018-02-05,dax,-0.0076686484543896,0.0076076186807628,0.0075116727786323,0.0102588594972748,1.1353924667404045,-0.009797298596505,-0.0026115433652055,1.012772907574386,0,Calm/Bull,0.9956
2018-02-06,dax,-0.0235121126248614,0.0088557696854042,0.007853801031295,0.0256038494307839,1.9352506557646283,-0.0125877904522789,-0.0038537184524283,1.1275775449513838,2,Stress/Bear,0.9999
2018-02-07,dax,0.0158326022707118,0.0098245912913507,0.0081375240074923,0.0187793773172207,1.4274755401117334,-0.0092965201885462,-0.0026711527032282,1.2073194846866286,2,Stress/Bear,0.874
2018-02-08,dax,-0.026571389168848,0.0111762343389719,0.008788251011292,0.0288631113994884,1.4039726767075746,-0.0117767509870641,-0.00370354722221,1.2717245245511952,2,Stress/Bear,0.9976
2018-02-09,dax,-0.012542105433337,0.0112192117874208,0.0089087699376204,0.024184993458654,1.541151038769596,-0.0108923306821448,-0.0044899463115362,1.2593446531876191,2,Stress/Bear,0.8143
2018-02-12,dax,0.0143739470103169,0.0119876953007453,0.0091226671761487,0.0127675042750753,1.0244188717189229,-0.0064838115892035,-0.003602900915167,1.314055973902806,0,Calm/Bull,0.9062
2018-02-13,dax,-0.0070484038173938,0.0118915720486863,0.0091176061871736,0.0085606654573033,0.8044046851691481,-0.00319106982771,-0.0041285756748896,1.304242780897357,0,Calm/Bull,0.9936
2018-02-14,dax,0.0116289321765525,0.0123998434653795,0.0092556088220019,0.0258121295101817,1.0917103328249491,-0.0040318038465419,-0.0033111489354316,1.3397112717105382,2,Stress/Bear,0.5817
2018-02-15,dax,0.0005679296806019,0.0121830434290318,0.0092258418379068,0.0165986446644399,0.9262541803944414,0.001396059923348,-0.0036510454126957,1.3205346073650002,0,Calm/Bull,0.9973
2018-02-16,dax,0.0085321499107586,0.0120085472768403,0.0092297743299728,0.0092684329705562,0.8639007305491794,0.0056109109921672,-0.003797214040849,1.3010661851009404,0,Calm/Bull,0.9722
2018-02-19,dax,-0.0053435611721082,0.0119291928426907,0.009141142998126,0.0115965223600303,0.5612331848945351,0.0016674093556822,-0.0041730994123526,1.3050001345713842,0,Calm/Bull,0.9826
2018-02-20,dax,0.0082257308442984,0.0119877797410169,0.0092155272515357,0.0129973466503904,0.7338512687688705,0.0047222362880206,-0.0041167273985057,1.3008240780818263,0,Calm/Bull,0.9597
2018-02-21,dax,-0.0013951347533193,0.0118977981088552,0.0091959475400491,0.0081881585762388,0.7088766691248737,0.0021174229020462,-0.0036494523925485,1.2938088279689834,0,Calm/Bull,0.9965
2018-02-22,dax,-0.000688267341233,0.0118532686899193,0.0091823515327344,0.0171731109389894,0.8863593966003731,0.0018661834976792,-0.0032481970555528,1.2908750713434705,0,Calm/Bull,0.9971
2018-02-23,dax,0.001754201185131,0.0118179858342646,0.0091622721619413,0.0065188442418414,0.8254509628526204,0.0005105937525537,-0.0033174386156772,1.2898531745602029,0,Calm/Bull,0.9978
2018-02-26,dax,0.0034585052135625,0.0119072904812918,0.0091776858380975,0.009329427927353,0.6601833190545002,0.0022710070296879,-0.0030856734500846,1.2974175289225407,0,Calm/Bull,0.9989
2018-02-27,dax,-0.0029027043633322,0.0118094366348486,0.0091776764882859,0.0113227715427721,0.7658247286855794,4.5319988161764394e-05,-0.0027528260009516,1.2867566916225222,0,Calm/Bull,0.9997
2018-02-28,dax,-0.0044034077584076,0.0118038134771987,0.0090587308643107,0.0079576357101405,0.8021894769391988,-0.0005563346128558,-0.0029418089364744,1.3030316999153888,0,Calm/Bull,0.9993
2018-03-01,dax,-0.0198903108025327,0.0121542897688288,0.0091559873550959,0.0200755828302635,0.9803387833920209,-0.0043967433051158,-0.0032278127177881,1.3274690426548104,0,Calm/Bull,0.9584
2018-03-02,dax,-0.0230032536336737,0.0125810309768482,0.0095805738870334,0.0171013257031622,1.0481959890761443,-0.0093482342688767,-0.0035297650515751,1.3131813527241465,0,Calm/Bull,0.6777
2018-03-05,dax,0.0147607975075177,0.0131781813076447,0.0098026011887461,0.0230917391423393,0.9579952490074646,-0.0070877758100857,-0.0024082927534797,1.344355549501892,2,Stress/Bear,0.8032
2018-03-06,dax,0.0019004547621472,0.0122270815726396,0.0097912944322851,0.0123197816165499,0.9525511207766412,-0.0061271439849898,-0.0011376643841293,1.248770696990071,0,Calm/Bull,0.9967
2018-03-07,dax,0.0107960316469945,0.0119068395876182,0.0098379008571857,0.0208307531017208,0.8708907261074849,-0.0030872561039093,-0.0013894929153152,1.2103028644491034,0,Calm/Bull,0.9689
2018-03-08,dax,0.0089598803997411,0.0105220115736715,0.0099234697950364,0.0166378651329454,0.941046801194793,0.0026827821365454,0.0003870705631142,1.060315775731439,0,Calm/Bull,0.9867
2018-03-09,dax,-0.0007198231241192,0.0100802441681757,0.0098967312305617,0.0099954124812149,0.9620692672014338,0.0071394682384563,0.0009781846785751,1.0185427827975442,0,Calm/Bull,0.9914
2018-03-12,dax,0.0057912344507823,0.0096536084860261,0.0099264176634706,0.007565408879268,1.357995186810031,0.0053455556271092,0.0005490490505984,0.972516854852034,0,Calm/Bull,0.987
2018-03-13,dax,-0.0160201495451014,0.0102172285360002,0.0101071429756837,0.0243376096292771,1.2854307423809677,0.0017614347656594,0.000100461764213,1.0108918574300645,1,Transition,0.876
2018-03-14,dax,0.0013663780468391,0.0098592044445344,0.0100999978528849,0.0098163452166653,1.028887581248436,-0.0001244959543716,-0.0004126659422726,0.9761590634119164,0,Calm/Bull,0.9956
2018-03-15,dax,0.0087718107932449,0.0100705464106383,0.0099395639539164,0.0112129131702449,1.0558886983848472,-0.0001621098756708,-2.471886640497984e-06,1.0131778876144988,0,Calm/Bull,0.996
2018-03-16,dax,0.0035593536088982,0.0099088280459784,0.0099267674877837,0.009394944245771,1.999564838377197,0.0006937254709326,-0.0002511117017335,0.9981928213965598,2,Stress/Bear,0.998
2018-03-19,dax,-0.0140257799520208,0.0103251149841964,0.0099829084599266,0.0152229839456163,0.9013258218602892,-0.0032696774096279,-0.0006852226407291,1.0342792409289767,0,Calm/Bull,0.9854
2018-03-20,dax,0.0073650030717544,0.0102877443405026,0.010028577363541,0.0104368855387089,0.6797785473890238,0.0014073531137431,-0.0007282590293563,1.0258428456566326,0,Calm/Bull,0.9981
2018-03-21,dax,0.0001478938068039,0.0102882658310574,0.0100270240481609,0.0076138257790626,1.0035809004025391,0.0011636562657361,-0.0006511076013501,1.0260537704548929,0,Calm/Bull,0.9972
2018-03-22,dax,-0.0171308493859895,0.0109284333293015,0.0102400317339437,0.0212948939355224,1.2556867273486765,-0.0040168757701107,-0.001473236703588,1.0672265099605012,0,Calm/Bull,0.8611
2018-03-23,dax,-0.0178247890492547,0.0114867715941893,0.0104366593767585,0.0154026005331599,1.2929333359910993,-0.0082937043017413,-0.0024521862153072,1.1006176573865467,0,Calm/Bull,0.8856
2018-03-26,dax,-0.0083680142412916,0.0114708783021438,0.0104660359121845,0.0218778484516436,0.8782294255083786,-0.0071621511595955,-0.00304351218805,1.096009835852895,0,Calm/Bull,0.7853
2018-03-27,dax,0.0154535963918539,0.0121942942687226,0.010688789700769,0.0095958355801415,0.8645003097832639,-0.0055444324955756,-0.0021256971502906,1.1408489277177245,0,Calm/Bull,0.7383
2018-03-28,dax,-0.002519296797192,0.0121830445224712,0.0106172158415653,0.0159755798649365,0.9848200423484942,-0.0060778706163748,-0.0020314916022299,1.1474801590428136,0,Calm/Bull,0.9781
2018-03-29,dax,0.0129816399836274,0.0118600020907396,0.010580207963374,0.0172798176676742,0.9700033084138894,-5.5372742451433034e-05,-0.0003878940629219,1.120961150460922,0,Calm/Bull,0.9675
2018-04-03,dax,-0.0078243950071899,0.0107724319508401,0.0104749111872841,0.0129857111694885,0.8369568221925434,0.0019447060659615,0.0003710488684022,1.0284031776724925,0,Calm/Bull,0.9904
2018-04-04,dax,-0.0037186314002162,0.0102532322676134,0.0104542509067335,0.0182950602251224,0.944199486592354,0.0028745826341766,-0.0005529225769844,0.980771588427188,0,Calm/Bull,0.8518
2018-04-05,dax,0.0286289790327178,0.0121553330020959,0.0111651942153772,0.0151749353101837,0.9579979152634504,0.0055096591623493,0.0007835036365441,1.088680838650801,1,Transition,0.6936
2018-04-06,dax,-0.0052081679416985,0.0119871268195307,0.0111448358114636,0.007187201337688,0.7660617994019003,0.0049718849334481,-1.6706342890542795e-05,1.0755767982872142,0,Calm/Bull,0.9851
2018-04-09,dax,0.0016716693624826,0.0118093374749124,0.0111352434824113,0.0135152570493608,0.6866557183499092,0.0027098908092191,-0.0003811168947534,1.0605369782498213,0,Calm/Bull,0.9896
2018-04-10,dax,0.010995684485054,0.0120791312255777,0.0112329838006835,0.007578266346621,0.881450471069878,0.0064739067076679,0.0002046584857051,1.0753270404291668,0,Calm/Bull,0.9789
2018-04-11,dax,-0.0083714694010422,0.0121493206256377,0.0112686076752946,0.0101627409588907,0.8916586310395566,0.0055433391075027,-0.000503476706886,1.0781563238086576,0,Calm/Bull,0.9343
2018-04-12,dax,0.0097973295331864,0.0117798360357541,0.011342315678665,0.0137366012819978,0.7574602755825138,0.0017770092075964,0.0007873972470283,1.0385741650545022,0,Calm/Bull,0.9752
2018-04-13,dax,0.0022038205841865,0.0117834901771819,0.0113398805438144,0.0090271436709374,0.7170872087339868,0.0032594069127734,0.0008292693738957,1.0391194273743465,0,Calm/Bull,0.9923
2018-04-16,dax,-0.0041065229143964,0.0116780218262655,0.011293658328851,0.0089909182930085,0.5981454729526063,0.0021037684573976,0.0001853526885136,1.0340335687712898,0,Calm/Bull,0.9921
2018-04-17,dax,0.0155474411774699,0.0121581072152096,0.0113831068874684,0.0156520705445782,0.8675852626782162,0.0030141197958808,0.0007847570669422,1.068083374372457,0,Calm/Bull,0.8865
2018-04-18,dax,0.0004178330198054,0.0116504429072266,0.0113768328764185,0.0072910049709105,0.85015584671699,0.0047719802800503,0.0015069377155335,1.0240497538972622,0,Calm/Bull,0.9842
2018-04-19,dax,-0.0018610327035182,0.0115887738032067,0.0113258589055644,0.0048522663465598,0.7244238212255867,0.0024403078327094,0.0010456359267699,1.0232136829387073,0,Calm/Bull,0.986
2018-04-20,dax,-0.0021443379040553,0.0116094361864832,0.0112581485537675,0.007543605592879,1.1432163568908706,0.001570676135061,0.0009310243412269,1.0312029665480102,0,Calm/Bull,0.9798
2018-04-23,dax,0.0025397049901375,0.010804022638306,0.0112232384073169,0.0096847731888927,0.825497379107664,0.0028999217159678,0.0019145520600333,0.962647521704822,0,Calm/Bull,0.9814
2018-04-24,dax,-0.001717084820816,0.0098097306429074,0.0112108592438951,0.0132151004821024,1.1442853049712962,-0.0005529834836893,0.0027199372714552,0.8750204091848998,0,Calm/Bull,0.8044
2018-04-25,dax,-0.0102927981643807,0.0099329034965349,0.0112746576348523,0.0138871823172713,1.1658063786348571,-0.0026951097205265,0.0026236980753007,0.8809938020494957,0,Calm/Bull,0.6162
2018-04-26,dax,0.0062729929040898,0.0095120028149269,0.0112602064699239,0.0095412039594449,1.2724535903264191,-0.0010683045990049,0.0021646679009125,0.8447449734011151,0,Calm/Bull,0.8203
2018-04-27,dax,0.0064111938612408,0.0094901376168299,0.0112997375972955,0.0087179731193758,0.0,0.0006428017540542,0.0026111924338342,0.8398546899975153,0,Calm/Bull,0.907
2018-04-30,dax,0.0024800757835215,0.0091713179745092,0.0111692030194547,0.004693064957021,1.099701140056518,0.0006308759127311,0.0020861142238289,0.8211255501878177,0,Calm/Bull,0.8181
2018-05-02,dax,0.01496344535588,0.0092900387366687,0.011132486434282,0.0173532118377628,1.252469878283382,0.0039669819480703,0.0032255062419824,0.8344980963157027,1,Transition,0.9582
2018-05-03,dax,-0.0087948039587042,0.0095552961566432,0.0111466133891664,0.0104671791930164,1.1212642858447746,0.0042665807892056,0.002971697614058,0.8572376041973551,0,Calm/Bull,0.6453
2018-05-04,dax,0.0101490865176314,0.0076465111015294,0.0107841983378207,0.008716282974297,1.1305623808933931,0.0050417995119139,0.0020477029883037,0.7090477068390612,1,Transition,0.6718
2018-05-07,dax,0.0099769020478669,0.0076420193175087,0.0106695703349021,0.0113915978669414,0.7489727630506771,0.0057549411492391,0.0028069564877819,0.7162443357733266,1,Transition,0.7068
2018-05-08,dax,-0.0027787490240322,0.0077409697602447,0.0100731002386454,0.0060857187392958,1.0932636483966736,0.0047031761877283,0.0025844355684562,0.7684793734650385,0,Calm/Bull,0.9319
2018-05-09,dax,0.0023863316510655,0.007483714714968,0.0099195655952455,0.0055736163497977,1.17212373911418,0.0021877534467654,0.0021539679267568,0.7544397628213708,0,Calm/Bull,0.9658
2018-05-10,dax,0.0061473476337108,0.0071035061057851,0.0097891509482627,0.0081165053756466,0.8364218153087006,0.0051761837652485,0.0028799087784944,0.7256508908002717,0,Calm/Bull,0.9334
2018-05-11,dax,-0.0016622960401712,0.0069772221312481,0.0097388930150619,0.0053302456871978,0.9690325528962704,0.0028139072536879,0.0023069274998265,0.7164286660154648,0,Calm/Bull,0.9663
2018-05-14,dax,-0.0018114881236635,0.0070378507698601,0.0096459186522004,0.0067700214648388,0.8934430670864966,0.0004562292193818,0.002106162064434,0.7296195441431229,0,Calm/Bull,0.978
2018-05-15,dax,-0.000591182056123,0.0069173917175578,0.0096476352213987,0.0067887072377815,1.2035056350886877,0.0008937426129637,0.0022819291073477,0.7170038624817446,0,Calm/Bull,0.9738
2018-05-16,dax,0.0020249305487855,0.0061733944360585,0.0095959249757612,0.0054037941299835,1.163808546842781,0.0008214623925077,0.0016058035759135,0.6433350043536421,0,Calm/Bull,0.9579
2018-05-17,dax,0.0090598868169642,0.0063846980171373,0.0096219658765939,0.0101215538103413,1.0228740572894133,0.0014039702291583,0.0020379062657714,0.6635544231837811,0,Calm/Bull,0.9078
2018-05-18,dax,-0.0028169047414827,0.0064189062311964,0.0095860449634742,0.0062748360257579,1.34137571460647,0.001173048488896,0.0019901126638732,0.6696094432745194,0,Calm/Bull,0.9692
2018-05-22,dax,0.0070254373934153,0.0064355156075932,0.0096154168568937,0.0108231515383585,1.179507581946491,0.0029404335923118,0.0024486014287467,0.6692913789774328,0,Calm/Bull,0.8855
2018-05-23,dax,-0.0147692172607668,0.007498653923653,0.0098246345264223,0.0168106732216138,1.1231928520692107,0.0001048265513831,0.0015831553162015,0.7632501650301797,1,Transition,0.5144
2018-05-24,dax,-0.0094263884268662,0.0078663614374642,0.0099094794302876,0.0159174396814491,1.5013015499027715,-0.0021854372437472,0.001197690135899,0.793821864488783,0,Calm/Bull,0.9449
2018-05-25,dax,0.0064296427177683,0.0074589162752368,0.0099319706400145,0.0116169184758873,1.0891048844681388,-0.0027114860635864,0.0020338121800065,0.7510006367906378,0,Calm/Bull,0.8909
2018-05-28,dax,-0.0057787415163723,0.0075841813732308,0.009955769403213,0.0165095641322322,0.7499564243185143,-0.0033038534185643,0.0014312254589834,0.7617875692041641,0,Calm/Bull,0.6706
2018-05-29,dax,-0.0154292468496678,0.0083618857530688,0.010147535052683,0.015362546380226,1.5285472881240332,-0.007794790267181,0.0003392034234379,0.8240312262688846,0,Calm/Bull,0.9081
2018-05-30,dax,0.0092141129898382,0.0085852224815452,0.0098572039916681,0.0094173897698877,1.2016942001137896,-0.0029981242170599,0.0006759052837538,0.8709591978416875,0,Calm/Bull,0.9712
2018-05-31,dax,-0.0140907910319656,0.0084980770030915,0.0095550806489966,0.0203087266094576,1.743694034577571,-0.0039310047380798,-0.0007768065356384,0.8893778415134463,0,Calm/Bull,0.858
2018-06-01,dax,0.0094263505498444,0.0085696666719937,0.0094485250772738,0.0109758879208746,1.1541605394211183,-0.0033316631716646,0.0001342511897889,0.9069845930351614,0,Calm/Bull,0.9851
2018-06-04,dax,0.003646243156617,0.0082884426918161,0.0094544977586346,0.0103540897901454,0.7957608060430726,-0.0014466662370667,-0.0001908909782617,0.876666630360818,0,Calm/Bull,0.9936
2018-06-05,dax,0.0012817874667425,0.0079480943719271,0.0093647293708306,0.013446366093349,0.9957651168109026,0.0018955406262153,-0.0006256467073179,0.848726541600225,0,Calm/Bull,0.9686
2018-06-06,dax,0.0033524717437996,0.0079788597727,0.0093089337917373,0.0111979060422627,0.9820996473543544,0.0007232123770076,-0.0003190856689263,0.8571185434557641,0,Calm/Bull,0.9904
2018-06-07,dax,-0.0014835944150904,0.0079566914690272,0.009311330123989,0.0120450371097643,0.8670169801885588,0.0032446517003826,-0.0005125819722341,0.8545171702728233,0,Calm/Bull,0.9733
2018-06-08,dax,-0.003479610720236,0.0078226544303957,0.0093008999609356,0.0144878580170178,1.039639138377529,0.0006634594463665,-0.0009939298899315,0.8410642478955159,0,Calm/Bull,0.9573
2018-06-11,dax,0.0059634664673658,0.0079727680014075,0.0090708128982744,0.0085876205408808,0.9716457172084328,0.0011269041085162,-0.0006126417645546,0.878947464887545,0,Calm/Bull,0.9937
2018-06-12,dax,-4.752552644446228e-05,0.0079685635899309,0.0090712250800964,0.0103135124365851,0.89015073037783,0.0008610415098788,-0.0005244436346937,0.878444038106296,0,Calm/Bull,0.995
2018-06-13,dax,0.0037524233827654,0.0080256362269732,0.0090194932428796,0.0096535184895341,0.935195146459937,0.000941031837672,-0.0003072633627493,0.8898101047205703,0,Calm/Bull,0.9963
2018-06-14,dax,0.0166572201962499,0.0088717626536539,0.0092450608945584,0.0255822859599438,1.1873563067463344,0.0045691947599401,0.0004243511196239,0.9596218732183496,1,Transition,0.9276
2018-06-15,dax,-0.00739348652477,0.00879134057501,0.009101647932033,0.0122600326672998,2.0965919442107626,0.0037864195990333,-0.0003983175474627,0.9659064644842073,2,Stress/Bear,0.9997
2018-06-18,dax,-0.0136540541241912,0.0092692431725627,0.0092575920592426,0.0154618783608044,0.7355239227128071,-0.000137084519278,-0.0009401750165982,1.0012585468494963,0,Calm/Bull,0.9854
2018-06-19,dax,-0.0122406776803239,0.0093980673565716,0.0094070289694049,0.0090077668408713,0.8484511670133239,-0.0025757149500539,-0.0019034807702851,0.9990473492893038,0,Calm/Bull,0.9924
2018-06-20,dax,0.0013550107848033,0.0089155121646525,0.0091183575104137,0.0070436229850142,0.7466879964672518,-0.0030551974696463,-0.0010972693680066,0.9777541793541804,0,Calm/Bull,0.9978
2018-06-21,dax,-0.0145398276016631,0.0092345505990508,0.0090138959696414,0.019698808853689,0.938890973111501,-0.009294607029229,-0.0013529413267465,1.0244793849576852,0,Calm/Bull,0.9161
2018-06-22,dax,0.0054049685659908,0.0091918436510875,0.0089501902573693,0.0074294151991443,0.7133262011164189,-0.0067349160110768,-0.0014041750343354,1.026999805229749,0,Calm/Bull,0.9927
2018-06-25,dax,-0.024901812142878,0.0105631617343243,0.0093590514852367,0.0202569587557893,0.8295901067467125,-0.0089844676148141,-0.0023603285656606,1.12865729513157,0,Calm/Bull,0.6713
2018-06-26,dax,-0.0029374205298855,0.0101093012264769,0.0093614263719816,0.0136795571890212,0.5467272856587938,-0.0071238161847265,-0.0017357372496715,1.0798889853723224,0,Calm/Bull,0.9959
2018-06-27,dax,0.0092967955384227,0.0101140305675303,0.0092893295209891,0.0255121855895823,1.116914788731841,-0.0055354592340026,-0.0017316031222423,1.088779394107814,0,Calm/Bull,0.4342
2018-06-28,dax,-0.01397568169407,0.0101066573782753,0.0094141080640641,0.0222513618045462,0.9689143500320636,-0.005422630052484,-0.0017258476553475,1.0735650482763,0,Calm/Bull,0.91
2018-06-29,dax,0.0105190954101617,0.0101728569324097,0.0094917304139946,0.0099106095349829,1.0350787665195038,-0.0043998046836498,-0.0016712104123316,1.0717599940903155,0,Calm/Bull,0.9927
2018-07-02,dax,-0.0055271985994608,0.0101271887197339,0.0087717201198816,0.0138264104860194,0.8446267324054365,-0.0005248819749663,-0.0021298825001355,1.154527114559888,0,Calm/Bull,0.9998
2018-07-03,dax,0.0090266468343633,0.0104086719624967,0.0088233232305007,0.0121263508441211,0.8509661835968567,0.0018679314978833,-0.0017426395317545,1.1796770548443285,0,Calm/Bull,0.9998
2018-07-04,dax,-0.0025564222320412,0.01034007258553,0.0088278164940969,0.0053679338199809,0.7228883009364926,-0.0005027120562094,-0.0020380842305465,1.1713057914654612,0,Calm/Bull,0.9997
2018-07-05,dax,0.0118377846794991,0.0107966472437433,0.0088461223546777,0.0124073985423827,1.045321553978395,0.0046599812185044,-0.0013720152758171,1.2204949028355006,0,Calm/Bull,0.9993
2018-07-06,dax,0.0025544321056105,0.0108189375615445,0.0087812115670249,0.0065363777870063,0.0,0.0030670485575941,-0.0010703131345247,1.232055221419738,0,Calm/Bull,0.8557
2018-07-09,dax,0.0038114753040873,0.0107558185937816,0.0087048285774515,0.0055460736571583,0.732255379947088,0.0049347833383038,-0.0011779126926887,1.2356152103492153,0,Calm/Bull,0.9998
2018-07-10,dax,0.0052445571967803,0.010849775831258,0.0087256839635749,0.008650386920071,0.8095716653922763,0.0041783654107872,-0.0009133085565274,1.2434298418954923,0,Calm/Bull,0.9999
2018-07-11,dax,-0.0154012621472072,0.0112540604074351,0.0089398728303558,0.0093645048843736,0.8431669979513164,0.001609397427754,-0.0018709928330261,1.258861353063247,0,Calm/Bull,0.9978
2018-07-12,dax,0.0060891027548167,0.0105653550662091,0.0087429150059147,0.0077299725056303,0.746660102633911,0.0004596610428175,-0.0023993987050977,1.208447646930283,0,Calm/Bull,0.9998
2018-07-13,dax,0.0038157203899905,0.0105837817886837,0.0087574707561345,0.0067372657905007,0.0,0.0007119186996935,-0.0018389383593597,1.2085432065268262,0,Calm/Bull,0.8498
2018-07-16,dax,0.0016165460111997,0.0102315203179942,0.0087569001723306,0.0077422059378266,1.1510026046682529,0.000272932841116,-0.0010754083525901,1.168395221670223,0,Calm/Bull,0.9998
2018-07-17,dax,0.007970724757302,0.0100675100093772,0.0088122752618514,0.0131461255739017,1.0970265246470257,0.0008181663532203,-6.483823070887905e-05,1.1424416181096566,0,Calm/Bull,0.9998
2018-07-18,dax,0.0082116651241483,0.0102337785610845,0.0088684783477859,0.0049695069499124,1.046483836401266,0.0055407518074914,0.0002779944862583,1.1539497712862434,0,Calm/Bull,0.9997
2018-07-19,dax,-0.0062588346223534,0.0097592271863975,0.0089049008841845,0.0079652762451714,0.9211146167810872,0.0030711643320574,0.0006920441352238,1.095938889531083,0,Calm/Bull,0.9998
2018-07-20,dax,-0.0098916801200779,0.0099676106507384,0.0088970531597633,0.0188943483480467,1.281509888531578,0.0003296842300437,-7.278829907958455e-05,1.120327199551495,0,Calm/Bull,0.9947
2018-07-23,dax,-0.0010234659891706,0.0080903664997078,0.0088622357829921,0.0060397349797692,0.8007592337270524,-0.0001983181700303,0.0011211290086057,0.9129035491511422,0,Calm/Bull,0.9988
2018-07-24,dax,0.0111594437539687,0.0083287278087447,0.0089407279088856,0.0133465343639167,1.0876553577944128,0.000439425629303,0.0018259722227984,0.9315491863327348,0,Calm/Bull,0.9868
2018-07-25,dax,-0.008711186596687,0.0084510683699439,0.009007634124647,0.0124807918247584,1.0044907502179128,-0.002945144714864,0.000925573116043,0.938211771592702,0,Calm/Bull,0.995
2018-07-26,dax,0.0181110444840276,0.0085187276868715,0.0091051522431712,0.0098483972891862,1.3176699640446052,0.0019288311064121,0.0025299094249478,0.9355942063748024,0,Calm/Bull,0.9648
2018-07-27,dax,0.0039868114919692,0.0083191840469247,0.0090450052345947,0.0055760286429165,1.2033690013547502,0.0047045294288215,0.0022032952290382,0.9197544756642136,0,Calm/Bull,0.9964
2018-07-30,dax,-0.0048483016011796,0.0082873050628571,0.0089729637592292,0.0039654013240539,0.9028342869208004,0.0039395623064197,0.0022372400789523,0.9235861511569268,0,Calm/Bull,0.9976
2018-07-31,dax,0.0005702148384497,0.0081370382748764,0.0088768586960038,0.0094303046054429,1.34846761389594,0.0018217165233159,0.0018144184791566,0.9166574070329108,0,Calm/Bull,0.9973
2018-08-01,dax,-0.005359712299448,0.008239786111158,0.0088958756744734,0.009952894096861,1.1726858827608824,0.0024920113827637,0.0016742539757863,0.9262478942687988,0,Calm/Bull,0.9966
2018-08-02,dax,-0.0150868550771283,0.0086796132493641,0.0090926815158308,0.0100746125181962,1.304250608021303,-0.0041475685294674,0.0003280219879549,0.9545713477649566,0,Calm/Bull,0.9936
2018-08-03,dax,0.005518608679808,0.0087446946564841,0.0090852279889284,0.0065710996089495,0.9542625590977276,-0.0038412090918996,0.0004762308166648,0.9625179100778444,0,Calm/Bull,0.9956
2018-08-06,dax,-0.0013920701668091,0.0087176072784617,0.0090847237997547,0.0140837995725304,0.7932975898709483,-0.0031499628050255,0.0002160535431199,0.9595896882079188,0,Calm/Bull,0.9961
2018-08-07,dax,0.0039594186317224,0.0086832603951311,0.0091014044056219,0.0073030302398587,1.0501415826151737,-0.002472122046371,0.000151796614867,0.9540571991029696,0,Calm/Bull,0.9975
2018-08-08,dax,-0.001158970686994,0.0078882308785224,0.009101871425735,0.009367889681678,1.0740914717406356,-0.0016319737238802,0.0008639111878777,0.8666603283604787,0,Calm/Bull,0.996
2018-08-09,dax,0.0033639621241407,0.0078164329247138,0.0091096512959084,0.0094019130628118,0.8620556368228188,0.0020581897163736,0.0007276541563439,0.8580386527225898,0,Calm/Bull,0.996
2018-08-10,dax,-0.0200609220509286,0.0090465459957584,0.0093683271599176,0.0157295708543596,0.0,-0.0030577164297737,-0.000466177965702,0.9656522281228666,2,Stress/Bear,0.9653
2018-08-13,dax,-0.0052947012408261,0.0090946731822291,0.009382365853083,0.0059601670439774,1.1183093968517743,-0.0038382426445771,-0.0008117403283033,0.9693368735179508,0,Calm/Bull,0.9928
2018-08-14,dax,1.0509334086442554e-05,0.008861283843029,0.0093249250666824,0.0135060826994908,0.994673001453898,-0.0046280245041043,-0.001209751099464,0.9502793619961646,0,Calm/Bull,0.9927
2018-08-15,dax,-0.0159746738519016,0.0091534163485884,0.0093562103120915,0.0253152127327654,1.2003086277442088,-0.0075911651370858,-0.0024190680482665,0.9783252025404916,1,Transition,0.636
2018-08-16,dax,0.0060786752846041,0.0092956489907748,0.0093358631757145,0.0067401588174859,0.9772877191597692,-0.0070482225049931,-0.0018021925529187,0.9956925048939976,0,Calm/Bull,0.9437
2018-08-17,dax,-0.002177718658888,0.0091003142332095,0.0092885711675979,0.0089291862513549,1.044906484244056,-0.003471581826585,-0.0014164944798592,0.9797324119079702,0,Calm/Bull,0.9964
2018-08-20,dax,0.0098404135230127,0.0094427944576186,0.0093698746755016,0.0103639343195126,0.727126876486379,-0.0004445588738172,-0.00087330050425,1.007782364721239,0,Calm/Bull,0.9983
2018-08-21,dax,0.0043041724921702,0.0091012738589287,0.0091888324626143,0.0093916297460643,0.8469821259624987,0.0004141737577995,-0.0012160640673399,0.9904711938059724,0,Calm/Bull,0.9984
2018-08-22,dax,9.769492421932744e-05,0.0089310216676265,0.0091025476428905,0.0075360974573989,0.9552485563975605,0.0036286475130236,-0.0007756199912946,0.9811562672349184,0,Calm/Bull,0.9977
2018-08-23,dax,-0.0016257843147483,0.0077461004666406,0.008928314070765,0.0046467663121722,0.8090497582311178,0.0020877555931531,-0.0017624614312334,0.8675882596922289,0,Calm/Bull,0.975
2018-08-24,dax,0.0023375888432947,0.0076902523834002,0.0088436649929548,0.0080599666498266,0.7682294876694284,0.0029908170935897,-0.0018449225636671,0.8695775325644477,0,Calm/Bull,0.9774
2018-08-27,dax,0.0115343214869301,0.0082085450388687,0.0089632266794725,0.0106099050028627,0.6874032798214186,0.0033295986863732,-0.0010257914092616,0.915802459583872,0,Calm/Bull,0.9902
2018-08-28,dax,-0.0008688874685257,0.008200121480419,0.0089610688859522,0.0055557816221572,0.9816752446128612,0.002294986694234,-0.0010977465246104,0.9150829644077336,0,Calm/Bull,0.9935
2018-08-29,dax,0.0027310495356671,0.0081783416129711,0.0089570847524298,0.005535031827327,0.8027182826787761,0.0028216576165235,-0.0006932084328546,0.9130584156583464,0,Calm/Bull,0.9969
2018-08-30,dax,-0.0053831283138383,0.0075426169141041,0.0089795514166251,0.0103391390814298,1.037614369299225,0.0020701888167055,-0.0002080220946901,0.839977028266625,0,Calm/Bull,0.9885
2018-08-31,dax,-0.0104739145623566,0.0077484685634387,0.0090649727704171,0.0063045794036504,1.261528529267093,-0.0004921118644247,-0.0010076482567984,0.8547701972944965,0,Calm/Bull,0.9807
2018-09-03,dax,-0.0014284970912403,0.0077485679616976,0.0090253164132788,0.0046734390468383,0.7168811231725,-0.0030846755800588,-0.0010094696030199,0.85853698716836,0,Calm/Bull,0.9871
2018-09-04,dax,-0.011092861419612,0.0079684317521482,0.0091247696463071,0.019668798244937,1.1950552705441129,-0.005129470370276,-0.0017620836055867,0.8732748399158872,0,Calm/Bull,0.8858
2018-09-05,dax,-0.0139998419061021,0.0084217037016528,0.00926010213041,0.0109298636733519,1.527180603603028,-0.0084756486586299,-0.0024041271665421,0.9094612114477734,0,Calm/Bull,0.909
2018-09-06,dax,-0.0071021294425965,0.0083694311861571,0.008990349572716,0.0123360422199452,1.2064180802808453,-0.0088194488843815,-0.0029274317448789,0.9309350118661404,0,Calm/Bull,0.952
2018-09-07,dax,0.0003662893464597,0.0073532261072514,0.0089603799120799,0.0085486974776226,1.3122190787083674,-0.0066514081026182,-0.0019060711750095,0.8206377608317922,0,Calm/Bull,0.9467
2018-09-10,dax,0.0022308532349954,0.0073632386354376,0.0088259539311892,0.0090870043144816,1.0459219789152328,-0.0059195380373711,-0.0015297934512184,0.8342711386037713,0,Calm/Bull,0.9693
2018-09-11,dax,-0.0013416184785512,0.0073545540689693,0.008704921524909,0.0127199092543407,0.0,-0.0039692894491589,-0.0015973998418503,0.8448731040164321,0,Calm/Bull,0.979
2018-09-12,dax,0.0051686476279885,0.0066665750449079,0.0087359593395205,0.0078264274829915,1.5280278491041457,-0.0001355915423408,-0.0005402337678558,0.7631188271159965,0,Calm/Bull,0.9863
2018-09-13,dax,0.0019304344387132,0.0065125590531511,0.0085568311533083,0.009323458148611,1.3073776322104809,0.0016709212339211,-0.0007476458101504,0.7610947249593871,0,Calm/Bull,0.9822
2018-09-14,dax,0.0056890653948273,0.0066575912793356,0.0085602990807588,0.0048629458747479,1.0527533030774514,0.0027354764435946,-0.0003543066074646,0.7777288172442499,0,Calm/Bull,0.9856
2018-09-17,dax,-0.0023054567260397,0.006218163001927,0.0079489064694354,0.0068028479523722,0.9319106549662348,0.0018282144513876,-0.0009616001199172,0.7822664697133739,0,Calm/Bull,0.9907
2018-09-18,dax,0.005051512627598,0.0062536166761001,0.0079698041022382,0.0098703123847841,1.120308247299491,0.0031068406726174,-0.0009242331131458,0.7846637879523157,0,Calm/Bull,0.9764
2018-09-19,dax,0.0050334758558395,0.0063919298283303,0.0079032904862205,0.0062246868595289,1.2935864615431472,0.0030798063181876,-0.0006774440665648,0.8087681756699696,0,Calm/Bull,0.9883
2018-09-20,dax,0.0087561161175049,0.0067238072210325,0.0077743489074413,0.0116667178986804,1.4030128456069813,0.004444942653946,-0.0001583490449521,0.8648707822460475,0,Calm/Bull,0.9798
2018-09-21,dax,0.0084338581663362,0.0069763517128388,0.0077319965015526,0.0067854898583346,4.187805733896877,0.0049939012082477,0.0001464644211998,0.902270417664821,2,Stress/Bear,1.0
2018-09-24,dax,-0.0064612071168015,0.0065794987143941,0.0077445875093515,0.0049114273153668,0.0,0.0041627511300954,-0.0007533120089867,0.8495608973943983,0,Calm/Bull,0.9983
2018-09-25,dax,0.001928363023535,0.006606587844915,0.0076604929316533,0.0076510939536533,0.8902914112571038,0.0035381212092828,-0.0006134494843836,0.8624233327879626,0,Calm/Bull,0.997
2018-09-26,dax,0.0009070471411972,0.0065704800079219,0.0076536854307603,0.0053609706294595,0.794967824877065,0.0027128354663543,-0.0007046496041071,0.8584727014668125,0,Calm/Bull,0.998
2018-09-27,dax,0.0040046171903752,0.0065539682056677,0.0075154977518267,0.0147994619776718,0.9447727464615984,0.0017625356809284,-0.0002352623288964,0.8720604306048354,0,Calm/Bull,0.9876
2018-09-28,dax,-0.0153035094317717,0.0070232370233712,0.0077606838595017,0.0166240160399953,1.1509930680089142,-0.0029849378386931,-0.0004767420723672,0.9049765652768348,0,Calm/Bull,0.9813
2018-10-01,dax,0.0075084305329029,0.0072404384048519,0.0078086987184862,0.0089302341631099,0.7894499566495976,-0.0001910103087522,-2.989569116006556e-05,0.927227271262371,0,Calm/Bull,0.9994
2018-10-02,dax,-0.0041784288974312,0.0068383041364688,0.0077905557102325,0.0087210138667394,0.8457051521898247,-0.0014123686929454,0.0003158259349489,0.8777684661810492,0,Calm/Bull,0.9989
2018-10-04,dax,-0.0035415760148031,0.0060391621220343,0.0075510769483979,0.0142247578740435,1.044044549147806,-0.0023020933241455,0.0008387392295139,0.7997749411513602,0,Calm/Bull,0.9878
2018-10-05,dax,-0.0108589538393405,0.0063496002566929,0.0076271522913098,0.0117124767367063,0.9670707217591736,-0.0052748075300887,0.0006508980096767,0.832499472172261,0,Calm/Bull,0.9898
2018-10-08,dax,-0.0136948663302812,0.0071150884613143,0.0077918164116153,0.0111716696534512,0.8047798436753107,-0.0049530789097906,-5.215977416032367e-05,0.9131488840917528,0,Calm/Bull,0.9958
2018-10-09,dax,0.0025128831992753,0.007120129036548,0.0077974012102911,0.0163184130551218,0.80530327880483,-0.0059521883765161,-3.8058275946326675e-05,0.913141294711218,0,Calm/Bull,0.982
2018-10-10,dax,-0.0223498419420334,0.0086974819736297,0.0081923163548912,0.0227560532283884,0.0,-0.0095864709854366,-0.0010884694491204,1.0616633436570064,2,Stress/Bear,1.0
2018-10-11,dax,-0.01489374774573,0.0090860994765987,0.0082802775540891,0.0157669570510009,1.4617081747626222,-0.0118569053316219,-0.0020915892178063,1.0973182260190806,0,Calm/Bull,0.7927
2018-10-12,dax,-0.0013476073501648,0.0090391733061148,0.0082585294384994,0.0155582264674335,1.01764618870615,-0.0099546360337868,-0.0022554913072502,1.0945257716193666,0,Calm/Bull,0.996
2018-10-15,dax,0.0078097643163888,0.0091490435176881,0.0082735308480998,0.0142876842485852,0.7407000299807303,-0.0056537099044528,-0.0021494563611722,1.1058209228517408,0,Calm/Bull,0.999
2018-10-16,dax,0.0138851926890114,0.009825781678044,0.0085028788020781,0.0155546970123276,0.8745709358066999,-0.0033792480065056,-0.0013399238904196,1.1555829392326098,0,Calm/Bull,0.9985
2018-10-17,dax,-0.0052375933573612,0.0097425323832054,0.0083659427989812,0.0151796516077478,0.9506769826409902,4.3201710428841625e-05,-0.0018543791896675,1.164546855901508,0,Calm/Bull,0.9998
2018-10-18,dax,-0.010798166667566,0.0097964508868499,0.0084014083794564,0.0176801882745357,0.9877261953644942,0.0008623179260616,-0.0026459613158378,1.166048648558108,0,Calm/Bull,0.9957
2018-10-19,dax,-0.0030574989555902,0.0094217622331131,0.0080047222136332,0.0102641152715693,1.296267917802487,0.0005203396049765,-0.0032366420694926,1.177025508401332,0,Calm/Bull,0.9955
2018-10-22,dax,-0.0025556836201626,0.0090170805614747,0.0079701641330278,0.015650384664794,0.8888352872883805,-0.0015527499823337,-0.0037861191588175,1.1313544377472144,0,Calm/Bull,0.9985
2018-10-23,dax,-0.0219372573635533,0.0098813471571783,0.0083749765375707,0.0146980522852458,1.2978433496389208,-0.0087172399928467,-0.0045599216711551,1.1798656525006226,0,Calm/Bull,0.6839
2018-10-24,dax,-0.0073578824921902,0.0097780593270439,0.0083944444172451,0.0201132979105391,1.29843923939759,-0.0091412978198125,-0.0050242339469414,1.1648250725153904,0,Calm/Bull,0.9088
2018-10-25,dax,0.0102664591378815,0.0102875594514677,0.0085373607271164,0.0218048275893637,0.0,-0.004928372658723,-0.0045562633471072,1.2050046589682393,2,Stress/Bear,1.0
2018-10-26,dax,-0.0094634817811573,0.0101373886977322,0.0084211637280619,0.0138197740342048,1.5555498109910553,-0.0062095692238364,-0.0052296682956838,1.2037990264874368,2,Stress/Bear,0.7807
2018-10-29,dax,0.0119685267547284,0.0105373365815842,0.0085574177694183,0.019932144059564,1.114553701722644,-0.0033047271488582,-0.0038660664863588,1.2313687219106575,0,Calm/Bull,0.9585
2018-10-30,dax,-0.0042515288734062,0.0101916589966785,0.0085631614334669,0.0161055872725776,1.107205603326808,0.0002324185491712,-0.0044540644566743,1.1901748058663342,0,Calm/Bull,0.9859
2018-10-31,dax,0.014086076372356,0.0110036108627272,0.0087763688977401,0.0094116743799185,1.3844488684215592,0.0045212103220804,-0.0035408391931849,1.25377715897523,2,Stress/Bear,0.507
2018-11-01,dax,0.0018354192385314,0.0110690848255572,0.0087877862695831,0.0138700597805562,1.076550257320964,0.0028350023422104,-0.0032719894305182,1.2595987756177258,0,Calm/Bull,0.998
2018-11-02,dax,0.0043893602933579,0.0110441144961767,0.008798618542882,0.0148528508375181,1.186873069829099,0.0056055707571135,-0.0025095737238832,1.2552100585280226,0,Calm/Bull,0.9912
2018-11-05,dax,-0.0020883231228668,0.0107257877252256,0.0084586816252933,0.0066793879348787,0.7522500799025392,0.0027942007815944,-0.0019292465635125,1.2680212118580088,0,Calm/Bull,0.9998
2018-11-06,dax,-0.0009243204130578,0.0106782971378255,0.0084424643663949,0.0080099734999188,0.0,0.0034596424736641,-0.0021011067441292,1.2648317688292878,2,Stress/Bear,0.5399
2018-11-07,dax,0.0082173605578826,0.0097770848158347,0.0085288276510211,0.0088495418486196,0.9279641932138892,0.0022858993107694,-0.0005727466191334,1.1463574146282731,0,Calm/Bull,0.9999
2018-11-08,dax,-0.0044818179296438,0.009236670947178,0.0083151642414565,0.0126160880028898,0.9001024575294674,0.0010224518771344,-5.215012832911767e-05,1.110822429835745,0,Calm/Bull,0.9999
2018-11-09,dax,0.0001595945015457,0.0092316924292181,0.0082659968943921,0.0113373358654092,1.154735280301778,0.0001764987187719,2.3209964256412975e-05,1.116827473705101,0,Calm/Bull,0.9999
2018-11-12,dax,-0.0178279311022429,0.0098526699411736,0.0085461807267313,0.0254109357467558,1.0257944475692722,-0.0029714228771032,-0.0012586748066751,1.15287404470113,2,Stress/Bear,0.5159
2018-11-13,dax,0.0128768763140217,0.0097733613301068,0.008621649894759,0.0127046032480125,1.0923601069938245,-0.0002111835316873,-0.0013090906254246,1.1335836469128575,0,Calm/Bull,0.9995
2018-11-14,dax,-0.0052165383919054,0.0097729170192966,0.0086061630740215,0.022097678923531,1.1537098855627088,-0.0028979633216449,-0.0013080378771518,1.135571907624786,0,Calm/Bull,0.9932
2018-11-15,dax,-0.0051708657753534,0.0095640879923999,0.0086178847981197,0.0216441235359092,1.0504944991514111,-0.0030357728907868,-0.0010266728325412,1.1097952939086158,0,Calm/Bull,0.9926
2018-11-16,dax,-0.0011165549651006,0.0095522366195401,0.0086179595242511,0.0189885908980689,1.2362173150032356,-0.0032910027841161,-0.0009296256330167,1.1084104761295204,0,Calm/Bull,0.9987
2018-11-19,dax,-0.008541796854532,0.0096985312855074,0.0086514851547871,0.0167156646945579,0.8587131487785093,-0.0014337759345739,-0.0012289312947352,1.1210250161662516,0,Calm/Bull,0.9994
2018-11-20,dax,-0.0159682726450658,0.0091011874550983,0.0086711251899889,0.0160765915719761,1.305294749924898,-0.0072028057263914,-0.0009304820588108,1.049597054094656,0,Calm/Bull,0.995
2018-11-21,dax,0.0159353568230221,0.0097057143876852,0.0089769364080258,0.0128502357558561,1.0213993292356578,-0.0029724266834059,0.0002341799069497,1.0811833733174157,0,Calm/Bull,0.9959
2018-11-22,dax,-0.0094430663792838,0.0096338114636953,0.0090102816190501,0.0092229278857256,0.6876347970830126,-0.003826866804192,-0.0007512963689084,1.069202037295583,0,Calm/Bull,0.9994
2018-11-23,dax,0.0048542262549151,0.009483131878016,0.0090420831374447,0.0100485851754358,0.699286086058092,-0.0026327105601888,-3.541096710487257e-05,1.04877733746384,0,Calm/Bull,0.9996
2018-11-26,dax,0.0143725673992026,0.0096569374117218,0.0092071130253667,0.0078477828731908,0.9976550233273392,0.001950162290558,8.479106511883874e-05,1.0488561816408464,0,Calm/Bull,0.9988
2018-11-27,dax,-0.0040248657366107,0.0096517121549392,0.0092132561259803,0.0119725964159322,0.8530389311248042,0.004338843672249,9.612422195861311e-05,1.0475896928255903,0,Calm/Bull,0.9985
2018-11-28,dax,-0.0009050313046175,0.0090728115779859,0.0091262338801427,0.0070219211614674,0.8508779787523403,0.0009707660467211,-0.00065343116189,0.9941462926702922,0,Calm/Bull,0.9991
2018-11-29,dax,-5.74776201536935e-05,0.0090553384081767,0.0089734242657764,0.0113309364332841,1.0816717920925196,0.0028478837985471,-0.0007480760048243,1.0091285266331065,0,Calm/Bull,0.9983
2018-11-30,dax,-0.0036346197372241,0.0089932828449906,0.0089449751548977,0.0094783617557242,1.2769953964576657,0.0011501146001192,-0.0011492750063534,1.0054005393258545,0,Calm/Bull,0.9983
2018-12-03,dax,0.0183275361759519,0.0099850614398411,0.0092856254765418,0.009538158553829,1.1643030772382503,0.0019411083554691,-0.0001284820414124,1.0753245933799809,0,Calm/Bull,0.9958
2018-12-04,dax,-0.0114154919366208,0.0102996872381092,0.0093791924260001,0.0098585656972364,0.9194381761514604,0.0004629831154671,-0.0006530406175906,1.098142224863344,0,Calm/Bull,0.9992
2018-12-05,dax,-0.011988314703397,0.0103745096087093,0.0094871883460289,0.0079578545591324,0.8107115953353129,-0.0017536735642887,-0.0016633243806546,1.0935283700836134,0,Calm/Bull,0.9981
2018-12-06,dax,-0.0353728998687864,0.0128260778132075,0.010429486111672,0.027844863313522,1.418089403187046,-0.0088167580140153,-0.0032078784776117,1.2297900084313256,2,Stress/Bear,0.9935
2018-12-07,dax,-0.0021195943379816,0.0128046905927673,0.0104181392544801,0.0129105592792398,1.0802732144201366,-0.0085137529341668,-0.0033218379195881,1.229076544284136,0,Calm/Bull,0.8734
2018-12-10,dax,-0.0155087918676142,0.0126762689785647,0.0105170544538303,0.0161890227084674,1.2684881657806195,-0.01528101854288,-0.0032058809578566,1.2053060136004152,2,Stress/Bear,0.9597
2018-12-11,dax,0.0148059109597803,0.0128116961714603,0.0107438333734607,0.018551998407137,1.079353492122194,-0.0100367379635997,-0.0031094292255687,1.192469738325197,2,Stress/Bear,0.5381
2018-12-12,dax,0.0137192697361377,0.0133367094798296,0.010896345980339,0.0142377375592133,1.096204675475879,-0.0048952210756928,-0.0021626388191666,1.223961638506515,0,Calm/Bull,0.7509
2018-12-13,dax,-0.0004328236618611,0.0133225352300118,0.0108612504123616,0.0092917667130632,0.9388748647674,0.0020927941656922,-0.0019257367134919,1.2266115524644263,0,Calm/Bull,0.9872
2018-12-14,dax,-0.0054088607059666,0.0133433703967641,0.0107800928977866,0.0156122995200308,0.883611535490553,0.0014349408920952,-0.0021403520005352,1.2377787949771588,0,Calm/Bull,0.9816
2018-12-17,dax,-0.0086486782600428,0.0133460902626146,0.0107225391083717,0.0172833482598119,0.92547494425037,0.0028069636136095,-0.0021456960708108,1.2446762961390831,0,Calm/Bull,0.9327
2018-12-18,dax,-0.0029108388623128,0.0129477520344164,0.0107094623211074,0.0117727860029634,1.0545405102212977,-0.0007363863508091,-0.0014928243816731,1.2090011287399165,0,Calm/Bull,0.9936
2018-12-19,dax,0.0023546014719026,0.0123268656364221,0.01071247434762,0.0076062630486605,1.054681734714313,-0.0030093200036561,-0.0021718621492291,1.1507019981019435,0,Calm/Bull,0.9644
2018-12-20,dax,-0.0145119359554029,0.0125345901421403,0.0108181553668137,0.0115850092851254,1.2971876167443273,-0.0058251424623645,-0.0024253056280351,1.1586624259984275,0,Calm/Bull,0.7983
2018-12-21,dax,0.002138931271181,0.012466112134592,0.01080158387369,0.0133555489597238,2.1181055220494933,-0.0043155840669349,-0.0025610703772218,1.1541003875326366,2,Stress/Bear,1.0
2018-12-27,dax,-0.0240132008446433,0.0126749806111277,0.0110311642563875,0.0343158180305918,1.013252210323143,-0.007388488583855,-0.0044803587894141,1.149015672011985,2,Stress/Bear,0.8496
2018-12-28,dax,0.0169484682370452,0.0135519286902116,0.0112452556774691,0.0147192453091943,0.5175145923988338,-0.0034166271639834,-0.0034316920907313,1.2051241055696176,0,Calm/Bull,0.4409
2019-01-02,dax,0.0020086404132416,0.0135961089289484,0.0112588632563831,0.0213370450655175,0.7807935075451969,-0.0034858193757156,-0.0032860085048383,1.2075916208716857,0,Calm/Bull,0.6387
2019-01-03,dax,-0.0155769627793508,0.0138427841861711,0.0113843665042315,0.0133007895629934,0.8340019337780192,-0.0036988247405052,-0.0040619827627982,1.2159468145219816,1,Transition,0.5828
2019-01-04,dax,0.0331435608746595,0.0161526744017017,0.0122350009167763,0.028087680928414,0.9447471155656028,0.0025021011801904,-0.002223073732204,1.32020214069241,2,Stress/Bear,0.9494
2019-01-07,dax,-0.0018480504783288,0.0154148412358827,0.0121376296162851,0.0123932411009983,0.7157331754962327,0.0069351312534533,-0.003231853064918,1.2700042531533922,1,Transition,0.7522
2019-01-08,dax,0.0052126552387727,0.0153986367947676,0.0121587363204715,0.0153350598864206,0.9376246043253538,0.0045879686537988,-0.0024004457061483,1.2664668752492885,1,Transition,0.8456
2019-01-09,dax,0.0082351578708314,0.0153999003363085,0.0119178481055207,0.0112757244440938,0.95084909134691,0.0058332721453168,-0.0013892720774369,1.292171220841013,1,Transition,0.6699
2019-01-10,dax,0.0025917637865065,0.0131686980960684,0.0117906380239417,0.0127344168857055,0.785914223349991,0.0094670174584882,0.0005089611053276,1.11687748104288,0,Calm/Bull,0.7496
2019-01-11,dax,-0.0031298851605204,0.013181243542911,0.0117939858069248,0.0118558487092599,0.7782687843766796,0.0022123282514522,0.0004584465642007,1.1176241652903836,0,Calm/Bull,0.9643
2019-01-14,dax,-0.0029020181010943,0.0126689673234316,0.0117401401982285,0.0091637151853846,0.6987403806486281,0.0020015347268991,0.0010887852525267,1.07911550539603,0,Calm/Bull,0.9781
2019-01-15,dax,0.0032996514614766,0.0122681886861585,0.01158931512407,0.0167318901412357,0.8595911605549831,0.0016189339714399,0.0005134722776115,1.0585775392955292,0,Calm/Bull,0.9334
2019-01-16,dax,0.0036154684103285,0.0118982209474552,0.0115947109351475,0.0074539088889266,0.8663175009690504,0.0006949960793393,8.28221132109588e-06,1.0261765915515522,0,Calm/Bull,0.9762
2019-01-17,dax,-0.0011551669793592,0.0119007264776242,0.011525391845579,0.0098043345714526,0.8651397076790351,-5.439007383379515e-05,-2.783495455381136e-05,1.0325658890451666,0,Calm/Bull,0.9822
2019-01-18,dax,0.025938702911361,0.0131531278781028,0.0120340690823428,0.0198999988931953,1.2730907021663689,0.0057593275405425,0.0015395432263125,1.092990890122273,1,Transition,0.8891
2019-01-21,dax,-0.0062072216093123,0.013064627131085,0.0120538062968649,0.0048831631848168,0.7122893707967644,0.0050982868388989,0.001661616058849,1.0838590574068692,0,Calm/Bull,0.8878
2019-01-22,dax,-0.0041473288799938,0.013090304188757,0.0117338848338407,0.0097086429676355,0.8030933584096923,0.0036088907706048,0.001599791557965,1.1155984888316262,0,Calm/Bull,0.9491
2019-01-23,dax,-0.0016758965617725,0.0131090835527392,0.0116986242293907,0.0116099511548516,0.9641445131799692,0.0025506177761846,0.0013982666562812,1.1205662559709382,0,Calm/Bull,0.9435
2019-01-24,dax,0.0052824542889429,0.0125812618236404,0.0116407441647574,0.0104930955601429,1.2225903634777726,0.003838142029845,0.0023879861684985,1.0807953207777312,0,Calm/Bull,0.9044
2019-01-25,dax,0.01352961529941,0.0128248552256981,0.0117109818557796,0.0091537342438506,1.181847867747177,0.0013563245074548,0.00295752036991,1.095113576610041,0,Calm/Bull,0.5639
2019-01-28,dax,-0.0063560726335149,0.0113989746136481,0.0116354563132927,0.0070283553338396,0.8803246605843874,0.0013265543026143,0.0038403767804664,0.9796757691939944,0,Calm/Bull,0.6859
2019-01-29,dax,0.0007597712935873,0.0109864993603506,0.0116237518338309,0.0104387311998643,0.8923982408367013,0.0023079743373305,0.0030309419332935,0.9451766965958778,0,Calm/Bull,0.8953
2019-01-30,dax,-0.0033186734397881,0.0110767981718271,0.0114799733213515,0.0074076726503534,0.8777244977049145,0.0019794189617274,0.002764576240642,0.9648801318401492,0,Calm/Bull,0.94
2019-01-31,dax,-0.000765881394674,0.0102502820704503,0.0114763316073437,0.0232934257031615,1.313163127425922,0.000769751825004,0.0035051303098759,0.8931671217910006,1,Transition,0.99
2019-02-01,dax,0.000676445237183,0.007515445782759,0.0114598757022866,0.0091613273338553,1.1885575646798998,-0.0018008821874413,0.001881774528002,0.6558051743318151,1,Transition,0.9602
2019-02-04,dax,-0.0003649894287061,0.0074839581462221,0.0114579788245902,0.0097498273891292,0.8652328250052279,-0.0006026655464795,0.0019559275804832,0.6531656464716642,1,Transition,0.97
2019-02-05,dax,0.0169801481829693,0.0081833598694835,0.0116769533434564,0.0170689982795014,1.0457775929144402,0.0026414098313968,0.002544302227693,0.7008129285768995,1,Transition,0.9994
2019-02-06,dax,-0.0038127498466162,0.0081858313580364,0.0116337028057546,0.0044610823960616,0.898208489776113,0.0025425945500311,0.0019419068418206,0.7036307781549389,1,Transition,0.9433
2019-02-07,dax,-0.0270928753728468,0.0104420360978962,0.0121249938283708,0.0239920124381697,1.2555701776714945,-0.0027228042456033,0.0004576748838529,0.8611992917854768,1,Transition,0.9799
2019-02-08,dax,-0.0105104082027,0.0107026580393262,0.0121895454396944,0.0166731685592292,1.170861591736689,-0.0049601749335799,8.864873174401289e-05,0.8780194546446104,1,Transition,0.522
2019-02-11,dax,0.0098361041248737,0.0108926501141394,0.0120618804351168,0.0088401037686165,0.794414969149119,-0.002919956222864,0.0007255548430424,0.9030640100217416,0,Calm/Bull,0.6335
2019-02-12,dax,0.0100711656081714,0.0110804913928952,0.0120146302131697,0.0042710038860342,0.8574632201602774,-0.0043017527378236,0.0010641305503771,0.9222498900340234,1,Transition,0.8012
2019-02-13,dax,0.0036907676743659,0.011081416674726,0.0120105267855453,0.0082124255797848,0.8039869559706394,-0.0028010492336271,0.001067895513579,0.922642018338654,0,Calm/Bull,0.8077
2019-02-14,dax,-0.0069578079613051,0.0112178065502082,0.0120248599768138,0.0164808829207961,0.958594879673547,0.0012259642486811,0.0007777634644817,0.9328845884141934,0,Calm/Bull,0.6856
2019-02-15,dax,0.0187601404350083,0.0104595987440881,0.0122757377044242,0.0269119466389882,1.2239531995983142,0.0070800739762228,0.000418835340664,0.8520545971195227,1,Transition,0.9605
2019-02-18,dax,-5.3065124575525305e-05,0.0103442974096895,0.0122251476003369,0.0054801134033529,0.6467630317080495,0.005102240126333,0.0007265431649009,0.846149081210638,1,Transition,0.5174
2019-02-19,dax,0.0008854905063973,0.0102805116120404,0.0120423966630894,0.0112227908824657,0.7856012588807544,0.0032651051059781,0.0009781841342205,0.853693155910625,0,Calm/Bull,0.6709
2019-02-20,dax,0.0081686889631359,0.0103819247866731,0.0119132065511013,0.0104130685341939,0.8484536212135607,0.0041606893637321,0.0014704134104659,0.8714635091853843,0,Calm/Bull,0.7636
2019-02-21,dax,0.001867278830857,0.0103439419305236,0.0118468145789416,0.005442473348226,0.936662102139828,0.0059257067221646,0.0012996546375616,0.8731412027761923,0,Calm/Bull,0.7135
2019-02-22,dax,0.0030086077723198,0.0099492384306169,0.0118375004186705,0.0073286719962225,0.8219566568747687,0.0027754001896269,0.0007736042612071,0.8404847373795761,0,Calm/Bull,0.7364
2019-02-25,dax,0.0041535805513923,0.0098296781235297,0.0117056923781998,0.0055469078308153,0.8611862965919996,0.0036167293248205,0.0012990869204524,0.8397348747892982,0,Calm/Bull,0.7607
2019-02-26,dax,0.0030721289990232,0.0098365974412178,0.0116979292265859,0.0099646557653986,0.912087078133978,0.0040540570233456,0.0014147048057242,0.8408836513442177,0,Calm/Bull,0.7328
2019-02-27,dax,-0.0046430239815295,0.0098745229023131,0.0117146032484152,0.0068118526644419,1.031371854722626,0.0014917144344125,0.0013484872786372,0.8429242282404238,0,Calm/Bull,0.7466
2019-02-28,dax,0.0024613851986604,0.0098645166147965,0.0117179019715695,0.0094575863412656,1.0475476113009763,0.0016105357079732,0.0015098506083039,0.8418330037860218,0,Calm/Bull,0.7905
2019-03-01,dax,0.0074438073985666,0.0099501189941926,0.0117418274297724,0.0080833358585603,0.92205492366064,0.0024975756332226,0.0018482187163731,0.8474080422067177,0,Calm/Bull,0.781
2019-03-04,dax,-0.0007777355825084,0.0099553775991467,0.0115069443612547,0.0050635656114574,0.7481661874547426,0.0015113124064424,0.0018275814086829,0.8651625737122443,0,Calm/Bull,0.9055
2019-03-05,dax,0.0024193001756371,0.0092997743498532,0.0114087669575922,0.0065684351070175,0.828840573245691,0.0013807466417652,0.0010995390083163,0.815142809422052,0,Calm/Bull,0.8202
2019-03-06,dax,-0.0028533131675354,0.0092755442138492,0.0113008897717812,0.0075554540119856,0.8551278405262721,0.001738688804564,0.0011475108422704,0.8207799917676062,0,Calm/Bull,0.858
2019-03-07,dax,-0.0060444918513046,0.0067540726720225,0.0103109392874464,0.0138993424494882,1.3126406003590825,3.7513394571050615e-05,0.0021999300183475,0.6550395151919517,0,Calm/Bull,0.5477
2019-03-08,dax,-0.0052194496412108,0.0063196737100754,0.01033485662329,0.0061390143961881,1.095405980185375,-0.0024951380133844,0.0024644779464219,0.6114911837125787,0,Calm/Bull,0.521
2019-03-11,dax,0.0074466178099571,0.0061943208416516,0.0101361958146941,0.0075964483469599,0.9554877912845026,-0.0008502673348913,0.0023450036306761,0.6111090348779491,0,Calm/Bull,0.6494
2019-03-12,dax,-0.001674253862775,0.0059762059389312,0.0099886077307949,0.0103487490201893,1.15660334307724,-0.0016689781425737,0.0017577326571288,0.5983021958612462,0,Calm/Bull,0.8153
2019-03-13,dax,0.0041772681807795,0.0059854710261864,0.0098596040029805,0.0086550817761938,1.0316348394602686,-0.0002628618729107,0.0017820576824495,0.607070124152763,0,Calm/Bull,0.8673
2019-03-14,dax,0.0013004879568619,0.0056247951544321,0.0098580146572724,0.008169182615684,1.14988586364575,0.0012061340887225,0.0021949724783578,0.5705809283091964,0,Calm/Bull,0.8389
2019-03-15,dax,0.0084407347878492,0.0043553254806539,0.0098679842208485,0.0128644583757829,2.3412466921464383,0.0039381709745345,0.0016790021959999,0.4413591857445694,2,Stress/Bear,1.0
2019-03-18,dax,-0.0024530848963794,0.0044378421890124,0.0097951943029835,0.0065608714006039,1.1101242116531382,0.0019582304332672,0.0015590012074097,0.4530632115853673,0,Calm/Bull,0.5919
2019-03-19,dax,0.0112048904728587,0.0049282188779492,0.0098612536130349,0.014528719780054,0.9848725128021046,0.004534059300394,0.0020749712057328,0.4997558192231212,1,Transition,0.9753
2019-03-20,dax,-0.0157765022310554,0.0061315945533281,0.0101108533849111,0.0107903439907634,1.1968380205774731,0.000543305218027,0.0008777116460232,0.6064368970554589,1,Transition,0.6539
2019-03-21,dax,-0.0046583860511471,0.0062486735558894,0.0099289065319539,0.0099350993759363,1.0786855429837456,-0.0006484695835747,0.000551428401923,0.6293415630190026,0,Calm/Bull,0.8469
2019-03-22,dax,-0.0162165538496289,0.0072493907523102,0.0101856225962213,0.0235370901725629,1.2865429074029129,-0.0055799273110704,-0.0004098296791744,0.7117277990448609,1,Transition,0.9578
2019-03-25,dax,-0.0015428359243866,0.00717215445683,0.0096450962212017,0.0070029443229477,0.8582172088350877,-0.0053978775166718,-0.0006946505029633,0.7436063147886729,0,Calm/Bull,0.8927
2019-03-26,dax,0.0063981294865378,0.0073014849884715,0.0094525919385259,0.0129016445650199,0.9114650163480548,-0.006359229713936,-0.0005283504785876,0.7724320520716556,0,Calm/Bull,0.8619
2019-03-27,dax,-3.856902091389785e-05,0.0072372256798004,0.0094537065798235,0.0117540288941415,1.1518557312174935,-0.0032116430719077,-0.0002981277305568,0.7655437175558609,0,Calm/Bull,0.9763
2019-03-28,dax,0.0007983575750155,0.0072133661046766,0.0091917987955199,0.0069556458159651,1.0055773617688657,-0.0021202943466752,-0.000381279111739,0.7847610968369387,0,Calm/Bull,0.9854
2019-03-29,dax,0.0085283281693125,0.0072790639738967,0.0082596002339643,0.0093093381876042,0.995381766468754,0.002828682057113,-0.0003270530732018,0.8812852641420179,0,Calm/Bull,0.9956
2019-04-01,dax,0.0134395328506479,0.0079004327382314,0.0084006330745313,0.0080413911705367,1.0579364048214284,0.00582515581212,0.000383810348456,0.9404568284482852,0,Calm/Bull,0.9951
2019-04-02,dax,0.0062124607542804,0.0079968100710387,0.0084093330801787,0.0100809967346257,0.8378974533523158,0.0057880220656685,0.0005734683773881,0.9509446224561688,0,Calm/Bull,0.998
2019-04-03,dax,0.016838623704138,0.008731233355006,0.0085989700456613,0.0089632593123642,0.9960685727595596,0.0091634606106788,0.0015580652209718,1.0153812966718596,0,Calm/Bull,0.9927
2019-04-04,dax,0.002807519949486,0.0085480026584458,0.0085994585321937,0.0094001802908211,0.8396378817580487,0.009565293085573,0.0020006658110113,0.9940163821297316,0,Calm/Bull,0.9946
2019-04-05,dax,0.0018118558177737,0.0083783312582122,0.0085774868093488,0.0047070316565707,0.7884875993616391,0.0082219986152652,0.0023522310839606,0.9767815963389735,0,Calm/Bull,0.9991
2019-04-08,dax,-0.0038667981781167,0.0083981706609456,0.0085870354433507,0.0034547099299115,0.69347401058401,0.0047607324095123,0.0017865602845569,0.9780058224225364,0,Calm/Bull,0.9996
2019-04-09,dax,-0.0094760276502685,0.0087415565495563,0.0087022783357191,0.0116416305122445,0.7260719890083293,0.0016230347286025,0.0013964715951822,1.0045135552233573,0,Calm/Bull,0.9987
2019-04-10,dax,0.0046589345523464,0.0087502801219656,0.0087078093708676,0.0061574920281517,0.7602812562370885,-0.0008129031017557,0.0014205549137605,1.0048773175076744,0,Calm/Bull,0.9996
2019-04-11,dax,0.0024571048383908,0.0087532663785585,0.0087021641758237,0.0097886986571774,0.8746357210878275,-0.0008829861239748,0.001478385757837,1.0058723556235305,0,Calm/Bull,0.9995
2019-04-12,dax,0.0054087569449232,0.0086520081111619,0.0081076094997042,0.011763415280428,1.092093447171253,-0.0001636058985449,0.0013267868656907,1.0671466245972363,0,Calm/Bull,0.9998
2019-04-15,dax,0.0016944556970799,0.0086062256778383,0.0080501893473517,0.0038809736182348,0.7775281266456174,0.0009486448764943,0.0015341638953637,1.0690712114329946,0,Calm/Bull,1.0
2019-04-16,dax,0.0067193172925207,0.0083968419277016,0.0080484092252849,0.0074859471041705,0.9944121052269074,0.0041877138650522,0.0013098852363468,1.0432921205499943,0,Calm/Bull,0.9999
2019-04-17,dax,0.0042672750949837,0.0073854266185877,0.0080458032282085,0.0088957233672303,1.2188185983388906,0.0041093819735797,0.0023120741026487,0.917922848609376,0,Calm/Bull,0.998
2019-04-18,dax,0.0056876483904775,0.0072322420124851,0.0080491556072107,0.0117513748901681,1.2839253291411925,0.004755490683997,0.00282937582473,0.8985094046394473,0,Calm/Bull,0.9866
2019-04-23,dax,0.0010728736940065,0.0057086859643475,0.0078943540134493,0.005625356268839,0.9314981720943858,0.0038883140338136,0.0036938472019117,0.7231352881593476,0,Calm/Bull,0.9912
2019-04-24,dax,0.0063262612472473,0.0055988881996773,0.0078541397678773,0.0102207400681879,1.258037265289515,0.0048146751438471,0.0040873020604934,0.7128582333836524,0,Calm/Bull,0.9174
2019-04-25,dax,-0.0024850269227764,0.0057560654227061,0.0078709237166022,0.0069733112980109,1.127040447243829,0.0029738063007877,0.0036431442400277,0.7313074843508873,0,Calm/Bull,0.9866
2019-04-26,dax,0.002649027522682,0.00569665456124,0.0078465416141638,0.0051870849174323,1.0616020063277798,0.0026501567863273,0.0037775240672075,0.7260083284280198,0,Calm/Bull,0.9903
2019-04-29,dax,0.0010420599044718,0.0056902037345265,0.007840735134759,0.008900028612412,0.8425813004495531,0.0017210390891262,0.0037897091836803,0.7257232436409043,0,Calm/Bull,0.9787
2019-04-30,dax,0.0013019199336762,0.0056022246001031,0.0078398488578489,0.005151444526246,0.986886277713184,0.0017668483370602,0.0034283887718985,0.7145832402743905,0,Calm/Bull,0.9929
2019-05-02,dax,0.0001085355111538,0.0051207839363567,0.0078380243431873,0.0080118907964191,1.153851703749022,0.0005233031898415,0.0027618389049238,0.6533258525546201,0,Calm/Bull,0.993
2019-05-03,dax,0.0054390323940151,0.0050962153067044,0.0075934238011891,0.0073665749431028,0.9464836905700816,0.0021081150531998,0.0027231674869105,0.6711353718867105,0,Calm/Bull,0.9931
2019-05-06,dax,-0.0101921532750358,0.0047266493058652,0.0077123127533609,0.013285735347942,1.0609516427824115,-0.0004601211063437,0.0013716286379518,0.6128705431202137,0,Calm/Bull,0.967
2019-05-07,dax,-0.0159267249682102,0.0060875443002627,0.0071265959442233,0.0216865652380859,1.292693953918851,-0.0038538780808801,0.000434916392067,0.8542008481899706,0,Calm/Bull,0.5221
2019-05-08,dax,0.0071841975697107,0.00626737352856,0.0069839490764155,0.0118835032786391,1.1699208855721106,-0.0026774225536732,0.0007035334796639,0.8973967965666677,0,Calm/Bull,0.9979
2019-05-09,dax,-0.0170585446680679,0.0073707166968337,0.0073171767108662,0.0140848102981626,1.2343573206879053,-0.0061108385895176,4.394615516636301e-05,1.00731702787606,0,Calm/Bull,0.9986
2019-05-10,dax,0.0071491566782977,0.0071754556264598,0.0072679900781316,0.0108509283061843,1.5368646754479296,-0.0057688137326611,0.0008752053715946,0.9872682198686196,0,Calm/Bull,0.9914
2019-05-13,dax,-0.0153057809650662,0.0079664900959481,0.0075714200669323,0.0175520836331134,1.1693633055645227,-0.0067915392706671,-0.0001230304042759,1.05217911904548,0,Calm/Bull,0.9973
2019-05-14,dax,0.0096337617518152,0.0082455633991289,0.0075778497207085,0.0078305007753216,1.1069417809598825,-0.001679441926662,0.0002358024413952,1.088113871748559,0,Calm/Bull,0.9999
2019-05-15,dax,0.0089618583296996,0.0083997191876926,0.0072955894265599,0.0196172546158341,1.2894662765481169,-0.0013239097746643,0.000413457510634,1.1513420913069887,0,Calm/Bull,0.9924
2019-05-16,dax,0.0172720655198991,0.0092080884852067,0.0075847058938541,0.0227507629611372,1.0923998768908958,0.0055422122629291,0.001192338001775,1.2140336901748527,2,Stress/Bear,0.9503
2019-05-17,dax,-0.0058192989933063,0.009238773232042,0.0076420164993344,0.0098504908170043,1.0360771159410775,0.0029485211286082,0.0005654071874836,1.2089444236147175,0,Calm/Bull,0.9999
2019-05-20,dax,-0.0162811268926305,0.0099226846142523,0.007917367473805,0.0209769753016983,1.0437651260872811,0.0027534519430954,-0.000462012911897,1.253280796562989,0,Calm/Bull,0.7199
2019-05-21,dax,0.008449973989917,0.0100314174456076,0.0079762573060299,0.0091695052470411,0.9074675782048488,0.0025166943907157,-0.000323896631925,1.257659709400802,0,Calm/Bull,1.0
2019-05-22,dax,0.0020788333889633,0.0100413066088801,0.0079732289341528,0.0127811318544008,0.8661316920769074,0.0011400894025685,-0.0002735986471772,1.259377686481418,0,Calm/Bull,1.0
2019-05-23,dax,-0.0179374428643888,0.0106493039181967,0.0083274835534572,0.0130860767163526,1.167466604535954,-0.005901812274289,-0.001486783852759,1.278814163947,0,Calm/Bull,0.9958
2019-05-24,dax,0.0048932853426306,0.0107403141775499,0.0083398258564408,0.0075979902929474,0.8197652370472781,-0.0037592954071016,-0.0011178682394886,1.287834345995991,0,Calm/Bull,0.9997
2019-05-27,dax,0.0049945373921185,0.0107962701944309,0.0083286501483875,0.0061352388275017,0.4459129611936248,0.0004958374498481,-0.0010005927460168,1.2962809101209696,0,Calm/Bull,0.9996
2019-05-28,dax,-0.0036625040986032,0.0108006730983902,0.0083457782037242,0.0100522917943999,1.204728776020477,-0.0019266581678559,-0.0012358209461705,1.294148111145655,0,Calm/Bull,0.9997
2019-05-29,dax,-0.0158596535597209,0.0112603791174022,0.0085670725355336,0.0083537117107797,0.898560056337666,-0.0055143555575927,-0.0020938996208404,1.31437886987622,0,Calm/Bull,0.9944
2019-05-30,dax,0.0054145714900564,0.0113769048989308,0.0085906964946744,0.0055763460463925,0.4852944320876097,-0.0008439526867037,-0.0018285978218953,1.3243285810392176,0,Calm/Bull,0.999
2019-05-31,dax,-0.0148329629898841,0.0115962623541334,0.008809235417164,0.0079347723621459,0.9883691699964104,-0.0047892023532066,-0.0028421975910902,1.3163755768791363,0,Calm/Bull,0.9877
2019-06-03,dax,0.0056097689556434,0.011607442176588,0.008828042286609,0.0146691281109541,1.0389017321417031,-0.0046661560405016,-0.0020521014795563,1.314837627612529,0,Calm/Bull,0.9994
2019-06-04,dax,0.0150112653388092,0.0117220370777442,0.0089889006086868,0.0228899542014922,1.073023290093091,-0.0009314021530192,-0.0005052019642053,1.3040568127337095,0,Calm/Bull,0.8313
2019-06-05,dax,0.0008049145968159,0.011587815037305,0.0089558873633573,0.0107555629530917,0.8231904014082867,0.0024015114782881,-0.00082416611285,1.2938768172449555,0,Calm/Bull,0.9999
2019-06-06,dax,-0.0023121912685265,0.0109521882319607,0.0089206412300254,0.0148186909901662,0.9103192095322544,0.0008561589265715,-8.68484428730127e-05,1.2277355348735983,0,Calm/Bull,0.9999
2019-06-07,dax,0.0076871982443681,0.0109715413484234,0.0089622936316053,0.0090856768945627,0.8451638937981786,0.005360191173422,-5.994636456949669e-05,1.2241890077928823,0,Calm/Bull,0.9999
2019-06-11,dax,0.0091260352418998,0.0105362051864618,0.0090170926262243,0.0090541519458971,1.0064042764145065,0.0060634444306733,0.0011616444457788,1.1684703288751197,0,Calm/Bull,0.9998
2019-06-12,dax,-0.0033067537762778,0.0103848009858797,0.0090325330117838,0.0052964359846196,0.7544761749871715,0.0023998406076558,0.0005146186693741,1.1497108255604274,0,Calm/Bull,0.9999
2019-06-13,dax,0.0043953714310362,0.0102384710073501,0.008989093136766,0.0100402797279567,0.7695197550427211,0.0031179319744999,0.0002862943244409,1.1389881995408482,0,Calm/Bull,0.9999
2019-06-14,dax,-0.0059879071311846,0.0095020699883693,0.0090214703626419,0.0071831803010871,0.7964076231119965,0.0023827888019683,-0.0008767043081132,1.0532728708745254,0,Calm/Bull,0.9995
2019-06-17,dax,-0.000875029545877,0.0094307610280004,0.008915335951373,0.005358326034189,0.9772750518051916,0.0006703432439193,-0.0006294908357417,1.0578133094971072,0,Calm/Bull,0.9996
2019-06-18,dax,0.0201443469362532,0.0097605103542007,0.0090151170209896,0.0300403588551908,1.7225547482161498,0.0028740055827899,0.0011917828557024,1.0826826020644684,2,Stress/Bear,0.9943
2019-06-19,dax,-0.001884697185099,0.009628703811222,0.0089926206159128,0.0045098614043947,1.1568435551588525,0.0031584169010257,0.0006750492969516,1.0707339075534483,0,Calm/Bull,0.9995
2019-06-20,dax,0.0037998364843069,0.0096495770215649,0.0087075936543099,0.0067161353151249,1.0519406035907977,0.0030393099116798,0.0007610994517188,1.108179527508012,0,Calm/Bull,0.9999
2019-06-21,dax,-0.0012528475127577,0.008613557577671,0.0087060163968855,0.0088161057568653,2.215539409006729,0.0039863218353652,0.0015953292193003,0.9893798937424984,2,Stress/Bear,1.0
2019-06-24,dax,-0.0053098611667349,0.0087095653359263,0.0087232520735383,0.0074014492615258,0.9401894995693764,0.0030993555111936,0.001085171893832,0.9984310051461824,0,Calm/Bull,0.9995
2019-06-25,dax,-0.0037652464667933,0.0087228700234854,0.0087454846319077,0.0058192339946508,0.7621408999367815,-0.0016825631694156,0.0006471827008864,0.9974141389100588,0,Calm/Bull,0.9995
2019-06-26,dax,0.0013794271887291,0.0086644236167845,0.0087454200799837,0.0103181955351566,0.9185616843703136,-0.00102973829465,0.0008992792652531,0.9907384136544104,0,Calm/Bull,0.9994
2019-06-27,dax,0.002097373364944,0.0077147273883405,0.0086927225100651,0.0102053752585942,0.8951694351613884,-0.0013702309185225,0.0017971306114863,0.8874926560013674,0,Calm/Bull,0.9965
2019-06-28,dax,0.0103584559188636,0.0079133852882925,0.0086271083492549,0.0089193990944341,1.019241717770033,0.0009520297678017,0.0020443248329267,0.9172697232875232,0,Calm/Bull,0.9969
2019-07-01,dax,0.0098378958989675,0.0070160568078556,0.0086768411085269,0.0080166789724419,0.9630725280736052,0.0039815811809421,0.0032778677773693,0.8085957458597257,0,Calm/Bull,0.9865
2019-07-02,dax,0.000426367182674,0.0070211182170176,0.0084258302746268,0.0051058826519344,0.7213487178923719,0.0048199039108356,0.0030186976887208,0.8332850280833167,0,Calm/Bull,0.9975
2019-07-03,dax,0.0071209504556826,0.0065152447334724,0.0084617525919166,0.0068181589484659,0.751258702270915,0.0059682085642263,0.0026241819445645,0.7699639835483185,0,Calm/Bull,0.9934
2019-07-04,dax,0.0010821580839609,0.0065114640827191,0.0084608729671209,0.0031480664451251,0.5918363291469535,0.0057651655080297,0.0026380441189217,0.7695971926328101,0,Calm/Bull,0.9974
2019-07-05,dax,-0.0048709571913993,0.0066377589419017,0.0084713259673794,0.0087527947366683,0.8698147495173847,0.0027192828859771,0.0025101058227781,0.7835560769898167,0,Calm/Bull,0.9914
2019-07-08,dax,-0.0019927107517403,0.0065931586188722,0.0083716352614227,0.0063555340263274,0.9859156072978692,0.0003531615558355,0.0020261103729726,0.7875592298262288,0,Calm/Bull,0.9965
2019-07-09,dax,-0.0085636797069316,0.0067746178410067,0.0084459760830681,0.0091198864360476,1.138600043769585,-0.0014448478220855,0.0011416246255311,0.8021118902512644,0,Calm/Bull,0.9948
2019-07-10,dax,-0.0050898739739305,0.0068475812842718,0.0084759138858604,0.0074360879064955,0.8608847528547039,-0.0038870127080081,0.0010524686156484,0.8078870758343868,0,Calm/Bull,0.9931
2019-07-11,dax,-0.0033425777183785,0.0068673355732722,0.0084670708719395,0.0089676262231559,0.8327735691773176,-0.004771959868476,0.0006655711581777,0.8110639059407209,0,Calm/Bull,0.9916
2019-07-12,dax,-0.0007138225809635,0.0066975597087419,0.0084668043827049,0.0040483933852547,0.8310998964329954,-0.0039405329463889,0.0009292753856887,0.7910374925423969,0,Calm/Bull,0.9891
2019-07-15,dax,0.0051815430328636,0.0067484149221878,0.0084497074677064,0.0107415774484975,0.7560302230037074,-0.0025056821894681,0.0012321040146258,0.7986566337331025,0,Calm/Bull,0.9912
2019-07-16,dax,0.0035159467758675,0.0051247531191622,0.0084444181768397,0.0079012905095506,0.8380408189669836,-8.975689290829916e-05,0.0004006840066065,0.6068805466334801,0,Calm/Bull,0.9912
2019-07-17,dax,-0.007261411942466,0.0053853509399265,0.0084718143886477,0.0104529360306048,0.8270816927329382,-0.0005240644866154,0.0001318482687382,0.6356785799206041,0,Calm/Bull,0.9822
2019-07-18,dax,-0.0092134004667225,0.0056960300568308,0.0085567013313064,0.0101170659510444,0.8422889020300259,-0.0016982290362841,-0.0005188135788132,0.6656805977311288,0,Calm/Bull,0.9756
2019-07-19,dax,0.0026315605263429,0.0057357697122789,0.0085235566013444,0.0104763208051544,0.9682872822563302,-0.0010291524148228,-0.0003245931768582,0.6729314980291443,0,Calm/Bull,0.9842
2019-07-22,dax,0.0023894683869023,0.0056411611305504,0.0085233977890554,0.0088954165754819,0.7426000438132337,-0.0015875673440151,6.037330082362857e-05,0.6618441694454388,0,Calm/Bull,0.9889
2019-07-23,dax,0.0162504545515325,0.0066176925102782,0.0087720433533555,0.0129671839717515,1.182780279958115,0.0009593342111178,0.0010611583517399,0.754407182420822,0,Calm/Bull,0.8945
2019-07-24,dax,0.0025705530877397,0.0066260620496179,0.0087766423976813,0.0058924131038483,1.1636549318458185,0.0029257272171589,0.0011207146466904,0.7549654810327548,0,Calm/Bull,0.9923
2019-07-25,dax,-0.012922832720282,0.0073239919309101,0.0089386859801153,0.0243348692884549,1.4200505200270397,0.002183840766447,0.0003697043424291,0.819358902102925,1,Transition,0.9824
2019-07-26,dax,0.0046647474829647,0.0070196251962187,0.0089587443141136,0.0057890491711811,0.8863577566556015,0.0025904781577714,8.501892063420223e-05,0.783550121545489,0,Calm/Bull,0.9905
2019-07-29,dax,-0.0001957263638454,0.0066338611039638,0.0089313224253086,0.006957105621341,0.8165849939035095,0.0020734392076218,-0.0004166621925064,0.7427635895402778,0,Calm/Bull,0.9832
2019-07-30,dax,-0.0220023272484403,0.0081957372439718,0.0092831084981443,0.0238103047776251,1.415421989605285,-0.0055771171523726,-0.0015380969140621,0.8828656096834521,1,Transition,0.7112
2019-07-31,dax,0.0034351877380413,0.0080305577148236,0.009060679515125,0.0071752952371322,1.1110525663372357,-0.0054041902223123,-0.0017223850499442,0.8863085490904034,0,Calm/Bull,0.9634
2019-08-01,dax,0.0052458881514528,0.0081600174916826,0.0090385383887773,0.0101769905156725,1.048007551576596,-0.0017704460479653,-0.0015141985465696,0.902802769728178,0,Calm/Bull,0.9907
2019-08-02,dax,-0.0315632947470107,0.0105660532229184,0.0096766838527176,0.0166907686270206,1.5999314241267204,-0.0090160544939604,-0.0028488154243502,1.0919084868057425,2,Stress/Bear,0.9938
2019-08-05,dax,-0.018183418578388,0.0111035753397067,0.0099031736388204,0.0144914935224521,1.2957611717028208,-0.0126135929368689,-0.0036583508156825,1.1212138395898386,2,Stress/Bear,0.6666
2019-08-06,dax,-0.0077971611274935,0.0110870632125334,0.0097601384332217,0.0156354376915427,0.9929338640631976,-0.0097725597126796,-0.0036200248867106,1.1359534793886792,0,Calm/Bull,0.9582
2019-08-07,dax,0.0070798847759261,0.0113333669033277,0.0097209564307813,0.0161354542599956,1.2331488357217744,-0.0090436203051026,-0.0030115369492178,1.1658695298171144,0,Calm/Bull,0.8932
2019-08-08,dax,0.0166213749686383,0.0121522633239167,0.0098957925464201,0.0136272125444157,1.1314531131171237,-0.0067685229416655,-0.002013339314867,1.2280232499733323,0,Calm/Bull,0.7263
2019-08-09,dax,-0.0128816938463071,0.0123861172411214,0.0097500953915126,0.0163778698497325,1.1797904234545724,-0.0030322027615248,-0.0026217328781341,1.2703585702252054,0,Calm/Bull,0.9949
2019-08-12,dax,-0.0012082171086181,0.0122559707598497,0.0097284626722613,0.0162641413138069,0.835495998815041,0.0003628375324291,-0.0029412208852082,1.25980549781981,0,Calm/Bull,0.9984
2019-08-13,dax,0.0060137413768325,0.0123376871330711,0.0095504912575762,0.0252124872622335,1.251411480506491,0.0031250180332943,-0.00281633115516,1.291837958941003,2,Stress/Bear,0.6944
2019-08-14,dax,-0.0221557100653656,0.0130491233415476,0.0098809792221694,0.0261210364903414,1.1179665134819798,-0.002722100934964,-0.003561046061305,1.3206305820651911,2,Stress/Bear,0.9312
2019-08-15,dax,-0.0069844494079846,0.0130077607375145,0.0099036392234124,0.0230909417935487,1.2027579311135708,-0.0074432658102886,-0.0034495985083681,1.3134324104581492,0,Calm/Bull,0.907
2019-08-16,dax,0.0130637447376238,0.0134655573013202,0.0098169870061313,0.0113727366813155,1.1541315298261567,-0.0022541780935024,-0.002927989297804,1.371658869764237,0,Calm/Bull,0.9532
2019-08-19,dax,0.0131137852542007,0.013895126107272,0.0099507294207236,0.0113807824073259,0.7859640897565745,0.0006102223790613,-0.0023917734544391,1.396392718541176,0,Calm/Bull,0.9944
2019-08-20,dax,-0.0054942292891301,0.0131926356343145,0.0099462089367332,0.0125309199511047,0.698512705055861,-0.0016913717541311,-0.0034790076464722,1.32639840146446,0,Calm/Bull,0.9962
2019-08-21,dax,0.0129335590221559,0.0136387077439858,0.0100890614658747,0.0128180942797348,0.6473084471879081,0.0053264820633731,-0.0029608573497514,1.3518311678561443,0,Calm/Bull,0.9585
2019-08-22,dax,-0.0047396973509876,0.0134454996635239,0.0098989904046051,0.0117374149023079,0.7840724994886674,0.0057754324747725,-0.0025517005812867,1.3582697945912716,0,Calm/Bull,0.9841
2019-08-23,dax,-0.0116044699251389,0.0134780306643811,0.0099809671670046,0.0182241892599493,0.9415427422614444,0.0008417895422199,-0.0033651614516919,1.350373209215352,0,Calm/Bull,0.9624
2019-08-26,dax,0.0039992467275934,0.0135623282434977,0.009814503619383,0.0124197582593088,0.5737467166943974,-0.0009811181631014,-0.0031554127971199,1.3818659373371651,0,Calm/Bull,0.9954
2019-08-27,dax,0.0061552536437747,0.0129505904304668,0.0098201315770196,0.0138559252185814,0.8779616216041342,0.0013487784234794,-0.0017475337525092,1.3187797260041605,0,Calm/Bull,0.9995
2019-08-28,dax,-0.0024753503018306,0.012893410086146,0.009621872277095,0.0123194726955216,0.6499968916189647,-0.0017330034413178,-0.0020430606545028,1.34001052132431,0,Calm/Bull,0.9993
2019-08-29,dax,0.0117130430580164,0.0131640876297791,0.0097468890106324,0.01623292823327,0.7976273349528973,0.0015575446404829,-0.0017197029091746,1.3505937756569315,0,Calm/Bull,0.9971
2019-08-30,dax,0.0084448070526683,0.0112979172227403,0.0098061049439588,0.0120845034317935,0.8781837857293284,0.0055674000360444,0.0002807021808092,1.1521309722164998,0,Calm/Bull,0.999
2019-09-02,dax,0.0012137416846729,0.0104285792892667,0.0097553577993701,0.0053707023087214,0.5430830561215169,0.0050102990274603,0.0012505601939623,1.0690104354696344,0,Calm/Bull,0.9997
2019-09-03,dax,-0.0035969507208964,0.0102779914750016,0.0096888644474542,0.0073386937357999,0.7930774759372022,0.0030598581545261,0.0014605707142922,1.0608045484321076,0,Calm/Bull,0.9993
2019-09-04,dax,0.0095405271332188,0.0103631719732904,0.0097638430926383,0.0065338919658287,0.7738195362432717,0.005463033641536,0.0015836028321568,1.0613824776745993,0,Calm/Bull,0.9993
2019-09-05,dax,0.0084251070827745,0.0098883876149102,0.0098092195148863,0.0055364776901716,1.1053926276559314,0.0048054464464876,0.0011737894378636,1.008070784826843,0,Calm/Bull,0.9966
2019-09-06,dax,0.0053416387571501,0.0093500178662068,0.0098021783217234,0.0060540684115097,1.0060355753826995,0.004184812787384,0.0020849560680365,0.953871431361895,0,Calm/Bull,0.9961
2019-09-09,dax,0.0028150874350568,0.0093186643529573,0.0098073353775588,0.0045403476137994,0.9299961689660698,0.0045050819374607,0.0022861212952202,0.9501729057089546,0,Calm/Bull,0.9963
2019-09-10,dax,0.0034791366245333,0.0092824665624558,0.0094626269894177,0.0091500871715465,1.3589504147797655,0.0059202994065467,0.0021593910576053,0.980960844471268,0,Calm/Bull,0.9919
2019-09-11,dax,0.0073381162277329,0.00735999244306,0.0095077052241737,0.0062035347268358,1.1520131537713312,0.0054798172254495,0.0036340823722602,0.7741081858897975,0,Calm/Bull,0.9508
2019-09-12,dax,0.0041325122926297,0.0069226408096946,0.0095100149486147,0.012894221132733,1.419390697677387,0.0046212982674206,0.0041899304572909,0.7279316433359528,0,Calm/Bull,0.5669
2019-09-13,dax,0.004685147696487,0.0066035348414163,0.0095268568431642,0.006842852415554,1.1786289158610082,0.0044900000552879,0.0037710006052341,0.6931493723614174,0,Calm/Bull,0.9222
2019-09-16,dax,-0.0071006191310766,0.0066451413160515,0.0095471077388268,0.0047066295813578,1.0414271727537818,0.0025068587420612,0.0027602803859702,0.6960371138398934,0,Calm/Bull,0.9528
2019-09-17,dax,-0.0006220857193894,0.0064118177915214,0.0095339138311519,0.0072304839799794,1.0004407698333886,0.0016866142732767,0.0030038875644572,0.672527348691884,0,Calm/Bull,0.9602
2019-09-18,dax,0.0013738478302187,0.0059758022961777,0.0095339021136389,0.0049686406629289,0.9027422143673612,0.0004937605937738,0.0024259020048604,0.6267950126768101,0,Calm/Bull,0.961
2019-09-19,dax,0.0054798865740284,0.0057640129543356,0.0095553168097582,0.0089864255486437,1.0388597131701478,0.0007632354500536,0.0029368812011112,0.6032257296219828,0,Calm/Bull,0.9089
2019-09-20,dax,0.0008272238517225,0.0046821355477584,0.0094632294213586,0.0058020361797794,2.3078098174053134,-8.349318899264296e-06,0.0035584658899543,0.4947714294224765,2,Stress/Bear,0.9999
2019-09-23,dax,-0.0101313213207384,0.005590206713638,0.0094658427289477,0.014331158030362,0.9467137560487506,-0.0006144897568316,0.0028519374875377,0.5905661940212131,0,Calm/Bull,0.5317
2019-09-24,dax,-0.0028543977979895,0.0056724147124509,0.0094714019823365,0.00553817719977,0.720113149933028,-0.0010609521725516,0.0024014549154494,0.5988991622390805,0,Calm/Bull,0.9521
2019-09-25,dax,-0.0059467777775897,0.0058788501572851,0.0094482060307072,0.0097464039975095,0.8601478182919438,-0.0025250772941133,0.0022278835416615,0.6222186665043679,0,Calm/Bull,0.9266
2019-09-26,dax,0.0044334756674248,0.0054719547395849,0.0094676791186056,0.0073125327562797,0.9313872339551744,-0.002734359475434,0.0018639051721319,0.577961575485971,0,Calm/Bull,0.9228
2019-09-27,dax,0.0074911040661435,0.0054154511166099,0.0095044271437564,0.0064421411344286,0.7858939305966718,-0.0014015834325498,0.0018162200228057,0.569781958943987,0,Calm/Bull,0.9108
2019-09-30,dax,0.0038002068766502,0.0054311665835652,0.0095158468479433,0.0075707464997437,0.8216145985880347,0.0013847222069278,0.0019455432824045,0.5707496842216554,0,Calm/Bull,0.9375
2019-10-01,dax,-0.0133041487390875,0.0063144621849403,0.0096061046233798,0.0190356677991572,0.9171299961204216,-0.0007052279812917,0.001460183381495,0.657338477198334,1,Transition,0.8984
2019-10-02,dax,-0.0279962852194877,0.0088541313408824,0.0102368717919152,0.0252917424425064,1.092002426164577,-0.0051151294696713,-0.0004166572361402,0.8649254890419905,1,Transition,0.9904
2019-10-04,dax,0.0073155437306914,0.0087991200912034,0.010281113820322,0.0111489062334745,1.0073217275827704,-0.004538715857018,-0.0004721354037444,0.8558528039842072,0,Calm/Bull,0.9188
2019-10-07,dax,0.0070194628712406,0.0088652161586166,0.0103259634870278,0.011223006436672,0.7563238263387634,-0.0046330440959985,-0.0003882441980399,0.8585364619731354,0,Calm/Bull,0.9185
2019-10-08,dax,-0.0105727633325555,0.0091126010564951,0.0103841377714139,0.0137776224078593,0.9287157368018664,-0.0075076381378397,-0.0010576367364205,0.8775500919855701,0,Calm/Bull,0.8588
2019-10-09,dax,0.0103106963198911,0.0094146404348671,0.0104661894928513,0.0175628901947124,0.8083148025929195,-0.002784669126044,-0.0007160587516526,0.8995289490313165,0,Calm/Bull,0.7721
2019-10-10,dax,0.0057662871916589,0.0093502073656801,0.0104577796740615,0.0142426133422863,1.040152192322168,0.0039678453561853,-0.0007946502034563,0.8940910649390946,0,Calm/Bull,0.8284
2019-10-11,dax,0.0281630137906514,0.0113473792510212,0.0110127125350364,0.0216366308588947,1.1936319669479794,0.0081373393681773,0.0004068748714447,1.030389126649776,1,Transition,0.8299
2019-10-14,dax,-0.0020074100327505,0.0113132036000995,0.0110129386370096,0.0085924420140186,0.7126493329854126,0.006331964787379,7.224698498284636e-05,1.0272647449501713,0,Calm/Bull,0.9846
2019-10-15,dax,0.0114054807845988,0.0114516175175162,0.0111030027490038,0.0134998285381358,1.1266798427955915,0.0107276136108099,0.0009975519807666,1.0313982421146144,1,Transition,0.6042
2019-10-16,dax,0.0031873917298903,0.0114549412401889,0.0109145046350491,0.0074616586943018,1.1747246418982198,0.0093029526928098,0.0011880258532306,1.0495154496892494,0,Calm/Bull,0.9205
2019-10-17,dax,-0.0011972455531007,0.0114671667709961,0.0109116933441014,0.0131671701777397,1.1530890344417044,0.0079102461438578,0.0010594711840646,1.0509062534455194,0,Calm/Bull,0.8698
2019-10-18,dax,-0.0016885579580756,0.0114337096789289,0.0107787123981616,0.0076945576829396,1.0254521763022706,0.0019399317941124,0.0007010489574594,1.0607676739643808,0,Calm/Bull,0.994
2019-10-21,dax,0.0090113552814704,0.0115839291901155,0.0108226379026025,0.0110660322412187,1.0012843383061103,0.0041436848569566,0.0011102555289468,1.0703424889905933,0,Calm/Bull,0.9902
2019-10-22,dax,0.0005278250537233,0.0112807385892715,0.0108223268504385,0.0047519283462127,0.982728661951186,0.0019681537107815,0.0016432128476699,1.0423579647120331,0,Calm/Bull,0.9888
2019-10-23,dax,0.0034047074582708,0.0112361300255795,0.0104185958653898,0.0093271090036761,0.933822902403428,0.0020116168564576,0.0019561681104829,1.0784687467248415,0,Calm/Bull,0.9964
2019-10-24,dax,0.0057583598629126,0.0111069237228907,0.0104325980580267,0.0072692346500994,1.0257219059139686,0.0034027379396603,0.002541424992508,1.0646364080273547,0,Calm/Bull,0.9937
2019-10-25,dax,0.0017394730967126,0.0110991031542153,0.0104177012371844,0.0047965847867968,0.7360238793875294,0.0040883441506179,0.0024067248639724,1.0654080877841572,0,Calm/Bull,0.9975
2019-10-28,dax,0.0036538044902371,0.0110395932849647,0.0095133524241667,0.0072363227817397,0.848040313309062,0.0030168339923713,0.0022148598851771,1.1604314433806688,0,Calm/Bull,0.9997
2019-10-29,dax,-0.0001614943086953,0.0110451912813929,0.0091613598892781,0.0042149644710245,0.9414548361780396,0.0028789701198875,0.0020167748259098,1.20562792149662,0,Calm/Bull,0.9996
2019-10-30,dax,-0.0022738747369602,0.0105019406376239,0.0090914113994777,0.008824760160229,1.2123634568975818,0.0017432536808413,0.0025682885260162,1.1551496435665871,0,Calm/Bull,0.9991
2019-10-31,dax,-0.0033704803701756,0.0078347360164495,0.0090892269812921,0.0122991048676139,1.2118686459782415,-8.251436577629973e-05,0.0037995787684818,0.8619804558270283,0,Calm/Bull,0.924
2019-11-01,dax,0.0072991148067566,0.0078343488288629,0.008906913613471,0.0073567023793871,0.8042039213504198,0.0010294139762325,0.003798757322285,0.8795806458719884,0,Calm/Bull,0.9879
2019-11-04,dax,0.013429197675649,0.0080996478546821,0.0088342373309316,0.0115702642765878,1.0225893828242292,0.0029844926133148,0.0041192440625054,0.9168474369963532,0,Calm/Bull,0.916
2019-11-05,dax,0.0009297949091244,0.0073777177840747,0.0088256367961063,0.0040635576301479,1.0019901797244246,0.0032027504568788,0.0046943719745894,0.8359416951453941,0,Calm/Bull,0.9721
2019-11-06,dax,0.0023844727102073,0.0072722795917534,0.008809905393863,0.0058232657516293,0.9576343444617638,0.0041344199463123,0.0042980607941053,0.825466252659113,0,Calm/Bull,0.9823
2019-11-07,dax,0.0082790805194972,0.007320526589975,0.0082595494089406,0.0055223950900351,1.377330930995074,0.0064643321242469,0.0044237004604972,0.8863106481390951,0,Calm/Bull,0.9755
2019-11-08,dax,-0.0045931407223575,0.0050383384173213,0.0082190656856943,0.0062251380384459,1.1279289158146808,0.0040858810184241,0.0027858927348467,0.6130062235773126,0,Calm/Bull,0.9893
2019-11-11,dax,-0.0022847501858605,0.0050525868750629,0.0081217473194464,0.0061772986144196,0.8497666914193196,0.0009430914461221,0.0027720257271912,0.6221058937607225,0,Calm/Bull,0.9942
2019-11-12,dax,0.0064300527122486,0.0047164377695185,0.008014721778772,0.0070463010925935,0.9750374485702668,0.002043143006747,0.0025232543235737,0.5884718022290704,0,Calm/Bull,0.9942
2019-11-13,dax,-0.0040311059715526,0.0049341140321965,0.0079934412284839,0.0101715493055887,0.9217653319379964,0.000760027270395,0.0021623294385016,0.6172703208993731,0,Calm/Bull,0.9892
2019-11-14,dax,-0.0037742775690104,0.0050585448724673,0.0079007657328071,0.0045226352559867,0.9845891790375374,-0.0016506443473065,0.0020334778377061,0.6402600764964128,0,Calm/Bull,0.9941
2019-11-15,dax,0.004656701831491,0.0050115828252642,0.0078611692121514,0.0067083337266599,0.9825647671095088,0.0001993241634631,0.0023507408271844,0.6375111246196751,0,Calm/Bull,0.9945
2019-11-18,dax,-0.0026269855117238,0.0048712081698738,0.0076812923135694,0.0109434516974221,0.8517722733080665,0.0001308770982905,0.0017688237875247,0.6341651861456425,0,Calm/Bull,0.9883
2019-11-19,dax,0.0010678283303323,0.0048654606978678,0.0076786261422074,0.0140955814142957,0.8437546406892314,-0.0009415677780927,0.0017958239513551,0.633636878233165,0,Calm/Bull,0.9529
2019-11-20,dax,-0.0047750080158501,0.0050628855283377,0.0077103060829123,0.0084274564186334,0.8485297389950703,-0.0010903481869522,0.0013868381776491,0.6566387214585646,0,Calm/Bull,0.9942
2019-11-21,dax,-0.0015545772534974,0.0049941605796876,0.0077023322073833,0.009739088032748,0.925489430419318,-0.0006464081238496,0.0010211913218286,0.6483958942851556,0,Calm/Bull,0.9938
2019-11-22,dax,0.0019907318167278,0.0049963780646548,0.0075945486384946,0.0094151899584957,0.919461838885529,-0.0011796021268022,0.0010337542578294,0.6578900606850563,0,Calm/Bull,0.9937
2019-11-25,dax,0.0062529003831957,0.0051008210877675,0.0075671099633674,0.0044328650843589,0.6817676238523455,0.0005963750521816,0.0011637090524773,0.6740778332098704,0,Calm/Bull,0.9968
2019-11-26,dax,-0.0007574914556257,0.0051107020139516,0.0075736727992409,0.0051547525050364,1.10337726924654,0.00023131109499,0.0011339091951308,0.674798363940919,0,Calm/Bull,0.9964
2019-11-27,dax,0.0038192901271352,0.0050783761026112,0.0075462487480845,0.0071867034740657,0.8462486452871143,0.0019501707235871,0.0014385674383355,0.672966963075562,0,Calm/Bull,0.9959
2019-11-28,dax,-0.0031274876488232,0.0050665421557984,0.0075037417119653,0.0032901600283231,0.4816864567128001,0.0016355886445219,0.0014507170744032,0.6752020992033095,0,Calm/Bull,0.9979
2019-11-29,dax,-0.0006948273991965,0.0048932369459014,0.0074555913364483,0.0094632948535762,0.9363600933858476,0.001098476801337,0.0010510199641055,0.6563177520178352,0,Calm/Bull,0.9932
2019-12-02,dax,-0.0207403776273825,0.0061481675493308,0.0079681308795808,0.0295996514568729,1.3606812250562257,-0.0043001788007785,-0.000657458801046,0.771594699214356,1,Transition,0.9967
2019-12-03,dax,0.001896462020866,0.0061650787976231,0.0079655141748779,0.0122377713069353,1.1173355758015826,-0.0037693881054802,-0.0006091254454589,0.7739712292606196,0,Calm/Bull,0.9899
2019-12-04,dax,0.0115792401251386,0.0067180948623507,0.008075960486123,0.0123312790243479,0.885562070788785,-0.0022173981058795,-0.0001493870747123,0.8318632655390619,0,Calm/Bull,0.9842
2019-12-05,dax,-0.0065485476204409,0.0065551925376271,0.0080944080345613,0.0102521559696337,0.7312490183557444,-0.0029016101002031,-0.0008907684817093,0.8098421168834005,0,Calm/Bull,0.9931
2019-12-06,dax,0.0085259396004777,0.0068163956842958,0.0081437498489975,0.0087516645555471,0.8310387372768927,-0.0010574567002682,-0.0002348144655675,0.8370094625554892,0,Calm/Bull,0.9959
2019-12-09,dax,-0.0046413972355554,0.006873824486521,0.0081609372473091,0.0053816110034578,0.7065314064129123,0.0021623393780971,-0.0003526468180522,0.8422837081350517,0,Calm/Bull,0.9973
2019-12-10,dax,-0.0026658164500988,0.0067001523839535,0.008107797380161,0.015696163680495,1.1257144066318503,0.0012498836839042,-0.0008074402761696,0.8263837969542888,0,Calm/Bull,0.957
2019-12-11,dax,0.0057992437849358,0.0068108785365252,0.0081296566575856,0.0096654633522954,0.9787389516200756,9.38844158636461e-05,-0.0003159227883452,0.8377818182727448,0,Calm/Bull,0.9961
2019-12-12,dax,0.0056810176307376,0.0068859361194511,0.0081518967559029,0.0138212251030526,1.1856705433236443,0.0025397974660993,0.0001568419716421,0.8447035488354118,0,Calm/Bull,0.9823
2019-12-13,dax,0.0046090671644097,0.0068843058188356,0.0081447083590163,0.0126374985709302,1.4720850975536146,0.0017564229788857,0.0001544602382881,0.8452489046111206,0,Calm/Bull,0.9923
2019-12-16,dax,0.0093622753099321,0.0071463644224792,0.0082146523592517,0.0065238621462019,0.9865552869347184,0.0045571574879833,0.0007539232793709,0.869953360160242,0,Calm/Bull,0.9971
2019-12-17,dax,-0.0089776124660635,0.0074688781383419,0.0081889628848045,0.0094101172522025,1.0902266937832368,0.0032947982847903,0.0002516512395511,0.9120664293400488,0,Calm/Bull,0.9962
2019-12-18,dax,-0.0049543629115366,0.0074753360914589,0.0082111738456886,0.0053032270339241,0.97509799596837,0.0011440769454958,0.0002426834947667,0.9103858025590346,0,Calm/Bull,0.9989
2019-12-19,dax,-0.0007717446825195,0.0074674755154851,0.0081619139757652,0.0082319915068666,1.146390457329811,-0.0001464755171555,0.0002818251233156,0.91491720418249,0,Calm/Bull,0.9991
2019-12-20,dax,0.0080616314315068,0.0076614649345126,0.0081990176411205,0.0091832315947863,2.1862450728130693,0.0005440373362638,0.0005853701040546,0.9344369374311522,2,Stress/Bear,0.9999
2019-12-23,dax,-0.0013463564827042,0.0075532707687251,0.0081659926684994,0.0034817393337133,0.7192859779577491,-0.0015976890222634,0.0002054072607596,0.9249666360664464,0,Calm/Bull,0.9992
2019-12-27,dax,0.0027126497323897,0.007569826124987,0.0081613168200463,0.0052425822831486,0.5768079788171828,0.0007403634174272,0.0003789143201604,0.9275250908521936,0,Calm/Bull,0.9997
2019-12-30,dax,-0.0066275867281943,0.0076795733610048,0.0080045428253094,0.0054683479440459,0.4242959284337297,0.0004057186540956,-0.000143429522606,0.9594018707380562,0,Calm/Bull,0.9998
2020-01-02,dax,0.0102813170056326,0.0079845971071226,0.0071059715761151,0.0149313586619345,0.991359646727778,0.0026163309917261,0.0005270107101167,1.123646080144869,0,Calm/Bull,0.9997
2020-01-03,dax,-0.0125383792128088,0.0085023837765559,0.0073100666123547,0.0122565092828602,1.0568131198370283,-0.001503671137137,-6.516688056389854e-05,1.163106196896483,0,Calm/Bull,0.9999
2020-01-06,dax,-0.0069953188757332,0.0071988171654115,0.007357549945906,0.0148503523052084,0.9601928877588468,-0.0026334636157428,0.0006220860570185,0.9784258643622478,0,Calm/Bull,0.9989
2020-01-07,dax,0.0075769144824583,0.0073619527957175,0.0072305860393957,0.008881908325245,1.0533379288806537,-0.001660610665729,0.0009061086800981,1.018168203186588,0,Calm/Bull,0.9999
2020-01-08,dax,0.0070328067046113,0.0070798298424363,0.0071763256462203,0.0170996572986358,1.1709529599299702,0.001071468020832,0.0006787870090718,0.9865535918322204,0,Calm/Bull,0.9956
2020-01-09,dax,0.0130435056370679,0.0073764036834372,0.0073080630562415,0.0049321434978266,1.130265644710305,0.0016239057471191,0.0016583896719472,1.0093514008663858,0,Calm/Bull,0.9998
2020-01-10,dax,-0.000871068275603,0.0072134195933176,0.0064375706551249,0.004812662993578,1.0013929255979357,0.0039573679345602,0.0011885392781432,1.1205189006469498,0,Calm/Bull,1.0
2020-01-13,dax,-0.0023605164676489,0.0071339903148497,0.0064407563869713,0.0092547339418263,0.8542442146559909,0.0048843284161771,0.0013025833165385,1.1076323782841335,0,Calm/Bull,1.0
2020-01-14,dax,0.0003694589993714,0.0070771850554245,0.006301630956348,0.0093412318608454,0.9509579138808308,0.0034428373195597,0.001454347089012,1.1230719641389315,0,Calm/Bull,1.0
2020-01-15,dax,-0.0017992952586308,0.007035494930086,0.0063059364336648,0.0052433081843082,0.9173023063825658,0.0016764169269113,0.0010744201368337,1.115693918594931,0,Calm/Bull,1.0
2020-01-16,dax,-0.0002136956370777,0.0069553716797455,0.0063014743823984,0.0081730772027618,0.5190071677646863,-0.0009750233279178,0.0007796844734429,1.1037689368655723,0,Calm/Bull,1.0
2020-01-17,dax,0.0071748174908165,0.0070527005266138,0.0063413816194194,0.0044713801563336,1.1461553568912348,0.000634153825366,0.0009079719897633,1.11217096681519,0,Calm/Bull,0.9999
2020-01-20,dax,0.0016849856350251,0.0067716614473063,0.0062571788815243,0.0046955787810609,0.7106261537660435,0.0014432542459009,0.0005241075060179,1.082222767723822,0,Calm/Bull,1.0
2020-01-21,dax,0.0005113252969615,0.0063927099119364,0.0062572010453707,0.0086626447793351,0.8771225190640529,0.0014716275054189,0.0009985543941692,1.0216564667785522,0,Calm/Bull,1.0
2020-01-22,dax,-0.0029640004097346,0.0063101196891067,0.0062699869394338,0.0105084288237796,0.9910432931214556,0.0012386864751981,0.0010980725192593,1.006400770856552,0,Calm/Bull,1.0
2020-01-23,dax,-0.009465523685258,0.0067311094653767,0.0063775415552763,0.0077611234405432,1.2242288580670666,-0.0006116791344379,0.0006633835691223,1.05543953058336,0,Calm/Bull,1.0
2020-01-24,dax,0.0139634436523177,0.007186481517667,0.0066039868520644,0.0069280245595762,1.2571034645340229,0.0007460460978623,0.0009584741801629,1.0882034865681904,0,Calm/Bull,0.9997
2020-01-27,dax,-0.027775499597374,0.0096427470421161,0.007556363040767,0.0154595389154191,1.4035668539972386,-0.0051460509486175,-0.0003629829755705,1.276109550334314,0,Calm/Bull,0.5416
2020-01-28,dax,0.0089655935702164,0.0098469249764127,0.0076376232759373,0.0122908713985214,1.2300051972824106,-0.0034551972939665,-5.033578367922599e-05,1.2892656027478986,0,Calm/Bull,0.9991
2020-01-29,dax,0.0015980968322322,0.0097288250627525,0.0076302503081767,0.0056402795991007,0.8875467837530485,-0.0025427778455731,0.0003609483943421,1.2750335401614372,0,Calm/Bull,0.9998
2020-01-30,dax,-0.0141787169874023,0.0099509962416184,0.00784887371005,0.0108845978194286,1.2953368575423494,-0.003485416506002,-0.0008620533053096,1.2678247362900985,0,Calm/Bull,0.9979
2020-01-31,dax,-0.0134016152153494,0.0100060270395059,0.007992862656132,0.0180842765924524,1.3523460440698605,-0.0089584282795354,-0.0009052151054366,1.2518702585023724,0,Calm/Bull,0.9707
2020-02-03,dax,0.0048580657346934,0.0099773213127104,0.007824081873762,0.0069021636401406,1.023361286741107,-0.0024317152131219,-0.0003125458749153,1.2752066598598946,0,Calm/Bull,0.9998
2020-02-04,dax,0.0179706608197443,0.0106573978139406,0.0081645700158752,0.011411122912963,1.0153900750306877,-0.0006307017632163,0.0002071414419489,1.3053226064836667,0,Calm/Bull,0.9987
2020-02-05,dax,0.0146930391573142,0.0110461710522786,0.0083731714257993,0.0196938662392831,1.3443282913848575,0.0019882867018,0.0005901530645841,1.3192338351324362,0,Calm/Bull,0.9628
2020-02-06,dax,0.0071334127186553,0.0107711158589671,0.0083561259384208,0.0054004081545738,1.396228335107036,0.0062507126430116,0.0002946484186634,1.2890083201645293,0,Calm/Bull,0.9882
2020-02-07,dax,-0.0045045353430323,0.0108223330623088,0.0083552445914603,0.0064415444242113,1.0548639699372453,0.008030128617475,0.000112975065292,1.2952742368990595,0,Calm/Bull,0.9979
2020-02-10,dax,-0.0014647080644427,0.0108134072856432,0.0083515222788446,0.0041744443271246,0.7357268516174759,0.0067655738576477,0.0001577654854523,1.2947827862514223,0,Calm/Bull,0.9996
2020-02-11,dax,0.0098673620534366,0.0110295934663518,0.008405417475091,0.0081061802772185,1.2517986909670415,0.0051449141043862,0.0006326606381555,1.312200553873428,0,Calm/Bull,0.9994
2020-02-12,dax,0.0089080961411555,0.0111643764300795,0.008454953207424,0.007312829928035,1.0274420722053554,0.0039879255011544,0.0011680302081448,1.3204539583112562,0,Calm/Bull,0.9999
2020-02-13,dax,-0.0003164613749078,0.0111650694515169,0.0084361032456201,0.0122564176160826,1.0579788785655964,0.0024979506824418,0.0011628919212533,1.323486582186357,0,Calm/Bull,0.9999
2020-02-14,dax,-8.874081864293916e-05,0.0110770082242041,0.0084206081974325,0.0043938246439143,0.7707531093859135,0.0033811095873197,0.0007997140057804,1.315464152290273,0,Calm/Bull,0.9999
2020-02-17,dax,0.0028828517437813,0.0110852821477276,0.008414631758452,0.002989010820844,0.6653928395972503,0.0042506215489645,0.0008596073112182,1.317381730530639,0,Calm/Bull,0.9998
2020-02-18,dax,-0.007478565299084,0.0112413663482381,0.008480592362305,0.0051851813253812,0.9420553887764298,0.0007814360784604,0.0004601127814159,1.3255402297372938,0,Calm/Bull,0.9995
