Date,market,log_return,volatility_20,volatility_60,range_pct,volume_ratio,return_ma5,return_ma20,volatility_ratio,gmm_regime,gmm_regime_label,gmm_regime_prob
2014-03-31,sp500,0.0078928713847966,0.0064936280010625,0.0075383180257848,0.0085561488958717,0.9566031487590496,0.001597960635635,0.0007157057313699,0.8614160319120401,0,Calm/Bull,0.9985
2014-04-01,sp500,0.0070146880442134,0.0057542986321202,0.0075863458167732,0.0063006516821634,0.9808395843840768,0.0021220440747133,0.0003088239997735,0.7585072933793252,0,Calm/Bull,0.9956
2014-04-02,sp500,0.0028492638318384,0.0057812241719313,0.0075819919330084,0.00496060329034,0.9242583659333088,0.0040968842320562,0.0004539548288486,0.7624941074867925,0,Calm/Bull,0.9958
2014-04-03,sp500,-0.0011270852130106,0.0057835003786786,0.0075505346073981,0.0059033256027802,0.9058856925588914,0.0042518454582495,0.0003117538933552,0.7659723025455604,0,Calm/Bull,0.9947
2014-04-04,sp500,-0.0126165429253139,0.0064643407499872,0.0077366449192337,0.0182404174354598,1.062165623444911,0.0008026390245047,-0.0003459704817661,0.835548331023505,0,Calm/Bull,0.7545
2014-04-07,sp500,-0.0108083123321497,0.0068750587939276,0.0078671738284522,0.0122274086828019,1.1138371160375182,-0.0029375977188845,-0.0008632184163127,0.8738918122113327,0,Calm/Bull,0.9955
2014-04-08,sp500,0.0037435379801772,0.0068727898646337,0.0078763150177794,0.0094278285199326,1.0851401020275755,-0.0035918277316917,-0.000421286668543,0.8725895103382255,0,Calm/Bull,0.9972
2014-04-09,sp500,0.0108590393419655,0.0073219870606424,0.0078163277891916,0.0107094661052407,0.9642402147606725,-0.0019898726296663,0.0001064090823947,0.9367553738940226,0,Calm/Bull,0.9983
2014-04-10,sp500,-0.0211059677373872,0.0083451029647173,0.0081800284365909,0.0227267959818576,1.0940221390185063,-0.0059856491345416,-0.0003603847196804,1.0201801900086351,0,Calm/Bull,0.6888
2014-04-11,sp500,-0.0095320597398973,0.0085807830693984,0.0082410983710978,0.011406110958273,1.0823490362118795,-0.0053687524974583,-0.000695699385803,1.0412183768479046,0,Calm/Bull,0.9995
2014-04-14,sp500,0.0081837081507406,0.0084988460439644,0.0083120675989091,0.0100457731167642,0.8963883202809175,-0.0015703484008802,-0.0007648998630179,1.0224707562628357,0,Calm/Bull,0.9996
2014-04-15,sp500,0.0067345795177034,0.0084768102259844,0.0083438010536497,0.0150462732979318,1.0640553676496345,-0.000972140093375,-0.0007878549994064,1.0159410766723078,0,Calm/Bull,0.9985
2014-04-16,sp500,0.0104338679487661,0.0087319336836516,0.0084443765537447,0.008752596675783,0.9002162033381339,-0.0010571743720148,4.136465286855443e-05,1.0340530917915305,0,Calm/Bull,0.9997
2014-04-17,sp500,0.0013629237070939,0.0086254692289112,0.0084456354200832,0.0069228272240136,0.9531972213925728,0.0034366039168813,-0.0001916058661528,1.0212931058331485,0,Calm/Bull,0.9997
2014-04-21,sp500,0.0037680156555725,0.0086434317726602,0.0083722841382265,0.004653030289889,0.783174942314016,0.0060966189959753,0.0001436439224562,1.0323863392542594,0,Calm/Bull,0.9998
2014-04-22,sp500,0.0040837889961278,0.0086016431025662,0.0078943888726969,0.0065547966477702,0.9557222317087832,0.0052766351650527,0.0005916624202307,1.0895894845407617,0,Calm/Bull,1.0
2014-04-23,sp500,-0.002215766862522,0.008574792357786,0.0078691876959956,0.003114000701026,0.9187336700443464,0.0034865658890076,0.0002611605346635,1.089666772359423,0,Calm/Bull,0.9999
2014-04-24,sp500,0.0017154882753308,0.0084049556700472,0.0078397116439796,0.0073565393919636,0.9544331099476095,0.0017428899543206,0.0006981817961739,1.0721001041539189,0,Calm/Bull,1.0
2014-04-25,sp500,-0.0081293447435016,0.0086189757059522,0.0077934962757157,0.0096705051492721,0.968303550574936,-0.0001555637357984,0.0003868091261976,1.1059190126013985,0,Calm/Bull,1.0
2014-04-28,sp500,0.0032308111625023,0.008588359012925,0.0076805516487408,0.0141219642648072,1.1964700296813342,-0.0002630046344125,0.0003168752221523,1.1181955939757282,0,Calm/Bull,0.9999
2014-04-29,sp500,0.0047494605046335,0.0084703704728365,0.0076396129196561,0.0052280198467838,1.0757900206704614,-0.0001298703327113,0.0001597046781441,1.1087434091121124,0,Calm/Bull,0.9999
2014-04-30,sp500,0.0029875498027012,0.0083457879763371,0.0069649278689295,0.0066403089730931,1.1073105886027492,0.0009107930003332,-4.165223393144887e-05,1.1982590679176377,0,Calm/Bull,0.9999
2014-05-01,sp500,-0.0001432717443322,0.0083180100395414,0.0069177309478337,0.0056006999368224,0.996937764699532,0.0005390409964006,-0.0001912790127399,1.2024188425752873,0,Calm/Bull,0.9999
2014-05-02,sp500,-0.0013493550298709,0.008319474508847,0.0069129363021677,0.0068203089375488,0.920501580074542,0.0018950389391267,-0.0002023925035829,1.2034646560012765,0,Calm/Bull,1.0
2014-05-05,sp500,0.0018694675823397,0.0077959122705247,0.0067564104151772,0.0099434327117419,0.8064262055994044,0.0016227702230942,0.0005219080217996,1.1538541609332111,0,Calm/Bull,1.0
2014-05-06,sp500,-0.009029031461991,0.0076689290208088,0.0066855036115146,0.0085505166479067,0.988426774498859,-0.0011329281702306,0.0006108720653076,1.1470981793503705,0,Calm/Bull,1.0
2014-05-07,sp500,0.0056007548710332,0.0077199326631559,0.0067151650236555,0.0101372676048868,1.0806584462517472,-0.0006102871565642,0.0007037329098504,1.1496266489298383,0,Calm/Bull,1.0
2014-05-08,sp500,-0.0013745692327864,0.0073486693327413,0.0065824653435687,0.0101405380653024,1.008136733123264,-0.000856546654255,9.205248111282756e-05,1.1164007631154744,0,Calm/Bull,1.0
2014-05-09,sp500,0.0015183231948788,0.0053956178039176,0.0065829510466899,0.0061485492940576,0.9085935410389464,-0.0002830110093051,0.0012232670277261,0.8196351097933009,0,Calm/Bull,0.9988
2014-05-12,sp500,0.0096262561723155,0.0050768942925107,0.0066530803971792,0.0090158834607456,0.9129168713643228,0.00126834670869,0.0021811828233367,0.7630892743552664,0,Calm/Bull,0.9901
2014-05-13,sp500,0.000421668788283,0.0048870148787074,0.0066302053661699,0.0032201035646758,0.8882052978609297,0.0031584867587448,0.0017930808552138,0.7370834851727193,0,Calm/Bull,0.997
2014-05-14,sp500,-0.004712089565017,0.0049477421516221,0.0066639279938887,0.0060152526967188,0.8718280860768277,0.0010959178715347,0.0012207474010778,0.7424663285917212,0,Calm/Bull,0.9963
2014-05-15,sp500,-0.0094059041839347,0.0049920262806588,0.0067246033676315,0.0137905493036899,1.0908297609618698,-0.0005103491186949,0.0002287587944428,0.7423525236726404,0,Calm/Bull,0.9627
2014-05-16,sp500,0.0037399628190006,0.0050484281517016,0.0066986752954371,0.0071677777431806,0.9769782952372904,-6.602119387054745e-05,0.0003476107500381,0.7536457477108128,0,Calm/Bull,0.9962
2014-05-19,sp500,0.0038374141897041,0.0050509260577529,0.0067069598341806,0.0072039151501611,0.8198898176408715,-0.0012237895903928,0.0003510806767447,0.7530872679469341,0,Calm/Bull,0.9961
2014-05-20,sp500,-0.0065196046085433,0.0051929954537564,0.0067232197204757,0.0089383396395685,0.9285503691571978,-0.002612044269758,-0.0001790890034888,0.7723971058005125,0,Calm/Bull,0.9948
2014-05-21,sp500,0.0080833405477469,0.0054829541527749,0.006795656403473,0.0081884730475235,0.8614743404020093,-5.295824720527656e-05,0.0003358663670246,0.8068321626697864,0,Calm/Bull,0.9973
2014-05-22,sp500,0.0023594441947138,0.0054933630541089,0.0068002489587981,0.005780712956318,0.8618706853570831,0.0023001114285244,0.0003680641629937,0.8078179324599074,0,Calm/Bull,0.9985
2014-05-23,sp500,0.0042393929178847,0.0051732900041726,0.0067930039016642,0.0041778153221288,0.7580124111610296,0.0023999974483012,0.0009865010460631,0.7615614651575928,0,Calm/Bull,0.9982
2014-05-27,sp500,0.0059699502115288,0.0052711646242738,0.0068242810839211,0.0053716018785666,0.9375010567345268,0.0028265046526662,0.0011234579985144,0.7724131757546334,0,Calm/Bull,0.9976
2014-05-28,sp500,-0.0011146927500584,0.0052217176210059,0.0067492366442223,0.0037490768567786,0.9690491600890244,0.0039074870243632,0.0008302503357798,0.773675290445767,0,Calm/Bull,0.9969
2014-05-29,sp500,0.0053527586573611,0.0052993534523186,0.0065044721179537,0.0053176683968591,0.8976287994030497,0.003361370646286,0.0009485107785128,0.8147246012003488,0,Calm/Bull,0.9987
2014-05-30,sp500,0.0018419804431013,0.0052964190031985,0.0065068091924028,0.0038418226811529,1.0840918705483709,0.0032578778959635,0.0010477733878845,0.813980992309172,0,Calm/Bull,0.9984
2014-06-02,sp500,0.0007275613640587,0.0052672256898826,0.0065047634497331,0.0051429500536293,0.8425701037756679,0.0025555115851983,0.0011516192075809,0.8097489986509301,0,Calm/Bull,0.9989
2014-06-03,sp500,-0.0003792884695348,0.0052750913672939,0.0065055601167151,0.0032635779624336,0.9606934518125376,0.0012856638489855,0.0010391814049872,0.8108589072507902,0,Calm/Bull,0.9988
2014-06-04,sp500,0.0018898766063629,0.0047133563527562,0.006507329339082,0.0052026211545695,0.9445866098140424,0.0018865777202698,0.0015851268084049,0.7243150157543929,0,Calm/Bull,0.9959
2014-06-05,sp500,0.0065040821196629,0.0047579788204666,0.0065122692393929,0.0096935452944619,1.0618830024431765,0.0021168424127302,0.0016302931708364,0.7306176457947123,0,Calm/Bull,0.9861
2014-06-06,sp500,0.0046170835480189,0.0047474403641076,0.0065322997070877,0.0036061163400045,0.9858596956063967,0.0026718630337137,0.0019298758098767,0.7267640152757385,0,Calm/Bull,0.9958
2014-06-09,sp500,0.0009383308564868,0.004751856016827,0.0063234929569472,0.0042997712077045,0.9714789682393,0.0027140169321993,0.0019008761929571,0.7514606324668192,0,Calm/Bull,0.9965
2014-06-10,sp500,-0.0002460138818795,0.0044073929031695,0.0063063307806925,0.0031884367761659,0.9384589098657716,0.0027406718497304,0.0014072626902473,0.6988838766059027,0,Calm/Bull,0.9934
2014-06-11,sp500,-0.0035433111516659,0.0045412023945884,0.0062298517267525,0.0047790970643882,0.9446910573554212,0.0016540342981246,0.0012090136932499,0.7289422916900886,0,Calm/Bull,0.9944
2014-06-12,sp500,-0.0071141390889102,0.0047337243650887,0.0062526492046031,0.009103080354181,1.0556342527011635,-0.0010696099435899,0.0010889112170552,0.7570749949643475,0,Calm/Bull,0.9916
2014-06-13,sp500,0.0031296591990707,0.0040517784625808,0.0061997226124915,0.0049634881684491,0.9172858298062908,-0.0013670948133796,0.0017156893862055,0.6535418946675278,0,Calm/Bull,0.9792
2014-06-16,sp500,0.0008363553307868,0.0040273751678838,0.0061597454814815,0.0052843924901479,1.0375819528332513,-0.0013874899185196,0.0015705090117948,0.6538216846770055,0,Calm/Bull,0.9799
2014-06-17,sp500,0.0021702124448891,0.0039951093203802,0.0061456560650234,0.0052213928131015,1.047880898354925,-0.0009042446531659,0.001487148924554,0.6500704364368026,0,Calm/Bull,0.9805
2014-06-18,sp500,0.0076892431607294,0.0037523352320648,0.0061678298657079,0.0094277669449923,1.079922631651265,0.0013422662093131,0.0021975913130177,0.608372039074424,0,Calm/Bull,0.9128
2014-06-19,sp500,0.001276663295165,0.0034899094829237,0.0061507456224329,0.0038836759892499,1.0368897277091011,0.0030204266861282,0.0018572574503886,0.5673961657909259,0,Calm/Bull,0.9716
2014-06-20,sp500,0.001728563495676,0.0034879821180885,0.006064773773615,0.0024148263747299,1.481997681089085,0.0027402075454492,0.0018257134154367,0.5751215541234352,0,Calm/Bull,0.9615
2014-06-23,sp500,-0.0001324728528989,0.0034656764363736,0.0060548959897152,0.002471186645404,0.923732414233806,0.0025464419087121,0.0016071201268975,0.5723758826345535,0,Calm/Bull,0.9679
2014-06-24,sp500,-0.0064561064986174,0.003744949884212,0.0061109400252451,0.0101693752364745,1.0470208855200234,0.0008211781200108,0.0009858172913902,0.6128271376811344,0,Calm/Bull,0.9204
2014-06-25,sp500,0.0048855574227171,0.0038076379169188,0.0060640037436192,0.0068077373762417,1.050466667816303,0.0002604409724083,0.001285829800029,0.6279082398201584,0,Calm/Bull,0.9689
2014-06-26,sp500,-0.0011795794276391,0.00371956975375,0.006012776032424,0.0077661547857223,0.9384972001351596,-0.0002308075721524,0.000959212895779,0.6186110597986997,0,Calm/Bull,0.9608
2014-06-27,sp500,0.0019090452380837,0.0037204375942309,0.0060080964495529,0.0047374332863717,1.4243560945011646,-0.0001947112236709,0.0009625661355281,0.619237328406708,0,Calm/Bull,0.9732
2014-06-30,sp500,-0.0003723259970013,0.0037322046829363,0.0060051950155374,0.0030710781853313,0.9995498101502016,-0.0002426818524914,0.0009075717674751,0.6214960002597487,0,Calm/Bull,0.97
2014-07-01,sp500,0.0066555728968225,0.0039307607948649,0.0057970662182153,0.0082550815050654,1.04369198214858,0.0023796540265965,0.0012593148357929,0.6780603579296329,0,Calm/Bull,0.9498
2014-07-02,sp500,0.0006585960751231,0.0039300072344789,0.0055884481076232,0.0020713291168624,0.9325727053693867,0.0015342617570777,0.001197750809231,0.7032376714955969,0,Calm/Bull,0.9821
2014-07-03,sp500,0.0054645502276723,0.0038624274775783,0.0056064709297178,0.0048905840640148,0.6656106652808731,0.00286308768814,0.0011457742146314,0.6889231257947016,0,Calm/Bull,0.9816
2014-07-07,sp500,-0.0039312390543236,0.0039304543640578,0.0054968711754281,0.0047227596920641,0.8959220620047595,0.0016950308296586,0.0007183580845143,0.7150348332024993,0,Calm/Bull,0.9791
2014-07-08,sp500,-0.0070737621816806,0.0042979801077808,0.0047982688498298,0.0086214634786773,1.094516348576295,0.0003547435927227,0.0003177534326059,0.8957355751196152,0,Calm/Bull,0.9996
2014-07-09,sp500,0.0046335165532592,0.0044015398860186,0.0046086511755912,0.004587343577357,0.9450352016356632,-4.966767598990462e-05,0.0005617299543629,0.955060324229033,0,Calm/Bull,1.0
2014-07-10,sp500,-0.0041396283244737,0.0044327200955913,0.0045749291856897,0.0086426186475898,1.0386714989635235,-0.0010093125559092,0.0005319140957225,0.9689155647385148,0,Calm/Bull,1.0
2014-07-11,sp500,0.0014698419980472,0.0040527085442882,0.0045166665273907,0.0045945197930828,0.8860067058664532,-0.0018082542018343,0.0009611131500703,0.8972786721603309,0,Calm/Bull,0.9999
2014-07-14,sp500,0.0048318607269969,0.0041179945597568,0.0043759547316648,0.0050528503149742,0.9037166388794508,-5.5634245570208506e-05,0.0010462232264666,0.9410505392020124,0,Calm/Bull,1.0
2014-07-15,sp500,-0.0019339645679456,0.0041716678844748,0.0043919506149512,0.0087063434767842,1.088713534937139,0.0009723252771768,0.00090770723153,0.94984398737852,0,Calm/Bull,1.0
2014-07-16,sp500,0.0041922850094485,0.0042279990210713,0.0043969165217647,0.0041734067860812,1.1015003168768511,0.0008840789684146,0.001008810859758,0.9615827364797134,0,Calm/Bull,1.0
2014-07-17,sp500,-0.011904605927478,0.0048263299231232,0.0046791420589924,0.0133853303542022,1.092871874985861,-0.0006689165521861,2.911840534767576e-05,1.031456164885603,0,Calm/Bull,0.9999
2014-07-18,sp500,0.0102126088996711,0.0053347436391491,0.0048215889321212,0.0096501340464375,1.0013083488193026,0.0010796368281386,0.0004759156855729,1.106428547570547,0,Calm/Bull,0.9999
2014-07-21,sp500,-0.0023229464239046,0.0053615299768162,0.0048380249891996,0.0056545726159803,0.8658417191757599,-0.0003513246020417,0.0002733401895939,1.1082063422130548,0,Calm/Bull,1.0
2014-07-22,sp500,0.0050036111673001,0.0054631101682468,0.0047218525510074,0.005338949077603,0.9557233028809116,0.0010361905450074,0.0005301443906039,1.1569844905642548,0,Calm/Bull,0.9999
2014-07-23,sp500,0.0017529007770128,0.0052132620516708,0.0047140854204389,0.003417214321583,0.9523224832091156,0.0005483136985203,0.0009405947543854,1.1058904510019163,0,Calm/Bull,1.0
2014-07-24,sp500,0.0004880368125506,0.0051301948871813,0.0046889269995344,0.0028169174946203,1.0613928949133136,0.003026842246526,0.000720718723877,1.0941085002369977,0,Calm/Bull,0.9999
2014-07-25,sp500,-0.004860946046109,0.0052662046533065,0.0047401922150738,0.005170992167925,0.876370449629023,1.2131257369987596e-05,0.0005366503929535,1.1109685882694604,0,Calm/Bull,1.0
2014-07-28,sp500,0.0002881133935528,0.0052564359027093,0.0047390414448329,0.0071807008363522,0.9545249550159532,0.0005343432208614,0.000455603800727,1.1091770274430692,0,Calm/Bull,1.0
2014-07-29,sp500,-0.004538068413714,0.0053722281642562,0.0047814937750021,0.0075636563280193,1.081220798241407,-0.0013739926953413,0.0002473166798914,1.1235459914938173,0,Calm/Bull,0.9999
2014-07-30,sp500,6.091091941020138e-05,0.005156245036048,0.0047801381681794,0.0083651753075024,1.1660631904293712,-0.0017123906668618,-8.241641897920039e-05,1.0786811708440287,0,Calm/Bull,1.0
2014-07-31,sp500,-0.0202019321552301,0.0068350417802056,0.0053506760518875,0.0178538900581301,1.386460140428275,-0.005850384460418,-0.0011254428304968,1.2774164823143288,0,Calm/Bull,0.6248
2014-08-01,sp500,-0.0028632162312983,0.0066639738017667,0.0053268463188359,0.0108978418319037,1.2170425653062935,-0.0054508384974558,-0.0015418311534454,1.2510167185042744,0,Calm/Bull,0.9961
2014-08-04,sp500,0.0071633144496466,0.0069117680873149,0.0053919678849601,0.0112017560084526,0.9806951532036982,-0.0040757982862371,-0.0009871034782468,1.2818637341282992,0,Calm/Bull,0.9951
2014-08-05,sp500,-0.0097326791973366,0.0070590084746749,0.0055511417652632,0.0117538950157529,1.1022168516762114,-0.0051147204429616,-0.0011200493290296,1.271631814349844,0,Calm/Bull,0.9976
2014-08-06,sp500,1.5638426360123552e-05,0.0069353497185804,0.0054164377033908,0.008571888457444,1.114541265566386,-0.0051237749415716,-0.0013509432353746,1.280426379544389,0,Calm/Bull,0.9954
2014-08-07,sp500,-0.005572115446733,0.0069729604375355,0.0054674252474006,0.0126258718086846,1.0163107346507907,-0.0021978115998722,-0.0014225675914876,1.2753645677827354,0,Calm/Bull,0.9983
2014-08-08,sp500,0.011465422557972,0.0075273537788511,0.0056224856307408,0.0120988385375374,0.9099322915164368,0.0006679161579818,-0.0009227885634913,1.338794667201192,0,Calm/Bull,0.9886
2014-08-11,sp500,0.0027556250258418,0.0074578084959077,0.0054813187367303,0.0059217574514649,0.8725810572872874,-0.0002136217267791,-0.0010266003485491,1.3605865402303632,0,Calm/Bull,0.9948
2014-08-12,sp500,-0.0016379823741559,0.0074562066747413,0.005472708383738,0.0058745884170976,0.8276128690838253,0.001405317637857,-0.0010118012388596,1.36243449347626,0,Calm/Bull,0.993
2014-08-13,sp500,0.0066847671025108,0.0075677618493359,0.0055144238068491,0.0065803293676199,0.8705865621885065,0.0027391433730871,-0.0008871771342065,1.3723576776845658,0,Calm/Bull,0.9913
2014-08-14,sp500,0.0043363982736976,0.0071850094704225,0.0054567869704428,0.003999604166491,0.8462807022664585,0.0047208461171732,-7.512692414774037e-05,1.316710641141152,0,Calm/Bull,0.9956
2014-08-15,sp500,-6.137480757126603e-05,0.0067658111288352,0.005371070294934,0.011529077566401,0.9818365212217928,0.0024154866440646,-0.0005888261095098,1.2596765183313043,0,Calm/Bull,0.998
2014-08-18,sp500,0.0084954832196601,0.0070465123367071,0.0054631252697021,0.0069126786241183,0.8563616704337154,0.0035634582828282,-4.790462733162519e-05,1.2898317334560054,0,Calm/Bull,0.9981
2014-08-19,sp500,0.0049881901791977,0.0070459313130739,0.0054722332057153,0.0049656671081674,0.8655802937706717,0.004888692793499,-4.867567673674175e-05,1.287578772358411,0,Calm/Bull,0.9978
2014-08-20,sp500,0.0024747482825436,0.0070574848318015,0.0054336085313227,0.0054819218250049,0.844525062691309,0.0040466890295055,-1.258330146020484e-05,1.2988578016096983,0,Calm/Bull,0.9979
2014-08-21,sp500,0.0029455472802706,0.0070879872394522,0.0054366935141019,0.0039852354211424,0.8720185578047862,0.0037685188308201,0.0001102922219257,1.3037312515533823,0,Calm/Bull,0.9978
2014-08-22,sp500,-0.0019945749188226,0.0070107366930894,0.0054129409975796,0.0044156252208165,0.7648989072445516,0.0033818788085699,0.0002536107782901,1.2951806968197583,0,Calm/Bull,0.9977
2014-08-25,sp500,0.0047763538636038,0.007083356883629,0.0054377067585187,0.0051102950633291,0.7493995926723972,0.0026380529373586,0.0004780228017926,1.3026367912414918,0,Calm/Bull,0.9984
2014-08-26,sp500,0.0010505288952435,0.0069846068390535,0.0054379627404156,0.0032250043395561,0.8327713766701406,0.0018505206805678,0.0007574526672405,1.2844160897137114,0,Calm/Bull,0.9989
2014-08-27,sp500,4.998604328455613e-05,0.0069846646073899,0.0054368846626363,0.0029698535543186,0.8114379049336816,0.0013655682327159,0.0007569064234342,1.284681401352934,0,Calm/Bull,0.9988
2014-08-28,sp500,-0.0016913305449461,0.005007962528051,0.0054426365958426,0.0040215698268919,0.8170101630494411,0.0004381926676726,0.0016824365039484,0.9201353865654752,0,Calm/Bull,0.9999
2014-08-29,sp500,0.0033149143290199,0.0049022424791527,0.0053992500050569,0.0043576476087929,0.8314569275625177,0.0015000905172411,0.0019913430319643,0.9079487844721466,0,Calm/Bull,0.9999
2014-09-02,sp500,-0.0005442142177026,0.0047755799178126,0.0053741156563101,0.0056285930870556,1.0427273503777326,0.0004359769009798,0.0016059665985969,0.8886261895397269,0,Calm/Bull,0.9998
2014-09-03,sp500,-0.0007794447528015,0.004015983761996,0.0053760222208817,0.0055680029247283,1.0517179429598025,6.998217137080941e-05,0.0020536283208236,0.7470177013772271,0,Calm/Bull,0.9829
2014-09-04,sp500,-0.0015355992047121,0.0040720046819486,0.0053812935643441,0.0093259603309528,1.160072842248504,-0.0002471348782285,0.00197606643927,0.7566962540251028,0,Calm/Bull,0.9694
2014-09-05,sp500,0.0050232477049584,0.0037115778906748,0.0053886534982076,0.0087711799483923,1.072472878990141,0.0010957807717523,0.0025058345968546,0.68877649897315,0,Calm/Bull,0.8284
2014-09-08,sp500,-0.0030778458543158,0.0032611616954584,0.0053162080400955,0.0057805830178617,1.0636480731296425,-0.0001827712649147,0.0017786711762402,0.6134375612960065,0,Calm/Bull,0.7281
2014-09-09,sp500,-0.0065665215326854,0.0037445470401111,0.005385109402709,0.0082476840625441,1.0973474637997678,-0.0013872327279113,0.0013125638483138,0.6953520829544161,0,Calm/Bull,0.9151
2014-09-10,sp500,0.0036394436003678,0.0037114836251846,0.0054007068064783,0.0068497834566826,1.102305491865263,-0.0005034550572774,0.00157643514704,0.6872218319151455,0,Calm/Bull,0.9304
2014-09-11,sp500,0.0008815167647232,0.0035126169114606,0.005396475482691,0.0058674665146173,1.1086870943627194,-2.0031863390359944e-05,0.0012862726301506,0.6509094542775538,0,Calm/Bull,0.9025
2014-09-12,sp500,-0.0059804054920065,0.0037878656416142,0.0053750077154378,0.0082999990655092,1.1950700012857949,-0.0022207625027833,0.0007704324418654,0.7047181775637187,0,Calm/Bull,0.942
2014-09-15,sp500,-0.0007104037481093,0.0037981332454423,0.0053746429415195,0.0043848302383297,1.039578631676197,-0.001747274081542,0.0007379809948385,0.7066763851606719,0,Calm/Bull,0.9618
2014-09-16,sp500,0.0074565073245564,0.0036920703689908,0.005452410837971,0.0116159095788843,1.1718175851801864,0.0010573316899063,0.0006860322000833,0.6771445657174276,0,Calm/Bull,0.7283
2014-09-17,sp500,0.0012948050790884,0.0035553982310676,0.0054535884522193,0.0087181320863792,1.1779505791627662,0.0005884039856504,0.0005013629450779,0.6519373917224656,0,Calm/Bull,0.8759
2014-09-18,sp500,0.0048792571273398,0.0036646167293659,0.0054107757441531,0.0046088316356903,1.1733433525479091,0.0013879520581737,0.0006215883873177,0.6772812074730429,0,Calm/Bull,0.9375
2014-09-19,sp500,-0.0004773835104033,0.0036301372398718,0.0053815965456475,0.0063022501947119,1.7007607947701175,0.0024885564544943,0.000450441847784,0.6745465233375353,0,Calm/Bull,0.9205
2014-09-22,sp500,-0.0080456025302185,0.0040701347937855,0.0054882826890879,0.009060841670531,1.1464311334289814,0.0010215166980725,0.0001478904672142,0.7416044370086732,0,Calm/Bull,0.9618
2014-09-23,sp500,-0.0057932500796262,0.0041233775039519,0.0055401452945081,0.0063749272603111,1.1026370184568597,-0.0016284347827639,-0.0003805897299472,0.7442724486015574,0,Calm/Bull,0.9825
2014-09-24,sp500,0.0078019767586544,0.0045053756790039,0.0056260654738085,0.0105890174961945,1.0983223642508724,-0.0003270004468507,-4.301733677674275e-05,0.8008039899247829,0,Calm/Bull,0.9879
2014-09-25,sp500,-0.0163009132651705,0.0057884309534316,0.0059587037888838,0.0159359692624643,1.0683576903523682,-0.0045630345253528,-0.0008605623021994,0.9714245175654082,0,Calm/Bull,0.9983
2014-09-26,sp500,0.0085392611240015,0.0061517904087305,0.0060608365374275,0.010162152791266,0.946207815652526,-0.0027597055984718,-0.0003490327187521,1.0150068180755685,0,Calm/Bull,1.0
2014-09-29,sp500,-0.0025500508569158,0.006107571062861,0.0060281439763921,0.0087167508386856,0.9861986872738224,-0.0016605952638113,-0.0006422809780488,1.013176043369229,0,Calm/Bull,1.0
2014-09-30,sp500,-0.002789816544312,0.0061262859741251,0.0060175253617691,0.0082189144024261,1.236921630115634,-0.0010599085567484,-0.0007545610943793,1.0180739765630171,0,Calm/Bull,1.0
2014-10-01,sp500,-0.0133371061126374,0.0067415884973994,0.0061932794704425,0.0152710826351195,1.2835712084784667,-0.0052877251310068,-0.0013824441623711,1.088532905639681,0,Calm/Bull,0.9995
2014-10-02,sp500,5.143328250229687e-06,0.0067485458164453,0.0061614361565215,0.0135085405686812,1.212152062246912,-0.0020265138123227,-0.001305407035723,1.0952877941131374,0,Calm/Bull,0.9999
2014-10-03,sp500,0.0111036355239025,0.0071723095183563,0.0063098378663437,0.0117231292254958,1.0638112906550516,-0.0015136389323425,-0.0010013876447758,1.1366868167267865,0,Calm/Bull,0.9998
2014-10-06,sp500,-0.0015663860013981,0.0071572259092975,0.0063102477875498,0.0098787230585857,0.9947845364683284,-0.0013169059612389,-0.0009258146521299,1.1342226407366751,0,Calm/Bull,1.0
2014-10-07,sp500,-0.0152416186191286,0.0077549765863907,0.0065750463883639,0.0142059793195187,1.0795624280882303,-0.0038072663762023,-0.0013595695064521,1.1794557982305516,0,Calm/Bull,0.9994
2014-10-08,sp500,0.0173109474980591,0.0087566700817336,0.0069552724479131,0.0229113790084497,1.2718180390468117,0.002322344345937,-0.0006759943115675,1.2589974220723656,2,Stress/Bear,0.8498
2014-10-09,sp500,-0.0208778484543149,0.0098379547478698,0.0074334858151631,0.0208068602122981,1.2193165346869257,-0.001854254010576,-0.0017639625725194,1.3234645215575571,0,Calm/Bull,0.8908
2014-10-10,sp500,-0.0115170800262109,0.0100386985152691,0.0074235305820118,0.0162265593434832,1.2536383913843665,-0.0063783971205987,-0.0020407962992296,1.3522808863472793,0,Calm/Bull,0.9983
2014-10-13,sp500,-0.0166050332025225,0.0105442650406185,0.0075765110107394,0.0202427810627385,1.173623205521981,-0.0093861265608235,-0.0028355277719503,1.3917045755853057,0,Calm/Bull,0.9739
2014-10-14,sp500,0.0015776196808667,0.0103218490737025,0.0075807879830312,0.014336647267951,1.2692396763709315,-0.0060222789008244,-0.0031294721541348,1.3615799698932316,0,Calm/Bull,0.9977
2014-10-15,sp500,-0.0081333007260773,0.0103244482714648,0.0075991207554377,0.0287357353928732,1.5477255615358638,-0.0111111285456518,-0.0036008774443931,1.358637216559144,2,Stress/Bear,0.9677
2014-10-16,sp500,0.0001449672004417,0.0101729476264149,0.0075919025575352,0.0220049764969629,1.2597171716870734,-0.0069065654147004,-0.003837591940738,1.339973418957796,0,Calm/Bull,0.9744
2014-10-17,sp500,0.0128018133771461,0.0108167763461366,0.0077985301104896,0.0176228030210001,1.118486385562779,-0.002042786734029,-0.0031736320963605,1.387027579926531,0,Calm/Bull,0.9955
2014-10-20,sp500,0.0091011161212813,0.0110864621327495,0.0078852799313497,0.011937952191516,0.8314751538512707,0.0030984431307317,-0.0023162961637855,1.4059693795616175,0,Calm/Bull,0.9997
2014-10-21,sp500,0.0193853708277509,0.0120578827763935,0.0082979373884456,0.0170351241397359,0.9864706635516968,0.0066599933601085,-0.0010573651184166,1.453118071628664,0,Calm/Bull,0.9821
2014-10-22,sp500,-0.0073261006616121,0.0119468656414222,0.0083297038920551,0.0116651891744318,0.9256315516808878,0.0068214333730015,-0.00181376898943,1.434248539472954,0,Calm/Bull,0.9969
2014-10-23,sp500,0.0122283057215994,0.0118286696109917,0.0084869108848456,0.0158548366800643,0.9264700506957664,0.0092381010772331,-0.0003873080400915,1.3937544262557504,0,Calm/Bull,0.9793
2014-10-24,sp500,0.0070286901757161,0.0117733650598557,0.0081172243495129,0.0096712785557255,0.7512946823908185,0.0080834764369471,-0.0004628365875057,1.4504176000213913,0,Calm/Bull,0.9996
2014-10-27,sp500,-0.0015026968788378,0.0117659194964039,0.0081101632850565,0.0067647922891772,0.8590186385775798,0.0059627138369232,-0.0004104688886018,1.450762343846177,0,Calm/Bull,0.9998
2014-10-28,sp500,0.0118683645669103,0.0120626996027299,0.0081997748234515,0.0105337566637333,0.8900052073658342,0.0044593125847551,0.0003224401669592,1.4711013244205495,0,Calm/Bull,0.9999
2014-10-29,sp500,-0.0013863159906425,0.0116390026843119,0.0080952448467884,0.0112798187967462,0.9162246112870516,0.0056472695189491,0.0009199796730589,1.4377579560091285,0,Calm/Bull,0.9998
2014-10-30,sp500,0.0062107972478731,0.0116959093259739,0.0081280105503468,0.01235806989314,0.8830636051299762,0.0044437678242038,0.0012302623690401,1.4389633543813347,0,Calm/Bull,0.9999
2014-10-31,sp500,0.0116631142331485,0.0117214083355574,0.0082091265560816,0.008419013316464,1.0475135619070537,0.0053706526356903,0.0012582363045024,1.427850850572371,0,Calm/Bull,0.9998
2014-11-03,sp500,-0.0001189289163994,0.0117075103881466,0.0080923203905752,0.0053423795667245,0.8656056133967968,0.005647406228178,0.0013306091587523,1.4467433100871545,0,Calm/Bull,0.9998
2014-11-04,sp500,-0.002833853252665,0.011095889641682,0.0081007492316959,0.0074399736020898,0.9600524548282052,0.0027069626642629,0.0019509974270755,1.369736221220997,0,Calm/Bull,0.9998
2014-11-05,sp500,0.0056843110608044,0.0105394177473995,0.0081210613025569,0.0046205349131044,0.9215769366844184,0.0041210880745523,0.0013696656052128,1.297788226777852,0,Calm/Bull,0.9999
2014-11-06,sp500,0.0037684036443282,0.0091506035977378,0.0080936606318339,0.0077539989970956,0.9053556623986052,0.0036326093538433,0.0026019782101449,1.1305889898257822,0,Calm/Bull,1.0
2014-11-07,sp500,0.0003495251267808,0.0085520766987785,0.0080797217187318,0.0045228470007699,0.923509915076668,0.0013698915325698,0.0031953084677945,1.0584617882261471,0,Calm/Bull,0.9998
2014-11-10,sp500,0.0031153270195588,0.00717499509547,0.0080854430137976,0.0041848965223741,0.8300110177447468,0.0020167427197614,0.0041813264788986,0.8873966563398031,0,Calm/Bull,0.9958
2014-11-11,sp500,0.0006964516302874,0.0071945036716417,0.0080203357063261,0.0029416378265227,0.7654083210910572,0.0027228036963519,0.0041372680763696,0.8970327346730577,0,Calm/Bull,0.9975
2014-11-12,sp500,-0.0007013625789179,0.0067024762949211,0.0080007588694009,0.0041113724434257,0.8720955610331914,0.0014456689684074,0.0045088649837276,0.8377300709005017,0,Calm/Bull,0.9865
2014-11-13,sp500,0.0005297044284002,0.0066898324065271,0.0079964367701802,0.00771827641621,0.9487494304172758,0.0007979291252218,0.0045281018451255,0.8366016763209329,0,Calm/Bull,0.9701
2014-11-14,sp500,0.0002402413485468,0.0064578189468374,0.0079896786888008,0.0034414897962053,0.9016417488854264,0.000776072369575,0.0039000232436955,0.8082701693485373,0,Calm/Bull,0.9913
2014-11-17,sp500,0.0007350887776586,0.0063735927562579,0.0079836265041094,0.004217851967407,0.8830993864583903,0.000300024721195,0.0034817218765144,0.7983330323603226,0,Calm/Bull,0.9937
2014-11-18,sp500,0.0051208493536883,0.0051881335661697,0.0079869227652115,0.007115750710986,0.964559492448563,0.0011849042658752,0.0027684958028113,0.6495785321435136,0,Calm/Bull,0.9931
2014-11-19,sp500,-0.0015022868756188,0.0047354249220998,0.0079904330909778,0.0057450006000078,0.9624467380950488,0.001024719406535,0.003059686492111,0.5926368280896758,0,Calm/Bull,0.9945
2014-11-20,sp500,0.0019651640132027,0.0042173110144486,0.007992832204018,0.006503518526976,0.8963304287431793,0.0013118113234955,0.0025465294066911,0.5276366257668428,0,Calm/Bull,0.9968
2014-11-21,sp500,0.0052232126037382,0.0041348354003644,0.0080115115393239,0.0071286459595347,1.10883604519806,0.0023084055745338,0.0024562555280922,0.5161117699286648,0,Calm/Bull,0.9964
2014-11-24,sp500,0.0028599298137392,0.0040287025151741,0.0080090632803244,0.0024643998686691,0.890812110027994,0.0027333737817499,0.0026743868627211,0.5030179403216034,0,Calm/Bull,0.9977
2014-11-25,sp500,-0.0011506914684172,0.0034793045461421,0.0080108380313011,0.0045765957936846,0.9698398206750752,0.0014790656173288,0.0020234340609547,0.4343246652281983,0,Calm/Bull,0.999
2014-11-26,sp500,0.0028020524716035,0.0033881245554961,0.0080142549777322,0.003217785165021,0.7960276040287071,0.0023399334867733,0.002232852484067,0.4227622611097522,0,Calm/Bull,0.9991
2014-11-28,sp500,-0.0025456646370122,0.0034127066905829,0.0080198547750621,0.0051751585775711,0.7378254557794913,0.0014377677567303,0.0017950293898227,0.4255322304831347,0,Calm/Bull,0.9988
2014-12-01,sp500,-0.0068527893448344,0.0030911461704102,0.0080546440364348,0.007894051640195,1.227585331585969,-0.0009774326329842,0.0008692342109236,0.3837719154847345,0,Calm/Bull,0.9994
2014-12-02,sp500,0.0063641667588481,0.0033139640689323,0.008078235501541,0.0072584740972066,1.086059135598091,-0.0002765852439624,0.001193388994686,0.4102336541563046,0,Calm/Bull,0.9987
2014-12-03,sp500,0.0037576738340269,0.0032187711311929,0.0080342908010993,0.0046425238946685,1.0696815823925416,0.0007050878165264,0.0015229653490206,0.4006291545673822,0,Calm/Bull,0.9993
2014-12-04,sp500,-0.0011625717317858,0.0031153320798376,0.0080284773784677,0.0072396620359852,1.0145593194557765,-8.783702415146896e-05,0.001180621209391,0.3880352317106752,0,Calm/Bull,0.9993
2014-12-05,sp500,0.001663831598921,0.0030583449132609,0.0080295366087595,0.0041727073342998,1.0217210054075063,0.0007540622230351,0.0010753926071207,0.3808868509204569,0,Calm/Bull,0.9993
2014-12-08,sp500,-0.0072830221497153,0.0035846120197662,0.0080494704926564,0.010440180921267,1.134029107718728,0.0006680156620589,0.0006937652432959,0.4453227107343824,0,Calm/Bull,0.9962
2014-12-09,sp500,-0.0002378518258341,0.0035435722521769,0.0080483817137512,0.0128312439115076,1.172513136745454,-0.0006523880548774,0.0005261063010262,0.4402838207987204,0,Calm/Bull,0.9956
2014-12-10,sp500,-0.0164861211830486,0.0051971956397353,0.008293685428328,0.0170768542184156,1.1947302177361876,-0.0047011470582925,-0.0003330223396405,0.6266448956435884,0,Calm/Bull,0.8737
2014-12-11,sp500,0.0045254339716207,0.0053079332925424,0.0083112173013238,0.0135653608740088,1.1266932066980724,-0.0035635459176112,-7.168251211359497e-05,0.6386469153798903,0,Calm/Bull,0.9726
2014-12-12,sp500,-0.0163464657916584,0.0064300921226217,0.0085600854447739,0.014942614155494,1.1836700704553655,-0.0071656053957271,-0.0009154910231165,0.7511714881943661,0,Calm/Bull,0.9313
2014-12-15,sp500,-0.0063627862717219,0.0065362669167198,0.008598409219105,0.0183099026206989,1.2221025114376254,-0.0069815582201284,-0.0012456424041299,0.760171649215843,0,Calm/Bull,0.9083
2014-12-16,sp500,-0.0085252598653808,0.0067141435572646,0.0086060722396478,0.0224712614303625,1.3550009017526794,-0.0086390398280378,-0.0017086598362819,0.7801635136564229,0,Calm/Bull,0.6304
2014-12-17,sp500,0.0201480732432956,0.0081959504207492,0.0089635479604116,0.021352374027379,1.322957646307439,-0.0013122009427689,-0.0009572986418015,0.9143645414681152,1,Transition,0.8348
2014-12-18,sp500,0.023731374885709,0.0098773935587304,0.0094154931405195,0.0204974701514829,1.2372511673427855,0.0025289872400486,0.0003043844462648,1.0490574854994217,1,Transition,0.6116
2014-12-19,sp500,0.004559637967419,0.0099173096833963,0.0091657957264759,0.0081230865441504,1.6292792636714997,0.0067102079918641,0.0004341081439756,1.081991130868165,0,Calm/Bull,0.8299
2014-12-22,sp500,0.0038032224799271,0.0098862535798476,0.0091188542113184,0.0045608842219011,0.8549927461166191,0.008743409742194,0.000363108637785,1.0841552404222763,0,Calm/Bull,0.999
2014-12-23,sp500,0.0017448386297044,0.0098745688178333,0.009109078673981,0.0033426479099422,0.7732066784410739,0.010797429441211,0.0003073540785833,1.0840359570105342,0,Calm/Bull,0.9955
2014-12-24,sp500,-0.0001393062410745,0.0098692972635353,0.0090975125402582,0.0027378866662444,0.3691985568483912,0.006739953544337,0.0003579233399504,1.0848346973814975,0,Calm/Bull,0.9995
2014-12-26,sp500,0.0033041099821209,0.0098764770686814,0.0089077629952082,0.0040214586887047,0.4581480466932234,0.0026545005636194,0.0003830262154763,1.108749421599377,0,Calm/Bull,0.9999
2014-12-29,sp500,0.0008614034280894,0.0098526576577183,0.0089065369378037,0.00373106309431,0.6479371107118904,0.0019148536557534,0.0005533796187314,1.1062276759779388,0,Calm/Bull,0.9999
2014-12-30,sp500,-0.0049005930345042,0.0097848602737176,0.008844127003126,0.0043069485985048,0.6597246722504331,0.0001740905528672,0.0006509894342479,1.1063681322372578,0,Calm/Bull,0.9999
2014-12-31,sp500,-0.0103643835612504,0.0099837556171707,0.0089583497229712,0.0134247112680348,0.7149892397832812,-0.0022477538853237,-0.000185438081757,1.1144637043550734,0,Calm/Bull,0.9996
2015-01-02,sp500,-0.0003400214731352,0.0099405293657286,0.0087097697780104,0.0127879064152096,0.7524774919305978,-0.0022878969317359,-0.0003903228471151,1.1413079356960134,0,Calm/Bull,0.9999
2015-01-05,sp500,-0.0184472135325872,0.0107311287190841,0.0087996297079542,0.0183610529614366,1.049698721944448,-0.0066381616346775,-0.0012545549371551,1.219497760159607,0,Calm/Bull,0.9916
2015-01-06,sp500,-0.0089332546907001,0.0108405085483864,0.0084370029395457,0.0188803905255233,1.2148675969980436,-0.0085970932584354,-0.0017844092516362,1.2848767063449715,0,Calm/Bull,0.9933
2015-01-07,sp500,0.0115627358448763,0.0111519865940181,0.0083998060148431,0.0118761716933174,1.0364927439679237,-0.0053044274825593,-0.0008421213519066,1.3276481116720673,0,Calm/Bull,0.9969
2015-01-08,sp500,0.0177301681271556,0.0119017725408145,0.0083484352290627,0.0162307576192576,1.0720278824641865,0.0003144828551218,5.627964574282888e-05,1.425629140582154,0,Calm/Bull,0.9972
2015-01-09,sp500,-0.0084393221470787,0.0114401837456672,0.0084482058251794,0.0127640097799043,0.92620537281381,-0.0013053772796668,0.0004586195975413,1.3541554245246292,0,Calm/Bull,0.9998
2015-01-12,sp500,-0.0081266168434704,0.0115527209478101,0.0084480777505611,0.0131738991277184,0.95770677485983,0.0007587420581565,-0.0001739829432132,1.367496996230035,0,Calm/Bull,0.9999
2015-01-13,sp500,-0.0025818854358163,0.0109318883474314,0.0084623816709718,0.0240628813886387,1.1388341818280627,0.0020290159091332,0.0005142460745788,1.291821708412269,0,Calm/Bull,0.7578
2015-01-14,sp500,-0.0058300289679756,0.0109148848979627,0.0083774111059256,0.0148961018246545,1.2137990681699582,-0.0014495370534371,0.0005408839397661,1.3028947439671807,0,Calm/Bull,0.9996
2015-01-15,sp500,-0.0092909030045675,0.0109496438176438,0.0084147882657709,0.0149949586353256,1.196847916901917,-0.0068537512797817,0.0005026017828068,1.3012381858951778,0,Calm/Bull,0.9917
2015-01-16,sp500,0.0133348931862672,0.0103983841800592,0.008221825958541,0.0160144819386512,1.149443266355844,-0.0024989082131125,0.0001619427799554,1.264729298880039,0,Calm/Bull,0.9976
2015-01-20,sp500,0.0015487524334003,0.0088144712109662,0.0081553214940665,0.0120886754748251,1.1298371458946892,-0.0005638343577383,-0.00094718834266,1.080824492005538,0,Calm/Bull,0.9999
2015-01-21,sp500,0.0047204650221893,0.0088198311752482,0.0080337801284389,0.0129175442705519,1.1120275145622935,0.0008966357338627,-0.0009391469899214,1.0978432362153812,0,Calm/Bull,0.9999
2015-01-22,sp500,0.0151543130706303,0.0094814668054935,0.0082091795810893,0.0185348201123178,1.2301955180295423,0.0050935041415839,-0.0003715924603863,1.1549834806068953,0,Calm/Bull,0.9591
2015-01-23,sp500,-0.0055066562793019,0.0095347741226642,0.0082445451481099,0.0060628812428942,1.044563545066672,0.005850353486637,-0.0007341672058366,1.1564948643467756,0,Calm/Bull,0.9993
2015-01-26,sp500,0.0025651679986232,0.0095627910427333,0.0081184015943249,0.0080940288334422,0.983601020847627,0.0036964084491082,-0.0005989434938517,1.1779154962496627,0,Calm/Bull,1.0
2015-01-27,sp500,-0.0134782878158575,0.0099314855992355,0.0083160782215523,0.0137715013177494,0.924107439586498,0.0006910003992566,-0.0014380633837506,1.194251104264101,0,Calm/Bull,0.9995
2015-01-28,sp500,-0.013587502811022,0.0102749990502022,0.008472619351338,0.0204778835358174,1.1040979579427963,-0.0029705931673855,-0.0021605086957062,1.212729927325209,0,Calm/Bull,0.9952
2015-01-29,sp500,0.0094895170582635,0.0105725508016398,0.0084267005824998,0.0175435799319727,1.0952047475130513,-0.0041035523698589,-0.0014410031910678,1.2546489219750314,0,Calm/Bull,0.9985
2015-01-30,sp500,-0.0130770990063184,0.0107095674047683,0.0085948643047408,0.0150075647260428,1.1815977335586532,-0.0056176409152622,-0.0015766389633212,1.246042639540114,0,Calm/Bull,0.9989
2015-02-02,sp500,0.0128791700002155,0.011187177069167,0.0087508976478493,0.0201697356350299,1.019546438386426,-0.0035548405149438,-0.0009156793896537,1.2784033729290067,0,Calm/Bull,0.9841
2015-02-03,sp500,0.014336238577453,0.0108807755635413,0.008914691438347,0.0134583823145692,1.1620154204498754,0.0020080647637183,0.0007234932158482,1.2205442710823386,0,Calm/Bull,0.9992
2015-02-04,sp500,-0.0041647065724529,0.010708921575517,0.0089199472191971,0.0088268092955952,1.0468876732535253,0.0038926240114321,0.0009619206217606,1.20055884999743,0,Calm/Bull,0.9999
2015-02-05,sp500,0.0102388107109092,0.0106438388216015,0.0090157825799765,0.009745407300734,0.9658225047593164,0.0040424827419612,0.0008957243650622,1.180578471938843,0,Calm/Bull,0.9999
2015-02-06,sp500,-0.0034240276118785,0.0099085862628523,0.0090200717645429,0.0109123129796696,1.0656523806221083,0.0059730970208492,-0.0001619854218894,1.0985041495791756,0,Calm/Bull,0.9987
2015-02-09,sp500,-0.0042562393104817,0.0097678184155406,0.0090375391961506,0.0069769034145501,0.8915179658499346,0.0025460151587098,4.716871994044211e-05,1.080805095672616,0,Calm/Bull,0.9998
2015-02-10,sp500,0.0106189795540623,0.0098413140972165,0.0091390212948905,0.0107512795137936,0.9192720871034632,0.0018025633540316,0.000984448539817,1.076845515473163,0,Calm/Bull,0.9995
2015-02-11,sp500,-2.9034010158247172e-05,0.0098091266749381,0.009139012248237,0.0074884048164581,0.9067857542623362,0.0026296978664906,0.0011120911110999,1.0733246010071091,0,Calm/Bull,0.9998
2015-02-12,sp500,0.009598295065916,0.0098410561147522,0.0092185759307416,0.0088820812273055,0.9622214390713948,0.0025015947374919,0.0018835073127945,1.0675245492023206,0,Calm/Bull,0.9994
2015-02-13,sp500,0.0040664592277794,0.0094897678981445,0.0092306960806452,0.004926145653106,0.9045615679870674,0.0039996921054235,0.0025513754244119,1.0280663359768192,0,Calm/Bull,0.9993
2015-02-17,sp500,0.0015962996977983,0.0091444443470838,0.0092116528850119,0.0054753037692812,0.8698175446603799,0.0051701999070795,0.0019644457499884,0.9927039654265004,0,Calm/Bull,0.9992
2015-02-18,sp500,-0.0003143586232287,0.0091583811923368,0.0092087936568202,0.0038482427741672,0.8784844278480518,0.0029835322716213,0.001871290197157,0.9945256168872816,0,Calm/Bull,0.9992
2015-02-19,sp500,-0.0010626217157189,0.0091549837233947,0.0092084202338164,0.0054064907454236,0.851804151938608,0.0027768147305092,0.0015821358602616,0.9941969948085774,0,Calm/Bull,0.9993
2015-02-20,sp500,0.0061078427210558,0.0086591810406726,0.0092170445622363,0.0119272925334017,0.871073850159159,0.0020787242615371,0.0011298123427828,0.939474793921536,0,Calm/Bull,0.9966
2015-02-23,sp500,-0.0003033852119856,0.0085264435344491,0.0092116281790718,0.0033417939961118,0.8264557303562889,0.0012047553735841,0.0013899758961486,0.9256174227505812,0,Calm/Bull,0.9981
2015-02-24,sp500,0.0027549724688311,0.0085279259076953,0.0092148509597365,0.0057054778727216,0.8578627318825077,0.0014364899277907,0.001399466119659,0.9254545673019954,0,Calm/Bull,0.9985
2015-02-25,sp500,-0.0007660169636026,0.0078036649580172,0.0092105079300467,0.0045888539541675,0.8882314839035965,0.0013461582597159,0.0020350796622718,0.8472567438501369,0,Calm/Bull,0.9957
2015-02-26,sp500,-0.0014771186302538,0.0069508951798486,0.0092058918289405,0.004808693818618,0.922215081251724,0.0012632588768089,0.0026405988713102,0.7550485394578629,0,Calm/Bull,0.989
2015-02-27,sp500,-0.0029606830486323,0.0068621779452898,0.009167951809219,0.004271793886612,0.967323801019876,-0.0005504462771286,0.0020180888659654,0.7484962931839861,0,Calm/Bull,0.9874
2015-03-02,sp500,0.006106238181133,0.0059167402278121,0.0091651723517892,0.0061490892994661,0.9446526669996071,0.000731478401495,0.002977255725338,0.6455678082973618,0,Calm/Bull,0.9751
2015-03-03,sp500,-0.0045488726038175,0.0056594418146478,0.0091764013042435,0.0083025741570564,0.9133104009545484,-0.0007292906130346,0.0021058535951363,0.6167387003912621,0,Calm/Bull,0.9761
2015-03-04,sp500,-0.0043981612301545,0.0050457243840631,0.0091944319970767,0.0063044036940385,0.974061499428494,-0.001455719466345,0.0011691336047559,0.5487804342527517,0,Calm/Bull,0.9743
2015-03-05,sp500,0.001195365251036,0.0048873718866196,0.0091933776707279,0.0042978853943708,0.8967602789033332,-0.000921222690087,0.0014371371959304,0.5316187435855251,0,Calm/Bull,0.9717
2015-03-06,sp500,-0.014275356362467,0.005587615313764,0.0093331622289115,0.0162412697679281,1.1131546579483893,-0.003184157352854,0.0002114288422616,0.5986840447769365,0,Calm/Bull,0.6916
2015-03-09,sp500,0.0039366623579759,0.0055779607963778,0.0093462399058989,0.0054245777293276,0.9799388586081906,-0.0036180725174854,0.0005794633407543,0.5968133551608645,0,Calm/Bull,0.9178
2015-03-10,sp500,-0.0171068209371414,0.0067758201884302,0.0093652988884388,0.0156444984070295,1.071643465104188,-0.0061296621841502,-6.30657405786406e-05,0.7235028234704606,0,Calm/Bull,0.7798
2015-03-11,sp500,-0.0019195206764847,0.0062987161563355,0.0093511854656748,0.0050926051682559,0.9988605629276556,-0.0056339340734162,-0.0006899907521059,0.673574081003536,0,Calm/Bull,0.8394
2015-03-12,sp500,0.012522702206037,0.006958764887509,0.0092357425444475,0.0122509920964352,1.0014566706636407,-0.003368466682416,-6.240394129623144e-05,0.7534602501119546,0,Calm/Bull,0.8937
2015-03-13,sp500,-0.0060932370901968,0.0066916853377297,0.0092324021523798,0.0113908716084675,1.0331156843820009,-0.001732042827962,-0.0008469805491018,0.7248043604778219,0,Calm/Bull,0.9612
2015-03-16,sp500,0.0134429090238559,0.0073501076381374,0.0093027098694952,0.0125215935050678,0.9765249980443425,0.0001692065052139,-0.000378158059298,0.7901039311393969,0,Calm/Bull,0.9117
2015-03-17,sp500,-0.003325697707782,0.0073629076320851,0.0089666901466881,0.0074772979282274,0.9566520385464996,0.0029254311510858,-0.000624257929577,0.8211399648737345,0,Calm/Bull,0.984
2015-03-18,sp500,0.0120851015016287,0.0078933023446458,0.0085726843929626,0.0217290389080733,1.212133757793465,0.0057263555867085,-4.284923334197527e-06,0.9207503720917876,1,Transition,0.9428
2015-03-19,sp500,-0.0048844891269501,0.007966198984503,0.0085799695781348,0.0062844355635016,0.9696583157408049,0.0022449173201111,-0.0001953782938957,0.9284647121365176,0,Calm/Bull,0.9983
2015-03-20,sp500,0.0089723821932596,0.0081099456705961,0.0086430025485071,0.0111948448471981,1.576858105710238,0.0052580411768024,-5.21513202855677e-05,0.9383250352039884,0,Calm/Bull,0.9751
2015-03-23,sp500,-0.0017472566067133,0.008118721645723,0.0086444231664104,0.0049610752294974,0.9255097162717248,0.0022200080506885,-0.0001243448900219,0.9391860497146756,0,Calm/Bull,0.9988
2015-03-24,sp500,-0.0061583457015909,0.0081966152107683,0.0086829968891021,0.0077121122699019,0.9035081035654328,0.0016534784519267,-0.000570010798543,0.9439845845223874,0,Calm/Bull,0.9983
2015-03-25,sp500,-0.014665926527239,0.008782463282541,0.0088775315531505,0.0176511399289817,0.994413038634277,-0.0036967271538467,-0.0012650062767248,0.9892911368390792,0,Calm/Bull,0.9808
2015-03-26,sp500,-0.0023803307374738,0.0087859329321339,0.0088806861495305,0.0105293404527908,0.9900305187051855,-0.0031958954759515,-0.0013101668820858,0.9893304170644944,0,Calm/Bull,0.9985
2015-03-27,sp500,0.0023657607295033,0.0088139525224578,0.0088660949150241,0.0047889477510969,0.8549250294217481,-0.0045172197687027,-0.001043844693179,0.9941188998013232,0,Calm/Bull,0.9957
2015-03-30,sp500,0.0121623826471494,0.0091693893886697,0.0089033472434713,0.0119161090754746,0.834940029168773,-0.0017352919179302,-0.0007410374698782,1.0298811377253037,0,Calm/Bull,0.9984
2015-03-31,sp500,-0.0088346862175307,0.0093120337119192,0.0089796140272071,0.0082257811823906,0.9646726204165872,-0.0022705600211181,-0.0009553281505639,1.0370193734056754,0,Calm/Bull,0.9991
2015-04-01,sp500,-0.0039732542018475,0.0093042469531093,0.0086623126685261,0.0093460669069719,1.0105407078835849,-0.0001320255560398,-0.0009340827991485,1.0741065705138455,0,Calm/Bull,0.9998
2015-04-02,sp500,0.0035234523037141,0.0093467565065247,0.0085857285028378,0.0071843934068706,0.8830569109865136,0.0010487310521977,-0.0008176784465146,1.0886387222045713,0,Calm/Bull,0.9999
2015-04-06,sp500,0.0065870726471656,0.0089202150178054,0.008500942075814,0.0146446583167296,0.949558385218608,0.0018929934357301,0.0002254430039669,1.049320762128744,0,Calm/Bull,0.9992
2015-04-07,sp500,-0.0020640327085871,0.0088896824174949,0.0081974068538479,0.0066029775717936,0.8848989903582263,-0.0009522896354171,-7.459174936119636e-05,1.0844505556439508,0,Calm/Bull,1.0
2015-04-08,sp500,0.0026789415573472,0.0079452531703763,0.0081261286490044,0.0064315736616592,0.9481021001315304,0.0013504359195584,0.0009146963753632,0.9777414945737748,0,Calm/Bull,0.9998
2015-04-09,sp500,0.0044475758736258,0.0079532693251678,0.0080670636597244,0.0090953529361425,0.9242505046455652,0.0030346019346531,0.0012330512028687,0.9858939585261052,0,Calm/Bull,0.9997
2015-04-10,sp500,0.0051893768994562,0.0075649565221417,0.008078971055358,0.005280580643198,0.9228988239780004,0.0033677868538015,0.0008663849375397,0.93637623780377,0,Calm/Bull,0.9996
2015-04-13,sp500,-0.0045918068209611,0.0074994230666412,0.0080637343017023,0.0073215470621461,0.8578475001028649,0.0011320109601761,0.0009414564510015,0.9300186223965786,0,Calm/Bull,0.9995
2015-04-14,sp500,0.0016284322585138,0.0069045831711673,0.0079578867351847,0.0073384067047808,0.9736384112440878,0.0018705039535963,0.0003507326127344,0.8676402920689518,0,Calm/Bull,0.9987
2015-04-15,sp500,0.0051349890449955,0.006926630210075,0.007808703579293,0.0066883337528607,1.1701074761628092,0.002361713451126,0.0007737669503732,0.8870397166109633,0,Calm/Bull,0.9989
2015-04-16,sp500,-0.0007787467579851,0.0063980918008799,0.0078102202931791,0.0053587092333959,1.0113606227219227,0.0013164489248038,0.0001305745373925,0.8191947935793259,0,Calm/Bull,0.9978
2015-04-17,sp500,-0.0113757041890532,0.0068168243419899,0.0079438860978529,0.0145157852419252,1.063293610287181,-0.001996567292898,-0.0001939862157125,0.858122115299767,0,Calm/Bull,0.9886
2015-04-20,sp500,0.0091927485865367,0.0068325800030087,0.0077920166233256,0.0094409802448798,0.9135784160948096,0.0007603437886015,-0.0001829678960487,0.8768692795848554,0,Calm/Bull,0.9977
2015-04-21,sp500,-0.0014817025047679,0.0068296375295561,0.0077584478864891,0.0072760607647983,0.9880197566787235,0.0001383168359451,-0.0001696901909514,0.8802839987427791,0,Calm/Bull,0.999
2015-04-22,sp500,0.0050745828533862,0.0067728735161894,0.0077772486612759,0.0089802140417344,1.0175675416959034,0.0001262355976233,0.0003919562367974,0.8708572672894596,0,Calm/Bull,0.9986
2015-04-23,sp500,0.0023549408425523,0.0057774173641208,0.0075638087143027,0.0081877058813266,1.1032088331453784,0.0007529731177308,0.0012429996052869,0.7638238329845749,0,Calm/Bull,0.9969
2015-04-24,sp500,0.0022502668247534,0.0057170401772389,0.0073305360428938,0.0038343068492278,1.026165583944812,0.0034781673204921,0.0014745294833983,0.7798938773080694,0,Calm/Bull,0.9978
2015-04-27,sp500,-0.0041499132407346,0.0058477336223164,0.0072720085870105,0.0089523943591534,1.038516700677365,0.0008096349550379,0.0011487457848864,0.8041428378896321,0,Calm/Bull,0.9974
2015-04-28,sp500,0.0027654044373465,0.005264688775351,0.0070471486825674,0.0100012041019817,1.0609182796123546,0.0016590563434607,0.0006788968743963,0.7470665105128625,0,Calm/Bull,0.9934
2015-04-29,sp500,-0.0037473481275732,0.004890438260703,0.0068962657029268,0.0077081849593576,1.2064823069177393,-0.0001053298527311,0.0009332637788941,0.7091429581414611,0,Calm/Bull,0.9952
2015-04-30,sp500,-0.0101805530332482,0.0053896968899862,0.006799933882833,0.0133923747715619,1.3163553284867977,-0.0026124286278912,0.0006228988373241,0.7926101904597777,0,Calm/Bull,0.9899
2015-05-01,sp500,0.0108637765634552,0.0058295804982722,0.0069091241139708,0.0099749222864167,0.982365107534618,-0.0008897266801508,0.0009899150503112,0.8437510170767307,0,Calm/Bull,0.9962
2015-05-04,sp500,0.002936433147763,0.0057008335864745,0.0067987526917108,0.0050697665879878,0.9014704975425614,0.0005275425975486,0.000807383075341,0.8385116866252589,0,Calm/Bull,0.9992
2015-05-05,sp500,-0.0119080033585301,0.0063498089639041,0.0069661088590069,0.0128167228841558,1.0946483713140065,-0.0024071389616266,0.0003151845428439,0.9115288165062296,0,Calm/Bull,0.998
2015-05-06,sp500,-0.0044656811409319,0.0064105113166256,0.0069684691703246,0.0146575928013751,1.0858925824786674,-0.0025508055642984,-4.2046592070029536e-05,0.9199310723687952,0,Calm/Bull,0.9982
2015-05-07,sp500,0.0037667104694754,0.0063871795647531,0.00685114779244,0.0085775441136853,1.0452526115750105,0.0002386471362463,-7.608986227754952e-05,0.9322787594512444,0,Calm/Bull,0.9997
2015-05-08,sp500,0.0133681479873611,0.0069766639945679,0.0070601528543297,0.0120646605163676,0.9631157962136232,0.0007395214210275,0.0003328486921176,0.9881746384980014,0,Calm/Bull,0.9995
2015-05-11,sp500,-0.005102556456082,0.0069965454758308,0.0069895178351727,0.006226987120673,0.8468606388517873,-0.0008682764997415,0.0003073112103616,1.0010054542850788,0,Calm/Bull,1.0
2015-05-12,sp500,-0.0029539964393672,0.0070259749555179,0.0069813277086353,0.0092848380017855,0.8904538818308999,0.000922524884091,7.818977546759859e-05,1.006395237230788,0,Calm/Bull,1.0
2015-05-13,sp500,-0.0003050012906516,0.0069244726161864,0.0069783517642973,0.0067429293943463,0.9657913247194476,0.0017546608541471,-0.0001938097413147,0.9922791011501432,0,Calm/Bull,0.9999
2015-05-14,sp500,0.01072160426176,0.0073384686022579,0.007114435365342,0.009909961135015,0.9260430702151388,0.003145639612604,0.0003812078096724,1.0314899532304873,0,Calm/Bull,0.9999
2015-05-15,sp500,0.0007681188278664,0.0067969048901033,0.0071129886296956,0.0033352494427066,0.8945483002358543,0.0006256337807051,0.0009883989605184,0.9555624567888809,0,Calm/Bull,0.9999
2015-05-18,sp500,0.0030433124725705,0.0065404850300875,0.007080775061307,0.0055279071018069,0.836917818222281,0.0022548075664356,0.0006809271548201,0.9236962018223168,0,Calm/Bull,0.9998
2015-05-19,sp500,-0.000643581597842,0.0065285735453579,0.0070812793139643,0.0040040883051891,0.9543709996626722,0.0027168905347406,0.0007228332001664,0.9219483169493846,0,Calm/Bull,0.9998
2015-05-20,sp500,-0.000930949450794,0.0064555856243186,0.0070742197558795,0.0057058975258289,0.8802598411338522,0.0025917009027121,0.0004225565849574,0.9125509027272328,0,Calm/Bull,0.9997
2015-05-21,sp500,0.0023351459087448,0.0064552752752905,0.0070792497782603,0.0053172383221092,0.9006461828222638,0.0009144092321091,0.000421566838267,0.9118586682891312,0,Calm/Bull,0.9998
2015-05-22,sp500,-0.0022363851494835,0.0064663300481783,0.0070828547430885,0.0028643799244448,0.763394601657446,0.0003135084366391,0.0001972342395552,0.9129553383101784,0,Calm/Bull,0.9997
2015-05-26,sp500,-0.0103352049075023,0.0068232449182282,0.0072002415293168,0.0124323528452848,0.9934552512932324,-0.0023621950393754,-0.0001120303437831,0.9476411159884652,0,Calm/Bull,0.9992
2015-05-27,sp500,0.00912091892911,0.0071064272102677,0.0072539096188503,0.0099318515289084,0.9356096136911828,-0.000409294933985,0.000205745380805,0.979668562701782,0,Calm/Bull,0.9998
2015-05-28,sp500,-0.001267563917487,0.0070552745170876,0.0072309996099692,0.0044369843011591,0.9062943876252432,-0.0004766178273236,0.0003297345913093,0.975698367810826,0,Calm/Bull,0.9999
2015-05-29,sp500,-0.0063385151840976,0.0068017893082878,0.0072557658684515,0.0074831997566228,1.2049476182097458,-0.0022113500458921,0.0005218364837668,0.9374323030270856,0,Calm/Bull,0.9997
2015-06-01,sp500,0.0020573434991476,0.0063682882609191,0.0072588840842311,0.0078655242075802,0.9292526000828448,-0.0013526043161658,8.151483055146944e-05,0.8773095405605552,0,Calm/Bull,0.9992
2015-06-02,sp500,-0.0010091051653478,0.0063362255984621,0.0070119118271707,0.0087458259662568,0.9414796607851268,0.000512615632265,-0.000115762085104,0.903637375174865,0,Calm/Bull,0.9995
2015-06-03,sp500,0.0021166294697559,0.0057073334328584,0.0069998642437183,0.0058228034336998,0.9674762050032888,-0.0008882422596057,0.0005854695563102,0.8153491602326711,0,Calm/Bull,0.9985
2015-06-04,sp500,-0.008660562215101,0.005973602334451,0.0067238627283353,0.0093804447309536,1.0080216796875308,-0.0023668419191285,0.0003757255026017,0.8884182464459667,0,Calm/Bull,0.9991
2015-06-05,sp500,-0.0014372152327325,0.005931310785642,0.0067213109365039,0.0073202638472687,1.02878363887385,-0.0013865819288555,0.0001155292174913,0.8824633827649014,0,Calm/Bull,0.9995
2015-06-08,sp500,-0.0064955603383055,0.0052152345686484,0.0065882084226738,0.006684959287783,0.932347552473814,-0.0030971626963461,-0.0008776561987919,0.7916013328752405,0,Calm/Bull,0.9947
2015-06-09,sp500,0.0004182655190027,0.0051251722315864,0.0065377777045483,0.0064804101830288,0.969230110785399,-0.002811688559476,-0.0006016151000377,0.783931859295376,0,Calm/Bull,0.9954
2015-06-10,sp500,0.0119704917525144,0.0058059296958139,0.0064898743689579,0.0130058348126308,1.0857524093240027,-0.0008409161029243,0.0001446093095563,0.8946135727348693,0,Calm/Bull,0.9954
2015-06-11,sp500,0.0017371167565281,0.0058155553248564,0.0064762722175687,0.0041634005337645,0.998794844167764,0.0012386196914014,0.0002467152119153,0.8979788263192707,0,Calm/Bull,0.9997
2015-06-12,sp500,-0.0070188746531027,0.0054768520389118,0.0063542921831946,0.0076881599771494,0.8752330983200185,0.0001222878073274,-0.0006403087338277,0.8619137869354868,0,Calm/Bull,0.9988
2015-06-15,sp500,-0.0046332896217713,0.005536594642061,0.0063511300618101,0.0090432867855689,0.9858438126150668,0.0004947419506342,-0.0009103791563096,0.8717495293243993,0,Calm/Bull,0.9986
2015-06-16,sp500,0.0056737305157538,0.005665205863788,0.0062857459582167,0.0072985151874987,0.9397454489980748,0.0015458349499844,-0.0007788582541505,0.9012782096900366,0,Calm/Bull,0.9994
2015-06-17,sp500,0.0019776843950728,0.0056987222387582,0.0062875316010783,0.0085362743714637,1.0382839495093894,-0.0004527265215038,-0.0006477949545047,0.9063528583746387,0,Calm/Bull,0.9996
2015-06-18,sp500,0.0098540000540088,0.0061619589890709,0.0063624473037623,0.0118184761432769,1.1253799167399927,0.0011706501379922,-0.0001085474792646,0.968488805467523,0,Calm/Bull,0.9996
2015-06-19,sp500,-0.0053176152379496,0.0062393468996884,0.0061004234347234,0.0057772508223586,1.391818261435292,0.0015109020210229,-0.0004911855365993,1.02277275773584,0,Calm/Bull,0.9997
2015-06-22,sp500,0.0060763679815421,0.0063919830102055,0.0061329118491597,0.0081824511333502,0.9409918174624567,0.0036528335416855,-7.554788004805204e-05,1.042242766147259,0,Calm/Bull,1.0
2015-06-23,sp500,0.0006356664251933,0.0059183868349293,0.0061282096915409,0.0038320953327671,0.9637438226446235,0.0026452207235735,0.0004729956865867,0.9657611493122972,0,Calm/Bull,1.0
2015-06-24,sp500,-0.0073804657183052,0.0057983402647694,0.0060163534176834,0.0078346654711544,0.9676480651436415,0.0007735907008978,-0.000352073545784,0.963763240325408,0,Calm/Bull,0.9999
2015-06-25,sp500,-0.0029780041565964,0.005825106076994,0.0059143029123255,0.0067830193302521,0.9989713852426412,-0.0017928101412231,-0.0004375955577395,0.9849184533403595,0,Calm/Bull,1.0
2015-06-26,sp500,-0.0003901557449223,0.0056574013211137,0.0058887131151506,0.0064430661699178,1.5355148947819988,-0.0008073182426177,-0.0001401775857807,0.9607194662885212,0,Calm/Bull,0.9996
2015-06-29,sp500,-0.0210869695086115,0.0073099558504111,0.0064893293542723,0.0204068702137007,1.112750294032112,-0.0062399857406484,-0.0012973932361686,1.1264578281265,0,Calm/Bull,0.9606
2015-06-30,sp500,0.0026549623524674,0.0073632814885496,0.0064405779273341,0.0087052847411732,1.214702205056757,-0.0058361265551936,-0.0011141898602779,1.143264093940933,0,Calm/Bull,0.9993
2015-07-01,sp500,0.006912096434637,0.0075497424992226,0.0064991319949837,0.0075959747621138,1.0998079085042534,-0.0029776141246051,-0.0008744165120338,1.161653972415057,0,Calm/Bull,0.9998
2015-07-02,sp500,-0.0003080701895465,0.0073240127819837,0.006489765094571,0.0067604844347686,0.8868561037837159,-0.0024436273311952,-0.0004567919107561,1.1285482101826023,0,Calm/Bull,1.0
2015-07-06,sp500,-0.0038692326988974,0.0073612423442938,0.0064810814800637,0.0097692361524402,1.0281312002944292,-0.0031394427219902,-0.0005783927840644,1.135804628739425,0,Calm/Bull,1.0
2015-07-07,sp500,0.0060625605938687,0.0073655455295607,0.0064943086552548,0.0190838445548704,1.285641313322627,0.0022904632985058,4.951326254431353e-05,1.1341539062207862,0,Calm/Bull,0.9893
2015-07-08,sp500,-0.0167929649121415,0.0082700974607731,0.0068182155291366,0.0161236133951927,1.0320372883018492,-0.0015991221544159,-0.0008110482590129,1.2129416304650622,0,Calm/Bull,0.9974
2015-07-09,sp500,0.0022596476448199,0.0077488271160234,0.00682183487909,0.0119679853980509,0.9852594545243538,-0.0025296119123793,-0.0012965904643976,1.1358860560777837,0,Calm/Bull,1.0
2015-07-10,sp500,0.0122629863850077,0.0083033321151249,0.0069793606228042,0.0137579657073096,0.8769365657459234,-1.5400597468499115e-05,-0.0007702969829736,1.1896981061552758,0,Calm/Bull,0.9996
2015-07-13,sp500,0.0110052685073551,0.0085634993245542,0.0071281346923177,0.0098303922738263,0.8812379270975974,0.002959499643782,0.0001309101750492,1.2013660928410206,0,Calm/Bull,0.9999
2015-07-14,sp500,0.0044432732365001,0.0085382007495568,0.0069931264180601,0.0065435639287963,0.8550379788872162,0.0026356421723083,0.0005847383179628,1.2209418562070342,0,Calm/Bull,1.0
2015-07-15,sp500,-0.0007352563007372,0.0084570349331767,0.0068939951845341,0.005528092855463,0.9244992688887876,0.0058471838945891,0.0002642889771382,1.226724810041791,0,Calm/Bull,0.9998
2015-07-16,sp500,0.0079827334444757,0.0086259796935321,0.0069661275093821,0.0065291804752782,0.914592965205801,0.0069918010545203,0.0005645414296084,1.2382747346950511,0,Calm/Bull,0.9998
2015-07-17,sp500,0.0011055716244507,0.0083474386551528,0.0069379693402335,0.0042461487383874,0.9551767797810145,0.0047603181024089,0.0001271200081305,1.2031530042581375,0,Calm/Bull,0.9999
2015-07-20,sp500,0.0007709366240016,0.0082488619459881,0.006932437030909,0.0043040183264916,0.9380163396506516,0.0027134517257381,0.000431547601228,1.1898935265058517,0,Calm/Bull,1.0
2015-07-21,sp500,-0.004270796242723,0.0082005314166762,0.0069495799298774,0.0061768716323106,0.9619253408836898,0.0009706378298935,-8.581060998518729e-05,1.1800038994329394,0,Calm/Bull,1.0
2015-07-22,sp500,-0.0023905650201902,0.0082144258688538,0.0069354192436834,0.0040252631831786,1.0535873341465634,0.0006395760860029,-0.0002371221822543,1.1844166272046637,0,Calm/Bull,0.9999
2015-07-23,sp500,-0.0056922102113794,0.0081455417995032,0.0069649999714092,0.0086769427597258,1.0658560140486502,-0.0020954126451681,-0.000152709406908,1.1694963148513997,0,Calm/Bull,1.0
2015-07-24,sp500,-0.0107610206966611,0.0084671886330835,0.0070850775452239,0.0139061492236782,1.0832950078531078,-0.0044687311093904,-0.0005418602339113,1.195073530111363,0,Calm/Bull,0.9998
2015-07-27,sp500,-0.0057917550650641,0.0085478587695571,0.0070026409583335,0.0070950081431772,1.0921468189186845,-0.0057812694472036,-0.0008119401999184,1.2206621502398538,0,Calm/Bull,0.9991
2015-07-28,sp500,0.0123100738018893,0.0075866718805613,0.0070435427001803,0.0126645215648513,1.1648572238437962,-0.0024650954382811,0.0008579119656066,1.0771102275516884,0,Calm/Bull,0.9997
2015-07-29,sp500,0.0072921429273836,0.0077142690073418,0.0070978083309241,0.0078347026637363,1.1431953426444217,-0.0005285538487663,0.0010897709943524,1.0868522574400616,0,Calm/Bull,1.0
2015-07-30,sp500,2.836690402236809e-05,0.0075934417636221,0.0069248939896638,0.0073554917778826,1.015262794313421,0.000615561574314,0.0007455845178217,1.0965426727046177,0,Calm/Bull,1.0
2015-07-31,sp500,-0.0022741038010517,0.0076204774799483,0.0069058772171376,0.005784623054313,1.0341308926989543,0.0023129449534359,0.0006472828372464,1.1034771167140611,0,Calm/Bull,1.0
2015-08-03,sp500,-0.0027606939449045,0.007589867947248,0.0068999685871575,0.0087652724617888,0.9767963903623124,0.0029191571774678,0.0007027097749461,1.09998586970012,0,Calm/Bull,1.0
2015-08-04,sp500,-0.0022522391669328,0.0075081104966615,0.00668131809353,0.00664490457987,1.0093767009010997,6.694583703383082e-06,0.000286969786906,1.123746900171098,0,Calm/Bull,1.0
2015-08-05,sp500,0.0031098381854906,0.0063556898647728,0.0066628676520646,0.0082815318549298,1.1237124859223773,-0.0008297663646752,0.0012821099417876,0.9538970600449096,0,Calm/Bull,0.9999
2015-08-06,sp500,-0.0077831959225621,0.0066636576592492,0.0067274766228321,0.0133377672258011,1.1889340939884994,-0.0023920789299921,0.0007799677634185,0.9905136848240684,0,Calm/Bull,0.9998
2015-08-07,sp500,-0.0028790228563377,0.006129079986306,0.0067368509730801,0.0070756676448022,1.0010315099616296,-0.0025130627410493,2.2867301351251183e-05,0.9097841129033892,0,Calm/Bull,0.9997
2015-08-10,sp500,0.012726835632025,0.0063011122390002,0.0067964926123185,0.01158176485815,0.9709808924975574,0.0005844431743366,0.0001089456575847,0.92711235021128,0,Calm/Bull,0.9985
2015-08-11,sp500,-0.0096030646801822,0.0065696593772038,0.0069042037937444,0.0125571218896692,1.0147879553987769,-0.0008857219283132,-0.0005933712382493,0.9515448230477036,0,Calm/Bull,0.9993
2015-08-12,sp500,0.0009496036382146,0.0065785407307032,0.0068922677690595,0.0177224754141893,1.1522000778095964,-0.0013177688377684,-0.0005091282413017,0.9544813044315158,0,Calm/Bull,0.9955
2015-08-13,sp500,-0.0012760258683812,0.0062679508556342,0.006893221556573,0.0070413713377703,0.869467931672825,-1.6334826932283204e-05,-0.0009720662069446,0.9092919477769326,0,Calm/Bull,0.9995
2015-08-14,sp500,0.0039043322743591,0.0063475149749021,0.0069145670667738,0.0056608257689903,0.7603837454745296,0.001340336199207,-0.0008321281744492,0.9179916708601222,0,Calm/Bull,0.9997
2015-08-17,sp500,0.0051978917094029,0.006482118753929,0.0069426760305616,0.0112108164876328,0.7840268697665231,-0.0001654525853173,-0.0006107804201791,0.9336628593059436,0,Calm/Bull,0.9995
2015-08-18,sp500,-0.0026289829356331,0.0064436098712563,0.0069447899889769,0.004449420327247,0.8108918259765266,0.0012293637635924,-0.0005286897548246,0.9278336539310568,0,Calm/Bull,0.9998
2015-08-19,sp500,-0.0082891364095971,0.0066645185826927,0.0068992030704746,0.0123291825167704,0.968039901898647,-0.0006183842459698,-0.0008236183242949,0.9659838266268448,0,Calm/Bull,0.9995
2015-08-20,sp500,-0.0213259604541461,0.0080404323311227,0.0073098104496754,0.0200813110507474,1.07867350606358,-0.0046283711631228,-0.0016053058364333,1.099950865549423,0,Calm/Bull,0.9802
2015-08-21,sp500,-0.0323692425218781,0.010431655801902,0.0083755638317922,0.0320616274559195,1.3585601575399595,-0.0118830861223703,-0.0026857169276941,1.2454869918494529,2,Stress/Bear,0.9999
2015-08-24,sp500,-0.0402114443465192,0.0133906220277424,0.009754397446221,0.0518378926127345,1.725384139707091,-0.0209649533335547,-0.0044067013917669,1.3727779805537998,2,Stress/Bear,1.0
2015-08-25,sp500,-0.0136142497426558,0.0129342288719016,0.0098589907630235,0.0433495663670765,1.3339471795456423,-0.0231620066949593,-0.0057029175689941,1.311922202058642,2,Stress/Bear,1.0
2015-08-26,sp500,0.0382912994345316,0.0160544524090671,0.0111501144089173,0.0362481849958651,1.351165452180715,-0.0138459195261335,-0.0041529597436367,1.4398464285018862,2,Stress/Bear,1.0
2015-08-27,sp500,0.02400725448969,0.0172351052728911,0.0116153194705802,0.0235603449530615,1.24469024706022,-0.0047792765373663,-0.0029540153643533,1.4838253322730288,2,Stress/Bear,0.9463
2015-08-28,sp500,0.0006085511568762,0.0172531344781311,0.0115736450814776,0.009196196386593,0.9785645672888276,0.0018162821983845,-0.002809882616457,1.4907260726132807,2,Stress/Bear,0.7481
2015-08-31,sp500,-0.008427078663984,0.0172987486818689,0.0116145262677726,0.0105213517198675,0.9649042600359188,0.0081731553348915,-0.0030932018524109,1.4894063075020585,2,Stress/Bear,0.9033
2015-09-01,sp500,-0.0300226498424279,0.0183125145282,0.0121866220475981,0.0350184290232735,1.06662798828328,0.0048914753149371,-0.0044817223861857,1.502673542896103,2,Stress/Bear,0.9986
2015-09-02,sp500,0.0181276714232146,0.0189374200840037,0.0124427243395949,0.0166199803433259,0.9156357684671758,0.0008587497126737,-0.0037308307242995,1.5219673414881856,1,Transition,0.6566
2015-09-03,sp500,0.0011641156994188,0.0189423333010182,0.0123282051930122,0.0155243571605671,0.869059404321452,-0.0037098780453804,-0.0032834651432004,1.5365037330620563,1,Transition,0.7287
2015-09-04,sp500,-0.0154483087542762,0.0191357316996925,0.0124562059207275,0.0190243956368767,0.7859954335633097,-0.0069212500276109,-0.0039119294380974,1.5362407960717868,1,Transition,0.6187
2015-09-08,sp500,0.0247736371970385,0.0198628260096362,0.0128884684228131,0.0218948793642905,0.8803159527172358,-0.0002811068554064,-0.0033095893598467,1.541131603696077,2,Stress/Bear,0.5142
2015-09-09,sp500,-0.0139950357690847,0.0199601072504597,0.0129891863217675,0.0261323139478108,0.9066221082665356,0.0029244159592622,-0.0035291879142918,1.5366711013306624,1,Transition,0.5961
2015-09-10,sp500,0.0052640754449356,0.0200342376957319,0.0129856302597507,0.0143934031798593,0.9074577384975616,0.0003516967636064,-0.0033134643239558,1.5428005645462202,1,Transition,0.864
2015-09-11,sp500,0.0044770064449862,0.0201062026711766,0.0129999518513079,0.0111471440695448,0.805453859995588,0.0010142749127198,-0.0030258127082874,1.5466367030546946,1,Transition,0.7828
2015-09-14,sp500,-0.0040980412230438,0.0200405499407969,0.0129244478160924,0.0075728682307177,0.7488843614913387,0.0032843284189663,-0.0034259313831575,1.550592352258495,2,Stress/Bear,0.5612
2015-09-15,sp500,0.0127496876314323,0.0202812825834339,0.0130410261368059,0.0146049436968577,0.8049672601444855,0.0008795385058451,-0.0030483415870561,1.5551907013048334,1,Transition,0.8125
2015-09-16,sp500,0.0086677407153759,0.0204501807557697,0.0130693747722256,0.0096876953892122,0.8945053412662493,0.0054120938027372,-0.0024835054045056,1.5647405566201469,1,Transition,0.6824
2015-09-17,sp500,-0.00256434444256,0.0204046569598822,0.0130689805346226,0.0171490331223834,1.0223285164924112,0.0038464098252381,-0.0021972658061538,1.5613044112986247,1,Transition,0.8781
2015-09-18,sp500,-0.0162962309543835,0.0201863156328238,0.0131918714200998,0.0184931193424114,1.4345333521070789,-0.0003082376546358,-0.0019457793311656,1.530208640607795,2,Stress/Bear,0.8901
2015-09-21,sp500,0.0045553920336726,0.0189052570278286,0.0132108336879532,0.0121201473206988,0.7954803837994855,0.0014224489967074,-9.95476033881404e-05,1.431041936820996,1,Transition,0.9241
2015-09-22,sp500,-0.0123949300193783,0.0166927188152188,0.0132904285986719,0.0165591093543256,0.9593355644087628,-0.0036064745334546,0.0012912781129689,1.2559955227393444,1,Transition,0.9606
2015-09-23,sp500,-0.0020507442295939,0.0163459297800805,0.0130350512706586,0.0087427392543735,0.8244192201437016,-0.0057501715224486,0.001869453388622,1.2539981194300744,1,Transition,0.8727
2015-09-24,sp500,-0.0033686518713064,0.0139372811048433,0.0130296834137314,0.0146203370920676,1.0745417670390045,-0.0059110330081979,-0.0002135441766698,1.0696561583495894,1,Transition,0.6886
2015-09-25,sp500,-0.0004659018012205,0.0127200176156477,0.0129876094331084,0.0162529721353873,0.9942295540382772,-0.0027449671775653,-0.0014372019912154,0.979396376304743,0,Calm/Bull,0.6385
2015-09-28,sp500,-0.0260012111628091,0.013837362813106,0.0133749845805581,0.0265548352108856,1.1499885510401011,-0.0088562878168616,-0.0027676901071996,1.0345703749984174,1,Transition,0.9171
2015-09-29,sp500,0.0012320939129817,0.0137979483513748,0.0133768097166042,0.0146330306881385,1.0951907060689623,-0.0061308830303896,-0.0022847314783514,1.031482740929468,1,Transition,0.7636
2015-09-30,sp500,0.0188958986035651,0.0129307059111017,0.0136014442382304,0.0173903606396536,1.1968311047492697,-0.0019415544637578,0.0001611959439482,0.950686242182766,1,Transition,0.9557
2015-10-01,sp500,0.0019719386783371,0.0122351824775188,0.0134551568774747,0.0137798809170064,1.050271228669167,-0.0008734363538291,-0.0006465906932956,0.9093303473853748,1,Transition,0.7069
2015-10-02,sp500,0.0142137930164055,0.0126768162974789,0.0135925238856855,0.029548640236824,1.141495615603293,0.002062502609696,5.893172553707652e-06,0.9326315262781382,1,Transition,0.9404
2015-10-05,sp500,0.0181245935185021,0.0127453391151446,0.013708807651906,0.0175335734050444,1.113066303801164,0.0108876635459583,0.0016845382861926,0.9297190126796064,1,Transition,0.991
2015-10-06,sp500,-0.0035946893441432,0.0115643630729141,0.0136262141016237,0.0099145442478053,1.0701636619032533,0.0099223068945333,0.0002661219591335,0.8486849675682177,1,Transition,0.9967
2015-10-07,sp500,0.0080035198575527,0.0111762088863796,0.013657937663339,0.0114589507578637,1.173189266323972,0.0077438311453308,0.0013660497404654,0.8182940325155468,1,Transition,0.9983
2015-10-08,sp500,0.0087797801445584,0.0112680172484196,0.013715225328153,0.0143883670802125,0.9864534627255174,0.0091053994385751,0.0015418349754465,0.8215699690540248,1,Transition,0.9991
2015-10-09,sp500,0.0007248485605153,0.0112477935668104,0.013668735026095,0.0062137483635475,0.9226537901509588,0.006407610547397,0.001354227081223,0.8228847472232969,1,Transition,0.9963
2015-10-12,sp500,0.0012746644773328,0.011174642687162,0.01366916902925,0.0040198990357131,0.7210946831650904,0.0030376247391632,0.0016228623662418,0.8175070966823131,1,Transition,0.9939
2015-10-13,sp500,-0.006848823690127,0.0110055925648918,0.0136889679186236,0.0102610369491638,0.846163403169158,0.0023867978699664,0.0006429368001638,0.803975334759817,1,Transition,0.9977
2015-10-14,sp500,-0.0047274309119391,0.0108985999263135,0.013690940929573,0.0094422327388926,0.9063661917469868,-0.0001593922839319,-2.682178120188526e-05,0.7960446241333264,1,Transition,0.9984
2015-10-15,sp500,0.014743551351355,0.0113637393426367,0.0138396068828061,0.0136768619920756,0.9367537618529186,0.0010333619574274,0.0008385730084938,0.82110275522021,1,Transition,0.9983
2015-10-16,sp500,0.004560061373697,0.0106426539710998,0.0138405601744022,0.0064335319875664,0.9271505418282484,0.0018004045200637,0.0018813876248979,0.7689467649425911,1,Transition,0.9997
2015-10-19,sp500,0.000270508943873,0.0106291114814455,0.0137758263835134,0.0059694798413156,0.8475021101702213,0.0015995734133717,0.0016671434704079,0.7715770499377217,1,Transition,0.9996
2015-10-20,sp500,-0.0014221010558937,0.0101368623271519,0.0137582314807734,0.0061602296888904,0.8642032313392802,0.0026849179402184,0.0022157849185821,0.7367852722435854,1,Transition,0.9999
2015-10-21,sp500,-0.0058424489111342,0.0102556187147276,0.0136755778417126,0.0102776707590157,0.9357549500768536,0.0024619143403794,0.0020261996845051,0.7499221483311942,1,Transition,0.9998
2015-10-22,sp500,0.0164908470125941,0.0106592638321798,0.0138164172430562,0.0162337558065635,1.1379170866692776,0.0028113734726272,0.0030191746287001,0.7714926123512125,1,Transition,0.9994
2015-10-23,sp500,0.0109699539690427,0.0107686396491528,0.0138948115348363,0.0103848154794916,1.0499099894982424,0.0040933519916963,0.0035909674172133,0.775011566162972,1,Transition,0.9996
2015-10-26,sp500,-0.0019149330011001,0.0083631990369246,0.0138940094124095,0.0041569846973314,0.8757636710684624,0.0036562636027017,0.0047952813252987,0.6019284130795931,1,Transition,1.0
2015-10-27,sp500,-0.0025573858650877,0.0084901375195637,0.0138934141750032,0.0055811441540507,1.089538479346496,0.0034292066408629,0.0046058073363953,0.6110907954388253,1,Transition,0.9999
2015-10-28,sp500,0.0117704884881434,0.0079939241435293,0.0139769806114017,0.0130313052655232,1.211168995624632,0.0069517941207185,0.0042495368306242,0.571934981222498,1,Transition,0.9999
2015-10-29,sp500,-0.0004498753806607,0.0080483976949287,0.0139710080359312,0.004733459270692,1.0331640575168384,0.0035636496420675,0.0041284461276743,0.5760785244865362,1,Transition,1.0
2015-10-30,sp500,-0.0048214816884254,0.0079174268332979,0.0139485548815214,0.0072041299702162,1.098619008390644,0.0004053625105738,0.0031766823924327,0.5676162800052297,1,Transition,1.0
2015-11-02,sp500,0.0118038763388146,0.0073984997078861,0.0140263710347671,0.0120909392913058,0.977793542592174,0.0031491243785568,0.0028606465334484,0.527470697128111,1,Transition,1.0
2015-11-03,sp500,0.0027243529250675,0.0072415789951588,0.0139342347523476,0.0089914021546686,1.109944254144565,0.0042054721365878,0.0031765986469089,0.5196969280238986,1,Transition,1.0
2015-11-04,sp500,-0.0035516669396471,0.0072969464877367,0.0138850358826899,0.0083765509991682,1.0679023206081608,0.0011410410510297,0.0025988393070489,0.5255259366548418,1,Transition,1.0
2015-11-05,sp500,-0.0011327897564983,0.0071908977793271,0.0138855937579579,0.0087479667348461,1.059275137585982,0.0010044581758622,0.0021032108119961,0.5178675038801286,1,Transition,1.0
2015-11-06,sp500,-0.0003476817800236,0.0072057019911378,0.0138845397432804,0.008655641338433,1.1323810645706958,0.0018992181575425,0.0020495842949691,0.5189730537971237,1,Transition,1.0
2015-11-09,sp500,-0.0098712906565025,0.0076839402776154,0.0139348079028622,0.0136247184592095,0.9935091215082372,-0.0024358152415208,0.0014922865382773,0.5514206102573612,1,Transition,1.0
2015-11-10,sp500,0.0015094551534496,0.0074294894606307,0.013919150835572,0.0066099235052144,0.9727007001442338,-0.0026787947958444,0.0019102004804562,0.5337602522162342,1,Transition,1.0
2015-11-11,sp500,-0.0032333073215689,0.0073664776307764,0.0139211824745069,0.0058264307228915,0.939286046346279,-0.0026151228722287,0.0019849066599747,0.5291560285389746,1,Transition,1.0
2015-11-12,sp500,-0.0140891633366326,0.0075570159144399,0.0139984032997438,0.0130158336945975,1.0181982365447524,-0.0052063975882556,0.0005432709255753,0.5398484207536857,1,Transition,1.0
2015-11-13,sp500,-0.0112706404321554,0.0079338204813376,0.0138008684380141,0.0111811900310533,1.0754001600753402,-0.0073909893186819,-0.0002482641647172,0.5748783503713569,1,Transition,1.0
2015-11-16,sp500,0.0147933027942343,0.0086188247921359,0.0132647147744852,0.0164767785836302,0.9349716571315756,-0.0024580706285346,0.0004778755278007,0.649755757184789,1,Transition,0.9999
2015-11-17,sp500,-0.0013402770182465,0.0086178948096591,0.0121347334113104,0.0101392469842004,1.091491134646865,-0.0030280170628738,0.0004819667296831,0.7101841068569851,1,Transition,0.9876
2015-11-18,sp500,0.0160332298771722,0.0091450601972604,0.0121195160845247,0.0159917387909369,0.9644377414846348,0.0008252903768743,0.0015757506690984,0.7545730484187926,1,Transition,0.9961
2015-11-19,sp500,-0.0011237403289792,0.0084552190751632,0.0111378075710675,0.0038342432906314,0.9000447279890788,0.003418374978405,0.0006950213020198,0.7591457314388508,1,Transition,0.5436
2015-11-20,sp500,0.0038029552801494,0.0081429355283593,0.0107336454029316,0.0068160995835105,0.9770044926891244,0.006433094120866,0.0003366713675751,0.7586365323877029,1,Transition,0.593
2015-11-23,sp500,-0.001235623841684,0.0081344617727252,0.0107369306370417,0.0068150495520303,0.8898320742602238,0.0032273087936823,0.0003706368255459,0.7576151926195606,0,Calm/Bull,0.7406
2015-11-24,sp500,0.0012212499449607,0.0081067100851196,0.0106684370967471,0.0114066454858569,0.96745904691987,0.0037396141863238,0.0005595686160483,0.7598779475947224,0,Calm/Bull,0.662
2015-11-25,sp500,-0.0001291406149671,0.007665252277464,0.009864739938507,0.0032074522569627,0.727170680717949,0.0005071400878959,-3.541283910716565e-05,0.7770354135280119,0,Calm/Bull,0.9572
2015-11-27,sp500,0.0005934415594808,0.0076658333230901,0.0096192192333536,0.0043826189909673,0.3863930554406757,0.0008505764655879,1.6753007899912495e-05,0.7969288501617333,0,Calm/Bull,0.9921
2015-11-30,sp500,-0.0046518001396184,0.0076602887266379,0.0096484992659019,0.0064411087480295,1.125843537288664,-0.0008403746183656,2.5237085340261983e-05,0.7939357733807998,0,Calm/Bull,0.9793
2015-12-01,sp500,0.0106239389467392,0.0075687966435767,0.0094775833858758,0.0097212475262331,0.978216286063148,0.001531537939319,-3.3759784263507394e-05,0.7985998471779499,0,Calm/Bull,0.9662
2015-12-02,sp500,-0.0110565926394489,0.0079234724757584,0.0091081381055761,0.0130607267970958,1.0454986862592257,-0.0009240305775628,-0.0007228070624893,0.8699332820730449,0,Calm/Bull,0.9827
2015-12-03,sp500,-0.01447782644415,0.0084855169718678,0.0091217291193213,0.0208087459995206,1.1362487135874844,-0.0037937677433994,-0.0012691150377144,0.930253119871116,0,Calm/Bull,0.831
2015-12-04,sp500,0.0203178563638512,0.0097631105000242,0.0094451351027858,0.020366353928924,1.1096992019078282,0.0001511152174745,-0.0001965827316969,1.03366552132691,0,Calm/Bull,0.5627
2015-12-07,sp500,-0.0070140439603977,0.0098816180582257,0.0094929002729981,0.0113813649997843,1.0692320211169504,-0.0003213335466812,-0.0005299008407157,1.0409482638655057,0,Calm/Bull,0.9986
2015-12-08,sp500,-0.0065110526255945,0.0097420120760994,0.0095197566079607,0.0104332878042085,1.0993069622616238,-0.003748331861148,-0.0003618889391703,1.02334675951199,0,Calm/Bull,0.9978
2015-12-09,sp500,-0.0077690863656927,0.0098683152321293,0.009455847172672,0.0213907116225529,1.1465494228753506,-0.0030908306063967,-0.0008258160151274,1.0436204236305138,0,Calm/Bull,0.9603
2015-12-10,sp500,0.0022488565785946,0.0098740599979239,0.0093988840620014,0.0107102316054349,0.9710591619065344,0.0002545059981521,-0.0005517078201192,1.0505566334032788,0,Calm/Bull,0.9993
2015-12-11,sp500,-0.0196138677558153,0.0103390452516965,0.0097435513855026,0.0191167483099372,1.1200360614810754,-0.0077318388257811,-0.0008279430410783,1.0611167163422477,0,Calm/Bull,0.8924
2015-12-14,sp500,0.004744288064068,0.010105228484009,0.0095163231602294,0.0146690975198101,1.195926252718256,-0.0053801724208879,-2.71966162672008e-05,1.0618837038070368,0,Calm/Bull,0.9941
2015-12-15,sp500,0.0105625801059143,0.0098188819952392,0.0095906448443425,0.0138592195818123,1.1199081753188758,-0.0019654458745861,-0.0002387327506831,1.0237978941563393,0,Calm/Bull,0.9938
2015-12-16,sp500,0.0144106356507714,0.0103435320786649,0.0095977028321943,0.0165406454492512,1.18924381441593,0.0024704985287066,0.0005488128827677,1.0777091413967117,0,Calm/Bull,0.981
2015-12-17,sp500,-0.0151547766358763,0.0102366355183763,0.0098167963229812,0.0169989973792925,1.1045281573143315,-0.0010102281141875,-0.0010105874428847,1.0427674346682947,0,Calm/Bull,0.9746
2015-12-18,sp500,-0.0179574950071069,0.0109159505109003,0.010099991449799,0.0176909584279854,1.6417854715176663,-0.0006789535644458,-0.0018522751767911,1.0807880942431414,2,Stress/Bear,0.5129
2015-12-21,sp500,0.0077483067271562,0.0110582495689235,0.0101406033250275,0.0083961954818493,0.9256882755293078,-7.814983182823781e-05,-0.0016550076044407,1.09049227294309,0,Calm/Bull,0.9959
2015-12-22,sp500,0.0087780955915688,0.0113022420173518,0.009562653874194,0.0109123725801254,0.8674656406134933,-0.0004350467346973,-0.0011543216327781,1.181914787050108,0,Calm/Bull,0.9997
2015-12-23,sp500,0.0123415965275538,0.0116920714904558,0.009667563538866,0.0109141781777463,0.8626660694517384,-0.0008488545593408,-0.0005983043036484,1.2094124278005265,0,Calm/Bull,0.9994
2015-12-24,sp500,-0.0015999154038633,0.0116935905303221,0.009401724184957,0.0041873696592498,0.3559287295487702,0.0018621176870617,-0.0006718430430932,1.2437708552471811,0,Calm/Bull,0.9983
2015-12-28,sp500,-0.002180936456306,0.0116942466498916,0.0094110827596303,0.0065986230777413,0.6203396162222452,0.0050174293972219,-0.0008105619438826,1.2426037416284466,0,Calm/Bull,0.9995
2015-12-29,sp500,0.0105736641730229,0.0119243392064281,0.0093366257133752,0.0101137524032466,0.6466013366994589,0.0055825008863952,-4.928872825055025e-05,1.2771572485063662,0,Calm/Bull,0.9996
2015-12-30,sp500,-0.0072433987837785,0.011750661319126,0.009122276542622,0.0074490716052006,0.6126745737451025,0.0023782020113257,-0.0009426556147764,1.2881281623313416,0,Calm/Bull,0.9995
2015-12-31,sp500,-0.0094564850414678,0.0116834303259625,0.009199331026618,0.0092566535650237,0.6988951984892053,-0.0019814143024785,-0.0008626502348773,1.270030428534073,0,Calm/Bull,0.9996
2016-01-04,sp500,-0.0154220417978059,0.0117430979096394,0.0093722632641682,0.0241073488005703,1.1330884337662397,-0.004745839581267,-0.0009098610025601,1.2529628733899647,0,Calm/Bull,0.8271
2016-01-05,sp500,0.0020102041393599,0.0106653864912286,0.0093070114469849,0.008811330238423,0.982190506726588,-0.0039076114621338,-0.0018252436137847,1.1459517968771549,0,Calm/Bull,0.9992
2016-01-06,sp500,-0.013202163002626,0.0109107742887418,0.0094616996887295,0.0164098720514517,1.1446989709835522,-0.0086627768972636,-0.0021346495658961,1.1531516162723203,0,Calm/Bull,0.9904
2016-01-07,sp500,-0.0239858165193447,0.0119316190740731,0.0099444264536503,0.0239258042870641,1.3242277605283566,-0.0120112604443769,-0.0030083877605836,1.1998297870354664,2,Stress/Bear,0.8966
2016-01-08,sp500,-0.0108975374458479,0.0120175140000503,0.0100009433487467,0.0218207118709301,1.2124261635314932,-0.0122994709252529,-0.0031648103145914,1.2016380436307883,0,Calm/Bull,0.5377
2016-01-11,sp500,0.0008529082958226,0.0119884353311812,0.0099887332335823,0.0179604859663278,1.1837194481444946,-0.0090444809065272,-0.00323460772873,1.2001957656528377,0,Calm/Bull,0.9443
2016-01-12,sp500,0.0077725141177748,0.0115760754389819,0.0098467672225668,0.0170373802699678,1.246265323600554,-0.0078920189108442,-0.0018652886350505,1.1756219251788425,0,Calm/Bull,0.9466
2016-01-13,sp500,-0.025282375077909,0.012577545441171,0.010318125208244,0.0338150543222827,1.2894049407211805,-0.0103080613259008,-0.0033666217921493,1.2189758495198053,2,Stress/Bear,0.9784
2016-01-14,sp500,0.0165580609343839,0.0129916397487961,0.0105690470962135,0.0288993454085449,1.3136824005719825,-0.002199285835155,-0.0030668477507258,1.2292158063568894,2,Stress/Bear,0.8542
2016-01-15,sp500,-0.0218357726981623,0.0129533401008764,0.0109078819055985,0.031297750411704,1.3565061048802578,-0.0043869328856179,-0.0048791681681725,1.187521116654924,2,Stress/Bear,0.8783
2016-01-19,sp500,0.0005316801874288,0.0127720444717375,0.0108937519840835,0.0195818738237545,1.213481491658769,-0.0044511785072967,-0.0040948453270073,1.1724192445723312,0,Calm/Bull,0.8062
2016-01-20,sp500,-0.0117627660258983,0.0124901698149228,0.0107264777014437,0.0343618487081258,1.585004969143877,-0.0083582345360313,-0.0037851088779468,1.1644241625787055,2,Stress/Bear,0.984
2016-01-21,sp500,0.005181988635948,0.012378126635283,0.0106367336537851,0.0218674232236323,1.2345464743677392,-0.0022653617932599,-0.0039134247825073,1.1637150123504554,0,Calm/Bull,0.6745
2016-01-22,sp500,0.0200807268822134,0.0132176108836944,0.0110034575176943,0.0164927110856473,1.1718421378201165,-0.001560828603694,-0.003348293217975,1.201223421132816,1,Transition,0.4718
2016-01-25,sp500,-0.0157615451728214,0.012953004868163,0.0111584094248023,0.0161474520549762,1.0408064477606858,-0.0003459830986258,-0.0047534503029938,1.1608289654053927,1,Transition,0.7362
2016-01-26,sp500,0.0140452378303679,0.013609272611692,0.0112083514305147,0.0146771911214805,0.995845407382474,0.0023567284299619,-0.0039711926412822,1.214208235355723,1,Transition,0.5271
2016-01-27,sp500,-0.0109229223005284,0.0136889008662417,0.0112721466056588,0.0235216230972764,1.0589955108903095,0.0025246971750359,-0.0044082919334934,1.214400534798726,1,Transition,0.7321
2016-01-28,sp500,0.0055133507175915,0.0134419488270174,0.0113030880399411,0.0154803823626784,1.020941326346365,0.0025909695913646,-0.0046613076062649,1.189228003844464,1,Transition,0.7119
2016-01-29,sp500,0.0244586509945564,0.0149104124217592,0.011668864352897,0.0238320983317065,1.1565905889753445,0.0034665544138331,-0.0030762051173482,1.2777946482904723,2,Stress/Bear,0.5399
2016-02-01,sp500,-0.0004433348455418,0.0148434812261094,0.0116572740369797,0.0138703618043001,0.8937097536190083,0.0065301964792891,-0.0026255476075519,1.2733235213500431,1,Transition,0.6391
2016-02-02,sp500,-0.0189209687182314,0.0150217879032965,0.0118721545973396,0.0199523760101431,0.9212843225984436,-6.304483043074252e-05,-0.0028004939535731,1.265295846691774,1,Transition,0.8358
2016-02-03,sp500,0.004979620021574,0.0150863734441168,0.0119029386652808,0.0239368943732118,1.051872902918696,0.0031174636339897,-0.0026520231594624,1.2674494818764117,1,Transition,0.8797
2016-02-04,sp500,0.0015255682925234,0.0149026245063818,0.0119086223100942,0.0140071297807979,1.0468967964069442,0.0023199071489761,-0.001915636594705,1.2514146572395473,0,Calm/Bull,0.5181
2016-02-05,sp500,-0.0186541582763518,0.0145300778126398,0.0120658737926666,0.0214993860935747,0.9952744078625616,-0.0063026547052055,-0.0016490536825553,1.204229222211064,1,Transition,0.9163
2016-02-08,sp500,-0.0142550579230573,0.014661358642058,0.0121666172917718,0.0241658971849482,1.126858497535998,-0.0090649993207086,-0.0018169297064158,1.20504806639832,1,Transition,0.8811
2016-02-09,sp500,-0.0006638406467602,0.014650740704184,0.0121664951081572,0.0179839539232852,1.030313752305833,-0.0054135737064143,-0.0018927671535449,1.20418744872229,1,Transition,0.7481
2016-02-10,sp500,-0.0001889681307609,0.014481487037485,0.012062218942747,0.0168911416329008,0.8924641543355372,-0.0064472913368813,-0.0022908412659717,1.2005657587729928,1,Transition,0.7411
2016-02-11,sp500,-0.0123774473292562,0.0136677838775803,0.0120779995179288,0.0201740904173787,1.0934671065343249,-0.0092278944612373,-0.0016455948785391,1.1316264632476225,1,Transition,0.8381
2016-02-12,sp500,0.0193300152070459,0.0138745828829541,0.0121964933131853,0.0168277246591087,0.938746684875638,-0.0016310597645577,-0.001506997164906,1.137587872733437,1,Transition,0.771
2016-02-16,sp500,0.0163817377416849,0.0135555305668146,0.0124156148537701,0.0128351632160316,0.9217838844571096,0.0044962993683907,0.0004038783570863,1.0918130697891597,0,Calm/Bull,0.7062
2016-02-17,sp500,0.0163461106256413,0.0140167745293039,0.0124230855995728,0.0165453990364857,1.0098486407856102,0.007898289622871,0.0011945998789969,1.1282844682150432,1,Transition,0.8667
2016-02-18,sp500,-0.0046766321239347,0.0137592012567602,0.0124306788525271,0.0077744297051027,0.9121662985816004,0.0070007568242362,0.0015489065740951,1.1068744852951415,0,Calm/Bull,0.6339
2016-02-19,sp500,-2.60332818018429e-05,0.0137360872022401,0.0124135261073483,0.008661048242145,0.860067834260194,0.0094710396337271,0.0012885054782076,1.1065419352611547,0,Calm/Bull,0.5975
2016-02-22,sp500,0.014350731099076,0.013378604779771,0.0125795652901046,0.0114417937628501,0.8492366272317619,0.0084751828121331,0.0010020056890507,1.063518847530837,0,Calm/Bull,0.6266
2016-02-23,sp500,-0.0125325775707884,0.0131837245079783,0.0126603650264691,0.0119400517591792,0.8192569443852215,0.0026923197496384,0.0011634540691524,1.0413384195807174,0,Calm/Bull,0.6077
2016-02-24,sp500,0.0044299600346319,0.0128606054456407,0.0126817612805057,0.0212871567080918,0.9094760356303524,0.0003090896314365,0.0006826901793656,1.0141024705621866,1,Transition,0.7488
2016-02-25,sp500,0.0112843667304508,0.012764167353831,0.0127837976205611,0.0135368768437671,0.8733954060005228,0.0035012894023137,0.0017930546309145,0.9984644416852696,0,Calm/Bull,0.6917
2016-02-26,sp500,-0.0018718653295646,0.0127577001743561,0.0127758964316505,0.0088190401735108,0.9256191134532686,0.0031321229927611,0.0014237938285567,0.9985757353785882,0,Calm/Bull,0.8401
2016-02-29,sp500,-0.0081541310915717,0.0116987891509837,0.0127137897596301,0.0136940018553489,0.9861798379272292,-0.0013688494453684,-0.0002068452757496,0.9201653772921936,0,Calm/Bull,0.6299
2016-03-01,sp500,0.0235883854016189,0.0128506657233963,0.0130504531542266,0.0208557688350388,1.030447012713853,0.005855343149113,0.0009947407366084,0.9846911499187556,1,Transition,0.9789
2016-03-02,sp500,0.0040859498611017,0.011973889920619,0.0129410318021452,0.0089153824021855,0.9955413428451352,0.005786541114407,0.002145086665575,0.9252654737031138,0,Calm/Bull,0.5289
2016-03-03,sp500,0.0034926343203169,0.0119599716286467,0.0126610678386682,0.0081869901119618,1.0851498975805305,0.0042281946323802,0.0020707373805122,0.9446258231173617,0,Calm/Bull,0.7392
2016-03-04,sp500,0.0033004398659416,0.0119622981338425,0.012645309112256,0.0111800486306144,1.2801976732719988,0.0052626556714815,0.0021594809591831,0.9459870081189676,0,Calm/Bull,0.5987
2016-03-07,sp500,0.0008846228008639,0.0109259816926477,0.0126230394565161,0.0083626359567124,1.0508683945013315,0.0070704064499686,0.0031364200130439,0.8655587055942908,1,Transition,0.8302
2016-03-08,sp500,-0.0113037560560061,0.0106962465477163,0.012665681740455,0.0098268802865259,0.9922402967368502,9.197815844361847e-05,0.0032839851063964,0.8445061834730806,1,Transition,0.9349
2016-03-09,sp500,0.0050396727828142,0.0106614275773362,0.0126813088307288,0.0064596762227434,0.8739205762250675,0.0002827227427861,0.0035691607778751,0.8407198120987246,1,Transition,0.9029
2016-03-10,sp500,0.0001557927971226,0.0106553083553942,0.0124311414634546,0.0180088948978734,0.9481831088574884,-0.0003846455618527,0.0035863988242693,0.85714641625783,1,Transition,0.9818
2016-03-11,sp500,0.0162625455888514,0.010316068661351,0.0125964679127076,0.0136782572266443,0.8974124982548992,0.0022077755827292,0.0050183984701747,0.8189651839579499,1,Transition,0.9982
2016-03-14,sp500,-0.0012617686166117,0.00982858673476,0.0125207161671859,0.0061990737805404,0.7777718064772356,0.001778497299234,0.0039888092789918,0.7849859867056698,1,Transition,0.9678
2016-03-15,sp500,-0.0018386309343179,0.0094568174202394,0.0123743224888629,0.0053126649497511,0.802969218814119,0.0036715223235717,0.0030777908451917,0.7642291065834655,1,Transition,0.9588
2016-03-16,sp500,0.0055847278817796,0.0089549826596449,0.0122460529813443,0.0108424249890979,0.924957836197546,0.0037805333433648,0.0025397217079986,0.7312546069567833,1,Transition,0.989
2016-03-17,sp500,0.0065735830685963,0.008830302140659,0.0120483417748823,0.0118004873384778,1.0317962261211735,0.0050640913976595,0.0031022324676251,0.7329060135949943,1,Transition,0.9905
2016-03-18,sp500,0.0043959672510261,0.0088031707226381,0.0120209043094567,0.0054645697241717,1.4422956114504228,0.0026907757300944,0.0033233324942665,0.7323218366951648,1,Transition,0.9652
2016-03-21,sp500,0.0009850919042923,0.0084210022974495,0.0119689981156995,0.0052495110880726,0.7545515327903435,0.0031401478342753,0.0026550505345274,0.7035678522167873,1,Transition,0.9769
2016-03-22,sp500,-0.0008777728967722,0.0076858632515576,0.0118610758442669,0.0078203488073639,0.7679574350932461,0.0033323194417844,0.0032377907682282,0.6479903975382284,1,Transition,0.9976
2016-03-23,sp500,-0.0064065095306671,0.0079739615445813,0.0118874610368755,0.0067216558759603,0.8238883734491581,0.000934071959295,0.0026959672899632,0.6707876071976733,1,Transition,0.9936
2016-03-24,sp500,-0.0003781417793768,0.0077357203861407,0.0118846408144551,0.0066554265931664,0.7776711536289168,-0.0004562730102995,0.0021128418644718,0.6509006462132095,1,Transition,0.9964
2016-03-28,sp500,0.0005451068880723,0.0076889320378042,0.0118012468822187,0.0052576435291679,0.6525204274859093,-0.0012264450828903,0.0022336904753537,0.6515355635334948,1,Transition,0.9954
2016-03-29,sp500,0.0087780120542374,0.0074121531647038,0.011823509046234,0.013430520233219,0.8958533796033765,0.0003321389470987,0.0030802976326441,0.626899606176113,1,Transition,0.9998
2016-03-30,sp500,0.0043408799935662,0.0056491469171091,0.0117718688771553,0.0067540113549435,0.8537746959463115,0.0013758695251664,0.0021179223622415,0.4798853075973311,1,Transition,1.0
2016-03-31,sp500,-0.0020418423596207,0.0057027111528342,0.0115970756818807,0.0050782919140729,0.8936003076735841,0.0022488029593756,0.0018115327512054,0.4917369955379541,1,Transition,1.0
2016-04-01,sp500,0.0063109590665997,0.0057807255159473,0.0116205559382257,0.0149992220357175,0.9166287283209088,0.003586623128571,0.0019524489885195,0.4974568812952987,1,Transition,1.0
2016-04-04,sp500,-0.0032134800458546,0.0058833715185279,0.0114923980806779,0.0055417383326787,0.8795953121189223,0.0028349057417856,0.0016267529929297,0.5119359316676986,1,Transition,1.0
2016-04-05,sp500,-0.0101962984117945,0.0064512813685434,0.0111238917619746,0.0097497718907441,1.0593358027848447,-0.0009599563514207,0.0010727069322968,0.5799482327395713,1,Transition,0.9922
2016-04-06,sp500,0.0104527979320131,0.0060780168321091,0.0110830344781378,0.0117291249337421,0.9672866382250492,0.0002624272362686,0.0021605346316978,0.5484072835917397,1,Transition,0.9987
2016-04-07,sp500,-0.0120480739700048,0.0068090460382354,0.0112144276795297,0.0143052144553639,0.9833003842017484,-0.0017388190858082,0.0013061472940568,0.6071683935029816,1,Transition,0.9958
2016-04-08,sp500,0.0027827026046165,0.0068110240300678,0.0111817632512545,0.0092498249814787,0.8806235582195232,-0.0024444703782048,0.0014374927844315,0.6091189624591381,1,Transition,0.9812
2016-04-11,sp500,-0.0027435458896039,0.0058984754341611,0.0106529802778716,0.0103085357217624,0.9415302743398668,-0.0023504835469547,0.0004871882105087,0.5536925142359852,1,Transition,0.9515
2016-04-12,sp500,0.0096157538813899,0.006221372639794,0.0105211878653635,0.0122761863654637,1.1078494904625034,0.0016119269116821,0.0010310643354088,0.5913184632198454,1,Transition,0.938
2016-04-13,sp500,0.0099900697685578,0.0064906280303322,0.0101368716722246,0.0082884386498205,1.0863666726922032,0.0015193812789911,0.0016224993705526,0.6402989245801375,0,Calm/Bull,0.6842
2016-04-14,sp500,0.0001729124301324,0.0064292688154829,0.0101376791277251,0.004662136635429,0.9796697207610784,0.0039635785590185,0.0013519085979702,0.6341953354885566,0,Calm/Bull,0.6711
2016-04-15,sp500,-0.0009847695761459,0.0063275180068374,0.0099895746674883,0.0033209076498327,0.9734078426200606,0.003210084122866,0.0009739909657331,0.6334121539158896,0,Calm/Bull,0.7281
2016-04-18,sp500,0.0065197256137979,0.0064053100176446,0.0099985692881422,0.0100318042361428,0.9104165217070282,0.0050627384235464,0.0010801788838717,0.6406226564075526,1,Transition,0.5003
2016-04-19,sp500,0.0030797379028665,0.0064207793823706,0.0097113048961165,0.0058882886995363,1.0620186538619294,0.0037555352278417,0.0011849111838004,0.6611654613931702,0,Calm/Bull,0.9126
2016-04-20,sp500,0.0007612550492345,0.006403503350092,0.0094407384787825,0.0070062695742751,1.1287338291093831,0.001909772283977,0.0012668625811008,0.6782841580119527,0,Calm/Bull,0.9739
2016-04-21,sp500,-0.005207562857292,0.006333112311592,0.0093472995281724,0.0072962734083664,1.1180686899046346,0.0008336772264922,0.0013268099147695,0.6775339008345896,0,Calm/Bull,0.9782
2016-04-22,sp500,4.785857954074228e-05,0.0063277904262685,0.0092050276334865,0.0062728256616698,1.0098733988362922,0.0010402028576295,0.0013481099327154,0.6874276404395577,0,Calm/Bull,0.9865
2016-04-25,sp500,-0.0018136896207629,0.0063654150580961,0.0092028748058679,0.0056759048728727,0.8784582908017288,-0.0006264801892826,0.0012301701072736,0.6916768066906104,0,Calm/Bull,0.9862
2016-04-26,sp500,0.0018710001742369,0.0061168751604314,0.0087015033424049,0.0052923787435062,0.944605196963032,-0.0008682277350085,0.0008848195132736,0.7029676275158332,0,Calm/Bull,0.9923
2016-04-27,sp500,0.0016479941117468,0.0060662247539507,0.0086987823558455,0.0083907284937985,1.081456408387076,-0.0006908799225061,0.0007501752191826,0.6973648156485149,0,Calm/Bull,0.9923
2016-04-28,sp500,-0.0092736360615616,0.0064451085531167,0.0084030483585604,0.013334520432653,1.127931110423975,-0.00150409456336,0.0003885855340856,0.7669964848590846,0,Calm/Bull,0.9847
2016-04-29,sp500,-0.0050759492305571,0.0063971729318286,0.0084316539295522,0.0104440361445854,1.2160827140549273,-0.0025288561253796,-0.0001807598807722,0.7587091435770436,0,Calm/Bull,0.9936
2016-05-02,sp500,0.0077796066972441,0.0065921813957074,0.0084732851117703,0.0083163089902724,0.9883160256476232,-0.0006101968617781,0.0003688944563827,0.7779959376735986,0,Calm/Bull,0.9931
2016-05-03,sp500,-0.0087144993883958,0.0064744648732524,0.0081664688897097,0.0108027342631494,1.0735564388266994,-0.0027272967743047,0.0004429844075526,0.792810817097549,0,Calm/Bull,0.9939
2016-05-04,sp500,-0.0059545827054725,0.0061717847103472,0.0079619226847792,0.0071911926933978,1.0399014151648618,-0.0042478121377486,-0.0003773846243216,0.7751626026394108,0,Calm/Bull,0.9929
2016-05-05,sp500,-0.0002390366927941,0.0055277723979281,0.0079599835809609,0.0070514728468053,1.0243623146351877,-0.0024408922639951,0.0002130672395389,0.6944452010114369,0,Calm/Bull,0.9943
2016-05-06,sp500,0.0031696105535526,0.0055379063284581,0.0079583114638275,0.0088812722932289,0.9647559812977592,-0.0007917803071731,0.0002324126369857,0.695864487539761,0,Calm/Bull,0.9938
2016-05-09,sp500,0.0007532133076099,0.005494031505548,0.0077407447402383,0.0047796628098734,0.9600982038990384,-0.0021970589851,0.0004072505968464,0.7097548995497409,0,Calm/Bull,0.9945
2016-05-10,sp500,0.0124063652360373,0.0057687730397167,0.0075262144778449,0.0106699012762394,0.9198031168607536,0.0020271139397866,0.0005467811645787,0.7664906516680327,0,Calm/Bull,0.985
2016-05-11,sp500,-0.0096075228778687,0.0057446863976665,0.0074231942834229,0.0091210672433913,0.9811002447372758,0.0012965259053074,-0.0004330984677425,0.7738833416357238,0,Calm/Bull,0.9892
2016-05-12,sp500,-0.0001694792679642,0.0057432953983138,0.0071620418452729,0.0101061020663911,0.9707316847823856,0.0013104373902733,-0.0004502180526473,0.8019075456958491,0,Calm/Bull,0.995
2016-05-13,sp500,-0.0085144341617524,0.0060202921869031,0.0072317332183983,0.0115605974509223,0.9201940132175648,-0.0010263715527876,-0.0008267012819277,0.8324826158668102,0,Calm/Bull,0.9942
2016-05-16,sp500,0.0097489763896127,0.0062659817114129,0.0073159371318226,0.0122660982424298,0.8978818859222569,0.0007727810636129,-0.0006652387431369,0.8564838104140321,0,Calm/Bull,0.9922
2016-05-17,sp500,-0.0094558635521628,0.0064944558485618,0.0072383249830556,0.0121482386231642,1.050835459405491,-0.0035996646940271,-0.0012920188158884,0.897231868390112,0,Calm/Bull,0.9975
2016-05-18,sp500,0.0002051576864012,0.0064863878533977,0.0070227756690238,0.0127562680392519,1.0500035074190874,-0.001637128581173,-0.0013198236840301,0.9236216788196754,0,Calm/Bull,0.9987
2016-05-19,sp500,-0.0037135945227206,0.0064477468369273,0.0070352560225446,0.0089703762707629,0.988993670267741,-0.0023459516321243,-0.0012451252673015,0.9164907170777268,0,Calm/Bull,0.9993
2016-05-20,sp500,0.0060014592228046,0.0066449991394483,0.0069357743181485,0.0080251092543297,0.9050987457274134,0.000557227044787,-0.0009474452351383,0.9580760322694852,0,Calm/Bull,0.9998
2016-05-23,sp500,-0.0020876365681016,0.0066471607009299,0.006937258886249,0.004062453956312,0.7911200305627294,-0.0018100955467558,-0.0009611425825052,0.9581825919897276,0,Calm/Bull,0.9998
2016-05-24,sp500,0.0135886375339901,0.0073853342577485,0.0070270817868123,0.0130150471415323,0.9383329608291116,0.0027988046704747,-0.0003752607145176,1.0509816851155147,0,Calm/Bull,0.9997
2016-05-25,sp500,0.0069505296515834,0.0075550188272199,0.0064315370614164,0.0075578790804745,1.0014218874657617,0.0041478790635111,-0.0001101339375257,1.1746832452452869,0,Calm/Bull,0.9999
2016-05-26,sp500,-0.0002104660499285,0.0072417689135062,0.0064195895883485,0.0034543659948254,0.8503191535837471,0.0048485047580695,0.0003430245630558,1.1280735028061513,0,Calm/Bull,1.0
2016-05-27,sp500,0.0042776949394394,0.0071751139509303,0.00642586878883,0.0042876333924573,0.8280714096791965,0.0045037519013965,0.0008107067715556,1.116598266588126,0,Calm/Bull,1.0
2016-05-31,sp500,-0.0010057686205899,0.0069926194913679,0.0064222055962401,0.0070674401890673,1.2031610358344986,0.0047201254908988,0.0003714380056639,1.0888190025342277,0,Calm/Bull,0.9999
2016-06-01,sp500,0.0011343986539261,0.0066578629045494,0.006422349563436,0.0075594939605919,0.9476993322200756,0.002229277714886,0.00086388290778,1.0366709003904462,0,Calm/Bull,1.0
2016-06-02,sp500,0.0028206961669861,0.0064714067433009,0.0062273283656598,0.007918224731232,0.9822352590152312,0.0014033110179666,0.001302646851403,1.039194717751993,0,Calm/Bull,1.0
2016-06-03,sp500,-0.0029160622366948,0.0065323703864071,0.0062251733883076,0.0089131983164527,0.9859748262209108,0.0008621917806133,0.0011687955742079,1.0493475408534862,0,Calm/Bull,1.0
2016-06-06,sp500,0.0048853285193636,0.006571179364559,0.0062455519550195,0.0059400637234823,0.9400143513849906,0.0009837184965982,0.0012545814724985,1.052137491111223,0,Calm/Bull,1.0
2016-06-07,sp500,0.0012886156291976,0.0065701198502554,0.0059147265798224,0.0042800583127313,0.9686917387440248,0.0014425953465557,0.0012813515885779,1.11080702744043,0,Calm/Bull,1.0
2016-06-08,sp500,0.0033041019719547,0.0060539071886133,0.0059180993555883,0.0036996901813335,0.9766919490900356,0.0018765360101614,0.0008262384253738,1.0229478798622698,0,Calm/Bull,1.0
2016-06-09,sp500,-0.0017192355978938,0.0055765055176444,0.0059172166371247,0.0046844745404677,0.9088069188558544,0.0009685496571854,0.0012206527893725,0.9424203742444384,0,Calm/Bull,1.0
2016-06-10,sp500,-0.0092175324101661,0.0060427457240192,0.0060221321686507,0.0093556545260073,0.9744660135498906,-0.0002917443775087,0.0007682501322624,1.0034229662835643,0,Calm/Bull,1.0
2016-06-13,sp500,-0.0081482987897094,0.0060136277519346,0.0060725260762231,0.009456271438016,0.9428272866590702,-0.0028984698393234,0.0007865569008646,0.9903008528001008,0,Calm/Bull,1.0
2016-06-14,sp500,-0.0018005050719719,0.0056513112427925,0.0060545456511504,0.008287854694853,1.041302350108374,-0.0035162939795573,0.0002090828277853,0.9333997245059558,0,Calm/Bull,0.9998
2016-06-15,sp500,-0.0018424090638101,0.0052047966363379,0.0060593966280119,0.0076513895803161,0.9894736254441816,-0.0045455961867103,0.000589755552203,0.8589628565122636,0,Calm/Bull,0.9984
2016-06-16,sp500,0.0031280931110455,0.0052343818664695,0.006069818422882,0.0140761024535546,1.019529737454823,-0.0035761304449224,0.0007359023234352,0.8623621831481644,0,Calm/Bull,0.9919
2016-06-17,sp500,-0.0032632841446089,0.005215168404239,0.0060249888501327,0.0074158532162258,1.3703742953583369,-0.0023852807918109,0.0007584178423408,0.8655897187467915,0,Calm/Bull,0.9993
2016-06-20,sp500,0.0057913827784231,0.0052042527889361,0.0060660717081095,0.0120388018645745,0.9599617725118392,0.0004026555218155,0.0007479140201217,0.8579280033862272,0,Calm/Bull,0.9968
2016-06-21,sp500,0.0027083906042097,0.0051771447231194,0.0060734767998883,0.0050935387407443,0.8928312763804773,0.0013044346570518,0.0009877153787372,0.8524186217710673,0,Calm/Bull,0.9995
2016-06-22,sp500,-0.0016529289965758,0.0042663198626425,0.0059786976593878,0.0073604516411431,0.8805406046156842,0.0013423306704987,0.0002256370522089,0.7135868220303017,0,Calm/Bull,0.9862
2016-06-23,sp500,0.0132755670719551,0.0049678143365483,0.0061899762026006,0.0097098493685247,0.9238158771767528,0.0033718254626806,0.0005418889232275,0.8025579055475488,0,Calm/Bull,0.9862
2016-06-24,sp500,-0.0365807928055826,0.0096798538312233,0.0078134505578231,0.0349660162213594,2.005538993306511,-0.0032916762695141,-0.0012766274145551,1.2388705552800163,2,Stress/Bear,1.0
2016-06-27,sp500,-0.0182622465117027,0.0102919236219305,0.0081059085187409,0.0198795808553647,1.390539338943228,-0.0081024021275392,-0.0024036244871122,1.269681689367152,0,Calm/Bull,0.9453
2016-06-28,sp500,0.0176141216040879,0.0112249048452247,0.0084311449098164,0.0144492249207402,1.1247376844735624,-0.0051212559275636,-0.0014726299758783,1.3313618690334008,0,Calm/Bull,0.9732
2016-06-29,sp500,0.0168892429712539,0.011947081367385,0.0086124132909747,0.0146998175167421,1.077887206496282,-0.0014128215339976,-0.0006848877600119,1.3871932249123242,0,Calm/Bull,0.9977
2016-06-30,sp500,0.0134738631494661,0.0123425428606849,0.0086818779648121,0.0137884089101099,1.1601307538094388,-0.0013731623184954,-0.0001522294108879,1.4216443620504229,0,Calm/Bull,0.9987
2016-07-01,sp500,0.001946706293032,0.0123331247468385,0.0085323734051662,0.0051404259943162,0.8698773934334868,0.0063323375012274,9.090901559838784e-05,1.4454506573013977,0,Calm/Bull,0.9998
2016-07-05,sp500,-0.0068710289855987,0.0123726882575797,0.0085793160989836,0.0067941591412721,0.917550890192756,0.0086105810064482,-0.0004969088596497,1.44215321067905,0,Calm/Bull,0.9952
2016-07-06,sp500,0.0053386870582759,0.0124364295260119,0.0085936775272174,0.0127158974821678,0.975918573015716,0.0061554940972858,-0.0002944052881958,1.4471603672146092,0,Calm/Bull,0.9998
2016-07-07,sp500,-0.000871957886733,0.012407856480683,0.0085106500140961,0.0093856649332398,0.8993453295944507,0.0026032539256884,-0.0005032082811301,1.4579211294239462,0,Calm/Bull,1.0
2016-07-08,sp500,0.0151381865659924,0.0128843214037903,0.0086351419134182,0.0116155647536069,0.8965338992949503,0.0029361186089937,0.0003396628270641,1.492079867705392,0,Calm/Bull,0.9998
2016-07-11,sp500,0.0034028193119982,0.0126993333966296,0.008643919270229,0.005352871042279,0.8111557287402732,0.0032273412127869,0.0009706804131723,1.4691638132679057,0,Calm/Bull,0.9998
2016-07-12,sp500,0.0069848423073457,0.0125776578634495,0.0086829618154711,0.0073879501971885,1.0127986997644114,0.0059985154713758,0.001727337468025,1.448544647638421,0,Calm/Bull,0.9997
2016-07-13,sp500,0.0001347586749817,0.0125565152750661,0.0086477677959175,0.0047574093278706,0.8683803669253677,0.004957729794717,0.0018241006553727,1.4519949623293316,0,Calm/Bull,0.9994
2016-07-14,sp500,0.0052454228016969,0.012547605611151,0.0086634101629094,0.0051346539211438,0.8601218899595157,0.006181205932403,0.0021784922486481,1.4483448636509164,0,Calm/Bull,0.9995
2016-07-15,sp500,-0.0009293790598711,0.0125642343121014,0.0086652689809682,0.0061339521984729,0.7798849328808439,0.0029676928072303,0.0019756186401022,1.449953179722007,0,Calm/Bull,0.9994
2016-07-18,sp500,0.0023794618218687,0.0125036092704299,0.0086364136681136,0.0040242999303369,0.7702831862121995,0.0027630213092044,0.0022577559384261,1.4477779493812717,0,Calm/Bull,0.9986
2016-07-19,sp500,-0.0014362045004153,0.0125005506723962,0.0086401180342534,0.0025972478582775,0.7646807424281964,0.0010788119476521,0.0018963765744842,1.4468032291732844,0,Calm/Bull,0.9951
2016-07-20,sp500,0.0042612083157639,0.0125106777034398,0.0086473548263186,0.0049424258119314,0.8276385607737882,0.0019041018758086,0.0019740174600619,1.446763542692047,0,Calm/Bull,0.9991
2016-07-21,sp500,-0.0036190698565249,0.012548345823098,0.0086634287991726,0.0068401368613714,0.8830623510479063,0.0001312033441642,0.0018757104170645,1.4484271890474134,0,Calm/Bull,0.9984
2016-07-22,sp500,0.0045436267895102,0.0122798666673472,0.008677558973394,0.0054574497949976,0.7790842343210612,0.0012258045140405,0.0014391134029422,1.4151291515273017,0,Calm/Bull,0.9995
2016-07-25,sp500,-0.0030160187399297,0.0085320220759646,0.0085937900150121,0.0054231580976287,0.8367871701611489,0.0001467084016808,0.0031173521062249,0.9928124914688808,0,Calm/Bull,0.9988
2016-07-26,sp500,0.0003227321607194,0.0069455218641927,0.0085601896241065,0.006159059111233,0.9685568956659094,0.0004984957339077,0.004046601039846,0.8113747672870762,0,Calm/Bull,0.9807
2016-07-27,sp500,-0.0011992609468086,0.0062505136248959,0.0085147864889883,0.0073433298265826,1.130400967694524,-0.0005935981186067,0.0031059319123011,0.7340775523824767,0,Calm/Bull,0.9878
2016-07-28,sp500,0.0016049204480924,0.0053454473341606,0.0084258081566208,0.0060413569522912,1.0452200644576717,0.0004511999423167,0.0023417157861431,0.6344136057691178,0,Calm/Bull,0.9942
2016-07-29,sp500,0.0016299801176578,0.0046592879584925,0.0083789037977325,0.0062569456409735,1.1617504611302274,-0.0001315293920537,0.0017495216345527,0.556073690660279,0,Calm/Bull,0.9961
2016-08-01,sp500,-0.001270594147491,0.0047074128986217,0.0083824772242905,0.005564701975233,1.0077963590162604,0.000217555526434,0.0015886566125265,0.5615777738090064,0,Calm/Bull,0.9958
2016-08-02,sp500,-0.0063819408126676,0.0046622062221399,0.0084301609999991,0.0104865823561336,1.1033039348283131,-0.0011233790682434,0.0016131110211731,0.5530388117309255,0,Calm/Bull,0.9919
2016-08-03,sp500,0.003129042716071,0.0045949696521926,0.0084355620360296,0.00518995848304,1.0873823154526672,-0.0002577183356674,0.0015026288040628,0.5447141082676857,0,Calm/Bull,0.9954
2016-08-04,sp500,0.000212549299489,0.0045718130192173,0.0082976932793488,0.0042138722637749,1.063577211714145,-0.0005361925653881,0.0015568541633739,0.5509739713560611,0,Calm/Bull,0.9961
2016-08-05,sp500,0.00856669728938,0.0036967560361554,0.0082493481264339,0.0064502592317042,1.049513724572234,0.0008511508689563,0.0012282796995433,0.4481270494949448,0,Calm/Bull,0.9968
2016-08-08,sp500,-0.0009075772915415,0.0036889478263308,0.0082515648138867,0.0034801590744353,0.9523707306741768,0.0009237542401461,0.0010127598693663,0.4470603951534884,0,Calm/Bull,0.9977
2016-08-09,sp500,0.0003897179865559,0.0034113279907098,0.0081586094378806,0.004147975802803,0.9648447865306592,0.0022780859999909,0.0006830036533268,0.418126154546751,0,Calm/Bull,0.9978
2016-08-10,sp500,-0.0028687970634882,0.0035016512117465,0.0080933508792188,0.0052447550485606,0.9452664872036396,0.001078518044079,0.0005328258664033,0.4326577784657373,0,Calm/Bull,0.9979
2016-08-11,sp500,0.0047234151024436,0.0034664444595713,0.007993564890709,0.0047945961329592,0.9947293143459242,0.0019806912046699,0.0005067254814407,0.4336543841159577,0,Calm/Bull,0.9976
2016-08-12,sp500,-0.000796363386914,0.0034636705987887,0.0079964925829498,0.0031410028472359,0.8735034718492455,0.0001080790694111,0.0005133762650885,0.4331487290032629,0,Calm/Bull,0.998
2016-08-15,sp500,0.0027890162945217,0.0034764708497675,0.0079745279351705,0.0035294298625303,0.8952697299123903,0.0008473977866238,0.0005338539887212,0.43594691473022,0,Calm/Bull,0.998
2016-08-16,sp500,-0.0054941422164782,0.0037081943874719,0.0079948762470314,0.0037187971532786,0.9264752982914816,-0.000329374253983,0.000330957102918,0.4638213616938577,0,Calm/Bull,0.9968
2016-08-17,sp500,0.0018668460061555,0.0036120328018693,0.0079853544664778,0.0066813054232576,0.9797602862745352,0.0006177543599457,0.0002112389874376,0.4523321809986654,0,Calm/Bull,0.9973
2016-08-18,sp500,0.0021972016963824,0.0035203929922378,0.0078159957884818,0.0030041189841431,0.9561323997298958,0.0001125116787334,0.000502052565083,0.4504087626845607,0,Calm/Bull,0.9978
2016-08-19,sp500,-0.0014413095687681,0.0034114476830321,0.0077803057441287,0.0045195532050281,0.8928310425498477,-1.6477557637331607e-05,0.000202805747169,0.4384721880122222,0,Calm/Bull,0.9981
2016-08-22,sp500,-0.0005634818833231,0.0033328283341195,0.0077811608384235,0.004210470741188,0.8071709784029345,-0.0006869771932063,0.0003254325899994,0.4283201958327339,0,Calm/Bull,0.9984
2016-08-23,sp500,0.0019498671783617,0.003352560305284,0.0077689254955458,0.003027058092499,0.8890517369012053,0.0008018246857616,0.0004067893408815,0.4315346191962035,0,Calm/Bull,0.9981
2016-08-24,sp500,-0.0052540552596718,0.0035703254136651,0.0078038604677812,0.0070835842516588,0.9318053439966424,-0.0006223555674038,0.0002040496252383,0.457507592351952,0,Calm/Bull,0.9975
2016-08-25,sp500,-0.0013661603966454,0.0035707805575326,0.0078077018818596,0.0042624339532886,0.8879669563646738,-0.0013350279860093,5.5495583001485185e-05,0.4573407913830532,0,Calm/Bull,0.9973
2016-08-26,sp500,-0.0015800642387132,0.003568427614459,0.0078068782078432,0.0127014939014369,1.0100398384221532,-0.0013627789199983,-0.000105006634817,0.457087650076833,0,Calm/Bull,0.993
2016-08-29,sp500,0.0052144284286743,0.0037471031365813,0.0078171800310526,0.0060952860404109,0.8127151635062795,-0.0002071968575989,0.0002192444939911,0.4793420545128191,0,Calm/Bull,0.9965
2016-08-30,sp500,-0.0019555914071227,0.0034561119902839,0.0078039837572858,0.0054501161623391,0.9324975135363792,-0.0009882885746958,0.0004405619642684,0.4428650927236119,0,Calm/Bull,0.9984
2016-08-31,sp500,-0.0023786911055626,0.003450041908401,0.0078122103071312,0.0057301834155757,1.1684337164009266,-0.0004132157438739,0.0001651752731867,0.4416217399129354,0,Calm/Bull,0.9985
2016-09-01,sp500,-4.138538941144249e-05,0.0034503256375106,0.0078034850682676,0.0075868411081932,1.0575265354324326,-0.0001482607424271,0.0001524785387417,0.4421518856416055,0,Calm/Bull,0.9981
2016-09-02,sp500,0.0041922415990346,0.0029978414020299,0.0078135602987194,0.0051743728832085,0.972355933885509,0.0010062004251224,-6.624424577554104e-05,0.3836716282232151,0,Calm/Bull,0.9984
2016-09-06,sp500,0.0029772423700053,0.0030655504069989,0.0077144654928826,0.0052458612955907,1.082462808933925,0.0005587632133886,0.0001279967373018,0.39737690314737,0,Calm/Bull,0.9988
2016-09-07,sp500,-0.0001463959382934,0.0030654853576405,0.0076275165351245,0.0040253454376235,1.042445791590923,0.0009206023071544,0.0001011910410593,0.401898225133185,0,Calm/Bull,0.9987
2016-09-08,sp500,-0.0022254881924702,0.0030359141836536,0.0076302043007973,0.0034153720281982,1.1620789387220198,0.0009512428897729,0.0001333564846102,0.3978811135288163,0,Calm/Bull,0.9988
2016-09-09,sp500,-0.0248277424108364,0.0062130719502219,0.0083131078127777,0.0193955373810597,1.3033801393035316,-0.004006028514512,-0.0013442013910537,0.7473825782304977,1,Transition,0.6672
2016-09-12,sp500,0.0145703872334344,0.007162071706642,0.0085046921340103,0.0204627662485633,1.2156885687723045,-0.001930399387632,-0.0005758638600363,0.8421318013383343,1,Transition,0.5986
2016-09-13,sp500,-0.0149417482782108,0.0077932067838318,0.0087262376361634,0.0141982449128666,1.2355470938464137,-0.0055141975172753,-0.0014624020886729,0.8930775333845011,0,Calm/Bull,0.984
2016-09-14,sp500,-0.0005878493998128,0.0077366309001671,0.0086987884080748,0.0100811355811554,1.0855051979289458,-0.0056024882095791,-0.0012170874478397,0.8893917793178377,0,Calm/Bull,0.9917
2016-09-15,sp500,0.0100585164494398,0.0081160241773202,0.0087840899538516,0.0134822755698947,0.9997038272366044,-0.0031456872811971,-0.0008075039256754,0.9239459317879118,0,Calm/Bull,0.9883
2016-09-16,sp500,-0.0037794277955721,0.0081095953273661,0.0087970369327956,0.0071430046956179,1.449065702927024,0.0010639756418557,-0.0011063354002732,0.9218553234820808,0,Calm/Bull,0.9934
2016-09-19,sp500,-1.8603233824686035e-05,0.0081127415705034,0.0086337592559451,0.0082745214587444,0.9071857151931996,-0.0018538224515961,-0.001035200083526,0.9396534383231792,0,Calm/Bull,0.9984
2016-09-20,sp500,0.0002990934842341,0.0081176725970241,0.0071572119237642,0.0054352482988963,0.8957341157672082,0.0011943459008928,-0.0009920713151481,1.1341948070687806,0,Calm/Bull,1.0
2016-09-21,sp500,0.0108580003336359,0.0085219129728605,0.0068209444733812,0.0118070369091233,1.0492535195167931,0.0034835158475826,-0.0005466646573844,1.2493743360787193,0,Calm/Bull,0.9996
2016-09-22,sp500,0.0064787519176421,0.0085844137438313,0.0065141878482945,0.0041567757889929,0.9979133324280772,0.002767562941223,3.997570148123551e-05,1.3178026092813282,0,Calm/Bull,0.9996
2016-09-23,sp500,-0.0057532929597187,0.0086777799235458,0.0062348402613642,0.0045179815870173,0.9274379971448352,0.0023727899083937,-0.0001793809266724,1.3918207299263006,0,Calm/Bull,0.9984
2016-09-26,sp500,-0.008624850117916,0.0088782881509771,0.0061215079526765,0.006290480120076,0.9038950356264712,0.0006515405315754,-0.0005316202206325,1.4503433173022562,0,Calm/Bull,0.9968
2016-09-27,sp500,0.0064234951652981,0.0089234742826127,0.006168145136945,0.0090650320168037,0.9541628238450576,0.0018764208677882,-0.0004711668838013,1.4467030338122535,0,Calm/Bull,0.999
2016-09-28,sp500,0.0052825766036424,0.0090064946342035,0.006123194070423,0.0094916399180924,1.0661764959727595,0.0007613361217895,-0.0001092584832631,1.4708817866328527,0,Calm/Bull,0.9989
2016-09-29,sp500,-0.0093651277300811,0.0092318163878896,0.0062256681723856,0.0127700195709286,1.1571070922840403,-0.002407439807755,-0.000458580314489,1.482863546894111,0,Calm/Bull,0.9976
2016-09-30,sp500,0.0079363925880277,0.0094212009345385,0.0062985198185165,0.0086659128675136,1.1296252283329824,0.0003304973017942,-5.969141561709117e-05,1.4957801524799406,0,Calm/Bull,0.9988
2016-10-03,sp500,-0.0032660231815271,0.0093916027926552,0.0060179209172666,0.0044604353118266,0.8455318859487092,0.0014022626890719,-0.0004326046546451,1.5606058839538597,0,Calm/Bull,0.9898
2016-10-04,sp500,-0.004967881786362,0.0094077999254877,0.0060404152710745,0.0099744482742452,1.005401860430385,-0.00087601270126,-0.0008298608624635,1.5574756872327065,0,Calm/Bull,0.997
2016-10-05,sp500,0.0042874862311969,0.0094767428358002,0.0059982238903475,0.0040746060422863,1.0427890945221694,-0.0010750307757491,-0.000608166753989,1.579924825922273,0,Calm/Bull,0.9717
2016-10-06,sp500,0.0004814438526045,0.0094717574352324,0.0059984653989563,0.0058543492502243,0.9267307634509512,0.000894283540788,-0.0004728201517352,1.5790301027460034,0,Calm/Bull,0.9942
2016-10-07,sp500,-0.0032587874416142,0.0075946933478023,0.005974394201793,0.0097551282238756,0.9732590827715,-0.0013447524651403,0.0006056275967258,1.271207270776192,0,Calm/Bull,0.9998
2016-10-10,sp500,0.0045953303173243,0.0069275806590288,0.0060035417748769,0.0042567711434584,0.7959762182367451,0.0002275182346299,0.0001068747509203,1.1539156249430425,0,Calm/Bull,1.0
2016-10-11,sp500,-0.0125245776977559,0.0066674247461629,0.0062088651537943,0.0153131050728024,0.9469243364181552,-0.0012838209476488,0.000227733279943,1.0738556211175545,0,Calm/Bull,0.9997
2016-10-12,sp500,0.0011459322063988,0.0066675337364106,0.0062093370597654,0.0058854740101124,0.8341315499504159,-0.0019121317526084,0.0003144223602536,1.0737915613591278,0,Calm/Bull,1.0
2016-10-13,sp500,-0.0031040764122339,0.0062942755450102,0.0061926175461084,0.0110055896301342,0.9948825005363828,-0.0026292358055761,-0.00034370728283,1.016415998266477,0,Calm/Bull,1.0
2016-10-14,sp500,0.0002015841591211,0.0062426417004324,0.006177674535909,0.0075996779556916,0.9200565729551432,-0.0019371614854291,-0.0001446566850953,1.0105164433875282,0,Calm/Bull,1.0
2016-10-17,sp500,-0.0030426181118402,0.0062759607788633,0.006155502063986,0.005257547980837,0.821130981500607,-0.003464751171262,-0.0002958574289961,1.019569275361316,0,Calm/Bull,1.0
2016-10-18,sp500,0.0061415056056986,0.0064389643558418,0.0062022879601,0.0041549318435081,0.919102529955039,0.0002684654894288,-3.7368229229371457e-06,1.0381595303643338,0,Calm/Bull,1.0
2016-10-19,sp500,0.0021895721553504,0.005941916957214,0.0062097524287646,0.0047988093378444,0.9792786638117624,0.0004771934792192,-0.0004371582318372,0.9568685749354688,0,Calm/Bull,0.9999
2016-10-20,sp500,-0.0013766711313809,0.005716037701668,0.0062102822237606,0.0064165380884966,0.9744247498260488,0.0008226745353898,-0.0008299293842883,0.9204151269967078,0,Calm/Bull,0.9997
2016-10-21,sp500,-8.414514015477906e-05,0.0055983943963465,0.0062058101818228,0.0058565429190766,1.0061415448817743,0.0007655286755346,-0.0005464719933101,0.9021214365764114,0,Calm/Bull,0.9997
2016-10-24,sp500,0.0047385946474273,0.0053765623433024,0.0062344564165363,0.0036629093012044,0.975795270459043,0.0023217712273881,0.000121700244957,0.8623947276368137,0,Calm/Bull,0.9993
2016-10-25,sp500,-0.0038049574647063,0.0052300547918411,0.0062505926447517,0.0044373775899274,1.0854816040749051,0.0003324786133071,-0.0003897223865432,0.8367294253661726,0,Calm/Bull,0.9984
2016-10-26,sp500,-0.0017419279211872,0.0050622560508888,0.0062014975482306,0.0066091870404382,1.0931155581453618,-0.0004538214020003,-0.0007409476127847,0.8162957433294767,0,Calm/Bull,0.9973
2016-10-27,sp500,-0.0029911959060088,0.0046766951585333,0.0061972060152433,0.0068493150684931,1.2180064959960648,-0.0007767263569259,-0.000422251021581,0.7546457463298814,0,Calm/Bull,0.9934
2016-10-28,sp500,-0.003113140139625,0.0042724788015816,0.0062079661902527,0.0100450356065455,1.1678011716945478,-0.00138252535682,-0.0009747276579637,0.6882252046233569,0,Calm/Bull,0.9699
2016-10-31,sp500,-0.0001222838841985,0.0042414613759011,0.0060981400009605,0.0036309625650641,1.125061746364844,-0.0023547010631452,-0.0008175406930972,0.6955336176658968,0,Calm/Bull,0.9679
2016-11-01,sp500,-0.006810019108735,0.0043548200176579,0.0061531905070528,0.015911131201945,1.2854385224900555,-0.0029557133919509,-0.0009096475592159,0.7077336566560692,0,Calm/Bull,0.8787
2016-11-02,sp500,-0.006546884453454,0.0043481620502979,0.0062004634180856,0.0084654519488868,1.2076894638307265,-0.0039167046984043,-0.0014513660934484,0.7012640438479445,0,Calm/Bull,0.9685
2016-11-03,sp500,-0.0044332130226093,0.0043719904855479,0.0062132160941395,0.0082972235089713,1.088939324248254,-0.0042051081217244,-0.0016970989372091,0.7036598147087936,0,Calm/Bull,0.9583
2016-11-04,sp500,-0.0016675202716929,0.0043565263363146,0.006173688582947,0.0073279188356913,1.0709547860841748,-0.0039159841481379,-0.0016175355787131,0.7056602026134386,0,Calm/Bull,0.9595
2016-11-07,sp500,0.0219801997294649,0.0067424376252208,0.0068375536437554,0.0147359216998029,1.030153103506598,0.0005045125745946,-0.0007482921081061,0.9860891740686468,0,Calm/Bull,0.9808
2016-11-08,sp500,0.0037648783971575,0.0062076748939775,0.0068464366682903,0.0108947904968233,1.0725119069236273,0.0026194920757732,6.61806966395693e-05,0.9067015726193364,0,Calm/Bull,0.9988
2016-11-09,sp500,0.011016119879656,0.0066729366956967,0.0069684951127469,0.0206863714014887,1.6398288898772926,0.0061320929423952,0.0005596900803024,0.9575864785339928,2,Stress/Bear,0.5173
2016-11-10,sp500,0.0019488457160953,0.0066223845527185,0.0069688982749494,0.0143623596220679,1.6275839370825638,0.0074085046901361,0.0008123361867188,0.9502771157563792,0,Calm/Bull,0.911
2016-11-11,sp500,-0.0013989283477976,0.0066398008725126,0.0069641556734966,0.0062047780930918,1.2305241565385587,0.0074622230749152,0.0007323105613729,0.9534251076238274,0,Calm/Bull,0.9985
2016-11-14,sp500,-0.0001155094571832,0.0065842414379373,0.0069621659268437,0.0070603593205891,1.2838818139778971,0.0030430812375856,0.0008786659941058,0.9457173970173168,0,Calm/Bull,0.9997
2016-11-15,sp500,0.0074529550220894,0.0066456565610278,0.0070306944392743,0.0066319354750938,1.0690757114364593,0.003780696562572,0.0009442384649253,0.9452347301433468,0,Calm/Bull,0.9998
2016-11-16,sp500,-0.0015835165223759,0.0066619783326225,0.0070287366311854,0.0032247189725938,0.8993802692858448,0.0012607692821656,0.000755584031039,0.947820167718956,0,Calm/Bull,0.9999
2016-11-17,sp500,0.0046654693611979,0.0066971025506834,0.0070215359813777,0.0052169774125953,0.8860344615576297,0.0018040940111861,0.0010576910556679,0.9537945213761236,0,Calm/Bull,0.9999
2016-11-18,sp500,-0.0023896513655484,0.0067375111789236,0.0070263732595573,0.0043585912238272,0.8311753544634795,0.0016059494076359,0.0009424157443982,0.958888879089823,0,Calm/Bull,0.9999
2016-11-21,sp500,0.0074337020708738,0.0068435514193005,0.0070865510912238,0.0055818995318059,0.835837876844502,0.0031157917132473,0.0010771711155706,0.9657097410580728,0,Calm/Bull,0.9999
2016-11-22,sp500,0.002163091103593,0.0067489292995023,0.0070610222002608,0.0046710483881513,0.914452220372521,0.002057818929548,0.0013755735439855,0.9558006062143536,0,Calm/Bull,0.9999
2016-11-23,sp500,0.0008076981569088,0.0067109161838907,0.0070559227005292,0.0046309558915293,0.7928953460913936,0.002536061865405,0.0015030548478903,0.9511039829542658,0,Calm/Bull,0.9999
2016-11-25,sp500,0.0039067456134237,0.0066447125165092,0.0070633778380697,0.0031988062496291,0.3789184566926422,0.0023843171158501,0.001847951923862,0.9407273218057226,0,Calm/Bull,1.0
2016-11-28,sp500,-0.0052683892547352,0.0067461080650621,0.0071000788142948,0.0048960745688324,0.8457449592087036,0.0018085695380128,0.0017401894681065,0.9501455183117156,0,Calm/Bull,0.9999
2016-11-29,sp500,0.0013344023532619,0.006732791967751,0.0070826480522221,0.005583654207225,0.8947835272735781,0.0005887095944904,0.0018130237799795,0.9506037739145676,0,Calm/Bull,0.9999
2016-11-30,sp500,-0.0026569305551563,0.0065133081650698,0.0070823853847133,0.006953778932719,1.3201409812553755,-0.0003752947372594,0.0020206782076584,0.9196489334127674,0,Calm/Bull,0.9995
2016-12-01,sp500,-0.0035217229667638,0.0063366020386791,0.0070977135196074,0.0069190334033675,1.1967875128093035,-0.0012411789619939,0.0021719362819929,0.8927666665010158,0,Calm/Bull,0.999
2016-12-02,sp500,0.0003969277200846,0.006161229062342,0.0070916139529166,0.0043704620076992,0.8944436292555668,-0.0019431425406617,0.0024134433191276,0.8688049156719825,0,Calm/Bull,0.9984
2016-12-05,sp500,0.0058044269267436,0.0061271919122659,0.0063296865142616,0.004286255942644,0.921296024420242,0.0002714206956339,0.0027870406790495,0.9680087471094484,0,Calm/Bull,0.9999
2016-12-06,sp500,0.0034050844688746,0.004155275735416,0.0060705804827356,0.0047780151488297,0.9102856670875172,0.0006855571187565,0.0018582849160199,0.6844939700961639,0,Calm/Bull,0.9874
2016-12-07,sp500,0.0130773587447233,0.0048447280987731,0.0059463868805039,0.0145893991331692,1.0556675505166808,0.0038324149787324,0.0023239089333982,0.8147347618193527,0,Calm/Bull,0.7359
2016-12-08,sp500,0.0021570150168711,0.0043920116010202,0.0059455191719873,0.0062861438325358,1.0095896448648862,0.0049681625754594,0.001880953690259,0.7387095178691007,0,Calm/Bull,0.9862
2016-12-09,sp500,0.0059214185329697,0.0044841077986313,0.0058611121928637,0.0046779941945114,0.9632478678023186,0.0060730607380364,0.0020795823311027,0.7650609050089509,0,Calm/Bull,0.9916
2016-12-12,sp500,-0.0011380822905995,0.0044738253929555,0.005835620125906,0.0051662024631272,1.0130076873810898,0.0046845588945678,0.0020926246339626,0.7666409561333384,0,Calm/Bull,0.9922
2016-12-13,sp500,0.0065184832012369,0.0045468267375799,0.0058791653347479,0.0062551551779077,0.9906810598385286,0.0053072386410403,0.0024243242668836,0.7733796344706674,0,Calm/Bull,0.9904
2016-12-14,sp500,-0.0081502954618586,0.0049585726835447,0.0059963229738766,0.0123198223943285,1.1291893081584656,0.0010617077997239,0.0016441617426862,0.8269355578655606,0,Calm/Bull,0.985
2016-12-15,sp500,0.0038757076875535,0.004921666127679,0.0058653552100091,0.008112225487101,1.0642423856047687,0.0014054463338604,0.0019171229531827,0.8391079400068182,0,Calm/Bull,0.9982
2016-12-16,sp500,-0.0017521567509802,0.0049422137661581,0.0058250989278229,0.006115868053547,1.4721972537432026,-0.0001292687229295,0.0015962416475738,0.8484343059913091,0,Calm/Bull,0.999
2016-12-19,sp500,0.0019731727152112,0.0048524930299978,0.0057672034960798,0.0040927676741168,0.8110006315295556,0.0004929822782325,0.0018143828516118,0.8413944528394427,0,Calm/Bull,0.9994
2016-12-20,sp500,0.0036309124011527,0.0046925868422559,0.0056457725775556,0.0028273203632327,0.8274655752421799,-8.453188178425387e-05,0.0016242433681257,0.8311682374367907,0,Calm/Bull,0.9991
2016-12-21,sp500,-0.0024603857246776,0.0047777558331062,0.0056159685974389,0.0026841479743272,0.7245240114938956,0.0010534500656519,0.0013930695267122,0.850744755817369,0,Calm/Bull,0.9996
2016-12-22,sp500,-0.0018647112223965,0.0048320500846403,0.0055948863630375,0.003140194270703,0.7361053775961962,-9.46337163380794e-05,0.0012594490577469,0.8636547323933376,0,Calm/Bull,0.9997
2016-12-23,sp500,0.0012509325350792,0.0047917949538279,0.0054376839719677,0.0021865769733331,0.5136249498281611,0.0005059841408738,0.0011266584038297,0.8812198315552159,0,Calm/Bull,0.9999
2016-12-27,sp500,0.0022458489045486,0.0045526015857734,0.0053610912937143,0.0033805958939161,0.5156134157493851,0.0005605193787412,0.0015023703117939,0.8491930721476776,0,Calm/Bull,0.9998
2016-12-28,sp500,-0.0083916407097715,0.0050624047123118,0.0054660755175115,0.009866996134411,0.6333635154673551,-0.0018439912434435,0.0010160681586422,0.9261497935938762,0,Calm/Bull,0.9998
2016-12-29,sp500,-0.0002933477318683,0.0049993431789014,0.0054174454828147,0.0044236553927403,0.6436228035171246,-0.0014105836448817,0.0011342472998066,0.9228229789778948,0,Calm/Bull,1.0
2016-12-30,sp500,-0.0046478346968542,0.005060508705964,0.0054412707792211,0.0089153532161834,0.7602905527662789,-0.0019672083397732,0.0010779417133021,0.9300233183191102,0,Calm/Bull,0.9999
2017-01-03,sp500,0.0084507667531571,0.0053173884159249,0.0055348022505764,0.0083044336160012,1.0738956664596488,-0.0005272414961576,0.0014806336649557,0.9607187710041764,0,Calm/Bull,0.9999
2017-01-04,sp500,0.0057059637705494,0.005313218438511,0.0055462260203249,0.004941085854068,1.0747057803692377,0.0001647814770424,0.001475710507146,0.9579880839763822,0,Calm/Bull,1.0
2017-01-05,sp500,-0.0007709676024811,0.0053154621595883,0.0055285660048778,0.0048700082979836,1.0804347394815763,0.0016889160985005,0.0012669079035782,0.96145404701662,0,Calm/Bull,1.0
2017-01-06,sp500,0.003510789180579,0.0045756846648066,0.0052547039080259,0.0079227921269585,0.970070190532086,0.00244974348099,0.000788579425371,0.8707787812397542,0,Calm/Bull,0.9993
2017-01-09,sp500,-0.0035549054715596,0.0046631977744081,0.0052883312156149,0.0029045300252415,0.948090071398347,0.0026683293260489,0.0005029834009495,0.8817900362668318,0,Calm/Bull,0.9997
2017-01-10,sp500,0.0,0.0044856686958594,0.0052628100398082,0.0061703912039214,1.0759039897485667,0.0009781759754175,0.000206912474301,0.8523333850033552,0,Calm/Bull,0.9991
2017-01-11,sp500,0.0028256423891019,0.0045106098847372,0.0052666859134158,0.0063683305201202,1.077919681739715,0.000402111699128,0.0004050987082861,0.8564417850032229,0,Calm/Bull,0.9992
2017-01-12,sp500,-0.0021471123937296,0.0043039279080327,0.0052560726923984,0.0077209834874633,1.036994665470778,0.0001268827408783,-2.818107146222847e-05,0.8188486270856221,0,Calm/Bull,0.9969
2017-01-13,sp500,0.0018481313951466,0.0038696218544631,0.0052152243081016,0.003152112955723,0.9432543691833046,-0.0002056488162081,0.000471740271388,0.7419856991485135,0,Calm/Bull,0.9829
2017-01-17,sp500,-0.0029719144562184,0.0038555002398876,0.0052381250043283,0.0040875086403387,1.1045969673817546,-8.90506131398904e-05,0.0001293591641994,0.7360458631097461,0,Calm/Bull,0.9763
2017-01-18,sp500,0.0017622004698093,0.003845306730303,0.0052303249210974,0.0038117657627975,1.06447227099578,0.0002633894808219,0.0003050770252389,0.7351946176024883,0,Calm/Bull,0.978
2017-01-19,sp500,-0.0036158376243193,0.0039200595442685,0.0052623508045812,0.0070328386076297,1.017954991236962,-0.0010249065218622,2.5626508262380657e-05,0.7449255456051755,0,Calm/Bull,0.9785
2017-01-20,sp500,0.0033605840612999,0.003907419874399,0.0052484243991115,0.0052612593012834,1.1321416053277251,7.663276914362059e-05,1.2110091269740058e-05,0.7444938856431838,0,Calm/Bull,0.9789
2017-01-23,sp500,-0.0026937496460698,0.0039155317568856,0.005233463666074,0.0065159853804469,1.0051566507478529,-0.0008317434390996,4.418952001326469e-07,0.7481721488329233,0,Calm/Bull,0.981
2017-01-24,sp500,0.0065431405289623,0.0041491273689455,0.0052711221666091,0.0078725436647615,1.1980883068878896,0.0010712675579364,0.000420834482768,0.7871430860071689,0,Calm/Bull,0.9893
2017-01-25,sp500,0.0079940527959686,0.0044808422014477,0.0053185511512567,0.0046424924931942,1.1745559760441038,0.0023176380231683,0.0007579904958125,0.8424930162397621,0,Calm/Bull,0.9984
2017-01-26,sp500,-0.0007356549352631,0.0044783324882043,0.005294338835285,0.0030086526268546,1.0753785737479422,0.0028936745609796,0.0006089153038219,0.8458719072450861,0,Calm/Bull,0.999
2017-01-27,sp500,-0.0008668394897415,0.0039695584244019,0.0052985613248463,0.0032247939951378,0.924103743783311,0.0020481898507712,0.0009851553648234,0.7491766502328916,0,Calm/Bull,0.99
2017-01-30,sp500,-0.0060276734960966,0.0042630083365713,0.0052792643427179,0.0078784565182627,1.039656301259257,0.0013814050807659,0.000698439076612,0.8075004507875417,0,Calm/Bull,0.9944
2017-01-31,sp500,-0.0008903016080325,0.0040944575017067,0.0051867394416468,0.005213165447001,1.1589508223851537,-0.000105283346633,0.0008863157310531,0.7894087504821067,0,Calm/Bull,0.9948
2017-02-01,sp500,0.0002983189881162,0.0036873094106548,0.0051325633192591,0.0073259857490122,1.1083274653363988,-0.0016444301082035,0.000478693342801,0.7184147922381727,0,Calm/Bull,0.9458
2017-02-02,sp500,0.000570146838691,0.0034769461793466,0.0051175784717298,0.0054015247964058,1.0767589548675327,-0.0013832697534126,0.0002219024962081,0.6794123819602806,0,Calm/Bull,0.8768
2017-02-03,sp500,0.0072384968545536,0.0038025833965017,0.0044243278464351,0.0045399518311557,1.0217475939429077,0.0002377975154463,0.0006223757190599,0.8594714335117886,0,Calm/Bull,0.9991
2017-02-06,sp500,-0.0021175975137091,0.003785802796128,0.0044328048579496,0.0033193735765936,0.8847714018131276,0.0010198127119238,0.0003409563843454,0.8540422864179817,0,Calm/Bull,0.9993
2017-02-07,sp500,0.0002268034638457,0.0036737617217635,0.0042405075803059,0.0040295104922503,0.978208575468143,0.0012432337262995,0.0005300418311157,0.8663495235394637,0,Calm/Bull,0.9995
2017-02-08,sp500,0.0006930821486096,0.0036717670938402,0.0042386997547176,0.0045889080588422,1.02381290835628,0.0013221863583981,0.0005646959385462,0.8662484503068814,0,Calm/Bull,0.9995
2017-02-09,sp500,0.0057360637359602,0.0038207414316278,0.0042716304397811,0.0062698375421399,1.0427200560331746,0.002355369737852,0.0007102170058891,0.8944456889448498,0,Calm/Bull,0.9997
2017-02-10,sp500,0.003559706822009,0.0038092001391091,0.0042806935597871,0.0035101603858688,0.9898976144192236,0.0016196117313431,0.000995557966676,0.8898558343191723,0,Calm/Bull,0.9998
2017-02-13,sp500,0.0052321335840112,0.0039225342658309,0.0042344510407998,0.0043638596585418,0.9455630711499988,0.0030895579508871,0.0011647580761193,0.926338320607904,0,Calm/Bull,1.0
2017-02-14,sp500,0.0039993271956725,0.0038445589591074,0.0042359664831255,0.0065923543728866,0.99593964414475,0.0038440626972525,0.0015133201587138,0.9075990035385536,0,Calm/Bull,0.9998
2017-02-15,sp500,0.0049798886657344,0.0039220665749557,0.0042405351626158,0.0070192573095136,1.06170689124997,0.0047014240006775,0.0016742045685101,0.9248989631149216,0,Calm/Bull,0.9999
2017-02-16,sp500,-0.0008644916015501,0.0037721378466219,0.0042232384089628,0.0052998617775578,1.0235828658259656,0.0033813129331754,0.0018117718696485,0.8931861006511966,0,Calm/Bull,0.9998
2017-02-17,sp500,0.0016771493272371,0.0037544994840798,0.0041442708451586,0.004925157971916,0.9795616298554288,0.003004801434221,0.0017276001329454,0.9059493513716196,0,Calm/Bull,0.9999
2017-02-21,sp500,0.0060298500200691,0.0037203920408109,0.0041905524671416,0.0049886485100627,0.9932715399596104,0.0031643447214326,0.0021637801162524,0.8878046677574746,0,Calm/Bull,0.9997
2017-02-22,sp500,-0.001082786146804,0.0036378035507422,0.0042005384818282,0.0028735979572873,0.9662099023739004,0.0021479220529373,0.001782483782464,0.8660326685446385,0,Calm/Bull,0.9996
2017-02-23,sp500,0.0004188989712592,0.0033391245697706,0.0041859099546922,0.0055714805963872,1.1161493033589496,0.0012357241140422,0.0014037260912286,0.7977057810399376,0,Calm/Bull,0.9847
2017-02-24,sp500,0.0014922502320316,0.0033009409522273,0.0041018325576925,0.0061123328993335,1.060346548480556,0.0017070724807586,0.0015151213495933,0.804747854964693,0,Calm/Bull,0.9859
2017-02-27,sp500,0.0010174652677336,0.0032559613839886,0.0041018721436697,0.0040805662517143,0.9857059872891696,0.0015751356688579,0.0016093365874671,0.7937744693026209,0,Calm/Bull,0.985
2017-02-28,sp500,-0.0025817061151949,0.0029025541157841,0.0041006835185407,0.0037357967060577,1.148581192237235,-0.0001471755581948,0.0017816349565121,0.707822025928259,1,Transition,0.5509
2017-03-01,sp500,0.0135812110837253,0.0038504347348784,0.0043532220099344,0.008702189517429,1.1812836467275485,0.0027856238879109,0.0025052105911,0.8845022666180197,0,Calm/Bull,0.9958
2017-03-02,sp500,-0.0058771169721052,0.0042623032423686,0.0044541035926147,0.0061211453798677,1.0403625678634687,0.001526420699238,0.002196438793089,0.9569385070962136,0,Calm/Bull,1.0
2017-03-03,sp500,0.0005037503685347,0.0042636622374454,0.0044173827985344,0.0035667526528337,0.9709676397809892,0.0013287207265387,0.0021931189695812,0.9652009870776738,0,Calm/Bull,1.0
2017-03-06,sp500,-0.0032826227635658,0.0042574436946572,0.0044475574753113,0.0045552235676469,0.8920509449477171,0.0004687031202788,0.0016670629886752,0.9572543397787556,0,Calm/Bull,1.0
2017-03-07,sp500,-0.0029176259020898,0.0042984356045698,0.004194869732277,0.0040576542958532,0.961892284321644,0.0004015191628998,0.0016270615692561,1.0246886980770835,0,Calm/Bull,1.0
2017-03-08,sp500,-0.0022868279640638,0.0043775522820259,0.004211834259885,0.0051122219506081,1.035285840388004,-0.002772088646658,0.0015013799978607,1.0393458080056115,0,Calm/Bull,1.0
2017-03-09,sp500,0.0007995756127663,0.004376582015289,0.0041587687801886,0.0061483457196339,1.007871450413874,-0.0014367501296836,0.0015067046710685,1.0523744518180458,0,Calm/Bull,1.0
2017-03-10,sp500,0.0032633397058585,0.0042847803047144,0.004163546760906,0.0058248620882326,0.9340098540976746,-0.0008848322622189,0.0013830684695634,1.0291178533039909,0,Calm/Bull,1.0
2017-03-13,sp500,0.0003665656191696,0.0042588188313326,0.0040963640847715,0.0024857707982722,0.8650745659499668,-0.0001549945856718,0.0012234114094214,1.0396582782192292,0,Calm/Bull,1.0
2017-03-14,sp500,-0.003384748980891,0.0042677861534319,0.0039653632235406,0.0043839934902712,0.869137295464124,-0.000248419201432,0.0007925672811763,1.0762661357466603,0,Calm/Bull,1.0
2017-03-15,sp500,0.0083398791246863,0.0045410557648996,0.0040645081714562,0.0088334472020286,1.0650548731459055,0.0018769222163179,0.001009594877627,1.1172460660283532,0,Calm/Bull,0.9998
2017-03-16,sp500,-0.0016280347991836,0.0044769185047238,0.0040631750356101,0.0045856463701741,0.923020271551332,0.0013914001339279,0.0006791987043811,1.1018276262990416,0,Calm/Bull,1.0
2017-03-17,sp500,-0.0013151792642314,0.0044862221500561,0.0040704353001257,0.0033932800838326,1.3905407727165346,0.0004756963399099,0.000656664321247,1.102148006115588,0,Calm/Bull,0.9982
2017-03-20,sp500,-0.0020119160803802,0.0045177839580859,0.0040698439079485,0.0041669525381945,0.8269398571392493,3.469446951953614e-18,0.0004722110508662,1.1100632015057366,0,Calm/Bull,1.0
2017-03-21,sp500,-0.0124855945901021,0.0051691053771845,0.0043960670905149,0.0170775116950068,1.145054183408731,-0.0018201691218422,-0.0004535611796423,1.175847699944702,0,Calm/Bull,0.9549
2017-03-22,sp500,0.0018881028474626,0.005192704978566,0.0043875249618571,0.0065405300267141,0.9554283875669456,-0.0031105243772869,-0.0003050167299289,1.1835157688466091,0,Calm/Bull,0.9993
2017-03-23,sp500,-0.00106083214483,0.0051923893581412,0.0043921525194481,0.0071570015439608,0.8807832448158411,-0.0029970838464162,-0.0003790032857334,1.1821969604083078,0,Calm/Bull,0.9995
2017-03-24,sp500,-0.0008443522139384,0.0051743253413873,0.0043905750126485,0.0087372676556112,0.8135210562857491,-0.0029029184363576,-0.0004958334080319,1.1785074452619493,0,Calm/Bull,0.9994
2017-03-27,sp500,-0.0010201075858456,0.0051630081878418,0.0042367751276701,0.0096728724898872,0.8897241972985291,-0.0027045567374507,-0.0005977120507109,1.218617470189174,0,Calm/Bull,0.9965
2017-03-28,sp500,0.0072253088296239,0.00542378273293,0.0043183362997013,0.0110872883681446,0.935348068126672,0.0012376239464944,-0.0001073613034699,1.2559889634591603,0,Calm/Bull,0.9677
2017-03-29,sp500,0.0010847362038301,0.0043839837194328,0.0042589734285735,0.0044132116964327,0.8778733773295917,0.0010769506177679,-0.0007321850474647,1.0293522119721723,0,Calm/Bull,1.0
2017-03-30,sp500,0.002930810911705,0.0042811409386811,0.0041510568081889,0.0049998072080278,0.9010201807612424,0.001875279229075,-0.0002917886532742,1.0313375934137083,0,Calm/Bull,1.0
2017-03-31,sp500,-0.0022575939382668,0.0042986255083789,0.0041185403126105,0.0032801178709695,0.9599506289207456,0.0015926308842093,-0.0004298558686143,1.043725490610583,0,Calm/Bull,1.0
2017-04-03,sp500,-0.0016434753080133,0.0042567945497209,0.004125219524017,0.0089620898115456,0.9753502758313848,0.0014679573397757,-0.0003478984958366,1.0318952785270863,0,Calm/Bull,1.0
2017-04-04,sp500,0.0005593660746613,0.004217138299657,0.0041080553436493,0.0041565228455144,0.9194973393145914,0.0001347687887832,-0.0001740488969991,1.026553429027262,0,Calm/Bull,1.0
2017-04-05,sp500,-0.0030595368115221,0.0042409855141956,0.0041000576179051,0.0118319932290779,1.084038386712089,-0.0006940858142871,-0.000212684339372,1.0343721745945915,0,Calm/Bull,1.0
2017-04-06,sp500,0.0019276502937349,0.0042626032261457,0.0041027781428863,0.0064729902688188,0.9253131534712712,-0.0008947179378811,-0.0001562806053236,1.0389553316541091,0,Calm/Bull,1.0
2017-04-07,sp500,-0.0008274724629448,0.0041873612921849,0.0040968707737665,0.0055274031921919,0.8872678644458489,-0.0006086936428167,-0.0003608212137637,1.0220877160680415,0,Calm/Bull,1.0
2017-04-10,sp500,0.0006874501357832,0.0041909082680211,0.0040812331750916,0.0063084889196987,0.8155603555023901,-0.0001425085540574,-0.0003447769879331,1.0268730278874691,0,Calm/Bull,1.0
2017-04-11,sp500,-0.0014349082919582,0.0041388238395061,0.0040865574474886,0.0076345157489049,0.9121520610006988,-0.0005413634273814,-0.0002472849534864,1.012789834154818,0,Calm/Bull,1.0
2017-04-12,sp500,-0.0037670374189869,0.0036762952734769,0.0040995067386065,0.0049212724469025,0.9454352470770228,-0.0006828635488743,-0.0008526307806701,0.8967652715034956,0,Calm/Bull,0.9998
2017-04-13,sp500,-0.0068380202898042,0.0039112135050625,0.0042056224629455,0.0082913153990422,0.9322788338558868,-0.0024359976655822,-0.0011131300552011,0.9299963416885544,0,Calm/Bull,0.9999
2017-04-17,sp500,0.0085764656911072,0.004469837159458,0.0043011057123821,0.0070795282878165,0.8678661512276471,-0.0005552100347717,-0.0006185478074342,1.0392297837717004,0,Calm/Bull,1.0
2017-04-18,sp500,-0.0029076028458332,0.0044889784648218,0.0043094441046668,0.005896216335665,1.0013432500346944,-0.001274220631095,-0.0006633321457068,1.0416606772925836,0,Calm/Bull,1.0
2017-04-19,sp500,-0.0017178253968685,0.0035423486821873,0.0042989677634083,0.0075186297710465,1.090164690671698,-0.0013308040520771,-0.0001249436860451,0.8239998244087635,0,Calm/Bull,0.9941
2017-04-20,sp500,0.0075288503629738,0.0039159172811928,0.0043241522427511,0.0086848870529428,1.128451640426512,0.000928373504315,0.0001570936897303,0.905591908276887,0,Calm/Bull,0.9996
2017-04-21,sp500,-0.0030396881071153,0.0039728952182052,0.0042357009252262,0.004968694108688,1.085454568134823,0.0016880399408527,5.815089161610215e-05,0.9379546120794794,0,Calm/Bull,1.0
2017-04-24,sp500,0.0107817365881118,0.0046300876038934,0.0044411553842378,0.0032811909032406,1.1303013953298549,0.0021290941202536,0.0006394553317186,1.0425412315736904,0,Calm/Bull,1.0
2017-04-25,sp500,0.0060722142117511,0.004765899604272,0.0044935967038308,0.004743376949547,1.2060195907206983,0.0039250575317705,0.0009940714215984,1.0605979838397714,0,Calm/Bull,0.9999
2017-04-26,sp500,-0.0004858214756873,0.004541915133654,0.0044097991705141,0.0047665429832002,1.224114096419585,0.0041714583160068,0.0006085149063328,1.029959632634358,0,Calm/Bull,1.0
2017-04-27,sp500,0.0005527670002992,0.0045405369499777,0.004404572844636,0.0039435215356033,1.2029470286260104,0.0027762416434718,0.0005819164461563,1.0308688515634927,0,Calm/Bull,1.0
2017-04-28,sp500,-0.00191497947149,0.0045378881007261,0.0044179655471785,0.004747850201568,1.0829431399196237,0.0030011833705969,0.0003396269269965,1.0271442935140749,0,Calm/Bull,1.0
2017-05-01,sp500,0.0017307918268938,0.0045052633685775,0.0044197138050953,0.0040446302618935,0.9337717671051003,0.0011909944183533,0.0005390462152546,1.0193563581840157,0,Calm/Bull,1.0
2017-05-02,sp500,0.0011883435858115,0.0044774745545617,0.0043378327877283,0.0029733827011653,1.1190078997026545,0.0002142202931654,0.0006806371599458,1.0321915974328142,0,Calm/Bull,1.0
2017-05-03,sp500,-0.0012721693958273,0.0044987648012793,0.0043300016869454,0.0042167172027994,1.1181134196077296,5.695070913742709e-05,0.0005890603864214,1.0389752999040756,0,Calm/Bull,1.0
2017-05-04,sp500,0.0005819332878695,0.0044162593367894,0.0043296134386324,0.0046368450123085,1.2428179295890347,6.278396665149511e-05,0.000771133891391,1.0200123866449269,0,Calm/Bull,1.0
2017-05-05,sp500,0.0040803594074783,0.0044718141824616,0.004351726456278,0.0041304536294712,1.0033299065363663,0.0012618517424451,0.0008787693470781,1.0275954215850072,0,Calm/Bull,1.0
2017-05-08,sp500,3.7445271907879016e-05,0.0044586077630957,0.0043028183218095,0.003100878522893,0.966127689779156,0.0009231824314479,0.0009220152338208,1.0362063721111727,0,Calm/Bull,1.0
2017-05-09,sp500,-0.0010257745567932,0.004479759085736,0.0042909331453331,0.0047686932203845,1.0179021421543877,0.000480358802927,0.0008363539991919,1.0440057987406042,0,Calm/Bull,1.0
2017-05-10,sp500,0.0011299627174494,0.0044479163269413,0.0042478819761223,0.0028962596363941,1.0081321969583958,0.0009607852255824,0.0009645975496623,1.0470903739659825,0,Calm/Bull,1.0
2017-05-11,sp500,-0.0021651513741066,0.0043720035770811,0.0042364251258843,0.0058385179043328,1.022340060102804,0.0004113682931871,0.0010446918519063,1.0320030325494127,0,Calm/Bull,1.0
2017-05-12,sp500,-0.0014795353407942,0.0040129579223603,0.0041999991409105,0.0021958259293304,0.9043435236700482,-0.0007006106564673,0.0013126160993568,0.9554663674265412,0,Calm/Bull,1.0
2017-05-15,sp500,0.0047651423030152,0.0037304078473441,0.0042364296096386,0.004208476445347,0.9465075485636738,0.0002449287497541,0.0011220499299522,0.8805546630249188,0,Calm/Bull,0.9997
2017-05-16,sp500,-0.000687133036986,0.0036360145087492,0.0042352187889162,0.0040488576186822,0.9261140780404048,0.0003126570537155,0.0012330734203946,0.8585186952477868,0,Calm/Bull,0.9994
2017-05-17,sp500,-0.018345468171115,0.0056753343998774,0.0048108529642901,0.0121594361946035,1.117461196506344,-0.0035824291239973,0.0004016912816823,1.1796940047854638,0,Calm/Bull,0.9917
2017-05-18,sp500,0.0036800386272159,0.0054829375895988,0.0048329162219069,0.0097306612009569,1.148632504690525,-0.0024133911237328,0.0002092506948944,1.1344987866219332,0,Calm/Bull,0.9998
2017-05-19,sp500,0.0067447032082007,0.0056127641570057,0.0049101376575388,0.0078220986870469,1.0147823681530428,-0.0007685434139338,0.0006984702606602,1.1430971081611414,0,Calm/Bull,0.9999
2017-05-22,sp500,0.0051468632960084,0.0052067145872922,0.0049498817199348,0.0035672379482324,0.8472791461753771,-0.0006921992153352,0.000416726596055,1.051886667578948,0,Calm/Bull,1.0
2017-05-23,sp500,0.0018361851723804,0.005048297182711,0.0049533377490148,0.0029061695077569,0.867069521423752,-0.0001875355734619,0.0002049251440865,1.0191707972498143,0,Calm/Bull,1.0
2017-05-24,sp500,0.0024860338045762,0.0050705834507651,0.0049482978160114,0.0031567625176158,0.922597282682001,0.0039787648216763,0.0003535179080997,1.0247126667190452,0,Calm/Bull,1.0
2017-05-25,sp500,0.0044321120419781,0.0051521496694039,0.0046644447243043,0.0044304930577619,0.9705694611354988,0.0041291795046288,0.0005474851601836,1.10455798576803,0,Calm/Bull,0.9999
2017-05-26,sp500,0.0003105017853024,0.0051201000649111,0.0045972447124985,0.0018544346606874,0.7797508624142934,0.0028423392200491,0.0006587592230232,1.113732329930383,0,Calm/Bull,0.9999
2017-05-30,sp500,-0.0012053507295338,0.0051298285298891,0.0046008481121723,0.0024162021531518,0.8905176561307291,0.0015718964149406,0.0005119520952019,1.1149745448708184,0,Calm/Bull,0.9999
2017-05-31,sp500,-0.0004600746199513,0.0051316312197388,0.0045789401326695,0.0051413475796946,1.243669535871483,0.0011126444564743,0.0004295311849137,1.12070284193628,0,Calm/Bull,0.9998
2017-06-01,sp500,0.0075425955848472,0.0053516059406718,0.004654638292912,0.0067981939264538,1.063232042319754,0.0021239568125285,0.0008702694339474,1.149736156474522,0,Calm/Bull,0.9998
2017-06-02,sp500,0.003700874618046,0.005388080582782,0.0046596220145582,0.0051331118747529,0.9664227022188262,0.0019777093277421,0.0010262165004563,1.1563342618667154,0,Calm/Bull,0.9999
2017-06-05,sp500,-0.0012184071404286,0.0053602019552033,0.0046649100696726,0.0021468659985612,0.8205528699741939,0.0016719275425958,0.0007612781730609,1.14904722173551,0,Calm/Bull,0.9999
2017-06-06,sp500,-0.002782908666204,0.0054170449386357,0.0046693891306351,0.0033300718674853,0.9506838138391184,0.0013564159552618,0.0006202604761553,1.1601185480762897,0,Calm/Bull,0.9998
2017-06-07,sp500,0.0015670287963475,0.0054065941654992,0.00467184164735,0.004327753340034,1.0080003698028883,0.0017618366385216,0.0007499006438124,1.157272564785221,0,Calm/Bull,0.9999
2017-06-08,sp500,0.0002671690356647,0.0054068441564792,0.0046452275863857,0.0046553227448347,1.0517468705366149,0.0003067513286851,0.0007067609597231,1.1639567827259256,0,Calm/Bull,0.9998
2017-06-09,sp500,-0.0008303338661872,0.0053776878424129,0.0045315290619551,0.0125423044757658,1.1296749282505354,-0.0005994903681615,0.0007735018351191,1.1867269896957668,0,Calm/Bull,0.9985
2017-06-12,sp500,-0.0009792424797181,0.0053678106168456,0.0045275696936583,0.0042849902937266,1.1188258522297625,-0.0005516574360194,0.0007985164781729,1.1855832113118343,0,Calm/Bull,0.9992
2017-06-13,sp500,0.0045013588432301,0.005357866167994,0.0045538828141258,0.0041838099161697,0.9123854070212908,0.0009051960658674,0.0007853273051836,1.1765489773637334,0,Calm/Bull,0.9997
2017-06-14,sp500,-0.0009963269653176,0.0053627822710379,0.0045465355204122,0.0063209262827317,0.9885428268601396,0.0003925249135343,0.0007698676087671,1.1795315899240535,0,Calm/Bull,0.9998
2017-06-15,sp500,-0.0022421097968403,0.003053378443043,0.0042342992562693,0.0063392294724789,0.947120079219256,-0.0001093308529666,0.0015750355274808,0.7211059630521288,0,Calm/Bull,0.6555
2017-06-16,sp500,0.0002835991500596,0.0030244552203947,0.0042312027089024,0.0042208741522079,1.468280394016196,0.0001134557502827,0.001405213553623,0.7147979968039184,0,Calm/Bull,0.6661
2017-06-19,sp500,0.0083125832068939,0.0031861373379918,0.0043408201717115,0.0049032914693574,0.9135069877498844,0.0019718208876051,0.0014836075535576,0.7339943171927227,0,Calm/Bull,0.8532
2017-06-20,sp500,-0.0067191604469316,0.0035518993129415,0.0044423870745911,0.005769241365147,0.952459797622816,-0.0002722829704271,0.0008903063664106,0.7995474625021073,0,Calm/Bull,0.9886
2017-06-21,sp500,-0.0005828141932715,0.0035591735101184,0.004439960643565,0.0047174998163139,0.9962689634727124,-0.0001895804160179,0.000769356398128,0.8016227610658601,0,Calm/Bull,0.9929
2017-06-22,sp500,-0.000455885972438,0.003545257012267,0.0043573057955255,0.0034299025082152,0.961344535956525,0.0001676643488624,0.0006222604092773,0.8136351173488091,0,Calm/Bull,0.9958
2017-06-23,sp500,0.001559698555409,0.0034393954581268,0.0043587653904083,0.0042200691940355,1.4260415378742763,0.0004228842299323,0.0004786397349489,0.7890756097346661,0,Calm/Bull,0.9819
2017-06-26,sp500,0.0003157519397323,0.0034393821501129,0.004347473052148,0.0054897531447842,0.8705198184115722,-0.0011764820234999,0.0004789022426704,0.7911221320655655,0,Calm/Bull,0.9864
2017-06-27,sp500,-0.0081055865756729,0.0039285307242561,0.0044738866845146,0.0085848525396123,0.9521124638895062,-0.0014537672492482,0.0001338904503634,0.8781024199503936,0,Calm/Bull,0.9992
2017-06-28,sp500,0.008769501646551,0.004372133356787,0.0045938325681788,0.0061252971621873,0.942532029345416,0.0004166959187163,0.0005953692636885,0.9517398146098046,0,Calm/Bull,1.0
2017-06-29,sp500,-0.0086372168441413,0.004513621651648,0.0047450782941029,0.0153035624433273,1.0479206024576668,-0.0012195702556243,-0.0002136213577608,0.9512217442771244,0,Calm/Bull,0.9991
2017-06-30,sp500,0.0015320576108735,0.0044400791590068,0.0047250722835948,0.0045638414444393,0.91278840134509,-0.0012250984445314,-0.0003220622081194,0.939684917503282,0,Calm/Bull,1.0
2017-07-03,sp500,0.0023081679791475,0.0044725160458264,0.0047272870327907,0.0043145069088295,0.5228338359400831,-0.0008266152366484,-0.0001457334521406,0.9461063004642812,0,Calm/Bull,1.0
2017-07-05,sp500,0.0014522240362887,0.0044412335495901,0.0047256133863167,0.0052824838684165,0.9262211625785366,0.0010849468857439,6.602318298397616e-05,0.9398216033605185,0,Calm/Bull,1.0
2017-07-06,sp500,-0.0094129873068661,0.0049007901496761,0.0048969291669798,0.0068804142027181,0.9290258563893056,-0.0025515509049395,-0.0004829776221767,1.0007884497742638,0,Calm/Bull,1.0
2017-07-07,sp500,0.0063827125696158,0.005135234970782,0.0049518468923825,0.0055253229539488,0.8169560655234802,0.0004524349778118,-0.0001772004454791,1.0370342788024385,0,Calm/Bull,1.0
2017-07-10,sp500,0.0009273361035125,0.0051385082487881,0.0049203012103055,0.0040083465816761,0.851514192634052,0.0003314906763396,-8.931694699416609e-05,1.044348309007084,0,Calm/Bull,1.0
2017-07-11,sp500,-0.0007829870660821,0.0051369064948784,0.0048268616830791,0.0068067637036887,0.8911345612327515,-0.0002867403327062,-7.950417631236906e-05,1.0642332082740649,0,Calm/Bull,1.0
2017-07-12,sp500,0.0072790509478214,0.0053021674180176,0.0047936664359336,0.0040970059411132,0.911979967386432,0.0008786250496002,5.938042891719571e-05,1.1060776732966435,0,Calm/Bull,1.0
2017-07-13,sp500,0.001872829473473,0.0053109077608779,0.0047731230732683,0.0031170982909767,0.887105657018346,0.0031357884056681,0.0002028382508567,1.11266935282299,0,Calm/Bull,0.9999
2017-07-14,sp500,0.0046626161700092,0.0053677260192889,0.0047885943754966,0.0068516663572639,0.7990051751549381,0.0027917691257468,0.0005480745491992,1.120939799527747,0,Calm/Bull,0.9999
2017-07-17,sp500,-5.291423670686425e-05,0.0053691259112484,0.004708503526498,0.0023016812777031,0.8480446172885937,0.0025957190577029,0.0005312488798608,1.1403041074584717,0,Calm/Bull,0.9999
2017-07-18,sp500,0.0005976786981109,0.0050481993110553,0.004682683873029,0.0042996791537445,0.9046585922094948,0.0028718522105415,0.0001455036544217,1.0780568255165637,0,Calm/Bull,1.0
2017-07-19,sp500,0.0053582582160534,0.004904122885341,0.004536321858366,0.0040342223004718,0.93706445133829,0.0024876936641879,0.0007493745875709,1.081079129404516,0,Calm/Bull,1.0
2017-07-20,sp500,-0.000153671088607,0.0048989234078908,0.0044818955037599,0.0037155332544816,0.9916960810898316,0.0020823935517719,0.0007708317428042,1.0930472171386227,0,Calm/Bull,1.0
2017-07-21,sp500,-0.0003679393292088,0.0048978036809327,0.0044814454220877,0.0030252211695573,0.9494114471243502,0.0010762824519283,0.0007752290749656,1.0929071358970202,0,Calm/Bull,1.0
2017-07-24,sp500,-0.0010643009954088,0.0049108116323182,0.0044864940447064,0.0027450512521263,0.9688021406603236,0.0008740051001879,0.0006440290974247,1.0945766523667677,0,Calm/Bull,1.0
2017-07-25,sp500,0.002918907519898,0.0049360853436182,0.0044847581985759,0.0025554082444045,1.3023142213183734,0.0013382508645453,0.000774186876433,1.1006357812525331,0,Calm/Bull,0.9994
2017-07-26,sp500,0.0002826240061194,0.0044768820536683,0.0044826697884921,0.0027241577457594,1.13766922364478,0.0003231240225585,0.0011935974055226,0.9987088643382526,0,Calm/Bull,1.0
2017-07-27,sp500,-0.0009731616373937,0.0041254124566636,0.0044866525810176,0.0097398050362351,1.2650250999531385,0.0001592259128012,0.0007064642413254,0.9194856036140748,0,Calm/Bull,0.9998
2017-07-28,sp500,-0.001342015678116,0.0035362217911294,0.0044871495632469,0.0035880898172001,1.0445744889282884,-3.5589356980208605e-05,0.0010712242996267,0.7880775403819305,0,Calm/Bull,0.9885
2017-07-31,sp500,-0.0007284108345598,0.0035567819574272,0.0044903076132069,0.0038173223714659,1.0974064095697282,3.158867518959195e-05,0.000958200877355,0.7921020704608382,0,Calm/Bull,0.99
2017-08-01,sp500,0.0024461207749384,0.0035596703192847,0.0044734805587437,0.0029762016261252,1.0691396550696295,-6.296867380232146e-05,0.0009650985171445,0.7957272357710589,0,Calm/Bull,0.9909
2017-08-02,sp500,0.0004925274073474,0.003559226587775,0.0044730224327717,0.0056102963630628,1.0723774434016182,-2.0987993556727387e-05,0.0009171136856975,0.7957095322612745,0,Calm/Bull,0.9901
2017-08-03,sp500,-0.0021860418349456,0.0027241699342754,0.0044823802433949,0.0029043152125619,1.1212105023804688,-0.0002635640330671,0.0012784609592935,0.6077507454414837,1,Transition,0.923
2017-08-04,sp500,0.0018873214175395,0.0024527946924297,0.0044852064920838,0.0031976040443579,0.987194424876478,0.000382303386064,0.0010536914016897,0.546863270790067,1,Transition,0.9878
2017-08-07,sp500,0.0016458446442804,0.002456106260947,0.0044733938709707,0.0020436325940848,0.8953288021839565,0.000857154481832,0.0010896168287281,0.5490476206187497,1,Transition,0.9866
2017-08-08,sp500,-0.0024173522303853,0.0025471896845905,0.0044823813665765,0.0083033186837642,1.0174078845251109,-0.0001155401192327,0.0010078985705129,0.5682670608047762,1,Transition,0.9891
2017-08-09,sp500,-0.0003636747927123,0.002088926052588,0.0044499186033069,0.0049837244189766,1.004262327650988,-0.0002867805592446,0.0006257622834862,0.4694301713823889,1,Transition,0.9994
2017-08-10,sp500,-0.0145802184007415,0.0039672352946926,0.0048552225753135,0.0113320359014021,1.0933899261804971,-0.0027656158724038,-0.0001968901102244,0.8171067820585874,0,Calm/Bull,0.9682
2017-08-11,sp500,0.0012747571279871,0.0038183575047485,0.0041970997220569,0.0041944480640166,0.9448334895440426,-0.0028881287303143,-0.0003662830623255,0.9097609677182648,0,Calm/Bull,0.9999
2017-08-14,sp500,0.0099936512460494,0.0044674294480944,0.0043522729711785,0.0053774816261374,0.8436778453762118,-0.0012185674099605,0.0001360452118122,1.0264589279391556,0,Calm/Bull,1.0
2017-08-15,sp500,-0.0004989323268834,0.00446819494234,0.0042813871018649,0.0029577882927294,0.8736592671160975,-0.0008348834292601,8.121466056253833e-05,1.043632550860377,0,Calm/Bull,1.0
2017-08-16,sp500,0.0014190955233323,0.0043072609515654,0.0042407001873378,0.0044851419656934,0.8852844887846408,-0.0004783293660512,-0.0001157434740735,1.015695701484952,0,Calm/Bull,1.0
2017-08-17,sp500,-0.0155573424871914,0.0055206565596519,0.0047162124424357,0.0144073520787684,0.9485156170393856,-0.0006737541833411,-0.0008859270440027,1.170569949304657,0,Calm/Bull,0.9833
2017-08-18,sp500,-0.0018370536613519,0.005523174830068,0.004713999101637,0.0080724279981193,1.0215293593893664,-0.001296116341209,-0.0009593827606098,1.1716537723034208,0,Calm/Bull,0.9997
2017-08-21,sp500,0.0011619757145661,0.0055433463312296,0.0046824028984607,0.0054480906246996,0.8384293814675003,-0.0030624514475056,-0.0008480689251111,1.1838678668706413,0,Calm/Bull,0.9994
2017-08-22,sp500,0.009891695260625,0.0059937094971807,0.0048503610851274,0.0086034705555662,0.8485969188284072,-0.0009843259300039,-0.0004994295380747,1.2357243908209503,0,Calm/Bull,0.9966
2017-08-23,sp500,-0.003459570132639,0.0060263331826605,0.0048705232890608,0.0030645939160833,0.8640245947128596,-0.0019600590611982,-0.0006865392450127,1.237307128003206,0,Calm/Bull,0.9969
2017-08-24,sp500,-0.0020766167471384,0.0060341415617058,0.0048787774437379,0.0058221098834526,0.896741802662867,0.0007360860868123,-0.0007417120004999,1.2368142698230389,0,Calm/Bull,0.9987
2017-08-25,sp500,0.0016714716689374,0.0060559473115492,0.0047867518816452,0.0048054644807651,0.8252924850123657,0.0014377911528702,-0.0005910376331472,1.2651475282792055,0,Calm/Bull,0.9958
2017-08-28,sp500,0.000486953473296,0.0060605922798719,0.0047635734050374,0.0041281085044588,0.8647077213643645,0.0013027867046162,-0.0005302694177544,1.2722785532102665,0,Calm/Bull,0.9943
2017-08-29,sp500,0.0008424667620097,0.0060296710113817,0.0047618100384093,0.0085803007870723,0.8934527012703227,-0.0005070589951068,-0.0006104521184009,1.2662561006729836,0,Calm/Bull,0.9968
2017-08-30,sp500,0.004604531788061,0.0061383856180146,0.0047822658426051,0.0067301862682464,0.8723736279763593,0.0011057613890331,-0.0004048518993652,1.2835726452778642,0,Calm/Bull,0.9941
2017-08-31,sp500,0.0057046735847135,0.0062700469085621,0.0048319928804939,0.0050007516882364,1.1148859105647329,0.0026620194554035,-1.0316128382274488e-05,1.297610957556132,0,Calm/Bull,0.9847
2017-09-01,sp500,0.0019805780423351,0.0062715668863078,0.0048370860085067,0.0026366457481203,0.9097506484133908,0.0027238407300831,-5.653297142493049e-06,1.2965588941933968,0,Calm/Bull,0.9874
2017-09-05,sp500,-0.0075794585521449,0.0064795152621493,0.0049409470083325,0.0103423402018047,1.1634228021820137,0.0011105583249949,-0.0004669184569637,1.3113913691488894,0,Calm/Bull,0.9774
2017-09-06,sp500,0.0031238424931441,0.0065101231816473,0.0049530411210358,0.0042343426757813,1.1285536145943935,0.0015668334712217,-0.0001898587207872,1.3143688942937295,0,Calm/Bull,0.9812
2017-09-07,sp500,-0.0001784520448537,0.0065099946465993,0.0049216455595935,0.0033792048172486,1.1161139452398574,0.0006102367046388,-0.0001805975833943,1.3227272398577434,0,Calm/Bull,0.9682
2017-09-08,sp500,-0.0014899601434577,0.005577295058607,0.0049240372001585,0.0031324089217465,1.1030620644954356,-0.0008286900409954,0.0004739153294698,1.1326671249411906,0,Calm/Bull,0.9998
2017-09-11,sp500,0.010780975197147,0.006035395202144,0.0051002357664693,0.0057995550910634,1.095689796420792,0.0009313893899669,0.0009492262329278,1.1833561189117474,0,Calm/Bull,0.9995
2017-09-12,sp500,0.0033583025948831,0.0056842096251431,0.0051147074892049,0.0025635704647422,1.068713413819145,0.0031189416193725,0.0006174588003695,1.1113459835464927,0,Calm/Bull,0.9999
2017-09-13,sp500,0.0007568342480825,0.0056781612621966,0.0050092245624858,0.0024937156294474,1.1058104436942349,0.0026455399703602,0.0006802471291178,1.1335409685404114,0,Calm/Bull,0.9998
2017-09-14,sp500,-0.0011013238508279,0.0056888592121914,0.0049275952791383,0.0028369037160807,1.1140589943759465,0.0024609656091653,0.0005542261604097,1.1544899469069565,0,Calm/Bull,0.9997
2017-09-15,sp500,0.0018454775461593,0.0042416546063122,0.0049293919265562,0.0028277672112584,1.5403898702348944,0.0031280531470888,0.0014243671620773,0.8604823210467445,0,Calm/Bull,0.9987
2017-09-18,sp500,0.0014548619291293,0.0041717298628059,0.0049297016287881,0.0033548651053076,1.018703947410247,0.0012628304934852,0.0015889629416014,0.8462438859269371,0,Calm/Bull,0.9992
2017-09-19,sp500,0.0011095796167313,0.0041720285607898,0.0049283548592605,0.0018551240362792,1.0269522250510554,0.0008130858978549,0.0015863431367096,0.8465357467006315,0,Calm/Bull,0.9991
2017-09-20,sp500,0.0006341467023094,0.0036874846498225,0.0049283674826273,0.0048560647420791,1.1171950396823231,0.0007885483887003,0.0011234657087938,0.7482162527086298,0,Calm/Bull,0.9762
2017-09-21,sp500,-0.0030505659469148,0.0036617746368369,0.0048213983788413,0.0032631815527093,0.9218562833766426,0.0003986999694829,0.00114391591808,0.7594839399512353,0,Calm/Bull,0.9825
2017-09-22,sp500,0.000647583995167,0.003585546479485,0.0046991925399535,0.0027695133608408,0.8942293067825963,0.0001591212592844,0.0012801259551953,0.7630133153727984,0,Calm/Bull,0.9826
2017-09-25,sp500,-0.0022245226998538,0.0036680498166851,0.0045607050724357,0.0058117686334642,1.0184607201738052,-0.0005767556665121,0.0010853262367557,0.8042725320815717,0,Calm/Bull,0.9931
2017-09-26,sp500,7.216412589487934e-05,0.0036727807096666,0.004559118177981,0.0033602042112408,0.9379710633649812,-0.0007842387646794,0.0010645867693857,0.805590152807392,0,Calm/Bull,0.9948
2017-09-27,sp500,0.0040768224019879,0.0037331954569288,0.0045767074766427,0.0063182428855617,1.0525339812906405,-9.570362474377314e-05,0.0012263045513846,0.8156945743159637,0,Calm/Bull,0.9948
2017-09-28,sp500,0.001203890628938,0.003647696339939,0.0045759687938587,0.0031394176908817,0.9506106559660816,0.0007551876904267,0.0010562724934284,0.7971418740517828,0,Calm/Bull,0.9943
2017-09-29,sp500,0.0036982630684988,0.0035390995027356,0.0044032487522451,0.0045447854549034,0.9666949447137164,0.0013653235050931,0.0009559519676177,0.8037473469858168,0,Calm/Bull,0.9937
2017-10-02,sp500,0.0038665188297123,0.0035925579711695,0.0043603833633244,0.0034913636821723,0.9611200620336916,0.0025835318110063,0.0010502490069866,0.8239087419209162,0,Calm/Bull,0.9974
2017-10-03,sp500,0.0021565111846609,0.002966794219372,0.004364357966253,0.0024776432239992,0.9214588736152544,0.0030004012227596,0.0015370474938269,0.6797779289216005,0,Calm/Bull,0.5346
2017-10-04,sp500,0.0012459436611136,0.0029435566450726,0.004360374319237,0.0034400610394856,0.910836599724678,0.0024342254745847,0.0014431525522253,0.675069714103743,1,Transition,0.5281
2017-10-05,sp500,0.0056309040312927,0.0030594651993313,0.0043236063309343,0.0048940624276841,0.9268606096736436,0.0033196281550556,0.0017336203560327,0.7076188175231346,0,Calm/Bull,0.6641
2017-10-06,sp500,-0.0010742111652397,0.0030377452083566,0.0043270984222082,0.0022044509242241,0.883438040047594,0.0023651333083079,0.0017544078049436,0.7020282212130388,0,Calm/Bull,0.7053
2017-10-09,sp500,-0.0018060638680135,0.002278115392548,0.0043066523332777,0.0040161316845264,0.767492231924034,0.0012306167687628,0.0011250558516855,0.528975922886777,1,Transition,0.9981
2017-10-10,sp500,0.002319719630478,0.002235977154732,0.0043117318148929,0.0040655966673497,0.9181371294195232,0.0012632584579262,0.0010731267034653,0.5185798307327003,1,Transition,0.9986
2017-10-11,sp500,0.0018018829296635,0.0022404031741928,0.0043144805702655,0.0028529762724288,0.9325262695036832,0.0013744463116362,0.0011253791375443,0.5192752957640346,1,Transition,0.9984
2017-10-12,sp500,-0.0016881771203513,0.0022746820952625,0.0042793254549901,0.0027519452589335,0.988348724370011,-8.936991869260822e-05,0.0010960364740682,0.5315515539043778,1,Transition,0.9985
2017-10-13,sp500,0.0008777220048463,0.0022681845952354,0.0042786796591472,0.0021776123890109,1.0133794378995618,0.0003010167153245,0.0010476486970025,0.5301132068595825,1,Transition,0.9984
2017-10-16,sp500,0.0017492225323057,0.0022719180005695,0.0042798897115192,0.002670461211064,0.9429603707043516,0.0010120739953884,0.0010623667271613,0.5308356415014021,1,Transition,0.9981
2017-10-17,sp500,0.0006723529054339,0.0022735427951856,0.0042745602850459,0.0019614354059409,0.9431066108364522,0.0006826006503796,0.0010405053915965,0.5318775835585634,1,Transition,0.9982
2017-10-18,sp500,0.0007420595113295,0.002272655533322,0.0042637079977437,0.0017335942192301,0.9841304163438124,0.0004706359667128,0.0010459010320475,0.5330232592205294,1,Transition,0.9984
2017-10-19,sp500,0.0003279441150104,0.0020685362763215,0.0042636626448627,0.0056360739223594,0.9898825786409702,0.0008738602137852,0.0012148265351437,0.4851547715234786,1,Transition,0.9998
2017-10-20,sp500,0.0051037961850303,0.0022373319835445,0.0042987225652329,0.0030598991662921,1.1034535891701645,0.001719075049822,0.0014376371446369,0.5204643820560912,1,Transition,0.9987
2017-10-23,sp500,-0.0039803953129971,0.0024159224046546,0.0043328938239975,0.0054425223759246,1.0466486661169363,0.0005731514807614,0.0013498435139797,0.5575771073073874,1,Transition,0.9953
2017-10-24,sp500,0.001616600874558,0.0023975466722649,0.0043311491441394,0.0025689061342433,1.1120630973763266,0.0007620010745862,0.0014270653514129,0.553559019206051,1,Transition,0.9945
2017-10-25,sp500,-0.0046739556872599,0.0026713766438908,0.0043784911138375,0.0091507745878733,1.249561420011854,-0.0003212019651316,0.0009895264469505,0.6101135241426751,1,Transition,0.9756
2017-10-26,sp500,0.0012701392506023,0.0026716974930797,0.0043795136193507,0.0028394078302358,1.2372818363815383,-0.0001327629380132,0.0009928388780337,0.6100443394615637,1,Transition,0.9452
2017-10-27,sp500,0.008040609979727,0.0030524394128448,0.0044693828680644,0.0066019281194219,1.2254989077423688,0.000454599820926,0.0012099562235951,0.6829666428123071,1,Transition,0.6057
2017-10-30,sp500,-0.0031975773767407,0.0031364100816886,0.0044949812014181,0.0045786270135103,1.143504552486685,0.0006111634081773,0.0008567514132725,0.6977582199229589,0,Calm/Bull,0.7082
2017-10-31,sp500,0.0009440129366793,0.0031216479059011,0.0044932157288369,0.0023842783623657,1.186756332508601,0.0004766458206016,0.0007961265008734,0.6947469461274188,0,Calm/Bull,0.6864
2017-11-01,sp500,0.0015908441079038,0.0031252142671915,0.004477027655445,0.0052260948093143,1.1709345940115348,0.0017296057796343,0.0008133715232129,0.6980556091474222,0,Calm/Bull,0.6891
2017-11-02,sp500,0.0001899477696667,0.0029134186607139,0.0044753917831555,0.0057911060648244,1.216266658898845,0.0015135674834472,0.0005413237101316,0.6509862827383038,1,Transition,0.7319
2017-11-03,sp500,0.0030922893263143,0.0029406555291691,0.0040101947514448,0.004501786025444,1.0610111672398297,0.0005239033527647,0.0007496487347093,0.7332949423739736,0,Calm/Bull,0.7356
2017-11-06,sp500,0.0012704438847764,0.0028797657028818,0.0040101896474238,0.002979383918318,1.0368004336918502,0.0014175076050681,0.0009034741223488,0.7181120984469744,0,Calm/Bull,0.6213
2017-11-07,sp500,-0.0001891208050819,0.0028694512393578,0.0038344220064368,0.0048906534294086,1.1030132735182014,0.0011908808567158,0.0007780321005708,0.7483399674164415,0,Calm/Bull,0.7777
2017-11-08,sp500,0.0014426139320604,0.0028638233798255,0.0038312692499973,0.0040279186718586,1.112496418620207,0.0011612348215472,0.0007600686506906,0.7474868491238237,0,Calm/Bull,0.7829
2017-11-09,sp500,-0.0037689813393701,0.0029923595848253,0.0038766043605462,0.007803824531455,1.086340639189143,0.0003694489997398,0.0006560284397397,0.771902238794281,0,Calm/Bull,0.8686
2017-11-10,sp500,-0.0008980469760537,0.0030117177857627,0.0032398748489005,0.0031909499587836,0.9814935310116704,-0.0004286182607337,0.0005672399906947,0.9295784331869256,0,Calm/Bull,1.0
2017-11-13,sp500,0.000983150911293,0.0030007454536926,0.0032182098350129,0.0050989350182125,0.9512000198888292,-0.0004860768554304,0.0005289364096441,0.9324269104660572,0,Calm/Bull,1.0
2017-11-14,sp500,-0.0023122805602819,0.0030667275204753,0.0032474681588567,0.0050796871964655,1.0073532267979657,-0.0009107088064704,0.0003797047363583,0.944344138405668,0,Calm/Bull,1.0
2017-11-15,sp500,-0.0055409987421236,0.0033375150199412,0.0031408659409359,0.0060009420559438,0.983611817525869,-0.0023074313413072,6.555182368566926e-05,1.0626098288507804,0,Calm/Bull,1.0
2017-11-16,sp500,0.0081626527829724,0.0037979647242969,0.0032341656475224,0.0066289728774487,0.9093008124974824,7.889548316123828e-05,0.0004572872570837,1.1743259740596237,0,Calm/Bull,0.9943
2017-11-17,sp500,-0.0026294169788973,0.0036921948501932,0.0032436744788288,0.0024583994842359,0.904904138614538,-0.0002673785174074,7.062659888737606e-05,1.1382753954787626,0,Calm/Bull,0.9993
2017-11-20,sp500,0.0012748698887901,0.0035738250640317,0.0032425406732442,0.0024785265748557,0.8289085396131711,-0.000209034721908,0.0003333898589767,1.102168152745473,0,Calm/Bull,0.9999
2017-11-21,sp500,0.0065198388797526,0.0038257831672062,0.0033213734549921,0.0046248097927909,0.919688013618462,0.0015573891660988,0.0005785517592364,1.1518678098230597,0,Calm/Bull,0.9989
2017-11-22,sp500,-0.0007505427033295,0.0036382740207403,0.0033292021270695,0.0021986079619163,0.7704172658020536,0.0025154803738576,0.0007747224084329,1.0928366262768654,0,Calm/Bull,0.9999
2017-11-24,sp500,0.0020539842782319,0.0036481002379937,0.0032984982988356,0.001456351848002,0.400255190156522,0.0012937466729095,0.0008139146598144,1.105988212660727,0,Calm/Bull,0.9989
2017-11-27,sp500,-0.0003843315868032,0.0032324486268825,0.003243073020825,0.0028983382722927,0.8827363974168351,0.0017427637513283,0.0003926675814879,0.9967239732579708,0,Calm/Bull,1.0
2017-11-28,sp500,0.0098003321967936,0.0037394959579654,0.003440290253494,0.0084696082545967,1.0243640316956002,0.0034478562129291,0.0010425630601646,1.0869710641907313,0,Calm/Bull,0.9997
2017-11-29,sp500,-0.0003692938827907,0.0037528246171425,0.0032571800145661,0.0055481475510866,1.1951949460097593,0.0020700296604204,0.0009768977191911,1.1521698525595452,0,Calm/Bull,0.9975
2017-11-30,sp500,0.0081575866628111,0.0040821783251056,0.0033728767574334,0.0089931401095192,1.427422424131623,0.0038516555336485,0.0013052348469365,1.210295726373314,0,Calm/Bull,0.6133
2017-12-01,sp500,-0.0020265829358053,0.0041436756613037,0.0033939333319041,0.0170690170221703,1.137342024035448,0.003035542090841,0.0011944083116629,1.2209066166243554,2,Stress/Bear,0.9636
2017-12-04,sp500,-0.0010527105492864,0.0041474116935909,0.003388619889966,0.0099111602044778,1.15133080369859,0.0029018662983444,0.0009871583178828,1.2239235524384884,0,Calm/Bull,0.8838
2017-12-05,sp500,-0.0037463905259553,0.0042790016908516,0.0032037654064327,0.0079822897617141,1.0144714100574097,0.0001925217537946,0.0007363165973463,1.3356164225570004,2,Stress/Bear,0.9815
2017-12-06,sp500,-0.0001141121705303,0.0042781806716392,0.0031903375861182,0.0036739901332375,0.9377955312965346,0.0002435580962467,0.0007400670290738,1.3409805564948456,2,Stress/Bear,0.9864
2017-12-07,sp500,0.0029280670101093,0.004303836786112,0.0032013991082032,0.0054835307983375,0.9587852002550898,-0.0008023458342936,0.0008143396829763,1.3443612122849395,2,Stress/Bear,0.9883
2017-12-08,sp500,0.0054912020355181,0.0042828659281536,0.0032443923856375,0.0028473711814067,0.9188428237324898,0.000701211159971,0.0012773488517207,1.320082597626998,2,Stress/Bear,0.9486
2017-12-11,sp500,0.0031968421216958,0.0042712599656066,0.0032549653923267,0.0033308799861665,0.9279196906461762,0.0015511216941675,0.0014820933066082,1.3122289950226858,2,Stress/Bear,0.891
2017-12-12,sp500,0.0015477237220895,0.0042696542377989,0.0032551917771118,0.0037310550260511,1.0516298758815614,0.0026099445437765,0.001510321947148,1.3116444529689577,2,Stress/Bear,0.9011
2017-12-13,sp500,-0.0004730689701501,0.0042022638856873,0.003260975053293,0.0033910227106654,1.052634373599714,0.0025381531838525,0.0016022825266546,1.2886525707836276,2,Stress/Bear,0.6976
2017-12-14,sp500,-0.0040791677307626,0.0040824848971998,0.0033262389227,0.0060633549895315,1.017742561765361,0.0011367062356781,0.0016753740772226,1.227357682979028,0,Calm/Bull,0.9518
2017-12-15,sp500,0.0089343134101427,0.0041501085465081,0.0034410866971709,0.0076574905489156,1.6376664043752098,0.001825328510603,0.0017139571085811,1.206045912740326,2,Stress/Bear,0.82
2017-12-18,sp500,0.0053484785795975,0.00409368657036,0.0034832052860064,0.0033641304323164,1.0578237962042554,0.0022556558021833,0.0021128518865059,1.1752642276945786,0,Calm/Bull,0.9967
2017-12-19,sp500,-0.0032354980431185,0.0042630146683435,0.0035024783212058,0.0051091197446013,0.9617558886267896,0.0012990114491417,0.0018873334899105,1.2171423424759114,0,Calm/Bull,0.9836
2017-12-20,sp500,-0.0008282360735725,0.0041581061527863,0.0035092721180383,0.0055612213655873,0.9175491020753344,0.0012279780284573,0.0015199297422442,1.184891342969063,0,Calm/Bull,0.9974
2017-12-21,sp500,0.0019836870126583,0.004124339269901,0.0034902906521886,0.0038143873967249,0.923897994241366,0.0024405489771415,0.0016566412280436,1.181660692731928,0,Calm/Bull,0.9976
2017-12-22,sp500,-0.0004582716381137,0.004149779431641,0.003496368410135,0.0026907565225643,0.6641588827443665,0.0005620319674902,0.0015310284322263,1.1868827723108382,0,Calm/Bull,0.9943
2017-12-26,sp500,-0.0010589757000585,0.0041688662946009,0.0034906746789977,0.0017832603234004,0.5531225379204113,-0.0007194588884409,0.0014972962265635,1.1942866860906918,0,Calm/Bull,0.9775
2017-12-27,sp500,0.0007906283102422,0.0036828886865853,0.0034708907902884,0.0025087340639962,0.6297114372851259,8.576638223115362e-05,0.001046811032236,1.0610788149515,0,Calm/Bull,1.0
2017-12-28,sp500,0.0018323190029195,0.0036712182629813,0.0034692834485617,0.0018492638736123,0.6392069083686556,0.0006178773975295,0.0011568916765215,1.0582064905948554,0,Calm/Bull,1.0
2017-12-29,sp500,-0.0051966322927482,0.0035431164210998,0.0035593388743066,0.006923227030838,0.747046086092685,-0.0008181864635517,0.0004891807287435,0.9954422847108302,0,Calm/Bull,1.0
2018-01-02,sp500,0.0082690782183981,0.0038893749443664,0.0036346560325496,0.0050188198953852,1.0457137932414255,0.0009272835077506,0.0010039637864537,1.0700806099767557,0,Calm/Bull,1.0
2018-01-03,sp500,0.006378433243936,0.0040347923015858,0.0036924695259365,0.0061185883459042,1.0989855401209276,0.0024147652965495,0.0013755209761148,1.092708355003258,0,Calm/Bull,0.9999
2018-01-04,sp500,0.0040205428553269,0.003886937165354,0.0036930375986046,0.0037518385676026,1.1438699529871534,0.0030607482055664,0.0017638676451789,1.0525040868315645,0,Calm/Bull,1.0
2018-01-05,sp500,0.0070091458885853,0.0040295384704669,0.0037674178255201,0.00566138557853,1.0023709485465175,0.0040961135826996,0.0021200305481347,1.069575676786169,0,Calm/Bull,1.0
2018-01-08,sp500,0.0016609637672969,0.0040261249965463,0.003767088213635,0.0039705472063916,1.0052916115553907,0.0054676327947086,0.0020566753859941,1.0687631316871442,0,Calm/Bull,0.9999
2018-01-09,sp500,0.0013020835172984,0.0039462171569912,0.0037478222459677,0.0040998168117868,1.0681898032675126,0.0040742338544887,0.0018472194600831,1.0529360513927617,0,Calm/Bull,1.0
2018-01-10,sp500,-0.0011128458115206,0.0039861061446495,0.0037600557537645,0.0053634485975081,1.095430748100652,0.0025759780433974,0.0016317350634223,1.060118893359146,0,Calm/Bull,1.0
2018-01-11,sp500,0.007009025768882,0.0041631763440094,0.0038330430243288,0.005340454763025,1.1142532164724834,0.0031736746261084,0.0019048001657619,1.0861282583016347,0,Calm/Bull,0.9999
2018-01-12,sp500,0.006726926399094,0.0042569778708912,0.0038950418257636,0.0065357633017797,1.0960667915032687,0.0031172307282101,0.0022647999342241,1.0929222486735537,0,Calm/Bull,0.9999
2018-01-16,sp500,-0.0035307132616026,0.0042155249321953,0.0039462871282412,0.0140109016571616,1.314588705163812,0.0020788953224302,0.0022922226576821,1.0682255992037195,0,Calm/Bull,0.9969
2018-01-17,sp500,0.009371006206502,0.0042527058294347,0.0040773211732351,0.0102264200055648,1.1765801466340564,0.0036926798602709,0.0023140572975001,1.043014677713116,0,Calm/Bull,0.9998
2018-01-18,sp500,-0.0016176974974736,0.0042763070230735,0.0040688193889378,0.0047426294186644,1.1499983464096362,0.0035917095230803,0.0019657484936465,1.0509945550052684,0,Calm/Bull,1.0
2018-01-19,sp500,0.0043756479869901,0.0041250671840997,0.0040248952526642,0.0043589651592925,1.150841462220029,0.0030650339667019,0.002346305795152,1.02488808407354,0,Calm/Bull,1.0
2018-01-22,sp500,0.0080343643822132,0.0042405090078346,0.0041117817527352,0.0087928613317396,1.0742627850549318,0.0033265215633258,0.0027894358179413,1.031306927954968,0,Calm/Bull,1.0
2018-01-23,sp500,0.0021720049682223,0.0042388344525064,0.0040280383826247,0.0041033354670654,1.086020727117488,0.0044670652092908,0.0027988517157194,1.0523321899788631,0,Calm/Bull,1.0
2018-01-24,sp500,-0.000560132547232,0.004243013060214,0.0040385997177088,0.0099240580649846,1.219670223478787,0.002480837458544,0.0027937586702635,1.0506149053615847,0,Calm/Bull,0.9998
2018-01-25,sp500,0.0006024393988328,0.0041794002325209,0.0039543541430935,0.0062059054988113,1.1260026339582927,0.0029248648378053,0.0028768294252081,1.0569109597380115,0,Calm/Bull,1.0
2018-01-26,sp500,0.0117716381060841,0.0045918497438901,0.0041161532155822,0.0092904254136641,0.991836505171298,0.0044040628616241,0.0034258799150002,1.115568226786856,0,Calm/Bull,0.997
2018-01-29,sp500,-0.006754736284863,0.0051198027883557,0.0042619220914052,0.0067075294537784,1.0037814374218903,0.0014462427282088,0.0029965271506111,1.2012896243881317,0,Calm/Bull,0.993
2018-01-30,sp500,-0.010958642805337,0.0057307761016572,0.004565034665956,0.0069018473232483,1.0985588922163312,-0.001179886826503,0.0027084266249816,1.2553631069649365,0,Calm/Bull,0.9428
2018-01-31,sp500,0.0004888658586947,0.0055959248257476,0.0045637426070047,0.0092853167029876,1.156979737628931,-0.0009700871453176,0.0023194160069965,1.226170121241861,0,Calm/Bull,0.9937
2018-02-01,sp500,-0.0006482983520233,0.0055480488661085,0.0045672526467496,0.0082424432230597,1.0698408612458596,-0.0012202346954888,0.0019680794271985,1.2147453393139696,0,Calm/Bull,0.9979
2018-02-02,sp500,-0.0214366805166988,0.0075950217386848,0.0054393591937917,0.0177218136903947,1.1574307353486095,-0.0078618984200454,0.0006952182585972,1.3963081804477029,2,Stress/Bear,0.9643
2018-02-05,sp500,-0.0418425409383814,0.0120225088438361,0.0077636590569234,0.0472717288700207,1.378203052976519,-0.0148794593507491,-0.001747366082751,1.5485621864235144,2,Stress/Bear,1.0
2018-02-06,sp500,0.017290573348937,0.0127421510407416,0.0080644965737387,0.0400609894129995,1.484156556338431,-0.0092296161198943,-0.000965885603669,1.580030560399172,2,Stress/Bear,1.0
2018-02-07,sp500,-0.0050141382237526,0.0127612402099908,0.0080776131024348,0.0172802835813544,1.1483818155124847,-0.0103302169363838,-0.0012816966907216,1.5798281061696573,0,Calm/Bull,0.9859
2018-02-08,sp500,-0.0382590522458017,0.0152046392900137,0.0095093243344361,0.0405695315526927,1.290345991957231,-0.0178523677151394,-0.0031390070124356,1.598918993114271,2,Stress/Bear,1.0
2018-02-09,sp500,0.0148256451995243,0.0155751678974628,0.0096997987553479,0.0404573222474451,1.343314906588301,-0.0105999025718948,-0.0027481760409035,1.6057207257908774,2,Stress/Bear,1.0
2018-02-12,sp500,0.0138186656781862,0.015879976278727,0.0098507329443385,0.0188856009977409,0.955222240897358,0.0005323387514186,-0.0023935890769489,1.612060378497379,0,Calm/Bull,0.9407
2018-02-13,sp500,0.0026095219802775,0.0159161490813974,0.0098222962342006,0.0119266714475179,0.8308123893616441,-0.0024038715223132,-0.0020865773148549,1.620410207745342,0,Calm/Bull,0.9777
2018-02-14,sp500,0.013313439808897,0.0160889949281645,0.009911378621138,0.0197248169553632,0.9488787477072954,0.0012616440842166,-0.0018894556347351,1.6232852707141512,0,Calm/Bull,0.8831
2018-02-15,sp500,0.0119968617767752,0.0163863671606164,0.0100071862015211,0.0152643314849072,0.874261748689071,0.011312826888732,-0.0012087276710227,1.6374600043042624,2,Stress/Bear,0.7094
2018-02-16,sp500,0.0003733996499216,0.0163389501072072,0.0100073770172205,0.0107274724463646,0.8634089919851775,0.0084223777788115,-0.0014088400878761,1.6326905720741258,0,Calm/Bull,0.8466
2018-02-20,sp500,-0.0058585171068373,0.0162111713084008,0.0100180169896438,0.0113538791499146,0.8618028521881163,0.0044869412218068,-0.0021034841623287,1.6182016186595831,0,Calm/Bull,0.9118
2018-02-21,sp500,-0.0055116644833109,0.0161955539311499,0.0100487946598871,0.0171989203813804,0.8927722146018906,0.0028627039290891,-0.0024876676349053,1.6116912007167792,0,Calm/Bull,0.9076
2018-02-22,sp500,0.0009730774855778,0.016208781252641,0.0100472146004533,0.0123855348149325,0.8803709056560557,0.0003946314644253,-0.0024110071332648,1.6132611770738614,0,Calm/Bull,0.9687
2018-02-23,sp500,0.015901278245121,0.0167116779473435,0.0102373106992047,0.0123830739004141,0.7633428653001664,0.0011755147580944,-0.0016460651909504,1.632428519400278,2,Stress/Bear,0.5135
2018-02-26,sp500,0.0116884386206273,0.0167081721267497,0.0102679599156273,0.0096632113748658,0.8200604464052095,0.0034385225522356,-0.0016502251652232,1.627214389619955,0,Calm/Bull,0.6918
2018-02-27,sp500,-0.0127883114414675,0.0168589786030015,0.0104188805274277,0.0163722109846554,0.893586800502133,0.0020525636853095,-0.0019519039230535,1.6181180462354132,2,Stress/Bear,0.9022
2018-02-28,sp500,-0.011157806083656,0.0168646365248475,0.0104838150550547,0.0176798027464931,1.0080888025019286,0.0009233353652405,-0.0019618620869694,1.6086354477148332,2,Stress/Bear,0.888
2018-03-01,sp500,-0.0134139658548764,0.0170438806952952,0.0106307515332179,0.026605217339294,1.0691704739198322,-0.0019540733028503,-0.002657003672648,1.603262068729389,2,Stress/Bear,0.9878
2018-03-02,sp500,0.0050587854851985,0.0171268540739246,0.0106475949218022,0.0181811171911286,0.9225088970397096,-0.0041225718548348,-0.0023716494807869,1.608518562145463,2,Stress/Bear,0.9666
2018-03-05,sp500,0.0109716176105265,0.0167572544507482,0.010721512678984,0.0192360320395658,0.8915543111965447,-0.0042659360568549,-0.0007512345744256,1.562956175353431,2,Stress/Bear,0.9848
2018-03-06,sp500,0.0026353829319968,0.0136870384164664,0.0107244176908988,0.0076316538367229,0.8282700307476336,-0.0011811971821621,0.0014726616190932,1.2762500315594587,0,Calm/Bull,0.9518
2018-03-07,sp500,-0.0004839918257163,0.0131733199158779,0.0107209909450214,0.0105838737366452,0.8589382587306021,0.0009535656694258,0.0005839333603605,1.2287408863072842,0,Calm/Bull,0.9958
2018-03-08,sp500,0.0044531482088846,0.0131316045778246,0.0107137306184948,0.006498811238721,0.8232962717675817,0.004526988482178,0.0010572976819924,1.2256799284420954,0,Calm/Bull,0.9966
2018-03-09,sp500,0.0172295467412075,0.0098359137163925,0.0109237970909619,0.0125710204436019,0.8895155220112201,0.0069611407333798,0.0038317276313428,0.9004116091217492,1,Transition,0.6289
2018-03-12,sp500,-0.0012747973379984,0.0095432752166709,0.0109264893458275,0.0063671732789437,0.875924572072716,0.0045118577436748,0.0030267055044667,0.8734072687596719,0,Calm/Bull,0.9407
2018-03-13,sp500,-0.0063839104143147,0.0094091053853571,0.0109640813852354,0.0156293398524372,0.9144224491482844,0.0027079990744125,0.0020165766998417,0.8581754416770174,0,Calm/Bull,0.5973
2018-03-14,sp500,-0.0057409698251887,0.0095653855872294,0.0109782668779509,0.0119041509092184,0.9351718879004768,0.001656603474518,0.0015990521095683,0.8713019726675431,0,Calm/Bull,0.9242
2018-03-15,sp500,-0.0007822363990965,0.0091678634330626,0.0109248007225064,0.0078476404293088,0.9825784619420018,0.0006095265529218,0.0008942682991687,0.8391790080139135,0,Calm/Bull,0.9463
2018-03-16,sp500,0.0017019979472317,0.008793030472184,0.0109071583513804,0.0043168908946435,1.470040207771517,-0.0024959832058733,0.0003795251076915,0.8061706073123165,0,Calm/Bull,0.666
2018-03-19,sp500,-0.0143060405413734,0.0093862211877042,0.0110618752417941,0.0172470239702235,0.9048850374270662,-0.0051022318465483,-0.0003544469018732,0.8485198922006522,1,Transition,0.5025
2018-03-20,sp500,0.0014807086617189,0.009302805493316,0.011062273786728,0.0052153975356797,0.8945163894949354,-0.0035293080313416,1.2514386554593416e-05,0.8409487662904424,0,Calm/Bull,0.7417
2018-03-21,sp500,-0.0018456921256294,0.0092240133475283,0.0110630477219536,0.0108224969875491,0.9434163858438376,-0.0027502524914297,0.0001958130044386,0.8337678349903692,0,Calm/Bull,0.8965
2018-03-22,sp500,-0.0254848869728544,0.0108590467730299,0.0115482480948511,0.0204599801598625,1.033606356904457,-0.0076907826061813,-0.0011270852184829,0.9403198375926364,1,Transition,0.9291
2018-03-23,sp500,-0.0211898073117506,0.0109645823682962,0.0118604191270131,0.0277329283093837,1.042155057501983,-0.0122691436579777,-0.0029816394963265,0.924468372565644,1,Transition,0.9795
2018-03-26,sp500,0.0267950407060353,0.0124483105687389,0.0123754371587873,0.0223994462148171,0.9615506651413016,-0.004048927408496,-0.0022263093920561,1.0058885523813446,1,Transition,0.9092
2018-03-27,sp500,-0.0174272856453219,0.0126962200590676,0.0125713689008364,0.0301076729800476,1.0220925489786874,-0.0078305262699041,-0.0024582581022488,1.0099313892716018,1,Transition,0.9474
2018-03-28,sp500,-0.0029209188994626,0.0125316980753551,0.0125602984939248,0.015197636756238,1.0584839617580024,-0.0080455716246708,-0.0020464137430391,0.9977229507257724,1,Transition,0.597
2018-03-29,sp500,0.0136757774938434,0.0127012204612995,0.0126429132614778,0.0186870597440844,0.98834960588966,-0.0002134387313312,-0.0006919265756031,1.0046118484415605,1,Transition,0.6318
2018-04-02,sp500,-0.0225906823434958,0.0135206648550696,0.0129317222850885,0.0327280910945989,1.0094631793656128,-0.0004936137376803,-0.0020743999670379,1.0455424696724438,1,Transition,0.5352
2018-04-03,sp500,0.012535961315741,0.0136043741184823,0.0130321514785494,0.0166956350892029,0.9472868340313488,-0.0033454296157391,-0.0019961827817771,1.0439085319776045,1,Transition,0.747
2018-04-04,sp500,0.0115001023464467,0.0139043159841287,0.0130898548275786,0.0288313570548296,0.940123468933189,0.0024400479826145,-0.0015529468110546,1.0622207936816943,1,Transition,0.8826
2018-04-05,sp500,0.0068394214016512,0.0140298134007464,0.0131221091853726,0.0084496249332882,0.9036158985578616,0.0043921160428373,-0.0011867761496863,1.0691736520822144,0,Calm/Bull,0.5136
2018-04-06,sp500,-0.0221640670570649,0.0147124934320107,0.0134132660433859,0.0271110299122349,0.925165648554976,-0.0027758528673443,-0.0025176369129837,1.096861374733214,1,Transition,0.9292
2018-04-09,sp500,0.0033309949675928,0.0140437072296383,0.013424413676838,0.016363334508338,0.8628035153996827,0.0024084825948733,-0.0032125645016645,1.0461318883422712,1,Transition,0.881
2018-04-10,sp500,0.016588598996314,0.0147249602450493,0.013575461699854,0.0111672458819356,0.998810345390528,0.0032190101309879,-0.0023193946849488,1.084674729346972,1,Transition,0.9382
2018-04-11,sp500,-0.0055406857724611,0.0147139130487436,0.013554375648725,0.0083945258034023,0.8556307318585133,-0.0001891474927936,-0.0022772334528562,1.085547090479797,1,Transition,0.88
2018-04-12,sp500,0.008216898697657,0.0148711549513676,0.0136002764196159,0.0078415807321735,0.8572503486688514,8.634796640755743e-05,-0.0015793400267139,1.0934450515960663,1,Transition,0.8625
2018-04-13,sp500,-0.0028907998267066,0.0148726806998455,0.01353853448068,0.0132552649513497,0.8478894969502204,0.0039410014124792,-0.0016847681980944,1.0985443602532734,1,Transition,0.7546
2018-04-16,sp500,0.008076336801563,0.0150166808458413,0.0135874984853997,0.0079654039916184,0.8873408942498827,0.0048900697792732,-0.0013660512553778,1.1051836261087562,1,Transition,0.8407
2018-04-17,sp500,0.0106050716138667,0.0149196967188726,0.0136508384633158,0.0078665823874397,0.9659021852787794,0.0036933643027838,-0.0001204956476158,1.0929509391651382,1,Transition,0.7675
2018-04-18,sp500,0.0008310204075532,0.0149167339382412,0.0136049632514253,0.0051169989262333,1.000839060656855,0.0049677055387866,-0.0001529800603241,1.0964185395119286,1,Transition,0.8633
2018-04-19,sp500,-0.0057425817958325,0.0149653796306003,0.0136145374389243,0.0077754087095891,0.9908793896047676,0.0021758094400887,-0.0003478245438342,1.099220571961107,1,Transition,0.8297
2018-04-20,sp500,-0.0085731771883527,0.0139109449231554,0.013650601512001,0.0124824298820515,1.0114870904293227,0.0010393339677595,0.0004977609453907,1.0190719369344643,1,Transition,0.5419
2018-04-23,sp500,5.623011118453955e-05,0.0129453263497045,0.0136496877272774,0.0093136389020241,0.9047622886286016,-0.0005646873703161,0.0015600628165375,0.9483972533550856,1,Transition,0.6201
2018-04-24,sp500,-0.0134708880064751,0.0119033523241698,0.0136376689087615,0.0251389146558691,1.10652674558419,-0.0053798792943845,-0.0004532336190879,0.8728289566058133,1,Transition,0.9951
2018-04-25,sp500,0.0018353742328236,0.0112171694406494,0.0136260484241132,0.0123627067365388,1.0642959366764704,-0.0051790085293304,0.0005098993748192,0.823215145837814,1,Transition,0.9934
2018-04-26,sp500,0.0103801441873769,0.0113959323759129,0.0136481411186664,0.0109938990016831,1.105346507137141,-0.0019544633326885,0.0011749525291612,0.8349805498660037,1,Transition,0.9904
2018-04-27,sp500,0.0011130052713638,0.0110103307230328,0.0136494898569479,0.0068691785469777,0.9735874033921792,-1.7226840745243695e-05,0.0005468139180372,0.8066477823292694,1,Transition,0.9967
2018-04-30,sp500,-0.0082211925489212,0.009826201178174,0.0136817774258757,0.0131531041644827,1.126673930406323,-0.0016727113727664,0.001265288407766,0.7181962454373907,1,Transition,0.9998
2018-05-01,sp500,0.0025458021710273,0.0094705967299279,0.0134242948590163,0.0112475918610351,1.0678971733614684,0.0015306266627341,0.0007657804505303,0.7054818766564213,1,Transition,0.9999
2018-05-02,sp500,-0.0072319512014023,0.0092774355562376,0.0123231569304246,0.0110674579443823,1.2008303996413252,-0.000282838424111,-0.0001708222268621,0.7528456878880329,1,Transition,0.9771
2018-05-03,sp500,-0.002256217585064,0.0091375864173112,0.0121126338429303,0.0161688750200299,1.1368268945730935,-0.0028101107785992,-0.0006256041761978,0.7543847635289076,1,Transition,0.9691
2018-05-04,sp500,0.0127298100283349,0.0080785511909278,0.0122144875802175,0.0208791196703603,0.9800413318942884,-0.000486749827205,0.0011190896780721,0.6613909210576926,1,Transition,0.9999
2018-05-07,sp500,0.0034519805549899,0.0080803397547854,0.0111470009684929,0.0069782002380175,0.957246228920568,0.0018478847935771,0.0011251389574419,0.7248891228792961,1,Transition,0.5582
2018-05-08,sp500,-0.0002656766117338,0.0072153285724601,0.0109892909732353,0.0079119649304141,1.0947335805309244,0.0012855890370249,0.0002824251770395,0.6565781714246365,1,Transition,0.8869
2018-05-09,sp500,0.0096356479348687,0.0073671263459627,0.0109152863327039,0.010056426393565,1.129815877526706,0.0046591088642791,0.001041241862406,0.6749366092110355,1,Transition,0.929
2018-05-10,sp500,0.0093270116038483,0.0074279655534724,0.0109740841211348,0.0079212314842749,0.971242584544595,0.0069757547020616,0.0010967475077156,0.6768642805614206,1,Transition,0.9658
2018-05-11,sp500,0.0017061392709612,0.0073689712383871,0.0108436171530929,0.0056494641735631,0.827282465516708,0.0047710205505869,0.001326594462599,0.6795676326773766,1,Transition,0.7119
2018-05-14,sp500,0.0008830995101265,0.0071956987814917,0.0107326734946492,0.006091331792608,0.8620004960081135,0.0042572443416142,0.0009669325980272,0.6704479349976677,1,Transition,0.7066
2018-05-15,sp500,-0.0068656550439908,0.0070224374577374,0.0107689575643738,0.0061517549951607,0.9473821622929413,0.0029372486551628,9.339626513433652e-05,0.6521000213585478,1,Transition,0.9181
2018-05-16,sp500,0.0040523398475144,0.0070769761200638,0.010755557879187,0.0057264709543263,0.9372942397814534,0.0018205870376919,0.0002544622371323,0.6579831747973204,1,Transition,0.806
2018-05-17,sp500,-0.0008562387886101,0.0069421046835545,0.0107316095540282,0.0075731139331941,1.0020721947762252,-0.0002160630407997,0.0004987793874935,0.6468838293645142,1,Transition,0.6998
2018-05-18,sp500,-0.0026356652545503,0.0066547378295189,0.0107368336704079,0.003803974415795,0.9753689269895304,-0.001084423945902,0.0007956549841836,0.6198045004515793,1,Transition,0.8773
2018-05-21,sp500,0.0073596045479333,0.0068105834700098,0.0105786325464226,0.0049359461495466,0.880000288195858,0.0002108770616593,0.001160823706021,0.6438056563665132,1,Transition,0.6417
2018-05-22,sp500,-0.0031406885928751,0.0059840897221899,0.0104715449605482,0.007473134978107,0.9799817187687548,0.0009558703518824,0.001677333676701,0.5714619709637029,1,Transition,0.7541
2018-05-23,sp500,0.0032431452068987,0.0059943173275155,0.0103522263628465,0.008703810690599,0.9684513004677135,0.0007940314237593,0.0017477222254048,0.5790365393311695,1,Transition,0.6236
2018-05-24,sp500,-0.0020252629577225,0.0056880621349819,0.0102530552658383,0.0090147548914091,0.9603289099116056,0.0005602265899368,0.0011274518681498,0.5547675290441154,1,Transition,0.6612
2018-05-25,sp500,-0.0023600030541859,0.0057412909329861,0.0101046184721227,0.0045456143989791,0.8841052607350518,0.0006153590300096,0.0009538014518723,0.5681848304144815,0,Calm/Bull,0.5316
2018-05-29,sp500,-0.0116315725117922,0.0060694038477853,0.0101998281182733,0.0125879644029902,1.0976767863224903,-0.0031828763819354,0.0007832824537288,0.595049620190342,1,Transition,0.5727
2018-05-30,sp500,0.0126158753519238,0.0066163635207274,0.0102319873114949,0.0098788756845703,1.0457703579790611,-3.1563592975628746e-05,0.0012867861127736,0.6466352351018227,1,Transition,0.5153
2018-05-31,sp500,-0.0069033332434342,0.006594466694381,0.0102646944390576,0.0080657635658697,1.2400518230612625,-0.0020608592830422,0.001303217010672,0.6424415976075044,0,Calm/Bull,0.7793
2018-06-01,sp500,0.0107907997092398,0.0068636580951285,0.0103610439586504,0.0066663666935571,1.0829186988009163,0.0005023532503502,0.0019555678753872,0.6624485063976697,0,Calm/Bull,0.5986
2018-06-04,sp500,0.0044695948983522,0.0064150756925912,0.0103611627005876,0.0031380708512351,0.9985097415816652,0.0018682728408578,0.0015425571188881,0.6191463137845902,1,Transition,0.5473
2018-06-05,sp500,0.0007023462695756,0.0064014503236195,0.01011337268335,0.0047657513909878,1.0278684481244476,0.0043350565971314,0.0014050754046173,0.6329688941611392,0,Calm/Bull,0.6588
2018-06-06,sp500,0.0085309006373119,0.0065803125147808,0.0101752002909645,0.0086316413142969,1.069768236547762,0.0035180616542091,0.0018449042670696,0.6467010306051767,0,Calm/Bull,0.6377
2018-06-07,sp500,-0.0007144436219845,0.0063378898115745,0.0101417861047977,0.0071253981956805,1.095674141413313,0.004755839578499,0.001327399689227,0.624928365288273,0,Calm/Bull,0.516
2018-06-08,sp500,0.0031210289077513,0.0060719618867872,0.0101208183072099,0.0056853666642449,0.9223142997135813,0.0032218854182013,0.0010171005544221,0.5999477218617385,0,Calm/Bull,0.5594
2018-06-11,sp500,0.0010681370069403,0.0060698269287711,0.0101206613870729,0.0036089284911933,0.9531155659161108,0.0025415938399189,0.0009852004412211,0.5997460735643336,0,Calm/Bull,0.5509
2018-06-12,sp500,0.0017418672787038,0.0060721037105346,0.0101207623815271,0.0039542921739916,0.9973978590361584,0.0027494980417445,0.0010281388296499,0.5999650502236576,0,Calm/Bull,0.5522
2018-06-13,sp500,-0.0040342545414114,0.0059091963539528,0.0099566062899943,0.0060599103877392,1.1007240411478354,0.0002364670059999,0.0011697088547789,0.5934950305196964,0,Calm/Bull,0.8065
2018-06-14,sp500,0.0024685005225036,0.0058790676867721,0.0099592719888068,0.0045067687957589,1.0158257943378284,0.0008730558348975,0.0010905168885284,0.5903109879295981,0,Calm/Bull,0.7483
2018-06-15,sp500,-0.001017620315494,0.0058819902783253,0.0099566844228078,0.0075836896568412,1.521008621389516,4.532599024846453e-05,0.0010824478121842,0.5907579299040033,0,Calm/Bull,0.8739
2018-06-18,sp500,-0.0021283911808865,0.0058661860602012,0.0093661412332518,0.0064424959159531,0.9260061051082216,-0.0005939796473169,0.0011078115158674,0.6263183432868781,0,Calm/Bull,0.9722
2018-06-19,sp500,-0.0040315179513912,0.0057795945342785,0.0089353825451287,0.0079129030100032,1.0163833804888645,-0.0017486566933359,0.0005382553909011,0.6468211635135176,0,Calm/Bull,0.9867
2018-06-20,sp500,0.0017106902241125,0.0057185465921888,0.0082745168275938,0.0039569674060116,0.9231881289422418,-0.0005996677402311,0.0007808243317505,0.6911033854108138,0,Calm/Bull,0.9941
2018-06-21,sp500,-0.0063657288432202,0.0059015047259536,0.0079825848119236,0.0090517487454737,0.924374462277824,-0.0023665136133759,0.0003003806292446,0.739297466296697,0,Calm/Bull,0.9942
2018-06-22,sp500,0.0018602032551338,0.0058848466810269,0.0079681273408236,0.0041707772110356,1.4704467790589248,-0.0017909488992503,0.0004946539398874,0.7385482722993976,0,Calm/Bull,0.9939
2018-06-25,sp500,-0.0138197229677706,0.006681408019747,0.0080133373660726,0.0162932932966212,0.9765951000426945,-0.0041292152566271,-7.833205579180265e-05,0.8337859389316619,0,Calm/Bull,0.9541
2018-06-26,sp500,0.0022021505056967,0.0061144250943474,0.0074211772969807,0.0063567508907843,0.9536513525046942,-0.0028824815652095,0.0006133540950826,0.8239157817769809,0,Calm/Bull,0.9977
2018-06-27,sp500,-0.0086415863131411,0.0057552589775288,0.0073611352102828,0.0173024477820129,1.0132549221837353,-0.0049529368726602,-0.0004495189881706,0.7818439429680967,0,Calm/Bull,0.9308
2018-06-28,sp500,0.0061596800190312,0.0057254500598582,0.007257857989266,0.0119095747386798,0.9315982760681176,-0.0024478551002099,0.0002036316749526,0.788862232951629,0,Calm/Bull,0.9911
2018-06-29,sp500,0.000758115887517,0.0051606883358362,0.0072093522824782,0.0092812896629593,0.9668308915246632,-0.0026682725737333,-0.0002980025161334,0.7158324539610792,0,Calm/Bull,0.9926
2018-07-02,sp500,0.0030632608342934,0.0051015508236656,0.0065828305712218,0.010382497221676,0.8378333017514414,0.0007083241866794,-0.0003683192193364,0.7749782967175348,0,Calm/Bull,0.9925
2018-07-03,sp500,-0.0049596292805336,0.0051952483373844,0.0066149779633367,0.0093690029891079,0.5289781044420838,-0.0007240317705666,-0.0006514179968418,0.7853765146579298,0,Calm/Bull,0.9954
2018-07-05,sp500,0.0085838567455378,0.0052001856460052,0.0063635313047067,0.0079697354528508,0.8325947245663301,0.0027210568411691,-0.0006487701914305,0.8171855212150742,0,Calm/Bull,0.9949
2018-07-06,sp500,0.0084455176005801,0.0055833549491226,0.0063948580504704,0.0111927197473015,0.7354960129457521,0.0031782243574789,-0.0001907721303023,0.8731006857473405,0,Calm/Bull,0.9971
2018-07-09,sp500,0.0087842907853415,0.0058950617100442,0.0064065320619234,0.0049996667824159,0.8725892528380269,0.0047834593370438,9.239096357715912e-05,0.9201642406631948,0,Calm/Bull,0.9997
2018-07-10,sp500,0.0034672493188218,0.0059401980310863,0.0063981131940433,0.0033431003911454,0.8777243124852888,0.0048642570339495,0.0002123465791712,0.9284296558892882,0,Calm/Bull,0.9998
2018-07-11,sp500,-0.0071194863719165,0.006146985832817,0.0064076193415942,0.0054577445265457,0.8564345446400352,0.0044322856156729,-0.0002307211033597,0.959324439408358,0,Calm/Bull,0.9998
2018-07-12,sp500,0.0087109915801719,0.0063878525998619,0.0063619358935646,0.0063216968789184,0.8245198230888126,0.0044577125825997,0.0004065412027193,1.0040737138397515,0,Calm/Bull,1.0
2018-07-13,sp500,0.0010786555366086,0.0063717800285024,0.0063621972929315,0.0045836011087864,0.7724863138067344,0.0029843401698054,0.0003370489534246,1.001506199058218,0,Calm/Bull,1.0
2018-07-16,sp500,-0.0010286646208985,0.0063719040884715,0.0063119476479601,0.0027872946683185,0.8650494245371794,0.0010217490885574,0.0003364967381544,1.0094988811465826,0,Calm/Bull,1.0
2018-07-17,sp500,0.0039658243434434,0.0063935059396693,0.0062084924899825,0.0088804081572712,0.9438633040851254,0.0011214640934817,0.0006412075143709,1.0298000601571715,0,Calm/Bull,1.0
2018-07-18,sp500,0.0021581820767374,0.006304604311778,0.0062098779392613,0.0038606476495693,0.96655486448224,0.0029769977832125,0.0009506925157773,1.0152541440336271,0,Calm/Bull,1.0
2018-07-19,sp500,-0.0039608268490495,0.0063955156810005,0.0059533622011818,0.0043787032008086,1.0192198849788368,0.0004426340973683,0.0006671166621192,1.074269541290633,0,Calm/Bull,1.0
2018-07-20,sp500,-0.0009488977712743,0.0061935164720282,0.0059579208785168,0.0034584329299279,1.0097693805979815,3.71234357916973e-05,0.0009379582157165,1.0395432565009255,0,Calm/Bull,1.0
2018-07-23,sp500,0.0018363623432315,0.0061933319199407,0.0058305577979699,0.0047988282558041,0.949300963956263,0.0006101288286177,0.0009367661701214,1.0622194538740588,0,Calm/Bull,1.0
2018-07-24,sp500,0.0047695188860535,0.0051730469043135,0.0058523902759042,0.0066904955680909,1.116216640540666,0.0007708677371397,0.0018662282628126,0.8839203573986312,0,Calm/Bull,0.9995
2018-07-25,sp500,0.0090604350703727,0.0054180003870553,0.0058203564625869,0.01064627647962,1.1660292011525617,0.0021513183358667,0.0022091424910464,0.9308708876994148,0,Calm/Bull,0.9992
2018-07-26,sp500,-0.0030369027488673,0.0049521493838158,0.005843087526032,0.0036335777343855,1.1956523688232297,0.0023361031559032,0.0024893766692601,0.8475227115378872,0,Calm/Bull,0.9987
2018-07-27,sp500,-0.0065838346448454,0.0052649989525893,0.0058279862924804,0.012356174973824,1.1202012100392351,0.0012091157811889,0.0018522009360662,0.903399336985844,0,Calm/Bull,0.9976
2018-07-30,sp500,-0.0057707893155871,0.0055320391860809,0.0058799228411899,0.0084314143970312,1.0693932145526723,-0.0003123145505747,0.001525755675911,0.9408353367033944,0,Calm/Bull,0.9999
2018-07-31,sp500,0.004872837219303,0.0055731546295932,0.0057003982235844,0.0058232291831736,1.2642990029975765,-0.0002916508839248,0.0016162344951615,0.9776781219485988,0,Calm/Bull,1.0
2018-08-01,sp500,-0.0010408930675711,0.0053958635024021,0.0056962177031117,0.0071018212051991,1.104646164451522,-0.0023119165115135,0.0018121713058096,0.9472712918704908,0,Calm/Bull,0.9999
2018-08-02,sp500,0.0049143495822087,0.0052127679182309,0.0057181530754873,0.0118737928306304,1.0956471917035246,-0.0007216660452983,0.0016286959476432,0.9116174137724784,0,Calm/Bull,0.999
2018-08-03,sp500,0.0046334320653479,0.0050163879849743,0.0056249526094492,0.0045803387532174,0.9457180537911728,0.0015217872967403,0.0014380916708816,0.8918098219258676,0,Calm/Bull,0.9998
2018-08-06,sp500,0.0035319826508016,0.0047415144197963,0.0055259549645655,0.0060728526476291,0.8972156124404516,0.003382341690018,0.0011754762641546,0.8580443471220168,0,Calm/Bull,0.9994
2018-08-07,sp500,0.0028202017464857,0.0047272401290687,0.0055310516278252,0.0026273014724452,0.9910819611129512,0.0029718145954545,0.0011431238855378,0.8546729351227382,0,Calm/Bull,0.9995
2018-08-08,sp500,-0.0002624143932951,0.0043282610054845,0.0055326672928798,0.0032718107832807,0.9266801049756388,0.0031275103303097,0.0014859774844688,0.7823100100479029,0,Calm/Bull,0.9966
2018-08-09,sp500,-0.0014427146770399,0.0040207654734433,0.0054496352846807,0.0036795883460537,0.950666380801387,0.00185609747846,0.0009782921716082,0.7378045067980877,0,Calm/Bull,0.9887
2018-08-10,sp500,-0.0071393122632444,0.0044109506319588,0.0055291729055,0.0057847767988511,1.0024571880001307,-0.0004984513872584,0.0005673937816156,0.7977595758619005,0,Calm/Bull,0.996
2018-08-13,sp500,-0.0040140376659802,0.0045170420756336,0.005558847542809,0.0083347283954622,0.9689662605327066,-0.0020076554506148,0.0004181251293615,0.8125860694771028,0,Calm/Bull,0.9967
2018-08-14,sp500,0.0063689300164174,0.00464648637141,0.0055911302146715,0.0058205149101532,0.9129250190976028,-0.0012979097966284,0.0005382804130102,0.8310459948182458,0,Calm/Bull,0.9983
2018-08-15,sp500,-0.0076312085813788,0.004971136357174,0.00562616260014,0.0090335761021007,1.1085521199996726,-0.0027716686342452,4.88108801044405e-05,0.883574953388354,0,Calm/Bull,0.9993
2018-08-16,sp500,0.0078882145526381,0.0051702122681948,0.0056846430469312,0.0067061345029068,0.9804959574260887,-0.0009054827883096,0.0006412629501888,0.9095051748211228,0,Calm/Bull,0.9998
2018-08-17,sp500,0.003317606375263,0.0051891326381649,0.0056852165511872,0.0076838260865989,0.9244157923415036,0.0011859009393919,0.0008545881575156,0.9127414217988326,0,Calm/Bull,0.9999
2018-08-20,sp500,0.0024250749021282,0.0051966592109096,0.0056781162802995,0.0031990663173275,0.8412502000415872,0.0024737234530136,0.0008840237854605,0.9152083110625342,0,Calm/Bull,0.9999
2018-08-21,sp500,0.002066399954627,0.0051249424682938,0.0056654773513136,0.0041599995361007,0.972243813107392,0.0016132174406555,0.0007488678388892,0.9045914669671388,0,Calm/Bull,0.9999
2018-08-22,sp500,-0.0003982310542435,0.0047395094046993,0.0054267460704316,0.0040149240552925,0.8387761274300055,0.0030598129460826,0.0002759345326583,0.8733611897787461,0,Calm/Bull,0.9997
2018-08-23,sp500,-0.0016926939235351,0.0046994193416443,0.0052195420421356,0.0051627943145684,0.858547693207501,0.0011436312508479,0.000343144973925,0.9003508935664132,0,Calm/Bull,0.9999
2018-08-24,sp500,0.0061797059282853,0.0045742028328257,0.0051655129325385,0.0048039318099013,0.8311662849851649,0.0017160511614524,0.0009813220025815,0.8855273217906448,0,Calm/Bull,0.9998
2018-08-27,sp500,0.0076411414071104,0.0045149546394135,0.0050797480667227,0.0046811445416103,0.9206671058339626,0.0027592644624488,0.0016519185387164,0.8888146774425313,0,Calm/Bull,0.9998
2018-08-28,sp500,0.0002692420775983,0.0044591084497205,0.0050594625330878,0.0035444171091219,0.8809489628625949,0.0023998328870431,0.0014217387816311,0.8813403440699284,0,Calm/Bull,0.9998
2018-08-29,sp500,0.0056852424689116,0.0045168700053827,0.0050970878541805,0.0062113414413046,0.9301497495609132,0.0036165275916741,0.0017580455584553,0.8861667945703741,0,Calm/Bull,0.9997
2018-08-30,sp500,-0.004440172044458,0.0046550508555338,0.0050459123510733,0.0059425089295422,0.9425802305832732,0.0030670319674895,0.0012903194771219,0.9225389843609964,0,Calm/Bull,0.9999
2018-08-31,sp500,0.0001344684673049,0.0045932904556596,0.0050429065322643,0.0050284291655454,0.9708751249439906,0.0018579844752934,0.0010653712972198,0.9108418778480096,0,Calm/Bull,0.9999
2018-09-04,sp500,-0.0016556920488793,0.0045931438763914,0.0050428812063547,0.0051955484065903,1.0345706336846496,-1.3822159044864658e-06,0.0008059875622357,0.9108173856253884,0,Calm/Bull,0.9999
2018-09-05,sp500,-0.0028070628012659,0.0046354254420657,0.0050627495275737,0.0059856118804845,1.087487043583936,-0.0006166431916773,0.0005246243348482,0.9155944643951656,0,Calm/Bull,0.9999
2018-09-06,sp500,-0.0036589910366181,0.0047270920321178,0.0050905227834593,0.0086030504492813,1.0495745942221724,-0.0024854898927833,0.000354795502682,0.928606399224388,0,Calm/Bull,0.9999
2018-09-07,sp500,-0.0022157978950144,0.0047456883878067,0.0050682117911277,0.0068565933094782,0.9950963611175,-0.0020406150628945,0.0003161413417833,0.9363634716517618,0,Calm/Bull,0.9999
2018-09-10,sp500,0.0018960282146933,0.0044173104010542,0.0050651093231244,0.003819775499197,0.9276945537609128,-0.0016883031134169,0.0007679083656802,0.8721056386457904,0,Calm/Bull,0.9996
2018-09-11,sp500,0.0037328656897154,0.0043143776212095,0.0050771854458696,0.0089130788194268,0.9838868833261576,-0.0006105915656979,0.001155253533465,0.8497577382601553,0,Calm/Bull,0.9982
2018-09-12,sp500,0.0003566083498935,0.0041378308707185,0.0050643671862871,0.0053480025717872,1.1250835913187596,2.21426645339446e-05,0.0008546374501388,0.8170479585134682,0,Calm/Bull,0.9975
2018-09-13,sp500,0.0052683521593913,0.0037308289136637,0.0050600975092824,0.0035707557491597,1.1096065597160516,0.0018076113037358,0.0014996154871773,0.7373037588346398,0,Calm/Bull,0.9724
2018-09-14,sp500,0.0002754439007663,0.0034201360967182,0.0050592706174055,0.0043132928216782,1.0784800920745157,0.002305859662892,0.0011189769545837,0.6760136698266029,0,Calm/Bull,0.8765
2018-09-17,sp500,-0.0055852909915492,0.0036878138279966,0.0050414835354139,0.0064005780676567,1.0079522808809724,0.0008095958216434,0.0006738320862431,0.7314937760069123,0,Calm/Bull,0.9551
2018-09-18,sp500,0.0053546528676252,0.0038169535675769,0.0050737601687438,0.0071411074630293,1.0438744780104183,0.0011339532572254,0.0008203109845179,0.7522928637996665,0,Calm/Bull,0.9748
2018-09-19,sp500,0.0012524880331719,0.0038072954404937,0.0046924012318926,0.0029367902494533,1.1128054713289484,0.0013131291938811,0.0007796153884452,0.8113746570981438,0,Calm/Bull,0.9962
2018-09-20,sp500,0.007810014185329,0.0041044577394129,0.0047693059277311,0.0051420518158747,1.1343904264870035,0.0018214615990686,0.0011900276504238,0.8605985444438827,0,Calm/Bull,0.9991
2018-09-21,sp500,-0.000368600937007,0.0040660110521418,0.0045956486775514,0.0047103615955029,1.7948035675899146,0.001692652631514,0.0012562322997502,0.8847523684748227,0,Calm/Bull,0.982
2018-09-24,sp500,-0.0035218823140138,0.0040262312116059,0.0045943394728831,0.0038227959463912,1.0637311042008226,0.002105334367021,0.0007711528876352,0.8763460417693616,0,Calm/Bull,0.9996
2018-09-25,sp500,-0.0013059484931179,0.0037071432086613,0.0046054302891094,0.0035156195701706,1.0369806990423227,0.0007732140948724,0.0003237983926238,0.8049504554281675,0,Calm/Bull,0.9946
2018-09-26,sp500,-0.0032946996811599,0.003794530499329,0.0046341191091136,0.0095905578267664,1.0520094453489417,-0.0001362234479939,0.0001456013046859,0.8188245511140485,0,Calm/Bull,0.9913
2018-09-27,sp500,0.0027594762285113,0.0036222084349684,0.0045708533979741,0.0061599008825926,0.950353545026238,-0.0011463310393574,-6.870073340668574e-07,0.7924578015505491,0,Calm/Bull,0.9877
2018-09-28,sp500,-6.870144138179519e-06,0.0034686246897622,0.0044687237486065,0.0044715575893486,1.0502872248904067,-0.0010739848807837,0.0002209780876819,0.7762002945122465,0,Calm/Bull,0.9774
2018-10-01,sp500,0.0036344923421985,0.0035513368485481,0.0043759126588008,0.0065479762663721,1.0167210280781962,0.0003572900504587,0.0003959792814266,0.8115648381157007,0,Calm/Bull,0.9928
2018-10-02,sp500,-0.000396768910279,0.0035241103759797,0.0042568061470672,0.0041218038294961,1.0284603146544105,0.0005391259670265,0.0004589254383566,0.8278766413658952,0,Calm/Bull,0.9972
2018-10-03,sp500,0.0007112667367183,0.0034392914639982,0.0042425304008359,0.0063236837126672,1.0801567660514413,0.0013403192506022,0.0006348419152558,0.8106698453641096,0,Calm/Bull,0.9915
2018-10-04,sp500,-0.0082030354210098,0.0038619905362268,0.0042788229744675,0.0123586926204007,1.0401795913384395,-0.000852183079302,0.0004076396960362,0.9025824529951224,0,Calm/Bull,0.9986
2018-10-05,sp500,-0.0055433145846221,0.0040481461697825,0.0042246615619752,0.0139833213402322,0.9846256320024992,-0.0019594719673988,0.0002412638615558,0.9582178620456944,0,Calm/Bull,0.9998
2018-10-08,sp500,-0.0003951947083496,0.0040312373061355,0.0042255950457791,0.0094888326967635,0.987530810878368,-0.0027654093775084,0.0001267027154037,0.9540046460822832,0,Calm/Bull,1.0
2018-10-09,sp500,-0.0014189098341542,0.0039525080468831,0.0042282675304944,0.0071380663277185,1.021936377719079,-0.0029698375622835,-0.0001308860607897,0.9347819215263748,0,Calm/Bull,1.0
2018-10-10,sp500,-0.033416389042602,0.0084214024574637,0.006062390830596,0.0320065170074525,1.2951007520340725,-0.0097953687181476,-0.0018195359304145,1.389122326947663,2,Stress/Bear,1.0
2018-10-11,sp500,-0.0207875799725415,0.0092425882821352,0.0066135030324551,0.0310184759316083,1.3655828026420236,-0.0123122776284539,-0.0031223325370111,1.3975329317576703,2,Stress/Bear,0.9998
2018-10-12,sp500,0.0141062354083762,0.0099968349042389,0.0068610687208228,0.0167430081301099,1.1052666346129152,-0.0083823676298542,-0.0024307929616306,1.457037571114729,0,Calm/Bull,0.8053
2018-10-15,sp500,-0.0059224822913,0.0100027175402359,0.0068999156481102,0.0098008065154577,0.909378516002256,-0.0094878251464443,-0.0024476525266182,1.4496869310243554,0,Calm/Bull,0.9815
2018-10-16,sp500,0.0212678280349012,0.0112154015279006,0.0074372910518133,0.0165663257752424,0.941011190121104,-0.0049504775726332,-0.0016519937682544,1.5079955120441402,0,Calm/Bull,0.912
2018-10-17,sp500,-0.0002526942626648,0.0111999251479947,0.0074111173992118,0.0125052535413822,0.9096827787438916,0.0016822613833542,-0.0017272528830462,1.5112329956054755,0,Calm/Bull,0.9999
2018-10-18,sp500,-0.0144964905753411,0.0113103192366643,0.0075422441325688,0.0183691397957644,0.9859816027585704,0.0029404792627942,-0.0028425781210797,1.4995960138474302,0,Calm/Bull,0.9717
2018-10-19,sp500,-0.0003612351352793,0.0113104041545897,0.0075346491343776,0.0135487645705451,1.0016231359298309,4.698515406315648e-05,-0.0028422098309934,1.5011188912546365,0,Calm/Bull,0.9999
2018-10-22,sp500,-0.0043087970964778,0.0113142610579057,0.0075087552303612,0.0107842039446198,0.9292043297244856,0.0003697221930275,-0.0028815555701166,1.5068091462293414,0,Calm/Bull,0.9999
2018-10-23,sp500,-0.0055270761806941,0.0113226900935445,0.0075058529943197,0.0226804773903411,1.2024872295994231,-0.0049892586500914,-0.0030926119544954,1.508514768689618,0,Calm/Bull,0.9971
2018-10-24,sp500,-0.0313507738611408,0.0129675477901524,0.008471504832011,0.0341478829779548,1.2795886668992535,-0.0112088745697866,-0.0044954156634944,1.530725419780467,2,Stress/Bear,1.0
2018-10-25,sp500,0.0184537179787141,0.0138729240940485,0.0088350169704289,0.0202766374165709,1.2333856375322978,-0.0046188328589756,-0.0037107035759843,1.5702204240785984,0,Calm/Bull,0.9048
2018-10-26,sp500,-0.0174791380100031,0.0141742721579027,0.0090659019617846,0.0241547424176725,1.2483522959503832,-0.0080424134339203,-0.0045843169692775,1.5634707078955026,0,Calm/Bull,0.8405
2018-10-29,sp500,-0.0065812082951939,0.0140459969094271,0.0090628842580803,0.0391140780288689,1.2008923559548488,-0.0084968956736635,-0.0050951020011472,1.549837392759804,2,Stress/Bear,1.0
2018-10-30,sp500,0.0155453229718774,0.0147608227002363,0.0092990755395513,0.0186719174608929,1.2815747747599078,-0.0042824158431492,-0.0042979974070393,1.5873430253851355,0,Calm/Bull,0.8442
2018-10-31,sp500,0.010792878754571,0.0151089302975489,0.0094110375605593,0.0114649058766555,1.2597721436480576,0.0041463146799931,-0.0037939168061467,1.6054478797182574,0,Calm/Bull,0.9613
2018-11-01,sp500,0.0105024988685292,0.015397826305099,0.0095248993081905,0.0119764202699866,1.1437211576264277,0.0025560708579561,-0.0028586400916697,1.6165867802779068,0,Calm/Bull,0.9949
2018-11-02,sp500,-0.0063367210558797,0.0154061268381105,0.0095522939795981,0.0206055342939632,1.0189789836466407,0.0047845542487808,-0.0028983104152326,1.6128195877362006,0,Calm/Bull,0.9148
2018-11-05,sp500,0.0055846936971941,0.0155149061705684,0.0095499673522422,0.0096154480543089,0.8702345972902643,0.0072177346472584,-0.0025993159949554,1.6246030586613085,0,Calm/Bull,0.9924
2018-11-06,sp500,0.0062397877444086,0.0156395880446656,0.0095789617439803,0.0071639806870669,0.8445818529775038,0.0053566276017646,-0.0022163811160273,1.6327017961517531,0,Calm/Bull,0.9937
2018-11-07,sp500,0.020987078560774,0.0146256997168127,0.0099333229273115,0.0145776917708982,0.9434327647359744,0.0073954675630052,0.0005037922641414,1.4723874199840548,0,Calm/Bull,0.873
2018-11-08,sp500,-0.0025120689884914,0.0137714118914756,0.0098898984497161,0.007039973641306,0.8954120112761635,0.0047925539916011,0.0014175678133439,1.3924725275486387,0,Calm/Bull,0.9936
2018-11-09,sp500,-0.0092415859153724,0.0136280344936762,0.009903556194654,0.0107371448923305,0.981998653387401,0.0042115810197025,0.0002501767471565,1.3760748387566744,0,Calm/Bull,0.993
2018-11-12,sp500,-0.0198981509854674,0.0143027980039598,0.0102065623322189,0.0198039742994217,0.8980888041754578,-0.0008849879168297,-0.0004486066875518,1.4013335282155015,2,Stress/Bear,0.7194
2018-11-13,sp500,-0.0014830188221738,0.0133582558818083,0.0101984831580493,0.0145545548723597,0.9900304171452946,-0.0024295492301462,-0.0015861490304055,1.309827714062077,0,Calm/Bull,0.998
2018-11-14,sp500,-0.0075961888184505,0.0134204540179204,0.0102286034943038,0.0225979045827492,1.0569509265657078,-0.0081462027059911,-0.0019533237581948,1.3120514472375535,0,Calm/Bull,0.7648
2018-11-15,sp500,0.0105380327426419,0.0133563107899471,0.0103357894506669,0.0236722159432898,0.9922934290317612,-0.0055361823597644,-0.0007015975922957,1.2922390547618248,2,Stress/Bear,0.6159
2018-11-16,sp500,0.0022208375374839,0.0133722437316546,0.0103423088075085,0.0126413283936614,0.9387474989836226,-0.0032436976691932,-0.0005724939586575,1.2929650410309073,0,Calm/Bull,0.9951
2018-11-19,sp500,-0.0167831612357214,0.0138384788302168,0.0105062468277143,0.0193515605789916,0.889149438200279,-0.0026206997192439,-0.0011962121656197,1.317166734909783,0,Calm/Bull,0.7962
2018-11-20,sp500,-0.0183179955565859,0.0143357946061394,0.0106732662885757,0.0143533316742414,1.0208837840261895,-0.0059876950661264,-0.0018357581344143,1.3431497180468508,2,Stress/Bear,0.45
2018-11-21,sp500,0.0030386693107672,0.0125620090001656,0.0106871796510032,0.0078907415096931,0.7696468988690774,-0.0038607234402828,-0.0001162859758189,1.1754278874676156,0,Calm/Bull,0.9838
2018-11-23,sp500,-0.0065764197118556,0.0118406974893691,0.0106648848454767,0.0062524541021459,0.4072458436602813,-0.0072836139311823,-0.0013677928603474,1.1102508522997396,0,Calm/Bull,0.8666
2018-11-26,sp500,0.0154129758453664,0.0117691935550533,0.010883938653301,0.0091193504267541,0.8827135062917563,-0.0046451862696058,0.000276812832421,1.0813358959427624,0,Calm/Bull,0.8026
2018-11-27,sp500,0.0032563843646126,0.0116726646555362,0.0108986671768909,0.0099323076071656,0.888850451403749,-0.000637277149539,0.0007686924654114,1.071017626842156,0,Calm/Bull,0.9927
2018-11-28,sp500,0.0227140513031137,0.012246269754604,0.0113310883905017,0.021729110587438,1.0284556323738423,0.0075691322224008,0.0011271288819732,1.080767295476169,1,Transition,0.88
2018-11-29,sp500,-0.0021854945453934,0.0120494074539707,0.0113296030419718,0.01125358245462,0.947760096513956,0.0065242994511687,0.0004782102169749,1.0635330654862534,0,Calm/Bull,0.9522
2018-11-30,sp500,0.0081375477166175,0.0119571067132975,0.0113830306685747,0.0101877325827001,1.2302870334170204,0.0094670929368633,0.0003599626593794,1.0504326186441384,0,Calm/Bull,0.7014
2018-12-03,sp500,0.0108820017943624,0.0120689229713009,0.0114786002099204,0.0096044781525748,1.113137329248787,0.0085608981266625,0.0012208988018915,1.0514281141066633,0,Calm/Bull,0.872
2018-12-04,sp500,-0.0329002288385561,0.0142139170394723,0.0122121590811462,0.0328696392206264,1.1772703406325653,0.0013295754860288,-0.0007033473248959,1.16391515579064,2,Stress/Bear,0.957
2018-12-06,sp500,-0.0015233879141442,0.0141200218272851,0.0121960467250814,0.0276785082803333,1.3223554607407255,-0.0035179123574227,-0.0010915061078236,1.157753995665413,1,Transition,0.8547
2018-12-07,sp500,-0.0235963354563222,0.0139694115357029,0.0125333823924348,0.0324335546016465,1.078562420175451,-0.0078000805396085,-0.0033206768086784,1.1145763448608237,1,Transition,0.6512
2018-12-10,sp500,0.0017606032229163,0.0140150248102078,0.0125092180445194,0.0243695426394107,1.0518427107447703,-0.0090754694383487,-0.003107043198108,1.120375770917848,1,Transition,0.9427
2018-12-11,sp500,-0.0003564096753056,0.0139510111702381,0.0125078749622492,0.0201192546358413,1.002280358257116,-0.0113231517322823,-0.0026627843861047,1.1153782087160682,1,Transition,0.95
2018-12-12,sp500,0.0054048710103512,0.0134438414709909,0.0125291929124432,0.0132700874490262,1.0147302476648965,-0.0036621317625009,-0.0013976332863137,1.073001394817641,0,Calm/Bull,0.6896
2018-12-13,sp500,-0.000199950312415,0.0134464736856951,0.0124986865030277,0.0124200809608006,1.0035960379255238,-0.003397444242155,-0.0013334798608258,1.0758309429105064,0,Calm/Bull,0.7706
2018-12-14,sp500,-0.0192712122686998,0.0139756759536028,0.0127006286665323,0.0158579900548341,1.0302975993640318,-0.0025324196046305,-0.0019172310333383,1.1003924546215884,1,Transition,0.8103
2018-12-17,sp500,-0.0209922848285766,0.0142719579376317,0.0128718712832455,0.0277264371409365,1.174849694663636,-0.0070829972149291,-0.0034937469118992,1.10877102665007,1,Transition,0.8915
2018-12-18,sp500,8.639685378910398e-05,0.0142349089919988,0.0128731899324379,0.0177836549391599,1.131555796262918,-0.0069944359091102,-0.0036004689460839,1.1057794584487293,1,Transition,0.8665
2018-12-19,sp500,-0.0155154591759368,0.0141758194953829,0.0129845143542085,0.0384250564931146,1.2688327412493083,-0.0111785019463678,-0.0035370838430947,1.0917481477301678,2,Stress/Bear,0.8761
2018-12-20,sp500,-0.0158978094841039,0.0140528001165658,0.0130972042142354,0.0277415086767475,1.3628575731406634,-0.0143180737807056,-0.0034160745394706,1.0729618235082368,2,Stress/Bear,0.5901
2018-12-21,sp500,-0.0208031204985406,0.0144811433343903,0.0133022718419911,0.0396669143815674,1.76264224281839,-0.0146244554266737,-0.004608164029936,1.0886218163635633,2,Stress/Bear,0.9999
2018-12-24,sp500,-0.0274865728783144,0.0153589551606047,0.0136461430458074,0.0251967112303852,0.5950097105369855,-0.0159233130366213,-0.0056536716882589,1.1255162069639602,1,Transition,0.7472
2018-12-26,sp500,0.048403177670805,0.0190649502358071,0.0152031374134708,0.0491064286738257,0.9595340849616684,-0.0062599568732181,-0.004004161596987,1.2540142022865937,2,Stress/Bear,1.0
2018-12-27,sp500,0.0085262289688169,0.01920646933135,0.0152511081711366,0.036627713981453,0.9277808729883606,-0.0014516192442673,-0.0037406693667768,1.2593490988214973,2,Stress/Bear,0.8962
2018-12-28,sp500,-0.0012423539102312,0.0181898969734747,0.0152493446519793,0.0190607735077946,0.8381552105891831,0.0014794718705071,-0.004938489627444,1.192831389715738,1,Transition,0.9688
2018-12-31,sp500,0.0084566258622068,0.0184287562577272,0.0153113950392469,0.010539091228351,0.7794440850208076,0.0073314211426566,-0.004406383607064,1.2035974651878376,1,Transition,0.8808
2019-01-02,sp500,0.0012676930626261,0.0182457598171244,0.0153011955268431,0.020724859433583,0.8494557276870424,0.0130822743308447,-0.0047498763397636,1.1924401452890143,2,Stress/Bear,0.7744
2019-01-03,sp500,-0.0250683318189151,0.0183949506365375,0.0155740198423296,0.0200907450084809,0.8816898940154747,-0.0016120275670992,-0.0065473930204275,1.1811305509282006,1,Transition,0.7236
2019-01-04,sp500,0.0337593990603464,0.0193813532226711,0.0162698799896449,0.0251743689461186,0.970565157862911,0.0034346064512066,-0.0032144116254823,1.191241314318638,2,Stress/Bear,0.8365
2019-01-07,sp500,0.0069859759952297,0.0195133801393735,0.0163126033899267,0.0163156518916496,0.958919285492469,0.0050802724322988,-0.0027889434300136,1.1962149555737631,1,Transition,0.9327
2019-01-08,sp500,0.0096485873364973,0.0190582920879278,0.0158491463467018,0.0125310307476218,0.9572459969054918,0.0053186647271569,-0.0011266972903726,1.2024806681082745,1,Transition,0.9593
2019-01-09,sp500,0.0040896713328221,0.0190839616022855,0.0156553028376744,0.0102245977425756,0.9507880660022354,0.0058830603811961,-0.0010102438848774,1.2190094180969808,1,Transition,0.9436
2019-01-10,sp500,0.0045082413744622,0.0191236931541186,0.0155480394541455,0.0137870672519708,0.8677873614313489,0.0117983750198716,-0.000767011332389,1.2299745707822811,1,Transition,0.8702
2019-01-11,sp500,-0.0001463085444824,0.0190696086645749,0.0155352981796225,0.0072681923676833,0.8094205197937017,0.0050172334989058,-0.0010445703101306,1.2275019406829446,1,Transition,0.9302
2019-01-14,sp500,-0.0052713945872494,0.0190914919063,0.0152670940943635,0.0073221103703018,0.8691664613136031,0.0025657593824099,-0.0012981425238724,1.2504993935518058,1,Transition,0.9073
2019-01-15,sp500,0.010664618879761,0.0187791666845812,0.0153459248514898,0.0107190667530008,0.8530443408098305,0.0027689656910626,0.0001986490335506,1.223723357589496,1,Transition,0.9735
2019-01-16,sp500,0.0022195205290883,0.0181057911268201,0.0152523340013566,0.0049998385523238,0.9281737521907722,0.0023949355303159,0.0013592393014338,1.1870833096895017,1,Transition,0.92
2019-01-17,sp500,0.0075627307062357,0.01815524017953,0.0152917325111428,0.014681539835723,0.9169589328925716,0.0030058333966706,0.0017330559940562,1.18725855074306,1,Transition,0.9863
2019-01-18,sp500,0.0130969128398557,0.0178492735349382,0.0153890860498495,0.0104428758592471,0.9803009875975972,0.0056544776735382,0.0031636745948458,1.1598657306301,1,Transition,0.9731
2019-01-22,sp500,-0.0142584768279724,0.0177606773861832,0.0154782310243633,0.0154240057683545,0.9798168638019726,0.0038570612253936,0.0032456412276524,1.1474617065882555,1,Transition,0.9541
2019-01-23,sp500,0.0022004899194508,0.0168424317833922,0.0149479581326244,0.0152839787511513,0.8862603873584598,0.0021642354333316,0.0043958217485519,1.126737955375532,1,Transition,0.9866
2019-01-24,sp500,0.0013747801109775,0.0151147773279562,0.0147497731962798,0.007640961124954,0.9002059452432547,0.0019952873497094,0.0058388893980165,1.0247464233394772,1,Transition,0.9855
2019-01-25,sp500,0.008452867700518,0.0113693638734727,0.0146200234217618,0.00564771485325,1.0028439720704936,0.0021733147485659,0.0038413738995022,0.7776570218450893,1,Transition,0.9994
2019-01-28,sp500,-0.0078777758487088,0.0116029086597396,0.0146309270758046,0.0079088871672079,0.9593277450360388,-0.0020216229891469,0.0030211736586259,0.7930398804958532,1,Transition,0.9994
2019-01-29,sp500,-0.0014573079351148,0.011607164570014,0.0144890278596697,0.0075302586410984,0.9321277206830734,0.0005386107894245,0.0030104259573817,0.801100300339865,1,Transition,0.9995
2019-01-30,sp500,0.01542960989156,0.0118808626051938,0.0145612021597911,0.0157027480833588,1.0231777247853828,0.0031844347838463,0.0033590751588494,0.8159259431203583,1,Transition,0.9992
2019-01-31,sp500,0.0085606488097677,0.011925130823123,0.0145391759118442,0.0112052245604322,1.284587401692617,0.0046216085236044,0.0037237229462064,0.820206791322222,1,Transition,0.9966
2019-02-01,sp500,0.0008982065848071,0.0098602183895441,0.0145175896244533,0.0073082615314686,0.981822670027412,0.0031106763004622,0.0050220498663926,0.6791911498128864,1,Transition,0.9999
2019-02-04,sp500,0.0067533811174796,0.0072109209793924,0.0145261295199061,0.009629813204256,0.884536306560498,0.0060369076936999,0.0036717489692492,0.4964103458881364,1,Transition,1.0
2019-02-05,sp500,0.0046973704373502,0.0071736218514921,0.0145161135547283,0.0054607705148534,0.9511200105538414,0.0072678433681929,0.0035573186913552,0.4941833655713925,1,Transition,1.0
2019-02-06,sp500,-0.0022269157175087,0.00713427086322,0.0142512889898548,0.0050996208219471,0.9295502295421914,0.0037365382463791,0.0029635435386549,0.5006053044253619,1,Transition,1.0
2019-02-07,sp500,-0.0094011932022302,0.0076419099769263,0.0142955019089642,0.0118475482771036,1.0964631677642962,0.0001441698439795,0.0022890003119023,0.5345674482498817,1,Transition,1.0
2019-02-08,sp500,0.0006759725660127,0.0076313739096116,0.0142512681196947,0.0096902341942587,0.9735892465034784,9.97230402207123e-05,0.0020973868714798,0.535487357722595,1,Transition,1.0
2019-02-11,sp500,0.0007088518038183,0.0076205290007396,0.0140209366182569,0.005262384496521,0.906411255278932,-0.0011091828225115,0.0021401448888949,0.5435106946291153,1,Transition,1.0
2019-02-12,sp500,0.0128078529028386,0.0077659950395943,0.0141181028626264,0.0093196176550694,1.0238260096275908,0.0005129136705861,0.0030441072633993,0.5500735555732892,1,Transition,1.0
2019-02-13,sp500,0.0030194315937109,0.0075564850757712,0.0140860228727831,0.0048020598043118,0.9806099276606214,0.00156218313283,0.0026618478990968,0.5364527052111908,1,Transition,1.0
2019-02-14,sp500,-0.0026551633836986,0.0076495465831345,0.014026573808047,0.0097132354837189,1.023817244924964,0.0029113890965364,0.0024181137034574,0.5453610188644897,1,Transition,1.0
2019-02-15,sp500,0.0108200046649575,0.0077980763200221,0.0140924452038748,0.0055555272130235,0.9734362525420212,0.0049401955163253,0.0025809774013935,0.5533515445479963,1,Transition,1.0
2019-02-19,sp500,0.001497621326592,0.0073957721764152,0.0139147074601075,0.0072092695024379,0.949177762047361,0.0050979494208801,0.0020010128257303,0.5315075575694558,1,Transition,1.0
2019-02-20,sp500,0.0017755335607409,0.0063331909237891,0.0136931242579934,0.0056809798169072,1.0486693739896382,0.0028914855524605,0.002802713345166,0.4625088332264322,1,Transition,1.0
2019-02-21,sp500,-0.0035326693258413,0.0064896994620753,0.0137018220572335,0.0061372131465431,0.9632402366540768,0.00158106536855,0.0025160553829014,0.473637698327083,1,Transition,1.0
2019-02-22,sp500,0.0063906386947104,0.006539997295108,0.0136862725786167,0.0054033753261712,0.918268027103413,0.0033902257842319,0.002766848312088,0.4778508726565976,1,Transition,1.0
2019-02-25,sp500,0.0012311044497517,0.0064075602027399,0.0135546874863324,0.0066163345824237,1.0331086339584024,0.0014724457411907,0.0024057601495497,0.4727191393531471,1,Transition,1.0
2019-02-26,sp500,-0.0007907696728402,0.0059913759720649,0.0135520613698143,0.0048856963246693,0.9832521891282724,0.0010147675413042,0.0027601104583431,0.4421007113655822,1,Transition,1.0
2019-02-27,sp500,-0.000544197436298,0.005960948701216,0.0132401781188655,0.007388008730512,1.005407699260803,0.0005508213418964,0.002805765983284,0.4502166547686002,1,Transition,1.0
2019-02-28,sp500,-0.0028295075989504,0.0052857822390852,0.0132424819280911,0.004029452697792,1.176247877271536,0.0006914536872746,0.0018928101087585,0.399153441763254,1,Transition,1.0
2019-03-01,sp500,0.006871656588713,0.0051861992385342,0.0132307571460417,0.0073617757848064,1.0705482722822874,0.0007876572660751,0.0018083604977057,0.3919805330329015,1,Transition,1.0
2019-03-04,sp500,-0.0038881073952551,0.0053386008147625,0.0131670420696632,0.0176238160384986,1.0560639863445602,-0.0002361851029261,0.0015690447987026,0.4054517929324958,1,Transition,1.0
2019-03-05,sp500,-0.0011321734897068,0.0052255579059011,0.0124396849068484,0.004828552389964,0.9675566714790758,-0.0003044658662995,0.0011747670683433,0.4200715649175524,1,Transition,1.0
2019-03-06,sp500,-0.006545473604125,0.0054274931577402,0.0124706886244749,0.0077865660593564,1.0098072887360667,-0.0015047210998648,0.0006126248662695,0.4352200043779702,1,Transition,1.0
2019-03-07,sp500,-0.0081589111383311,0.0057437076886408,0.012120274770954,0.0102439541238392,1.0387260716770257,-0.002570601807741,0.0003160250952284,0.4738925310839877,1,Transition,1.0
2019-03-08,sp500,-0.0021339641314536,0.0053101237327764,0.012125022120645,0.0079691231855132,0.912887771694614,-0.0043717259517743,0.0006793865487672,0.4379475501108597,1,Transition,1.0
2019-03-11,sp500,0.0145595355634894,0.0061506171108053,0.0122561826524981,0.0130743692522286,1.0021346451483504,-0.0006821973600254,0.0013735646986411,0.5018379119498235,1,Transition,1.0
2019-03-12,sp500,0.0029489657278051,0.0061582672959604,0.0122449831331436,0.0041518913744244,0.9131767234303736,0.0001340304834769,0.0014855703948404,0.5029216642440089,1,Transition,1.0
2019-03-13,sp500,0.0069255467570192,0.0057134654016993,0.0122690549246578,0.0076344974364069,1.0070846732616323,0.0028282345557058,0.0011914550875494,0.4656809702772372,1,Transition,1.0
2019-03-14,sp500,-0.0008683993315961,0.0057141366327073,0.0119808781691537,0.0041089981565664,0.9356735915966148,0.0042863369170528,0.0009970635412841,0.4769380467801652,1,Transition,1.0
2019-03-15,sp500,0.0049725194084307,0.0057120933681781,0.0116262305233984,0.007064688339415,1.5494251083599366,0.0057076336250296,0.0013784476808905,0.491310864401166,1,Transition,0.9996
2019-03-18,sp500,0.003699096798908,0.0052996486968608,0.0116269891222859,0.0047371007337128,0.9400923716952688,0.0035355458721134,0.0010224022875881,0.455805767178603,1,Transition,1.0
2019-03-19,sp500,-0.0001305700799267,0.0053044678867766,0.0114066845560148,0.0102909730881374,0.9464549871697088,0.002919638710567,0.0009409927172621,0.4650315225890513,1,Transition,1.0
2019-03-20,sp500,-0.0029486967407696,0.0053701294688815,0.0111819207501845,0.0110154299178962,0.9813465067270286,0.0009447900110092,0.0007047812021866,0.480251075719072,1,Transition,1.0
2019-03-21,sp500,0.0107940154946893,0.0057193185390561,0.0108158185157753,0.0150374718178885,0.9379256629356424,0.0032772729762663,0.0014211154432131,0.5287920216777157,1,Transition,0.9997
2019-03-22,sp500,-0.0191568271342732,0.0072097280601816,0.0104686580923665,0.0163136997559561,1.0926804132053185,-0.0015485963322744,0.000143742151764,0.68869648779902,1,Transition,0.9125
2019-03-25,sp500,-0.00083937283331,0.007208157695247,0.0086068849009021,0.008851619727409,0.8800808428659427,-0.002456290258718,4.0218287610920296e-05,0.8374874043559674,0,Calm/Bull,0.9963
2019-03-26,sp500,0.007157052947934,0.0073770398078406,0.00859134780696,0.0091823645933634,0.8539871469684881,-0.0009987656531459,0.0004376094186496,0.858659196856671,0,Calm/Bull,0.9967
2019-03-27,sp500,-0.0046551432765988,0.0074626113735223,0.0086249010316977,0.0134884476236459,0.8927907615564674,-0.0013400549603117,0.0002320621266345,0.8652402324497624,0,Calm/Bull,0.9933
2019-03-28,sp500,0.0035830547152617,0.0074619056974144,0.0085860797011675,0.007437537948613,0.8448695972291218,-0.0027822471161972,0.0005526902423452,0.8690701643964186,0,Calm/Bull,0.9969
2019-03-29,sp500,0.0067117060433246,0.0074548590895163,0.0086076476850494,0.0059271977868165,0.998479206531895,0.0023914595193223,0.0005446927150757,0.8660739103512183,0,Calm/Bull,0.9973
2019-04-01,sp500,0.0115021955180444,0.0077612317135508,0.0079242596469181,0.0072440333412522,0.9522130838526798,0.0048597731895932,0.0013142078607407,0.9794267299872328,0,Calm/Bull,0.9996
2019-04-02,sp500,1.7455554858152623e-05,0.0077464026931388,0.006794806567245,0.0049350254572144,0.8781536038402976,0.003431853710978,0.001371689312969,1.1400475666932168,0,Calm/Bull,1.0
2019-04-03,sp500,0.0021460724200891,0.007519341344781,0.006764149529027,0.0069882643584073,0.9625142489854508,0.0047920968503156,0.0018062666141797,1.1116462332054091,0,Calm/Bull,1.0
2019-04-04,sp500,0.0020824652429942,0.007144363326433,0.0066891022215133,0.0049108100140232,0.8292677136055342,0.0044919789558621,0.002318335433246,1.068060120752168,0,Calm/Bull,1.0
2019-04-05,sp500,0.0046257176230991,0.0070822721441291,0.0066924797101981,0.0035433533724437,0.8644245646816759,0.004074781271817,0.0026563195209736,1.058243349372728,0,Calm/Bull,1.0
2019-04-08,sp500,0.0010469117505236,0.0065082420896319,0.0066843089827559,0.0052386487092146,0.845369952036071,0.0019837245183128,0.0019806883303253,0.9736596716910956,0,Calm/Bull,1.0
2019-04-09,sp500,-0.0060859764356695,0.0067466915758821,0.0067574644273935,0.0047077357089048,0.8434012559738998,0.0007630381202073,0.0015289412221516,0.9984057849468282,0,Calm/Bull,1.0
2019-04-10,sp500,0.0034718377544999,0.006644721638953,0.0066981943161904,0.0036631956360837,0.8683513545428008,0.0010281911870894,0.0013562557720256,0.9920168518986976,0,Calm/Bull,1.0
2019-04-11,sp500,3.8122340342693696e-05,0.0066318271034094,0.0066013381108285,0.0039572939875453,0.8405237325970787,0.0006193226065591,0.0014015818556225,1.004618607935097,0,Calm/Bull,1.0
2019-04-12,sp500,0.0065875783895457,0.0066871991939391,0.0066313300983329,0.0041858293955428,1.088820366921111,0.0010116947598484,0.0014823348046783,1.0084250210406818,0,Calm/Bull,1.0
2019-04-15,sp500,-0.0006295672443571,0.0066817239267575,0.0065940542691293,0.0045154897936822,0.9169049801783216,0.0006763989608723,0.001265901602515,1.0132952587361357,0,Calm/Bull,1.0
2019-04-16,sp500,0.0005092283251399,0.0066762154904499,0.0064207857544275,0.0052802822600353,1.0055297755440025,0.0019954399130342,0.0012978915227684,1.0397816942959497,0,Calm/Bull,1.0
2019-04-17,sp500,-0.0022764008207388,0.006655368497885,0.0061035963050324,0.0077746726224371,1.080005873555147,0.0008457921979864,0.0013315063187699,1.090401161098692,0,Calm/Bull,1.0
2019-04-18,sp500,0.0015778468242496,0.0062738361575437,0.006103109812644,0.0056798035936288,1.039887611131669,0.0011537370947678,0.0008706978852479,1.0279736642696524,0,Calm/Bull,1.0
2019-04-22,sp500,0.0010115058169329,0.0041449993223724,0.0061035198532308,0.0045254635508471,0.9092960479652584,3.852258024531763e-05,0.0018791145328082,0.6791162185174758,0,Calm/Bull,0.9866
2019-04-23,sp500,0.0088023511749953,0.0043669347205554,0.0061103368253476,0.0094693456492165,1.1055009237128004,0.0019249062641158,0.0023612007332235,0.7146798687823575,0,Calm/Bull,0.9562
2019-04-24,sp500,-0.0021941686030362,0.0043268511847099,0.0060040080386149,0.0036826472958835,1.0407073910603966,0.0013842268784805,0.001893639655675,0.7206604582941397,0,Calm/Bull,0.9913
2019-04-25,sp500,-0.0003690417402728,0.0040847973486062,0.0059959555711961,0.0069237297581963,1.0318924327258334,0.0017656986945737,0.0021079447324913,0.6812587752032548,0,Calm/Bull,0.9769
2019-04-26,sp500,0.0046743503233048,0.004112732220892,0.0057340528364777,0.0075920871288786,0.9780542341782524,0.0023849993943848,0.0021625095128935,0.7172470045494741,0,Calm/Bull,0.973
2019-04-29,sp500,0.0010709485042338,0.003975465343016,0.0056595772411447,0.0034555956866772,0.9524900828578904,0.002396887931845,0.0018804716359389,0.7024315021473104,0,Calm/Bull,0.9834
2019-04-30,sp500,0.0009509646987914,0.0032686884402542,0.0056595002907244,0.0081844039343218,1.1843509451636158,0.0008266106366042,0.0013529100949763,0.5775577829037974,0,Calm/Bull,0.8338
2019-05-01,sp500,-0.0075304458502913,0.0038201969604092,0.0057309814322068,0.0105241508607753,1.0964286354590602,-0.0002406448128468,0.0009755150247188,0.6665868674675188,0,Calm/Bull,0.8891
2019-05-02,sp500,-0.0021262446486827,0.0038704158984258,0.0057275812907899,0.0106871354547327,1.1322288541791825,-0.0005920853945287,0.0007618991712802,0.6757504960513634,0,Calm/Bull,0.9288
2019-05-03,sp500,0.0095921274789174,0.0043409406643656,0.0058151832980866,0.0063280432770196,0.9949686684657336,0.0003914700365937,0.0011373822830763,0.7464838925703196,0,Calm/Bull,0.9876
2019-05-06,sp500,-0.0044810131890725,0.0044324331449944,0.0056958010963453,0.0133369165967955,0.9486865326766812,-0.0007189223020675,0.0006820457424678,0.778193105766721,0,Calm/Bull,0.9589
2019-05-07,sp500,-0.0166494880889055,0.005884294965112,0.0061509800512273,0.0174858032235314,1.1112422953279637,-0.0042390128596069,-0.0002027742495036,0.9566434805682624,0,Calm/Bull,0.9929
2019-05-08,sp500,-0.0016067153894199,0.0057318565527163,0.0061604169089494,0.0085711470748434,1.0303085377299166,-0.0030542667674326,2.118880280883433e-05,0.9304332218797527,0,Calm/Bull,0.9998
2019-05-09,sp500,-0.0030259986619282,0.0057100866000905,0.0059831331624335,0.0137840223927111,1.055325680620243,-0.0032342175700817,-0.0003037030180125,0.9543639503032704,0,Calm/Bull,0.9997
2019-05-10,sp500,0.0037133940699186,0.0057803730254519,0.0059882670513289,0.0228778261434676,1.0199454966071209,-0.0044099642518815,-0.0001199394315337,0.9652831071001138,0,Calm/Bull,0.8216
2019-05-13,sp500,-0.0244264691384975,0.0077206645740196,0.0068028875599061,0.0137844239421676,1.1125379769925958,-0.0083990554417665,-0.0016706418079359,1.13490991965273,0,Calm/Bull,0.9849
2019-05-14,sp500,0.007983987523216,0.008016374468661,0.0067387887420054,0.0114379792903253,0.9536928000295642,-0.0034723603193422,-0.0012399640695572,1.1895868494425283,0,Calm/Bull,0.9998
2019-05-15,sp500,0.005821994327723,0.0081640522737939,0.0067743083356897,0.0152930430847888,0.8962102169220205,-0.0019866183759136,-0.0009743257694281,1.2051492003667028,0,Calm/Bull,0.9997
2019-05-16,sp500,0.008855957116499,0.0084452597528577,0.0068594297289765,0.0126376246911765,0.9568105836210096,0.0003897727797718,-0.0004177078725662,1.2311897761970074,0,Calm/Bull,0.9999
2019-05-17,sp500,-0.0058544371740438,0.0085160519585369,0.0068892755586006,0.0109283692354453,0.9529913105254264,-0.0015237934690206,-0.0007893220724809,1.2361317073324878,0,Calm/Bull,0.9999
2019-05-20,sp500,-0.0067722579754053,0.0086067992407532,0.0069080954982918,0.0079465636637107,0.9427433165044408,0.0020070487635978,-0.0011785102620978,1.2459004428762497,0,Calm/Bull,0.9998
2019-05-21,sp500,0.0084599490931906,0.0085862169600005,0.0069875195107828,0.005187847450726,0.9285060028580716,0.0021022410775927,-0.001195630366188,1.2287932715966794,0,Calm/Bull,0.9998
2019-05-22,sp500,-0.0028283923638994,0.0085912686188441,0.0069983576229471,0.0050274880116574,0.9237895327473122,0.0003721637392682,-0.0012273415542312,1.2276121172593335,0,Calm/Bull,0.9999
2019-05-23,sp500,-0.0119856922412819,0.0089167085490737,0.0071772270050063,0.0110585779542115,1.1203451954524442,-0.0037961661322879,-0.0018081740792816,1.242361227094264,0,Calm/Bull,0.9996
2019-05-24,sp500,0.0013526437720373,0.0088200193810857,0.0071678329034352,0.0074910531187222,0.834626289646287,-0.0023547499430717,-0.001974259406845,1.2305001385926049,0,Calm/Bull,0.9999
2019-05-28,sp500,-0.0084109500002602,0.0089021714393707,0.0071998972032374,0.0138916899977863,1.180959492210599,-0.0026824883480427,-0.0024483543320697,1.2364303528344691,0,Calm/Bull,0.9996
2019-05-29,sp500,-0.0069359101672313,0.0089183345097422,0.0072383866048911,0.0093315788319406,1.057580261984077,-0.0057616602001271,-0.0028426980753708,1.2320887231577096,0,Calm/Bull,0.999
2019-05-30,sp500,0.002096272674997,0.0089117955114466,0.00724226873155,0.0079817591805287,0.941404973710731,-0.0047767271923478,-0.0023613621491064,1.230525383934387,0,Calm/Bull,0.9995
2019-05-31,sp500,-0.0132832052504529,0.0092394730241529,0.0073960101841026,0.006707688256968,1.141507660171123,-0.005036229794182,-0.0029192101791949,1.2492509872434543,0,Calm/Bull,0.9853
2019-06-03,sp500,-0.0027690706543079,0.0087594712182213,0.007329108626711,0.0124833793201424,1.1232395917259568,-0.005860572679451,-0.0035372700858562,1.195161876342964,0,Calm/Bull,0.9989
2019-06-04,sp500,0.0212059270810777,0.0103521739247797,0.0078184500138347,0.0149290283721037,1.0746272777821058,6.280273681651127e-05,-0.0022529230723487,1.3240698484305138,0,Calm/Bull,0.982
2019-06-05,sp500,0.0081287269788136,0.0100157827316392,0.0076630545111077,0.0093272148798668,1.0092185350876808,0.0030757301660255,-0.0010140123189627,1.307022247737013,0,Calm/Bull,0.9999
2019-06-06,sp500,0.0061168406760044,0.0101398569293653,0.0076927884443623,0.010427378533494,0.9750639992414905,0.0038798437662269,-0.0006278345156915,1.318099022571765,0,Calm/Bull,0.9999
2019-06-07,sp500,0.01044297924726,0.0104157227563801,0.0077572102267593,0.0111716164929123,0.923663879819326,0.0086250806657695,4.561437976785699e-05,1.3427150292317742,0,Calm/Bull,0.9986
2019-06-10,sp500,0.0046492200747654,0.0104351509187424,0.0077750127094265,0.0066719124739535,0.9185109768684684,0.0101087388115842,9.240568001020004e-05,1.34213940333379,0,Calm/Bull,0.9979
2019-06-11,sp500,-0.0003499414579512,0.0087026662841395,0.0077529638364515,0.0111168368555121,1.021222945392756,0.0057975651037784,0.0012962320640375,1.1224954053342635,0,Calm/Bull,0.9999
2019-06-12,sp500,-0.0020396578272374,0.008585085057937,0.007746585016079,0.0048232319485919,0.8782060948953821,0.0037638881425682,0.0007950497965148,1.1082412495464211,0,Calm/Bull,1.0
2019-06-13,sp500,0.0040890105028501,0.0085403065018227,0.0077619911765672,0.0045821749914324,0.8962835325129118,0.0033583221079374,0.0007084006052711,1.1002726372074598,0,Calm/Bull,1.0
2019-06-14,sp500,-0.0016128117861529,0.0083329575892546,0.007754298383541,0.0051367983445341,0.8694574740613301,0.0009471639012548,0.0001849621601385,1.074624315069151,0,Calm/Bull,1.0
2019-06-17,sp500,0.0009313154323528,0.0082113715710191,0.0076330895660735,0.0034502109142818,0.8275556970380739,0.0002035829727722,0.0005242497904584,1.0757598872566425,0,Calm/Bull,1.0
2019-06-18,sp500,0.0096704895929706,0.0082653440022572,0.0072936289693352,0.008688234994859,1.0047806449060637,0.0022076691829566,0.0013463871688772,1.1332279222054562,0,Calm/Bull,1.0
2019-06-19,sp500,0.0029807167930238,0.0081064285366508,0.0072967930842988,0.0069401457272094,0.9624371249661712,0.0032117441070089,0.0010724255538688,1.1109577101883523,0,Calm/Bull,1.0
2019-06-20,sp500,0.0094276053358731,0.0082578564300209,0.0073363858968255,0.008990670578078,1.137483387312248,0.0042794630736135,0.0016852254388575,1.125602789459872,0,Calm/Bull,0.9999
2019-06-21,sp500,-0.0012600162797279,0.0076491489580972,0.0073067575064299,0.0058566411288494,1.4207788992096972,0.0043500221748985,0.0022215092369352,1.0468595613534488,0,Calm/Bull,0.9993
2019-06-24,sp500,-0.001733388460587,0.0076985652276894,0.0073051700398792,0.0036905198657112,0.887632674410231,0.0038170813963105,0.0020672076253039,1.0538516127157391,0,Calm/Bull,1.0
2019-06-25,sp500,-0.0095417756403875,0.0077832579825657,0.0073813782721261,0.0104580174647025,1.0210323367935106,-2.537165036111712e-05,0.0020106663432976,1.054445077277392,0,Calm/Bull,0.9999
2019-06-26,sp500,-0.0012346956788039,0.0075389128865328,0.0072408576885229,0.0067266909166714,1.0043306907567595,-0.0008684541447266,0.0022957270677189,1.0411629686469803,0,Calm/Bull,0.9999
2019-06-27,sp500,0.0038158857925908,0.0075463207826352,0.0072552149879287,0.0036684698232256,0.9060222186729388,-0.0019907980533831,0.0023817077235986,1.0401236621093688,0,Calm/Bull,0.9999
2019-06-28,sp500,0.0057409418405996,0.0066085719313922,0.0072852314844606,0.0050751698272676,1.5221339095527997,-0.0005906064293176,0.0033329150781513,0.9071190044528106,0,Calm/Bull,0.9951
2019-07-01,sp500,0.0076430186109539,0.0065119865952446,0.0073422471572879,0.0086731100315799,0.9953979723855751,0.0012846749849905,0.0038535195414144,0.8869201016722513,0,Calm/Bull,0.9929
2019-07-02,sp500,0.0029238472769886,0.0050719037218717,0.0073292536839941,0.0058156679613275,0.9182200685171704,0.0037777995684658,0.0029394155512099,0.6920082099147341,0,Calm/Bull,0.9941
2019-07-03,sp500,0.0076430956606841,0.0050468531180359,0.0073875034820349,0.0059683580939882,0.5722499974499572,0.0055533578363634,0.0029151339853034,0.6831608445679876,0,Calm/Bull,0.9952
2019-07-05,sp500,-0.0018075342045486,0.0050931155016062,0.0073427192728191,0.0087145439453709,0.7201507812370592,0.0044286738369355,0.0025189152412758,0.6936279751916443,0,Calm/Bull,0.9876
2019-07-08,sp500,-0.0048471730101237,0.0049875408595878,0.007366793923348,0.0035853835078101,0.8685374080413327,0.0023110508667908,0.0017544076284066,0.6770300501797032,0,Calm/Bull,0.9958
2019-07-09,sp500,0.0012357930584538,0.0049414581295078,0.0073671471865861,0.0061953872338249,0.9038896999072966,0.0010296057562908,0.001583736277591,0.6707424196037604,0,Calm/Bull,0.9964
2019-07-10,sp500,0.0045005469360826,0.0049605521414743,0.0073428946056844,0.0061341241140117,0.9465251365099786,0.0013449456881096,0.0018262606972927,0.6755581290291358,0,Calm/Bull,0.9959
2019-07-11,sp500,0.0022826195789485,0.0048767078342344,0.0073450339648802,0.0045101452021142,0.9442593420995544,0.0002728504717625,0.002042374567602,0.6639462605009113,0,Calm/Bull,0.9959
2019-07-12,sp500,0.0046095343020665,0.0048895772603231,0.007363864451507,0.0039982495709391,0.8944807968418875,0.0015562641730855,0.0020684007575628,0.6639960977720646,0,Calm/Bull,0.9963
2019-07-15,sp500,0.0001758537283841,0.0048347524410481,0.0073544238102495,0.0029957300701984,0.8636069439871581,0.0025608695207871,0.0021578340332897,0.6573937762887975,0,Calm/Bull,0.9965
2019-07-16,sp500,-0.0034095845550103,0.0049877292765245,0.0073718283586016,0.0046171545675631,0.9830828984490868,0.0016317939980943,0.0019407890339215,0.6765932457861336,0,Calm/Bull,0.9959
2019-07-17,sp500,-0.0065526654660931,0.0049836700912492,0.0074284134870804,0.0070398973052107,0.9535100793287222,-0.0005788484823408,0.0011296312809683,0.6708929302221641,0,Calm/Bull,0.9948
2019-07-18,sp500,0.003575597708819,0.0049970566284872,0.0073589190164504,0.0084103557140785,1.007585249778626,-0.0003202528563667,0.0011593753267581,0.6790476450843762,0,Calm/Bull,0.9947
2019-07-19,sp500,-0.0061958894648446,0.004855666994128,0.0074003432589844,0.0101323018537679,0.992238478581154,-0.0024813376097489,0.0003782005867222,0.6561407794473598,0,Calm/Bull,0.9914
2019-07-22,sp500,0.0028247016862503,0.0048690207828074,0.007407088141056,0.0047101900000188,0.9389750285316164,-0.0019515680181757,0.0005824364850211,0.6573461379269202,0,Calm/Bull,0.9939
2019-07-23,sp500,0.0068241451392764,0.0050282057957563,0.0074336016449479,0.0057694283819256,1.034680051029331,9.51779206815927e-05,0.0010103131650143,0.6764158258565911,0,Calm/Bull,0.9948
2019-07-24,sp500,0.0046771928134757,0.0044269788437054,0.0074539349219532,0.0075408400857753,1.0679559705582815,0.0023411495765953,0.0017212615877074,0.5939116574075709,0,Calm/Bull,0.9946
2019-07-25,sp500,-0.0052762964835995,0.0046553653297554,0.0074897953474801,0.0063489227696067,1.1350096817454018,0.0005707707381116,0.0015191815474677,0.6215610859543332,0,Calm/Bull,0.9957
2019-07-26,sp500,0.007360535770783,0.0048122346396592,0.0074718088971417,0.0050861216420337,1.0103019080230058,0.0032820557852371,0.0016964140463773,0.6440521573698224,0,Calm/Bull,0.9948
2019-07-29,sp500,-0.0016174219290574,0.0047678223554039,0.0074689824540597,0.0037438500559201,1.0344789419761224,0.0023936310621756,0.0013284958578944,0.6383496526775757,0,Calm/Bull,0.9957
2019-07-30,sp500,-0.0025819853720443,0.0046003523936489,0.0073849178138867,0.0053929736586132,1.1634491774633344,0.0005124049599114,0.0008172456587445,0.6229388748238126,0,Calm/Bull,0.9959
2019-07-31,sp500,-0.0109452069521399,0.0052635868726566,0.0075032084173084,0.0199034440410903,1.44912178708513,-0.0026120749932116,0.0001237929472881,0.701511484142519,0,Calm/Bull,0.8032
2019-08-01,sp500,-0.009039527568806,0.0053307085647723,0.0072731473187775,0.0231449864115587,1.4378476660893853,-0.0033647212102529,-0.0007103382141863,0.7329300963022826,1,Transition,0.6667
2019-08-02,sp500,-0.0073093885395651,0.0055285989866455,0.0073367571936471,0.0107057833445479,1.1398491291969042,-0.0062987060723225,-0.0009854309309372,0.7535480377397221,0,Calm/Bull,0.9866
2019-08-05,sp500,-0.0302301821696947,0.008549762365976,0.0083205383245118,0.0266983806719072,1.3026283681854558,-0.01202125812045,-0.0022545813889157,1.027549184022015,2,Stress/Bear,0.8084
2019-08-06,sp500,0.0129330239111666,0.009178090829641,0.0084767890011718,0.0128323843395265,1.1729944100860858,-0.0089182562638078,-0.0016697198462801,1.082732014253548,0,Calm/Bull,0.94
2019-08-07,sp500,0.0007665823338588,0.0090834607531623,0.0078467853534363,0.0230445292226674,1.249590009083834,-0.006575898406608,-0.0018564180763913,1.1576028072673674,0,Calm/Bull,0.9771
2019-08-08,sp500,0.018588462466865,0.0101443357488746,0.0081341634738154,0.0150608043580341,1.1254347074321462,-0.0010503003994738,-0.0010411259319954,1.2471271055136823,0,Calm/Bull,0.9956
2019-08-09,sp500,-0.0066385931336571,0.0101263571342168,0.0081575812671688,0.0121974539075968,0.9126495288239672,-0.0009161413182922,-0.0016035323037816,1.2413430896449018,0,Calm/Bull,0.9999
2019-08-12,sp500,-0.0123938091159153,0.0103965659948354,0.0082446650201652,0.0119471974642641,0.8994286444637528,0.0026511332924636,-0.0022320154459966,1.261005264544647,0,Calm/Bull,0.9984
2019-08-13,sp500,0.0150183462673018,0.0110807846571107,0.0084301407523809,0.0226427759840957,1.034440727548519,0.0030681977636906,-0.001310618904881,1.314424632113187,0,Calm/Bull,0.7324
2019-08-14,sp500,-0.0297303524545356,0.0127449348616052,0.0092423892448044,0.0191896106074912,1.1424836363055235,-0.0030311891939882,-0.0024695032543031,1.378965386982564,2,Stress/Bear,0.7805
2019-08-15,sp500,0.0024612366981802,0.0127195266146318,0.0091815927113447,0.0109425168706173,1.0582251350593828,-0.0062566343477252,-0.002525221304835,1.3853289962334816,0,Calm/Bull,0.9929
2019-08-16,sp500,0.014323058172245,0.0132253348275124,0.0093603920465863,0.0100010708218951,0.9198256025190747,-0.0020643040865447,-0.0014992739229806,1.4129039426650565,0,Calm/Bull,0.9955
2019-08-19,sp500,0.0120331755643975,0.013540331118546,0.0093445273409458,0.0059925162438926,0.8384896435381006,0.0028210928495177,-0.0010388502290732,1.4490118787726216,0,Calm/Bull,0.9986
2019-08-20,sp500,-0.0079462153121154,0.0134916106253049,0.0094085293777756,0.0082846758243705,0.80134831501765,-0.0017718194663656,-0.0017773682516428,1.4339765635609425,0,Calm/Bull,0.9977
2019-08-21,sp500,0.0082129795573529,0.0136033436087921,0.0093884160664964,0.0036998897604993,0.7922935405359868,0.005816846936012,-0.0016005789144489,1.4489498028679322,0,Calm/Bull,0.9944
2019-08-22,sp500,-0.0005062029592785,0.0135772977291816,0.0093362092840506,0.0118271160768644,0.7677156475861341,0.0052233590045202,-0.0013620742382329,1.4542623581046097,0,Calm/Bull,0.9992
2019-08-23,sp500,-0.0262888811228378,0.0144934919553551,0.0099681031750411,0.0323275305800675,1.0366051897832396,-0.0028990288544962,-0.0030445450829139,1.4539869522664082,2,Stress/Bear,0.9996
2019-08-26,sp500,0.0109231127307978,0.0148259381632076,0.009896795808407,0.0080844157055852,0.75554590945544,-0.0031210414212162,-0.0024175183499212,1.4980543652940144,0,Calm/Bull,0.8574
2019-08-27,sp500,-0.0032083218005562,0.0148269653206865,0.00989960358578,0.0133139847000688,0.9357695241423268,-0.0021734627189043,-0.0024488351713468,1.497733236711034,0,Calm/Bull,0.994
2019-08-28,sp500,0.0065241515305625,0.0148146555183519,0.0095608270962494,0.0128049686693771,0.8375781699669664,-0.0025112283242624,-0.0015753672472116,1.549516100355332,0,Calm/Bull,0.9967
2019-08-29,sp500,0.0126074824410943,0.0150298233842574,0.0096385974699205,0.0084901344677554,0.8768724427486183,0.0001115087558121,-0.0004930167467166,1.5593371785844912,0,Calm/Bull,0.9853
2019-08-30,sp500,0.0006425807598767,0.0149449537245839,0.0096110776220715,0.0092637055155763,0.8408438860999601,0.005497801132355,-9.541828174456666e-05,1.5549717016397178,0,Calm/Bull,0.9977
2019-09-03,sp500,-0.0069230093326854,0.0132883644878217,0.0095673268845349,0.0077555749363957,0.972743388748592,0.0019285767196584,0.0010699403601059,1.3889317934042402,0,Calm/Bull,0.9961
2019-09-04,sp500,0.0107837252784214,0.013195744681589,0.0096482254474276,0.0057798678932452,0.9117723076108336,0.0047269861354539,0.0009624754284686,1.3676861878374955,0,Calm/Bull,0.9984
2019-09-05,sp500,0.0129259129217597,0.0134636330298093,0.0097845163435839,0.0084879065072664,1.1331801752413515,0.0060073384136933,0.0015704419578636,1.3760141592116553,0,Calm/Bull,0.9916
2019-09-06,sp500,0.0009101908043767,0.0128540710691376,0.0097788798621599,0.0042031683834399,0.9443466800491338,0.0036678800863498,0.0006865283747392,1.3144727464008772,0,Calm/Bull,0.9976
2019-09-09,sp500,-9.401467889992668e-05,0.012740581629594,0.0097682179815053,0.0067283903004094,1.1745037425084277,0.0035205609985945,0.0010137572974771,1.3042892422872252,0,Calm/Bull,0.996
2019-09-10,sp500,0.000322252425931,0.0123475043626929,0.0097643416085668,0.0075115656625706,1.2604071224260769,0.0049696133503178,0.0016495603745694,1.2645506330769636,0,Calm/Bull,0.9939
2019-09-11,sp500,0.0072036723263872,0.0120215304276495,0.0098022670634008,0.0085373113103205,1.127561690868225,0.0042536027599109,0.0012588266775237,1.226403070829888,0,Calm/Bull,0.9992
2019-09-12,sp500,0.0028750162782333,0.0095558029343203,0.0097350645237547,0.0065856809807321,1.096488181966115,0.0022434234312056,0.0028890951141621,0.9815859885677248,0,Calm/Bull,0.9948
2019-09-13,sp500,-0.000724676876966,0.0095898049142828,0.0097309187774702,0.0047982391032376,1.0344268020772232,0.0019164498949371,0.0027297994354048,0.985498402934562,0,Calm/Bull,0.9953
2019-09-16,sp500,-0.0031405129163559,0.0092683130549189,0.0096695702201186,0.0038426195417391,1.2327315589012395,0.0013071502474459,0.0018566208809748,0.9585031024062628,0,Calm/Bull,0.9934
2019-09-17,sp500,0.0025784253724619,0.0089578546310671,0.0096721402680415,0.004152104558502,1.0497015426961978,0.001758384836752,0.001383883371378,0.9261501986965044,0,Calm/Bull,0.9954
2019-09-18,sp500,0.0003426332842671,0.008691248599,0.009668422166345,0.00973150564091,0.9829256873453432,0.000386177028328,0.0017983258011971,0.8989314336369724,0,Calm/Bull,0.9941
2019-09-19,sp500,1.9974521929475905e-05,0.0085651580802948,0.0095811274069514,0.0062625184600089,0.92476549614261,-0.0001848313229326,0.0013886755494259,0.8939614010435248,0,Calm/Bull,0.9957
2019-09-20,sp500,-0.0049075991048803,0.0086722807703217,0.0096041244472163,0.0105913915192004,1.6532300060065104,-0.0010214157685155,0.0011686057421458,0.9029746353229844,0,Calm/Bull,0.9897
2019-09-23,sp500,-9.694061782751376e-05,0.005814445516869,0.0095941053675471,0.0056554698906043,0.8722479956563431,-0.0004127013088098,0.0024782027673964,0.6060435334113519,0,Calm/Bull,0.9439
2019-09-24,sp500,-0.0084519889635514,0.0059459434000092,0.0096344875579981,0.0169385823319091,1.045370702654685,-0.0026187841760125,0.0015094476826789,0.6171520139722539,0,Calm/Bull,0.5093
2019-09-25,sp500,0.0061396852419639,0.0059229398131833,0.0096165829353683,0.0123824352438911,0.9016890428757036,-0.0014593737844731,0.0019768480348049,0.6159089827426827,0,Calm/Bull,0.8082
2019-09-26,sp500,-0.0024318710096131,0.0058995602963911,0.0096149258648487,0.0079157405685578,0.8352218878379346,-0.0019497428907817,0.0015290469077961,0.6135835449298015,0,Calm/Bull,0.9362
2019-09-27,sp500,-0.0053305345791285,0.0054749425553524,0.0095865580923117,0.014106344050674,0.8781418819860924,-0.0020343299856313,0.000632146056785,0.5711061783209976,0,Calm/Bull,0.7142
2019-09-30,sp500,0.0050349102152483,0.0055627734428523,0.0096076700771574,0.0056370490375122,0.8760244478961561,-0.0010079598190161,0.0008517625295535,0.5789929710511209,0,Calm/Bull,0.8888
2019-10-01,sp500,-0.0123341269454128,0.0060693410428705,0.0097186611108029,0.0183079935804778,0.958325651746221,-0.0017843874153884,0.0005812066489172,0.6245038255448676,1,Transition,0.8156
2019-10-02,sp500,-0.0180654041876438,0.0068897032590445,0.0099860479702731,0.0172634447871348,1.0429722649816449,-0.00662540530131,-0.000861249824386,0.6899329223686912,1,Transition,0.7263
2019-10-03,sp500,0.0079403047738667,0.0064401328087122,0.0100251727530643,0.0189615112976579,0.9415016945734144,-0.004550970144614,-0.0011105302317806,0.6423961927981424,1,Transition,0.9525
2019-10-04,sp500,0.0141167852392592,0.0072804641892331,0.0101951284827964,0.0119172806068561,0.8072303734125345,-0.0006615061809364,-0.0004502005100365,0.7141120586678565,1,Transition,0.5656
2019-10-07,sp500,-0.0044883522736815,0.0073352512552614,0.0101890059630227,0.0081904688798569,0.8063366800690511,-0.0025661586787224,-0.0006699173897756,0.7199182414734193,0,Calm/Bull,0.8131
2019-10-08,sp500,-0.0156831595521099,0.0080587209616951,0.0103772527906343,0.0113409531531461,0.9314856348870344,-0.0032359652000618,-0.0014701879886776,0.776575566220021,0,Calm/Bull,0.5805
2019-10-09,sp500,0.0090632965148459,0.008173970948094,0.0104464320398128,0.007505020546315,0.7686423915404517,0.0021897749404361,-0.0013772067792547,0.7824653352400076,0,Calm/Bull,0.5933
2019-10-10,sp500,0.0063952024117826,0.0083071674136412,0.0104525162494377,0.0106665957598852,0.9161185340234056,0.0018807544680192,-0.0012011974725772,0.7947528820237981,0,Calm/Bull,0.7117
2019-10-11,sp500,0.010879579673789,0.0087363630407152,0.0105401152734137,0.0101707793361721,1.0140318022472063,0.0012333133549252,-0.0006209846450395,0.8288678837082306,0,Calm/Bull,0.8401
2019-10-14,sp500,-0.0013880816732189,0.0087185332203781,0.0105115230646371,0.003337709424784,0.7428005793755706,0.0018533674750177,-0.0005333630828826,0.8294262560017602,0,Calm/Bull,0.8887
2019-10-15,sp500,0.0099064453764891,0.0090054515308067,0.0105839571439764,0.0099042362842651,0.975522054297934,0.0069712884607375,-0.0001669620826813,0.8508586541218188,0,Calm/Bull,0.6367
2019-10-16,sp500,-0.0020015445531937,0.0090137212220764,0.0105496208658605,0.0041275477164767,0.945200896008502,0.0047583202471296,-0.0002841709745543,0.8544118633917553,0,Calm/Bull,0.854
2019-10-17,sp500,0.0027590219697752,0.0090393573213685,0.0105378363318096,0.0055037609929246,0.9102441067466942,0.0040310841587281,-0.000147218602162,0.8578001248778439,0,Calm/Bull,0.9366
2019-10-18,sp500,-0.0039270457097998,0.0090148048730062,0.0105280808940025,0.0079331397071898,1.0003676821047758,0.0010697590820103,-9.81909324080532e-05,0.856262880554199,0,Calm/Bull,0.9631
2019-10-21,sp500,0.0068481141053337,0.0091476395975534,0.0105221347965716,0.0039844018017908,0.9999865525836764,0.0027169982377209,0.00024906180375,0.8693710710239125,0,Calm/Bull,0.9456
2019-10-22,sp500,-0.0035750492583768,0.0089667021686488,0.0105299338399203,0.0065187231467843,1.0838158858108833,2.0699310747724407e-05,0.0004929087890087,0.8515440177463304,0,Calm/Bull,0.9661
2019-10-23,sp500,0.0028431033458307,0.0088873865834176,0.0105318874015588,0.004516551153316,1.04748254067909,0.0009896288905526,0.000328079694202,0.8438550702794534,0,Calm/Bull,0.944
2019-10-24,sp500,0.0019186046591713,0.0088695020783184,0.0104367977929242,0.0051988832575245,1.1237502055820427,0.0008215454284318,0.0005456034776413,0.8498298284873915,0,Calm/Bull,0.9636
2019-10-25,sp500,0.004064429510656,0.0087903450201869,0.0103778292467206,0.0084200263885596,1.025178470117443,0.002419840472523,0.0010153516821305,0.8470311865041237,0,Calm/Bull,0.9761
2019-10-28,sp500,0.0055658199161177,0.0088039134928329,0.0103491094659757,0.0039349485246915,1.0649900207319822,0.0021633816346798,0.001041897167174,0.8506928564024856,0,Calm/Bull,0.9645
2019-10-29,sp500,-0.0008327519564807,0.0082419056621791,0.0095281239075616,0.0043004715533702,1.0854235453772951,0.002711841095059,0.0016169659166206,0.865008236893127,0,Calm/Bull,0.9927
2019-10-30,sp500,0.0032480894008573,0.0068179437801374,0.0094053250493685,0.0079231896611822,1.1436810476818706,0.0027928383060643,0.0026826405960456,0.7249025147296968,0,Calm/Bull,0.9751
2019-10-31,sp500,-0.003027438634539,0.0068138797698148,0.0094191721257683,0.007805594121644,1.2436007599514345,0.0018036296473222,0.0021342534256253,0.7234053777586148,0,Calm/Bull,0.9805
2019-11-01,sp500,0.0096159305596475,0.0064625713159579,0.0092017300385626,0.0052919651811967,1.1690944924644588,0.0029139298571205,0.0019092106916447,0.7023213340181228,0,Calm/Bull,0.9748
2019-11-04,sp500,0.0036972458053124,0.0062930612964633,0.0091583735518422,0.0033557270541029,1.2127791680321671,0.0025402150349594,0.0023184905955944,0.6871374333925849,0,Calm/Bull,0.9812
2019-11-05,sp500,-0.0011864027118206,0.0047581888430233,0.0089957506872377,0.0038378883824252,1.2826564924525297,0.0024694848838915,0.0030433284376089,0.5289373848225638,0,Calm/Bull,0.9852
2019-11-06,sp500,0.0007022505922896,0.0045648089579699,0.008807520424294,0.0040465016003582,1.2447360854608154,0.0019603171221779,0.0026252761414811,0.5182853672843901,0,Calm/Bull,0.9923
2019-11-07,sp500,0.0027263752442806,0.0044782338972924,0.0078422051652398,0.0056852564359747,1.142730146323205,0.0031110798979419,0.002441834783106,0.5710426854352104,0,Calm/Bull,0.996
2019-11-08,sp500,0.0025574031451158,0.0040157052473327,0.0078424404266296,0.0063076316399321,0.9665052867466706,0.0016993744150355,0.0020257259566723,0.5120479122413285,0,Calm/Bull,0.9976
2019-11-11,sp500,-0.0019643954133371,0.0040434629710891,0.0076666900400865,0.0040524681572298,0.8323103198986159,0.0005670461713056,0.0019969102696664,0.5274066057121366,0,Calm/Bull,0.9976
2019-11-12,sp500,0.001563423301263,0.0035893785391663,0.0075317455925134,0.0057830050859207,0.9547181055746332,0.0011170113739223,0.0015797591659051,0.4765666199259599,0,Calm/Bull,0.9984
2019-11-13,sp500,0.0007112815701162,0.0034969887300085,0.0074411558088088,0.0062248741200714,0.955978237654886,0.0011188175694877,0.0017154004720706,0.4699523595338186,0,Calm/Bull,0.9984
2019-11-14,sp500,0.0008366926144567,0.003493210614436,0.0073819509601573,0.0048245809062208,0.8907941312335559,0.0007408810435229,0.0016192840043047,0.4732096749612671,0,Calm/Bull,0.9984
2019-11-15,sp500,0.0076660287779731,0.0034862834063296,0.0074297976639537,0.0050825402279749,0.9107628350319212,0.0017626061700944,0.0021989377286933,0.4692299257681913,0,Calm/Bull,0.9979
2019-11-18,sp500,0.0005030263228096,0.0033259548321366,0.0065038466309637,0.0038788426657053,0.9304202447960456,0.0022560905173237,0.0018816833395671,0.5113827279232379,0,Calm/Bull,0.9897
2019-11-19,sp500,-0.0005927700996925,0.0031294847826458,0.0063910849371081,0.004541379723428,0.9762161335663428,0.0018248518371326,0.0020307972975013,0.4896640888740702,0,Calm/Bull,0.9852
2019-11-20,sp500,-0.003763256420941,0.0033780159467937,0.0063981826900812,0.0088661455962385,1.0824864123646911,0.0009299442389211,0.0017004793091628,0.527964909790796,0,Calm/Bull,0.9689
2019-11-21,sp500,-0.0015840060861895,0.0034560069333306,0.0063723017711345,0.005013648413716,1.0022898138420298,0.0004458044987919,0.0015253487718947,0.5423482844120417,0,Calm/Bull,0.9839
2019-11-22,sp500,0.0021725739423759,0.0034084161168785,0.0061956354400574,0.0043758322378119,0.8677677859445152,-0.0006528864683275,0.0014307559934807,0.5501318064716468,0,Calm/Bull,0.9703
2019-11-25,sp500,0.0074792518874672,0.0035543242449754,0.0062510816742773,0.0052303829669673,0.9427469878483818,0.000742358644604,0.0015264275920482,0.5685934739264685,0,Calm/Bull,0.9719
2019-11-26,sp500,0.0021931636449402,0.0035127751549141,0.0061619344456714,0.003722294821733,1.2176832665658206,0.0012995453935305,0.0016777233721192,0.5700766838540146,0,Calm/Bull,0.9742
2019-11-27,sp500,0.0041657356252997,0.0035402516136328,0.0060473159981335,0.0034405107953167,0.8114438911946039,0.0028853438027787,0.0017236056833414,0.5854252720918641,0,Calm/Bull,0.973
2019-11-29,sp500,-0.004019286229989,0.00361643504023,0.0058829957548977,0.0034893444102322,0.481537100497137,0.0023982877740188,0.0016740133035689,0.6147267805215088,0,Calm/Bull,0.972
2019-12-02,sp500,-0.0086684836939636,0.0038090657081809,0.006011261807768,0.010767960138029,0.9160151480176772,0.0002300762467509,0.0007597925908883,0.6336549346858662,0,Calm/Bull,0.873
2019-12-03,sp500,-0.0066602252580451,0.0040829222182525,0.0060860005652976,0.007965825994789,1.030855935722486,-0.0025978191823515,0.0002419190377204,0.6708711533044063,0,Calm/Bull,0.9726
2019-12-04,sp500,0.0063036576087699,0.0042835938199313,0.006129702902066,0.0054131553549782,1.051295878929126,-0.0017757203895856,0.00061642205375,0.6988256834580968,0,Calm/Bull,0.9823
2019-12-05,sp500,0.0014991269266302,0.0042881378305918,0.0060715525859622,0.0050329732344594,0.9692623323177724,-0.0023090421293195,0.000656265870467,0.7062670988811308,0,Calm/Bull,0.9861
2019-12-06,sp500,0.009094246030426,0.0046693911609869,0.0061628473734628,0.0050796052382934,1.0144730844896706,0.0003136643227635,0.0009746594097743,0.7576678243068724,0,Calm/Bull,0.9937
2019-12-09,sp500,-0.0031678336844743,0.0047421809158708,0.0061807236134503,0.0042762523811021,0.9919023822931392,0.0014137943246613,0.0006883975682947,0.7672533529166425,0,Calm/Bull,0.9965
2019-12-10,sp500,-0.0010975361689841,0.004720570847512,0.0061648273756973,0.0051172950841264,0.971778631562746,0.0025263321424735,0.0007317405305124,0.7657263634211715,0,Calm/Bull,0.9963
2019-12-11,sp500,0.0029039375293507,0.0047424670908718,0.0061666229974028,0.0034281630659841,0.9493108815741488,0.0018463881265897,0.0007987662419168,0.7690541634974559,0,Calm/Bull,0.9971
2019-12-12,sp500,0.008538667375555,0.0050480006756994,0.0062479758622373,0.0119328459772162,1.1583103749245711,0.0032542962163746,0.0011901355321887,0.8079417697833048,0,Calm/Bull,0.9799
2019-12-13,sp500,7.25791502146863e-05,0.0050537048552567,0.0062478577103251,0.0082586220246613,1.0798321132843072,0.0014499628403324,0.0011519298589766,0.8088700302673367,0,Calm/Bull,0.9976
2019-12-16,sp500,0.0071223609425427,0.0050181591633116,0.0062521792234393,0.00441181229235,1.1578309117982435,0.0035080017657358,0.0011247464672051,0.8026256100430754,0,Calm/Bull,0.9972
2019-12-17,sp500,0.0003352360284609,0.0050193933869911,0.0062510548375454,0.0022521210085647,1.0869559990909363,0.0037945562052248,0.0011163569524877,0.8029674218890755,0,Calm/Bull,0.9977
2019-12-18,sp500,-0.0004323936405227,0.0050166465869168,0.0061282675962616,0.0023001460724728,1.13317964452304,0.0031272899712501,0.0011243757754461,0.8186076257468011,0,Calm/Bull,0.9983
2019-12-19,sp500,0.0044493788218642,0.0049309038590271,0.0061091050354476,0.0041055827028555,1.0679759604096304,0.0023094322605119,0.0015350075375864,0.8071401343430832,0,Calm/Bull,0.9983
2019-12-20,sp500,0.004932595804334,0.0049292601105273,0.0061091282528794,0.0029864067447635,1.7551499166318194,0.0032814355913358,0.0018608376321126,0.8068680025180354,0,Calm/Bull,0.9898
2019-12-23,sp500,0.0008657687142985,0.004933569728942,0.0060470174436455,0.0016997405256655,0.8348797323180293,0.002030117145687,0.0017954973707087,0.8158682813337095,0,Calm/Bull,0.999
2019-12-24,sp500,-0.0001954673024681,0.0047637662252464,0.0060316128312474,0.0018365573063745,0.3642208810177048,0.0019239764795011,0.001411761411212,0.7897997365758006,0,Calm/Bull,0.9995
2019-12-26,sp500,0.0051150624100539,0.0048332885097146,0.0057770732356873,0.0039754583622787,0.6296037743532464,0.0030334676896165,0.0015578563494676,0.8366327225795595,0,Calm/Bull,0.9996
2019-12-27,sp500,3.3984139657930306e-05,0.0048041673917011,0.0051728272962393,0.0041851020584393,0.7128574044554211,0.0021503887531752,0.0013512687751856,0.9287314492779998,0,Calm/Bull,1.0
2019-12-30,sp500,-0.0057975960793499,0.0049237648762271,0.0052057324243362,0.0075590379072825,0.8704266321075466,4.350376438478319e-06,0.0012623532827175,0.9458351822327852,0,Calm/Bull,1.0
2019-12-31,sp500,0.0029416906441907,0.0043412622108219,0.0049470832573953,0.0060944853031468,0.8385772899946539,0.0004195347624169,0.0018428619996252,0.8775397511922366,0,Calm/Bull,0.9997
2020-01-02,sp500,0.0083438953623167,0.0040832736748507,0.0049609951927974,0.006940117747442,1.0053823915625208,0.0021274072953738,0.0025930680306433,0.8230755153278515,0,Calm/Bull,0.9933
2020-01-03,sp500,-0.0070849093649545,0.0045173434166948,0.0045576135098723,0.0073604073556224,1.0158015189070493,-0.0003125870596278,0.0019236396819571,0.9911642149799956,0,Calm/Bull,1.0
2020-01-06,sp500,0.0035271451942725,0.004530056437935,0.0044644209334409,0.0099191058756179,1.0739263810798958,0.0003860451512951,0.0020250405953392,1.014701907699272,0,Calm/Bull,1.0
2020-01-07,sp500,-0.0028071750845948,0.0043298308399724,0.0044608615780748,0.0038552013580613,0.997297126280977,0.0009841293502461,0.0014299695395882,0.970626585064553,0,Calm/Bull,1.0
2020-01-08,sp500,0.0048904734856411,0.0042537274323375,0.004314662007724,0.0093451210488834,1.0766420326441364,0.0013738859185362,0.0018328848980939,0.98587732358237,0,Calm/Bull,1.0
2020-01-09,sp500,0.0066332141169064,0.0043240898785833,0.0043473103423547,0.0036370221478575,1.0474481893250167,0.0010317496694541,0.0022194224123885,0.9946586597360813,0,Calm/Bull,1.0
2020-01-10,sp500,-0.0028592624875049,0.0044657825855616,0.0042475904049663,0.0067771853402132,0.9252898492947736,0.001876879044944,0.0019312624115457,1.05136846065482,0,Calm/Bull,1.0
2020-01-13,sp500,0.0069519940459332,0.0043549435738805,0.0042818935683614,0.005991232668408,1.0036111713496816,0.0025618488152762,0.0018519287450646,1.0170602104776558,0,Calm/Bull,1.0
2020-01-14,sp500,-0.0015156808368957,0.0044033104647375,0.0042975761911947,0.0051962472324432,1.0709113354926076,0.002820147664816,0.0017725157457091,1.0246032342043074,0,Calm/Bull,1.0
2020-01-15,sp500,0.0018684502436879,0.0042202637660441,0.0042379133891395,0.0054631760926277,1.0862475264561018,0.0022157430164254,0.0015098202107663,0.995835303491428,0,Calm/Bull,1.0
2020-01-16,sp500,0.008331747422232,0.0044742757837877,0.0042731693086141,0.0043083682243048,1.038023095162183,0.0025554496774905,0.0019096457804549,1.0470626040414857,0,Calm/Bull,1.0
2020-01-17,sp500,0.0038547232474851,0.0044588347612893,0.0042270072126173,0.003309619416864,1.0973345415276552,0.0038982468244885,0.0021240016248553,1.0548443702627193,0,Calm/Bull,1.0
2020-01-21,sp500,-0.0026555003695853,0.0045459943960613,0.0042625774075345,0.0039689144708305,1.2031567608760965,0.0019767479413848,0.0017687576652828,1.0664895816380475,0,Calm/Bull,0.9999
2020-01-22,sp500,0.000289034296681,0.0044941881313249,0.0042661441213445,0.0053375420994204,1.1081760467761863,0.0023376909681001,0.0015365795899002,1.0534543614781882,0,Calm/Bull,1.0
2020-01-23,sp500,0.0011403261933582,0.0044924502320886,0.0042546761021926,0.0075205125577289,1.1396490748223451,0.0021920661580342,0.0015503074638531,1.0558853656976364,0,Calm/Bull,1.0
2020-01-24,sp500,-0.0090832894261937,0.0050759290404408,0.0044391045159198,0.0156730004530218,1.0826147704678215,-0.0012909412116509,0.0011059163576669,1.1434578803533753,0,Calm/Bull,0.993
2020-01-27,sp500,-0.015855752356844,0.0062372913181431,0.0049575934695667,0.0075070518326636,1.0917512161995413,-0.0052330363325167,5.737561932200475e-05,1.258128839412128,0,Calm/Bull,0.9694
2020-01-28,sp500,0.0100033835003525,0.0066218352368979,0.0050823945984886,0.0099382397781612,0.9908428464332047,-0.0027012595585291,0.0005558455873567,1.3028967170056196,0,Calm/Bull,0.981
2020-01-29,sp500,-0.0008672501435846,0.0064627226667644,0.0050594660867226,0.0065925578202494,1.001980304383262,-0.0029325164465823,0.0008023628841449,1.2773527000653926,0,Calm/Bull,0.9967
2020-01-30,sp500,0.003129456930211,0.0064661294926886,0.0049456147597709,0.0131286017538755,1.0419020350673491,-0.0025346902992117,0.000811751198446,1.3074470630599828,0,Calm/Bull,0.9727
2020-01-31,sp500,-0.0178644435713629,0.0074414521276693,0.0055079106908842,0.0209734077217745,1.227094579905605,-0.0042909211282456,-0.0004986657482379,1.351048073452823,2,Stress/Bear,0.7881
2020-02-03,sp500,0.0072284257612325,0.0074629426455858,0.005563872062061,0.0100895159268675,1.0149167768836718,0.0003259144953697,0.0002170010080713,1.341321756205405,0,Calm/Bull,0.9975
2020-02-04,sp500,0.014869315917506,0.0081289469167479,0.0058478770777706,0.0079784975548475,1.0744607568054356,0.0012991009788004,0.000784109544233,1.3900680210342218,0,Calm/Bull,0.9908
2020-02-05,sp500,0.0111877786589729,0.0084013214837101,0.005986785076622,0.0071461150942719,1.0978343936150292,0.0037101067393119,0.0014838572314114,1.4033110218899798,0,Calm/Bull,0.9964
2020-02-06,sp500,0.0033201550570019,0.0083751056904019,0.0059903174129065,0.0040558758318091,1.033235372333533,0.0037482463646701,0.0014053413099794,1.3981071641307632,0,Calm/Bull,0.9976
2020-02-07,sp500,-0.0054154910094583,0.0084125221384428,0.0060386531146937,0.0057997256113218,0.99125900023521,0.006238036877051,0.0008029060536612,1.3931123345987149,0,Calm/Bull,0.9921
2020-02-10,sp500,0.0072996901205732,0.0084861390227319,0.0060888771864964,0.0102891000331314,0.9162470842456056,0.0062522897489191,0.0013108536840651,1.393711642197687,0,Calm/Bull,0.9946
2020-02-11,sp500,0.0016870486860021,0.0083829703012607,0.0060884536474036,0.0068229951930236,0.9917007319411,0.0036158363026183,0.0010476064160685,1.3768636154166198,0,Calm/Bull,0.9993
2020-02-12,sp500,0.006441853105203,0.0084435305936888,0.0061231408993818,0.003476897178467,1.0326576595805883,0.0026666511918643,0.0014454831131735,1.3789541564430052,0,Calm/Bull,0.9981
2020-02-13,sp500,-0.0016317763599886,0.0084705341104276,0.0060808388344863,0.0072823075650642,0.922363215705275,0.0016762649084662,0.0012704717829897,1.3929877671462916,0,Calm/Bull,0.9991
2020-02-14,sp500,0.0018418360984854,0.0083085495291251,0.0060803148665266,0.0043015831914965,0.9024094466808013,0.003127730330055,0.0009459762168023,1.3664669859229417,0,Calm/Bull,0.9992
2020-02-18,sp500,-0.0029242139861477,0.0083219044306299,0.0061001892046034,0.0057561521764893,0.9893607577747876,0.0010829495087108,0.0006070293551207,1.364204314244861,0,Calm/Bull,0.9993
2014-03-27,dax,0.0002782975709295,0.0144167828430037,0.0105914542863535,0.0075555595508552,0.6751275535654255,0.0033091300187266,-0.0007201985323199,1.3611712285421396,0,Calm/Bull,0.9885
2014-03-28,dax,0.014285105717713,0.0145849945905462,0.0107395613125871,0.010669448970759,0.7168273862339887,0.0051613706721934,-0.0005440593994796,1.3580624167071031,0,Calm/Bull,0.9718
2014-03-31,dax,-0.0032680496178663,0.0121673623885481,0.0107485042492588,0.0095993439923672,0.7172477619934997,0.0078355584677406,0.0010416585727356,1.1320051708019918,0,Calm/Bull,0.9895
2014-04-01,dax,0.0049896504801447,0.0109269538617133,0.0107153034588825,0.0058758217115598,0.7687513025136977,0.0056029009795221,7.585931871875681e-05,1.019752161349698,0,Calm/Bull,0.9931
2014-04-02,dax,0.0020440344938002,0.010870002094114,0.0107170961072224,0.0038593222201712,0.7805318623623603,0.0036658077289442,0.0004244179307076,1.014267483034755,0,Calm/Bull,0.9934
2014-04-03,dax,0.0005672044304128,0.0108697516369517,0.0106618934995289,0.0101393399859958,0.8177339078803523,0.0037235891008409,0.0004483212968115,1.0194954242819931,0,Calm/Bull,0.995
2014-04-04,dax,0.0069289425695595,0.0097808705629454,0.0106754345771159,0.0096701726792089,0.8184976513321073,0.0022523564712102,0.0018116552795147,0.9162035036879872,0,Calm/Bull,0.9847
2014-04-07,dax,-0.0192564484855828,0.0106030298922573,0.0109610924256169,0.0117266362121384,0.8592193610471921,-0.000945323302333,0.001306769313508,0.9673333168395938,0,Calm/Bull,0.8037
2014-04-08,dax,-0.0021113522975327,0.0106003458133907,0.0109563423463016,0.0141273885075055,0.9327448123848692,-0.0023655238578685,0.0009735085324954,0.9675077209474936,0,Calm/Bull,0.9673
2014-04-09,dax,0.0016380964797621,0.0100865027319364,0.0106356645021814,0.0064535402016456,0.7723087549390404,-0.0024467114606762,0.0016993264275336,0.9483660122851466,0,Calm/Bull,0.9753
2014-04-10,dax,-0.0054649017229447,0.0090505021763951,0.0106546756375257,0.0148595525318575,0.8775983189950438,-0.0036531326913477,0.0023647878125859,0.8494394840626881,0,Calm/Bull,0.6831
2014-04-11,dax,-0.0148379132071969,0.0098149927101252,0.0108066327372201,0.0140640540056319,1.1590410576151469,-0.008006503846699,0.0014092164401807,0.9082378340035996,0,Calm/Bull,0.5284
2014-04-14,dax,0.0025602344861757,0.0093910741560358,0.0108116005693958,0.0133834415071769,1.0462399591706744,-0.0036431672523473,0.0008546631649538,0.8686109050882785,0,Calm/Bull,0.9187
2014-04-15,dax,-0.0178755944878791,0.0101623636070979,0.0110332512400051,0.0194380830325789,1.0210293231711594,-0.0067960156904165,-0.0003738010065691,0.9210669988416949,1,Transition,0.5853
2014-04-16,dax,0.0155869489533398,0.010743672821644,0.0112386529200374,0.0104626677208742,0.9183727398881856,-0.004006245195701,0.0002192571009556,0.9559573463194326,0,Calm/Bull,0.7066
2014-04-17,dax,0.00981340139686,0.0109515100228069,0.0112630014530238,0.0149271296905633,1.0119648337318483,-0.00095058457174,0.0006072504641199,0.9723438346771004,0,Calm/Bull,0.9249
2014-04-22,dax,0.0200303264612849,0.0117546525887397,0.0110890969606462,0.0169696491284464,0.8901619076834658,0.0060230633619563,0.0013575716646652,1.0600189204274697,0,Calm/Bull,0.5148
2014-04-23,dax,-0.005839819740181,0.0111150927538144,0.0110999010722157,0.0071477750852812,0.7891142098925799,0.0043430525166849,0.0018975301074362,1.0013686321616635,0,Calm/Bull,0.9813
2014-04-24,dax,0.0004702549032885,0.0105976253219657,0.0110737202268311,0.0245824029991057,1.127903031620149,0.0080122223949184,0.0011133959565388,0.9570067786513308,1,Transition,0.9732
2014-04-25,dax,-0.0155283437920426,0.0109086636340348,0.0112166599515177,0.0143051132173915,1.0154421016509705,0.0017891638458419,-0.0002494962703977,0.9725411736814584,0,Calm/Bull,0.7962
2014-04-28,dax,0.004754970809292,0.0109658416951492,0.0112219292193049,0.0094416738093468,0.8652095365193684,0.0007774777283283,-2.5662608479624277e-05,0.9771797238111922,0,Calm/Bull,0.9842
2014-04-29,dax,0.0144780550557655,0.0109791713619452,0.0113307158673795,0.0120876625040668,1.1562196425332243,-0.0003329765527755,-1.601514157699678e-05,0.9689742016701371,0,Calm/Bull,0.8914
2014-04-30,dax,0.0019919746393336,0.0109601545659245,0.0111931970031452,0.0060313973121837,1.1260273853016791,0.0012333823231274,0.000246986071283,0.979179993244533,0,Calm/Bull,0.9707
2014-05-02,dax,-0.0049282756949787,0.0109586471018231,0.0111788860181895,0.0098451115359633,1.0879046226832445,0.0001536762034739,-0.0002489102374731,0.9802986705465944,0,Calm/Bull,0.9784
2014-05-05,dax,-0.0027790229418731,0.0109586009488066,0.0111852336028291,0.0148045624770449,0.770586391006913,0.0027035403735078,-0.0004900631092568,0.9797382279110228,0,Calm/Bull,0.9484
2014-05-06,dax,-0.0065241719870129,0.0110370334369341,0.0110585361256936,0.0138536822657951,1.0178048154754444,0.0004477118142468,-0.0008446319301281,0.9980555573979129,0,Calm/Bull,0.9709
2014-05-07,dax,0.0056632951836235,0.010993659886552,0.0110643622367342,0.0151522937213859,1.1378473961565445,-0.0013152401601815,-0.0009079142994249,0.99360990279697,0,Calm/Bull,0.9636
2014-05-08,dax,0.0090023019372852,0.0103057634019108,0.0111175338900378,0.0140235117419453,1.234251639861891,8.682529940878502e-05,0.0005050232217184,0.9269828636317956,0,Calm/Bull,0.9299
2014-05-09,dax,-0.0027047176188236,0.0103145422071349,0.010823174517471,0.0046704829736413,0.972436574468824,0.0005315369146397,0.0004753549556539,0.9530052564970602,0,Calm/Bull,0.9775
2014-05-12,dax,0.0125504996699509,0.0106620551064404,0.0109114793328092,0.0126978308396539,1.0513598890256255,0.0035974414370046,0.0010209751151633,0.9771411172801427,0,Calm/Bull,0.9541
2014-05-13,dax,0.0053420511800217,0.010589653717338,0.0109065566981425,0.0052673384768298,1.1504113401712834,0.0059706860704115,0.0015613227603116,0.9709438102624623,0,Calm/Bull,0.9685
2014-05-14,dax,-4.104714058827276e-06,0.0098760424642253,0.0108726860862985,0.0039858857615686,0.9170385605439336,0.004837206090875,0.0023030131849685,0.9083351055881944,0,Calm/Bull,0.9676
2014-05-15,dax,-0.0101327623610897,0.0102590520300093,0.010953314653373,0.0185085754710731,1.573215388060673,0.0010101932312,0.0016683633426053,0.9366162074829276,0,Calm/Bull,0.7008
2014-05-16,dax,-0.0027949187509492,0.0092517369147839,0.0109591508104824,0.0096582239017918,1.3095091555308314,0.0009921530047749,0.0024223971294518,0.8442019892576528,0,Calm/Bull,0.9157
2014-05-19,dax,0.0031407399052015,0.0087231189150117,0.0109669057318242,0.0146965767097368,1.1208055178688714,-0.0008897989481748,0.0018000866770448,0.795403838449943,0,Calm/Bull,0.6825
2014-05-20,dax,-0.0021047863481501,0.0085523032572982,0.0109561504337464,0.0074332211665199,0.7825045032122055,-0.0023791664538092,0.0012041772897943,0.7805938143160226,0,Calm/Bull,0.8105
2014-05-21,dax,0.0060806093628578,0.0074315185664657,0.0109724757601562,0.0130286943845091,0.9892458662411096,-0.0011622236384259,0.000506691434873,0.6772873077060148,1,Transition,0.8588
2014-05-22,dax,0.0023729657114962,0.0072878925522421,0.0109547550359991,0.0046302007632547,0.7296164353387228,0.0013389219760912,0.0009173307074568,0.6652720693701427,1,Transition,0.7812
2014-05-23,dax,0.00483348500185,0.007338932512529,0.0109714379734173,0.0076617290057767,0.7575462717819444,0.0028646027266511,0.0011354922123849,0.6689125464055481,1,Transition,0.7866
2014-05-26,dax,0.0126965365162537,0.0066470444545651,0.0110772274135828,0.0072911344322468,0.6341972104763899,0.0047757620488615,0.0025467362277997,0.6000639154897759,1,Transition,0.9886
2014-05-27,dax,0.0048402705907999,0.0066485631045285,0.0110411041365869,0.0072690924808927,0.9331127163659008,0.0061647734366515,0.0025510012168751,0.6021646949689755,1,Transition,0.9892
2014-05-28,dax,-0.0001660353560876,0.0060448744752392,0.0109604944043524,0.0059975181057428,0.8600965834485866,0.0049154444928624,0.0018187966962825,0.5515147631332025,1,Transition,0.996
2014-05-29,dax,-2.711845222195188e-05,0.0060586745827627,0.0099271485352814,0.0038505776603414,0.7887213639159202,0.0044354276601188,0.0017178420417047,0.61031368284961,0,Calm/Bull,0.7909
2014-05-30,dax,0.0004395034055636,0.0058645493045823,0.0094439649060633,0.0046402894231611,1.2323020915300766,0.0035566313408615,0.0019862309967318,0.620983809545617,0,Calm/Bull,0.9519
2014-06-02,dax,0.0006887299077092,0.0057666939851867,0.0094160011296402,0.0084984448307245,0.6900553554487463,0.0011550700191526,0.0021596186392109,0.6124355664140737,0,Calm/Bull,0.9614
2014-06-03,dax,-0.0030578882737665,0.00553958878136,0.0094282072485197,0.0068318833166269,0.8626120633915337,-0.0004245617537606,0.0023329328248733,0.5875548378754392,0,Calm/Bull,0.9585
2014-06-04,dax,0.000698331610307,0.005493545964372,0.0090168429897318,0.0062448167273492,0.8091212368477246,-0.0002516883604817,0.0020846846462074,0.6092538120745762,0,Calm/Bull,0.9869
2014-06-05,dax,0.0021293782732099,0.0052474987151301,0.0089185990405985,0.0118217324797395,1.555964769104312,0.0001796109846046,0.0017410384630037,0.5883770187719979,0,Calm/Bull,0.9874
2014-06-06,dax,0.0039488700495133,0.0051610121114331,0.0089150661703033,0.0059345550349994,1.1050032239940013,0.0008814843133945,0.0020737178464205,0.5789090078349381,0,Calm/Bull,0.9887
2014-06-09,dax,0.0021443942789626,0.0045358952031352,0.0087225932428321,0.0023709031571094,0.5272029955592101,0.0011726171876452,0.0015534125768711,0.5200168203260688,0,Calm/Bull,0.9937
2014-06-10,dax,0.0020132251493413,0.0044498146122357,0.0083097772079012,0.0045917563002879,0.8072020639487557,0.0021868398722668,0.0013869712753371,0.5354914459084036,0,Calm/Bull,0.9961
2014-06-11,dax,-0.0079075219390536,0.0049072742090564,0.008395953778113,0.0104102573414122,1.1835576005960655,0.0004656691623947,0.0009918004140873,0.5844808509843068,0,Calm/Bull,0.9894
2014-06-12,dax,-0.0011171652664122,0.0041938128164471,0.0082509367668527,0.0053095002578796,0.8770556562251346,-0.0001836395455297,0.0014425802688212,0.5082832331590866,0,Calm/Bull,0.9971
2014-06-13,dax,-0.0026023223649651,0.0041837796910045,0.0082356213245921,0.0116495492611946,1.0395076031083774,-0.0014938780284254,0.0014522100881204,0.5080102066508944,0,Calm/Bull,0.9932
2014-06-16,dax,-0.0029186126166527,0.0042735010180768,0.0082452967990267,0.0053703139431347,0.8570601732560154,-0.0025064794075485,0.0011492424620277,0.51829559593067,0,Calm/Bull,0.9956
2014-06-17,dax,0.0036698982647526,0.0042369990692146,0.0082512489584937,0.0122576293450706,0.961985503530967,-0.0021751447844662,0.0014379766926728,0.513497906865737,0,Calm/Bull,0.9871
2014-06-18,dax,0.0010085076585831,0.0040938667598072,0.0082350127345282,0.0042243529087122,0.982593014828003,-0.0003919388649388,0.0011843716074591,0.4971293781541119,0,Calm/Bull,0.9971
2014-06-19,dax,0.0073912950147725,0.0043181935592287,0.0079409067529117,0.0030507328318672,1.1494841154112894,0.001309753191298,0.0014352880726229,0.5437909918342023,0,Calm/Bull,0.9955
2014-06-20,dax,-0.0016767113350637,0.0042938559643598,0.0077103680988352,0.0063821669329243,2.536014935844666,0.0014948753972783,0.0011097782557772,0.5568937707407936,2,Stress/Bear,1.0
2014-06-23,dax,-0.0066626506230848,0.0036830019161016,0.0076467459969462,0.0107912946738376,0.824323220586438,0.0007460677959919,0.0001418188988103,0.4816430305874559,0,Calm/Bull,0.9893
2014-06-24,dax,0.0017281998611193,0.0035368917830152,0.0076473184914053,0.0049426163606408,0.7430604566128525,0.0003577281152652,-1.3784637673688882e-05,0.4625009128350375,0,Calm/Bull,0.9971
2014-06-25,dax,-0.0071019869864231,0.0038763556352998,0.0075070223956922,0.0078700976666413,0.9925574470417268,-0.0012643708137359,-0.0003605822191904,0.5163639364555761,0,Calm/Bull,0.9939
2014-06-26,dax,-0.0063895633739697,0.0041020528084746,0.0075441670521069,0.0151587346011809,1.1248599257586525,-0.0040205424914844,-0.0006787044652778,0.5437383318982917,0,Calm/Bull,0.9725
2014-06-27,dax,0.0010468394887758,0.0041129997880011,0.007520901640214,0.0046407555905867,0.7678938309129081,-0.0034758323267165,-0.0006483376611172,0.546875891317211,0,Calm/Bull,0.9865
2014-06-30,dax,0.0018220863918512,0.0041401093192896,0.0075201153525651,0.0090928014758869,0.804917008335246,-0.0017788849237292,-0.0005916698369101,0.550538007090205,0,Calm/Bull,0.9897
2014-07-01,dax,0.0070269511990559,0.0044280538203919,0.0075692228042604,0.0067326964671242,0.6654280998280071,-0.0007191346561419,-8.742786326901485e-05,0.5850077260111174,0,Calm/Bull,0.9919
2014-07-02,dax,0.0008942685790972,0.0044301000492403,0.0075218476011862,0.004669361147841,0.8552049632684235,0.0008801164569621,-7.763101482950274e-05,0.5889643454809886,0,Calm/Bull,0.9937
2014-07-03,dax,0.0118512934724881,0.0051585009560043,0.0072120813762101,0.0124902922415048,0.9842922234464548,0.0045282878262537,0.0004084647451344,0.7152582849411879,0,Calm/Bull,0.8917
2014-07-04,dax,-0.0020310508723927,0.0051156174920074,0.0072115233731492,0.0023387943252308,0.6716549704164806,0.0039127097540199,0.0001094686990391,0.7093671097364102,0,Calm/Bull,0.994
2014-07-07,dax,-0.0103449567050441,0.0055940579291533,0.0073548530404536,0.011080149718804,0.7722049951228527,0.0014793011346409,-0.0005149988501612,0.7605941136260083,0,Calm/Bull,0.9747
2014-07-08,dax,-0.013558025818957,0.0062667948714715,0.0075414251004152,0.0152098276303474,1.081345034741152,-0.0026376942689616,-0.0012935613985761,0.8309828431666727,0,Calm/Bull,0.9688
2014-07-09,dax,0.0036290841234398,0.0061559339887081,0.0072748268639128,0.0065944501755695,0.9401912509347332,-0.0020907311600931,-0.0007167310954514,0.8461966317363495,0,Calm/Bull,0.9978
2014-07-10,dax,-0.0153152204917789,0.0069694493051104,0.0075642578657186,0.0196353251846713,1.215687381730388,-0.0075240339529466,-0.0014266338567198,0.9213659064554311,0,Calm/Bull,0.9544
2014-07-11,dax,0.0007461615550908,0.0069799314878202,0.0071665327862254,0.0088005736724126,0.7899958184198447,-0.0069685914674498,-0.001259209660717,0.9739621231114876,0,Calm/Bull,0.9991
2014-07-14,dax,0.0119974522191767,0.0075656093240432,0.007055737081073,0.0102106230488484,0.717182043474722,-0.0025001096826056,-0.0005134064189255,1.0722634980742003,0,Calm/Bull,0.9999
2014-07-15,dax,-0.0065222505810991,0.0076121185225338,0.0070175804944695,0.0079068182265754,0.9194120087059588,-0.0010929546350341,-0.0010230138612181,1.0847212267152244,0,Calm/Bull,1.0
2014-07-16,dax,0.0142871487008066,0.0083426630300135,0.0067824523944331,0.0125831377752456,0.8874229956773583,0.0010386582804392,-0.0003590818091069,1.2300363562980607,0,Calm/Bull,0.9994
2014-07-17,dax,-0.0107469392657967,0.0084410961083645,0.0068882696996413,0.0104809053849064,0.984238040805871,0.0019523145256356,-0.0012659935231354,1.2254305473556053,0,Calm/Bull,0.9996
2014-07-18,dax,-0.0034775146944753,0.0084553002960633,0.0069060515826978,0.0067459033687319,1.6137634523780895,0.0011075792757224,-0.0013560336911059,1.2243320506390285,0,Calm/Bull,0.8432
2014-07-21,dax,-0.0111701284859985,0.0086617439728768,0.0067581231028803,0.0124926608335342,0.8934445807295961,-0.0035259368653126,-0.0015814075842516,1.281678927864631,0,Calm/Bull,0.9996
2014-07-22,dax,0.0126413212776873,0.0092077429323793,0.0069196321336546,0.0090370601629983,0.853522961918432,0.0003067775064446,-0.0010357515134232,1.3306694278726403,0,Calm/Bull,0.9996
2014-07-23,dax,0.0019734818674962,0.0091162265226927,0.0066755162176455,0.0080051904127549,0.8967172951583674,-0.0021559558602173,-0.0005819780707272,1.3656212082289012,0,Calm/Bull,0.9998
2014-07-24,dax,0.0041437330714441,0.009067184662264,0.0066905662355248,0.0138645306461177,0.9915636221595092,0.0008221786072307,-5.531324845660318e-05,1.3552193257007423,0,Calm/Bull,0.9997
2014-07-25,dax,-0.0154390626589382,0.0096897087922117,0.0069625952678018,0.0180702358754513,1.0269846938543512,-0.0015701309856618,-0.0008796083558423,1.3916806046477113,0,Calm/Bull,0.9925
2014-07-28,dax,-0.0047645257669167,0.0097049714033964,0.0069814583609869,0.0143214760789155,1.0035796479509878,-0.0002890104418454,-0.0012089389637807,1.3901066083311098,0,Calm/Bull,0.9998
2014-07-29,dax,0.0057615511192056,0.0096524355045724,0.0069634389365884,0.0123113907222196,0.9127123399663084,-0.0016649644735417,-0.0012722089677732,1.38615928027386,0,Calm/Bull,0.9998
2014-07-30,dax,-0.0062294825117837,0.009699604595244,0.0069781407608173,0.0136662239381233,1.0987431072125908,-0.0033055573493977,-0.0016283965223172,1.3899984147221316,0,Calm/Bull,0.9998
2014-07-31,dax,-0.0195993484231469,0.0099455363774303,0.0073295910400731,0.0199193211851439,1.7374587796031973,-0.008054173648316,-0.003200928617099,1.356901950334613,2,Stress/Bear,0.8361
2014-08-01,dax,-0.0212066224245534,0.0107208882467669,0.0078041519422798,0.022700162292461,1.7715789597494056,-0.009207685601439,-0.004159707194707,1.3737416090895669,2,Stress/Bear,0.9755
2014-08-04,dax,-0.0060923473523324,0.0106335739482671,0.0076386907749511,0.0123321938855574,1.0510799086037828,-0.0094732499185221,-0.0039470767270714,1.392067601837851,0,Calm/Bull,0.9874
2014-08-05,dax,0.0038814722796857,0.0105183900002749,0.0076205417628068,0.0092233037565032,0.9958859488092368,-0.0098492656864261,-0.0030751018221393,1.3802680081895808,0,Calm/Bull,0.9135
2014-08-06,dax,-0.006517589813292,0.0104222709429002,0.0076525293776971,0.014840048213952,1.203743768328044,-0.0099068871467278,-0.0035824355189759,1.3619380506104717,0,Calm/Bull,0.9857
2014-08-07,dax,-0.0100248804281498,0.0101729734017653,0.0076503840352379,0.0155127996668072,1.1914787871607686,-0.0079919935477283,-0.0033179185157944,1.3297336911334414,0,Calm/Bull,0.9966
2014-08-08,dax,-0.003285567848293,0.0101280484078193,0.007652487661559,0.0174829798654691,1.2171719942088164,-0.0044077826324763,-0.0035195049859636,1.3234975155459416,0,Calm/Bull,0.9985
2014-08-11,dax,0.0188482051740564,0.0107756103321235,0.0080582476580612,0.0119478851255143,0.9503452228711402,0.0005803278728014,-0.0031769673382196,1.3372150856326566,0,Calm/Bull,0.9911
2014-08-12,dax,-0.012194039063015,0.0109416394082215,0.0081891430806728,0.0134451553799626,0.8734789236672877,-0.0026347743957386,-0.0034605567623154,1.3361153054029469,0,Calm/Bull,0.999
2014-08-13,dax,0.0141679269030828,0.0109314891899623,0.0083724209489621,0.0103773461718812,0.9536961412755371,0.0015023289475362,-0.0034665178522016,1.3056545121895071,0,Calm/Bull,0.9957
2014-08-14,dax,0.0028462628580953,0.0108774502851995,0.0083757604493658,0.0126296485196319,0.9300817037528334,0.0040765576047853,-0.002786857746007,1.2986821138160751,0,Calm/Bull,0.9991
2014-08-15,dax,-0.0144671346994178,0.0111873350495996,0.0085222489198603,0.0282636699530932,1.2814391118909587,0.0018402442345603,-0.0033363387462541,1.312720991231384,2,Stress/Bear,0.9971
2014-08-18,dax,0.0166577146893988,0.0118713438982049,0.0086461234957069,0.0071971512645003,0.7423369491699697,0.0014021461376288,-0.0019449465874843,1.3730250214560729,0,Calm/Bull,0.9986
2014-08-19,dax,0.0095751066063922,0.0116914940848243,0.0087227890899385,0.0079373922337469,0.6740061903906663,0.0057559752715102,-0.002098257321049,1.3403389631775122,0,Calm/Bull,0.9989
2014-08-20,dax,-0.0021137997953914,0.0116522316199032,0.0087230707476912,0.0092156525604626,0.7380573742821912,0.0024996299318154,-0.0023026214041934,1.3357946939714196,0,Calm/Bull,0.9997
2014-08-21,dax,0.0092925966393201,0.0118572287265541,0.0088245541595977,0.0135158141538419,0.7934329489137726,0.0037888966880603,-0.0020451782257996,1.343663205200906,0,Calm/Bull,0.9994
2014-08-22,dax,-0.0066550962424746,0.0114920587890634,0.0088534260432413,0.0131125102082856,0.8203158193533304,0.005351304379449,-0.0016059799049764,1.2980352163032305,0,Calm/Bull,0.9979
2014-08-25,dax,0.01814118599742,0.0122753957094707,0.0091915777181333,0.0090460603161736,0.6341106089594805,0.0056479986410532,-0.0004606943167596,1.3355047507517177,0,Calm/Bull,0.9982
2014-08-26,dax,0.0081694409180794,0.0123512080293467,0.0092579189689486,0.0151592959489995,0.7898611226752956,0.0053668655033907,-0.0003402998268159,1.3341235833639389,0,Calm/Bull,0.9987
2014-08-27,dax,-0.0019251038523258,0.0122804877393709,0.0092580384580352,0.00567413274897,0.8223475131305983,0.0054046046920038,-0.000125080893843,1.326467566000708,0,Calm/Bull,0.9995
2014-08-28,dax,-0.0112599837402617,0.011712923403908,0.0093517744519783,0.0137013049269731,0.8904638530900391,0.0012940886160874,0.0002918873403011,1.2524813835122126,0,Calm/Bull,0.9992
2014-08-29,dax,0.0008039360595659,0.0105643690029834,0.0093333106450687,0.015686075953544,0.885315851614768,0.0027858950764955,0.0013924152645071,1.1318994304089842,0,Calm/Bull,0.9984
2014-09-01,dax,0.0009351689904485,0.0104181775849007,0.0093279602538272,0.007956501846644,0.5725410549457649,-0.0006553083248987,0.0017437910816462,1.1168762839256456,0,Calm/Bull,0.9997
2014-09-02,dax,0.0029484045787851,0.0104101871706373,0.0093337004377762,0.009809569162917,0.7457814578848879,-0.0016995155927575,0.0016971376966011,1.1153333278732902,0,Calm/Bull,0.9995
2014-09-03,dax,0.0124882739523834,0.0104880224225478,0.0094445572784756,0.0160369853450044,1.225796917274656,0.0011831599681842,0.0026474308848849,1.1104832247087184,0,Calm/Bull,0.9672
2014-09-04,dax,0.0101050722278015,0.010168946183227,0.0095437467020655,0.019832908232692,1.4421213269327031,0.0054561711617969,0.0036539285176825,1.0655088091374223,1,Transition,0.6532
2014-09-05,dax,0.0023377792125071,0.0100439465944256,0.0095454143875657,0.0085369646250035,1.0639412969065438,0.0057629397923851,0.0039350958707225,1.0522274032973695,0,Calm/Bull,0.9909
2014-09-08,dax,0.0011290146364503,0.0094214513849388,0.0095407608781367,0.0053279435416923,0.7436716096731611,0.0058017089215855,0.0030491363438422,0.9874947611912984,0,Calm/Bull,0.9982
2014-09-09,dax,-0.0048621733650345,0.0089267716504063,0.0095454780195239,0.0075967262675465,0.8123886430999503,0.0042395933328215,0.0034157296287412,0.9351833016793766,0,Calm/Bull,0.9898
2014-09-10,dax,-0.0010849873711939,0.0086056038274508,0.0095442320896179,0.0090287158709969,0.8991597019992219,0.001524941068106,0.0026530839150274,0.9016549206522148,0,Calm/Bull,0.993
2014-09-11,dax,-0.0009168627380324,0.0086422191130297,0.0094895252493171,0.0105414510124123,0.9058695170249724,-0.0006794459250606,0.002464927635221,0.910711430337539,0,Calm/Bull,0.9907
2014-09-12,dax,-0.0041515455383013,0.0078500200674216,0.0094999699097565,0.0092102841342754,0.8020135874940678,-0.0019773108752223,0.0029807070932768,0.8263205191165487,0,Calm/Bull,0.9639
2014-09-15,dax,0.000880338283125,0.0071662153931542,0.0094678398148605,0.0085209859291766,0.8549091541427692,-0.0020270461458874,0.0021918382729631,0.7569007855314872,0,Calm/Bull,0.976
2014-09-16,dax,-0.0027679284609167,0.0070270429776983,0.009468142109545,0.0058372160922616,0.951538256582685,-0.0016081971650638,0.0015746865195977,0.742177598983676,0,Calm/Bull,0.9811
2014-09-17,dax,0.0029615110520677,0.0069783037419225,0.0094386539415159,0.0047042586878331,1.0240918745105076,-0.0007988974804115,0.0018284520619706,0.7393325134242318,0,Calm/Bull,0.9796
2014-09-18,dax,0.0140426235091355,0.0073182616978351,0.0095845923527552,0.0114001545854622,1.2252069663429566,0.002192999769022,0.0020659534054614,0.763544387543138,0,Calm/Bull,0.8882
2014-09-19,dax,0.0001153095217292,0.0070451122144542,0.0095836033487401,0.0093843783241758,2.6919135070049207,0.0030463707810281,0.0024044736936716,0.7351214316878435,2,Stress/Bear,1.0
2014-09-22,dax,-0.0050867402875944,0.0061752300659373,0.009602495727664,0.007905921843869,1.0053037959013564,0.0018529550668842,0.0012430773794209,0.6430859477653244,0,Calm/Bull,0.9367
2014-09-23,dax,-0.0159748238351348,0.0070482181224041,0.009769136305382,0.0136143273225651,1.1812443902577203,-0.0007884240079593,3.5864141760195285e-05,0.7214781227406125,0,Calm/Bull,0.7684
2014-09-24,dax,0.0069522482987366,0.0071962007541666,0.0098152556232779,0.0139392554390062,1.137024764054111,9.723441374433032e-06,0.0004797317493133,0.7331648843765213,0,Calm/Bull,0.8709
2014-09-25,dax,-0.0158526294434181,0.0076495314036634,0.0098794008262341,0.0247707750365825,1.2723742718543014,-0.0059693271491363,0.0002500994641554,0.7742910261673532,1,Transition,0.957
2014-09-26,dax,-0.0020483573306996,0.0076652348232002,0.0098794350672598,0.0095315827638163,1.0769327698604927,-0.0064020605196221,0.0001074847946422,0.7758778483804755,0,Calm/Bull,0.9171
2014-09-29,dax,-0.0071525714431153,0.0078308211950317,0.0098361345618428,0.0143650262305343,0.9769408555891572,-0.0068152267507263,-0.0002969022270359,0.796127904289729,0,Calm/Bull,0.8933
2014-09-30,dax,0.0054388743338247,0.0079045970824936,0.0097247138513151,0.0095110301996055,1.1095503745027004,-0.0025324871169343,-0.000172378739284,0.8128359562399498,0,Calm/Bull,0.9737
2014-10-01,dax,-0.0097866623379669,0.0075898274333572,0.0097818374667217,0.0174183963504867,1.0355690865395584,-0.005880269244275,-0.0012861255538015,0.7759101967476094,0,Calm/Bull,0.7626
2014-10-02,dax,-0.0200624120844313,0.0081814611434342,0.0099199471121189,0.023591560065146,1.5025730925579686,-0.0067222257724777,-0.0027944997694131,0.8247484639750912,1,Transition,0.7723
2014-10-06,dax,0.0015028457884893,0.0081559853965745,0.0099224519741426,0.0171333809375456,1.2527285093750766,-0.0060119851486399,-0.002836246440614,0.8219727762682597,0,Calm/Bull,0.6713
2014-10-07,dax,-0.013478745110708,0.0084316197116809,0.0099103231899274,0.0098930825268674,1.230107002346889,-0.0072772198821584,-0.0035666344279719,0.8507915988300625,1,Transition,0.5371
2014-10-08,dax,-0.0100523127887992,0.0085525949696614,0.0099526531058955,0.0116116022875584,1.2717834212321328,-0.0103754573066832,-0.0038261413991602,0.8593281488526135,1,Transition,0.6691
2014-10-09,dax,0.0010765850965274,0.0086025697369305,0.0097461847472713,0.0183487074266305,1.154288399513187,-0.0082028078197843,-0.0037180627757741,0.8826602368007639,1,Transition,0.5161
2014-10-10,dax,-0.0243028750324554,0.0097187350566774,0.0101141089290748,0.0193940025607403,1.7074056044200148,-0.0090509004093891,-0.0048873633904952,0.9609086796306078,2,Stress/Bear,0.9895
2014-10-13,dax,0.0026839168561153,0.0098650608616837,0.0101274021218097,0.0196087557436185,1.1491491791104378,-0.0088146861958639,-0.0045455902707744,0.9740958977464657,1,Transition,0.6942
2014-10-14,dax,0.0014492047608407,0.0098823334572233,0.0100567878110453,0.0173309439012771,1.1465518267436834,-0.0058290962215542,-0.0045171469468886,0.9826530740133166,0,Calm/Bull,0.5934
2014-10-15,dax,-0.0291171267090728,0.0112926035485914,0.0105020269713143,0.0340784925214268,1.451092329943782,-0.0096420590056089,-0.0058346068592964,1.075278475234973,2,Stress/Bear,0.9779
2014-10-16,dax,0.0012766298073944,0.0112296390216768,0.0104978084180446,0.0358725618365914,1.9747877904918,-0.0096020500634355,-0.0059188509215301,1.0697127033080718,2,Stress/Bear,1.0
2014-10-17,dax,0.0306760168222381,0.0132245414877605,0.0112951396837661,0.02958662540733,1.5329838503655209,0.0013937283075031,-0.005087181255875,1.1708169936815809,2,Stress/Bear,0.9943
2014-10-20,dax,-0.0150856167618904,0.0133460635788263,0.0112879368215856,0.0174518028817341,0.9029583992350412,-0.0021601784160979,-0.005847227570056,1.1823297551865242,1,Transition,0.8641
2014-10-21,dax,0.0192227320916077,0.0144779466814627,0.0115974816893858,0.0275763943550103,1.017310493652756,0.0013945270500554,-0.0046317539510958,1.2483698676336965,2,Stress/Bear,0.6577
2014-10-22,dax,0.0059661802997444,0.0144042911277798,0.0115996183293881,0.0107067372912043,0.8380514648195466,0.0084111884518188,-0.0035347037443519,1.24179009332453,1,Transition,0.6627
2014-10-23,dax,0.0119162187715175,0.0146354135184733,0.011704455334217,0.0273264075721751,0.9191162221699244,0.0105391062446434,-0.0032865052207128,1.2504138894603614,2,Stress/Bear,0.9243
2014-10-24,dax,-0.0065993480122839,0.0143609439962342,0.0114719051656147,0.0099312142643016,0.8388575046687838,0.003084033277739,-0.0028238411491561,1.2518360105764277,0,Calm/Bull,0.6498
2014-10-27,dax,-0.0095235487902125,0.0144367738044781,0.0112152641428955,0.0278546945665185,0.9361218859349244,0.0041964468720746,-0.0031976007221318,1.2872433159430643,2,Stress/Bear,0.7931
2014-10-28,dax,0.0184282009478397,0.0151818850303332,0.0114546712730176,0.0120530998477572,0.6578595147350008,0.004037540643321,-0.001918562102584,1.325388103113471,0,Calm/Bull,0.4499
2014-10-29,dax,0.0016108361838065,0.0151081976979999,0.0114448487279109,0.009357262608785,0.7510650849229721,0.0031664718201334,-0.0021099640100849,1.3200871463818555,0,Calm/Bull,0.7581
2014-10-30,dax,0.003520268556236,0.0150452111930001,0.0114242081078243,0.0271041300694823,0.9874780116140408,0.0014872817770771,-0.0014446174653748,1.3169587818253954,1,Transition,0.5872
2014-10-31,dax,0.0229956568318003,0.0153190869648594,0.0117258245618751,0.0131158766647313,1.0158120433770026,0.007406282745894,0.0007082859804367,1.3064400617648089,1,Transition,0.7048
2014-11-03,dax,-0.0080921546497868,0.0154426397246281,0.0117686233697754,0.0116151581513575,0.6642687989853651,0.0076925615739791,0.0002285359585229,1.3121874359823928,2,Stress/Bear,0.5103
2014-11-04,dax,-0.0092551081343082,0.0152732744001302,0.0115814268815209,0.0184519944409317,0.7570452299127611,0.0021558997575495,0.0004397178073429,1.3187731146064456,1,Transition,0.6336
2014-11-05,dax,0.0161253514374414,0.0154474971542181,0.0116539597066448,0.01102793023877,0.687808282697159,0.0050588028082765,0.0017486010186549,1.325514893054786,1,Transition,0.4209
2014-11-06,dax,0.0066260393134853,0.0154845868613666,0.0115435992919478,0.0211924684362395,1.0436943877893488,0.0056799569597264,0.0020260737295028,1.3414002400592562,1,Transition,0.7405
2014-11-07,dax,-0.0091680943086165,0.0144665111475377,0.0116030908688077,0.018856345785959,0.9010602429222592,-0.0007527932683569,0.0027828127656948,1.2467808199647608,1,Transition,0.8521
2014-11-10,dax,0.0064408079932443,0.0144895323159929,0.0114707797554554,0.0138260907248769,0.6252279936488613,0.0021537992602492,0.0029706573225512,1.26316890611572,1,Transition,0.426
2014-11-11,dax,0.0018332623643095,0.0144876641943726,0.0112741344718945,0.0081257992719739,0.712556590940664,0.0043714733599728,0.0029898602027247,1.285035603441596,0,Calm/Bull,0.6684
2014-11-12,dax,-0.0170155230764975,0.0132783761163136,0.0114218805324804,0.0184280721113593,0.8598206248286656,-0.0022567015428149,0.0035949403843534,1.162538522317223,1,Transition,0.8374
2014-11-13,dax,0.0040683570043917,0.0132673918544426,0.0114324019210101,0.0152153947099163,0.8077103405803402,-0.0027682380046336,0.0037345267442033,1.1605078220754463,1,Transition,0.8768
2014-11-14,dax,0.0004789531739863,0.0116610277256849,0.0113658575547627,0.0107717025341712,0.7939352968161002,-0.0008388285081131,0.0022246735617907,1.0259698988395778,0,Calm/Bull,0.9548
2014-11-17,dax,0.0057555355848085,0.0109417475241033,0.011360532091604,0.0182370865321916,0.7574857614677606,-0.0009758829898002,0.0032667311791257,0.9631368879447004,1,Transition,0.8057
2014-11-18,dax,0.0160086161924534,0.0107163428568025,0.0113058307939189,0.0145942262327609,0.7965378107397979,0.0018591877758284,0.0031060253841679,0.94785983021845,0,Calm/Bull,0.5113
2014-11-19,dax,0.0017189763387357,0.0106987494648116,0.0112564805731322,0.0087165689344707,0.7982362605178827,0.0056060876588751,0.0028936651861175,0.950452443399416,0,Calm/Bull,0.9583
2014-11-20,dax,0.0011784627279765,0.0104895236912931,0.0112555577876586,0.0111198120595144,0.9088656239377488,0.0050281088035921,0.0023567773839405,0.931941702862077,0,Calm/Bull,0.931
2014-11-21,dax,0.0258729417031163,0.0114951874606159,0.0116483417328236,0.0234234328246337,1.7781285400502127,0.0101069065094181,0.0039803918697105,0.9868518390239024,2,Stress/Bear,0.9418
2014-11-24,dax,0.0054298719796851,0.0110482475389246,0.0116658930183975,0.0123284585744291,1.0495297333766995,0.0100417737883934,0.0047280629082054,0.9470554480056615,1,Transition,0.9292
2014-11-25,dax,0.0077030853496664,0.0105994470335862,0.011702382620627,0.0136088974724296,1.2401766874721345,0.008380667619836,0.0041918071282967,0.9057511941972564,1,Transition,0.9258
2014-11-26,dax,0.0054963219460264,0.0105852498388115,0.011715447581125,0.0074953220716375,0.9387806952098268,0.0091361367412941,0.0043860814164077,0.903529273253348,1,Transition,0.5833
2014-11-27,dax,0.0059637447349855,0.0105888313298227,0.0116341850071591,0.0071990481548994,0.9089508156821654,0.0100931931426959,0.0045082552253452,0.9101480957460196,1,Transition,0.6161
2014-11-28,dax,0.0005992760419953,0.0096756880244159,0.0115669799438473,0.0088469226712483,1.0754320786835965,0.0050384600104717,0.0033884361858549,0.8364921588337829,0,Calm/Bull,0.5673
2014-12-01,dax,-0.0017388222697848,0.0093786611318338,0.0115675810019825,0.0072926265903491,1.0458628157102614,0.0036047211605777,0.003706102804855,0.8107711655726866,1,Transition,0.5387
2014-12-02,dax,-0.0029581179621632,0.0090194604023753,0.0115750441013922,0.0128849374067215,0.93504942046198,0.0014724804982118,0.0040209523134623,0.7792160723854621,1,Transition,0.9135
2014-12-03,dax,0.0037888327238974,0.0085581311588303,0.0115635518100253,0.0063498464858825,0.9011405051097054,0.001130982653786,0.0034041263777851,0.7400953703005573,1,Transition,0.8063
2014-12-04,dax,-0.0121516484134257,0.0091925653548892,0.0116760362495151,0.0252067302802538,1.2932432380604506,-0.0024920959758962,0.0024652419914395,0.7873018855410747,1,Transition,0.9971
2014-12-05,dax,0.0236509121415785,0.0099080128266699,0.0120586562244657,0.0162147912362328,1.015570506677251,0.0021182312440204,0.0041061923139493,0.8216514877144964,1,Transition,0.9978
2014-12-08,dax,-0.0071763801024636,0.0102026319222453,0.012085436842693,0.0069855246286084,0.7500606088040109,0.0010307196774846,0.0034253329091639,0.8442087824416462,1,Transition,0.6635
2014-12-09,dax,-0.0223426551295281,0.0117204522866845,0.0124434230853684,0.016876165834676,1.178240769361989,-0.0028461877559883,0.002216537034472,0.9418993637262038,1,Transition,0.9531
2014-12-10,dax,0.0006145432216034,0.0108267804430185,0.012437272584124,0.0136738454621081,0.9503820983405056,-0.0034810456564471,0.003098040349377,0.8705108270151456,1,Transition,0.8975
2014-12-11,dax,0.0063878736078138,0.0108501195750357,0.012457614370667,0.0146423029634632,1.052958559546247,0.0002268587478007,0.0032140161795481,0.8709628707550686,1,Transition,0.8594
2014-12-12,dax,-0.027528717454737,0.0128456226867995,0.0128331577819656,0.0222445710963578,0.9965022481030764,-0.0100090671714623,0.001813632648112,1.0009713045725552,1,Transition,0.9356
2014-12-15,dax,-0.0275493444932986,0.014375372760411,0.0133044910252054,0.0372047533664378,1.163117202435599,-0.0140836600496293,0.0001483886442066,1.0804902444728477,2,Stress/Bear,0.9651
2014-12-16,dax,0.0243298175374407,0.0149668195543197,0.0136809272328856,0.0363910555073542,1.6808672819376762,-0.0047491655162355,0.000564448711456,1.0939916059448875,2,Stress/Bear,0.9991
2014-12-17,dax,-0.0020368057831749,0.0149751308926642,0.0135280915678204,0.016747947714922,0.9890346576670778,-0.0052794353171912,0.0003766596053604,1.1069655182025724,1,Transition,0.949
2014-12-18,dax,0.0275525714272896,0.0161635456871282,0.0139641883590591,0.0142573675972537,1.1508139342368944,-0.001046495753296,0.0016953650403261,1.1574998325371528,1,Transition,0.7826
2014-12-19,dax,-0.0024593935610699,0.0151423329897768,0.0138085159830691,0.0217227423248429,1.644142979562872,0.0039673690254373,0.0002787482771168,1.0965937982287963,2,Stress/Bear,0.6866
2014-12-22,dax,0.0080192694014937,0.0151996555743868,0.0138384271938481,0.0098786067421869,0.596222074554059,0.0110810918043958,0.0004082181482072,1.098365830268906,1,Transition,0.817
2014-12-23,dax,0.0056954829328465,0.0151555090210623,0.0138150890796454,0.007463208795933,0.4741563519696848,0.0073542248834769,0.0003078380273662,1.097025790690835,0,Calm/Bull,0.5118
2014-12-29,dax,0.0005057655907963,0.0151065917075817,0.0138020520775094,0.0153518102272802,0.4806570914398667,0.0078627391582712,5.831020960474504e-05,1.094517802334484,1,Transition,0.7191
2014-12-30,dax,-0.0123228693287095,0.0152827260321522,0.0138387910069873,0.008284131983213,0.3635312847806258,-0.0001123489929285,-0.00085602049358,1.1043396799934215,1,Transition,0.8419
2015-01-02,dax,-0.0041715698050281,0.015296042686071,0.0135837151744912,0.0196903036318126,0.7196475918583805,-0.0004547842417202,-0.0010945627859311,1.1260573774982654,1,Transition,0.897
2015-01-05,dax,-0.0303144088277341,0.0166353549315838,0.0141720868012047,0.0339579873895368,1.117282341075566,-0.0081215198875658,-0.0025233421138286,1.173811250589412,2,Stress/Bear,0.7497
2015-01-06,dax,-0.0003695331510397,0.0166418629788654,0.0140539495726396,0.0255373555264696,1.0194105112615546,-0.009334523104343,-0.0023939128732724,1.1841413613198066,1,Transition,0.9488
2015-01-07,dax,0.0051106010218077,0.016670308456796,0.0139937284540119,0.0139932669964631,0.868874463009071,-0.0084135560181407,-0.0023278244583769,1.1912699686563266,1,Transition,0.9703
2015-01-08,dax,0.0330092098960234,0.0182530571636236,0.0145933337714134,0.0251615268372247,1.2129233777314874,0.0006528598268058,-6.978154290450331e-05,1.2507804898822492,2,Stress/Bear,0.705
2015-01-09,dax,-0.0194103682659773,0.0178428536674379,0.0144599213317767,0.0267844418821578,1.1269171376685958,-0.0023948998653839,-0.0022228455632822,1.2339523333523896,1,Transition,0.8667
2015-01-12,dax,0.0137313162857747,0.0181472374299148,0.0145446220311486,0.0197957084722601,1.0446153373457627,0.0064142451573177,-0.0011774607438703,1.2476939855192462,1,Transition,0.961
2015-01-13,dax,0.0161338400899599,0.0178219497270172,0.0146627247121563,0.0225249872686349,1.195852522011805,0.0097149198055177,0.000746364017104,1.2154596145586576,1,Transition,0.8957
2015-01-14,dax,-0.0125438854656969,0.0180682508571357,0.0142162042620259,0.0198512040060919,1.226131334844207,0.0061840225080167,8.844258273901202e-05,1.2709616803550925,1,Transition,0.8504
2015-01-15,dax,0.0217170887423038,0.0186648252819593,0.0144354528875763,0.0424465412741438,1.4580192994682335,0.0039255982772728,0.0008549033394635,1.2929850852149525,2,Stress/Bear,0.999
2015-01-16,dax,0.0133820450388824,0.0176019633753756,0.0140324083251173,0.026291909676294,1.3603129727912335,0.0104840809382448,0.0029004414641444,1.2543793600895248,1,Transition,0.6843
2015-01-19,dax,0.0073081797858393,0.0160889624162655,0.0138585384610203,0.0098668346782459,0.7898443145768287,0.0091994536382577,0.0046433176781013,1.1609422206763496,1,Transition,0.9694
2015-01-20,dax,0.0014420147598689,0.0154148544368417,0.0136879918631617,0.0084848563323092,1.101170807808806,0.0062610885722395,0.0034989275392227,1.1261589421547984,1,Transition,0.9637
2015-01-21,dax,0.004096118581476,0.0153598394052262,0.0136818380772111,0.0157420362489157,1.1656935329917086,0.0095890893816741,0.0038055737574553,1.1226444369934532,1,Transition,0.9779
2015-01-22,dax,0.0131557847498682,0.0145017455182983,0.0136974415085091,0.0216105539218094,1.49421398319254,0.007876828583187,0.0030857344235842,1.0587192877801015,1,Transition,0.8458
2015-01-23,dax,0.0202954966714918,0.0149301003967096,0.0138379808844293,0.0189181828435503,1.662266410909953,0.0092595189097088,0.0042234789352123,1.0789218832863998,2,Stress/Bear,0.772
2015-01-26,dax,0.0138710376850236,0.0150651309918418,0.0138136390875996,0.0202346102053901,1.0194885216545515,0.0105720904895457,0.0045160673493888,1.0905982772755116,1,Transition,0.9624
2015-01-27,dax,-0.0158448931935806,0.0157316034033342,0.0138824419019776,0.0205211185275255,1.0879115638812629,0.0071147088988558,0.0034390485430675,1.1332014579577103,1,Transition,0.9147
2015-01-28,dax,0.007721817805421,0.0157435332761948,0.0138971259869218,0.0164383166972601,1.029589092934469,0.0078398487436448,0.0037998511537987,1.1328625279076134,1,Transition,0.9865
2015-01-29,dax,0.0025083319121338,0.0152868117223149,0.0138967870143507,0.0126515393141188,0.88689521909013,0.0057103581760979,0.0045414112158409,1.100024898311302,1,Transition,0.9881
2015-01-30,dax,-0.0040639676815863,0.0152836024425629,0.0136651504489254,0.0150968168705204,0.9440755027671314,0.0008384653054823,0.004546791322013,1.118436456275155,1,Transition,0.9865
2015-02-02,dax,0.0124234850165077,0.0129647177450918,0.0136578831880972,0.0139102310071481,0.8745743984050417,0.0005489547717791,0.006683686014225,0.9492479593316908,1,Transition,0.9905
2015-02-03,dax,0.0057959134318639,0.0128610669545409,0.0135740009527342,0.0114462148861587,1.1503512490704069,0.004877116096868,0.0069919583433702,0.9474779764141874,1,Transition,0.9917
2015-02-04,dax,0.0018686240139522,0.012906378165176,0.0134624102975645,0.010002513158281,0.8393128850466759,0.0037064773385742,0.0068298594929775,0.9586974308390316,1,Transition,0.9943
2015-02-05,dax,-0.0005418003768292,0.0114193206930008,0.0134582001259175,0.0095347600191275,0.7542076041762336,0.0030964508807816,0.0051523089793348,0.8485028150985601,1,Transition,0.9952
2015-02-06,dax,-0.0054267373905591,0.0101991507095297,0.013411734163967,0.0068944852491328,0.6854186898933966,0.002823896938987,0.0058514905231057,0.7604647232668543,1,Transition,0.9996
2015-02-09,dax,-0.0170046624620761,0.0112144359138964,0.0136369470418793,0.0143573375689619,0.8949327065621837,-0.0030617325567296,0.0043146915857132,0.8223567840702689,1,Transition,0.9989
2015-02-10,dax,0.008434366601663,0.0109155206755352,0.0136606477296927,0.018889981240332,0.8236753070798211,-0.0025340419227698,0.0039297179112983,0.799048543782388,1,Transition,0.9989
2015-02-11,dax,-0.0001599303756827,0.0102636321119197,0.0134280847043306,0.0088177638819268,0.6283968645693776,-0.0029397528006968,0.004548915665799,0.7643407334636212,1,Transition,0.9997
2015-02-12,dax,0.0154619072134276,0.0097976677981725,0.0135296872568078,0.0190976845963439,0.9814922865206396,0.0002609887173545,0.0042361565893552,0.7241607002588039,1,Transition,0.9995
2015-02-13,dax,0.0039985337262066,0.0095584029337919,0.0135272225807582,0.0059615970110778,0.9293706760809828,0.0021460429407076,0.0037669810237214,0.7066049868498736,1,Transition,0.9999
2015-02-16,dax,-0.0036707309807622,0.0096590587788096,0.013547357563076,0.0049435924797602,0.5842573987669955,0.0048128292369704,0.0032180354853914,0.7129847081866272,1,Transition,0.9998
2015-02-17,dax,-0.0025308726682465,0.0097380356199507,0.0134490385132114,0.0143397285050839,0.7404702497524365,0.0026197813829885,0.0030193911139856,0.7240692790332004,1,Transition,0.9999
2015-02-18,dax,0.0059826338626681,0.0097581300396029,0.013456850878229,0.006512257948636,0.6937158286128675,0.0038482942306587,0.0031137168780452,0.7251421694350504,1,Transition,0.9999
2015-02-19,dax,0.0037281417065213,0.0094709842304803,0.0134568511077737,0.0133876419349676,0.8879769806804879,0.0015015411292774,0.0026423347258778,0.7038038954751562,1,Transition,1.0
2015-02-20,dax,0.004416653084707,0.008532286973188,0.0131050092205412,0.0122082688404897,1.3949876677589348,0.0015851650009775,0.0018483925465386,0.6510706577614823,1,Transition,0.9995
2015-02-23,dax,0.0072385013066812,0.0081612313578269,0.0131148352587044,0.0079760050436644,0.7974510041754939,0.0037670114584662,0.0015167657276215,0.6222900400071968,1,Transition,1.0
2015-02-24,dax,0.006699353601901,0.0071286232214823,0.0131082665144425,0.0122829590512256,0.8747207382095791,0.0056130567124957,0.0026439780673956,0.5438265398119646,1,Transition,1.0
2015-02-25,dax,0.0004041126841034,0.0070415429370847,0.013102587228069,0.0045332840388747,0.8717902113023521,0.0044973524767828,0.0022780928113297,0.5374162228052196,1,Transition,1.0
2015-02-26,dax,0.0103757874741904,0.007271096412363,0.0131372849318063,0.012680097832209,0.9241715569970884,0.0058268816303166,0.0026714655894325,0.5534702528038467,1,Transition,1.0
2015-02-27,dax,0.0065529044472969,0.0071398497156844,0.0131480918406237,0.0087987460707647,1.0299786679728364,0.0062541319028346,0.0032023091958767,0.5430331490098376,1,Transition,1.0
2015-03-02,dax,0.0007627729188961,0.006815980713654,0.0131392947150121,0.0080803929474387,0.8889484614985989,0.0049589862252776,0.0026192735909961,0.5187478370407925,1,Transition,1.0
2015-03-03,dax,-0.01145855383773,0.0074547851855305,0.0132419379869558,0.016388671232643,0.9655133939689782,0.0013274047373513,0.0017565502275164,0.5629678369490945,1,Transition,1.0
2015-03-04,dax,0.0097059375929017,0.0076640364719709,0.013276579102304,0.0173023270648228,0.9205127908583142,0.003187769719111,0.0021484159064639,0.5772598809463577,1,Transition,1.0
2015-03-05,dax,0.0099265206547919,0.0078263858984387,0.0131771812573213,0.0107589014903601,0.9591744020324968,0.0030979163552313,0.0026718319580449,0.593934753237937,1,Transition,1.0
2015-03-06,dax,0.0040737425853351,0.0075938326094912,0.0128858717977177,0.0091048565068223,0.9553196017079,0.0026020839828389,0.0031468559568397,0.5893146174895324,1,Transition,1.0
2015-03-09,dax,0.002692304155354,0.005939980410983,0.0128262468337408,0.010799420341227,0.8224405816317697,0.0029879902301305,0.0041317042877112,0.4631113441039756,1,Transition,1.0
2015-03-10,dax,-0.0070816284968756,0.0063476999660858,0.0124732684763658,0.015223851725686,1.0917541767180972,0.0038633752983014,0.0033559045327842,0.5089043002732906,1,Transition,1.0
2015-03-11,dax,0.026226981531753,0.0080833949821714,0.0128345144690082,0.0246468498595538,1.2383538184921383,0.0071675840860717,0.004675250128156,0.6298169674973382,1,Transition,0.9936
2015-03-12,dax,-0.0005592442182501,0.0077449416757193,0.0128357253784893,0.0063765381137712,1.3656504747669749,0.0050704311114633,0.0038741925565721,0.6033894811039373,1,Transition,0.9996
2015-03-13,dax,0.0086259091976135,0.0078176286274177,0.0122123130072265,0.0133091561516466,1.191483348399862,0.0059808644339189,0.0041055613301425,0.6401431590225115,1,Transition,1.0
2015-03-16,dax,0.022112806420226,0.0085585956895069,0.011739781749943,0.0216737180415811,1.2409638820326778,0.0098649648868933,0.0053947382001919,0.7290251106711155,1,Transition,0.9968
2015-03-17,dax,-0.0154770118907828,0.0096140690808512,0.011720258319653,0.022121973624901,1.1331506696655098,0.0081858882081119,0.0047474312390651,0.8202949814450763,1,Transition,0.99
2015-03-18,dax,-0.0048595312768528,0.0098436903048856,0.0117495305347353,0.0170622846450905,1.2158687577558924,0.0019685856463907,0.004205322982089,0.8377943506580596,1,Transition,0.9761
2015-03-19,dax,-0.0019619663698058,0.0099399656544882,0.0113452111450107,0.0179698195796039,1.1602700064010818,0.0016880412160796,0.0039208175782727,0.8761375638971268,1,Transition,0.9295
2015-03-20,dax,0.011694111158377,0.0100911258499422,0.0113723097802257,0.0133520274262946,1.8617444492908524,0.0023016816082323,0.0042846904819562,0.887341801705821,2,Stress/Bear,0.9737
2015-03-23,dax,-0.0119933766305053,0.0106931921568131,0.0115284970881276,0.0106769041829552,0.9015511791819888,-0.0045195550019139,0.0033230965850968,0.9275443342762562,1,Transition,0.8033
2015-03-24,dax,0.0091919938300636,0.0107489950379979,0.0115505595920362,0.0194007935852684,1.0513327499187328,0.0004142461422553,0.003447728596505,0.930603833723259,1,Transition,0.9445
2015-03-25,dax,-0.0117608539221307,0.0112622215626275,0.0117061510258533,0.0138731505483746,0.8518109232275217,-0.0009660183868002,0.0028394802661933,0.9620772479147672,1,Transition,0.5117
2015-03-26,dax,-0.0018255203517504,0.0111625260411967,0.011551095753252,0.019391770795473,1.188001587137202,-0.0009387291831891,0.0022294148748962,0.9663607920533472,1,Transition,0.5491
2015-03-27,dax,0.0020791488995379,0.011116055382651,0.011512088886201,0.0130649863368981,0.8781796921349333,-0.0028617216349569,0.0020057270975083,0.9655984671882905,0,Calm/Bull,0.8576
2015-03-30,dax,0.0181750514612219,0.0116810908854759,0.0107954853038346,0.0138531815501426,0.7477841070135066,0.0031719639833884,0.0028763410246246,1.082034809618672,0,Calm/Bull,0.8643
2015-03-31,dax,-0.00996507069267,0.0115890395605941,0.0109324198877621,0.0147574240465348,0.8681704245710335,-0.0006594489211582,0.0029510151818776,1.0600616953586808,0,Calm/Bull,0.7057
2015-04-01,dax,0.0029381381537993,0.0114797119769017,0.0109319394787428,0.0193969394632599,0.9203210270908498,0.0022803494940277,0.0026126252099224,1.050107531168096,1,Transition,0.5069
2015-04-02,dax,-0.0028362121064035,0.0114062410167795,0.0102716816167454,0.0059562089588021,0.7027502539404532,0.0020782111430971,0.0019744885718627,1.1104550785710174,0,Calm/Bull,0.9983
2015-04-07,dax,0.0129619075481067,0.011662605294951,0.0099039903273962,0.0093709895634808,0.901276978285612,0.0042547628728108,0.0024188968200012,1.177566305036686,0,Calm/Bull,0.9984
2015-04-08,dax,-0.007256772714825,0.0118608278443177,0.009918116640701,0.0086840911043746,0.7117207680483597,-0.0008316019623985,0.0019214429764923,1.1958750107499527,0,Calm/Bull,0.9974
2015-04-09,dax,0.0107908207888615,0.0118200205952013,0.0098259159397668,0.009742395413228,0.6058403465044438,0.0033195763339078,0.0028150654407791,1.202943386413894,0,Calm/Bull,0.9975
2015-04-10,dax,0.0169751509872846,0.0110087411196765,0.0097545100968965,0.0142419452948943,0.8233113871138674,0.0061269789006048,0.0023524739135557,1.128579601673596,0,Calm/Bull,0.983
2015-04-13,dax,-0.0029133940854852,0.0110540047565182,0.0095053193200527,0.0049778153457972,0.6569181368093291,0.0061115425047885,0.002234766420194,1.1629282914460772,0,Calm/Bull,0.9995
2015-04-14,dax,-0.0090474740906335,0.0112213476606107,0.0095489800751346,0.012971423669973,0.7833930894620648,0.0017096661770404,0.0013510972557816,1.175135728875475,0,Calm/Bull,0.9989
2015-04-15,dax,0.0003058378235345,0.0101013835138102,0.0095391460125497,0.0091020345724338,0.7622534500905622,0.0032221882847123,0.000260748825947,1.0589400246647669,0,Calm/Bull,0.9996
2015-04-16,dax,-0.0191898229870727,0.0104344556061384,0.0099574091577628,0.0191551394895657,1.0728765584468374,-0.0027739404704744,7.510827113259878e-05,1.047908691991799,0,Calm/Bull,0.8536
2015-04-17,dax,-0.026189094724355,0.0119459078873536,0.0106261457618643,0.0295293873983027,1.4809472167538498,-0.0114067896128024,-0.0009913699012425,1.1241995126987283,2,Stress/Bear,0.9682
2015-04-20,dax,0.0172357702828626,0.0126162979743341,0.0107107517001528,0.0148572148411029,0.8114600427660972,-0.0073769567391328,-3.14830686090865e-05,1.1779096675496772,1,Transition,0.4336
2015-04-21,dax,0.0040005878763556,0.0123545368570061,0.0104468950356568,0.013875690835939,0.9367779824165944,-0.0047673443457349,-0.0004161592327101,1.1826037128580442,0,Calm/Bull,0.9894
2015-04-22,dax,-0.0060663110385506,0.0121312835817979,0.0103766978882358,0.0214167211218853,0.9564888792917297,-0.006041774118152,-0.0001198059531124,1.1690890216194174,0,Calm/Bull,0.8493
2015-04-23,dax,-0.0121904220511822,0.0122094065501651,0.0102830280678462,0.0225724463900129,1.0592649384021584,-0.0046418939309739,-0.0011889267471747,1.1873357215023483,0,Calm/Bull,0.8846
2015-04-24,dax,0.0074163625302577,0.0120878791741534,0.0102800383358227,0.0143893285354848,1.002740811469351,0.0020791975199486,-0.0002300659245552,1.1758593479200354,0,Calm/Bull,0.9974
2015-04-27,dax,0.0191461155331728,0.0128290790027532,0.0105256176535215,0.0267186346638979,1.2319219364738383,0.0024612665700106,0.0008185158696908,1.2188433425055103,2,Stress/Bear,0.722
2015-04-28,dax,-0.0190774905747445,0.0135704822864061,0.0108436129496558,0.0257033816888436,1.469533811190754,-0.0021543491202093,-0.0002393161040232,1.25147239664589,2,Stress/Bear,0.8873
2015-04-29,dax,-0.0326077965757805,0.014651542962958,0.0116165766059869,0.0415045393374365,1.5224674499751474,-0.0074626462276553,-0.0027784585058733,1.2612616831887484,2,Stress/Bear,0.9997
2015-04-30,dax,0.00189278354063,0.0145851928967909,0.0115996439571186,0.0208889118134651,1.401025763861323,-0.0046460051092928,-0.0021855657942083,1.257382808533537,1,Transition,0.4031
2015-05-04,dax,0.014342629571895,0.0150127226107925,0.0117294397241161,0.0210949474758894,0.8947088415159641,-0.0032607517009654,-0.0016153412233035,1.2799181345316806,1,Transition,0.7856
2015-05-05,dax,-0.0254655485679298,0.0159340622976747,0.0122178817517079,0.0378364873653654,1.3168979957544715,-0.0121830845211859,-0.0027468080463798,1.3041591514377917,2,Stress/Bear,0.9866
2015-05-06,dax,0.0019817337374544,0.0155488358605442,0.012193011899933,0.0192129027750699,1.0955589276463942,-0.0079712396587461,-0.0032958167369125,1.2752251853891596,1,Transition,0.8775
2015-05-07,dax,0.0050812158510153,0.0156279672388831,0.0119792270061867,0.0236694621641377,1.2524581744721643,-0.0004334371733869,-0.0026789173086204,1.3045889547641147,1,Transition,0.8338
2015-05-08,dax,0.0261079501925873,0.0166637852113518,0.0123728345186316,0.025202981227885,1.1370906184282752,0.0044095961570044,-0.0019130608384342,1.3468041770265962,2,Stress/Bear,0.5204
2015-05-11,dax,-0.0031117276773896,0.0160598406220781,0.0123850826415589,0.0068626704624834,0.7514890117905528,0.0009187247071475,-0.0029174047716679,1.2967083940310844,1,Transition,0.8499
2015-05-12,dax,-0.0173633964518307,0.016381468455549,0.0124767125369455,0.0163741169796968,1.0524195759542798,0.0025391551303673,-0.0036399048899851,1.312963523607756,1,Transition,0.7734
2015-05-13,dax,-0.0105986694545726,0.0164120622452472,0.0125558094646165,0.025973737718725,1.0683013046510896,2.3074491961927457e-05,-0.0037174646581821,1.307128966196719,1,Transition,0.8732
2015-05-14,dax,0.0181889526472717,0.0171148962851953,0.0127460907118897,0.0312513305448492,0.7194473354225326,0.0026446218512132,-0.0028233089169952,1.3427565103730408,2,Stress/Bear,0.9632
2015-05-15,dax,-0.0098049876279325,0.0167676868446546,0.0128141155333735,0.0217637131082459,0.964544617727844,-0.0045379657128907,-0.0023540671490382,1.3085325164256776,1,Transition,0.9581
2015-05-18,dax,0.0127815650382769,0.0161032757804519,0.012890351983072,0.0186384669232194,0.7998319836493882,-0.0013593071697574,-0.0004055341609066,1.2492502766099167,1,Transition,0.9562
2015-05-19,dax,0.0220969507212973,0.0164171908873432,0.0131728215182002,0.0140408360322002,1.0012062931735477,0.0065327622648681,-0.0001624751389849,1.2462926689365983,1,Transition,0.9453
2015-05-20,dax,-0.0004101251103864,0.0163879231743248,0.0131678447217227,0.00772004362048,0.6905487313794807,0.0085704711337054,-0.000383010788322,1.2445410407437474,1,Transition,0.8868
2015-05-21,dax,0.0013595984628538,0.0163364237406635,0.0131437123041433,0.0092620669106305,0.7236373114945625,0.0052046002968218,-1.1715313251815014e-05,1.2429078910616278,1,Transition,0.947
2015-05-22,dax,-0.0041875835229726,0.0161189832158215,0.0131397421668974,0.0075751101163195,0.6585887008061437,0.0063280811178138,0.0003884266131586,1.2267351224310663,1,Transition,0.9074
2015-05-26,dax,-0.0162016130571167,0.0164389746651556,0.0133235841945434,0.0287274176120176,0.9863602243778268,0.000531445498735,-0.00079247216621,1.2338252549106217,1,Transition,0.8198
2015-05-27,dax,0.0124807893792083,0.0160770656146232,0.013352486825445,0.0165854505158899,1.03063515422994,-0.0013917867696827,-0.0011257384739082,1.2040502885189994,1,Transition,0.9744
2015-05-28,dax,-0.007979978934664,0.0156095891704511,0.0133752162159078,0.014369410776134,0.8769944779842359,-0.0029057575345382,-0.0005708628919042,1.1670532213068705,1,Transition,0.9581
2015-05-29,dax,-0.0228450053082339,0.0146799772393093,0.0137074320650562,0.0263338065352516,1.3057329134697342,-0.0077466782887558,-8.272332852693638e-05,1.0709502093198344,1,Transition,0.7555
2015-06-01,dax,0.0019457002675669,0.0146803567970269,0.013626423232475,0.0145006432253406,0.8159820870700227,-0.0065200215306479,-8.007749218009537e-05,1.0773448429254795,1,Transition,0.9453
2015-06-02,dax,-0.0094224908435769,0.0144108361984387,0.0136246941089952,0.0173451736624999,0.9463064227560668,-0.0051641970879399,-0.0012683335129536,1.0576997973792714,1,Transition,0.8055
2015-06-03,dax,0.0079848002936074,0.0133573176784623,0.0136027867293547,0.0188140767530115,0.9356559516633975,-0.0060633949050601,0.0004041839301231,0.9819545027223924,1,Transition,0.9463
2015-06-04,dax,-0.0069437664719657,0.0134506138770521,0.0136195311313679,0.0231266879041992,1.1627260812438798,-0.0058561524125204,-4.209108034783477e-05,0.9875974251472784,1,Transition,0.9312
2015-06-05,dax,-0.0127298559880878,0.013681202336667,0.0137072256034972,0.0118057206589078,1.0141941206636085,-0.0038331225484912,-0.0009326446723029,0.9981014927759244,1,Transition,0.7905
2015-06-08,dax,-0.0118795801081583,0.0122963829770165,0.0137597910946988,0.0149480895686836,1.1033853947453915,-0.0065981786236362,-0.0028320211873402,0.8936460511928808,1,Transition,0.9856
2015-06-09,dax,-0.0057671942113007,0.0123138862176986,0.0133135323841744,0.018809672622733,1.1280566143100976,-0.005867119297181,-0.0029647945140358,0.9249150309902744,1,Transition,0.9124
2015-06-10,dax,0.0237226203831605,0.0131819242645891,0.0136961707822973,0.0319652135589864,1.129166221363722,-0.0027195552792704,-0.0009104936722862,0.9624532633330732,1,Transition,0.5015
2015-06-11,dax,0.0059642727711336,0.0130609593625519,0.0136695007572916,0.0190915509117934,1.0232293274591957,-0.0001379474306505,-8.234656100095019e-05,0.955481812719814,1,Transition,0.8031
2015-06-12,dax,-0.0120990780957471,0.012577920821486,0.0134078864087181,0.0264868332937061,0.9773706812433915,-1.1791852182401611e-05,-0.0015967480981518,0.9380987008741,1,Transition,0.9888
2015-06-15,dax,-0.0190724073149372,0.0130577804334992,0.0134797698159428,0.0125598640685261,0.8945720092374754,-0.0014503572935381,-0.0020601190825021,0.9686946151005916,1,Transition,0.9417
2015-06-16,dax,0.0053602283705553,0.0127147637435392,0.0135004624098802,0.0250353123768134,0.981465080500387,0.000775127222833,-0.0024311859158882,0.941802092218264,1,Transition,0.9913
2015-06-17,dax,-0.0059940186241004,0.0113398419326736,0.0135139630126597,0.0153042098897636,0.9274248479995242,-0.0051682005786191,-0.0038357343831581,0.839120391409287,1,Transition,0.9992
2015-06-18,dax,0.0110779576943274,0.0118039531653559,0.0135041185763479,0.0273514571986416,1.0949818921896874,-0.0041454635939804,-0.0032613302429224,0.8741002308755003,1,Transition,0.9867
2015-06-19,dax,-0.0054380539882855,0.0117616854245286,0.0134429568834171,0.0224970017855718,2.156127572012069,-0.002813258772488,-0.0036012128654793,0.8749329129395333,2,Stress/Bear,1.0
2015-06-22,dax,0.0373722769557227,0.0149041314899339,0.0142799833205682,0.0289429078410627,1.1794021912551975,0.0084756780816439,-0.0015232198415446,1.043707906049637,2,Stress/Bear,0.9205
2015-06-23,dax,0.0071330038786965,0.0146049366892489,0.0142418809932595,0.0102862534403773,0.8825694029155643,0.0088302331832721,-0.0003564889947539,1.0254921169585125,1,Transition,0.9158
2015-06-24,dax,-0.0061945877671917,0.0143355071393239,0.0142601405003877,0.0196054678089008,0.9428362580012838,0.0087901193546538,-0.0012902578520739,1.0052851259729298,1,Transition,0.9768
2015-06-25,dax,0.0001630130258677,0.0142508960864496,0.0142563376800283,0.0210788029265049,0.7580108014220099,0.0066071304209619,-0.0008831082540473,0.9996183035432534,1,Transition,0.9749
2015-06-26,dax,0.0016807610693602,0.0132840339246966,0.0140463428295658,0.0163924995462366,0.9595713206796624,0.0080308934324911,0.0003431800648323,0.945729011877408,1,Transition,0.9825
2015-06-29,dax,-0.0362580646504209,0.0155883766582459,0.0147294070297744,0.0402022275232335,1.3226571521997377,-0.0066951748887376,-0.001567008181067,1.0583166468775789,2,Stress/Bear,0.9963
2015-06-30,dax,-0.012550500898079,0.0156867217265635,0.0147898725866725,0.0218520405126891,1.305732838297868,-0.0106318758440927,-0.0017234086837921,1.060639409476669,1,Transition,0.7747
2015-07-01,dax,0.0212912244355467,0.016386712367202,0.0150790876615222,0.0272393725403604,1.1613480347604377,-0.005134713403545,-0.0010580874766951,1.086717760054971,1,Transition,0.6932
2015-07-02,dax,-0.0072846765944558,0.0163933328645059,0.0149845546082012,0.0135521383836714,0.7403662596049615,-0.0066242513276097,-0.0010751329828196,1.094015357355606,1,Transition,0.9914
2015-07-03,dax,-0.0036971287654303,0.0161783622084753,0.0149682970779099,0.0106181754855772,0.6370557547269147,-0.0076998292945679,-0.0006234966216868,1.080841870272016,1,Transition,0.9886
2015-07-06,dax,-0.0152866083353539,0.016320435541192,0.0149865609531329,0.0158760689221355,0.985244942224078,-0.0035055380315545,-0.0007938480330465,1.0890047151064493,1,Transition,0.9836
2015-07-07,dax,-0.0198314601953298,0.0168407120029802,0.0149563562805268,0.0264948678878659,1.0395137787167803,-0.0049617298910046,-0.001497061332248,1.1259902938329251,1,Transition,0.9389
2015-07-08,dax,0.0065832265076555,0.0158996074086046,0.0150016550498724,0.0139579027617311,0.9174883393514504,-0.0079033294765828,-0.0023540310260233,1.0598568861733566,1,Transition,0.9861
2015-07-09,dax,0.0229143280398389,0.0167929862745798,0.0153220965786017,0.0227865556976868,0.8180290156904545,-0.0018635285497239,-0.001506528262588,1.0959979392136374,1,Transition,0.9089
2015-07-10,dax,0.0286160753794204,0.0178743661270407,0.0158150376476338,0.0168360704760121,1.0147496658255766,0.0045991122792462,0.0005292294111703,1.1302133150290046,1,Transition,0.9019
2015-07-13,dax,0.0148028955407341,0.017520668846408,0.0157719987512319,0.0074153029696841,0.8848401017323014,0.0106170130544638,0.0022229945539539,1.1108718129361683,1,Transition,0.9603
2015-07-14,dax,0.0028277147267729,0.0175059473636577,0.0154190519909945,0.0091144925773994,0.6596962893111314,0.0151488480388844,0.0020963688717647,1.1353452452123556,1,Transition,0.7364
2015-07-15,dax,0.0019742556979617,0.017402497613991,0.0152507260831926,0.0078043520427005,0.6540965910130189,0.0142270538769456,0.0024947825878679,1.1410930547870657,1,Transition,0.7954
2015-07-16,dax,0.0152304639661601,0.0175345614516598,0.0153753104661589,0.0154001988004296,0.8537518936410439,0.0126902810622098,0.0027024079014595,1.1404362526697174,1,Transition,0.939
2015-07-17,dax,-0.003705819615601,0.0174964722595797,0.0153633575356784,0.0088439599109287,0.7428143678715958,0.0062259020632055,0.0027890196200937,1.1388443065877718,1,Transition,0.9745
2015-07-20,dax,0.005322703243997,0.0155181784658867,0.0152993657569511,0.0105865031944991,0.6886410142077287,0.0043298636038581,0.0011865409345074,1.014302077119518,1,Transition,0.859
2015-07-21,dax,-0.0112183702457427,0.0156896649662556,0.0153357175173138,0.0163389592887169,0.7249724723019432,0.001520646609355,0.0002689722282855,1.023079940572865,1,Transition,0.966
2015-07-22,dax,-0.0072759822792238,0.0157149550099233,0.0151462361097706,0.0089691032575111,0.7878676813658639,-0.0003294009860821,0.0002149025026839,1.037548529947039,1,Transition,0.9634
2015-07-23,dax,-0.0007432511928585,0.0157164190185382,0.0149536020187637,0.0139974030404971,0.7362883757115075,-0.0035241440178858,0.0001695892917475,1.0510122577033492,1,Transition,0.9557
2015-07-24,dax,-0.0144064890307001,0.0160432788794801,0.0144664103100589,0.0183416411433977,0.7863996199117869,-0.0056642779009056,-0.0006347732132554,1.1090020630981845,1,Transition,0.9887
2015-07-27,dax,-0.0259835851427666,0.014971225512987,0.0148432491954561,0.0221265185588734,1.0466014808870376,-0.0119255355782583,-0.0001210492378727,1.0086218533318223,1,Transition,0.9168
2015-07-28,dax,0.0105721294248175,0.0148532014510073,0.0147868346190863,0.0155827382494307,0.9243766790061078,-0.0075674356441463,0.0010350822782721,1.004488237924521,1,Transition,0.9862
2015-07-29,dax,0.0033896092737082,0.0140879631050697,0.0144310965500267,0.0116224864632093,0.910166794710352,-0.0054343173335599,0.0001400015201801,0.9762226353508544,1,Transition,0.954
2015-07-30,dax,0.0040322971765859,0.014001059753406,0.0144387079261834,0.0153341773570652,1.20704378710723,-0.0044792076596709,0.0007058502087322,0.9696892426237308,1,Transition,0.9092
2015-07-31,dax,0.0045944883357269,0.0139865754190048,0.0144358628537349,0.0120099416203542,1.0474604001423098,-0.0006790121863855,0.0011204310637901,0.9688769947953662,1,Transition,0.8151
2015-08-03,dax,0.0118430786628617,0.0136224365641401,0.0141099511001689,0.018536880004376,1.0022195416404662,0.0068863205747401,0.0024769154137009,0.9654488855015996,1,Transition,0.988
2015-08-04,dax,0.0010786637880907,0.0125829345627139,0.0141065859146058,0.0083877645380417,0.8783899701045326,0.0049876274473947,0.0035224216128719,0.8919900703745517,1,Transition,0.9691
2015-08-05,dax,0.0156097577586006,0.0128573875081419,0.0140733294236923,0.0135627575044452,0.9834081819638292,0.0074316571443732,0.0039737481754192,0.9135995556599876,1,Transition,0.9939
2015-08-06,dax,-0.0044097495907951,0.0121723220667419,0.0140151292122026,0.0081907474427938,0.9074439191136384,0.0057432477908969,0.0026075442938875,0.8685130106502205,1,Transition,0.9857
2015-08-07,dax,-0.0081704232025314,0.0107292066603858,0.0138583912634184,0.0085329589405954,0.8330295942923185,0.0031902654832453,0.0007682193647899,0.7742028967465681,1,Transition,0.9997
2015-08-10,dax,0.0098677729850182,0.0104423570757601,0.0138576025320651,0.0160744137042798,0.8391736210158144,0.0027952043476766,0.0005214632370041,0.7535471631256238,1,Transition,0.9998
2015-08-11,dax,-0.0271764503109015,0.0121149249571902,0.0142000035427138,0.0249954646459423,1.177443945375732,-0.0028558184721218,-0.0009787450148796,0.8531635165264848,1,Transition,0.9769
2015-08-12,dax,-0.0332225808675771,0.0140631294707739,0.0145046939507538,0.0238690220734238,1.5725927175184904,-0.0126222861973574,-0.0027385868431565,0.9695571322304988,2,Stress/Bear,0.9916
2015-08-13,dax,0.0082063039077965,0.0136730574586041,0.0145568171034636,0.0157154267748123,1.157194496033186,-0.010099075497639,-0.0030897948460747,0.939288950422466,1,Transition,0.9673
2015-08-14,dax,-0.002680960088845,0.0136725476922671,0.0145540447483465,0.0165569021999979,0.902302563554778,-0.0090011828749017,-0.0030385518697369,0.9394328469287212,1,Transition,0.9944
2015-08-17,dax,-0.0040874501899725,0.0135308511008921,0.0145537118443687,0.0269717710542397,0.9221879935462152,-0.0117922275098999,-0.0035090595414354,0.929718222099307,1,Transition,0.9866
2015-08-18,dax,-0.0022337012432946,0.01341003464059,0.0144221333638263,0.0085132254693233,0.7874989034462384,-0.0068036776963785,-0.003059826091313,0.9298232308838013,1,Transition,0.9976
2015-08-19,dax,-0.0216481062692585,0.0140191069648541,0.0145519088778199,0.0156784435776606,1.0592764067703169,-0.0044887827767148,-0.0037784322908147,0.9633861153585216,1,Transition,0.9866
2015-08-20,dax,-0.0236779013039306,0.0146801844167197,0.0148071127433417,0.0243054967239603,1.3882452077635528,-0.0108656238190602,-0.0049251647963683,0.9914278813957764,2,Stress/Bear,0.5752
2015-08-21,dax,-0.0299361012343048,0.0155905529174685,0.0150042740862414,0.0308914157577693,1.874805770627367,-0.0163166520481522,-0.0057016454065485,1.039074121670749,2,Stress/Bear,1.0
2015-08-24,dax,-0.0481649827374031,0.0177488601309657,0.0161332259684999,0.0619095642992423,3.1143661092095685,-0.0251321585576383,-0.0068107152862803,1.10014327981399,2,Stress/Bear,1.0
2015-08-25,dax,0.0485205498178366,0.0213649986269708,0.0174153537065613,0.0431432443416597,2.1022321217901294,-0.014981308345412,-0.0049132942666294,1.2267909677264512,2,Stress/Bear,1.0
2015-08-26,dax,-0.0129876965375175,0.0213438603495849,0.017424729466951,0.0306949012675914,1.3274193114905777,-0.0132492263990639,-0.0057321595571907,1.2249177463596872,2,Stress/Bear,0.9957
2015-08-27,dax,0.0313312340120444,0.0228228141257751,0.0179416931318572,0.0155986896010156,1.028785502588308,-0.0022473993358688,-0.0043672127154178,1.272054647130882,2,Stress/Bear,0.9959
2015-08-28,dax,-0.0016580695630364,0.0227362551823827,0.0178818981751419,0.0146476832489466,0.7498344990350916,0.0034082069983847,-0.0046798406103559,1.2714676573871202,2,Stress/Bear,0.7699
2015-08-31,dax,-0.0038009901837363,0.0224045782056743,0.0178319547601041,0.0137774902298155,0.7453689514334563,0.0122810055091181,-0.0054620440526858,1.256428614085577,2,Stress/Bear,0.9927
2015-09-01,dax,-0.0240592896434419,0.0227212145434701,0.0180651676410046,0.0190583138909494,1.1113065181134842,-0.0022349623831375,-0.0067189417242625,1.2577361580579614,2,Stress/Bear,0.9963
2015-09-02,dax,0.003237653062578,0.0222447246575338,0.0177703303663258,0.0159254317365494,0.8529851843371391,0.0010101075368815,-0.0073375469590636,1.251790158031437,2,Stress/Bear,0.8575
2015-09-03,dax,0.0264958542871127,0.023497028873324,0.0181187186091975,0.0227402136848079,1.073130493979915,4.303159189521164e-05,-0.0057922667651682,1.2968372311602865,2,Stress/Bear,0.997
2015-09-04,dax,-0.0274925407035825,0.0239919679556656,0.0183775607502108,0.0219176019191837,1.2004055771976108,-0.0051238626362139,-0.0067583726402208,1.305503395241958,2,Stress/Bear,0.9998
2015-09-07,dax,0.0070056907488139,0.0238959225196282,0.0182706945476718,0.0128040016937138,0.4910585936764525,-0.0029625264497039,-0.006901476752031,1.307882546954036,2,Stress/Bear,0.976
2015-09-08,dax,0.0159719032154481,0.0239168681785575,0.0183880856546184,0.0168867792946349,0.8637654672392233,0.005043712122074,-0.0047440590757135,1.3006720018486833,2,Stress/Bear,0.9796
2015-09-09,dax,0.0030872994241128,0.0230019434969523,0.018385404956305,0.0205210326248448,0.8784687695645514,0.005013641394381,-0.002928565061129,1.2510980069037951,2,Stress/Bear,0.8384
2015-09-10,dax,-0.009036005026106,0.0228854692386662,0.0183437099144654,0.0165673711545445,0.9118790302550948,-0.0020927304682627,-0.0037906805078241,1.2475921907497702,2,Stress/Bear,0.832
2015-09-11,dax,-0.0085454301245272,0.0229080609890401,0.0183597042686625,0.0162363955134435,0.722328342841817,0.0016966916475483,-0.0040839040096082,1.247735837888251,2,Stress/Bear,0.8131
2015-09-14,dax,0.0008077554601693,0.0229341575581617,0.0176422523481934,0.0138673117105106,0.6706201132731806,0.0004571045898194,-0.0038391437271011,1.299956326750429,2,Stress/Bear,0.6128
2015-09-15,dax,0.0055502119716763,0.0230286882465415,0.0176294613822335,0.0171474252215042,1.1865666370913244,-0.0016272336589349,-0.0034499480663526,1.3062615894634824,2,Stress/Bear,0.9594
2015-09-16,dax,0.0038285060311159,0.0226709171547664,0.0176373007106482,0.0158635869405899,1.0043096487143253,-0.0014789923375343,-0.0021761174513339,1.2853960777047486,2,Stress/Bear,0.6848
2015-09-17,dax,0.0002317193649227,0.0221006390469535,0.0176374400248367,0.0063306377319908,0.9829447714592824,0.0003745525406714,-0.0009806364178912,1.2530525414023703,2,Stress/Bear,0.9067
2015-09-18,dax,-0.0311177657010181,0.0221835459193219,0.0180281386817761,0.0321737481076698,2.2155673563803675,-0.0041399145746267,-0.0010397196412269,1.2304956330154213,2,Stress/Bear,1.0
2015-09-21,dax,0.0032570023161168,0.0192155979019941,0.0174861022184874,0.0216625173721645,0.9854796596434428,-0.0036500652034372,0.001531379611449,1.098906872549225,1,Transition,0.9133
2015-09-22,dax,-0.0387205827244856,0.0178402744354873,0.0180752651327685,0.0434494420406768,1.3252845656064598,-0.0125042241426696,-0.002830677015667,0.9869993222475536,2,Stress/Bear,0.9999
2015-09-23,dax,0.0043746457599397,0.0177421762312105,0.0178323587889961,0.0228449274701236,1.0043856667231712,-0.0123949961969049,-0.0019625599007941,0.994942757777997,1,Transition,0.8167
2015-09-24,dax,-0.0194310677681055,0.0163010219583831,0.0179559036640428,0.0366380312708756,1.328779217967262,-0.0163275536235105,-0.0045006749898016,0.9078363452699044,2,Stress/Bear,0.9709
2015-09-25,dax,0.0272969769092068,0.0177850225955109,0.018368428031754,0.0165597307947592,1.0320183285084363,-0.0046446051014655,-0.0030529226661894,0.9682386845932296,1,Transition,0.6568
2015-09-28,dax,-0.0213840416825283,0.0182523908745557,0.018458679514569,0.0208623999925858,0.8742694347138052,-0.0095728139011945,-0.003932075241129,0.988824301334748,1,Transition,0.9288
2015-09-29,dax,-0.003501588162141,0.0176274237379872,0.0183157257211418,0.0223884776707336,0.955882492168167,-0.0025290149887256,-0.002904190167064,0.9624201632174396,1,Transition,0.9852
2015-09-30,dax,0.0219821303340416,0.0184502663274883,0.0185449683852513,0.0140355757832033,0.923857590000637,0.0009924819260946,-0.0019669663034908,0.9948933826256476,1,Transition,0.9264
2015-10-01,dax,-0.0157742312264132,0.017409925520205,0.0183434075393601,0.0333264116189499,0.9435838401920916,0.0017238492344331,-0.0040804705791671,0.9491107627003238,2,Stress/Bear,0.7309
2015-10-02,dax,0.0045975924200782,0.0165985090381101,0.0179115842132671,0.0283887992489325,1.0400186715654076,-0.0028160276633925,-0.0024759639229841,0.926691287631364,1,Transition,0.9587
2015-10-05,dax,0.0270278341426647,0.0177633975489449,0.0181829459513267,0.021151711707409,0.970069763275944,0.006866347501646,-0.0014748567532915,0.9769262690707604,1,Transition,0.8216
2015-10-06,dax,0.0089301471090077,0.0174666944914116,0.0182309285800592,0.0229742168481271,0.7917133200926689,0.0093526945558758,-0.0018269445586136,0.9580803531048088,1,Transition,0.831
2015-10-07,dax,0.0068001599427167,0.0175412458060896,0.0182616967700898,0.0161156705051769,0.9434958031993872,0.0063163004776108,-0.0016413015326834,0.9605485200487932,1,Transition,0.9845
2015-10-08,dax,0.0022711413217235,0.0174724501574249,0.0181253333397351,0.0116450813962488,0.8217145698698439,0.0099253749872382,-0.0010759442152919,0.9639795213653332,1,Transition,0.9684
2015-10-09,dax,0.0103068107910279,0.0175565961782834,0.0182016419492375,0.0096557492766651,0.8282798067369154,0.0110672186614281,-0.0001333321695141,0.964561121861802,1,Transition,0.9644
2015-10-12,dax,0.0022981781979941,0.0175639625770057,0.0181840189622126,0.0127966575525736,0.8185529481744286,0.006121287472494,-5.881103262293397e-05,0.9659010262530284,1,Transition,0.9901
2015-10-13,dax,-0.0086351228843084,0.0176118883986872,0.0181660012989323,0.0167351138957219,0.8078950419114023,0.0026082334738308,-0.0007680777754221,0.9694972552777672,1,Transition,0.9888
2015-10-14,dax,-0.0117273025377733,0.0177412254250673,0.0181952101589754,0.0147007582360547,0.7886811675838237,-0.0010972590222672,-0.0015458682038666,0.9750492173521764,1,Transition,0.9897
2015-10-15,dax,0.0149097210521198,0.0181182155006017,0.0183325253611116,0.0130236150413992,0.7392059668135232,0.001430456923812,-0.0008119681195067,0.9883098560461032,1,Transition,0.9825
2015-10-16,dax,0.0039297419693471,0.0166697819633684,0.018279014108836,0.0107140896590062,0.8738686543301917,0.0001550431594758,0.0009404072640114,0.911962858834398,1,Transition,0.9962
2015-10-19,dax,0.0059086119032622,0.0166996940981289,0.0180298100787221,0.011847329229987,0.6078530018560921,0.0008771299005294,0.0010729877433687,0.9262268446098072,1,Transition,0.9949
2015-10-20,dax,-0.0016374453843128,0.0138673720044012,0.0179611432302168,0.0112675850313687,0.623729711682529,0.0022766654005286,0.0029271446103773,0.7720762440706741,1,Transition,0.999
2015-10-21,dax,0.00887094022878,0.0139283858841885,0.0180008768285355,0.016572403898047,0.6835722171410655,0.0063963139538392,0.0031519593338194,0.7737615237780452,1,Transition,0.9969
2015-10-22,dax,0.0244941592511957,0.0136401571206233,0.0182990958392361,0.0298809254883082,1.0728810826819166,0.0083132015936544,0.0053482206847844,0.7454006056067892,1,Transition,0.5378
2015-10-23,dax,0.0284302777394951,0.0137381395330658,0.0186811739065424,0.024133475320142,1.1649835362647574,0.013213308747684,0.0054048857262988,0.7354002270839355,1,Transition,0.8667
2015-10-26,dax,0.0006297316848501,0.012283746711729,0.0186087410894907,0.0098376467329176,0.7419421762039436,0.0121575327040016,0.0065055743946678,0.6601062722435463,1,Transition,0.9967
2015-10-27,dax,-0.0101565774405258,0.0126536613996154,0.0186443441194506,0.0107760638309046,0.8386500743225636,0.010453706292759,0.0061728249307485,0.6786863253835006,1,Transition,0.9959
2015-10-28,dax,0.0129874111933153,0.0122144155330809,0.0186074271019084,0.0144738601326892,0.8131961302993685,0.0112770004856661,0.0057230889737122,0.6564268915947101,1,Transition,0.9978
2015-10-29,dax,-0.0028771253777386,0.0113280256411887,0.0186039891777577,0.0135027296416113,1.2780262195211107,0.0058027435598792,0.0063679442661459,0.6089030440166098,1,Transition,0.9981
2015-10-30,dax,0.0045540563104233,0.0113283879159452,0.0185953395710411,0.0093897300968998,0.9478609481091632,0.0010274992740648,0.0063657674606632,0.60920575677936,1,Transition,0.9995
2015-11-02,dax,0.0092226837436209,0.010269281952934,0.0185891607439416,0.0212598472945879,1.0013183507685477,0.002746089685819,0.005475509940711,0.5524338669394153,1,Transition,0.9991
2015-11-03,dax,4.3874777824122115e-05,0.0103041247120017,0.0182680564084118,0.0080667181619225,0.8893017081791372,0.0047861801294889,0.0050311963241518,0.5640515050773023,1,Transition,0.9999
2015-11-04,dax,-0.0097182135901508,0.0108047206127131,0.0178007881897543,0.0152297153687272,1.0545176370590734,0.0002450551727957,0.0042052776475084,0.6069798987289843,1,Transition,0.9997
2015-11-05,dax,0.0039111114315165,0.0107954886732591,0.0177753483146765,0.0164974653436715,1.011823399981224,0.0016027025346467,0.0042872761529981,0.6073292338437954,1,Transition,0.9998
2015-11-06,dax,0.0091691162753334,0.0107650550307242,0.0178130304043936,0.019290966741775,0.9915914955310068,0.0025257145276288,0.0042303914272134,0.6043359712712885,1,Transition,0.9996
2015-11-09,dax,-0.0158308378909033,0.0116621930749915,0.0179229290684789,0.0174112536671488,0.8274309985446477,-0.002484989799276,0.0033239406227685,0.6506856680865728,1,Transition,0.9994
2015-11-10,dax,0.0015769921789976,0.0113298545148944,0.0179223208614143,0.0124264142438584,0.885078086119028,-0.0021783663190413,0.0038345463759338,0.6321644725871935,1,Transition,0.9998
2015-11-11,dax,0.0069318801436496,0.0107335199092019,0.0177193129054738,0.0138304132650781,0.920441252530181,0.0011516524277187,0.0047675055100049,0.6057526026241199,1,Transition,0.9998
2015-11-12,dax,-0.0115480626251031,0.0110436765779206,0.0175084855003113,0.0206295154433585,1.08104787127101,-0.0019401823836051,0.0034446163261438,0.6307613858277025,1,Transition,0.9993
2015-11-13,dax,-0.006907978484958,0.0112819397314968,0.0170759156169169,0.019080376624587,0.955876639158831,-0.0051556013356634,0.0029027303034285,0.6606931062788797,1,Transition,0.9996
2015-11-16,dax,0.0004509533600462,0.0112714070063347,0.0158133778415578,0.0144513191377338,0.732452730881839,-0.0018992430854735,0.0026298473762677,0.7127766830887496,1,Transition,0.9998
2015-11-17,dax,0.0237796073177254,0.0121626021536694,0.0148672482776413,0.0171478622029143,0.8507200331170977,0.002541279942272,0.0039007000113697,0.8180802477053318,1,Transition,0.9954
2015-11-18,dax,-0.0010113400787393,0.0121507868678377,0.0147516772209564,0.0102144802957572,0.7126422671937644,0.0009526358977942,0.0034065859959937,0.8236884989983437,1,Transition,0.9994
2015-11-19,dax,0.0113848370349197,0.0112754153524681,0.0142861552904645,0.0094908237164615,0.8876280260241424,0.0055392158297988,0.0027511198851799,0.7892547101174311,1,Transition,0.9997
2015-11-20,dax,0.0030974336403776,0.0095260804654367,0.0142832239843572,0.0103374057431534,0.921612163317142,0.0075402982548659,0.001484477680224,0.666941894621934,1,Transition,0.9999
2015-11-23,dax,-0.00247797126528,0.0095660185076719,0.0142762684490688,0.0068831120237883,0.729028827816746,0.0069545133298007,0.0013290925327175,0.6700643478230383,1,Transition,0.9999
2015-11-24,dax,-0.0143757293667897,0.0098741988234767,0.014037452290754,0.0179037809096954,1.0258795463314692,-0.0006765540071023,0.0011181349364043,0.7034181572948672,1,Transition,0.9998
2015-11-25,dax,0.0213141266640977,0.0105531933285893,0.0142682845370077,0.0237225280213723,1.0201271919452228,0.003788539341465,0.0015344707099434,0.7396259375972951,1,Transition,0.9954
2015-11-26,dax,0.0134486162633604,0.0108219710516241,0.0139815064937095,0.0167665763666546,1.066055581614086,0.0042012951871532,0.0023507577919984,0.7740203858928292,1,Transition,0.9996
2015-11-27,dax,-0.0023887102060294,0.0108588649780031,0.0134638289808002,0.0094627581430218,0.78169611098444,0.0031040664178717,0.0020036194661757,0.8065213093161113,1,Transition,0.99
2015-11-30,dax,0.0078030684534228,0.0108137387704977,0.0134692817369972,0.0155944830397985,1.1720795445082437,0.0051602743616123,0.0019326387016658,0.802844500668118,1,Transition,0.9988
2015-12-01,dax,-0.0106866467095421,0.0111726256356534,0.0134394929070529,0.0172636541094791,1.3421686534096398,0.0058980908930618,0.0013961126272975,0.8313279163821804,1,Transition,0.9921
2015-12-02,dax,-0.0063444940524409,0.0110204196921259,0.0134761202520505,0.0126684109200267,1.0593036416740478,0.0003663667497541,0.001564798604183,0.8177739205354032,1,Transition,0.9856
2015-12-03,dax,-0.0364729048184644,0.0138931289586709,0.014277124486472,0.0498802427403893,1.8595058049274364,-0.0096179374666108,-0.0004544022083159,0.9731041409518468,2,Stress/Bear,1.0
2015-12-04,dax,-0.0034483149211954,0.0137185104297465,0.014234956950535,0.016931649432569,1.2863033618377484,-0.009829858409644,-0.0010852737681424,0.963719839646648,1,Transition,0.9116
2015-12-07,dax,0.0123847651215253,0.0135723350850044,0.0143105135798221,0.0170888056324746,0.8312831881825757,-0.0089135190760235,0.000325506382479,0.9484170508137086,1,Transition,0.9905
2015-12-08,dax,-0.0197124467483863,0.0142851572804504,0.0145498959256601,0.0261635976470127,1.044100087470518,-0.0107186790837923,-0.0007389655638901,0.9818047739611084,1,Transition,0.9656
2015-12-09,dax,-0.0076280847953472,0.0142446058358982,0.0145842893820726,0.015592193393204,1.0156952221728293,-0.0109753972323736,-0.00146696381084,0.9767089408831956,1,Transition,0.987
2015-12-10,dax,0.0006077415620983,0.0140498263396117,0.0145842158382003,0.0153543105399056,0.8983030425263686,-0.003559267956261,-0.0008591736014799,0.9633583660227474,1,Transition,0.8813
2015-12-11,dax,-0.0247273929267918,0.014987331597723,0.0143704937267433,0.0291855449560412,1.2011518984362164,-0.0078150835573803,-0.0017501443235716,1.0429239163739894,1,Transition,0.8161
2015-12-14,dax,-0.0196027383387648,0.0154945573033394,0.0146026471863821,0.0321224261472274,1.0920110363468072,-0.0142125842494383,-0.0027528289085122,1.0610786596137902,1,Transition,0.6238
2015-12-15,dax,0.0302154382953333,0.0161284486949533,0.0141851124446708,0.0234699153523968,1.1263066918473423,-0.0042270072406944,-0.0024310373596318,1.1369982971839376,1,Transition,0.5221
2015-12-16,dax,0.0018049916973393,0.0161537711164616,0.0141800588610737,0.0142101289470792,0.9221760114039214,-0.0023403919421571,-0.0022902207708278,1.1391892850886551,1,Transition,0.9751
2015-12-17,dax,0.0253567162468958,0.0170533641601781,0.014242386286484,0.0161322900898385,1.237460637481313,0.0026094029948023,-0.001591626810229,1.1973670575387876,1,Transition,0.7988
2015-12-18,dax,-0.0121736533176463,0.017173815820149,0.0139710585918083,0.0181746176188486,1.9852029668610525,0.0051201509166314,-0.0023551811581302,1.229242273038529,2,Stress/Bear,1.0
2015-12-21,dax,-0.0104635757961971,0.017269385048134,0.0137369041040704,0.0284118203680915,0.793044514895001,0.006947983425145,-0.0027544613846761,1.2571526245871418,2,Stress/Bear,0.7195
2015-12-22,dax,-0.0008595548005849,0.0170537910457018,0.0137241978895269,0.0212961618102729,0.6242189641236541,0.0007329848059613,-0.0020786526563659,1.2426074866434054,1,Transition,0.934
2015-12-23,dax,0.0225203013955512,0.0171427714777318,0.0137378222643602,0.0138008719626934,0.7277256245541665,0.0048760467456037,-0.0020183439197932,1.2478521812154322,1,Transition,0.913
2015-12-28,dax,-0.006896580004033,0.0167763800816652,0.0135929647930801,0.0120810067899806,0.3701894602039704,-0.001574612504582,-0.0030356037331629,1.23419580180225,1,Transition,0.8397
2015-12-29,dax,0.0191721978015987,0.0174973922633174,0.0137711492430069,0.011833159589572,0.562011511420583,0.0046945577192669,-0.0019575583327814,1.2705833009690726,1,Transition,0.8356
2015-12-30,dax,-0.0108438846891128,0.0174466517706019,0.0134757124579077,0.010650639287429,0.3835125609905205,0.0046184959406838,-0.0028899059899082,1.2946737936934865,2,Stress/Bear,0.6099
2016-01-04,dax,-0.0437204125207692,0.0196483655616256,0.0146473878841428,0.0230788596236573,1.2984552847774635,-0.003953675603353,-0.0045415942804696,1.3414245404736451,2,Stress/Bear,0.9964
2016-01-05,dax,0.0025890832298949,0.0197066817277238,0.0146273900772881,0.0204401744269641,0.9210958239742078,-0.0079399192364842,-0.0040949154163528,1.3472452449546894,1,Transition,0.9255
2016-01-06,dax,-0.0093627189878101,0.0182401815514883,0.0146813099937745,0.0190424542859863,1.0198045606718429,-0.0084331470332397,-0.0027394061248201,1.2424083109220418,1,Transition,0.9482
2016-01-07,dax,-0.0231932194185325,0.0188061343596149,0.0149316650257952,0.0335676401060496,1.4300661953915943,-0.0169062304772659,-0.0037266513496869,1.259480059800855,2,Stress/Bear,0.9962
2016-01-08,dax,-0.0131635890100215,0.018519669818076,0.0150210825075698,0.0277297891554438,1.085558452950624,-0.0173701713414476,-0.0050040690562643,1.232911796386382,2,Stress/Bear,0.6789
2016-01-11,dax,-0.0024671177806407,0.0181974765632361,0.0149851902733625,0.0168620572848953,1.0177477598246547,-0.0091195123934219,-0.004141802607877,1.2143640642043525,1,Transition,0.9259
2016-01-12,dax,0.0161896850235556,0.0187289050878162,0.0150591254339094,0.0260228770826242,1.0897186528091565,-0.0063993920346898,-0.0029509141169318,1.2436914195324609,1,Transition,0.7174
2016-01-13,dax,-0.0024535506694947,0.0187107914185071,0.0149363626362625,0.0235900448459773,1.0148800682689063,-0.0050175583710267,-0.0031039787285115,1.2527006657618922,1,Transition,0.9629
2016-01-14,dax,-0.0168830548933384,0.0183116224395978,0.0150804515613374,0.027516284599633,1.4597563131002402,-0.0037555254659879,-0.0027117618268388,1.2142622099290703,2,Stress/Bear,0.7884
2016-01-15,dax,-0.0257446989481546,0.0186580302056429,0.015401990872675,0.0391639101338236,1.4776906698519658,-0.0062717474536145,-0.0030188598573083,1.211403795774513,2,Stress/Bear,0.9964
2016-01-18,dax,-0.0024565780997225,0.0169468896171931,0.0154028858675605,0.0210032968991753,0.9550375281056648,-0.0062696395174309,-0.0046524606770611,1.1002411991433634,1,Transition,0.9856
2016-01-19,dax,0.0148402504157259,0.0174514597222903,0.0154871714744547,0.0133988456724235,1.0656222429585678,-0.0065395264389968,-0.0040006977411418,1.126833247186263,1,Transition,0.8235
2016-01-20,dax,-0.0286094726233256,0.0168345385105707,0.0155251147758743,0.0187272818587925,1.4155847454745314,-0.011770710829763,-0.0066990071846529,1.0843422901279418,2,Stress/Bear,0.9905
2016-01-21,dax,0.0192479246552703,0.0177386550755874,0.0152646752252341,0.0321270836010828,1.552362032830399,-0.0045445149200413,-0.005127928286007,1.162072223211374,2,Stress/Bear,0.9914
2016-01-22,dax,0.0197244443869538,0.0185275658907938,0.0155173768374982,0.0135915370342757,1.306950791498803,0.0045493137469803,-0.0036185272768495,1.193988267786431,2,Stress/Bear,0.6634
2016-01-25,dax,-0.0029464610402187,0.018517083497672,0.0154785000738382,0.0122009248313259,0.9516531522139112,0.0044513371588811,-0.0037228725888312,1.1963099401969546,1,Transition,0.9318
2016-01-26,dax,0.008855321469967,0.0177333100854137,0.0154217608459056,0.030901737198086,1.121584731478002,0.0032543513697293,-0.0044061215851104,1.149888800805896,1,Transition,0.5736
2016-01-27,dax,0.0058944119986644,0.0178688991506659,0.0154512853068341,0.0154016224614447,0.882684030216479,0.0101551282941273,-0.0037665719849755,1.1564668437494,1,Transition,0.8687
2016-01-28,dax,-0.0247169755056964,0.0175964602480403,0.015717223273011,0.0321881198751081,1.096681232428294,0.001362148261934,-0.0059610306503403,1.1195654564668691,2,Stress/Bear,0.9015
2016-01-29,dax,0.0163109854265297,0.0182358870304667,0.015829033440231,0.0144945837670987,1.0512669683075235,0.0006794564698492,-0.0046032871445581,1.1520530990931148,1,Transition,0.8826
2016-02-01,dax,-0.0041143941084455,0.0157447762831954,0.0158296883450701,0.0193197224718924,0.8421935428322627,0.0004458698562038,-0.0026229862239419,0.9946358980654774,1,Transition,0.9891
2016-02-02,dax,-0.018289002039905,0.0160697906927668,0.0159395161626371,0.0200667924780233,0.9694850308228268,-0.0049829948457705,-0.0036668904874319,1.008173054238308,1,Transition,0.9872
2016-02-03,dax,-0.0153790158075467,0.0162374597947147,0.0160113010050914,0.0239771102225217,1.107159717928352,-0.0092376804070128,-0.0039677053284188,1.0141249477198218,1,Transition,0.958
2016-02-04,dax,-0.0044040397411557,0.0155975120201532,0.0159409893262096,0.0287256176731382,1.1809403507978924,-0.0051750932541046,-0.0030282463445499,0.9784532001729858,1,Transition,0.9537
2016-02-05,dax,-0.0114703858803059,0.0155441077773954,0.0158895669109124,0.0235693178113596,1.171823627058111,-0.0107313675154717,-0.0029435861880641,0.9782587445300528,1,Transition,0.9517
2016-02-08,dax,-0.0336040587987679,0.0169862615525181,0.0163766934154558,0.0444952699142401,1.307073942127973,-0.0166293004535362,-0.0045004332389705,1.0372216858188834,2,Stress/Bear,0.9998
2016-02-09,dax,-0.011194618292862,0.0163213851732412,0.0163551660535474,0.0302971480029817,1.3186756511686524,-0.0152104237041276,-0.0058696484047914,0.9979345437279225,2,Stress/Bear,0.8041
2016-02-10,dax,0.0154098186593363,0.0169931188273061,0.0164980097355178,0.0280671734693711,1.109281437368487,-0.009052656810751,-0.0049764799383498,1.0300102315203754,1,Transition,0.5816
2016-02-11,dax,-0.0297621898275815,0.0176974975094185,0.0168503041359432,0.0228816686133867,1.2372667037946887,-0.0141242868280362,-0.005620436685062,1.0502776309935071,2,Stress/Bear,0.9008
2016-02-12,dax,0.0242263594479108,0.0182263789713383,0.0172170254965731,0.0169211116955415,1.2827756005827466,-0.0069849377623928,-0.0031218837652587,1.0586253110309929,2,Stress/Bear,0.9311
2016-02-15,dax,0.0263386496760767,0.0193823564093691,0.0172874257886676,0.0124581503815734,1.0022814964104092,0.005003603932576,-0.0016821223764687,1.1211823348548977,1,Transition,0.6869
2016-02-16,dax,-0.0078213992612592,0.0190247255451483,0.0172970226693488,0.0207845481135894,0.8344169790555941,0.0056782477388966,-0.002815204860318,1.0998844083647497,1,Transition,0.8609
2016-02-17,dax,0.0261570034029101,0.0190579997247981,0.0176080913977168,0.0254319216209762,1.0161238847419574,0.0078276846876114,-7.688105900626775e-05,1.0823432985626869,2,Stress/Bear,0.5763
2016-02-18,dax,0.0091747766762479,0.0186491305796263,0.0176599309207306,0.0213363916395884,0.9874431827789304,0.0156150779883773,-0.0005805384579573,1.0560137898237432,2,Stress/Bear,0.6449
2016-02-19,dax,-0.0080194668013954,0.0180825162028618,0.0176732999668825,0.0165018214749614,0.8823063045116224,0.009165912738516,-0.0019677340173748,1.0231544893566065,1,Transition,0.8819
2016-02-22,dax,0.019570666298294,0.0187085178780911,0.017838393229589,0.0108381252297682,0.7542647377244046,0.0078123160629595,-0.0008418776504492,1.0487781964049765,1,Transition,0.9211
2016-02-23,dax,-0.0165161568792894,0.0188758073310556,0.0176603450745738,0.0137945810603009,0.7295452782110818,0.0060733645393534,-0.002110451567912,1.0688243775163688,1,Transition,0.7997
2016-02-24,dax,-0.0267947691157212,0.0195494440755104,0.0177947331133065,0.0316476858808753,0.8262163689380061,-0.0045169899643728,-0.0037449106236313,1.0986084450399372,2,Stress/Bear,0.8505
2016-02-25,dax,0.0176963571722716,0.0194549282477868,0.0180039810332042,0.020599060053356,0.8053268406643037,-0.002812673865168,-0.0016242439897329,1.0805903545391828,1,Transition,0.8468
2016-02-26,dax,0.01929711839594,0.0196106516837383,0.0181830939966394,0.0147740329405204,0.8088247053432818,0.002650643174299,-0.0014749373412623,1.078510163746764,1,Transition,0.8924
2016-02-29,dax,-0.0018832870389885,0.0196011904247371,0.0181554275158586,0.0174979867925362,0.7688916642978456,-0.0016401474931574,-0.0013633819877895,1.079632545563339,1,Transition,0.962
2016-03-01,dax,0.0230858988382388,0.0199018952455035,0.0184543157997115,0.0255146239758674,0.818826158580245,0.0062802636503481,0.0007053630561176,1.0784412416858435,2,Stress/Bear,0.7219
2016-03-02,dax,0.0061004222376878,0.0195649449675779,0.0179312038670915,0.0144354471300762,0.882401763218596,0.0128593019210299,0.0017793349583793,1.091111623770268,1,Transition,0.7921
2016-03-03,dax,-0.0025296523380406,0.0195382377357321,0.0179300280424902,0.0101354240541175,0.7211448619971385,0.0088141000189675,0.0018730543285351,1.0896936518688545,1,Transition,0.8692
2016-03-04,dax,0.0073814871743673,0.0193140768441166,0.0178753080730983,0.0159148902330528,0.8046063807427895,0.0064309737746529,0.0028156479812688,1.0804891733968816,1,Transition,0.9457
2016-03-07,dax,-0.0046156287110777,0.017433256331167,0.0177232242112074,0.0116301550767234,0.6957291795896923,0.0058845054402351,0.0042650694856533,0.9836391010695972,1,Transition,0.9752
2016-03-08,dax,-0.0088446016756537,0.0173311941197287,0.0177310952632151,0.0172663238979238,0.8774891523176035,-0.0005015946625433,0.0043825703165137,0.9774463372087312,1,Transition,0.9752
2016-03-09,dax,0.0031180156407627,0.0171364185506835,0.0177390631443362,0.0164309667186397,0.9401269488920948,-0.0010980759819284,0.003767980165585,0.9660272592329602,1,Transition,0.986
2016-03-10,dax,-0.0234063691898923,0.0165300891748859,0.0177104633967988,0.052398565263426,1.6357065803121007,-0.0052734193522987,0.0040857711974695,0.933351590217212,2,Stress/Bear,1.0
2016-03-11,dax,0.034456785926933,0.0173253013550008,0.0181394344028997,0.0194393069606997,1.1175519288976807,0.0001416403982144,0.0045972925214206,0.9551180577180118,2,Stress/Bear,0.6872
2016-03-14,dax,0.0160567250333952,0.0167905069633544,0.0178222111695345,0.0103651740474559,0.8737068819100847,0.0042761111471089,0.0040831962892865,0.9421113241019292,1,Transition,0.9879
2016-03-15,dax,-0.0056625172966695,0.0167167232012439,0.0178301354084367,0.0084015728261816,0.7552528647950763,0.0049125280229058,0.004191140387516,0.937554472712197,1,Transition,0.9868
2016-03-16,dax,0.0049766533898059,0.0159030208790077,0.0175132539077525,0.0103952729391298,0.922468798459741,0.0052842555727144,0.0031321228868608,0.9080563191040156,1,Transition,0.9965
2016-03-17,dax,-0.0091781434234609,0.0160646766745328,0.017485731344048,0.0305543755718999,1.1346455103656845,0.0081299007260007,0.0022144768818753,0.9187306128891805,1,Transition,0.5696
2016-03-18,dax,0.0059063427635221,0.0158986969976888,0.0174658797412606,0.013964800842897,1.9726984925635136,0.0024198120933185,0.0029107673601212,0.9102717545987976,2,Stress/Bear,1.0
2016-03-21,dax,-0.000217107247023,0.0154157409745533,0.0174660967886715,0.0232825683709308,0.7500460025909648,-0.000834954362765,0.0019213786828553,0.8826093866920492,1,Transition,0.9898
2016-03-22,dax,0.0041487695868209,0.0147949545443836,0.0172080270929862,0.0227657344844844,0.7785169801693368,0.001127303013933,0.0029546250061609,0.859770528279436,1,Transition,0.9907
2016-03-23,dax,0.003290844242426,0.0130358863095528,0.0172009972549637,0.0147202508311021,0.8012450236254773,0.000790141184457,0.0044589056740682,0.7578564263645261,1,Transition,0.9992
2016-03-24,dax,-0.017266974924547,0.0135032439410304,0.0171191604095688,0.0134621267588851,0.7153869113365359,-0.0008276251157601,0.0027107390692273,0.7887795673368843,1,Transition,0.9983
2016-03-29,dax,0.0037074142131324,0.0129333265555065,0.0170893895273601,0.0140119983198441,0.668434733494573,-0.0012674108258381,0.0019312538600869,0.7568044800430239,1,Transition,0.9995
2016-03-30,dax,0.0159194229709493,0.0132653468394644,0.0163013681716059,0.0149742474748314,0.8872924945265995,0.0019598952177563,0.0028213893605838,0.8137566552585622,1,Transition,0.9989
2016-03-31,dax,-0.0081051911989433,0.0125729758695783,0.0163267071229954,0.0074577532156318,0.8444254528898867,-0.0004908969393965,0.0012618348587247,0.7700864463888056,1,Transition,0.9996
2016-04-01,dax,-0.017294846581392,0.0131731111503564,0.0164309211455128,0.0179495700324765,0.9797418652598948,-0.0046080351041601,9.207141777074456e-05,0.8017268802944708,1,Transition,0.9988
2016-04-04,dax,0.0027976591364687,0.0131711687674007,0.0161683415391916,0.0177385534226635,0.7416963627524559,-0.0005951082919569,0.0003584369914962,0.8146270744883862,1,Transition,0.9994
2016-04-05,dax,-0.0266937540078573,0.0143647150817197,0.016443297196874,0.011306682885251,0.9457368628258742,-0.0066753419361549,-0.001345325067615,0.8735909173040165,1,Transition,0.9857
2016-04-06,dax,0.0063737789244388,0.014443004270346,0.0164648873176487,0.0135081961358015,0.927649482079864,-0.008584470745457,-0.0007958546858391,0.8772003106796007,1,Transition,0.9958
2016-04-07,dax,-0.0098031598768066,0.0144726790734844,0.0163641424817402,0.0228138027564321,0.8389224003534899,-0.0089240644810297,-0.0008437825958968,0.8844141445012206,1,Transition,0.996
2016-04-08,dax,0.0095693544055458,0.0146365924637844,0.0164167908724877,0.0106482222921826,0.7988914299992096,-0.0035512242836421,-0.0005212156576576,0.8915623386732239,1,Transition,0.9983
2016-04-11,dax,0.0062916221320125,0.0136670038918055,0.016298835319594,0.0234710069667512,0.8429340338763466,-0.0028524316845333,0.0009636839084375,0.8385264114777233,1,Transition,0.9964
2016-04-12,dax,0.008072213730028,0.0113390079931283,0.015981797842303,0.0156369535237243,0.8346580407670512,0.0041007618630437,-0.0003555447014076,0.709495145978791,1,Transition,0.9998
2016-04-13,dax,0.0267486780722651,0.0123596315402924,0.016334994746739,0.0132334300145927,1.162793487021846,0.0081757416926089,0.0001790529505358,0.7566351708046779,1,Transition,0.9943
2016-04-14,dax,0.0067148980550015,0.0123616185538804,0.0162505926411295,0.0081507189796184,0.8930182856560338,0.0114793532789706,0.0007979237181193,0.7606872454973543,1,Transition,0.9985
2016-04-15,dax,-0.0041776796538592,0.0123682262880454,0.015803034965135,0.0049445204845946,0.8974495906965088,0.0087299464670895,0.000340207065936,0.782648795964347,1,Transition,0.9979
2016-04-18,dax,0.0068153810439594,0.0122367579329782,0.0156421596340329,0.022425126145918,0.7479050960963649,0.0088346982494789,0.0011398832893071,0.7822933801515842,1,Transition,0.982
2016-04-19,dax,0.0224026369596706,0.0131004335426708,0.0157004289381214,0.0212694305896029,1.1920155111269757,0.0117007828954075,0.0019646979991145,0.8343997220905394,1,Transition,0.9723
2016-04-20,dax,0.0069039424918442,0.0131347394253609,0.0157102877834044,0.0130492706627742,1.142422591235084,0.0077318357793233,0.0023207504860579,0.8360597594676662,1,Transition,0.9982
2016-04-21,dax,0.0013847070811909,0.0131290331888744,0.0156776211901131,0.0126881540919923,1.1889206221533044,0.0066657975845612,0.0021825473607764,0.8374378376455507,1,Transition,0.9976
2016-04-22,dax,-0.0059820039265425,0.0132510000160939,0.0156898620072788,0.0094500762253242,0.9790874552570002,0.0063049327300245,0.0017189049523279,0.8445580980856663,1,Transition,0.9985
2016-04-25,dax,-0.0076583728538818,0.0126886697692987,0.0153707505451172,0.016113682661548,0.8800810436566319,0.0034101819504562,0.0021993350558612,0.8255074943838377,1,Transition,0.9993
2016-04-26,dax,-0.0033823003947035,0.0127432368412866,0.0152501211517861,0.0167336771427646,0.928917638626953,-0.0017468055204185,0.0018448493254694,0.8356154495070451,1,Transition,0.9994
2016-04-27,dax,0.0039145351292289,0.0123211323131589,0.0152417853394358,0.0099690661613994,1.1453738483690297,-0.0023446869929416,0.0012446049333834,0.8083785487570033,1,Transition,0.9982
2016-04-28,dax,0.002067827970575,0.012123227424617,0.0150325145313077,0.0199987548323574,1.0706377138465797,-0.0022080628150648,0.0017532558918593,0.8064670351303093,1,Transition,0.9992
2016-04-29,dax,-0.0277207336788,0.0131648077881548,0.0153449658306085,0.0212283090164743,1.2829471114634603,-0.0065558087655163,0.0012319615369889,0.8579235648667929,1,Transition,0.913
2016-05-02,dax,0.0083621957700466,0.0132581092280002,0.0153567811222003,0.0086494335258688,0.7151103677244199,-0.0033516950407306,0.0015101883686678,0.8633390762360895,1,Transition,0.9988
2016-05-03,dax,-0.0196015869082188,0.012539414688315,0.015506065667208,0.0144579268573416,1.416173775483331,-0.0065955523434336,0.0018647967236497,0.8086780333217068,1,Transition,0.7843
2016-05-04,dax,-0.0099742091228522,0.0127608979165009,0.0148975332252017,0.0149252871187647,1.1534951525085724,-0.0093733011938499,0.0010473973212851,0.8565779128395408,1,Transition,0.9911
2016-05-05,dax,0.0023994136687406,0.0125039320420035,0.0148041899558529,0.0117561869907779,0.8022057713259207,-0.0093069840542167,0.0016575259985625,0.844621156530082,1,Transition,0.9982
2016-05-06,dax,0.0018345018354472,0.0123651907602308,0.0146949417736625,0.018300992329048,0.9786027811241462,-0.0033959369513673,0.0012707833700576,0.8414589830082013,1,Transition,0.999
2016-05-09,dax,0.0111374034327744,0.0125153131423464,0.0141587455531727,0.0190191371408006,0.8995807861094837,-0.0028408954188217,0.0015130724350957,0.8839281061549931,1,Transition,0.9956
2016-05-10,dax,0.0064866321711659,0.0124765389440935,0.0138730692867762,0.0111841397260164,0.9275686046534366,0.0023767483970552,0.0014337933571526,0.8993351569278288,1,Transition,0.8495
2016-05-11,dax,-0.0070047691797849,0.0110763323920555,0.013541045531236,0.0105851080909839,1.0928287100071228,0.0029706363856686,-0.0002538790054498,0.8179820654546209,1,Transition,0.9965
2016-05-12,dax,-0.011412906261434,0.0112168736075832,0.0135900620998059,0.0243426676665203,1.1449880496699436,0.0002081723996337,-0.0011602692212716,0.8253732415058989,1,Transition,0.9974
2016-05-13,dax,0.0091628377111128,0.0114227614826067,0.0132351810370564,0.0212992443903267,0.9431077825196008,0.0016738395747668,-0.000493243353023,0.8630604636706385,1,Transition,0.9956
2016-05-17,dax,-0.0063206050183804,0.0113578736074958,0.0132240006962306,0.0235990819106882,1.0734529163314277,-0.0018177621154641,-0.00115004265614,0.8588833189288367,1,Transition,0.9952
2016-05-18,dax,0.0053485645040971,0.010062922232698,0.0131865683054912,0.0135176570743207,0.8472736485212709,-0.0020453756488778,-0.0020027462789187,0.7631191072287944,1,Transition,0.9998
2016-05-19,dax,-0.0149290906595735,0.0102287337301496,0.0131131652427226,0.0128768932202212,1.031215516802541,-0.0036302399448356,-0.0030943979364896,0.7800354484075678,1,Transition,0.9996
2016-05-20,dax,0.0121887097762268,0.010749755337757,0.0130094071540067,0.0069463238344203,0.8753170284510612,0.0010900832626965,-0.0025541978017378,0.8263063189967357,1,Transition,0.9991
2016-05-23,dax,-0.0074631723069247,0.0107796739514354,0.0125439281630652,0.0162563792943497,0.863350924737371,-0.0022351187409109,-0.0026282562207569,0.8593539289530906,1,Transition,0.953
2016-05-24,dax,0.0216112790305561,0.0119807815606382,0.0126410849005938,0.0302119154047337,0.9516198986213236,0.0033512580688763,-0.001164773626535,0.9477652950559252,1,Transition,0.63
2016-05-25,dax,0.0145986798054802,0.0124702734236656,0.0125415450270259,0.0100321192022878,1.0798842837816394,0.0052012811291529,-0.0002657246165258,0.9943171592330384,0,Calm/Bull,0.5749
2016-05-26,dax,0.0065924903237307,0.0125317462856334,0.012554297080082,0.0077039676288862,0.8369023354731285,0.0095055973258138,-0.0001318268568007,0.9982037389823744,1,Transition,0.5413
2016-05-27,dax,0.0013229824834715,0.0125259706704431,0.0122245857128795,0.0055198899553705,0.7122486172968036,0.0073324518672627,-0.0001690691311559,1.0246540017504302,0,Calm/Bull,0.8563
2016-05-30,dax,0.0045511179528438,0.0107414867388931,0.0122151519840736,0.0050400577324295,0.4220841107247431,0.0097353099192164,0.0014445234504262,0.8793576005356408,0,Calm/Bull,0.6375
2016-05-31,dax,-0.0068450776733337,0.0107642474693942,0.0122484844489135,0.0118896615354048,1.0734110232558791,0.0040440385784385,0.0006841597782572,0.8788228057348795,1,Transition,0.5669
2016-06-01,dax,-0.0056969216542906,0.0097900355998884,0.0122466683826635,0.012110421828273,0.9579510649033166,-1.508171351566421e-05,0.0013793930409536,0.7994039924970358,1,Transition,0.8009
2016-06-02,dax,0.0003487647996664,0.0094252763936636,0.0122273621216193,0.0083159922058679,0.7789139150062236,-0.0012638268183285,0.0018955417370795,0.7708348129314584,1,Transition,0.8924
2016-06-03,dax,-0.0103136057557159,0.0098103308042166,0.0122482824244123,0.023937779982443,1.0203211381762805,-0.003591144466166,0.0012598907658567,0.8009556331476684,1,Transition,0.9982
2016-06-06,dax,0.0017622644051215,0.0098101214106841,0.0122449796422261,0.0055428480895284,0.6886541597349827,-0.0041489151757104,0.0012562788943404,0.8011545708785391,1,Transition,0.9335
2016-06-07,dax,0.0163266471844716,0.0101480206145552,0.011992716185574,0.0125723047060994,0.9816773586781636,0.0004854297958505,0.0015157410819253,0.8461820039368791,1,Transition,0.7598
2016-06-08,dax,-0.0068910697857554,0.0102435620108611,0.0112200381033929,0.008704064206524,0.9519016889593556,0.0002466001695576,0.0008468559840792,0.9129703407837312,0,Calm/Bull,0.9582
2016-06-09,dax,-0.0126231150124537,0.0105428811132032,0.0111629605222192,0.0135832890572193,1.3522395385416373,-0.0023477757928663,0.0005659386924458,0.9444520646846556,0,Calm/Bull,0.9429
2016-06-10,dax,-0.0255240221467789,0.0117856550892272,0.0116236384963996,0.0210857272285575,1.3568249533403267,-0.0053898590710789,-0.0001396171018214,1.013938543673545,1,Transition,0.7283
2016-06-13,dax,-0.0181801782474143,0.0122273976371832,0.0118325138004295,0.0101258754609438,1.2584037408798958,-0.0093783476015861,-0.0015067678997477,1.0333727763528504,1,Transition,0.5812
2016-06-14,dax,-0.0144178150673594,0.0125255941706084,0.0119162858270096,0.0119054201823391,1.261380097907296,-0.0155272400519523,-0.0019116284021967,1.051132404210854,2,Stress/Bear,0.7941
2016-06-15,dax,0.0091509764067941,0.0126696229838772,0.0119538031877822,0.0102074040656194,1.1558901806449091,-0.0123188308134424,-0.0017215078070618,1.0598821801605889,1,Transition,0.5356
2016-06-16,dax,-0.0058714692728108,0.0123299965736542,0.0119731143752796,0.0156547028476695,1.2253618572810927,-0.0109685016655138,-0.0012686267377237,1.0298069647702903,1,Transition,0.6957
2016-06-17,dax,0.0084341383674828,0.0121414609346697,0.0120151200853733,0.0132005909650005,1.6918397999020731,-0.0041768695626615,-0.0014563553081609,1.010515154937998,2,Stress/Bear,0.9083
2016-06-20,dax,0.0337553375463397,0.0143631831694623,0.0128007380457208,0.0146526240090782,1.0830846014160112,0.0062102335960893,0.0006045701845022,1.1220589873928228,1,Transition,0.8593
2016-06-21,dax,0.0053580754613498,0.0135487914570617,0.0126184562853577,0.0120783005862081,0.9545920477348322,0.0101654117018311,-0.000208089993958,1.0737281289141136,1,Transition,0.7633
2016-06-22,dax,0.0055280309973135,0.0131736860278258,0.012629033498853,0.0105381049602119,0.9340842503333996,0.009440822619935,-0.0006616224343663,1.0431270159369082,1,Transition,0.6987
2016-06-23,dax,0.0182974291283451,0.0137598716186336,0.0126824821298824,0.0230008019461499,1.2538403716853628,0.0142746023001662,-7.637549413564062e-05,1.0849509960051615,1,Transition,0.656
2016-06-24,dax,-0.070672722663131,0.0209260153185634,0.0156209336931636,0.051685827012061,3.218041365734541,-0.0015467699059565,-0.0036761607514657,1.3396136063058457,2,Stress/Bear,1.0
2016-06-27,dax,-0.0306517944805876,0.0216650320649875,0.0159531196980469,0.0404784141113977,1.912191402692571,-0.014428196311342,-0.0054363063731373,1.358043597431286,2,Stress/Bear,1.0
2016-06-28,dax,0.0190880646624883,0.0223417621904386,0.0161548105995817,0.0142930313835568,1.2186536928218112,-0.0116821984711143,-0.0041396492563462,1.3829788998589072,2,Stress/Bear,0.9993
2016-06-29,dax,0.0173134602714185,0.022844173903091,0.0159499695031291,0.0139508790238387,1.0174364302623824,-0.0093251126162933,-0.0029891301600607,1.432239346828181,2,Stress/Bear,0.9683
2016-06-30,dax,0.007030824022994,0.0229442055387386,0.0159545852352198,0.0188087420095129,1.1648010172224237,-0.0115784336373635,-0.0026550271988943,1.4380947671450044,2,Stress/Bear,0.9766
2016-07-01,dax,0.0098715066755577,0.0230333660445215,0.0159498660482665,0.0152248378667446,0.8607969507671157,0.0045304122303742,-0.0016457715773307,1.4441103125768813,1,Transition,0.7488
2016-07-04,dax,-0.0068801452985094,0.0230471284570487,0.0159313648449232,0.0111071012304432,0.6677773147756744,0.0092847420667898,-0.0020778920625122,1.4466512242604943,2,Stress/Bear,0.7808
2016-07-05,dax,-0.0183439549683754,0.0228933312251224,0.0160870896698874,0.016005092715763,0.8097151127922583,0.001798338140617,-0.0038114221701546,1.4230871894731294,2,Stress/Bear,0.6412
2016-07-06,dax,-0.0168576594071969,0.0230716744860958,0.0161898313114795,0.0241730287851349,1.0896690471386523,-0.005035885795106,-0.0043097516512266,1.4250719505481548,2,Stress/Bear,0.7549
2016-07-07,dax,0.0048446679287008,0.0230710302780012,0.0158032821727284,0.0114897814176318,0.7453067654935113,-0.0054731170139646,-0.0034363625041689,1.459888523525493,2,Stress/Bear,0.501
2016-07-08,dax,0.0221423375235665,0.0231311790243686,0.016055116792024,0.0277133473930844,0.7942985510862515,-0.0030189508443628,-0.0010530445206516,1.4407356435961836,2,Stress/Bear,0.9002
2016-07-11,dax,0.0209378520688577,0.0232602294716645,0.0162908230135292,0.0154250317694816,0.6672834151386051,0.0025446486291105,0.0009028569951619,1.4278118086696605,2,Stress/Bear,0.6003
2016-07-12,dax,0.0131998668818432,0.0231221969775556,0.016359230796452,0.0173001471694,0.8400014162665652,0.0088534129991542,0.002283741092622,1.413403678036644,1,Transition,0.5807
2016-07-13,dax,-0.0033536819579287,0.0230957812985955,0.0160902098537755,0.0083035312945254,0.7954397956697815,0.0115542084890079,0.0016585081743859,1.435393416772384,2,Stress/Bear,0.7867
2016-07-14,dax,0.013759882737149,0.0231759407563835,0.0161691926369201,0.0124460484198791,0.8297198871114903,0.0133372514506975,0.0026400757748839,1.4333393928070637,2,Stress/Bear,0.6217
2016-07-15,dax,-0.0001390017532658,0.0231423939339957,0.0161672601122003,0.0110957882742659,0.7612204039803472,0.008880983595331,0.0022114187688464,1.43143573947522,2,Stress/Bear,0.5059
2016-07-18,dax,-0.0003746152196869,0.0219200264347309,0.0161518195552477,0.0147528614522868,0.6044278204652972,0.0046184901376221,0.0005049211305451,1.357124276912143,1,Transition,0.7669
2016-07-19,dax,-0.0081708832515451,0.0219710676472153,0.0161558010678332,0.012736882374063,0.5955357060365108,0.0003443401109444,-0.0001715268050996,1.359949132510705,1,Transition,0.7602
2016-07-20,dax,0.0159788256781207,0.0222364286562766,0.0162903496612159,0.0152888405647225,0.6852836839418608,0.0042108416381543,0.0003510129289407,1.3650062226237598,1,Transition,0.7136
2016-07-21,dax,0.0013991569527143,0.0218360681824387,0.0162828370546029,0.0103907140403149,0.8431106179906648,0.0017386964812674,-0.0004939006798408,1.3410481299550878,1,Transition,0.7859
2016-07-22,dax,-0.000861913198487,0.0143101997522566,0.016280209872264,0.0106391117928122,0.6116082206516317,0.0015941141922231,0.0029966397933913,0.8789935673149064,1,Transition,0.9979
2016-07-25,dax,0.0049917553481685,0.0119187926508102,0.0158888184407054,0.0136140981737236,0.6164198428757472,0.0026673883057942,0.0047788172848292,0.7501371291571657,1,Transition,0.9986
2016-07-26,dax,0.0048439428813709,0.0114344808120223,0.0158648933869032,0.0122378118845715,0.8631177211312294,0.0052703535323775,0.0040666111957733,0.7207411063639252,1,Transition,0.9998
2016-07-27,dax,0.006981013279488,0.0110307618513439,0.0156724418859866,0.005225026565646,0.9472936209525892,0.0034707910526509,0.0035499888461768,0.7038317277926556,1,Transition,0.9997
2016-07-28,dax,-0.0043332182318971,0.0111342243860264,0.015624494895489,0.0114366468444507,1.0806942411910774,0.0023243160157286,0.0029817867334322,0.7126133971371423,1,Transition,0.9997
2016-07-29,dax,0.0060711430566188,0.0110425060187731,0.0156382856519573,0.0065769535973397,1.0674807697846311,0.0037109272667498,0.0027917685524853,0.7061199842829985,1,Transition,0.9996
2016-08-01,dax,-0.0006754850415024,0.0108418120543543,0.0156388339021884,0.017614770100578,0.9583857224129444,0.0025774791888156,0.0031020015653356,0.6932621781242397,1,Transition,0.9998
2016-08-02,dax,-0.018186676227651,0.0108254826014085,0.0157667190573962,0.0198789850097287,1.3868742540556898,-0.0020286446329887,0.0031098655023718,0.6866033803228211,1,Transition,0.9878
2016-08-03,dax,0.0025469558933025,0.0097587161013286,0.0157485897559925,0.0095003070299045,1.027755802855147,-0.0029154561102258,0.0040800962673968,0.6196565059176395,1,Transition,0.9998
2016-08-04,dax,0.0056525488188007,0.0097637181835955,0.0157351344955077,0.0097546825846872,0.911164925762874,-0.0009183027000862,0.0041204903119018,0.62050427254899,1,Transition,0.9999
2016-08-05,dax,0.013532533158554,0.0090941473361811,0.0157468252388309,0.01521049831938,0.96424413824168,0.0005739753203007,0.0036900000936512,0.5775225925385535,1,Transition,0.9999
2016-08-08,dax,0.0062646105392383,0.0081748710596939,0.0157252688759962,0.0072160346173457,0.7817643236336945,0.0019619944364489,0.0029563380171702,0.519855725466955,1,Transition,1.0
2016-08-09,dax,0.0246674588590212,0.009261150949645,0.0159945392313036,0.0250203433389378,0.9690026228868316,0.0105328214537834,0.0035297176160291,0.5790195525932783,1,Transition,0.9651
2016-08-10,dax,-0.0039365826184441,0.0092848401685862,0.0159996277401338,0.0068669989880356,1.1925081127985513,0.009236113751434,0.0035005725830033,0.5803160123092095,1,Transition,0.9995
2016-08-11,dax,0.0085960478788266,0.0090534496080277,0.0158868748106889,0.0099992109570073,0.8779362517923845,0.0098248135634392,0.0032423808400872,0.5698697645641698,1,Transition,0.9999
2016-08-12,dax,-0.0027414061541339,0.0091230401771764,0.0158340619484271,0.0046288463880395,0.7378253941117618,0.0065700257009016,0.0031122606200438,0.576165497324122,1,Transition,0.9999
2016-08-15,dax,0.0024034604850706,0.0090882387521099,0.015792805920865,0.0083982369294907,0.5327079786717698,0.005797795690068,0.0032511644052817,0.5754670067909107,1,Transition,0.9998
2016-08-16,dax,-0.0058423754388318,0.0089480482596447,0.0155953520272439,0.009590144966244,0.7950137990057143,-0.0003041711695025,0.0033675897959173,0.5737637883398281,1,Transition,1.0
2016-08-17,dax,-0.0131027018592603,0.0091514285914286,0.0155958685541132,0.0171489487028215,0.8606045532481673,-0.0021373950176657,0.0019135134190483,0.5867854399821237,1,Transition,0.9999
2016-08-18,dax,0.006183386473386,0.0091996769701204,0.0155932642787195,0.0072017479525448,0.7141296071581849,-0.0026199272987538,0.0021527248950819,0.5899776214705382,1,Transition,1.0
2016-08-19,dax,-0.0055486819572338,0.00933914344471,0.0156125457618425,0.0120586158273847,0.9633346420307832,-0.0031813824593738,0.0019183864571445,0.5981819741105336,1,Transition,1.0
2016-08-22,dax,-0.0047541732811787,0.0094242149085698,0.0156169590613823,0.0202746753414737,0.7749796710944177,-0.0046129092126237,0.0014310900256772,0.6034603069347889,1,Transition,0.9999
2016-08-23,dax,0.0093450863739379,0.0095627332174214,0.0156320142236223,0.0104532922090116,0.7460266302108814,-0.0015754168500697,0.0016561472003055,0.6117403093819263,1,Transition,1.0
2016-08-24,dax,0.0028365457409652,0.0094858669846489,0.0156132296069071,0.0129916369129726,0.826497207729112,0.0016124326699753,0.0014489238233794,0.6075531599466442,1,Transition,1.0
2016-08-25,dax,-0.0088292378162368,0.0096813670927202,0.0156613149945423,0.0100506385465067,0.739067157525079,-0.0013900921879492,0.0012241228441624,0.6181707663816262,1,Transition,1.0
2016-08-26,dax,0.0055101429747447,0.0096673872115461,0.0156089869631568,0.0121866363348925,0.6913978861257957,0.0008216727984464,0.0011960728400687,0.6193475101468686,1,Transition,1.0
2016-08-29,dax,-0.0041007696177744,0.0097324100895141,0.015621085384306,0.0118432893815211,0.5054087404784833,0.0009523535311273,0.0010248086112551,0.6230303368863184,1,Transition,0.9999
2016-08-30,dax,0.0106782253396361,0.0088321318120135,0.0155420310312266,0.0093829406227542,0.9371624440664724,0.0012189813242669,0.0024680536896195,0.5682739787527306,1,Transition,1.0
2016-08-31,dax,-0.0061127917310781,0.0090379306425202,0.0155360061399539,0.0071152028019026,1.35770056842441,-0.0005708861701417,0.0020350663084004,0.5817409288528415,1,Transition,0.9975
2016-09-01,dax,-0.0055266727859343,0.0091474603444559,0.0154604482498586,0.0174696093948225,1.5476057782128991,8.96268359187954e-05,0.0014761052281637,0.591668507705755,1,Transition,0.9914
2016-09-02,dax,0.0140929683769818,0.0091871095655187,0.0151637531369973,0.0165512029360986,1.23910266632375,0.0018061919163662,0.0015041269890851,0.6058598740376181,1,Transition,0.9997
2016-09-05,dax,-0.0010863987010007,0.0091335224486656,0.0149490804663443,0.0064503772892402,0.8667864372918367,0.0024090660997209,0.0011365765270731,0.6109755358684711,1,Transition,1.0
2016-09-06,dax,0.0013970385571662,0.007270318925109,0.0147993722013173,0.0079591499384436,1.012954940973504,0.0005528287432269,-2.6944488019591103e-05,0.4912586038252278,1,Transition,1.0
2016-09-07,dax,0.0061418524639828,0.0073340706404453,0.0147795684267637,0.010806233591486,1.2214672951781418,0.0030037575822391,0.0004769772661017,0.4962303653714527,1,Transition,1.0
2016-09-08,dax,-0.0072512403719745,0.0072664784203095,0.0147928990347907,0.019705352341038,1.4128011089733026,0.0026588440650311,-0.0003153871464382,0.4912139536151684,1,Transition,0.9995
2016-09-09,dax,-0.009586491722773,0.0075427117699322,0.014839935239864,0.0125172678483999,1.4901846458266048,-0.0020770479549198,-0.0006576414248702,0.5082712052321132,1,Transition,0.9974
2016-09-12,dax,-0.0134893244980312,0.0080249946086299,0.0143476795991783,0.012703550190168,2.300443899920915,-0.0045576331143259,-0.0014522806740253,0.559323516611667,2,Stress/Bear,1.0
2016-09-13,dax,-0.0043394362403373,0.0079886762779727,0.0143497163329774,0.0119567937879693,1.1811002068350147,-0.0057049280738266,-0.0013771337141006,0.556713184609352,1,Transition,0.9999
2016-09-14,dax,-0.0007897153071148,0.0074967910853737,0.0143361623386703,0.0077748426202933,1.2138673460177036,-0.0070912416280462,-0.0007614843864933,0.5229287244573075,1,Transition,0.9999
2016-09-15,dax,0.0050745729380688,0.0074466612633109,0.014158484591425,0.0104657105444163,1.057610150520525,-0.0046260789660375,-0.0008169250632592,0.5259504444296931,1,Transition,1.0
2016-09-16,dax,-0.0149737189406438,0.0080367126001001,0.0108720670857535,0.0160575162613593,2.5051261315011795,-0.0057035244096116,-0.0012881769124297,0.7392074144420316,2,Stress/Bear,1.0
2016-09-19,dax,0.0094625409084229,0.0083371246262332,0.0100844771889639,0.0053191033699735,0.8423419944114797,-0.0011131513283208,-0.0005773412029496,0.8267284927132446,0,Calm/Bull,0.918
2016-09-20,dax,0.0019251251915956,0.0080318454046292,0.0098281799764715,0.0090755575824933,0.8487934984429982,0.0001397609580657,-0.0009483392620667,0.8172261216071866,0,Calm/Bull,0.968
2016-09-21,dax,0.0040930604746176,0.0080678428827318,0.0096156283909433,0.010351207255642,0.8976227508632637,0.0011163161144122,-0.0008855135253841,0.8390343880521276,0,Calm/Bull,0.9761
2016-09-22,dax,0.0225193704147274,0.0093815629984072,0.0099714642367311,0.0175751759319912,1.096389398084175,0.0046052756097439,0.000681916886164,0.9408410616215293,1,Transition,0.7634
2016-09-23,dax,-0.0044326282416957,0.0093756813964244,0.009942016647719,0.0060854527244351,0.7669734390232077,0.0067134937495336,0.000184778325342,0.9430361795436584,0,Calm/Bull,0.9836
2016-09-26,dax,-0.0221942719312397,0.0106035045329199,0.0103463074748972,0.0168563675502733,1.1124339246714352,0.000382131181601,-0.0007198967903311,1.0248588260736244,0,Calm/Bull,0.6843
2016-09-27,dax,-0.0031056827160267,0.0102662626816974,0.010042606527939,0.0183554322858212,1.1462572958176112,-0.0006240303999233,-0.0014090921931143,1.022270727538327,0,Calm/Bull,0.9752
2016-09-28,dax,0.0073904220010109,0.0103839873215727,0.0097803246524447,0.0096959825463145,0.9031332053206595,3.5441905355261885e-05,-0.0007339315065098,1.0617221503968293,0,Calm/Bull,0.9987
2016-09-29,dax,-0.0031471906329229,0.0103397216064299,0.00979248281797,0.0197115550206925,1.0696124489087868,-0.0050978703041748,-0.0006149573988593,1.055883558708481,0,Calm/Bull,0.9772
2016-09-30,dax,0.0100858256330342,0.0100751592185159,0.0094839108724038,0.0324725241849978,1.8386006231772736,-0.0021941795292288,-0.0008153145360566,1.0623422503718898,2,Stress/Bear,0.9983
2016-10-04,dax,0.010278139068786,0.0103750749461155,0.0092086915031686,0.0145457056755168,1.2406880900514343,0.0043003026707763,-0.0002470876475673,1.1266611486056934,0,Calm/Bull,0.9974
2016-10-05,dax,-0.0031907081953056,0.0103875198462068,0.0090915215793632,0.012829526342596,0.8999838305756929,0.0042832975749205,-0.0004764749851909,1.1425502052137642,0,Calm/Bull,0.9996
2016-10-06,dax,-0.0016053707834568,0.010271529319455,0.0090800973718224,0.0097882633056042,0.997465285724292,0.0024841390180269,-0.0008638361475629,1.1312135651022752,0,Calm/Bull,0.9998
2016-10-07,dax,-0.0074018107019951,0.0102765113413403,0.008988088513759,0.0108418404747957,1.133583063700518,0.0016332150042125,-0.0008713646640639,1.1433478125642536,0,Calm/Bull,0.9997
2016-10-10,dax,0.0126186947798763,0.0104828224664421,0.009118220228468,0.0173595912440213,0.9201481918428602,0.0021397888335809,0.0002388946610685,1.149656643926371,0,Calm/Bull,0.997
2016-10-11,dax,-0.0044261560131773,0.010044881953564,0.0091427721379081,0.0116893970757303,0.9175764721196152,-0.0008010701828117,0.0006920530853112,1.0986691784557914,0,Calm/Bull,0.9997
2016-10-12,dax,-0.0051269546379925,0.0100671622838763,0.0091003256998299,0.0095789348254913,0.8463962375689956,-0.0011883194713491,0.0006526771654284,1.1062419759398745,0,Calm/Bull,0.9998
2016-10-13,dax,-0.0104122130822596,0.0103652482376271,0.0089954096515554,0.0078519258425162,0.922565105470023,-0.0029496879311096,0.0001715522766712,1.1522819570351517,0,Calm/Bull,0.9996
2016-10-14,dax,0.0158435250870736,0.0108993038241453,0.0092121539837455,0.0156733576640651,0.9381589906216156,0.001699379226704,0.0007099998841214,1.1831439035188436,0,Calm/Bull,0.9977
2016-10-17,dax,-0.0072861024050663,0.0104430921424404,0.0092675681757236,0.0087989054317096,0.6349035090603155,-0.0022815802102844,0.0010943807109003,1.1268427644045904,0,Calm/Bull,0.9996
2016-10-18,dax,0.012110747959388,0.0105707861796144,0.0093700789605002,0.0106898256745588,0.879209422587895,0.0010258005842286,0.0012267910634485,1.128142700203038,0,Calm/Bull,0.9995
2016-10-19,dax,0.0013281696185888,0.0105695532891377,0.0093546644901813,0.0079384095807644,0.7501462126805925,0.0023168254355449,0.0011969432847982,1.1298698419629642,0,Calm/Bull,0.9999
2016-10-20,dax,0.0052194600144098,0.0105887810171977,0.0093371578577756,0.0145327394779244,1.0366314786179585,0.0054431600548788,0.0012532632617878,1.1340475526372074,0,Calm/Bull,0.998
2016-10-21,dax,0.0008724797781736,0.0093324326215587,0.0093146472753911,0.0060602921938316,0.8512027940128436,0.0024489509930988,0.0001709187299601,1.001909395561826,0,Calm/Bull,0.9993
2016-10-24,dax,0.0046981911229578,0.0093187039746313,0.0093028885854689,0.0070819401134613,0.7791278296823256,0.0048458096987036,0.0006274596981928,1.0017000514428491,0,Calm/Bull,0.9993
2016-10-25,dax,-0.0003587940872229,0.0076303703741898,0.0093022023985323,0.008306851672895,0.9076237282062424,0.0023519012893814,0.0017192335903936,0.8202756774453472,0,Calm/Bull,0.9934
2016-10-26,dax,-0.0044375073187013,0.0076803421055867,0.0089939332394205,0.0098509015281882,0.7802840960365467,0.0011987659019234,0.0016526423602599,0.8539469774940804,0,Calm/Bull,0.9952
2016-10-27,dax,0.0006907615523959,0.0075621086912054,0.0089913777190011,0.010869587007451,0.8407430318648272,0.0002930262095206,0.0013176593378291,0.8410400416417604,0,Calm/Bull,0.9947
2016-10-28,dax,-0.0019510943045077,0.0075295998428871,0.008976442155273,0.0123959875828308,0.738713311093579,-0.0002716886070156,0.0013774641542499,0.8388178425974767,0,Calm/Bull,0.9911
2016-10-31,dax,-0.0029193758705347,0.0072959004831196,0.0088293131640615,0.0050070643908004,0.7608827932291153,-0.0017952020057141,0.0007272040790714,0.8263270706963457,0,Calm/Bull,0.9956
2016-11-01,dax,-0.0131046654772672,0.0075537916312412,0.0089669528806562,0.0212889426900315,0.8671514847168225,-0.004344376283723,-0.0004419361482311,0.8424034041191983,1,Transition,0.5488
2016-11-02,dax,-0.0148569322537325,0.0082000222012593,0.0085786193078877,0.0089412902200336,1.034050243720705,-0.0064282612707292,-0.0010252473511525,0.9558673612803492,0,Calm/Bull,0.9917
2016-11-03,dax,-0.0043533159717865,0.0082332089265326,0.0085816091589971,0.0078288576535311,0.962699849455706,-0.0074370767755657,-0.0011626446105689,0.959401526449246,0,Calm/Bull,0.9915
2016-11-04,dax,-0.0064853244876184,0.0081991353380414,0.0085308954315502,0.007199380049154,1.0399308577320427,-0.0083439228121878,-0.0011168202998501,0.9611107537103576,0,Calm/Bull,0.9847
2016-11-07,dax,0.0190988183937964,0.0088710014230963,0.008903088801858,0.0072497760302026,0.9873895380715773,-0.0039402839593216,-0.0007928141191541,0.9963959273600608,0,Calm/Bull,0.959
2016-11-08,dax,0.0024232104544777,0.0088555501728455,0.0089031947179026,0.0067933395292818,0.8924410187966111,-0.0008347087729726,-0.0004503457957714,0.994648601253068,0,Calm/Bull,0.9993
2016-11-09,dax,0.015495093803585,0.0094621615925558,0.0091061001449413,0.0443010943250634,1.9523877183001777,0.0052356964384908,0.0005807566263074,1.0391014201411288,2,Stress/Bear,1.0
2016-11-10,dax,-0.0014936599352603,0.00912082155122,0.0089459381337664,0.0205086831777664,2.042502277817197,0.005807627645796,0.0010266842836574,1.0195489187202682,2,Stress/Bear,0.9994
2016-11-11,dax,0.0035524455834865,0.0084600780654496,0.0089222584164811,0.0122010464866242,1.361224398130095,0.007815181660017,0.000412130308478,0.9481991745298768,0,Calm/Bull,0.9363
2016-11-14,dax,0.002409950367094,0.0082714261568723,0.0088959522329014,0.0117171714957865,1.367761119451428,0.0044774080546765,0.0008969329470861,0.929796601906278,0,Calm/Bull,0.9924
2016-11-15,dax,0.0038685518800511,0.0078793450998409,0.0088836379515284,0.0076514746083862,1.0781994282623564,0.0047664763397912,0.0004848231431192,0.8869502722682715,0,Calm/Bull,0.9947
2016-11-16,dax,-0.0066610367064628,0.0080353109318948,0.0088500643988007,0.0117405964191844,0.9813728630489033,0.0003352502377817,8.536282686667767e-05,0.9079381312732232,0,Calm/Bull,0.9962
2016-11-17,dax,0.0020300260436448,0.007959345220078,0.0088464667771406,0.0077262889859278,0.9784540680639936,0.0010399874335627,-7.410887167157216e-05,0.8997202409265818,0,Calm/Bull,0.9979
2016-11-18,dax,-0.0019653749525573,0.0079668739714363,0.0087731455292996,0.0083323039246613,1.0532271924057626,-6.357667364602082e-05,-0.0002160016082081,0.908097779163628,0,Calm/Bull,0.9981
2016-11-21,dax,0.0019269899836678,0.0079007317503684,0.0087486325779401,0.0123489556757515,0.730308451560881,-0.0001601687503312,-0.0003545616651726,0.903081902226684,0,Calm/Bull,0.9969
2016-11-22,dax,0.0026842162091726,0.0079298929411614,0.0087365654410401,0.0055871935620712,0.8533917664538319,-0.0003970358845069,-0.0002024111503528,0.9076670912245036,0,Calm/Bull,0.9982
2016-11-23,dax,-0.004809934624591,0.007940791214101,0.0086520973235043,0.0131724248532675,0.9413685474284308,-2.6815468132605075e-05,-0.0002210325156473,0.9177880133790264,0,Calm/Bull,0.9963
2016-11-24,dax,0.0025121512382331,0.0079622140170191,0.0086202794753256,0.0058030466840163,0.5558963769489386,6.96095707850417e-05,-0.0001299630313554,0.9236607745502744,0,Calm/Bull,0.9994
2016-11-25,dax,0.0009359938887658,0.0079536260189373,0.0085884478252392,0.005681699940818,0.6136613973636965,0.0006498833390496,1.439137830821298e-05,0.9260842215940002,0,Calm/Bull,0.9995
2016-11-28,dax,-0.010957720871422,0.0083050164851886,0.0085131007924797,0.0097725737114057,0.7605653543319717,-0.0019270588319682,-0.0003875258717361,0.9755571662589898,0,Calm/Bull,0.9989
2016-11-29,dax,0.0035674260187059,0.0077815934998204,0.0085256951649177,0.0080532343599516,0.8092679813816646,-0.0017504168700616,0.0004460787030625,0.9127224641857632,0,Calm/Bull,0.9988
2016-11-30,dax,0.0018634844715196,0.0068991190456991,0.0085272782464733,0.0080476945560102,1.0948905616561388,-0.0004157330508394,0.0012820995393251,0.8090646096311562,0,Calm/Bull,0.9966
2016-12-01,dax,-0.0100358116049166,0.0072514306950708,0.0085830129269564,0.0118244713687486,0.9231616231654286,-0.0029253256194694,0.0009979747576686,0.844858414729459,0,Calm/Bull,0.9903
2016-12-02,dax,-0.0019670080449905,0.0070742390017906,0.0085379164637601,0.0135808546983141,0.8556626144498313,-0.0035059260062207,0.0012238905798,0.8285673714210953,0,Calm/Bull,0.9842
2016-12-05,dax,0.0161791448029821,0.006706527266168,0.0087068965701349,0.0221922216313907,1.0506417699716593,0.0019214471286601,0.0010779069002592,0.7702546150796956,1,Transition,0.9853
2016-12-06,dax,0.0084333771242627,0.0069017909455236,0.0085828806468959,0.0109128861453509,1.353240048543079,0.0028946373497714,0.0013784152337485,0.8041345591843613,0,Calm/Bull,0.9862
2016-12-07,dax,0.0194262163409839,0.0073653865857757,0.0088965328066233,0.0104654326510654,1.4248447983043904,0.0064071837236643,0.0015749713606184,0.8278940510726074,0,Calm/Bull,0.7755
2016-12-08,dax,0.0173900017715975,0.0081227378275844,0.0091429256386855,0.018113641084701,1.691649871678534,0.0118923463989671,0.0025191544459613,0.8884177941047132,1,Transition,0.6257
2016-12-09,dax,0.0021632414340188,0.0081193758367399,0.0091299417656602,0.0076501956806862,1.0172134699323434,0.012718396294769,0.002449694238488,0.8893129929129198,0,Calm/Bull,0.6421
2016-12-12,dax,-0.001198537059754,0.0081602953008395,0.0088865298109747,0.0063608893620827,0.8997468914939413,0.0092428599222218,0.0022692698671455,0.9182769286118472,0,Calm/Bull,0.9872
2016-12-13,dax,0.0084041443699645,0.0082693739685024,0.0088713324843223,0.0096414844486798,0.9910396138014228,0.0092370133713621,0.0024960494916412,0.9321456481443222,0,Calm/Bull,0.9743
2016-12-14,dax,-0.0035340869141931,0.0081152546331982,0.0088938490411399,0.0041076132489937,0.9125485775406668,0.0046449527203267,0.0026523969812547,0.9124569796113914,0,Calm/Bull,0.9973
2016-12-15,dax,0.0107523264334764,0.0083120311749508,0.0089703698897874,0.0105644772309835,1.3981723629444045,0.0033174176527025,0.0030885120007463,0.9266096356198112,0,Calm/Bull,0.9812
2016-12-16,dax,0.0033033580811171,0.0082264777617481,0.0085369507782789,0.0082795370940148,1.7059457327529917,0.0035454409821221,0.00335194865243,0.9636318605326052,0,Calm/Bull,0.9351
2016-12-19,dax,0.0019877119193527,0.0082259353690652,0.0085065815438606,0.004076424280748,0.7698002311648672,0.0041826907779435,0.0033549847492142,0.967008348377263,0,Calm/Bull,0.9994
2016-12-20,dax,0.0033235194783396,0.0082244336404597,0.0079353791083202,0.0056808860454787,0.7248878179519392,0.0031665657996185,0.0033869499126726,1.0364260520126205,0,Calm/Bull,0.9999
2016-12-21,dax,0.0003400644928924,0.0080326745087886,0.0079129286755159,0.0034520086918411,0.6061729417757878,0.0039413960810356,0.0036444498685468,1.015132934743019,0,Calm/Bull,0.9999
2016-12-22,dax,-0.001094018141032,0.0080996234205142,0.0078851312905298,0.0041017655203125,0.4869509363938901,0.0015721271661339,0.0034641413995835,1.0272021000134852,0,Calm/Bull,0.9999
2016-12-23,dax,-0.0005387159812162,0.0081305036111361,0.0078659585914689,0.006179077245971,0.5227066668224956,0.0008037123536672,0.0033904059060844,1.0336316313632887,0,Calm/Bull,0.9998
2016-12-27,dax,0.0019466354185766,0.0074122455617199,0.0077868158131849,0.0026071765966317,0.2869407337670684,0.000795497053512,0.0040356237205843,0.9518968651048864,0,Calm/Bull,0.9995
2016-12-28,dax,0.0002396803411121,0.0074605015478531,0.0077014792565488,0.0014369735813024,0.4659793175707306,0.0001787292260665,0.0038692364367046,0.9687102047972456,0,Calm/Bull,0.9995
2016-12-29,dax,-0.0020884931151357,0.0075679837323516,0.0076919162062525,0.0047480465210485,0.4615088460617542,-0.000306982295539,0.0036716375573719,0.9838879583997282,0,Calm/Bull,0.9996
2016-12-30,dax,0.0026172719016044,0.0068572883852753,0.0076841081510285,0.0066100715300037,0.4533547720743158,0.0004352757129882,0.0043042917326979,0.8923987339191071,0,Calm/Bull,0.9961
2017-01-02,dax,0.0101624452690743,0.006809661310254,0.0076784525958032,0.0174559578468411,0.5256649360537973,0.0025755079630463,0.0049107643984012,0.8868533373476749,1,Transition,0.8678
2017-01-03,dax,-0.001215555073917,0.0063927791098165,0.007550838336938,0.0065726924594988,0.9896786900983214,0.0019430698645476,0.0040410294045562,0.8466317016143255,0,Calm/Bull,0.9925
2017-01-04,dax,5.985349802547325e-06,0.0063657086495915,0.0075140473419241,0.0073081745386847,0.9520788838745792,0.0018963308662857,0.0036196598158332,0.8471744134581738,0,Calm/Bull,0.9953
2017-01-05,dax,5.445660737029032e-05,0.0052013301770049,0.0074660296071173,0.0056227866541785,0.9067052043617024,0.0023249208107869,0.0026510718291525,0.6966661600225295,0,Calm/Bull,0.9957
2017-01-06,dax,0.0012137135860025,0.0038782063440387,0.0072979040826838,0.0050599517435907,0.8684495941187939,0.0020442091476665,0.0018422574198728,0.5314137182538137,0,Calm/Bull,0.9971
2017-01-09,dax,-0.0030237497674863,0.0040262229643581,0.0070857581811843,0.0073106287145761,1.036011193335057,-0.0005930298596455,0.0015829078597975,0.5682134305753532,0,Calm/Bull,0.9946
2017-01-10,dax,0.0016684091104464,0.0039726622481655,0.0069916372308239,0.0053490768591197,1.1355031139147995,-1.6237022772889457e-05,0.0017262551683075,0.5682019986179008,0,Calm/Bull,0.9951
2017-01-11,dax,0.0054129751076473,0.0037585636006725,0.0068739555234235,0.0143634600900678,1.295575580871795,0.001065160928796,0.0015766967051917,0.5467832295197392,0,Calm/Bull,0.9215
2017-01-12,dax,-0.0108024315255313,0.0045473559196802,0.0070556600021633,0.0099435094335304,1.293237810896177,-0.0011062166977842,0.0012132794746248,0.6444975974304336,0,Calm/Bull,0.9888
2017-01-13,dax,0.0093424975028076,0.0044002503477262,0.0071141467203484,0.0069738031017073,1.0955719018879162,0.0005195400855767,0.0011427880280913,0.6185211692556686,0,Calm/Bull,0.9909
2017-01-16,dax,-0.006424287193779,0.0046777360114322,0.0071850828265381,0.003729201675825,0.9084403503189046,-0.0001605673996817,0.0006564057643465,0.6510343894930425,0,Calm/Bull,0.9936
2017-01-17,dax,-0.0012738815903404,0.0046857275076472,0.0071780664617754,0.0137166411665944,1.254789089552426,-0.0007490255398391,0.0004933260888619,0.6527840794731683,0,Calm/Bull,0.98
2017-01-18,dax,0.0051332191340594,0.0047601396786746,0.0071933117953766,0.0060028919557745,1.1801165070701172,-0.0008049767345567,0.0005838110716479,0.6617452175135918,0,Calm/Bull,0.9939
2017-01-19,dax,-0.0002155518113644,0.0047632573916306,0.0071572313949723,0.0056885706911411,1.291942475908424,0.0013123992082766,0.000556030256435,0.6655167520469811,0,Calm/Bull,0.9949
2017-01-20,dax,0.0028622059772148,0.0047732643573455,0.0071594520105195,0.0077170247369839,1.5456686497698036,1.6340903158047413e-05,0.0007538414623474,0.6667080595459149,0,Calm/Bull,0.9959
2017-01-23,dax,-0.007281730495894,0.0050965586923712,0.0072339577027491,0.0083545859677803,1.063008573144984,-0.0001551477572649,0.0004166907366135,0.7045325535196868,0,Calm/Bull,0.9937
2017-01-24,dax,0.0042514292240843,0.0051586523352521,0.0072227332053255,0.0050133834809245,1.0450913018780603,0.00094991440562,0.0005319304268888,0.7142244062744081,0,Calm/Bull,0.9958
2017-01-25,dax,0.0180432622927283,0.0064739768201606,0.0072821610570378,0.0134194473751581,1.5033017462356546,0.0035319230373537,0.0014221095244697,0.8890186264012764,0,Calm/Bull,0.9437
2017-01-26,dax,0.0036001437920674,0.006436477519723,0.006943744645993,0.00618808362023,1.1080292068009103,0.0042950621580401,0.0017065413698298,0.9269461721115094,0,Calm/Bull,0.9997
2017-01-27,dax,-0.0029041560048238,0.0065133119000888,0.0069229818874311,0.0039291402445334,0.8547252281414046,0.0031417897616324,0.0014304699745084,0.940824633950568,0,Calm/Bull,0.9999
2017-01-30,dax,-0.0112683339047569,0.0067593588876468,0.0070515488600075,0.0113834724305743,0.8889167482526955,0.0023444690798598,0.0003589310158168,0.9585637172539728,0,Calm/Bull,0.999
2017-01-31,dax,-0.0126270205393432,0.0073546783285448,0.0069489426295657,0.0171517361308353,1.143873031380488,-0.0010312208728256,-0.0002116422574544,1.058388120410264,0,Calm/Bull,0.9992
2017-02-01,dax,0.0107085696123219,0.0077500797042472,0.0070464945189332,0.0086444563714138,1.101649794497032,-0.0024981594089069,0.0003234869556715,1.099848965102218,0,Calm/Bull,0.9999
2017-02-02,dax,-0.0027095988376499,0.0077797179119395,0.0068344062629761,0.006220363598922,1.1231374796057612,-0.0037601079348504,0.0001852841834205,1.1383165724408792,0,Calm/Bull,0.9999
2017-02-03,dax,0.0020223894261499,0.0077874419683695,0.0068236256183089,0.0059185528675164,0.915705234259664,-0.0027747988486556,0.0002257179754279,1.1412469563796883,0,Calm/Bull,1.0
2017-02-06,dax,-0.0122317808386065,0.0082482267315397,0.0070449692211747,0.0147986488463166,1.0469679548492654,-0.0029674882354255,-0.0002346835781281,1.170796702240848,0,Calm/Bull,0.9998
2017-02-07,dax,0.0034346800419329,0.0082790735625481,0.0070490304580037,0.010600486512342,0.8013482867514143,0.0002448518808296,-0.0001463700315537,1.1744981968616286,0,Calm/Bull,1.0
2017-02-08,dax,-0.0005248858244363,0.0081750331344374,0.0070445352244583,0.0096574394431467,1.0917504529159288,-0.0020018392065219,-0.0004432630781579,1.1604787078151166,0,Calm/Bull,1.0
2017-02-09,dax,0.0085810444621537,0.0080299831776276,0.0070307019536995,0.0093671609537396,1.2173174710082706,0.0002562894534387,0.0005259107212262,1.1421310746080269,0,Calm/Bull,0.9999
2017-02-10,dax,0.0020686022606281,0.0077701662379275,0.0070307563688503,0.0056929882764485,0.8777005294852959,0.0002655320203343,0.0001622159591173,1.1051678980590305,0,Calm/Bull,1.0
2017-02-13,dax,0.0091684555004994,0.0078563009562646,0.0070854126886244,0.0108523535176531,0.8678700744370746,0.0045455792881555,0.0009418530938312,1.1087993461379937,0,Calm/Bull,0.9999
2017-02-14,dax,-0.000222550800544,0.007844203092629,0.0070894219562804,0.0029851506508074,0.8042579962253223,0.0038141331196601,0.000994419633321,1.1064658220378476,0,Calm/Bull,1.0
2017-02-15,dax,0.0018773120963445,0.0077873673420207,0.0070881230676167,0.0104002787450906,0.9803038187021615,0.0042945727038163,0.0008316242814353,1.0986501317391923,0,Calm/Bull,1.0
2017-02-16,dax,-0.0031157248601814,0.0078347510273903,0.007065490368313,0.0073418855768229,0.8502417996509314,0.0019552188393492,0.0006866156289944,1.1088757636026525,0,Calm/Bull,1.0
2017-02-17,dax,-1.877185394791518e-05,0.0078191146558906,0.007067683307231,0.0069490566971792,1.0438035399484809,0.001537744016434,0.0005425667374363,1.106319329261791,0,Calm/Bull,1.0
2017-02-20,dax,0.0059870150976048,0.0076820088392058,0.0070898463079103,0.0030724561145815,0.6437778571251591,0.0009014559358551,0.0012060040171112,1.0835226189085063,0,Calm/Bull,1.0
2017-02-21,dax,0.0117563420458837,0.0080146929819848,0.0070100636106378,0.0158011083085605,0.8905858960966803,0.0032972345051407,0.0015812496582012,1.143312447239773,0,Calm/Bull,0.9976
2017-02-22,dax,0.002595303589893,0.0070283981940444,0.0070076190574073,0.005424872519199,1.1017051949730072,0.0034408328038504,0.0008088517230594,1.0029652206358344,0,Calm/Bull,0.9999
2017-02-23,dax,-0.0042394513932186,0.0070829310488509,0.0070542639905978,0.0075411673373613,0.8473510026668072,0.003216087497243,0.0004168719637951,1.0040637915296715,0,Calm/Bull,0.9999
2017-02-24,dax,-0.0121086567151789,0.0075909011768794,0.0071186486884899,0.0179845386825391,1.1790073077188397,0.0007981105249967,-4.3353071722592414e-05,1.0663401874506184,0,Calm/Bull,0.9973
2017-02-27,dax,0.0015778464322582,0.0071199893130205,0.0071007224408804,0.0057779289556758,0.7563413149778015,-8.372320807251794e-05,0.0005989559451281,1.002713367872143,0,Calm/Bull,1.0
2017-02-28,dax,0.0009925346069784,0.0064037182644933,0.0068514360963745,0.0061405613727712,0.871704054965776,-0.0022364846958535,0.0012799337024442,0.934653432421548,0,Calm/Bull,0.9998
2017-03-01,dax,0.0194788322040094,0.0073183237973775,0.0071760370089849,0.0132739835700221,1.290032957338765,0.0011402210269696,0.0017184468320286,1.0198280455095754,0,Calm/Bull,0.9947
2017-03-02,dax,-0.0006316734784501,0.0072667193393943,0.0068026130949176,0.0033740383836747,0.9774233072512508,0.0018617766099234,0.0018223430999886,1.0682247010084125,0,Calm/Bull,1.0
2017-03-03,dax,-0.0026744777560988,0.0073354845583347,0.0064972019351955,0.005222224035579,1.214802740639349,0.0037486124017394,0.0015874997408761,1.1290220977430632,0,Calm/Bull,0.9999
2017-03-06,dax,-0.0057500907879201,0.0068177185725058,0.0065577347987973,0.0064607107222776,1.163607754030231,0.0022830249577037,0.0019115842434104,1.0396453625657769,0,Calm/Bull,1.0
2017-03-07,dax,0.0006469723614179,0.0068134360326101,0.0065511596868273,0.0044742950220784,0.9212695661436816,0.0022139125085916,0.0017721988593847,1.0400351019240477,0,Calm/Bull,1.0
2017-03-08,dax,9.776458589307088e-05,0.0068038033026963,0.0064819649920882,0.0079358441065647,1.157933671244901,-0.0016623010150316,0.0018033313799012,1.049651349706599,0,Calm/Bull,1.0
2017-03-09,dax,0.0009254337335949,0.0066151577899172,0.0064548503618537,0.008926068112081,1.2429809301007777,-0.0013508795726226,0.0014205508434732,1.0248351889008744,0,Calm/Bull,1.0
2017-03-10,dax,-0.0012705903084569,0.0066400328900351,0.0063341412823296,0.0108884715928496,1.2721145870407682,-0.0010701020830942,0.001253591215019,1.048292514181654,0,Calm/Bull,1.0
2017-03-13,dax,0.00224192057997,0.0063810722280408,0.0063286611739166,0.0047522392260953,0.897744717437636,0.0005283001904838,0.0009072644689925,1.008281538967544,0,Calm/Bull,1.0
2017-03-14,dax,-0.0001034441527934,0.0063800177893878,0.006327964519982,0.0060364821597258,1.2220528422805186,0.0003782168876415,0.00091321980138,1.008225910439513,0,Calm/Bull,1.0
2017-03-15,dax,0.0017567717038599,0.0063791159766391,0.0063206043497028,0.0041407185674998,1.1676769394339777,0.0007100183112349,0.0009071927817558,1.0092572835917342,0,Calm/Bull,1.0
2017-03-16,dax,0.006085555556654,0.0064054569204457,0.0063573313610747,0.0091341948098046,1.3399155321290608,0.0017420426758467,0.0013672568025976,1.0075700882394836,0,Calm/Bull,0.9999
2017-03-17,dax,0.0009976291183836,0.0063979091340982,0.0063521118884945,0.0082371955781288,1.995254349403515,0.0021956865612148,0.0014180768512142,1.0072097668315156,2,Stress/Bear,0.9263
2017-03-20,dax,-0.0035066788614933,0.0063932657636002,0.0063750586084933,0.0040711641469854,1.1115895602726604,0.0010459666729221,0.0009433921532593,1.0028559980739111,0,Calm/Bull,1.0
2017-03-21,dax,-0.0075595107767414,0.0061272792094464,0.0064649695711173,0.0144472860763962,1.317587567101753,-0.0004452466518674,-2.2400487871956574e-05,0.9477661328555136,0,Calm/Bull,0.9991
2017-03-22,dax,-0.0048612479852699,0.0061861880197337,0.0065045025263894,0.00706310733572,1.0677442423518255,-0.0017688505896934,-0.0003952280666301,0.9510624363102024,0,Calm/Bull,0.9999
2017-03-23,dax,0.0113232669691735,0.0066393749106236,0.0066391847502371,0.0122088160308459,0.8400872443145744,-0.0007213083071895,0.0003829078514895,1.0000286421290705,0,Calm/Bull,0.9998
2017-03-24,dax,0.0020403172988168,0.0059570516919157,0.006636977732156,0.0059962058674682,0.921975340322546,-0.0005127706711028,0.0010903565521892,0.8975548709548785,0,Calm/Bull,0.9997
2017-03-27,dax,-0.0056690305989979,0.0061433260290468,0.0065738984719332,0.0066921329055022,0.848361643532318,-0.0009452410186038,0.0007280127006264,0.9345027239582856,0,Calm/Bull,0.9999
2017-03-28,dax,0.0127023033929044,0.0067024205006273,0.0067532190379047,0.0093461091490511,0.9043262688457444,0.0031071218153253,0.0013135011399227,0.9924778780323558,0,Calm/Bull,0.9999
2017-03-29,dax,0.0044003975584365,0.0052400687422173,0.0067683410221342,0.0043374323936736,0.987350148832104,0.0049594509240666,0.0005595794076441,0.7742028253424192,0,Calm/Bull,0.9953
2017-03-30,dax,0.0043688485926496,0.0052992019025515,0.006782463653022,0.004734680075445,0.8346655396507475,0.0035685672487619,0.0008096055111991,0.7813092960978013,0,Calm/Bull,0.998
2017-03-31,dax,0.0045943945832418,0.0052969367618823,0.0067988064917264,0.006750669534918,1.061315473009474,0.0040793827056469,0.0011730491281661,0.7790980326220792,0,Calm/Bull,0.9961
2017-04-03,dax,-0.0045315309586839,0.0052195551604919,0.0068166769466392,0.0096791801183822,0.8349785309312305,0.0043068826337097,0.0012339771196279,0.7657037587889901,0,Calm/Bull,0.9871
2017-04-04,dax,0.0020489102234384,0.0052206706328836,0.0068175143681011,0.0051619147028619,1.094054382763234,0.0021762039998165,0.0013040740127289,0.7657733230913124,0,Calm/Bull,0.9974
2017-04-05,dax,-0.0052898182440632,0.0054213300247479,0.0068394540514673,0.0066265353482493,0.8088293131043729,0.0002381608393165,0.0010346948712311,0.7926553762847345,0,Calm/Bull,0.9981
2017-04-06,dax,0.001092062833676,0.0054212813125754,0.006667734346997,0.0100941112614217,0.7231389928493611,-0.0004171963124781,0.0010430263262352,0.8130619833432652,0,Calm/Bull,0.9975
2017-04-07,dax,-0.0004767820036993,0.00540633653166,0.0065793333769899,0.006550405836628,0.7123938756977677,-0.0014314316298664,0.0010827167414731,0.8217149400831059,0,Calm/Bull,0.9989
2017-04-10,dax,-0.0020093728150577,0.0054418195906554,0.0065212266739996,0.0056374872612046,0.5679003552809543,-0.0009270000011411,0.0008701520717217,0.8344779077151465,0,Calm/Bull,0.9994
2017-04-11,dax,-0.0050263253515731,0.005597289885188,0.0065603670559276,0.0141276102524927,0.8259461849436801,-0.0023420471161434,0.0006240080117827,0.853197669805789,0,Calm/Bull,0.9925
2017-04-12,dax,0.0012637323216049,0.0055931224982897,0.0065364620798694,0.0098430768768479,0.7614026109824577,-0.0010313370030098,0.0005993560426699,0.8556804017138043,0,Calm/Bull,0.999
2017-04-13,dax,-0.0037669645590066,0.005517866336273,0.006561655542206,0.004769986425386,0.7733264511550587,-0.0020031424815463,0.0001067300368869,0.8409259371786334,0,Calm/Bull,0.999
2017-04-18,dax,-0.0090056261837898,0.0058746924133662,0.0066739059088072,0.0138102841440308,0.9662829355692468,-0.0037089113175645,-0.0003934327282217,0.8802480127287574,0,Calm/Bull,0.9961
2017-04-19,dax,0.0013332090524415,0.0058392770491732,0.0065953709084581,0.0031931324612378,0.9361922498195044,-0.0030403949440646,-0.0001514383325249,0.8853599183761972,0,Calm/Bull,0.999
2017-04-20,dax,0.0009041941175203,0.0055748451958068,0.0065786644546075,0.0090701703218648,0.9572210159857,-0.0018542910502459,0.0002717469121881,0.8474129109750191,0,Calm/Bull,0.9988
2017-04-21,dax,0.0017652518736774,0.0054492224245909,0.0061705381859276,0.006823212946038,1.2302148695701285,-0.0017539871398314,0.0006030719051354,0.8831032659385044,0,Calm/Bull,0.9995
2017-04-24,dax,0.0331745739355121,0.0088445423466665,0.007478132368281,0.0133930013564478,2.032075918967766,0.0056343205590723,0.0016956372534524,1.1827207531363362,2,Stress/Bear,1.0
2017-04-25,dax,0.0009677843937233,0.0088455939261714,0.007462035636276,0.0035124647811585,0.999867707093998,0.007629002674575,0.0016420106081977,1.1854129834450688,0,Calm/Bull,0.9997
2017-04-26,dax,0.000461892759816,0.0086836447894844,0.0072895941276222,0.0035212560582022,0.957375859734602,0.0074547394160499,0.0019485567761384,1.191238447224345,0,Calm/Bull,0.9998
2017-04-27,dax,-0.0023285512917186,0.0083479033209665,0.0070793050433374,0.0041217377423995,1.0999994346678217,0.0068081903342021,0.0011970140419072,1.179198137368443,0,Calm/Bull,0.9996
2017-04-28,dax,-0.0004646186037067,0.0083204827961198,0.0069727958526509,0.0038600019691403,1.1065365844751718,0.0063622162387252,0.0009537632338001,1.19327784319922,0,Calm/Bull,0.9996
2017-05-02,dax,0.0056033880849177,0.0083516725211496,0.0069788624670654,0.0062088882885738,0.9269736657926558,0.0008479790686063,0.0010154902084135,1.196709716026461,0,Calm/Bull,1.0
2017-05-03,dax,0.0015928793919658,0.008310844567833,0.0069782413616096,0.0043407230209467,0.8768105632730865,0.0009729980682548,0.0008654144488497,1.1909654792903306,0,Calm/Bull,1.0
2017-05-04,dax,0.0095283720183144,0.0084241769290763,0.0068317999714542,0.0085793525250346,1.1221271452362256,0.0027862939199545,0.0015684095976996,1.2330830768283108,0,Calm/Bull,0.9998
2017-05-05,dax,0.0054492761961772,0.0084685812581182,0.0068460488861551,0.0099796538114642,1.1508115604901574,0.0043418594175337,0.0017384278963365,1.237002744056402,0,Calm/Bull,0.9998
2017-05-08,dax,-0.0017582514006271,0.0083503149201847,0.0068543987891556,0.0080617150922682,1.0683965660185135,0.0040831328581496,0.0019150062385084,1.2182417710209354,0,Calm/Bull,0.9999
2017-05-09,dax,0.004289506689987,0.0083643266952883,0.0068023442085552,0.0062177238181035,1.178178701418371,0.0038203565791634,0.0020748784313239,1.2296241470357645,0,Calm/Bull,0.9998
2017-05-10,dax,0.0006539366721571,0.0083499808966558,0.006802836827288,0.0047352808815369,1.104753670715313,0.0036325680352017,0.0021314143651167,1.227426308854248,0,Calm/Bull,0.9998
2017-05-11,dax,-0.0036437486604472,0.0084004832843304,0.0067586455749768,0.0086845355280469,1.0317587674098312,0.0009981438994493,0.0020496955728473,1.242924072750956,0,Calm/Bull,0.9998
2017-05-12,dax,0.0046583414458195,0.0082488901690977,0.0067696713073142,0.0044336960594636,1.0804394266336443,0.0008399569493778,0.0025339289127169,1.2185067479103733,0,Calm/Bull,0.9996
2017-05-15,dax,0.0028642345171176,0.0082436808764532,0.0067721553805896,0.0080268199657338,0.8548966858816606,0.0017644541329268,0.0026139540224925,1.2172905689791649,0,Calm/Bull,0.9999
2017-05-16,dax,-0.000195986860814,0.0081361741468228,0.0067498038689461,0.0051263594679586,0.786832770869898,0.0008673554227665,0.0027925029074022,1.2053941573406246,0,Calm/Bull,0.9998
2017-05-17,dax,-0.0135966055824481,0.008541238778787,0.0070210890325537,0.0157889174518694,1.057331591317582,-0.0019827530281544,0.0025629539374692,1.216511959780737,0,Calm/Bull,0.9787
2017-05-18,dax,-0.0032948507349789,0.008638448611562,0.0070159881875025,0.0114621832809102,1.1768822194182391,-0.0019129734430608,0.0023315509480982,1.2312518751028605,0,Calm/Bull,0.9991
2017-05-19,dax,0.0038551985022289,0.0086379877861529,0.0068843776396646,0.0048921269548437,1.1423802150996611,-0.0020736020317789,0.0024791011673336,1.2547231192526147,0,Calm/Bull,0.996
2017-05-22,dax,-0.0015227142263654,0.0086834574621981,0.0068878124095419,0.0078608906894245,0.7171841086173898,-0.0029509917804755,0.0023147028623315,1.260698890429801,0,Calm/Bull,0.9985
2017-05-23,dax,0.0031402408401001,0.0047897535841098,0.0068613949704409,0.008721766693898,0.9103704997778488,-0.0022837462402926,0.0008129862075609,0.6980728561384734,0,Calm/Bull,0.9912
2017-05-24,dax,-0.0012868755425454,0.0048123980828748,0.0066509453066167,0.0035031633364871,0.7449853957623908,0.0001781997676878,0.0007002532107474,0.7235660287398786,0,Calm/Bull,0.9966
2017-05-25,dax,-0.0016743114134641,0.004841584689952,0.0066605963249601,0.0121925243416819,0.6105688810542405,0.0005023076319908,0.0005934430020834,0.7268995828209056,0,Calm/Bull,0.9798
2017-05-26,dax,-0.0015493276951692,0.0048199200693683,0.0066693047801316,0.00650526105665,0.7871997497829827,-0.0005785976074888,0.0006324041819109,0.7227020249137911,0,Calm/Bull,0.9958
2017-05-29,dax,0.0021220229123648,0.0048236365910085,0.0062174200512209,0.0043384476314457,0.4109233994117885,0.0001503498202572,0.0007617362577145,0.7758260743636526,0,Calm/Bull,0.9989
2017-05-30,dax,-0.0023997912194231,0.0047319354497098,0.0062283006827042,0.0064197110188257,0.8105206698049177,-0.0009576565916474,0.0003615772924974,0.7597474320483949,0,Calm/Bull,0.9961
2017-05-31,dax,0.0012992825022344,0.0047283686134455,0.0062126051227884,0.0100142276317344,1.4779469000398169,-0.0004404249826914,0.0003468974480109,0.7610927332402564,0,Calm/Bull,0.9939
2017-06-01,dax,0.0039446563816597,0.0043034712133082,0.0061653825841328,0.0044271370275824,0.959224122507964,0.0006833685763333,6.771166617818825e-05,0.6980055421675903,0,Calm/Bull,0.9881
2017-06-02,dax,0.0123998272385892,0.0049872561536632,0.0063396140670194,0.0112150228803647,0.9769154734940344,0.003473199563085,0.0004152392182987,0.7866813501484926,0,Calm/Bull,0.9683
2017-06-06,dax,-0.0104120407021483,0.0055314568388644,0.0065120990074391,0.0085704283821313,0.9101752199649296,0.0009663868401823,-1.745024677727129e-05,0.849412275910659,0,Calm/Bull,0.9975
2017-06-07,dax,-0.0013902264323432,0.0054438035678803,0.0065192703099313,0.0083567151101634,1.364061397552561,0.0011682997975983,-0.0003014369028937,0.8350326507534608,0,Calm/Bull,0.9978
2017-06-08,dax,0.0032371989147947,0.005498040277749,0.0065193513712256,0.0043772399499612,1.083381990281203,0.0015558830801104,-0.0001722737907619,0.84334160941466,0,Calm/Bull,0.9986
2017-06-09,dax,0.0080018013974914,0.0057231014623745,0.0065798662935095,0.0085441943438451,1.0112135320875069,0.0023673120832767,0.000410003712135,0.8697899329686771,0,Calm/Bull,0.9988
2017-06-12,dax,-0.0098235331056561,0.0060633262731529,0.0067282327664465,0.009167595164021,1.0576257552694248,-0.0020773599855723,-0.0003140900154387,0.9011766512286228,0,Calm/Bull,0.9992
2017-06-13,dax,0.0058565326744108,0.0061816440051961,0.0067573409161661,0.0048938364391102,0.8428553170456949,0.0011763546897395,-0.000164475107574,0.9148042228278368,0,Calm/Bull,0.9998
2017-06-14,dax,0.0032044012912789,0.0062273248998328,0.0067308922001336,0.0103443887054151,1.1584657450817153,0.0020952802344639,5.544300030562582e-06,0.9251856536506672,0,Calm/Bull,0.9994
2017-06-15,dax,-0.0089530522273626,0.0057627285828878,0.0068516618874948,0.014463606227349,1.3255148219156676,-0.0003427699939674,0.0002377219677848,0.84107019253322,0,Calm/Bull,0.9906
2017-06-16,dax,0.0047885333948954,0.0057853514357877,0.0068469280309567,0.0042939640070952,2.2763621643454752,-0.0009854235944867,0.0006418911742785,0.8449557830359361,2,Stress/Bear,1.0
2017-06-19,dax,0.0106249672032821,0.0061685983568716,0.0068667293482496,0.0061944411717128,0.8356547812785099,0.0031042764673009,0.0009803796093312,0.8983313662193527,0,Calm/Bull,0.9996
2017-06-20,dax,-0.0057703946081283,0.0063303190342531,0.00688141661048,0.0106736257886833,0.8445783382353539,0.0007788910107931,0.000767995590243,0.9199150978030214,0,Calm/Bull,0.9995
2017-06-21,dax,-0.0031677852550077,0.006362964825782,0.006774585548567,0.0074704671151902,0.7542085528538991,-0.0004955462984642,0.0004525942854876,0.9392404568760644,0,Calm/Bull,0.9999
2017-06-22,dax,0.0015441205993827,0.0063537144277649,0.0067735808151181,0.0069352424720572,0.7747962617524484,0.0016038882668848,0.000594144092584,0.9380141170802672,0,Calm/Bull,0.9999
2017-06-23,dax,-0.004747050888375,0.0064479063946526,0.0067592748218171,0.0086245031448701,0.8134672558178753,-0.0003032285897692,0.0004405071188385,0.9539346401244774,0,Calm/Bull,0.9999
2017-06-26,dax,0.0029344099947529,0.0064530260318775,0.0065879626987519,0.006934519508187,0.7316822009497804,-0.001841340031475,0.0006646940033346,0.9795176941575588,0,Calm/Bull,1.0
2017-06-27,dax,-0.0078462109052767,0.006714214163901,0.0066647780393899,0.0083852763179758,1.1051723909118836,-0.0022565032909047,0.0001662823124525,1.0074175200162587,0,Calm/Bull,1.0
2017-06-28,dax,-0.0018761146859216,0.00670469476211,0.0066541106536947,0.0106283748869954,1.0528448525394185,-0.0019981691770875,0.0001924661391276,1.0076019337591366,0,Calm/Bull,1.0
2017-06-29,dax,-0.0184400437772654,0.0078825892033701,0.0070669198429176,0.026823831880926,1.185871049091208,-0.0059950020524171,-0.0007945001748473,1.115420774337765,2,Stress/Bear,0.8789
2017-06-30,dax,-0.0073618350681662,0.0079301141019246,0.0071079529299975,0.011414933757222,1.0576744676392014,-0.0065179588883754,-0.0013598247473386,1.1156677850886385,0,Calm/Bull,0.9999
2017-07-03,dax,0.0121119908875063,0.0079040467149112,0.0072717442836033,0.0076598957143238,0.7895346427221633,-0.0046824427098247,-0.0013742165648927,1.0869533370052191,0,Calm/Bull,0.9996
2017-07-04,dax,-0.003065112709101,0.0076277993379006,0.0072486022603057,0.0056484092923305,0.6673204230909278,-0.0037262230705896,-0.0010068701652404,1.052313130721973,0,Calm/Bull,1.0
2017-07-05,dax,0.0013297925950996,0.007644833954683,0.0072491092292774,0.0072372090076288,0.872286006239128,-0.0030850416143853,-0.0008708692138682,1.0545894278716932,0,Calm/Bull,1.0
2017-07-06,dax,-0.0058329050064746,0.0076573269827664,0.0072917014322652,0.0140769339979808,1.176888794100215,-0.0005636138602271,-0.0013243744099317,1.0501426935671494,0,Calm/Bull,0.9998
2017-07-07,dax,0.000599895745894,0.0073557865656085,0.0072860097164283,0.0039366205665328,0.8327515982959379,0.0010287323025848,-0.0016944696925116,1.009576826259626,0,Calm/Bull,0.9998
2017-07-10,dax,0.0046097248706348,0.0072230973612124,0.0072738124620764,0.0061666795609944,0.7404893828664317,-0.0004717209007894,-0.000972806793697,0.9930277139906476,0,Calm/Bull,0.9999
2017-07-11,dax,-0.0007153809959909,0.0070433113560523,0.0072743889377009,0.0097555590244221,0.776601590209962,-1.7745581674186032e-06,-0.0013014024772171,0.9682340903644848,0,Calm/Bull,0.9997
2017-07-12,dax,0.0151266509479355,0.0078974617248146,0.0074972339786859,0.0142580391779556,1.0382274626891934,0.0027575971123997,-0.0007052899943843,1.0533833874288152,0,Calm/Bull,0.9986
2017-07-13,dax,0.0011674888492305,0.0076618967809768,0.0073883166344034,0.0049836527968696,0.8679205856777472,0.0041576758835407,-0.0001992629405546,1.0370287523005584,0,Calm/Bull,1.0
2017-07-14,dax,-0.0007605217494511,0.0075717128767865,0.0073910219580746,0.0067037338805049,0.8156374883988714,0.0038855923844717,-0.000476715697772,1.0244473524415016,0,Calm/Bull,0.9999
2017-07-17,dax,-0.0035338299631894,0.0071280058827195,0.0074124657605263,0.0089909018770057,0.6440050283592211,0.0022568814177068,-0.0011846555560955,0.9616241225259208,0,Calm/Bull,0.9996
2017-07-18,dax,-0.0125330067179325,0.007507295801346,0.0076068335726809,0.015144336205395,1.0493276258252675,-0.0001066437266814,-0.0015227861615858,0.9869146905366294,0,Calm/Bull,0.9958
2017-07-19,dax,0.0017409998534865,0.0075308900127618,0.0062878293532319,0.0045374055586198,0.9042735771422372,-0.0027837739455712,-0.001277346906161,1.197693129011359,0,Calm/Bull,0.9997
2017-07-20,dax,-0.0003855373271219,0.007505156998101,0.0062867118031482,0.014728482320392,1.22782171902991,-0.0030943791808417,-0.0013738298024863,1.193812796435589,0,Calm/Bull,0.9996
2017-07-21,dax,-0.016785571050286,0.0082370060323651,0.0066479419101245,0.0223226420737937,1.5149897376066803,-0.0062993890410086,-0.0019757558105818,1.2390309878942332,0,Calm/Bull,0.7055
2017-07-24,dax,-0.0025448385916191,0.0081558184522313,0.0066491113705312,0.0076861517369469,0.9735147293029393,-0.0061015907666946,-0.0022497182399004,1.2266027740756282,0,Calm/Bull,0.9991
2017-07-25,dax,0.0045240781123124,0.0081780917290234,0.0066783676683956,0.0073816037436498,0.8982853077335659,-0.0026901738006456,-0.001631203789021,1.224564464715678,0,Calm/Bull,0.9998
2017-07-26,dax,0.003321268380389,0.0082521412275289,0.0066509988001864,0.0069312697428731,0.9228944036689124,-0.0023741200952651,-0.0013713346357054,1.2407371397056417,0,Calm/Bull,0.9998
2017-07-27,dax,-0.0075922982963068,0.0073818224106636,0.0067127582523558,0.0096528392470001,1.1728004106471517,-0.0038154722891021,-0.0008289473616575,1.0996705278449328,0,Calm/Bull,0.9999
2017-07-28,dax,-0.0040484461098015,0.0072637251680884,0.0065994091009336,0.0070049592098665,1.0705442937473406,-0.0012680473010052,-0.0006632779137393,1.1006629619401638,0,Calm/Bull,1.0
2017-07-31,dax,-0.0036613266458411,0.0066325088092409,0.0065613540074412,0.0093197824046376,1.0205690687904718,-0.0014913449118496,-0.0014519437904066,1.0108445302172302,0,Calm/Bull,0.9999
2017-08-01,dax,0.0109186599802582,0.0071688856865428,0.0067319794107106,0.0171671972363242,1.0110456740471208,-0.0002124285382604,-0.0007527551559387,1.0649001206297648,0,Calm/Bull,0.999
2017-08-02,dax,-0.0057144367036172,0.0072339322424261,0.0067329047247673,0.0099708702278914,0.995391451464068,-0.0020195695550617,-0.0011049666208745,1.074414764227355,0,Calm/Bull,1.0
2017-08-03,dax,-0.0021992548350948,0.0071541288509782,0.006732831402205,0.0070318138538165,0.9350915601902352,-0.0009409608628193,-0.0009232841123055,1.0625735925357076,0,Calm/Bull,1.0
2017-08-04,dax,0.0116963078889149,0.0076887721967816,0.0069121396445029,0.0161265923203337,1.121009467420934,0.0022079899369239,-0.0003684635051545,1.1123577636190174,0,Calm/Bull,0.999
2017-08-07,dax,-0.0033027915929817,0.0076224207577965,0.0068868112212642,0.0089931419285682,0.7754907418687021,0.0022796969474958,-0.0007640893283353,1.1068142443430078,0,Calm/Bull,1.0
2017-08-08,dax,0.0028416305423847,0.0076649952542269,0.0068866144646981,0.0118271472311363,0.812531219211221,0.0006642910599211,-0.0005862387514165,1.113028076933724,0,Calm/Bull,1.0
2017-08-09,dax,-0.0112943623437666,0.0070679275742281,0.0070210216322193,0.0104820975861856,1.3359712844966374,-0.0004516940681087,-0.0019072894160016,1.0066807858550864,0,Calm/Bull,0.9992
2017-08-10,dax,-0.0115607429863085,0.0073441380629541,0.0069631503850198,0.0137494032786288,1.0957134164916582,-0.0023239916983514,-0.0025437010077786,1.0547148426887276,0,Calm/Bull,0.9996
2017-08-11,dax,-1.999590327904918e-05,0.0073554593191853,0.0069563743278369,0.0093198910748856,1.0376686692970891,-0.0046672524567902,-0.00250667471547,1.0573696831913464,0,Calm/Bull,0.9999
2017-08-14,dax,0.0124952553613128,0.0080756591174257,0.0071409410225932,0.008091139795729,0.8732399256359504,-0.0015076430659313,-0.0017052204492449,1.1308956469287743,0,Calm/Bull,0.9998
2017-08-15,dax,0.0009793644238013,0.0076775337501288,0.0071429834943241,0.0063865710386534,0.687982636369594,-0.0018800962896479,-0.0010296018921582,1.074835712028381,0,Calm/Bull,1.0
2017-08-16,dax,0.0071045400370959,0.0078706504042423,0.0071962536604897,0.0049389271211232,0.7421608515538861,0.0017996841865245,-0.0007614248829777,1.093714976648931,0,Calm/Bull,1.0
2017-08-17,dax,-0.0049372397588723,0.0079248305862746,0.0072181692313358,0.0086680559264418,0.8658508938523252,0.0031243848320117,-0.0009890100045652,1.0979003584276037,0,Calm/Bull,1.0
2017-08-18,dax,-0.0031408848744422,0.0070301838268415,0.0072243852197607,0.0080023087133458,1.0531351403139764,0.0025002070377791,-0.000306775695773,0.9731186271202686,0,Calm/Bull,0.9998
2017-08-21,dax,-0.0081878593448839,0.0072349901900123,0.0072894940237859,0.0105983744664553,0.8474450056164966,-0.0016364159034602,-0.0005889267334363,0.9925229606340746,0,Calm/Bull,0.9998
2017-08-22,dax,0.0134471991404268,0.0078184851288539,0.0075078114943894,0.0090470663053855,0.8116066624291008,0.0008571510398648,-0.0001427706820306,1.041380052588786,0,Calm/Bull,0.9999
2017-08-23,dax,-0.0045108134018011,0.0078319811294048,0.0075216279749436,0.0093787477991988,0.7872622118126443,-0.0014659196479145,-0.0005343747711401,1.0412614337607564,0,Calm/Bull,1.0
2017-08-24,dax,0.0005362544667521,0.0076553625298065,0.0075190566762663,0.0069954149586672,0.7916246517156836,-0.0003712208027896,-0.0001279471329871,1.018128052415204,0,Calm/Bull,1.0
2017-08-25,dax,-0.001058751581516,0.0076037944295772,0.0074956914511095,0.0096105360116809,0.7397481726408306,4.5205855795546955e-05,2.1537593427108343e-05,1.0144220155235617,0,Calm/Bull,1.0
2017-08-28,dax,-0.003661438551374,0.0076037972822994,0.0073055090228086,0.0090048413809958,0.4630317061526538,0.0009504900144975,2.1531998150463393e-05,1.0408305921681176,0,Calm/Bull,1.0
2017-08-29,dax,-0.0147567814936975,0.0078312016479175,0.0074216484413502,0.0136850922957305,1.2926928181464994,-0.0046903061123273,-0.0012622400755473,1.0551835902500268,0,Calm/Bull,0.9995
2017-08-30,dax,0.0047259999124122,0.0078666969369491,0.0074582130287604,0.0042666186296781,0.7707073279600953,-0.0028429434494846,-0.0007402182447458,1.054769675606416,0,Calm/Bull,0.9999
2017-08-31,dax,0.0044367377166818,0.007941509065979,0.0074711022542656,0.0067494358121955,1.0544903179184328,-0.0020628467994987,-0.000408418617157,1.0629635086904132,0,Calm/Bull,0.9999
2017-09-01,dax,0.0071740190939747,0.0076372706674662,0.0074551600826172,0.00872305375966,1.0052144767912414,-0.0004162926644005,-0.000634533056904,1.02442745465301,0,Calm/Bull,0.9999
2017-09-04,dax,-0.0033351186438678,0.0076378684969589,0.0073700873216707,0.0072614739866645,0.6065825309595128,-0.0003510286828993,-0.0006361494094483,1.0363335145977055,0,Calm/Bull,1.0
2017-09-05,dax,0.0017749588633943,0.0076159986339229,0.0073263972657876,0.0090723247858442,0.913538777935322,0.002955319388519,-0.0006894829933978,1.0395284827766027,0,Calm/Bull,0.9999
2017-09-06,dax,0.0074640123932045,0.0073930531350338,0.0073868286010488,0.0158761542599915,1.1813797888427755,0.0035029218846775,0.0002484357434507,1.0008426530952728,0,Calm/Bull,0.9962
2017-09-07,dax,0.0066981829859044,0.0069734857885853,0.0073699373785943,0.0079769696807012,1.3342887592582993,0.003955210938522,0.0011613820420613,0.9462069255621588,0,Calm/Bull,0.9994
2017-09-08,dax,0.0005975938036663,0.0069693453188877,0.0073384962415149,0.0061996419476801,0.8931639296815451,0.0026399258804603,0.0011922615274086,0.9496966530365032,0,Calm/Bull,0.9999
2017-09-11,dax,0.013823073344944,0.0070880005785722,0.0074324002961357,0.0080511037253008,1.1182843878384936,0.0060715642782227,0.0012586524265901,0.9536623831008548,0,Calm/Bull,0.9985
2017-09-12,dax,0.003962347386338,0.007113154408389,0.0074225972347012,0.0036280451767294,1.216673716216854,0.0065090419828114,0.001407801574717,0.9583107076232674,0,Calm/Bull,0.9994
2017-09-13,dax,0.0022968660677867,0.0069906865381864,0.0074213559227868,0.006101818643476,1.129998230408207,0.0054756127177279,0.0011674178762515,0.9419689085011922,0,Calm/Bull,0.9995
2017-09-14,dax,-0.0010456768678354,0.0068648532688191,0.0074180355429005,0.0041952522232547,1.167277516386671,0.0039268407469799,0.0013619960208033,0.9254273896529376,0,Calm/Bull,0.9995
2017-09-15,dax,-0.0017271563950431,0.0068231995601955,0.0073978001430313,0.0043461943711107,2.5148920915230177,0.003461890707238,0.0014326824447733,0.9223281824696172,2,Stress/Bear,1.0
2017-09-18,dax,0.0032362860817191,0.0064430198842299,0.0074001278847438,0.0060902050142234,0.7700945681081759,0.001344533254593,0.0020038897161035,0.8706633161722683,0,Calm/Bull,0.9995
2017-09-19,dax,0.0001911049291606,0.0058592628230373,0.0073332552476622,0.0030489129788351,0.9746828477991174,0.0005902847631575,0.0013410850055401,0.7989988927366486,0,Calm/Bull,0.9982
2017-09-20,dax,0.0005873140569325,0.0057000100011591,0.0073302903467399,0.0059693896974787,1.3031009257419517,0.0002483743609867,0.0015959913784768,0.777596756954403,0,Calm/Bull,0.9976
2017-09-21,dax,0.0024522326325648,0.0056973619213748,0.0069297607887133,0.0031142968328991,1.261207162074961,0.0009479562610668,0.0016917902867675,0.8221585268360578,0,Calm/Bull,0.9983
2017-09-22,dax,-0.0006097609147056,0.0056868282813625,0.0068585969738454,0.0061751593655808,0.9454774388442848,0.0011714353571342,0.001714239820108,0.8291532952072608,0,Calm/Bull,0.999
2017-09-25,dax,0.0001953345296126,0.0055588986154981,0.0066827278681914,0.0054164952778089,0.9466037240259888,0.0005632450467129,0.0019070784741573,0.8318307620990331,0,Calm/Bull,0.999
2017-09-26,dax,0.0008246525049382,0.0039634785705715,0.0066697764268723,0.0061926482009804,0.8943120277000176,0.0006899545618685,0.0026861501740891,0.594244591858106,0,Calm/Bull,0.9861
2017-09-27,dax,0.004133384044186,0.0039496170663794,0.0066874537491891,0.0047119137535849,0.9613217527729472,0.0013991685593192,0.0026565193806778,0.5906010291074304,0,Calm/Bull,0.9892
2017-09-28,dax,0.0037252721575709,0.0039359194101576,0.0066533571592669,0.0033586065387904,1.019833310272857,0.0016537764643204,0.0026209461027223,0.5915689351917058,0,Calm/Bull,0.9896
2017-09-29,dax,0.0097292489060303,0.0041282646129239,0.0067608358896487,0.0083000723238078,1.2361053960766348,0.0037215784284676,0.002748707593325,0.6106145275977797,0,Calm/Bull,0.9645
2017-10-02,dax,0.0057353990659505,0.0039175883778307,0.0067737520156413,0.0041123757730856,0.8420127479140006,0.0048295913357352,0.003202233478816,0.5783483612604337,0,Calm/Bull,0.9887
2017-10-04,dax,0.0052463070043262,0.0039279101589459,0.0067978023833347,0.0063598249997816,1.2977415011219515,0.0057139222356128,0.0033758008858626,0.5778205863376467,0,Calm/Bull,0.9669
2017-10-05,dax,-0.0001904288966732,0.0038812374863148,0.0065291421243697,0.0027637787371501,0.8867045465900533,0.0048491596474409,0.0029930788213687,0.5944483076617824,0,Calm/Bull,0.9845
2017-10-06,dax,-0.0009342216048722,0.0038729785617407,0.0065308364670157,0.004042924023676,0.8343002517843651,0.0039172608949523,0.0026114585918298,0.593029481185353,0,Calm/Bull,0.9869
2017-10-09,dax,0.0015779497365534,0.0038522975382131,0.0065307121350832,0.004091261224365,0.695638291812043,0.0022870010610569,0.0026604763884742,0.5898740380116289,0,Calm/Bull,0.9898
2017-10-10,dax,-0.0020944817307431,0.0029673784111043,0.0065184673688479,0.0054960651678668,0.750654774555376,0.0007210249017182,0.0018645986346898,0.4552263965124101,0,Calm/Bull,0.9898
2017-10-11,dax,0.0016535301322996,0.0029260969719074,0.0062920812557029,0.0039381188461716,0.8441755312894219,2.4695273129019328e-06,0.0017491577719879,0.4650443713286915,0,Calm/Bull,0.9797
2017-10-12,dax,0.0009409081024852,0.0029284464926133,0.0062907049864886,0.0044111544348597,0.8630720094136911,0.0002287369271446,0.0016813598737228,0.4655196037492115,0,Calm/Bull,0.9804
2017-10-13,dax,0.0006914765864138,0.0028684530285999,0.0062891035898449,0.0055719942046088,0.7989627596867269,0.0005538765654018,0.0017682175464353,0.4560988680853671,0,Calm/Bull,0.9785
2017-10-16,dax,0.0009101611389517,0.0027577954810175,0.0058544644988246,0.0020048380159823,0.6969571370927149,0.0004203188458814,0.001900083423135,0.4710585368774939,0,Calm/Bull,0.8843
2017-10-17,dax,-0.0006646951928497,0.0027960032701422,0.0058401363410908,0.0051612162404567,0.8639650443686734,0.0007062761534601,0.0017050343594066,0.4787565061571787,0,Calm/Bull,0.8719
2017-10-18,dax,0.0036846602563082,0.0028055559668272,0.0058326492495886,0.0069646272258524,0.8130503922475585,0.0011125021782618,0.001879712125764,0.4810088600862044,0,Calm/Bull,0.8161
2017-10-19,dax,-0.0040664136227925,0.0030963051066891,0.0058612819762938,0.0100876854683953,1.0332223902237594,0.0001110378332063,0.0016470257417777,0.5282641441261946,0,Calm/Bull,0.7447
2017-10-20,dax,9.088540090152604e-05,0.0031089803502501,0.0057555137479196,0.0082478699843066,1.062216854002889,-9.08040389614665e-06,0.0015289583801946,0.5401742548827815,0,Calm/Bull,0.8143
2017-10-23,dax,0.0009124555084099,0.0030722828472205,0.0057168115628954,0.0073805792846754,0.7896208508920538,-8.621530004518916e-06,0.0016050692013503,0.5374119495491058,0,Calm/Bull,0.7866
2017-10-24,dax,0.0007726517706254,0.0030610319737976,0.0056825970523641,0.005553634844813,1.238092278229685,0.0002788478626905,0.001633935063401,0.5386677861531938,0,Calm/Bull,0.8486
2017-10-25,dax,-0.0046044054826639,0.0033624602453156,0.0055845697214006,0.0091288702027971,1.1978384680863516,-0.0013789652851039,0.0013624821640209,0.6020983554794443,0,Calm/Bull,0.791
2017-10-26,dax,0.0137904015254463,0.0043342517245173,0.0057563603359043,0.0155193758342486,1.399509019729056,0.0021923977445438,0.0018453330380839,0.7529500364115862,1,Transition,0.6223
2017-10-27,dax,0.0063952508351186,0.0044351476791292,0.005775875999034,0.0047270875340909,1.3021421144639145,0.0034532708313872,0.0019788319719613,0.7678744626565687,0,Calm/Bull,0.9916
2017-10-30,dax,0.0009097609612039,0.0040453023149776,0.005615518681489,0.0030825092935156,0.9141999356477084,0.003452731921946,0.0015378575747199,0.720379103770516,0,Calm/Bull,0.9879
2017-11-01,dax,0.0176770847851072,0.0053638657164539,0.005971208424432,0.0109383188327934,1.545681864282821,0.0068336185248424,0.0021349418606778,0.8982881412256428,0,Calm/Bull,0.946
2017-11-02,dax,-0.0018270782357226,0.0053810849243991,0.0059847211635135,0.0040882733999868,1.181439474182134,0.0073890839742307,0.0017812725986753,0.8991371155611138,0,Calm/Bull,0.9988
2017-11-03,dax,0.0028180523777784,0.0053650927389492,0.005746367299514,0.0055486915890355,1.0915169083744385,0.0051946141446971,0.0019316966623979,0.9336494622268504,0,Calm/Bull,0.9999
2017-11-06,dax,-0.0007473982200896,0.0053600004839887,0.0054863302630634,0.0029379263011181,1.1091090652582594,0.0037660843336554,0.0019410378316371,0.9769737195871634,0,Calm/Bull,1.0
2017-11-07,dax,-0.0066687009046307,0.005696064682055,0.00559198939425,0.0116381511392537,1.051250763663663,0.0022503919604885,0.0015287052995778,1.0186114959216503,0,Calm/Bull,0.9999
2017-11-08,dax,0.0002354403405711,0.0056416287660079,0.0054155348075471,0.0055788997896756,1.2292501974612315,-0.0012379369284186,0.0016452014031436,1.041749146944045,0,Calm/Bull,1.0
2017-11-09,dax,-0.0150471881676652,0.0067645423393826,0.0058258320100255,0.0172068312618004,1.6129154081142898,-0.0038819589148072,0.0008101654881453,1.161128973122076,0,Calm/Bull,0.8422
2017-11-10,dax,-0.004187750886839,0.0068559177107441,0.0058182669496666,0.0080228207058359,1.2856208073637745,-0.0052831195677307,0.0005537325386791,1.178343615041069,0,Calm/Bull,0.9982
2017-11-13,dax,-0.004049316891817,0.0069324328530168,0.0058036735402806,0.0155486851636432,1.1185846283535334,-0.0059435033020761,0.0003166928647675,1.194490490359592,0,Calm/Bull,0.9981
2017-11-14,dax,-0.0031361761051484,0.006973126374448,0.0058036145795754,0.0106739823609328,0.9833681228370654,-0.0052369983421797,0.0001143760025625,1.2015143801913408,0,Calm/Bull,0.9997
2017-11-15,dax,-0.0043914472444937,0.0070444692542594,0.0057201896834593,0.0114238599112283,1.3738872497701595,-0.0061623758591927,-7.196160001961373e-05,1.2315097302855935,0,Calm/Bull,0.9929
2017-11-16,dax,0.0054450431204147,0.0071046188843017,0.0055198717742216,0.0048991968999621,1.0203905570508534,-0.0020639296015767,1.605754318571022e-05,1.2870985368683658,0,Calm/Bull,0.9975
2017-11-17,dax,-0.00410809380126,0.007105885429333,0.0055132004056041,0.0080846532056475,1.0192015897477311,-0.0020479981844609,1.3973534262335435e-05,1.2888857481236984,0,Calm/Bull,0.9991
2017-11-20,dax,0.0049845576838201,0.0071924007297663,0.0055355508646251,0.0121788940947652,0.908777690768626,-0.0002412232693334,0.0002586571484082,1.2993107471433785,0,Calm/Bull,0.9978
2017-11-21,dax,0.0083031859394142,0.0074142032373571,0.0056034829813452,0.0138401124154071,0.9908062722106068,0.002046649139579,0.0006281936699584,1.323141921201508,0,Calm/Bull,0.9892
2017-11-22,dax,-0.0116490982997734,0.0079054738513677,0.005814644169869,0.0140599056035006,0.7964182155615716,0.0005951189285231,7.1061664385444095e-06,1.3595799881157342,0,Calm/Bull,0.9592
2017-11-23,dax,-0.0004987962497512,0.0078323919707461,0.0054308708380461,0.009834277411453,0.6940730656100553,-0.00059364894551,0.0002123866280841,1.442198167534397,0,Calm/Bull,0.9376
2017-11-24,dax,0.003935042090272,0.007219200223024,0.0054236660270559,0.0137160857220025,0.6578636647548981,0.0010149782327963,-0.0002803813436745,1.3310554497661005,0,Calm/Bull,0.9191
2017-11-27,dax,-0.0045771036781484,0.0071011426619312,0.0054630219156388,0.009875974716435,0.6722620244651606,-0.0008973540395973,-0.0008289990693378,1.299856154997843,0,Calm/Bull,0.9957
2017-11-28,dax,0.004553399407247,0.0071942280843287,0.0054252582314549,0.008011764636383,0.6952916180306664,-0.0016473113460307,-0.0006468171470357,1.3260618716022683,0,Calm/Bull,0.9943
2017-11-29,dax,0.0001791514789611,0.0057719348006246,0.0053942028800529,0.012158331498491,0.9975573467514424,0.0007183386097161,-0.001521713812343,1.0700255309210758,0,Calm/Bull,0.9999
2017-11-30,dax,-0.0029049982448234,0.0057799632503081,0.0054205755078615,0.0117928496682351,1.3246854928563705,0.0002370982107017,-0.001575609812798,1.0663006616041746,0,Calm/Bull,0.9997
2017-12-01,dax,-0.0125547161613841,0.0061736790040848,0.0056397552478283,0.0197613302672115,1.185469592747856,-0.0030608534396295,-0.0023442482397561,1.0946714410101452,0,Calm/Bull,0.9881
2017-12-04,dax,0.0152054832316847,0.0073157737291551,0.005890386880337,0.0109835846740435,0.8911965548474045,0.000895663942337,-0.0015466041671674,1.2419852681623045,0,Calm/Bull,0.9954
2017-12-05,dax,-0.0007668235851181,0.007216650830002,0.0058946066495966,0.0102532573500163,0.8476860369796174,-0.0001683806561359,-0.0012515103011918,1.2242803055392872,0,Calm/Bull,0.9998
2017-12-06,dax,-0.0038153911495669,0.0072295553326414,0.0056790955798802,0.0130065596249427,0.8897594632647191,-0.0009672891818416,-0.0014540518756987,1.273011737688325,0,Calm/Bull,0.9985
2017-12-07,dax,0.0035555851657639,0.0065537570024546,0.0056753588228435,0.0072118814507965,0.8319853882168993,0.0003248275002758,-0.0005239132090272,1.1547740340356023,0,Calm/Bull,1.0
2017-12-08,dax,0.0082866555916157,0.006776525896564,0.0057564105615458,0.0079171371470524,1.139378403936674,0.0044931018508758,9.980711489545e-05,1.1772137904535211,0,Calm/Bull,0.9996
2017-12-11,dax,-0.0022871269071292,0.0067310424610416,0.0057653020473186,0.0060653558275114,0.795863931292473,0.000994579823113,0.0001879166141298,1.1675090751181376,0,Calm/Bull,1.0
2017-12-12,dax,0.0045523681910241,0.0067507304833803,0.0057764171129514,0.0078863342675353,0.8587150929360184,0.0020584181783415,0.0005723438289384,1.16867088220556,0,Calm/Bull,1.0
2017-12-13,dax,-0.0044008015914439,0.0067510928094017,0.0058072785070478,0.0051555523149727,1.347151600746641,0.0019413360899661,0.0005718761115909,1.1625226517392655,0,Calm/Bull,0.9988
2017-12-14,dax,-0.0043949208865212,0.0067357955785475,0.005844618151347,0.0112878664123295,1.3578455943605348,0.0003512348795091,7.98779112441693e-05,1.1524782978328667,0,Calm/Bull,0.9996
2017-12-15,dax,0.0027112946990398,0.0066850498707508,0.0058506085735966,0.0077123753870254,1.960945085285942,-0.000763837299006,0.0004208473362591,1.142624700773867,2,Stress/Bear,0.9798
2017-12-18,dax,0.0158044889892935,0.0074660049784052,0.0061641570580306,0.0094521667909471,0.9983330347029152,0.0028544858802784,0.0009618439015328,1.2111964228228944,0,Calm/Bull,0.9994
2017-12-19,dax,-0.0072760754334162,0.0074724607347656,0.0062515910910226,0.009512842303858,0.7988729934508451,0.0004887971553903,0.0001828808328913,1.1952894272781576,0,Calm/Bull,0.9999
2017-12-20,dax,-0.0111563143438797,0.0074320968015317,0.0064393170203019,0.017335421581235,0.8635326651919022,-0.0008623053950967,0.0002075200306859,1.1541747017734518,0,Calm/Bull,0.9968
2017-12-21,dax,0.0030994678339743,0.0074576075557906,0.0064472571971613,0.0094647243886381,0.760486052535213,0.0006365723490023,0.0003874332348722,1.1567101059771865,0,Calm/Bull,1.0
2017-12-22,dax,-0.0028225094715523,0.0074414814494923,0.0064461726844603,0.003724488267578,0.5749824819480335,-0.000470188485116,4.955565678104732e-05,1.154403056472773,0,Calm/Bull,0.9999
2017-12-27,dax,-0.000211951803835,0.0073622327816963,0.0064332058167924,0.0082869460612536,0.4910039303283699,-0.0036734766437418,0.0002678132504967,1.144411198920276,0,Calm/Bull,0.9998
2017-12-28,dax,-0.0069159001192425,0.0074569261573104,0.0063859844980224,0.0080216174913529,0.4803058046723077,-0.003601441580907,-0.0003056517258277,1.1677018883493373,0,Calm/Bull,0.9996
2017-12-29,dax,-0.004811329957847,0.0075230525143181,0.0063760452673643,0.0053422891103288,0.4831120383504521,-0.0023324447037005,-0.0005551757976681,1.179893209482807,0,Calm/Bull,0.9997
2018-01-02,dax,-0.0035868003445925,0.0075357949417772,0.006355254198132,0.0139075710171458,1.0089220269285295,-0.0036696983394139,-0.0005892659026566,1.1857582256886208,0,Calm/Bull,0.9999
2018-01-03,dax,0.0082648027173441,0.0072275999350526,0.0064469248834013,0.0100584009239645,1.011922915202045,-0.0014522359016346,0.0004517100412797,1.1210926241224477,0,Calm/Bull,1.0
2018-01-04,dax,0.0145094693289236,0.0071541241939622,0.0067113377672115,0.0110632524565002,1.1965029511057166,0.0014920483249171,0.0004169093461417,1.0659758817256852,0,Calm/Bull,0.9998
2018-01-05,dax,0.0114583477087781,0.0075585008381124,0.0068634548433248,0.0085354751424027,1.3067100615223546,0.0051668978905212,0.0010281679108365,1.1012676575651292,0,Calm/Bull,0.9996
2018-01-08,dax,0.0036077430757027,0.0074900873477038,0.0068673119716035,0.0055102758081958,1.096364358559924,0.0068507124972312,0.0013993246221,1.0906869206867982,0,Calm/Bull,0.9999
2018-01-09,dax,0.0013313891195954,0.0074728792603167,0.0068665446939606,0.0047663050662865,1.0822158553032006,0.0078343503900688,0.0012881148197916,1.0883027189627736,0,Calm/Bull,0.9998
2018-01-10,dax,-0.0078187127132906,0.0075464183024544,0.0069501600311347,0.0113173499120447,1.3615105011824622,0.0046176473039418,0.0004828464045462,1.0857905816051108,0,Calm/Bull,0.9989
2018-01-11,dax,-0.0059234987892125,0.0076596258713352,0.006997421542813,0.011119567862471,1.224043917881894,0.0005310536803146,0.0003010278104421,1.094635477435581,0,Calm/Bull,1.0
2018-01-12,dax,0.0031858763531868,0.0076257272038858,0.0070071191636485,0.0073333077242783,0.9668432729336564,-0.0011234405908036,0.0002327032185502,1.0882827915138773,0,Calm/Bull,1.0
2018-01-15,dax,-0.0033669609170657,0.0075961117689166,0.0070221353068808,0.0058073633224095,0.6638012363349525,-0.0025183813893573,0.0002843952522691,1.0817381660922127,0,Calm/Bull,1.0
2018-01-16,dax,0.0034650913770569,0.0075444270292152,0.0070203781008277,0.0116658933097772,0.9967706626821368,-0.002091640937865,0.000677395865448,1.0746468239831273,0,Calm/Bull,1.0
2018-01-17,dax,-0.0047196026126071,0.0076215730561277,0.007027699896777,0.0086416118070794,1.0841260651805704,-0.0014718189177283,0.0003058509998657,1.0845046271288628,0,Calm/Bull,1.0
2018-01-18,dax,0.0073658592258832,0.0069196689689526,0.0070874664659364,0.0069232151565008,1.1053055631230506,0.0011860526852908,-0.0001160804883048,0.976324756132504,0,Calm/Bull,0.9998
2018-01-19,dax,0.011455522473826,0.0071629433219984,0.0072304439180719,0.0112144638641459,1.3058615927166417,0.0028399819094186,0.0008204994070573,0.9906643911717844,0,Calm/Bull,0.9993
2018-01-22,dax,0.0021741462579627,0.0065868713794884,0.0072334587370582,0.0043888296495369,1.1400450643182514,0.0039482033444243,0.0014870224371494,0.9106115924519992,0,Calm/Bull,0.9995
2018-01-23,dax,0.00709829056736,0.0066981436451778,0.0072494059399609,0.0058320363729858,1.1448858931806003,0.0046748431824849,0.0016869635738187,0.9239575905462312,0,Calm/Bull,0.9995
2018-01-24,dax,-0.0107406348724625,0.0071943415559113,0.0071937283753851,0.0120836935000517,1.2035926724648671,0.0034706367305138,0.0012910573037732,1.0000852382094771,0,Calm/Bull,0.9989
2018-01-25,dax,-0.0087133740811478,0.0075310877104954,0.0072429184450057,0.0166103654255425,1.1708944472957536,0.0002547900691076,0.0008659861899075,1.039786346854196,0,Calm/Bull,0.999
2018-01-26,dax,0.0031390323876204,0.0073168236603728,0.0072528454167999,0.0060254749261621,0.8218654276812573,-0.0014085079481334,0.0013687328152507,1.0088211232828337,0,Calm/Bull,1.0
2018-01-29,dax,-0.0011767980982904,0.0071994455989892,0.0068788984695479,0.0071432194090588,0.8376692215901171,-0.002078696819384,0.0015504594082285,1.046598613260591,0,Calm/Bull,1.0
2018-01-30,dax,-0.0095596533459921,0.0075396067910804,0.006982027585377,0.0104525857683495,1.2051239854080331,-0.0054102856020545,0.0012518167581585,1.0798592097904656,0,Calm/Bull,0.9997
2018-01-31,dax,-0.0006237490479515,0.0073643994221243,0.0069700679765683,0.0082687522934203,1.154252163219888,-0.0033869084371523,0.0008073891698937,1.0565749784480871,0,Calm/Bull,1.0
2018-02-01,dax,-0.0141702351762585,0.0073481438972812,0.0071944571110917,0.0253485395082034,1.2540222721440426,-0.0044782806561744,-0.0006265960553653,1.0213618322850937,0,Calm/Bull,0.6323
2018-02-02,dax,-0.0169642069579333,0.0076309230299795,0.0074598860512027,0.0134937325103169,1.4171322350294355,-0.0084989285252852,-0.0020477237887009,1.0229275591614753,0,Calm/Bull,0.9932
2018-02-05,dax,-0.0076686484543896,0.0076076186807628,0.0075116727786323,0.0102588594972748,1.1353924667404045,-0.009797298596505,-0.0026115433652055,1.012772907574386,0,Calm/Bull,0.9956
2018-02-06,dax,-0.0235121126248614,0.0088557696854042,0.007853801031295,0.0256038494307839,1.9352506557646283,-0.0125877904522789,-0.0038537184524283,1.1275775449513838,2,Stress/Bear,0.9999
2018-02-07,dax,0.0158326022707118,0.0098245912913507,0.0081375240074923,0.0187793773172207,1.4274755401117334,-0.0092965201885462,-0.0026711527032282,1.2073194846866286,2,Stress/Bear,0.874
2018-02-08,dax,-0.026571389168848,0.0111762343389719,0.008788251011292,0.0288631113994884,1.4039726767075746,-0.0117767509870641,-0.00370354722221,1.2717245245511952,2,Stress/Bear,0.9976
2018-02-09,dax,-0.012542105433337,0.0112192117874208,0.0089087699376204,0.024184993458654,1.541151038769596,-0.0108923306821448,-0.0044899463115362,1.2593446531876191,2,Stress/Bear,0.8143
2018-02-12,dax,0.0143739470103169,0.0119876953007453,0.0091226671761487,0.0127675042750753,1.0244188717189229,-0.0064838115892035,-0.003602900915167,1.314055973902806,0,Calm/Bull,0.9062
2018-02-13,dax,-0.0070484038173938,0.0118915720486863,0.0091176061871736,0.0085606654573033,0.8044046851691481,-0.00319106982771,-0.0041285756748896,1.304242780897357,0,Calm/Bull,0.9936
2018-02-14,dax,0.0116289321765525,0.0123998434653795,0.0092556088220019,0.0258121295101817,1.0917103328249491,-0.0040318038465419,-0.0033111489354316,1.3397112717105382,2,Stress/Bear,0.5817
2018-02-15,dax,0.0005679296806019,0.0121830434290318,0.0092258418379068,0.0165986446644399,0.9262541803944414,0.001396059923348,-0.0036510454126957,1.3205346073650002,0,Calm/Bull,0.9973
2018-02-16,dax,0.0085321499107586,0.0120085472768403,0.0092297743299728,0.0092684329705562,0.8639007305491794,0.0056109109921672,-0.003797214040849,1.3010661851009404,0,Calm/Bull,0.9722
2018-02-19,dax,-0.0053435611721082,0.0119291928426907,0.009141142998126,0.0115965223600303,0.5612331848945351,0.0016674093556822,-0.0041730994123526,1.3050001345713842,0,Calm/Bull,0.9826
2018-02-20,dax,0.0082257308442984,0.0119877797410169,0.0092155272515357,0.0129973466503904,0.7338512687688705,0.0047222362880206,-0.0041167273985057,1.3008240780818263,0,Calm/Bull,0.9597
2018-02-21,dax,-0.0013951347533193,0.0118977981088552,0.0091959475400491,0.0081881585762388,0.7088766691248737,0.0021174229020462,-0.0036494523925485,1.2938088279689834,0,Calm/Bull,0.9965
2018-02-22,dax,-0.000688267341233,0.0118532686899193,0.0091823515327344,0.0171731109389894,0.8863593966003731,0.0018661834976792,-0.0032481970555528,1.2908750713434705,0,Calm/Bull,0.9971
2018-02-23,dax,0.001754201185131,0.0118179858342646,0.0091622721619413,0.0065188442418414,0.8254509628526204,0.0005105937525537,-0.0033174386156772,1.2898531745602029,0,Calm/Bull,0.9978
2018-02-26,dax,0.0034585052135625,0.0119072904812918,0.0091776858380975,0.009329427927353,0.6601833190545002,0.0022710070296879,-0.0030856734500846,1.2974175289225407,0,Calm/Bull,0.9989
2018-02-27,dax,-0.0029027043633322,0.0118094366348486,0.0091776764882859,0.0113227715427721,0.7658247286855794,4.5319988161764394e-05,-0.0027528260009516,1.2867566916225222,0,Calm/Bull,0.9997
2018-02-28,dax,-0.0044034077584076,0.0118038134771987,0.0090587308643107,0.0079576357101405,0.8021894769391988,-0.0005563346128558,-0.0029418089364744,1.3030316999153888,0,Calm/Bull,0.9993
2018-03-01,dax,-0.0198903108025327,0.0121542897688288,0.0091559873550959,0.0200755828302635,0.9803387833920209,-0.0043967433051158,-0.0032278127177881,1.3274690426548104,0,Calm/Bull,0.9584
2018-03-02,dax,-0.0230032536336737,0.0125810309768482,0.0095805738870334,0.0171013257031622,1.0481959890761443,-0.0093482342688767,-0.0035297650515751,1.3131813527241465,0,Calm/Bull,0.6777
2018-03-05,dax,0.0147607975075177,0.0131781813076447,0.0098026011887461,0.0230917391423393,0.9579952490074646,-0.0070877758100857,-0.0024082927534797,1.344355549501892,2,Stress/Bear,0.8032
2018-03-06,dax,0.0019004547621472,0.0122270815726396,0.0097912944322851,0.0123197816165499,0.9525511207766412,-0.0061271439849898,-0.0011376643841293,1.248770696990071,0,Calm/Bull,0.9967
2018-03-07,dax,0.0107960316469945,0.0119068395876182,0.0098379008571857,0.0208307531017208,0.8708907261074849,-0.0030872561039093,-0.0013894929153152,1.2103028644491034,0,Calm/Bull,0.9689
2018-03-08,dax,0.0089598803997411,0.0105220115736715,0.0099234697950364,0.0166378651329454,0.941046801194793,0.0026827821365454,0.0003870705631142,1.060315775731439,0,Calm/Bull,0.9867
2018-03-09,dax,-0.0007198231241192,0.0100802441681757,0.0098967312305617,0.0099954124812149,0.9620692672014338,0.0071394682384563,0.0009781846785751,1.0185427827975442,0,Calm/Bull,0.9914
2018-03-12,dax,0.0057912344507823,0.0096536084860261,0.0099264176634706,0.007565408879268,1.357995186810031,0.0053455556271092,0.0005490490505984,0.972516854852034,0,Calm/Bull,0.987
2018-03-13,dax,-0.0160201495451014,0.0102172285360002,0.0101071429756837,0.0243376096292771,1.2854307423809677,0.0017614347656594,0.000100461764213,1.0108918574300645,1,Transition,0.876
2018-03-14,dax,0.0013663780468391,0.0098592044445344,0.0100999978528849,0.0098163452166653,1.028887581248436,-0.0001244959543716,-0.0004126659422726,0.9761590634119164,0,Calm/Bull,0.9956
2018-03-15,dax,0.0087718107932449,0.0100705464106383,0.0099395639539164,0.0112129131702449,1.0558886983848472,-0.0001621098756708,-2.471886640497984e-06,1.0131778876144988,0,Calm/Bull,0.996
2018-03-16,dax,0.0035593536088982,0.0099088280459784,0.0099267674877837,0.009394944245771,1.999564838377197,0.0006937254709326,-0.0002511117017335,0.9981928213965598,2,Stress/Bear,0.998
2018-03-19,dax,-0.0140257799520208,0.0103251149841964,0.0099829084599266,0.0152229839456163,0.9013258218602892,-0.0032696774096279,-0.0006852226407291,1.0342792409289767,0,Calm/Bull,0.9854
2018-03-20,dax,0.0073650030717544,0.0102877443405026,0.010028577363541,0.0104368855387089,0.6797785473890238,0.0014073531137431,-0.0007282590293563,1.0258428456566326,0,Calm/Bull,0.9981
2018-03-21,dax,0.0001478938068039,0.0102882658310574,0.0100270240481609,0.0076138257790626,1.0035809004025391,0.0011636562657361,-0.0006511076013501,1.0260537704548929,0,Calm/Bull,0.9972
2018-03-22,dax,-0.0171308493859895,0.0109284333293015,0.0102400317339437,0.0212948939355224,1.2556867273486765,-0.0040168757701107,-0.001473236703588,1.0672265099605012,0,Calm/Bull,0.8611
2018-03-23,dax,-0.0178247890492547,0.0114867715941893,0.0104366593767585,0.0154026005331599,1.2929333359910993,-0.0082937043017413,-0.0024521862153072,1.1006176573865467,0,Calm/Bull,0.8856
2018-03-26,dax,-0.0083680142412916,0.0114708783021438,0.0104660359121845,0.0218778484516436,0.8782294255083786,-0.0071621511595955,-0.00304351218805,1.096009835852895,0,Calm/Bull,0.7853
2018-03-27,dax,0.0154535963918539,0.0121942942687226,0.010688789700769,0.0095958355801415,0.8645003097832639,-0.0055444324955756,-0.0021256971502906,1.1408489277177245,0,Calm/Bull,0.7383
2018-03-28,dax,-0.002519296797192,0.0121830445224712,0.0106172158415653,0.0159755798649365,0.9848200423484942,-0.0060778706163748,-0.0020314916022299,1.1474801590428136,0,Calm/Bull,0.9781
2018-03-29,dax,0.0129816399836274,0.0118600020907396,0.010580207963374,0.0172798176676742,0.9700033084138894,-5.5372742451433034e-05,-0.0003878940629219,1.120961150460922,0,Calm/Bull,0.9675
2018-04-03,dax,-0.0078243950071899,0.0107724319508401,0.0104749111872841,0.0129857111694885,0.8369568221925434,0.0019447060659615,0.0003710488684022,1.0284031776724925,0,Calm/Bull,0.9904
2018-04-04,dax,-0.0037186314002162,0.0102532322676134,0.0104542509067335,0.0182950602251224,0.944199486592354,0.0028745826341766,-0.0005529225769844,0.980771588427188,0,Calm/Bull,0.8518
2018-04-05,dax,0.0286289790327178,0.0121553330020959,0.0111651942153772,0.0151749353101837,0.9579979152634504,0.0055096591623493,0.0007835036365441,1.088680838650801,1,Transition,0.6936
2018-04-06,dax,-0.0052081679416985,0.0119871268195307,0.0111448358114636,0.007187201337688,0.7660617994019003,0.0049718849334481,-1.6706342890542795e-05,1.0755767982872142,0,Calm/Bull,0.9851
2018-04-09,dax,0.0016716693624826,0.0118093374749124,0.0111352434824113,0.0135152570493608,0.6866557183499092,0.0027098908092191,-0.0003811168947534,1.0605369782498213,0,Calm/Bull,0.9896
2018-04-10,dax,0.010995684485054,0.0120791312255777,0.0112329838006835,0.007578266346621,0.881450471069878,0.0064739067076679,0.0002046584857051,1.0753270404291668,0,Calm/Bull,0.9789
2018-04-11,dax,-0.0083714694010422,0.0121493206256377,0.0112686076752946,0.0101627409588907,0.8916586310395566,0.0055433391075027,-0.000503476706886,1.0781563238086576,0,Calm/Bull,0.9343
2018-04-12,dax,0.0097973295331864,0.0117798360357541,0.011342315678665,0.0137366012819978,0.7574602755825138,0.0017770092075964,0.0007873972470283,1.0385741650545022,0,Calm/Bull,0.9752
2018-04-13,dax,0.0022038205841865,0.0117834901771819,0.0113398805438144,0.0090271436709374,0.7170872087339868,0.0032594069127734,0.0008292693738957,1.0391194273743465,0,Calm/Bull,0.9923
2018-04-16,dax,-0.0041065229143964,0.0116780218262655,0.011293658328851,0.0089909182930085,0.5981454729526063,0.0021037684573976,0.0001853526885136,1.0340335687712898,0,Calm/Bull,0.9921
2018-04-17,dax,0.0155474411774699,0.0121581072152096,0.0113831068874684,0.0156520705445782,0.8675852626782162,0.0030141197958808,0.0007847570669422,1.068083374372457,0,Calm/Bull,0.8865
2018-04-18,dax,0.0004178330198054,0.0116504429072266,0.0113768328764185,0.0072910049709105,0.85015584671699,0.0047719802800503,0.0015069377155335,1.0240497538972622,0,Calm/Bull,0.9842
2018-04-19,dax,-0.0018610327035182,0.0115887738032067,0.0113258589055644,0.0048522663465598,0.7244238212255867,0.0024403078327094,0.0010456359267699,1.0232136829387073,0,Calm/Bull,0.986
2018-04-20,dax,-0.0021443379040553,0.0116094361864832,0.0112581485537675,0.007543605592879,1.1432163568908706,0.001570676135061,0.0009310243412269,1.0312029665480102,0,Calm/Bull,0.9798
2018-04-23,dax,0.0025397049901375,0.010804022638306,0.0112232384073169,0.0096847731888927,0.825497379107664,0.0028999217159678,0.0019145520600333,0.962647521704822,0,Calm/Bull,0.9814
2018-04-24,dax,-0.001717084820816,0.0098097306429074,0.0112108592438951,0.0132151004821024,1.1442853049712962,-0.0005529834836893,0.0027199372714552,0.8750204091848998,0,Calm/Bull,0.8044
2018-04-25,dax,-0.0102927981643807,0.0099329034965349,0.0112746576348523,0.0138871823172713,1.1658063786348571,-0.0026951097205265,0.0026236980753007,0.8809938020494957,0,Calm/Bull,0.6162
2018-04-26,dax,0.0062729929040898,0.0095120028149269,0.0112602064699239,0.0095412039594449,1.2724535903264191,-0.0010683045990049,0.0021646679009125,0.8447449734011151,0,Calm/Bull,0.8203
2018-04-27,dax,0.0064111938612408,0.0094901376168299,0.0112997375972955,0.0087179731193758,0.0,0.0006428017540542,0.0026111924338342,0.8398546899975153,0,Calm/Bull,0.907
2018-04-30,dax,0.0024800757835215,0.0091713179745092,0.0111692030194547,0.004693064957021,1.099701140056518,0.0006308759127311,0.0020861142238289,0.8211255501878177,0,Calm/Bull,0.8181
2018-05-02,dax,0.01496344535588,0.0092900387366687,0.011132486434282,0.0173532118377628,1.252469878283382,0.0039669819480703,0.0032255062419824,0.8344980963157027,1,Transition,0.9582
2018-05-03,dax,-0.0087948039587042,0.0095552961566432,0.0111466133891664,0.0104671791930164,1.1212642858447746,0.0042665807892056,0.002971697614058,0.8572376041973551,0,Calm/Bull,0.6453
2018-05-04,dax,0.0101490865176314,0.0076465111015294,0.0107841983378207,0.008716282974297,1.1305623808933931,0.0050417995119139,0.0020477029883037,0.7090477068390612,1,Transition,0.6718
2018-05-07,dax,0.0099769020478669,0.0076420193175087,0.0106695703349021,0.0113915978669414,0.7489727630506771,0.0057549411492391,0.0028069564877819,0.7162443357733266,1,Transition,0.7068
2018-05-08,dax,-0.0027787490240322,0.0077409697602447,0.0100731002386454,0.0060857187392958,1.0932636483966736,0.0047031761877283,0.0025844355684562,0.7684793734650385,0,Calm/Bull,0.9319
2018-05-09,dax,0.0023863316510655,0.007483714714968,0.0099195655952455,0.0055736163497977,1.17212373911418,0.0021877534467654,0.0021539679267568,0.7544397628213708,0,Calm/Bull,0.9658
2018-05-10,dax,0.0061473476337108,0.0071035061057851,0.0097891509482627,0.0081165053756466,0.8364218153087006,0.0051761837652485,0.0028799087784944,0.7256508908002717,0,Calm/Bull,0.9334
2018-05-11,dax,-0.0016622960401712,0.0069772221312481,0.0097388930150619,0.0053302456871978,0.9690325528962704,0.0028139072536879,0.0023069274998265,0.7164286660154648,0,Calm/Bull,0.9663
2018-05-14,dax,-0.0018114881236635,0.0070378507698601,0.0096459186522004,0.0067700214648388,0.8934430670864966,0.0004562292193818,0.002106162064434,0.7296195441431229,0,Calm/Bull,0.978
2018-05-15,dax,-0.000591182056123,0.0069173917175578,0.0096476352213987,0.0067887072377815,1.2035056350886877,0.0008937426129637,0.0022819291073477,0.7170038624817446,0,Calm/Bull,0.9738
2018-05-16,dax,0.0020249305487855,0.0061733944360585,0.0095959249757612,0.0054037941299835,1.163808546842781,0.0008214623925077,0.0016058035759135,0.6433350043536421,0,Calm/Bull,0.9579
2018-05-17,dax,0.0090598868169642,0.0063846980171373,0.0096219658765939,0.0101215538103413,1.0228740572894133,0.0014039702291583,0.0020379062657714,0.6635544231837811,0,Calm/Bull,0.9078
2018-05-18,dax,-0.0028169047414827,0.0064189062311964,0.0095860449634742,0.0062748360257579,1.34137571460647,0.001173048488896,0.0019901126638732,0.6696094432745194,0,Calm/Bull,0.9692
2018-05-22,dax,0.0070254373934153,0.0064355156075932,0.0096154168568937,0.0108231515383585,1.179507581946491,0.0029404335923118,0.0024486014287467,0.6692913789774328,0,Calm/Bull,0.8855
2018-05-23,dax,-0.0147692172607668,0.007498653923653,0.0098246345264223,0.0168106732216138,1.1231928520692107,0.0001048265513831,0.0015831553162015,0.7632501650301797,1,Transition,0.5144
2018-05-24,dax,-0.0094263884268662,0.0078663614374642,0.0099094794302876,0.0159174396814491,1.5013015499027715,-0.0021854372437472,0.001197690135899,0.793821864488783,0,Calm/Bull,0.9449
2018-05-25,dax,0.0064296427177683,0.0074589162752368,0.0099319706400145,0.0116169184758873,1.0891048844681388,-0.0027114860635864,0.0020338121800065,0.7510006367906378,0,Calm/Bull,0.8909
2018-05-28,dax,-0.0057787415163723,0.0075841813732308,0.009955769403213,0.0165095641322322,0.7499564243185143,-0.0033038534185643,0.0014312254589834,0.7617875692041641,0,Calm/Bull,0.6706
2018-05-29,dax,-0.0154292468496678,0.0083618857530688,0.010147535052683,0.015362546380226,1.5285472881240332,-0.007794790267181,0.0003392034234379,0.8240312262688846,0,Calm/Bull,0.9081
2018-05-30,dax,0.0092141129898382,0.0085852224815452,0.0098572039916681,0.0094173897698877,1.2016942001137896,-0.0029981242170599,0.0006759052837538,0.8709591978416875,0,Calm/Bull,0.9712
2018-05-31,dax,-0.0140907910319656,0.0084980770030915,0.0095550806489966,0.0203087266094576,1.743694034577571,-0.0039310047380798,-0.0007768065356384,0.8893778415134463,0,Calm/Bull,0.858
2018-06-01,dax,0.0094263505498444,0.0085696666719937,0.0094485250772738,0.0109758879208746,1.1541605394211183,-0.0033316631716646,0.0001342511897889,0.9069845930351614,0,Calm/Bull,0.9851
2018-06-04,dax,0.003646243156617,0.0082884426918161,0.0094544977586346,0.0103540897901454,0.7957608060430726,-0.0014466662370667,-0.0001908909782617,0.876666630360818,0,Calm/Bull,0.9936
2018-06-05,dax,0.0012817874667425,0.0079480943719271,0.0093647293708306,0.013446366093349,0.9957651168109026,0.0018955406262153,-0.0006256467073179,0.848726541600225,0,Calm/Bull,0.9686
2018-06-06,dax,0.0033524717437996,0.0079788597727,0.0093089337917373,0.0111979060422627,0.9820996473543544,0.0007232123770076,-0.0003190856689263,0.8571185434557641,0,Calm/Bull,0.9904
2018-06-07,dax,-0.0014835944150904,0.0079566914690272,0.009311330123989,0.0120450371097643,0.8670169801885588,0.0032446517003826,-0.0005125819722341,0.8545171702728233,0,Calm/Bull,0.9733
2018-06-08,dax,-0.003479610720236,0.0078226544303957,0.0093008999609356,0.0144878580170178,1.039639138377529,0.0006634594463665,-0.0009939298899315,0.8410642478955159,0,Calm/Bull,0.9573
2018-06-11,dax,0.0059634664673658,0.0079727680014075,0.0090708128982744,0.0085876205408808,0.9716457172084328,0.0011269041085162,-0.0006126417645546,0.878947464887545,0,Calm/Bull,0.9937
2018-06-12,dax,-4.752552644446228e-05,0.0079685635899309,0.0090712250800964,0.0103135124365851,0.89015073037783,0.0008610415098788,-0.0005244436346937,0.878444038106296,0,Calm/Bull,0.995
2018-06-13,dax,0.0037524233827654,0.0080256362269732,0.0090194932428796,0.0096535184895341,0.935195146459937,0.000941031837672,-0.0003072633627493,0.8898101047205703,0,Calm/Bull,0.9963
2018-06-14,dax,0.0166572201962499,0.0088717626536539,0.0092450608945584,0.0255822859599438,1.1873563067463344,0.0045691947599401,0.0004243511196239,0.9596218732183496,1,Transition,0.9276
2018-06-15,dax,-0.00739348652477,0.00879134057501,0.009101647932033,0.0122600326672998,2.0965919442107626,0.0037864195990333,-0.0003983175474627,0.9659064644842073,2,Stress/Bear,0.9997
2018-06-18,dax,-0.0136540541241912,0.0092692431725627,0.0092575920592426,0.0154618783608044,0.7355239227128071,-0.000137084519278,-0.0009401750165982,1.0012585468494963,0,Calm/Bull,0.9854
2018-06-19,dax,-0.0122406776803239,0.0093980673565716,0.0094070289694049,0.0090077668408713,0.8484511670133239,-0.0025757149500539,-0.0019034807702851,0.9990473492893038,0,Calm/Bull,0.9924
2018-06-20,dax,0.0013550107848033,0.0089155121646525,0.0091183575104137,0.0070436229850142,0.7466879964672518,-0.0030551974696463,-0.0010972693680066,0.9777541793541804,0,Calm/Bull,0.9978
2018-06-21,dax,-0.0145398276016631,0.0092345505990508,0.0090138959696414,0.019698808853689,0.938890973111501,-0.009294607029229,-0.0013529413267465,1.0244793849576852,0,Calm/Bull,0.9161
2018-06-22,dax,0.0054049685659908,0.0091918436510875,0.0089501902573693,0.0074294151991443,0.7133262011164189,-0.0067349160110768,-0.0014041750343354,1.026999805229749,0,Calm/Bull,0.9927
2018-06-25,dax,-0.024901812142878,0.0105631617343243,0.0093590514852367,0.0202569587557893,0.8295901067467125,-0.0089844676148141,-0.0023603285656606,1.12865729513157,0,Calm/Bull,0.6713
2018-06-26,dax,-0.0029374205298855,0.0101093012264769,0.0093614263719816,0.0136795571890212,0.5467272856587938,-0.0071238161847265,-0.0017357372496715,1.0798889853723224,0,Calm/Bull,0.9959
2018-06-27,dax,0.0092967955384227,0.0101140305675303,0.0092893295209891,0.0255121855895823,1.116914788731841,-0.0055354592340026,-0.0017316031222423,1.088779394107814,0,Calm/Bull,0.4342
2018-06-28,dax,-0.01397568169407,0.0101066573782753,0.0094141080640641,0.0222513618045462,0.9689143500320636,-0.005422630052484,-0.0017258476553475,1.0735650482763,0,Calm/Bull,0.91
2018-06-29,dax,0.0105190954101617,0.0101728569324097,0.0094917304139946,0.0099106095349829,1.0350787665195038,-0.0043998046836498,-0.0016712104123316,1.0717599940903155,0,Calm/Bull,0.9927
2018-07-02,dax,-0.0055271985994608,0.0101271887197339,0.0087717201198816,0.0138264104860194,0.8446267324054365,-0.0005248819749663,-0.0021298825001355,1.154527114559888,0,Calm/Bull,0.9998
2018-07-03,dax,0.0090266468343633,0.0104086719624967,0.0088233232305007,0.0121263508441211,0.8509661835968567,0.0018679314978833,-0.0017426395317545,1.1796770548443285,0,Calm/Bull,0.9998
2018-07-04,dax,-0.0025564222320412,0.01034007258553,0.0088278164940969,0.0053679338199809,0.7228883009364926,-0.0005027120562094,-0.0020380842305465,1.1713057914654612,0,Calm/Bull,0.9997
2018-07-05,dax,0.0118377846794991,0.0107966472437433,0.0088461223546777,0.0124073985423827,1.045321553978395,0.0046599812185044,-0.0013720152758171,1.2204949028355006,0,Calm/Bull,0.9993
2018-07-06,dax,0.0025544321056105,0.0108189375615445,0.0087812115670249,0.0065363777870063,0.0,0.0030670485575941,-0.0010703131345247,1.232055221419738,0,Calm/Bull,0.8557
2018-07-09,dax,0.0038114753040873,0.0107558185937816,0.0087048285774515,0.0055460736571583,0.732255379947088,0.0049347833383038,-0.0011779126926887,1.2356152103492153,0,Calm/Bull,0.9998
2018-07-10,dax,0.0052445571967803,0.010849775831258,0.0087256839635749,0.008650386920071,0.8095716653922763,0.0041783654107872,-0.0009133085565274,1.2434298418954923,0,Calm/Bull,0.9999
2018-07-11,dax,-0.0154012621472072,0.0112540604074351,0.0089398728303558,0.0093645048843736,0.8431669979513164,0.001609397427754,-0.0018709928330261,1.258861353063247,0,Calm/Bull,0.9978
2018-07-12,dax,0.0060891027548167,0.0105653550662091,0.0087429150059147,0.0077299725056303,0.746660102633911,0.0004596610428175,-0.0023993987050977,1.208447646930283,0,Calm/Bull,0.9998
2018-07-13,dax,0.0038157203899905,0.0105837817886837,0.0087574707561345,0.0067372657905007,0.0,0.0007119186996935,-0.0018389383593597,1.2085432065268262,0,Calm/Bull,0.8498
2018-07-16,dax,0.0016165460111997,0.0102315203179942,0.0087569001723306,0.0077422059378266,1.1510026046682529,0.000272932841116,-0.0010754083525901,1.168395221670223,0,Calm/Bull,0.9998
2018-07-17,dax,0.007970724757302,0.0100675100093772,0.0088122752618514,0.0131461255739017,1.0970265246470257,0.0008181663532203,-6.483823070887905e-05,1.1424416181096566,0,Calm/Bull,0.9998
2018-07-18,dax,0.0082116651241483,0.0102337785610845,0.0088684783477859,0.0049695069499124,1.046483836401266,0.0055407518074914,0.0002779944862583,1.1539497712862434,0,Calm/Bull,0.9997
2018-07-19,dax,-0.0062588346223534,0.0097592271863975,0.0089049008841845,0.0079652762451714,0.9211146167810872,0.0030711643320574,0.0006920441352238,1.095938889531083,0,Calm/Bull,0.9998
2018-07-20,dax,-0.0098916801200779,0.0099676106507384,0.0088970531597633,0.0188943483480467,1.281509888531578,0.0003296842300437,-7.278829907958455e-05,1.120327199551495,0,Calm/Bull,0.9947
2018-07-23,dax,-0.0010234659891706,0.0080903664997078,0.0088622357829921,0.0060397349797692,0.8007592337270524,-0.0001983181700303,0.0011211290086057,0.9129035491511422,0,Calm/Bull,0.9988
2018-07-24,dax,0.0111594437539687,0.0083287278087447,0.0089407279088856,0.0133465343639167,1.0876553577944128,0.000439425629303,0.0018259722227984,0.9315491863327348,0,Calm/Bull,0.9868
2018-07-25,dax,-0.008711186596687,0.0084510683699439,0.009007634124647,0.0124807918247584,1.0044907502179128,-0.002945144714864,0.000925573116043,0.938211771592702,0,Calm/Bull,0.995
2018-07-26,dax,0.0181110444840276,0.0085187276868715,0.0091051522431712,0.0098483972891862,1.3176699640446052,0.0019288311064121,0.0025299094249478,0.9355942063748024,0,Calm/Bull,0.9648
2018-07-27,dax,0.0039868114919692,0.0083191840469247,0.0090450052345947,0.0055760286429165,1.2033690013547502,0.0047045294288215,0.0022032952290382,0.9197544756642136,0,Calm/Bull,0.9964
2018-07-30,dax,-0.0048483016011796,0.0082873050628571,0.0089729637592292,0.0039654013240539,0.9028342869208004,0.0039395623064197,0.0022372400789523,0.9235861511569268,0,Calm/Bull,0.9976
2018-07-31,dax,0.0005702148384497,0.0081370382748764,0.0088768586960038,0.0094303046054429,1.34846761389594,0.0018217165233159,0.0018144184791566,0.9166574070329108,0,Calm/Bull,0.9973
2018-08-01,dax,-0.005359712299448,0.008239786111158,0.0088958756744734,0.009952894096861,1.1726858827608824,0.0024920113827637,0.0016742539757863,0.9262478942687988,0,Calm/Bull,0.9966
2018-08-02,dax,-0.0150868550771283,0.0086796132493641,0.0090926815158308,0.0100746125181962,1.304250608021303,-0.0041475685294674,0.0003280219879549,0.9545713477649566,0,Calm/Bull,0.9936
2018-08-03,dax,0.005518608679808,0.0087446946564841,0.0090852279889284,0.0065710996089495,0.9542625590977276,-0.0038412090918996,0.0004762308166648,0.9625179100778444,0,Calm/Bull,0.9956
2018-08-06,dax,-0.0013920701668091,0.0087176072784617,0.0090847237997547,0.0140837995725304,0.7932975898709483,-0.0031499628050255,0.0002160535431199,0.9595896882079188,0,Calm/Bull,0.9961
2018-08-07,dax,0.0039594186317224,0.0086832603951311,0.0091014044056219,0.0073030302398587,1.0501415826151737,-0.002472122046371,0.000151796614867,0.9540571991029696,0,Calm/Bull,0.9975
2018-08-08,dax,-0.001158970686994,0.0078882308785224,0.009101871425735,0.009367889681678,1.0740914717406356,-0.0016319737238802,0.0008639111878777,0.8666603283604787,0,Calm/Bull,0.996
2018-08-09,dax,0.0033639621241407,0.0078164329247138,0.0091096512959084,0.0094019130628118,0.8620556368228188,0.0020581897163736,0.0007276541563439,0.8580386527225898,0,Calm/Bull,0.996
2018-08-10,dax,-0.0200609220509286,0.0090465459957584,0.0093683271599176,0.0157295708543596,0.0,-0.0030577164297737,-0.000466177965702,0.9656522281228666,2,Stress/Bear,0.9653
2018-08-13,dax,-0.0052947012408261,0.0090946731822291,0.009382365853083,0.0059601670439774,1.1183093968517743,-0.0038382426445771,-0.0008117403283033,0.9693368735179508,0,Calm/Bull,0.9928
2018-08-14,dax,1.0509334086442554e-05,0.008861283843029,0.0093249250666824,0.0135060826994908,0.994673001453898,-0.0046280245041043,-0.001209751099464,0.9502793619961646,0,Calm/Bull,0.9927
2018-08-15,dax,-0.0159746738519016,0.0091534163485884,0.0093562103120915,0.0253152127327654,1.2003086277442088,-0.0075911651370858,-0.0024190680482665,0.9783252025404916,1,Transition,0.636
2018-08-16,dax,0.0060786752846041,0.0092956489907748,0.0093358631757145,0.0067401588174859,0.9772877191597692,-0.0070482225049931,-0.0018021925529187,0.9956925048939976,0,Calm/Bull,0.9437
2018-08-17,dax,-0.002177718658888,0.0091003142332095,0.0092885711675979,0.0089291862513549,1.044906484244056,-0.003471581826585,-0.0014164944798592,0.9797324119079702,0,Calm/Bull,0.9964
2018-08-20,dax,0.0098404135230127,0.0094427944576186,0.0093698746755016,0.0103639343195126,0.727126876486379,-0.0004445588738172,-0.00087330050425,1.007782364721239,0,Calm/Bull,0.9983
2018-08-21,dax,0.0043041724921702,0.0091012738589287,0.0091888324626143,0.0093916297460643,0.8469821259624987,0.0004141737577995,-0.0012160640673399,0.9904711938059724,0,Calm/Bull,0.9984
2018-08-22,dax,9.769492421932744e-05,0.0089310216676265,0.0091025476428905,0.0075360974573989,0.9552485563975605,0.0036286475130236,-0.0007756199912946,0.9811562672349184,0,Calm/Bull,0.9977
2018-08-23,dax,-0.0016257843147483,0.0077461004666406,0.008928314070765,0.0046467663121722,0.8090497582311178,0.0020877555931531,-0.0017624614312334,0.8675882596922289,0,Calm/Bull,0.975
2018-08-24,dax,0.0023375888432947,0.0076902523834002,0.0088436649929548,0.0080599666498266,0.7682294876694284,0.0029908170935897,-0.0018449225636671,0.8695775325644477,0,Calm/Bull,0.9774
2018-08-27,dax,0.0115343214869301,0.0082085450388687,0.0089632266794725,0.0106099050028627,0.6874032798214186,0.0033295986863732,-0.0010257914092616,0.915802459583872,0,Calm/Bull,0.9902
2018-08-28,dax,-0.0008688874685257,0.008200121480419,0.0089610688859522,0.0055557816221572,0.9816752446128612,0.002294986694234,-0.0010977465246104,0.9150829644077336,0,Calm/Bull,0.9935
2018-08-29,dax,0.0027310495356671,0.0081783416129711,0.0089570847524298,0.005535031827327,0.8027182826787761,0.0028216576165235,-0.0006932084328546,0.9130584156583464,0,Calm/Bull,0.9969
2018-08-30,dax,-0.0053831283138383,0.0075426169141041,0.0089795514166251,0.0103391390814298,1.037614369299225,0.0020701888167055,-0.0002080220946901,0.839977028266625,0,Calm/Bull,0.9885
2018-08-31,dax,-0.0104739145623566,0.0077484685634387,0.0090649727704171,0.0063045794036504,1.261528529267093,-0.0004921118644247,-0.0010076482567984,0.8547701972944965,0,Calm/Bull,0.9807
2018-09-03,dax,-0.0014284970912403,0.0077485679616976,0.0090253164132788,0.0046734390468383,0.7168811231725,-0.0030846755800588,-0.0010094696030199,0.85853698716836,0,Calm/Bull,0.9871
2018-09-04,dax,-0.011092861419612,0.0079684317521482,0.0091247696463071,0.019668798244937,1.1950552705441129,-0.005129470370276,-0.0017620836055867,0.8732748399158872,0,Calm/Bull,0.8858
2018-09-05,dax,-0.0139998419061021,0.0084217037016528,0.00926010213041,0.0109298636733519,1.527180603603028,-0.0084756486586299,-0.0024041271665421,0.9094612114477734,0,Calm/Bull,0.909
2018-09-06,dax,-0.0071021294425965,0.0083694311861571,0.008990349572716,0.0123360422199452,1.2064180802808453,-0.0088194488843815,-0.0029274317448789,0.9309350118661404,0,Calm/Bull,0.952
2018-09-07,dax,0.0003662893464597,0.0073532261072514,0.0089603799120799,0.0085486974776226,1.3122190787083674,-0.0066514081026182,-0.0019060711750095,0.8206377608317922,0,Calm/Bull,0.9467
2018-09-10,dax,0.0022308532349954,0.0073632386354376,0.0088259539311892,0.0090870043144816,1.0459219789152328,-0.0059195380373711,-0.0015297934512184,0.8342711386037713,0,Calm/Bull,0.9693
2018-09-11,dax,-0.0013416184785512,0.0073545540689693,0.008704921524909,0.0127199092543407,0.0,-0.0039692894491589,-0.0015973998418503,0.8448731040164321,0,Calm/Bull,0.979
2018-09-12,dax,0.0051686476279885,0.0066665750449079,0.0087359593395205,0.0078264274829915,1.5280278491041457,-0.0001355915423408,-0.0005402337678558,0.7631188271159965,0,Calm/Bull,0.9863
2018-09-13,dax,0.0019304344387132,0.0065125590531511,0.0085568311533083,0.009323458148611,1.3073776322104809,0.0016709212339211,-0.0007476458101504,0.7610947249593871,0,Calm/Bull,0.9822
2018-09-14,dax,0.0056890653948273,0.0066575912793356,0.0085602990807588,0.0048629458747479,1.0527533030774514,0.0027354764435946,-0.0003543066074646,0.7777288172442499,0,Calm/Bull,0.9856
2018-09-17,dax,-0.0023054567260397,0.006218163001927,0.0079489064694354,0.0068028479523722,0.9319106549662348,0.0018282144513876,-0.0009616001199172,0.7822664697133739,0,Calm/Bull,0.9907
2018-09-18,dax,0.005051512627598,0.0062536166761001,0.0079698041022382,0.0098703123847841,1.120308247299491,0.0031068406726174,-0.0009242331131458,0.7846637879523157,0,Calm/Bull,0.9764
2018-09-19,dax,0.0050334758558395,0.0063919298283303,0.0079032904862205,0.0062246868595289,1.2935864615431472,0.0030798063181876,-0.0006774440665648,0.8087681756699696,0,Calm/Bull,0.9883
2018-09-20,dax,0.0087561161175049,0.0067238072210325,0.0077743489074413,0.0116667178986804,1.4030128456069813,0.004444942653946,-0.0001583490449521,0.8648707822460475,0,Calm/Bull,0.9798
2018-09-21,dax,0.0084338581663362,0.0069763517128388,0.0077319965015526,0.0067854898583346,4.187805733896877,0.0049939012082477,0.0001464644211998,0.902270417664821,2,Stress/Bear,1.0
2018-09-24,dax,-0.0064612071168015,0.0065794987143941,0.0077445875093515,0.0049114273153668,0.0,0.0041627511300954,-0.0007533120089867,0.8495608973943983,0,Calm/Bull,0.9983
2018-09-25,dax,0.001928363023535,0.006606587844915,0.0076604929316533,0.0076510939536533,0.8902914112571038,0.0035381212092828,-0.0006134494843836,0.8624233327879626,0,Calm/Bull,0.997
2018-09-26,dax,0.0009070471411972,0.0065704800079219,0.0076536854307603,0.0053609706294595,0.794967824877065,0.0027128354663543,-0.0007046496041071,0.8584727014668125,0,Calm/Bull,0.998
2018-09-27,dax,0.0040046171903752,0.0065539682056677,0.0075154977518267,0.0147994619776718,0.9447727464615984,0.0017625356809284,-0.0002352623288964,0.8720604306048354,0,Calm/Bull,0.9876
2018-09-28,dax,-0.0153035094317717,0.0070232370233712,0.0077606838595017,0.0166240160399953,1.1509930680089142,-0.0029849378386931,-0.0004767420723672,0.9049765652768348,0,Calm/Bull,0.9813
2018-10-01,dax,0.0075084305329029,0.0072404384048519,0.0078086987184862,0.0089302341631099,0.7894499566495976,-0.0001910103087522,-2.989569116006556e-05,0.927227271262371,0,Calm/Bull,0.9994
2018-10-02,dax,-0.0041784288974312,0.0068383041364688,0.0077905557102325,0.0087210138667394,0.8457051521898247,-0.0014123686929454,0.0003158259349489,0.8777684661810492,0,Calm/Bull,0.9989
2018-10-04,dax,-0.0035415760148031,0.0060391621220343,0.0075510769483979,0.0142247578740435,1.044044549147806,-0.0023020933241455,0.0008387392295139,0.7997749411513602,0,Calm/Bull,0.9878
2018-10-05,dax,-0.0108589538393405,0.0063496002566929,0.0076271522913098,0.0117124767367063,0.9670707217591736,-0.0052748075300887,0.0006508980096767,0.832499472172261,0,Calm/Bull,0.9898
2018-10-08,dax,-0.0136948663302812,0.0071150884613143,0.0077918164116153,0.0111716696534512,0.8047798436753107,-0.0049530789097906,-5.215977416032367e-05,0.9131488840917528,0,Calm/Bull,0.9958
2018-10-09,dax,0.0025128831992753,0.007120129036548,0.0077974012102911,0.0163184130551218,0.80530327880483,-0.0059521883765161,-3.8058275946326675e-05,0.913141294711218,0,Calm/Bull,0.982
2018-10-10,dax,-0.0223498419420334,0.0086974819736297,0.0081923163548912,0.0227560532283884,0.0,-0.0095864709854366,-0.0010884694491204,1.0616633436570064,2,Stress/Bear,1.0
2018-10-11,dax,-0.01489374774573,0.0090860994765987,0.0082802775540891,0.0157669570510009,1.4617081747626222,-0.0118569053316219,-0.0020915892178063,1.0973182260190806,0,Calm/Bull,0.7927
2018-10-12,dax,-0.0013476073501648,0.0090391733061148,0.0082585294384994,0.0155582264674335,1.01764618870615,-0.0099546360337868,-0.0022554913072502,1.0945257716193666,0,Calm/Bull,0.996
2018-10-15,dax,0.0078097643163888,0.0091490435176881,0.0082735308480998,0.0142876842485852,0.7407000299807303,-0.0056537099044528,-0.0021494563611722,1.1058209228517408,0,Calm/Bull,0.999
2018-10-16,dax,0.0138851926890114,0.009825781678044,0.0085028788020781,0.0155546970123276,0.8745709358066999,-0.0033792480065056,-0.0013399238904196,1.1555829392326098,0,Calm/Bull,0.9985
2018-10-17,dax,-0.0052375933573612,0.0097425323832054,0.0083659427989812,0.0151796516077478,0.9506769826409902,4.3201710428841625e-05,-0.0018543791896675,1.164546855901508,0,Calm/Bull,0.9998
2018-10-18,dax,-0.010798166667566,0.0097964508868499,0.0084014083794564,0.0176801882745357,0.9877261953644942,0.0008623179260616,-0.0026459613158378,1.166048648558108,0,Calm/Bull,0.9957
2018-10-19,dax,-0.0030574989555902,0.0094217622331131,0.0080047222136332,0.0102641152715693,1.296267917802487,0.0005203396049765,-0.0032366420694926,1.177025508401332,0,Calm/Bull,0.9955
2018-10-22,dax,-0.0025556836201626,0.0090170805614747,0.0079701641330278,0.015650384664794,0.8888352872883805,-0.0015527499823337,-0.0037861191588175,1.1313544377472144,0,Calm/Bull,0.9985
2018-10-23,dax,-0.0219372573635533,0.0098813471571783,0.0083749765375707,0.0146980522852458,1.2978433496389208,-0.0087172399928467,-0.0045599216711551,1.1798656525006226,0,Calm/Bull,0.6839
2018-10-24,dax,-0.0073578824921902,0.0097780593270439,0.0083944444172451,0.0201132979105391,1.29843923939759,-0.0091412978198125,-0.0050242339469414,1.1648250725153904,0,Calm/Bull,0.9088
2018-10-25,dax,0.0102664591378815,0.0102875594514677,0.0085373607271164,0.0218048275893637,0.0,-0.004928372658723,-0.0045562633471072,1.2050046589682393,2,Stress/Bear,1.0
2018-10-26,dax,-0.0094634817811573,0.0101373886977322,0.0084211637280619,0.0138197740342048,1.5555498109910553,-0.0062095692238364,-0.0052296682956838,1.2037990264874368,2,Stress/Bear,0.7807
2018-10-29,dax,0.0119685267547284,0.0105373365815842,0.0085574177694183,0.019932144059564,1.114553701722644,-0.0033047271488582,-0.0038660664863588,1.2313687219106575,0,Calm/Bull,0.9585
2018-10-30,dax,-0.0042515288734062,0.0101916589966785,0.0085631614334669,0.0161055872725776,1.107205603326808,0.0002324185491712,-0.0044540644566743,1.1901748058663342,0,Calm/Bull,0.9859
2018-10-31,dax,0.014086076372356,0.0110036108627272,0.0087763688977401,0.0094116743799185,1.3844488684215592,0.0045212103220804,-0.0035408391931849,1.25377715897523,2,Stress/Bear,0.507
2018-11-01,dax,0.0018354192385314,0.0110690848255572,0.0087877862695831,0.0138700597805562,1.076550257320964,0.0028350023422104,-0.0032719894305182,1.2595987756177258,0,Calm/Bull,0.998
2018-11-02,dax,0.0043893602933579,0.0110441144961767,0.008798618542882,0.0148528508375181,1.186873069829099,0.0056055707571135,-0.0025095737238832,1.2552100585280226,0,Calm/Bull,0.9912
2018-11-05,dax,-0.0020883231228668,0.0107257877252256,0.0084586816252933,0.0066793879348787,0.7522500799025392,0.0027942007815944,-0.0019292465635125,1.2680212118580088,0,Calm/Bull,0.9998
2018-11-06,dax,-0.0009243204130578,0.0106782971378255,0.0084424643663949,0.0080099734999188,0.0,0.0034596424736641,-0.0021011067441292,1.2648317688292878,2,Stress/Bear,0.5399
2018-11-07,dax,0.0082173605578826,0.0097770848158347,0.0085288276510211,0.0088495418486196,0.9279641932138892,0.0022858993107694,-0.0005727466191334,1.1463574146282731,0,Calm/Bull,0.9999
2018-11-08,dax,-0.0044818179296438,0.009236670947178,0.0083151642414565,0.0126160880028898,0.9001024575294674,0.0010224518771344,-5.215012832911767e-05,1.110822429835745,0,Calm/Bull,0.9999
2018-11-09,dax,0.0001595945015457,0.0092316924292181,0.0082659968943921,0.0113373358654092,1.154735280301778,0.0001764987187719,2.3209964256412975e-05,1.116827473705101,0,Calm/Bull,0.9999
2018-11-12,dax,-0.0178279311022429,0.0098526699411736,0.0085461807267313,0.0254109357467558,1.0257944475692722,-0.0029714228771032,-0.0012586748066751,1.15287404470113,2,Stress/Bear,0.5159
2018-11-13,dax,0.0128768763140217,0.0097733613301068,0.008621649894759,0.0127046032480125,1.0923601069938245,-0.0002111835316873,-0.0013090906254246,1.1335836469128575,0,Calm/Bull,0.9995
2018-11-14,dax,-0.0052165383919054,0.0097729170192966,0.0086061630740215,0.022097678923531,1.1537098855627088,-0.0028979633216449,-0.0013080378771518,1.135571907624786,0,Calm/Bull,0.9932
2018-11-15,dax,-0.0051708657753534,0.0095640879923999,0.0086178847981197,0.0216441235359092,1.0504944991514111,-0.0030357728907868,-0.0010266728325412,1.1097952939086158,0,Calm/Bull,0.9926
2018-11-16,dax,-0.0011165549651006,0.0095522366195401,0.0086179595242511,0.0189885908980689,1.2362173150032356,-0.0032910027841161,-0.0009296256330167,1.1084104761295204,0,Calm/Bull,0.9987
2018-11-19,dax,-0.008541796854532,0.0096985312855074,0.0086514851547871,0.0167156646945579,0.8587131487785093,-0.0014337759345739,-0.0012289312947352,1.1210250161662516,0,Calm/Bull,0.9994
2018-11-20,dax,-0.0159682726450658,0.0091011874550983,0.0086711251899889,0.0160765915719761,1.305294749924898,-0.0072028057263914,-0.0009304820588108,1.049597054094656,0,Calm/Bull,0.995
2018-11-21,dax,0.0159353568230221,0.0097057143876852,0.0089769364080258,0.0128502357558561,1.0213993292356578,-0.0029724266834059,0.0002341799069497,1.0811833733174157,0,Calm/Bull,0.9959
2018-11-22,dax,-0.0094430663792838,0.0096338114636953,0.0090102816190501,0.0092229278857256,0.6876347970830126,-0.003826866804192,-0.0007512963689084,1.069202037295583,0,Calm/Bull,0.9994
2018-11-23,dax,0.0048542262549151,0.009483131878016,0.0090420831374447,0.0100485851754358,0.699286086058092,-0.0026327105601888,-3.541096710487257e-05,1.04877733746384,0,Calm/Bull,0.9996
2018-11-26,dax,0.0143725673992026,0.0096569374117218,0.0092071130253667,0.0078477828731908,0.9976550233273392,0.001950162290558,8.479106511883874e-05,1.0488561816408464,0,Calm/Bull,0.9988
2018-11-27,dax,-0.0040248657366107,0.0096517121549392,0.0092132561259803,0.0119725964159322,0.8530389311248042,0.004338843672249,9.612422195861311e-05,1.0475896928255903,0,Calm/Bull,0.9985
2018-11-28,dax,-0.0009050313046175,0.0090728115779859,0.0091262338801427,0.0070219211614674,0.8508779787523403,0.0009707660467211,-0.00065343116189,0.9941462926702922,0,Calm/Bull,0.9991
2018-11-29,dax,-5.74776201536935e-05,0.0090553384081767,0.0089734242657764,0.0113309364332841,1.0816717920925196,0.0028478837985471,-0.0007480760048243,1.0091285266331065,0,Calm/Bull,0.9983
2018-11-30,dax,-0.0036346197372241,0.0089932828449906,0.0089449751548977,0.0094783617557242,1.2769953964576657,0.0011501146001192,-0.0011492750063534,1.0054005393258545,0,Calm/Bull,0.9983
2018-12-03,dax,0.0183275361759519,0.0099850614398411,0.0092856254765418,0.009538158553829,1.1643030772382503,0.0019411083554691,-0.0001284820414124,1.0753245933799809,0,Calm/Bull,0.9958
2018-12-04,dax,-0.0114154919366208,0.0102996872381092,0.0093791924260001,0.0098585656972364,0.9194381761514604,0.0004629831154671,-0.0006530406175906,1.098142224863344,0,Calm/Bull,0.9992
2018-12-05,dax,-0.011988314703397,0.0103745096087093,0.0094871883460289,0.0079578545591324,0.8107115953353129,-0.0017536735642887,-0.0016633243806546,1.0935283700836134,0,Calm/Bull,0.9981
2018-12-06,dax,-0.0353728998687864,0.0128260778132075,0.010429486111672,0.027844863313522,1.418089403187046,-0.0088167580140153,-0.0032078784776117,1.2297900084313256,2,Stress/Bear,0.9935
2018-12-07,dax,-0.0021195943379816,0.0128046905927673,0.0104181392544801,0.0129105592792398,1.0802732144201366,-0.0085137529341668,-0.0033218379195881,1.229076544284136,0,Calm/Bull,0.8734
2018-12-10,dax,-0.0155087918676142,0.0126762689785647,0.0105170544538303,0.0161890227084674,1.2684881657806195,-0.01528101854288,-0.0032058809578566,1.2053060136004152,2,Stress/Bear,0.9597
2018-12-11,dax,0.0148059109597803,0.0128116961714603,0.0107438333734607,0.018551998407137,1.079353492122194,-0.0100367379635997,-0.0031094292255687,1.192469738325197,2,Stress/Bear,0.5381
2018-12-12,dax,0.0137192697361377,0.0133367094798296,0.010896345980339,0.0142377375592133,1.096204675475879,-0.0048952210756928,-0.0021626388191666,1.223961638506515,0,Calm/Bull,0.7509
2018-12-13,dax,-0.0004328236618611,0.0133225352300118,0.0108612504123616,0.0092917667130632,0.9388748647674,0.0020927941656922,-0.0019257367134919,1.2266115524644263,0,Calm/Bull,0.9872
2018-12-14,dax,-0.0054088607059666,0.0133433703967641,0.0107800928977866,0.0156122995200308,0.883611535490553,0.0014349408920952,-0.0021403520005352,1.2377787949771588,0,Calm/Bull,0.9816
2018-12-17,dax,-0.0086486782600428,0.0133460902626146,0.0107225391083717,0.0172833482598119,0.92547494425037,0.0028069636136095,-0.0021456960708108,1.2446762961390831,0,Calm/Bull,0.9327
2018-12-18,dax,-0.0029108388623128,0.0129477520344164,0.0107094623211074,0.0117727860029634,1.0545405102212977,-0.0007363863508091,-0.0014928243816731,1.2090011287399165,0,Calm/Bull,0.9936
2018-12-19,dax,0.0023546014719026,0.0123268656364221,0.01071247434762,0.0076062630486605,1.054681734714313,-0.0030093200036561,-0.0021718621492291,1.1507019981019435,0,Calm/Bull,0.9644
2018-12-20,dax,-0.0145119359554029,0.0125345901421403,0.0108181553668137,0.0115850092851254,1.2971876167443273,-0.0058251424623645,-0.0024253056280351,1.1586624259984275,0,Calm/Bull,0.7983
2018-12-21,dax,0.002138931271181,0.012466112134592,0.01080158387369,0.0133555489597238,2.1181055220494933,-0.0043155840669349,-0.0025610703772218,1.1541003875326366,2,Stress/Bear,1.0
2018-12-27,dax,-0.0240132008446433,0.0126749806111277,0.0110311642563875,0.0343158180305918,1.013252210323143,-0.007388488583855,-0.0044803587894141,1.149015672011985,2,Stress/Bear,0.8496
2018-12-28,dax,0.0169484682370452,0.0135519286902116,0.0112452556774691,0.0147192453091943,0.5175145923988338,-0.0034166271639834,-0.0034316920907313,1.2051241055696176,0,Calm/Bull,0.4409
2019-01-02,dax,0.0020086404132416,0.0135961089289484,0.0112588632563831,0.0213370450655175,0.7807935075451969,-0.0034858193757156,-0.0032860085048383,1.2075916208716857,0,Calm/Bull,0.6387
2019-01-03,dax,-0.0155769627793508,0.0138427841861711,0.0113843665042315,0.0133007895629934,0.8340019337780192,-0.0036988247405052,-0.0040619827627982,1.2159468145219816,1,Transition,0.5828
2019-01-04,dax,0.0331435608746595,0.0161526744017017,0.0122350009167763,0.028087680928414,0.9447471155656028,0.0025021011801904,-0.002223073732204,1.32020214069241,2,Stress/Bear,0.9494
2019-01-07,dax,-0.0018480504783288,0.0154148412358827,0.0121376296162851,0.0123932411009983,0.7157331754962327,0.0069351312534533,-0.003231853064918,1.2700042531533922,1,Transition,0.7522
2019-01-08,dax,0.0052126552387727,0.0153986367947676,0.0121587363204715,0.0153350598864206,0.9376246043253538,0.0045879686537988,-0.0024004457061483,1.2664668752492885,1,Transition,0.8456
2019-01-09,dax,0.0082351578708314,0.0153999003363085,0.0119178481055207,0.0112757244440938,0.95084909134691,0.0058332721453168,-0.0013892720774369,1.292171220841013,1,Transition,0.6699
2019-01-10,dax,0.0025917637865065,0.0131686980960684,0.0117906380239417,0.0127344168857055,0.785914223349991,0.0094670174584882,0.0005089611053276,1.11687748104288,0,Calm/Bull,0.7496
2019-01-11,dax,-0.0031298851605204,0.013181243542911,0.0117939858069248,0.0118558487092599,0.7782687843766796,0.0022123282514522,0.0004584465642007,1.1176241652903836,0,Calm/Bull,0.9643
2019-01-14,dax,-0.0029020181010943,0.0126689673234316,0.0117401401982285,0.0091637151853846,0.6987403806486281,0.0020015347268991,0.0010887852525267,1.07911550539603,0,Calm/Bull,0.9781
2019-01-15,dax,0.0032996514614766,0.0122681886861585,0.01158931512407,0.0167318901412357,0.8595911605549831,0.0016189339714399,0.0005134722776115,1.0585775392955292,0,Calm/Bull,0.9334
2019-01-16,dax,0.0036154684103285,0.0118982209474552,0.0115947109351475,0.0074539088889266,0.8663175009690504,0.0006949960793393,8.28221132109588e-06,1.0261765915515522,0,Calm/Bull,0.9762
2019-01-17,dax,-0.0011551669793592,0.0119007264776242,0.011525391845579,0.0098043345714526,0.8651397076790351,-5.439007383379515e-05,-2.783495455381136e-05,1.0325658890451666,0,Calm/Bull,0.9822
2019-01-18,dax,0.025938702911361,0.0131531278781028,0.0120340690823428,0.0198999988931953,1.2730907021663689,0.0057593275405425,0.0015395432263125,1.092990890122273,1,Transition,0.8891
2019-01-21,dax,-0.0062072216093123,0.013064627131085,0.0120538062968649,0.0048831631848168,0.7122893707967644,0.0050982868388989,0.001661616058849,1.0838590574068692,0,Calm/Bull,0.8878
2019-01-22,dax,-0.0041473288799938,0.013090304188757,0.0117338848338407,0.0097086429676355,0.8030933584096923,0.0036088907706048,0.001599791557965,1.1155984888316262,0,Calm/Bull,0.9491
2019-01-23,dax,-0.0016758965617725,0.0131090835527392,0.0116986242293907,0.0116099511548516,0.9641445131799692,0.0025506177761846,0.0013982666562812,1.1205662559709382,0,Calm/Bull,0.9435
2019-01-24,dax,0.0052824542889429,0.0125812618236404,0.0116407441647574,0.0104930955601429,1.2225903634777726,0.003838142029845,0.0023879861684985,1.0807953207777312,0,Calm/Bull,0.9044
2019-01-25,dax,0.01352961529941,0.0128248552256981,0.0117109818557796,0.0091537342438506,1.181847867747177,0.0013563245074548,0.00295752036991,1.095113576610041,0,Calm/Bull,0.5639
2019-01-28,dax,-0.0063560726335149,0.0113989746136481,0.0116354563132927,0.0070283553338396,0.8803246605843874,0.0013265543026143,0.0038403767804664,0.9796757691939944,0,Calm/Bull,0.6859
2019-01-29,dax,0.0007597712935873,0.0109864993603506,0.0116237518338309,0.0104387311998643,0.8923982408367013,0.0023079743373305,0.0030309419332935,0.9451766965958778,0,Calm/Bull,0.8953
2019-01-30,dax,-0.0033186734397881,0.0110767981718271,0.0114799733213515,0.0074076726503534,0.8777244977049145,0.0019794189617274,0.002764576240642,0.9648801318401492,0,Calm/Bull,0.94
2019-01-31,dax,-0.000765881394674,0.0102502820704503,0.0114763316073437,0.0232934257031615,1.313163127425922,0.000769751825004,0.0035051303098759,0.8931671217910006,1,Transition,0.99
2019-02-01,dax,0.000676445237183,0.007515445782759,0.0114598757022866,0.0091613273338553,1.1885575646798998,-0.0018008821874413,0.001881774528002,0.6558051743318151,1,Transition,0.9602
2019-02-04,dax,-0.0003649894287061,0.0074839581462221,0.0114579788245902,0.0097498273891292,0.8652328250052279,-0.0006026655464795,0.0019559275804832,0.6531656464716642,1,Transition,0.97
2019-02-05,dax,0.0169801481829693,0.0081833598694835,0.0116769533434564,0.0170689982795014,1.0457775929144402,0.0026414098313968,0.002544302227693,0.7008129285768995,1,Transition,0.9994
2019-02-06,dax,-0.0038127498466162,0.0081858313580364,0.0116337028057546,0.0044610823960616,0.898208489776113,0.0025425945500311,0.0019419068418206,0.7036307781549389,1,Transition,0.9433
2019-02-07,dax,-0.0270928753728468,0.0104420360978962,0.0121249938283708,0.0239920124381697,1.2555701776714945,-0.0027228042456033,0.0004576748838529,0.8611992917854768,1,Transition,0.9799
2019-02-08,dax,-0.0105104082027,0.0107026580393262,0.0121895454396944,0.0166731685592292,1.170861591736689,-0.0049601749335799,8.864873174401289e-05,0.8780194546446104,1,Transition,0.522
2019-02-11,dax,0.0098361041248737,0.0108926501141394,0.0120618804351168,0.0088401037686165,0.794414969149119,-0.002919956222864,0.0007255548430424,0.9030640100217416,0,Calm/Bull,0.6335
2019-02-12,dax,0.0100711656081714,0.0110804913928952,0.0120146302131697,0.0042710038860342,0.8574632201602774,-0.0043017527378236,0.0010641305503771,0.9222498900340234,1,Transition,0.8012
2019-02-13,dax,0.0036907676743659,0.011081416674726,0.0120105267855453,0.0082124255797848,0.8039869559706394,-0.0028010492336271,0.001067895513579,0.922642018338654,0,Calm/Bull,0.8077
2019-02-14,dax,-0.0069578079613051,0.0112178065502082,0.0120248599768138,0.0164808829207961,0.958594879673547,0.0012259642486811,0.0007777634644817,0.9328845884141934,0,Calm/Bull,0.6856
2019-02-15,dax,0.0187601404350083,0.0104595987440881,0.0122757377044242,0.0269119466389882,1.2239531995983142,0.0070800739762228,0.000418835340664,0.8520545971195227,1,Transition,0.9605
2019-02-18,dax,-5.3065124575525305e-05,0.0103442974096895,0.0122251476003369,0.0054801134033529,0.6467630317080495,0.005102240126333,0.0007265431649009,0.846149081210638,1,Transition,0.5174
2019-02-19,dax,0.0008854905063973,0.0102805116120404,0.0120423966630894,0.0112227908824657,0.7856012588807544,0.0032651051059781,0.0009781841342205,0.853693155910625,0,Calm/Bull,0.6709
2019-02-20,dax,0.0081686889631359,0.0103819247866731,0.0119132065511013,0.0104130685341939,0.8484536212135607,0.0041606893637321,0.0014704134104659,0.8714635091853843,0,Calm/Bull,0.7636
2019-02-21,dax,0.001867278830857,0.0103439419305236,0.0118468145789416,0.005442473348226,0.936662102139828,0.0059257067221646,0.0012996546375616,0.8731412027761923,0,Calm/Bull,0.7135
2019-02-22,dax,0.0030086077723198,0.0099492384306169,0.0118375004186705,0.0073286719962225,0.8219566568747687,0.0027754001896269,0.0007736042612071,0.8404847373795761,0,Calm/Bull,0.7364
2019-02-25,dax,0.0041535805513923,0.0098296781235297,0.0117056923781998,0.0055469078308153,0.8611862965919996,0.0036167293248205,0.0012990869204524,0.8397348747892982,0,Calm/Bull,0.7607
2019-02-26,dax,0.0030721289990232,0.0098365974412178,0.0116979292265859,0.0099646557653986,0.912087078133978,0.0040540570233456,0.0014147048057242,0.8408836513442177,0,Calm/Bull,0.7328
2019-02-27,dax,-0.0046430239815295,0.0098745229023131,0.0117146032484152,0.0068118526644419,1.031371854722626,0.0014917144344125,0.0013484872786372,0.8429242282404238,0,Calm/Bull,0.7466
2019-02-28,dax,0.0024613851986604,0.0098645166147965,0.0117179019715695,0.0094575863412656,1.0475476113009763,0.0016105357079732,0.0015098506083039,0.8418330037860218,0,Calm/Bull,0.7905
2019-03-01,dax,0.0074438073985666,0.0099501189941926,0.0117418274297724,0.0080833358585603,0.92205492366064,0.0024975756332226,0.0018482187163731,0.8474080422067177,0,Calm/Bull,0.781
2019-03-04,dax,-0.0007777355825084,0.0099553775991467,0.0115069443612547,0.0050635656114574,0.7481661874547426,0.0015113124064424,0.0018275814086829,0.8651625737122443,0,Calm/Bull,0.9055
2019-03-05,dax,0.0024193001756371,0.0092997743498532,0.0114087669575922,0.0065684351070175,0.828840573245691,0.0013807466417652,0.0010995390083163,0.815142809422052,0,Calm/Bull,0.8202
2019-03-06,dax,-0.0028533131675354,0.0092755442138492,0.0113008897717812,0.0075554540119856,0.8551278405262721,0.001738688804564,0.0011475108422704,0.8207799917676062,0,Calm/Bull,0.858
2019-03-07,dax,-0.0060444918513046,0.0067540726720225,0.0103109392874464,0.0138993424494882,1.3126406003590825,3.7513394571050615e-05,0.0021999300183475,0.6550395151919517,0,Calm/Bull,0.5477
2019-03-08,dax,-0.0052194496412108,0.0063196737100754,0.01033485662329,0.0061390143961881,1.095405980185375,-0.0024951380133844,0.0024644779464219,0.6114911837125787,0,Calm/Bull,0.521
2019-03-11,dax,0.0074466178099571,0.0061943208416516,0.0101361958146941,0.0075964483469599,0.9554877912845026,-0.0008502673348913,0.0023450036306761,0.6111090348779491,0,Calm/Bull,0.6494
2019-03-12,dax,-0.001674253862775,0.0059762059389312,0.0099886077307949,0.0103487490201893,1.15660334307724,-0.0016689781425737,0.0017577326571288,0.5983021958612462,0,Calm/Bull,0.8153
2019-03-13,dax,0.0041772681807795,0.0059854710261864,0.0098596040029805,0.0086550817761938,1.0316348394602686,-0.0002628618729107,0.0017820576824495,0.607070124152763,0,Calm/Bull,0.8673
2019-03-14,dax,0.0013004879568619,0.0056247951544321,0.0098580146572724,0.008169182615684,1.14988586364575,0.0012061340887225,0.0021949724783578,0.5705809283091964,0,Calm/Bull,0.8389
2019-03-15,dax,0.0084407347878492,0.0043553254806539,0.0098679842208485,0.0128644583757829,2.3412466921464383,0.0039381709745345,0.0016790021959999,0.4413591857445694,2,Stress/Bear,1.0
2019-03-18,dax,-0.0024530848963794,0.0044378421890124,0.0097951943029835,0.0065608714006039,1.1101242116531382,0.0019582304332672,0.0015590012074097,0.4530632115853673,0,Calm/Bull,0.5919
2019-03-19,dax,0.0112048904728587,0.0049282188779492,0.0098612536130349,0.014528719780054,0.9848725128021046,0.004534059300394,0.0020749712057328,0.4997558192231212,1,Transition,0.9753
2019-03-20,dax,-0.0157765022310554,0.0061315945533281,0.0101108533849111,0.0107903439907634,1.1968380205774731,0.000543305218027,0.0008777116460232,0.6064368970554589,1,Transition,0.6539
2019-03-21,dax,-0.0046583860511471,0.0062486735558894,0.0099289065319539,0.0099350993759363,1.0786855429837456,-0.0006484695835747,0.000551428401923,0.6293415630190026,0,Calm/Bull,0.8469
2019-03-22,dax,-0.0162165538496289,0.0072493907523102,0.0101856225962213,0.0235370901725629,1.2865429074029129,-0.0055799273110704,-0.0004098296791744,0.7117277990448609,1,Transition,0.9578
2019-03-25,dax,-0.0015428359243866,0.00717215445683,0.0096450962212017,0.0070029443229477,0.8582172088350877,-0.0053978775166718,-0.0006946505029633,0.7436063147886729,0,Calm/Bull,0.8927
2019-03-26,dax,0.0063981294865378,0.0073014849884715,0.0094525919385259,0.0129016445650199,0.9114650163480548,-0.006359229713936,-0.0005283504785876,0.7724320520716556,0,Calm/Bull,0.8619
2019-03-27,dax,-3.856902091389785e-05,0.0072372256798004,0.0094537065798235,0.0117540288941415,1.1518557312174935,-0.0032116430719077,-0.0002981277305568,0.7655437175558609,0,Calm/Bull,0.9763
2019-03-28,dax,0.0007983575750155,0.0072133661046766,0.0091917987955199,0.0069556458159651,1.0055773617688657,-0.0021202943466752,-0.000381279111739,0.7847610968369387,0,Calm/Bull,0.9854
2019-03-29,dax,0.0085283281693125,0.0072790639738967,0.0082596002339643,0.0093093381876042,0.995381766468754,0.002828682057113,-0.0003270530732018,0.8812852641420179,0,Calm/Bull,0.9956
2019-04-01,dax,0.0134395328506479,0.0079004327382314,0.0084006330745313,0.0080413911705367,1.0579364048214284,0.00582515581212,0.000383810348456,0.9404568284482852,0,Calm/Bull,0.9951
2019-04-02,dax,0.0062124607542804,0.0079968100710387,0.0084093330801787,0.0100809967346257,0.8378974533523158,0.0057880220656685,0.0005734683773881,0.9509446224561688,0,Calm/Bull,0.998
2019-04-03,dax,0.016838623704138,0.008731233355006,0.0085989700456613,0.0089632593123642,0.9960685727595596,0.0091634606106788,0.0015580652209718,1.0153812966718596,0,Calm/Bull,0.9927
2019-04-04,dax,0.002807519949486,0.0085480026584458,0.0085994585321937,0.0094001802908211,0.8396378817580487,0.009565293085573,0.0020006658110113,0.9940163821297316,0,Calm/Bull,0.9946
2019-04-05,dax,0.0018118558177737,0.0083783312582122,0.0085774868093488,0.0047070316565707,0.7884875993616391,0.0082219986152652,0.0023522310839606,0.9767815963389735,0,Calm/Bull,0.9991
2019-04-08,dax,-0.0038667981781167,0.0083981706609456,0.0085870354433507,0.0034547099299115,0.69347401058401,0.0047607324095123,0.0017865602845569,0.9780058224225364,0,Calm/Bull,0.9996
2019-04-09,dax,-0.0094760276502685,0.0087415565495563,0.0087022783357191,0.0116416305122445,0.7260719890083293,0.0016230347286025,0.0013964715951822,1.0045135552233573,0,Calm/Bull,0.9987
2019-04-10,dax,0.0046589345523464,0.0087502801219656,0.0087078093708676,0.0061574920281517,0.7602812562370885,-0.0008129031017557,0.0014205549137605,1.0048773175076744,0,Calm/Bull,0.9996
2019-04-11,dax,0.0024571048383908,0.0087532663785585,0.0087021641758237,0.0097886986571774,0.8746357210878275,-0.0008829861239748,0.001478385757837,1.0058723556235305,0,Calm/Bull,0.9995
2019-04-12,dax,0.0054087569449232,0.0086520081111619,0.0081076094997042,0.011763415280428,1.092093447171253,-0.0001636058985449,0.0013267868656907,1.0671466245972363,0,Calm/Bull,0.9998
2019-04-15,dax,0.0016944556970799,0.0086062256778383,0.0080501893473517,0.0038809736182348,0.7775281266456174,0.0009486448764943,0.0015341638953637,1.0690712114329946,0,Calm/Bull,1.0
2019-04-16,dax,0.0067193172925207,0.0083968419277016,0.0080484092252849,0.0074859471041705,0.9944121052269074,0.0041877138650522,0.0013098852363468,1.0432921205499943,0,Calm/Bull,0.9999
2019-04-17,dax,0.0042672750949837,0.0073854266185877,0.0080458032282085,0.0088957233672303,1.2188185983388906,0.0041093819735797,0.0023120741026487,0.917922848609376,0,Calm/Bull,0.998
2019-04-18,dax,0.0056876483904775,0.0072322420124851,0.0080491556072107,0.0117513748901681,1.2839253291411925,0.004755490683997,0.00282937582473,0.8985094046394473,0,Calm/Bull,0.9866
2019-04-23,dax,0.0010728736940065,0.0057086859643475,0.0078943540134493,0.005625356268839,0.9314981720943858,0.0038883140338136,0.0036938472019117,0.7231352881593476,0,Calm/Bull,0.9912
2019-04-24,dax,0.0063262612472473,0.0055988881996773,0.0078541397678773,0.0102207400681879,1.258037265289515,0.0048146751438471,0.0040873020604934,0.7128582333836524,0,Calm/Bull,0.9174
2019-04-25,dax,-0.0024850269227764,0.0057560654227061,0.0078709237166022,0.0069733112980109,1.127040447243829,0.0029738063007877,0.0036431442400277,0.7313074843508873,0,Calm/Bull,0.9866
2019-04-26,dax,0.002649027522682,0.00569665456124,0.0078465416141638,0.0051870849174323,1.0616020063277798,0.0026501567863273,0.0037775240672075,0.7260083284280198,0,Calm/Bull,0.9903
2019-04-29,dax,0.0010420599044718,0.0056902037345265,0.007840735134759,0.008900028612412,0.8425813004495531,0.0017210390891262,0.0037897091836803,0.7257232436409043,0,Calm/Bull,0.9787
2019-04-30,dax,0.0013019199336762,0.0056022246001031,0.0078398488578489,0.005151444526246,0.986886277713184,0.0017668483370602,0.0034283887718985,0.7145832402743905,0,Calm/Bull,0.9929
2019-05-02,dax,0.0001085355111538,0.0051207839363567,0.0078380243431873,0.0080118907964191,1.153851703749022,0.0005233031898415,0.0027618389049238,0.6533258525546201,0,Calm/Bull,0.993
2019-05-03,dax,0.0054390323940151,0.0050962153067044,0.0075934238011891,0.0073665749431028,0.9464836905700816,0.0021081150531998,0.0027231674869105,0.6711353718867105,0,Calm/Bull,0.9931
2019-05-06,dax,-0.0101921532750358,0.0047266493058652,0.0077123127533609,0.013285735347942,1.0609516427824115,-0.0004601211063437,0.0013716286379518,0.6128705431202137,0,Calm/Bull,0.967
2019-05-07,dax,-0.0159267249682102,0.0060875443002627,0.0071265959442233,0.0216865652380859,1.292693953918851,-0.0038538780808801,0.000434916392067,0.8542008481899706,0,Calm/Bull,0.5221
2019-05-08,dax,0.0071841975697107,0.00626737352856,0.0069839490764155,0.0118835032786391,1.1699208855721106,-0.0026774225536732,0.0007035334796639,0.8973967965666677,0,Calm/Bull,0.9979
2019-05-09,dax,-0.0170585446680679,0.0073707166968337,0.0073171767108662,0.0140848102981626,1.2343573206879053,-0.0061108385895176,4.394615516636301e-05,1.00731702787606,0,Calm/Bull,0.9986
2019-05-10,dax,0.0071491566782977,0.0071754556264598,0.0072679900781316,0.0108509283061843,1.5368646754479296,-0.0057688137326611,0.0008752053715946,0.9872682198686196,0,Calm/Bull,0.9914
2019-05-13,dax,-0.0153057809650662,0.0079664900959481,0.0075714200669323,0.0175520836331134,1.1693633055645227,-0.0067915392706671,-0.0001230304042759,1.05217911904548,0,Calm/Bull,0.9973
2019-05-14,dax,0.0096337617518152,0.0082455633991289,0.0075778497207085,0.0078305007753216,1.1069417809598825,-0.001679441926662,0.0002358024413952,1.088113871748559,0,Calm/Bull,0.9999
2019-05-15,dax,0.0089618583296996,0.0083997191876926,0.0072955894265599,0.0196172546158341,1.2894662765481169,-0.0013239097746643,0.000413457510634,1.1513420913069887,0,Calm/Bull,0.9924
2019-05-16,dax,0.0172720655198991,0.0092080884852067,0.0075847058938541,0.0227507629611372,1.0923998768908958,0.0055422122629291,0.001192338001775,1.2140336901748527,2,Stress/Bear,0.9503
2019-05-17,dax,-0.0058192989933063,0.009238773232042,0.0076420164993344,0.0098504908170043,1.0360771159410775,0.0029485211286082,0.0005654071874836,1.2089444236147175,0,Calm/Bull,0.9999
2019-05-20,dax,-0.0162811268926305,0.0099226846142523,0.007917367473805,0.0209769753016983,1.0437651260872811,0.0027534519430954,-0.000462012911897,1.253280796562989,0,Calm/Bull,0.7199
2019-05-21,dax,0.008449973989917,0.0100314174456076,0.0079762573060299,0.0091695052470411,0.9074675782048488,0.0025166943907157,-0.000323896631925,1.257659709400802,0,Calm/Bull,1.0
2019-05-22,dax,0.0020788333889633,0.0100413066088801,0.0079732289341528,0.0127811318544008,0.8661316920769074,0.0011400894025685,-0.0002735986471772,1.259377686481418,0,Calm/Bull,1.0
2019-05-23,dax,-0.0179374428643888,0.0106493039181967,0.0083274835534572,0.0130860767163526,1.167466604535954,-0.005901812274289,-0.001486783852759,1.278814163947,0,Calm/Bull,0.9958
2019-05-24,dax,0.0048932853426306,0.0107403141775499,0.0083398258564408,0.0075979902929474,0.8197652370472781,-0.0037592954071016,-0.0011178682394886,1.287834345995991,0,Calm/Bull,0.9997
2019-05-27,dax,0.0049945373921185,0.0107962701944309,0.0083286501483875,0.0061352388275017,0.4459129611936248,0.0004958374498481,-0.0010005927460168,1.2962809101209696,0,Calm/Bull,0.9996
2019-05-28,dax,-0.0036625040986032,0.0108006730983902,0.0083457782037242,0.0100522917943999,1.204728776020477,-0.0019266581678559,-0.0012358209461705,1.294148111145655,0,Calm/Bull,0.9997
2019-05-29,dax,-0.0158596535597209,0.0112603791174022,0.0085670725355336,0.0083537117107797,0.898560056337666,-0.0055143555575927,-0.0020938996208404,1.31437886987622,0,Calm/Bull,0.9944
2019-05-30,dax,0.0054145714900564,0.0113769048989308,0.0085906964946744,0.0055763460463925,0.4852944320876097,-0.0008439526867037,-0.0018285978218953,1.3243285810392176,0,Calm/Bull,0.999
2019-05-31,dax,-0.0148329629898841,0.0115962623541334,0.008809235417164,0.0079347723621459,0.9883691699964104,-0.0047892023532066,-0.0028421975910902,1.3163755768791363,0,Calm/Bull,0.9877
2019-06-03,dax,0.0056097689556434,0.011607442176588,0.008828042286609,0.0146691281109541,1.0389017321417031,-0.0046661560405016,-0.0020521014795563,1.314837627612529,0,Calm/Bull,0.9994
2019-06-04,dax,0.0150112653388092,0.0117220370777442,0.0089889006086868,0.0228899542014922,1.073023290093091,-0.0009314021530192,-0.0005052019642053,1.3040568127337095,0,Calm/Bull,0.8313
2019-06-05,dax,0.0008049145968159,0.011587815037305,0.0089558873633573,0.0107555629530917,0.8231904014082867,0.0024015114782881,-0.00082416611285,1.2938768172449555,0,Calm/Bull,0.9999
2019-06-06,dax,-0.0023121912685265,0.0109521882319607,0.0089206412300254,0.0148186909901662,0.9103192095322544,0.0008561589265715,-8.68484428730127e-05,1.2277355348735983,0,Calm/Bull,0.9999
2019-06-07,dax,0.0076871982443681,0.0109715413484234,0.0089622936316053,0.0090856768945627,0.8451638937981786,0.005360191173422,-5.994636456949669e-05,1.2241890077928823,0,Calm/Bull,0.9999
2019-06-11,dax,0.0091260352418998,0.0105362051864618,0.0090170926262243,0.0090541519458971,1.0064042764145065,0.0060634444306733,0.0011616444457788,1.1684703288751197,0,Calm/Bull,0.9998
2019-06-12,dax,-0.0033067537762778,0.0103848009858797,0.0090325330117838,0.0052964359846196,0.7544761749871715,0.0023998406076558,0.0005146186693741,1.1497108255604274,0,Calm/Bull,0.9999
2019-06-13,dax,0.0043953714310362,0.0102384710073501,0.008989093136766,0.0100402797279567,0.7695197550427211,0.0031179319744999,0.0002862943244409,1.1389881995408482,0,Calm/Bull,0.9999
2019-06-14,dax,-0.0059879071311846,0.0095020699883693,0.0090214703626419,0.0071831803010871,0.7964076231119965,0.0023827888019683,-0.0008767043081132,1.0532728708745254,0,Calm/Bull,0.9995
2019-06-17,dax,-0.000875029545877,0.0094307610280004,0.008915335951373,0.005358326034189,0.9772750518051916,0.0006703432439193,-0.0006294908357417,1.0578133094971072,0,Calm/Bull,0.9996
2019-06-18,dax,0.0201443469362532,0.0097605103542007,0.0090151170209896,0.0300403588551908,1.7225547482161498,0.0028740055827899,0.0011917828557024,1.0826826020644684,2,Stress/Bear,0.9943
2019-06-19,dax,-0.001884697185099,0.009628703811222,0.0089926206159128,0.0045098614043947,1.1568435551588525,0.0031584169010257,0.0006750492969516,1.0707339075534483,0,Calm/Bull,0.9995
2019-06-20,dax,0.0037998364843069,0.0096495770215649,0.0087075936543099,0.0067161353151249,1.0519406035907977,0.0030393099116798,0.0007610994517188,1.108179527508012,0,Calm/Bull,0.9999
2019-06-21,dax,-0.0012528475127577,0.008613557577671,0.0087060163968855,0.0088161057568653,2.215539409006729,0.0039863218353652,0.0015953292193003,0.9893798937424984,2,Stress/Bear,1.0
2019-06-24,dax,-0.0053098611667349,0.0087095653359263,0.0087232520735383,0.0074014492615258,0.9401894995693764,0.0030993555111936,0.001085171893832,0.9984310051461824,0,Calm/Bull,0.9995
2019-06-25,dax,-0.0037652464667933,0.0087228700234854,0.0087454846319077,0.0058192339946508,0.7621408999367815,-0.0016825631694156,0.0006471827008864,0.9974141389100588,0,Calm/Bull,0.9995
2019-06-26,dax,0.0013794271887291,0.0086644236167845,0.0087454200799837,0.0103181955351566,0.9185616843703136,-0.00102973829465,0.0008992792652531,0.9907384136544104,0,Calm/Bull,0.9994
2019-06-27,dax,0.002097373364944,0.0077147273883405,0.0086927225100651,0.0102053752585942,0.8951694351613884,-0.0013702309185225,0.0017971306114863,0.8874926560013674,0,Calm/Bull,0.9965
2019-06-28,dax,0.0103584559188636,0.0079133852882925,0.0086271083492549,0.0089193990944341,1.019241717770033,0.0009520297678017,0.0020443248329267,0.9172697232875232,0,Calm/Bull,0.9969
2019-07-01,dax,0.0098378958989675,0.0070160568078556,0.0086768411085269,0.0080166789724419,0.9630725280736052,0.0039815811809421,0.0032778677773693,0.8085957458597257,0,Calm/Bull,0.9865
2019-07-02,dax,0.000426367182674,0.0070211182170176,0.0084258302746268,0.0051058826519344,0.7213487178923719,0.0048199039108356,0.0030186976887208,0.8332850280833167,0,Calm/Bull,0.9975
2019-07-03,dax,0.0071209504556826,0.0065152447334724,0.0084617525919166,0.0068181589484659,0.751258702270915,0.0059682085642263,0.0026241819445645,0.7699639835483185,0,Calm/Bull,0.9934
2019-07-04,dax,0.0010821580839609,0.0065114640827191,0.0084608729671209,0.0031480664451251,0.5918363291469535,0.0057651655080297,0.0026380441189217,0.7695971926328101,0,Calm/Bull,0.9974
2019-07-05,dax,-0.0048709571913993,0.0066377589419017,0.0084713259673794,0.0087527947366683,0.8698147495173847,0.0027192828859771,0.0025101058227781,0.7835560769898167,0,Calm/Bull,0.9914
2019-07-08,dax,-0.0019927107517403,0.0065931586188722,0.0083716352614227,0.0063555340263274,0.9859156072978692,0.0003531615558355,0.0020261103729726,0.7875592298262288,0,Calm/Bull,0.9965
2019-07-09,dax,-0.0085636797069316,0.0067746178410067,0.0084459760830681,0.0091198864360476,1.138600043769585,-0.0014448478220855,0.0011416246255311,0.8021118902512644,0,Calm/Bull,0.9948
2019-07-10,dax,-0.0050898739739305,0.0068475812842718,0.0084759138858604,0.0074360879064955,0.8608847528547039,-0.0038870127080081,0.0010524686156484,0.8078870758343868,0,Calm/Bull,0.9931
2019-07-11,dax,-0.0033425777183785,0.0068673355732722,0.0084670708719395,0.0089676262231559,0.8327735691773176,-0.004771959868476,0.0006655711581777,0.8110639059407209,0,Calm/Bull,0.9916
2019-07-12,dax,-0.0007138225809635,0.0066975597087419,0.0084668043827049,0.0040483933852547,0.8310998964329954,-0.0039405329463889,0.0009292753856887,0.7910374925423969,0,Calm/Bull,0.9891
2019-07-15,dax,0.0051815430328636,0.0067484149221878,0.0084497074677064,0.0107415774484975,0.7560302230037074,-0.0025056821894681,0.0012321040146258,0.7986566337331025,0,Calm/Bull,0.9912
2019-07-16,dax,0.0035159467758675,0.0051247531191622,0.0084444181768397,0.0079012905095506,0.8380408189669836,-8.975689290829916e-05,0.0004006840066065,0.6068805466334801,0,Calm/Bull,0.9912
2019-07-17,dax,-0.007261411942466,0.0053853509399265,0.0084718143886477,0.0104529360306048,0.8270816927329382,-0.0005240644866154,0.0001318482687382,0.6356785799206041,0,Calm/Bull,0.9822
2019-07-18,dax,-0.0092134004667225,0.0056960300568308,0.0085567013313064,0.0101170659510444,0.8422889020300259,-0.0016982290362841,-0.0005188135788132,0.6656805977311288,0,Calm/Bull,0.9756
2019-07-19,dax,0.0026315605263429,0.0057357697122789,0.0085235566013444,0.0104763208051544,0.9682872822563302,-0.0010291524148228,-0.0003245931768582,0.6729314980291443,0,Calm/Bull,0.9842
2019-07-22,dax,0.0023894683869023,0.0056411611305504,0.0085233977890554,0.0088954165754819,0.7426000438132337,-0.0015875673440151,6.037330082362857e-05,0.6618441694454388,0,Calm/Bull,0.9889
2019-07-23,dax,0.0162504545515325,0.0066176925102782,0.0087720433533555,0.0129671839717515,1.182780279958115,0.0009593342111178,0.0010611583517399,0.754407182420822,0,Calm/Bull,0.8945
2019-07-24,dax,0.0025705530877397,0.0066260620496179,0.0087766423976813,0.0058924131038483,1.1636549318458185,0.0029257272171589,0.0011207146466904,0.7549654810327548,0,Calm/Bull,0.9923
2019-07-25,dax,-0.012922832720282,0.0073239919309101,0.0089386859801153,0.0243348692884549,1.4200505200270397,0.002183840766447,0.0003697043424291,0.819358902102925,1,Transition,0.9824
2019-07-26,dax,0.0046647474829647,0.0070196251962187,0.0089587443141136,0.0057890491711811,0.8863577566556015,0.0025904781577714,8.501892063420223e-05,0.783550121545489,0,Calm/Bull,0.9905
2019-07-29,dax,-0.0001957263638454,0.0066338611039638,0.0089313224253086,0.006957105621341,0.8165849939035095,0.0020734392076218,-0.0004166621925064,0.7427635895402778,0,Calm/Bull,0.9832
2019-07-30,dax,-0.0220023272484403,0.0081957372439718,0.0092831084981443,0.0238103047776251,1.415421989605285,-0.0055771171523726,-0.0015380969140621,0.8828656096834521,1,Transition,0.7112
2019-07-31,dax,0.0034351877380413,0.0080305577148236,0.009060679515125,0.0071752952371322,1.1110525663372357,-0.0054041902223123,-0.0017223850499442,0.8863085490904034,0,Calm/Bull,0.9634
2019-08-01,dax,0.0052458881514528,0.0081600174916826,0.0090385383887773,0.0101769905156725,1.048007551576596,-0.0017704460479653,-0.0015141985465696,0.902802769728178,0,Calm/Bull,0.9907
2019-08-02,dax,-0.0315632947470107,0.0105660532229184,0.0096766838527176,0.0166907686270206,1.5999314241267204,-0.0090160544939604,-0.0028488154243502,1.0919084868057425,2,Stress/Bear,0.9938
2019-08-05,dax,-0.018183418578388,0.0111035753397067,0.0099031736388204,0.0144914935224521,1.2957611717028208,-0.0126135929368689,-0.0036583508156825,1.1212138395898386,2,Stress/Bear,0.6666
2019-08-06,dax,-0.0077971611274935,0.0110870632125334,0.0097601384332217,0.0156354376915427,0.9929338640631976,-0.0097725597126796,-0.0036200248867106,1.1359534793886792,0,Calm/Bull,0.9582
2019-08-07,dax,0.0070798847759261,0.0113333669033277,0.0097209564307813,0.0161354542599956,1.2331488357217744,-0.0090436203051026,-0.0030115369492178,1.1658695298171144,0,Calm/Bull,0.8932
2019-08-08,dax,0.0166213749686383,0.0121522633239167,0.0098957925464201,0.0136272125444157,1.1314531131171237,-0.0067685229416655,-0.002013339314867,1.2280232499733323,0,Calm/Bull,0.7263
2019-08-09,dax,-0.0128816938463071,0.0123861172411214,0.0097500953915126,0.0163778698497325,1.1797904234545724,-0.0030322027615248,-0.0026217328781341,1.2703585702252054,0,Calm/Bull,0.9949
2019-08-12,dax,-0.0012082171086181,0.0122559707598497,0.0097284626722613,0.0162641413138069,0.835495998815041,0.0003628375324291,-0.0029412208852082,1.25980549781981,0,Calm/Bull,0.9984
2019-08-13,dax,0.0060137413768325,0.0123376871330711,0.0095504912575762,0.0252124872622335,1.251411480506491,0.0031250180332943,-0.00281633115516,1.291837958941003,2,Stress/Bear,0.6944
2019-08-14,dax,-0.0221557100653656,0.0130491233415476,0.0098809792221694,0.0261210364903414,1.1179665134819798,-0.002722100934964,-0.003561046061305,1.3206305820651911,2,Stress/Bear,0.9312
2019-08-15,dax,-0.0069844494079846,0.0130077607375145,0.0099036392234124,0.0230909417935487,1.2027579311135708,-0.0074432658102886,-0.0034495985083681,1.3134324104581492,0,Calm/Bull,0.907
2019-08-16,dax,0.0130637447376238,0.0134655573013202,0.0098169870061313,0.0113727366813155,1.1541315298261567,-0.0022541780935024,-0.002927989297804,1.371658869764237,0,Calm/Bull,0.9532
2019-08-19,dax,0.0131137852542007,0.013895126107272,0.0099507294207236,0.0113807824073259,0.7859640897565745,0.0006102223790613,-0.0023917734544391,1.396392718541176,0,Calm/Bull,0.9944
2019-08-20,dax,-0.0054942292891301,0.0131926356343145,0.0099462089367332,0.0125309199511047,0.698512705055861,-0.0016913717541311,-0.0034790076464722,1.32639840146446,0,Calm/Bull,0.9962
2019-08-21,dax,0.0129335590221559,0.0136387077439858,0.0100890614658747,0.0128180942797348,0.6473084471879081,0.0053264820633731,-0.0029608573497514,1.3518311678561443,0,Calm/Bull,0.9585
2019-08-22,dax,-0.0047396973509876,0.0134454996635239,0.0098989904046051,0.0117374149023079,0.7840724994886674,0.0057754324747725,-0.0025517005812867,1.3582697945912716,0,Calm/Bull,0.9841
2019-08-23,dax,-0.0116044699251389,0.0134780306643811,0.0099809671670046,0.0182241892599493,0.9415427422614444,0.0008417895422199,-0.0033651614516919,1.350373209215352,0,Calm/Bull,0.9624
2019-08-26,dax,0.0039992467275934,0.0135623282434977,0.009814503619383,0.0124197582593088,0.5737467166943974,-0.0009811181631014,-0.0031554127971199,1.3818659373371651,0,Calm/Bull,0.9954
2019-08-27,dax,0.0061552536437747,0.0129505904304668,0.0098201315770196,0.0138559252185814,0.8779616216041342,0.0013487784234794,-0.0017475337525092,1.3187797260041605,0,Calm/Bull,0.9995
2019-08-28,dax,-0.0024753503018306,0.012893410086146,0.009621872277095,0.0123194726955216,0.6499968916189647,-0.0017330034413178,-0.0020430606545028,1.34001052132431,0,Calm/Bull,0.9993
2019-08-29,dax,0.0117130430580164,0.0131640876297791,0.0097468890106324,0.01623292823327,0.7976273349528973,0.0015575446404829,-0.0017197029091746,1.3505937756569315,0,Calm/Bull,0.9971
2019-08-30,dax,0.0084448070526683,0.0112979172227403,0.0098061049439588,0.0120845034317935,0.8781837857293284,0.0055674000360444,0.0002807021808092,1.1521309722164998,0,Calm/Bull,0.999
2019-09-02,dax,0.0012137416846729,0.0104285792892667,0.0097553577993701,0.0053707023087214,0.5430830561215169,0.0050102990274603,0.0012505601939623,1.0690104354696344,0,Calm/Bull,0.9997
2019-09-03,dax,-0.0035969507208964,0.0102779914750016,0.0096888644474542,0.0073386937357999,0.7930774759372022,0.0030598581545261,0.0014605707142922,1.0608045484321076,0,Calm/Bull,0.9993
2019-09-04,dax,0.0095405271332188,0.0103631719732904,0.0097638430926383,0.0065338919658287,0.7738195362432717,0.005463033641536,0.0015836028321568,1.0613824776745993,0,Calm/Bull,0.9993
2019-09-05,dax,0.0084251070827745,0.0098883876149102,0.0098092195148863,0.0055364776901716,1.1053926276559314,0.0048054464464876,0.0011737894378636,1.008070784826843,0,Calm/Bull,0.9966
2019-09-06,dax,0.0053416387571501,0.0093500178662068,0.0098021783217234,0.0060540684115097,1.0060355753826995,0.004184812787384,0.0020849560680365,0.953871431361895,0,Calm/Bull,0.9961
2019-09-09,dax,0.0028150874350568,0.0093186643529573,0.0098073353775588,0.0045403476137994,0.9299961689660698,0.0045050819374607,0.0022861212952202,0.9501729057089546,0,Calm/Bull,0.9963
2019-09-10,dax,0.0034791366245333,0.0092824665624558,0.0094626269894177,0.0091500871715465,1.3589504147797655,0.0059202994065467,0.0021593910576053,0.980960844471268,0,Calm/Bull,0.9919
2019-09-11,dax,0.0073381162277329,0.00735999244306,0.0095077052241737,0.0062035347268358,1.1520131537713312,0.0054798172254495,0.0036340823722602,0.7741081858897975,0,Calm/Bull,0.9508
2019-09-12,dax,0.0041325122926297,0.0069226408096946,0.0095100149486147,0.012894221132733,1.419390697677387,0.0046212982674206,0.0041899304572909,0.7279316433359528,0,Calm/Bull,0.5669
2019-09-13,dax,0.004685147696487,0.0066035348414163,0.0095268568431642,0.006842852415554,1.1786289158610082,0.0044900000552879,0.0037710006052341,0.6931493723614174,0,Calm/Bull,0.9222
2019-09-16,dax,-0.0071006191310766,0.0066451413160515,0.0095471077388268,0.0047066295813578,1.0414271727537818,0.0025068587420612,0.0027602803859702,0.6960371138398934,0,Calm/Bull,0.9528
2019-09-17,dax,-0.0006220857193894,0.0064118177915214,0.0095339138311519,0.0072304839799794,1.0004407698333886,0.0016866142732767,0.0030038875644572,0.672527348691884,0,Calm/Bull,0.9602
2019-09-18,dax,0.0013738478302187,0.0059758022961777,0.0095339021136389,0.0049686406629289,0.9027422143673612,0.0004937605937738,0.0024259020048604,0.6267950126768101,0,Calm/Bull,0.961
2019-09-19,dax,0.0054798865740284,0.0057640129543356,0.0095553168097582,0.0089864255486437,1.0388597131701478,0.0007632354500536,0.0029368812011112,0.6032257296219828,0,Calm/Bull,0.9089
2019-09-20,dax,0.0008272238517225,0.0046821355477584,0.0094632294213586,0.0058020361797794,2.3078098174053134,-8.349318899264296e-06,0.0035584658899543,0.4947714294224765,2,Stress/Bear,0.9999
2019-09-23,dax,-0.0101313213207384,0.005590206713638,0.0094658427289477,0.014331158030362,0.9467137560487506,-0.0006144897568316,0.0028519374875377,0.5905661940212131,0,Calm/Bull,0.5317
2019-09-24,dax,-0.0028543977979895,0.0056724147124509,0.0094714019823365,0.00553817719977,0.720113149933028,-0.0010609521725516,0.0024014549154494,0.5988991622390805,0,Calm/Bull,0.9521
2019-09-25,dax,-0.0059467777775897,0.0058788501572851,0.0094482060307072,0.0097464039975095,0.8601478182919438,-0.0025250772941133,0.0022278835416615,0.6222186665043679,0,Calm/Bull,0.9266
2019-09-26,dax,0.0044334756674248,0.0054719547395849,0.0094676791186056,0.0073125327562797,0.9313872339551744,-0.002734359475434,0.0018639051721319,0.577961575485971,0,Calm/Bull,0.9228
2019-09-27,dax,0.0074911040661435,0.0054154511166099,0.0095044271437564,0.0064421411344286,0.7858939305966718,-0.0014015834325498,0.0018162200228057,0.569781958943987,0,Calm/Bull,0.9108
2019-09-30,dax,0.0038002068766502,0.0054311665835652,0.0095158468479433,0.0075707464997437,0.8216145985880347,0.0013847222069278,0.0019455432824045,0.5707496842216554,0,Calm/Bull,0.9375
2019-10-01,dax,-0.0133041487390875,0.0063144621849403,0.0096061046233798,0.0190356677991572,0.9171299961204216,-0.0007052279812917,0.001460183381495,0.657338477198334,1,Transition,0.8984
2019-10-02,dax,-0.0279962852194877,0.0088541313408824,0.0102368717919152,0.0252917424425064,1.092002426164577,-0.0051151294696713,-0.0004166572361402,0.8649254890419905,1,Transition,0.9904
2019-10-04,dax,0.0073155437306914,0.0087991200912034,0.010281113820322,0.0111489062334745,1.0073217275827704,-0.004538715857018,-0.0004721354037444,0.8558528039842072,0,Calm/Bull,0.9188
2019-10-07,dax,0.0070194628712406,0.0088652161586166,0.0103259634870278,0.011223006436672,0.7563238263387634,-0.0046330440959985,-0.0003882441980399,0.8585364619731354,0,Calm/Bull,0.9185
2019-10-08,dax,-0.0105727633325555,0.0091126010564951,0.0103841377714139,0.0137776224078593,0.9287157368018664,-0.0075076381378397,-0.0010576367364205,0.8775500919855701,0,Calm/Bull,0.8588
2019-10-09,dax,0.0103106963198911,0.0094146404348671,0.0104661894928513,0.0175628901947124,0.8083148025929195,-0.002784669126044,-0.0007160587516526,0.8995289490313165,0,Calm/Bull,0.7721
2019-10-10,dax,0.0057662871916589,0.0093502073656801,0.0104577796740615,0.0142426133422863,1.040152192322168,0.0039678453561853,-0.0007946502034563,0.8940910649390946,0,Calm/Bull,0.8284
2019-10-11,dax,0.0281630137906514,0.0113473792510212,0.0110127125350364,0.0216366308588947,1.1936319669479794,0.0081373393681773,0.0004068748714447,1.030389126649776,1,Transition,0.8299
2019-10-14,dax,-0.0020074100327505,0.0113132036000995,0.0110129386370096,0.0085924420140186,0.7126493329854126,0.006331964787379,7.224698498284636e-05,1.0272647449501713,0,Calm/Bull,0.9846
2019-10-15,dax,0.0114054807845988,0.0114516175175162,0.0111030027490038,0.0134998285381358,1.1266798427955915,0.0107276136108099,0.0009975519807666,1.0313982421146144,1,Transition,0.6042
2019-10-16,dax,0.0031873917298903,0.0114549412401889,0.0109145046350491,0.0074616586943018,1.1747246418982198,0.0093029526928098,0.0011880258532306,1.0495154496892494,0,Calm/Bull,0.9205
2019-10-17,dax,-0.0011972455531007,0.0114671667709961,0.0109116933441014,0.0131671701777397,1.1530890344417044,0.0079102461438578,0.0010594711840646,1.0509062534455194,0,Calm/Bull,0.8698
2019-10-18,dax,-0.0016885579580756,0.0114337096789289,0.0107787123981616,0.0076945576829396,1.0254521763022706,0.0019399317941124,0.0007010489574594,1.0607676739643808,0,Calm/Bull,0.994
2019-10-21,dax,0.0090113552814704,0.0115839291901155,0.0108226379026025,0.0110660322412187,1.0012843383061103,0.0041436848569566,0.0011102555289468,1.0703424889905933,0,Calm/Bull,0.9902
2019-10-22,dax,0.0005278250537233,0.0112807385892715,0.0108223268504385,0.0047519283462127,0.982728661951186,0.0019681537107815,0.0016432128476699,1.0423579647120331,0,Calm/Bull,0.9888
2019-10-23,dax,0.0034047074582708,0.0112361300255795,0.0104185958653898,0.0093271090036761,0.933822902403428,0.0020116168564576,0.0019561681104829,1.0784687467248415,0,Calm/Bull,0.9964
2019-10-24,dax,0.0057583598629126,0.0111069237228907,0.0104325980580267,0.0072692346500994,1.0257219059139686,0.0034027379396603,0.002541424992508,1.0646364080273547,0,Calm/Bull,0.9937
2019-10-25,dax,0.0017394730967126,0.0110991031542153,0.0104177012371844,0.0047965847867968,0.7360238793875294,0.0040883441506179,0.0024067248639724,1.0654080877841572,0,Calm/Bull,0.9975
2019-10-28,dax,0.0036538044902371,0.0110395932849647,0.0095133524241667,0.0072363227817397,0.848040313309062,0.0030168339923713,0.0022148598851771,1.1604314433806688,0,Calm/Bull,0.9997
2019-10-29,dax,-0.0001614943086953,0.0110451912813929,0.0091613598892781,0.0042149644710245,0.9414548361780396,0.0028789701198875,0.0020167748259098,1.20562792149662,0,Calm/Bull,0.9996
2019-10-30,dax,-0.0022738747369602,0.0105019406376239,0.0090914113994777,0.008824760160229,1.2123634568975818,0.0017432536808413,0.0025682885260162,1.1551496435665871,0,Calm/Bull,0.9991
2019-10-31,dax,-0.0033704803701756,0.0078347360164495,0.0090892269812921,0.0122991048676139,1.2118686459782415,-8.251436577629973e-05,0.0037995787684818,0.8619804558270283,0,Calm/Bull,0.924
2019-11-01,dax,0.0072991148067566,0.0078343488288629,0.008906913613471,0.0073567023793871,0.8042039213504198,0.0010294139762325,0.003798757322285,0.8795806458719884,0,Calm/Bull,0.9879
2019-11-04,dax,0.013429197675649,0.0080996478546821,0.0088342373309316,0.0115702642765878,1.0225893828242292,0.0029844926133148,0.0041192440625054,0.9168474369963532,0,Calm/Bull,0.916
2019-11-05,dax,0.0009297949091244,0.0073777177840747,0.0088256367961063,0.0040635576301479,1.0019901797244246,0.0032027504568788,0.0046943719745894,0.8359416951453941,0,Calm/Bull,0.9721
2019-11-06,dax,0.0023844727102073,0.0072722795917534,0.008809905393863,0.0058232657516293,0.9576343444617638,0.0041344199463123,0.0042980607941053,0.825466252659113,0,Calm/Bull,0.9823
2019-11-07,dax,0.0082790805194972,0.007320526589975,0.0082595494089406,0.0055223950900351,1.377330930995074,0.0064643321242469,0.0044237004604972,0.8863106481390951,0,Calm/Bull,0.9755
2019-11-08,dax,-0.0045931407223575,0.0050383384173213,0.0082190656856943,0.0062251380384459,1.1279289158146808,0.0040858810184241,0.0027858927348467,0.6130062235773126,0,Calm/Bull,0.9893
2019-11-11,dax,-0.0022847501858605,0.0050525868750629,0.0081217473194464,0.0061772986144196,0.8497666914193196,0.0009430914461221,0.0027720257271912,0.6221058937607225,0,Calm/Bull,0.9942
2019-11-12,dax,0.0064300527122486,0.0047164377695185,0.008014721778772,0.0070463010925935,0.9750374485702668,0.002043143006747,0.0025232543235737,0.5884718022290704,0,Calm/Bull,0.9942
2019-11-13,dax,-0.0040311059715526,0.0049341140321965,0.0079934412284839,0.0101715493055887,0.9217653319379964,0.000760027270395,0.0021623294385016,0.6172703208993731,0,Calm/Bull,0.9892
2019-11-14,dax,-0.0037742775690104,0.0050585448724673,0.0079007657328071,0.0045226352559867,0.9845891790375374,-0.0016506443473065,0.0020334778377061,0.6402600764964128,0,Calm/Bull,0.9941
2019-11-15,dax,0.004656701831491,0.0050115828252642,0.0078611692121514,0.0067083337266599,0.9825647671095088,0.0001993241634631,0.0023507408271844,0.6375111246196751,0,Calm/Bull,0.9945
2019-11-18,dax,-0.0026269855117238,0.0048712081698738,0.0076812923135694,0.0109434516974221,0.8517722733080665,0.0001308770982905,0.0017688237875247,0.6341651861456425,0,Calm/Bull,0.9883
2019-11-19,dax,0.0010678283303323,0.0048654606978678,0.0076786261422074,0.0140955814142957,0.8437546406892314,-0.0009415677780927,0.0017958239513551,0.633636878233165,0,Calm/Bull,0.9529
2019-11-20,dax,-0.0047750080158501,0.0050628855283377,0.0077103060829123,0.0084274564186334,0.8485297389950703,-0.0010903481869522,0.0013868381776491,0.6566387214585646,0,Calm/Bull,0.9942
2019-11-21,dax,-0.0015545772534974,0.0049941605796876,0.0077023322073833,0.009739088032748,0.925489430419318,-0.0006464081238496,0.0010211913218286,0.6483958942851556,0,Calm/Bull,0.9938
2019-11-22,dax,0.0019907318167278,0.0049963780646548,0.0075945486384946,0.0094151899584957,0.919461838885529,-0.0011796021268022,0.0010337542578294,0.6578900606850563,0,Calm/Bull,0.9937
2019-11-25,dax,0.0062529003831957,0.0051008210877675,0.0075671099633674,0.0044328650843589,0.6817676238523455,0.0005963750521816,0.0011637090524773,0.6740778332098704,0,Calm/Bull,0.9968
2019-11-26,dax,-0.0007574914556257,0.0051107020139516,0.0075736727992409,0.0051547525050364,1.10337726924654,0.00023131109499,0.0011339091951308,0.674798363940919,0,Calm/Bull,0.9964
2019-11-27,dax,0.0038192901271352,0.0050783761026112,0.0075462487480845,0.0071867034740657,0.8462486452871143,0.0019501707235871,0.0014385674383355,0.672966963075562,0,Calm/Bull,0.9959
2019-11-28,dax,-0.0031274876488232,0.0050665421557984,0.0075037417119653,0.0032901600283231,0.4816864567128001,0.0016355886445219,0.0014507170744032,0.6752020992033095,0,Calm/Bull,0.9979
2019-11-29,dax,-0.0006948273991965,0.0048932369459014,0.0074555913364483,0.0094632948535762,0.9363600933858476,0.001098476801337,0.0010510199641055,0.6563177520178352,0,Calm/Bull,0.9932
2019-12-02,dax,-0.0207403776273825,0.0061481675493308,0.0079681308795808,0.0295996514568729,1.3606812250562257,-0.0043001788007785,-0.000657458801046,0.771594699214356,1,Transition,0.9967
2019-12-03,dax,0.001896462020866,0.0061650787976231,0.0079655141748779,0.0122377713069353,1.1173355758015826,-0.0037693881054802,-0.0006091254454589,0.7739712292606196,0,Calm/Bull,0.9899
2019-12-04,dax,0.0115792401251386,0.0067180948623507,0.008075960486123,0.0123312790243479,0.885562070788785,-0.0022173981058795,-0.0001493870747123,0.8318632655390619,0,Calm/Bull,0.9842
2019-12-05,dax,-0.0065485476204409,0.0065551925376271,0.0080944080345613,0.0102521559696337,0.7312490183557444,-0.0029016101002031,-0.0008907684817093,0.8098421168834005,0,Calm/Bull,0.9931
2019-12-06,dax,0.0085259396004777,0.0068163956842958,0.0081437498489975,0.0087516645555471,0.8310387372768927,-0.0010574567002682,-0.0002348144655675,0.8370094625554892,0,Calm/Bull,0.9959
2019-12-09,dax,-0.0046413972355554,0.006873824486521,0.0081609372473091,0.0053816110034578,0.7065314064129123,0.0021623393780971,-0.0003526468180522,0.8422837081350517,0,Calm/Bull,0.9973
2019-12-10,dax,-0.0026658164500988,0.0067001523839535,0.008107797380161,0.015696163680495,1.1257144066318503,0.0012498836839042,-0.0008074402761696,0.8263837969542888,0,Calm/Bull,0.957
2019-12-11,dax,0.0057992437849358,0.0068108785365252,0.0081296566575856,0.0096654633522954,0.9787389516200756,9.38844158636461e-05,-0.0003159227883452,0.8377818182727448,0,Calm/Bull,0.9961
2019-12-12,dax,0.0056810176307376,0.0068859361194511,0.0081518967559029,0.0138212251030526,1.1856705433236443,0.0025397974660993,0.0001568419716421,0.8447035488354118,0,Calm/Bull,0.9823
2019-12-13,dax,0.0046090671644097,0.0068843058188356,0.0081447083590163,0.0126374985709302,1.4720850975536146,0.0017564229788857,0.0001544602382881,0.8452489046111206,0,Calm/Bull,0.9923
2019-12-16,dax,0.0093622753099321,0.0071463644224792,0.0082146523592517,0.0065238621462019,0.9865552869347184,0.0045571574879833,0.0007539232793709,0.869953360160242,0,Calm/Bull,0.9971
2019-12-17,dax,-0.0089776124660635,0.0074688781383419,0.0081889628848045,0.0094101172522025,1.0902266937832368,0.0032947982847903,0.0002516512395511,0.9120664293400488,0,Calm/Bull,0.9962
2019-12-18,dax,-0.0049543629115366,0.0074753360914589,0.0082111738456886,0.0053032270339241,0.97509799596837,0.0011440769454958,0.0002426834947667,0.9103858025590346,0,Calm/Bull,0.9989
2019-12-19,dax,-0.0007717446825195,0.0074674755154851,0.0081619139757652,0.0082319915068666,1.146390457329811,-0.0001464755171555,0.0002818251233156,0.91491720418249,0,Calm/Bull,0.9991
2019-12-20,dax,0.0080616314315068,0.0076614649345126,0.0081990176411205,0.0091832315947863,2.1862450728130693,0.0005440373362638,0.0005853701040546,0.9344369374311522,2,Stress/Bear,0.9999
2019-12-23,dax,-0.0013463564827042,0.0075532707687251,0.0081659926684994,0.0034817393337133,0.7192859779577491,-0.0015976890222634,0.0002054072607596,0.9249666360664464,0,Calm/Bull,0.9992
2019-12-27,dax,0.0027126497323897,0.007569826124987,0.0081613168200463,0.0052425822831486,0.5768079788171828,0.0007403634174272,0.0003789143201604,0.9275250908521936,0,Calm/Bull,0.9997
2019-12-30,dax,-0.0066275867281943,0.0076795733610048,0.0080045428253094,0.0054683479440459,0.4242959284337297,0.0004057186540956,-0.000143429522606,0.9594018707380562,0,Calm/Bull,0.9998
2020-01-02,dax,0.0102813170056326,0.0079845971071226,0.0071059715761151,0.0149313586619345,0.991359646727778,0.0026163309917261,0.0005270107101167,1.123646080144869,0,Calm/Bull,0.9997
2020-01-03,dax,-0.0125383792128088,0.0085023837765559,0.0073100666123547,0.0122565092828602,1.0568131198370283,-0.001503671137137,-6.516688056389854e-05,1.163106196896483,0,Calm/Bull,0.9999
2020-01-06,dax,-0.0069953188757332,0.0071988171654115,0.007357549945906,0.0148503523052084,0.9601928877588468,-0.0026334636157428,0.0006220860570185,0.9784258643622478,0,Calm/Bull,0.9989
2020-01-07,dax,0.0075769144824583,0.0073619527957175,0.0072305860393957,0.008881908325245,1.0533379288806537,-0.001660610665729,0.0009061086800981,1.018168203186588,0,Calm/Bull,0.9999
2020-01-08,dax,0.0070328067046113,0.0070798298424363,0.0071763256462203,0.0170996572986358,1.1709529599299702,0.001071468020832,0.0006787870090718,0.9865535918322204,0,Calm/Bull,0.9956
2020-01-09,dax,0.0130435056370679,0.0073764036834372,0.0073080630562415,0.0049321434978266,1.130265644710305,0.0016239057471191,0.0016583896719472,1.0093514008663858,0,Calm/Bull,0.9998
2020-01-10,dax,-0.000871068275603,0.0072134195933176,0.0064375706551249,0.004812662993578,1.0013929255979357,0.0039573679345602,0.0011885392781432,1.1205189006469498,0,Calm/Bull,1.0
2020-01-13,dax,-0.0023605164676489,0.0071339903148497,0.0064407563869713,0.0092547339418263,0.8542442146559909,0.0048843284161771,0.0013025833165385,1.1076323782841335,0,Calm/Bull,1.0
2020-01-14,dax,0.0003694589993714,0.0070771850554245,0.006301630956348,0.0093412318608454,0.9509579138808308,0.0034428373195597,0.001454347089012,1.1230719641389315,0,Calm/Bull,1.0
2020-01-15,dax,-0.0017992952586308,0.007035494930086,0.0063059364336648,0.0052433081843082,0.9173023063825658,0.0016764169269113,0.0010744201368337,1.115693918594931,0,Calm/Bull,1.0
2020-01-16,dax,-0.0002136956370777,0.0069553716797455,0.0063014743823984,0.0081730772027618,0.5190071677646863,-0.0009750233279178,0.0007796844734429,1.1037689368655723,0,Calm/Bull,1.0
2020-01-17,dax,0.0071748174908165,0.0070527005266138,0.0063413816194194,0.0044713801563336,1.1461553568912348,0.000634153825366,0.0009079719897633,1.11217096681519,0,Calm/Bull,0.9999
2020-01-20,dax,0.0016849856350251,0.0067716614473063,0.0062571788815243,0.0046955787810609,0.7106261537660435,0.0014432542459009,0.0005241075060179,1.082222767723822,0,Calm/Bull,1.0
2020-01-21,dax,0.0005113252969615,0.0063927099119364,0.0062572010453707,0.0086626447793351,0.8771225190640529,0.0014716275054189,0.0009985543941692,1.0216564667785522,0,Calm/Bull,1.0
2020-01-22,dax,-0.0029640004097346,0.0063101196891067,0.0062699869394338,0.0105084288237796,0.9910432931214556,0.0012386864751981,0.0010980725192593,1.006400770856552,0,Calm/Bull,1.0
2020-01-23,dax,-0.009465523685258,0.0067311094653767,0.0063775415552763,0.0077611234405432,1.2242288580670666,-0.0006116791344379,0.0006633835691223,1.05543953058336,0,Calm/Bull,1.0
2020-01-24,dax,0.0139634436523177,0.007186481517667,0.0066039868520644,0.0069280245595762,1.2571034645340229,0.0007460460978623,0.0009584741801629,1.0882034865681904,0,Calm/Bull,0.9997
2020-01-27,dax,-0.027775499597374,0.0096427470421161,0.007556363040767,0.0154595389154191,1.4035668539972386,-0.0051460509486175,-0.0003629829755705,1.276109550334314,0,Calm/Bull,0.5416
2020-01-28,dax,0.0089655935702164,0.0098469249764127,0.0076376232759373,0.0122908713985214,1.2300051972824106,-0.0034551972939665,-5.033578367922599e-05,1.2892656027478986,0,Calm/Bull,0.9991
2020-01-29,dax,0.0015980968322322,0.0097288250627525,0.0076302503081767,0.0056402795991007,0.8875467837530485,-0.0025427778455731,0.0003609483943421,1.2750335401614372,0,Calm/Bull,0.9998
2020-01-30,dax,-0.0141787169874023,0.0099509962416184,0.00784887371005,0.0108845978194286,1.2953368575423494,-0.003485416506002,-0.0008620533053096,1.2678247362900985,0,Calm/Bull,0.9979
2020-01-31,dax,-0.0134016152153494,0.0100060270395059,0.007992862656132,0.0180842765924524,1.3523460440698605,-0.0089584282795354,-0.0009052151054366,1.2518702585023724,0,Calm/Bull,0.9707
2020-02-03,dax,0.0048580657346934,0.0099773213127104,0.007824081873762,0.0069021636401406,1.023361286741107,-0.0024317152131219,-0.0003125458749153,1.2752066598598946,0,Calm/Bull,0.9998
2020-02-04,dax,0.0179706608197443,0.0106573978139406,0.0081645700158752,0.011411122912963,1.0153900750306877,-0.0006307017632163,0.0002071414419489,1.3053226064836667,0,Calm/Bull,0.9987
2020-02-05,dax,0.0146930391573142,0.0110461710522786,0.0083731714257993,0.0196938662392831,1.3443282913848575,0.0019882867018,0.0005901530645841,1.3192338351324362,0,Calm/Bull,0.9628
2020-02-06,dax,0.0071334127186553,0.0107711158589671,0.0083561259384208,0.0054004081545738,1.396228335107036,0.0062507126430116,0.0002946484186634,1.2890083201645293,0,Calm/Bull,0.9882
2020-02-07,dax,-0.0045045353430323,0.0108223330623088,0.0083552445914603,0.0064415444242113,1.0548639699372453,0.008030128617475,0.000112975065292,1.2952742368990595,0,Calm/Bull,0.9979
2020-02-10,dax,-0.0014647080644427,0.0108134072856432,0.0083515222788446,0.0041744443271246,0.7357268516174759,0.0067655738576477,0.0001577654854523,1.2947827862514223,0,Calm/Bull,0.9996
2020-02-11,dax,0.0098673620534366,0.0110295934663518,0.008405417475091,0.0081061802772185,1.2517986909670415,0.0051449141043862,0.0006326606381555,1.312200553873428,0,Calm/Bull,0.9994
2020-02-12,dax,0.0089080961411555,0.0111643764300795,0.008454953207424,0.007312829928035,1.0274420722053554,0.0039879255011544,0.0011680302081448,1.3204539583112562,0,Calm/Bull,0.9999
2020-02-13,dax,-0.0003164613749078,0.0111650694515169,0.0084361032456201,0.0122564176160826,1.0579788785655964,0.0024979506824418,0.0011628919212533,1.323486582186357,0,Calm/Bull,0.9999
2020-02-14,dax,-8.874081864293916e-05,0.0110770082242041,0.0084206081974325,0.0043938246439143,0.7707531093859135,0.0033811095873197,0.0007997140057804,1.315464152290273,0,Calm/Bull,0.9999
2020-02-17,dax,0.0028828517437813,0.0110852821477276,0.008414631758452,0.002989010820844,0.6653928395972503,0.0042506215489645,0.0008596073112182,1.317381730530639,0,Calm/Bull,0.9998
2020-02-18,dax,-0.007478565299084,0.0112413663482381,0.008480592362305,0.0051851813253812,0.9420553887764298,0.0007814360784604,0.0004601127814159,1.3255402297372938,0,Calm/Bull,0.9995
2014-03-27,bist100,-0.010126203568798,0.0162022935737439,0.0158241193239748,0.016762626498022,1.8789504449628245,0.0054028092552859,0.0040924044657487,1.0238985969472667,2,Stress/Bear,0.9997
2014-03-28,bist100,0.0303902447501632,0.0171577373978974,0.0161697755952532,0.0287527028595074,1.812054888725685,0.0135819066066872,0.004989298415569,1.0610992896484144,2,Stress/Bear,0.999
2014-03-31,bist100,0.0089158877526047,0.0159436818911903,0.0157257861569751,0.0250042580066717,1.800448287127993,0.0180743055958436,0.0065375074328828,1.0138559517495758,2,Stress/Bear,0.9955
2014-04-01,bist100,0.0159484178655023,0.0151740018329533,0.0158203123251883,0.0214389191206226,1.4116526944568293,0.01819243353182,0.0058523718022044,0.9591467931258206,1,Transition,0.504
2014-04-02,bist100,-0.0029595277768511,0.0152994755853584,0.0156264084348554,0.0152955872561222,1.546393506670493,0.0084337638045242,0.0053770549724601,0.9790781835211864,2,Stress/Bear,0.5144
2014-04-03,bist100,0.0126140324087461,0.0153682246424138,0.0155812406883552,0.0176085866397402,1.4353719471662216,0.012981811000033,0.0055687590581176,0.9863286852310406,1,Transition,0.8312
2014-04-04,bist100,0.0144054960194076,0.0147433419058836,0.0154327287036295,0.0184713669845884,1.08597446288665,0.0097848612538819,0.0070035970197426,0.95532955895325,1,Transition,0.9756
2014-04-07,bist100,-0.0012931418927302,0.0145710747478579,0.0154351185174047,0.0114721016227691,0.845607871945603,0.0077430553248149,0.0072286261308855,0.9440209177161528,1,Transition,0.9884
2014-04-08,bist100,0.0199057234793248,0.0148330950669385,0.0156251344910523,0.0114719110852192,1.0511039187049445,0.0085345164475794,0.0079583235843874,0.9493099131679588,1,Transition,0.9724
2014-04-09,bist100,-0.0207406576710505,0.0161435590587266,0.0158840142907722,0.0212776338776295,0.9919292990583984,0.0049782904687395,0.0067685088563174,1.0163399983910333,1,Transition,0.7225
2014-04-10,bist100,0.0099135860163242,0.0161062054466383,0.015701086284675,0.0122310096943102,0.8617976542249457,0.0044382011902552,0.0071956290507028,1.0258019830359602,1,Transition,0.9743
2014-04-11,bist100,-0.0056742881293509,0.0162632249433235,0.0155158576950369,0.0105449737065844,0.759025170555793,0.0004222443605034,0.0069644307587835,1.048167962285812,1,Transition,0.9474
2014-04-14,bist100,0.0141780495435041,0.0162575480992024,0.0155991182781888,0.0208987743745127,0.8587714373603003,0.0035164826477503,0.0069524820817128,1.0422094255118368,1,Transition,0.8849
2014-04-15,bist100,-0.0182875802671344,0.0168239626698177,0.0157903676776714,0.0276624577367766,1.3545246734294256,-0.0041221781015415,0.0049779699478303,1.065457310003487,2,Stress/Bear,0.7784
2014-04-16,bist100,-0.0005329954562822,0.0168094005751153,0.0156813183179098,0.0177516922943333,0.9172200930600988,-8.064565858785909e-05,0.005017245282367,1.0719379732198409,1,Transition,0.9793
2014-04-17,bist100,0.015927806630504,0.0168540001245268,0.0152758402732505,0.0129061662167249,0.8223155269315684,0.001122198464248,0.0059862549774555,1.1033108374430876,1,Transition,0.9417
2014-04-18,bist100,-0.0011670139961863,0.0164986901280081,0.0151108487300992,0.0080325668760327,0.4110541366834553,0.002023653290881,0.0064531663779884,1.091844040179191,1,Transition,0.7066
2014-04-21,bist100,-0.0003988918652572,0.0159113763308739,0.015114545417068,0.006822652502696,0.6223176634579936,-0.0008917349908712,0.0071105271443844,1.0527194759629424,1,Transition,0.888
2014-04-22,bist100,-0.0037744483637643,0.0159644827426223,0.0149471976648758,0.0072789628455997,0.6782397714438536,0.0020108913898027,0.0061539158169152,1.0680585819867088,1,Transition,0.9586
2014-04-24,bist100,-0.010699329867302,0.0133617022333635,0.0146706320296356,0.0146357733820956,0.8216239193515602,-2.237549240118042e-05,0.0033272582805686,0.9107789089367176,1,Transition,0.9957
2014-04-25,bist100,-0.0139465228968193,0.013589517599842,0.0147916060589845,0.020399678085214,0.7938962126476926,-0.0059972413978658,0.0031362423141676,0.9187317148422598,1,Transition,0.9927
2014-04-28,bist100,0.014045923311744,0.0122940045975679,0.0147238363008877,0.0188955097272256,0.8770107605381309,-0.0029546539362797,0.0023190262422466,0.8349729205306836,1,Transition,0.9981
2014-04-29,bist100,-0.0011539565579302,0.012215566797236,0.0147140559227161,0.0111858286615991,0.8115916010405951,-0.0031056668748143,0.0018155340267199,0.8301971163761325,1,Transition,0.9993
2014-04-30,bist100,0.0212955527597624,0.0125938257701255,0.014795258701808,0.0252683560654952,1.2093841985114604,0.0019083333498909,0.0020828907714329,0.8512068645738863,1,Transition,0.9738
2014-05-02,bist100,0.0172800803174717,0.012974734560775,0.014880753019931,0.0126399199870196,1.2095604079580995,0.0075042153868457,0.003094871176149,0.8719138435667153,1,Transition,0.9955
2014-05-05,bist100,-0.005313587783898,0.0129015477952532,0.0143824700744114,0.0144287446941498,0.9803158013111866,0.0092308024094299,0.0021984901665168,0.8970328273588464,1,Transition,0.9962
2014-05-06,bist100,0.0057286388130398,0.0126120980761705,0.0143873530573323,0.0062562129062203,0.9291602424291326,0.0075673455096891,0.0017646473061984,0.8766100356272895,1,Transition,0.9932
2014-05-07,bist100,-0.0029715884709428,0.0126390712832985,0.0143295648726793,0.0119532888947182,1.0228856553963026,0.0072038191270866,0.0016807249772878,0.8820275699645341,1,Transition,0.994
2014-05-08,bist100,0.0108061563065866,0.0121008028345918,0.0143680469876605,0.0101964335074526,1.1769988643403284,0.0051059398364514,0.0012257466186509,0.8422023428086048,1,Transition,0.9973
2014-05-09,bist100,-0.0028901241369647,0.0110039336336875,0.0143858861874977,0.0094371840917285,0.8997670346176677,0.0010718989455641,0.0021182732953552,0.7649117677053948,1,Transition,0.9999
2014-05-12,bist100,0.0049189107422541,0.0108736133623266,0.0142651532992423,0.0113767754183009,0.9295170283848216,0.0031183986507946,0.0018685395316517,0.7622500182247731,1,Transition,0.9999
2014-05-13,bist100,-0.00209741004963,0.0107719633347819,0.014151490756731,0.0119536154036244,0.916154399080545,0.0015531888782606,0.0020473834356377,0.7611892994141493,1,Transition,0.9999
2014-05-14,bist100,0.0035739073453341,0.0103979337802484,0.0141092831963658,0.0065012489158966,0.9372159360741084,0.002862288041516,0.0015171763257292,0.7369569123771416,1,Transition,0.9999
2014-05-15,bist100,-0.010833287778599,0.0097650040211668,0.013830433790937,0.0204737291158162,0.9543228791222718,-0.001465600775521,0.001889890950156,0.7060518974875418,1,Transition,0.9998
2014-05-16,bist100,-0.0029167008119628,0.0098105732715236,0.0137225554384974,0.0100681405096839,0.8413396424593741,-0.0014709161105207,0.001770705682372,0.7149232018404428,1,Transition,1.0
2014-05-20,bist100,0.0032741924993429,0.0092410152046159,0.0137204450589503,0.0103116337272662,0.7403112870259615,-0.0017998597591029,0.0011380249758139,0.6735215340983224,1,Transition,1.0
2014-05-21,bist100,0.0158108258040722,0.0097820899862857,0.0138231409275517,0.0154667923120843,0.9603602646000636,0.0017817874116375,0.0019869169658268,0.7076604396608925,1,Transition,0.9999
2014-05-22,bist100,0.0205653516887166,0.0106018558034871,0.0140068785271882,0.0243392069623267,1.524471289755739,0.0051800762803139,0.0030351291435255,0.7569035301411522,1,Transition,0.9288
2014-05-23,bist100,0.000222944161153,0.0105039507962683,0.0131978118029931,0.0100627231294462,0.9645818977496964,0.0073913226682644,0.0032349987697714,0.7958857841787229,1,Transition,0.9976
2014-05-26,bist100,0.0069269541519584,0.0100006773187457,0.0130772785177292,0.0109143457045506,0.75279862455919,0.0093600536610486,0.0041163129707344,0.7647368911801903,1,Transition,0.9994
2014-05-27,bist100,-0.0137061895510643,0.0099779495267137,0.0132772853216567,0.0185018120169043,1.0122375795347665,0.0059639772509671,0.0041283296380222,0.7515052425994488,1,Transition,0.999
2014-05-28,bist100,0.0059435839900442,0.0097151107135566,0.0132317868339728,0.0213783125636117,1.3651335828757745,0.0039905288881616,0.0037232126719372,0.7342251530694932,1,Transition,0.9982
2014-05-29,bist100,0.0165883149191985,0.010050579490059,0.0128944532347771,0.012238421981147,1.035931674808929,0.0031951215342579,0.0046103262457936,0.7794498383965619,1,Transition,0.9993
2014-05-30,bist100,-0.0001286214967857,0.009291705110614,0.0124690524630422,0.0108652511182553,1.0535710527512798,0.0031248084026702,0.0035391175329662,0.7451813309916129,1,Transition,0.9932
2014-06-02,bist100,-0.0081171320144674,0.009047195171476,0.0125581867762452,0.0172412923391116,0.9163174051411228,0.000115991169385,0.0022692569163692,0.7204220905990624,1,Transition,0.9996
2014-06-03,bist100,0.0021527747546415,0.0088701444087592,0.0125408120002321,0.0138457977495061,1.0108039976035674,0.0032877840305262,0.0026425750432962,0.707302239168803,1,Transition,0.9995
2014-06-04,bist100,-0.0055163980923238,0.0090193717983463,0.0123803128128879,0.0116426101778931,0.8290699480427909,0.0009957876140525,0.002080323198028,0.7285253559148462,1,Transition,0.9924
2014-06-05,bist100,0.0179324161278667,0.009595915944409,0.012453358609817,0.0206271503584552,1.2642917497113593,0.0012646078557862,0.0031255234279685,0.7705484315568103,1,Transition,0.9981
2014-06-06,bist100,0.0074231700579668,0.0094825487046174,0.0124600760745336,0.0082876357026611,1.0626405410081086,0.0027749661667367,0.0029563741155375,0.7610345753825897,1,Transition,0.9777
2014-06-09,bist100,0.0044207327059753,0.0093857289250878,0.0124594818390252,0.009967399141069,1.0700184753183992,0.0052825391108253,0.0033219169576845,0.7533001007867088,1,Transition,0.992
2014-06-10,bist100,0.0113061240875568,0.0095501545627564,0.0124889944860055,0.0111029993194116,0.9768668559461318,0.0071132089774083,0.0036412776249497,0.764685625688906,1,Transition,0.997
2014-06-11,bist100,-0.0330026436131285,0.0125551233947144,0.0133684584134423,0.042055074256183,1.5899577091129369,0.0016159598732474,0.0020960159467747,0.9391601489435684,2,Stress/Bear,0.9999
2014-06-12,bist100,0.0102447430723111,0.0126843955812878,0.0133225537497796,0.0270160901585269,1.3382720120791514,7.84252621363217e-05,0.0024295577331236,0.9520994112332034,1,Transition,0.9529
2014-06-13,bist100,-0.0103586012590501,0.0126586908090138,0.0132399052645719,0.0142498465839672,0.8902278390670874,-0.003477929001267,0.002453292059101,0.9561013131178976,1,Transition,0.9085
2014-06-16,bist100,-0.0174385158956339,0.0133789104496445,0.0134923796932144,0.0151432184686533,0.8289291231753929,-0.0078497787215889,0.0017272013049175,0.9915901237476354,1,Transition,0.9894
2014-06-17,bist100,0.0047538796874249,0.01339200031861,0.0134691028831538,0.013489725883788,1.006066149107394,-0.0091602276016153,0.0018011856643216,0.994275597624228,1,Transition,0.9802
2014-06-18,bist100,0.0009891035602632,0.0129796866926021,0.0133553826567606,0.0101494582940884,0.7870157217270151,-0.0023618781669369,0.0010600995521311,0.9718693223688092,0,Calm/Bull,0.5129
2014-06-19,bist100,0.0122737269102139,0.0124453036833915,0.0132230641034012,0.0051925165442608,0.8950376563860162,-0.0019560813993563,0.000645518313206,0.9411815284318492,1,Transition,0.8999
2014-06-20,bist100,-0.008339990123226,0.0126068500436411,0.0132197431215192,0.0070841004544689,0.5622820444135678,-0.0015523591721915,0.000217371598987,0.9536380493747644,1,Transition,0.5492
2014-06-23,bist100,0.0117393699696285,0.0127863016206531,0.0120359504318882,0.0115434701735852,0.7947889312791054,0.0042832180008609,0.0004579923898705,1.0623424957597791,0,Calm/Bull,0.9451
2014-06-24,bist100,-0.0043003715117569,0.0124052093893251,0.0119544905406211,0.0135644702957588,0.856589937273138,0.0024723677610245,0.0009282832918359,1.037702890572585,0,Calm/Bull,0.9322
2014-06-25,bist100,0.0001493589024951,0.0123494513190702,0.0113928814232691,0.0141536544961514,0.7623913194793015,0.0023044188294709,0.0006385720374585,1.0839620689676746,0,Calm/Bull,0.9799
2014-06-26,bist100,-0.0113786853689051,0.0120275616203195,0.0114917608529675,0.0204126000624545,0.6957020149184934,-0.0024260636263529,-0.0007597779769466,1.0466247752809394,0,Calm/Bull,0.6446
2014-06-27,bist100,0.0047044220322845,0.0120893031008752,0.0113493961983506,0.0096123856154501,0.447981637669793,0.0001828188047492,-0.0005181258004931,1.065193503653715,0,Calm/Bull,0.9945
2014-06-30,bist100,0.0002115379986906,0.0119564845133514,0.0113346980161346,0.0114768223198753,0.6701858661988213,-0.0021227475894383,-0.0001016922998352,1.0548569089649895,0,Calm/Bull,0.9856
2014-07-01,bist100,-0.0177644447358672,0.0125724183009504,0.011518374936979,0.0241159287031003,0.9266125040575912,-0.0048155622342604,-0.0010975532743606,1.0915097285631417,1,Transition,0.8728
2014-07-02,bist100,-0.0035754880674178,0.0125439730788903,0.0114035800197253,0.0176503041971138,1.0024934849642997,-0.005560531628243,-0.0010005077731154,1.1000030742268982,0,Calm/Bull,0.8912
2014-07-03,bist100,0.00902701582857,0.0119820134190069,0.0114469491906234,0.0141703777030155,1.0351249855955946,-0.0014793913887479,-0.0014457777880802,1.0467429547797638,0,Calm/Bull,0.937
2014-07-04,bist100,8.132117550826465e-05,0.0118071854215314,0.0111784884609369,0.0052454355130799,0.7801822722899674,-0.0024040115601032,-0.0018128702322031,1.0562416790777631,0,Calm/Bull,0.9153
2014-07-07,bist100,0.0181016993535248,0.0125596613216226,0.0110342742587525,0.0220453691025914,1.1121523536928657,0.0011740207108635,-0.0011288218998256,1.1382408146743437,1,Transition,0.6777
2014-07-08,bist100,0.0042934987231272,0.0122892156215527,0.0109848426604273,0.0081787794197431,0.9461712718929874,0.0055856094026625,-0.0014794531680471,1.1187429808006628,0,Calm/Bull,0.97
2014-07-09,bist100,0.0021165435150564,0.0098060759423299,0.0109464619026885,0.008686280198558,0.971553810896838,0.0067240157191573,0.000276506188362,0.895821501915748,0,Calm/Bull,0.8666
2014-07-10,bist100,-0.0114829253258269,0.0098470868965328,0.0109429608297339,0.0171850031228083,1.1376374029322267,0.0026220274882779,-0.0008098772315448,0.8998558113976438,1,Transition,0.5591
2014-07-11,bist100,0.0102941369339772,0.0098758917169691,0.0107066448259165,0.0097827469581236,0.8547033817981121,0.0046645906399717,0.0002227596781065,0.9224077082545484,0,Calm/Bull,0.9664
2014-07-14,bist100,0.0157167327416705,0.0095319698292625,0.010858230901251,0.0127212009593781,1.027227199651761,0.0041875973176009,0.0018805221099717,0.8778566154974957,0,Calm/Bull,0.7415
2014-07-15,bist100,0.007703855496619,0.009601344307724,0.0107279017024327,0.0101630771130857,1.1589434030531098,0.0048696686722992,0.0020280209004314,0.894988094973575,0,Calm/Bull,0.941
2014-07-16,bist100,0.0125421139003076,0.0098790678171159,0.0108124201777599,0.0138799048335993,1.138910471988296,0.0069547827493495,0.0026056714174337,0.9136777571256568,0,Calm/Bull,0.5611
2014-07-17,bist100,-0.0059407695588674,0.0097799623291631,0.0108558376605879,0.0147647397384099,1.3023929839574169,0.0080632139027414,0.0016949465939796,0.900894305436162,1,Transition,0.7828
2014-07-18,bist100,0.0064754535115774,0.0095379685109544,0.0108474042999105,0.0167735699303354,0.9723148173737244,0.0072994772182614,0.0024357187757198,0.8792857947622656,1,Transition,0.8285
2014-07-21,bist100,-0.0005371321854771,0.0092997688569028,0.010724995109483,0.0094591669143341,0.915224118729957,0.0040487042328318,0.0018218936679645,0.8671117107251605,0,Calm/Bull,0.9598
2014-07-22,bist100,0.0031577586905319,0.0091902394853583,0.0105156548010945,0.008092828392827,1.0552378661203676,0.0031394848716144,0.0021948001780789,0.8739578903257382,0,Calm/Bull,0.9756
2014-07-23,bist100,0.0039193968248328,0.0091847392836157,0.0104065492551572,0.0081950958340092,1.0766633364302434,0.0014149414565195,0.0023833020741958,0.8825922078890801,0,Calm/Bull,0.9785
2014-07-24,bist100,0.0116404239871785,0.0088038188974482,0.0104665622196412,0.0102452597488554,1.4882292490063425,0.0049311801657287,0.003534257542,0.8411375877484668,0,Calm/Bull,0.7139
2014-07-25,bist100,0.0046809667205643,0.0088036563752633,0.0101755720219436,0.0102519864179425,1.015750203915646,0.004572282807526,0.003533084776414,0.8651755750220415,0,Calm/Bull,0.9275
2014-07-31,bist100,-0.0247778537658064,0.0108381296429911,0.0105594528851452,0.0267721554487328,1.157210992453454,-0.0002758615085397,0.0022836151881891,1.0263912118248004,1,Transition,0.7419
2014-08-01,bist100,-0.0007670552645826,0.0098000331633657,0.010526108532122,0.0199528720552283,1.0658683514767462,-0.0010608242995626,0.0031334846617533,0.9310214818191742,1,Transition,0.8034
2014-08-04,bist100,-0.0024465983590168,0.0097625375311564,0.0105241384536132,0.0133711431494514,0.8529989271799497,-0.0023340233363326,0.0031899291471734,0.9276329434648124,0,Calm/Bull,0.8076
2014-08-05,bist100,-0.0153987931625953,0.0104942933134794,0.0107323244387527,0.0287420077308271,1.0726471396814328,-0.0077418667662873,0.0019686386976151,0.9778211023500366,1,Transition,0.9161
2014-08-06,bist100,-0.0151132931842788,0.0111665861176824,0.0108606496032107,0.0189482668784571,1.3624576506582269,-0.011700718747256,0.0012089079796258,1.0281692647906857,1,Transition,0.5309
2014-08-07,bist100,-0.0074428064114103,0.0105780804589191,0.0109025777044032,0.0159722958189579,1.0653337622077983,-0.0082337092763767,-6.831730862093556e-05,0.9702366491409632,0,Calm/Bull,0.8181
2014-08-08,bist100,0.0045064532014886,0.0105828081945171,0.0109000075348928,0.0216417111611232,1.073107014276665,-0.0071790075831625,-5.766958470286546e-05,0.9708991632014712,1,Transition,0.6241
2014-08-11,bist100,-0.0246460988128691,0.0119030567821963,0.0113764455704988,0.0421426022919475,1.3385412092012234,-0.011618907673933,-0.0013958017010991,1.0462896085103337,2,Stress/Bear,0.996
2014-08-12,bist100,0.0071682863651815,0.0118013661362459,0.0114032726762654,0.0143805965584253,0.9464854112058202,-0.0071054917683776,-0.0004632411165487,1.0349104569611072,0,Calm/Bull,0.7068
2014-08-13,bist100,-0.0026838291938786,0.0115324737374611,0.0113155780226679,0.0188640936626068,1.1773589164529212,-0.0046195989702975,-0.0011121394229415,1.0191678864622506,0,Calm/Bull,0.914
2014-08-14,bist100,-0.0006276265449852,0.0108351959882472,0.0113076461951838,0.0160669007005673,1.006446420326848,-0.0032565629970125,-0.0019293573872743,0.9582185187985648,0,Calm/Bull,0.8978
2014-08-15,bist100,-0.0113807618386655,0.0107824103707613,0.0114058626117073,0.020673740349014,0.9312826137707424,-0.0064340060050434,-0.0028835882540385,0.945339316966162,1,Transition,0.6623
2014-08-18,bist100,0.008439778858167,0.0105090737556441,0.0112750792599484,0.0126128669930694,0.9668166534698828,0.0001831695291638,-0.0030887050061455,0.9320620736543036,1,Transition,0.5671
2014-08-19,bist100,0.0246956479738297,0.0121726148364417,0.0114133325056168,0.022344853837558,1.2411962992920995,0.0036886418508934,-0.0015568841295107,1.0665259099786426,1,Transition,0.8467
2014-08-20,bist100,-0.0051725361870273,0.012046072073918,0.0114348739134976,0.0161691180362874,1.1521147276210804,0.0031909004522637,-0.0021392836144409,1.053450362902462,0,Calm/Bull,0.7418
2014-08-21,bist100,0.0011481251105548,0.0120637503074002,0.0114012952933604,0.0067809041329193,0.8148671722454379,0.0035460507833717,-0.0020550207496393,1.0581034871034012,0,Calm/Bull,0.9146
2014-08-22,bist100,-0.0003534084604697,0.0120093239177323,0.0112571442191523,0.0106804512333474,0.7357577251107026,0.0057515214590108,-0.0022305791071894,1.0668179854443267,0,Calm/Bull,0.8798
2014-08-25,bist100,0.0042075774589958,0.0120172614050345,0.0112446105207167,0.0056156176482523,0.6395521463956275,0.0049050811791766,-0.0022161700754812,1.0687129965857245,0,Calm/Bull,0.9263
2014-08-26,bist100,0.0186473739576385,0.0125335429213641,0.0112982752447019,0.0174506064109158,0.8385894248258942,0.0036954263759384,-0.0018658225769582,1.1093324113555727,0,Calm/Bull,0.5443
2014-08-27,bist100,-0.0035591197915234,0.0124421104131689,0.0113091706718784,0.0118570578279602,0.9226854471726528,0.0040181096550391,-0.0022778269025626,1.1001788525579197,0,Calm/Bull,0.8977
2014-08-28,bist100,0.0045913352928708,0.0113302641680972,0.0112688250771619,0.0076115308992592,0.7977545499222889,0.0047067516915023,-0.0008093674496288,1.005452129260556,0,Calm/Bull,0.9703
2014-08-29,bist100,-0.0065132020374822,0.0114017631711441,0.0113022152446045,0.0163486491818607,0.8770434797368373,0.0034747929760998,-0.0010966747882737,1.0088078243410838,0,Calm/Bull,0.813
2014-09-01,bist100,0.0063523661617648,0.0115161184373603,0.0113023218966786,0.0101676837522085,0.6298870946720719,0.0039037507166537,-0.0006567265622346,1.018916161000914,0,Calm/Bull,0.9869
2014-09-02,bist100,-0.0014201777854503,0.0109863143073327,0.0110704860772508,0.0113245735456752,0.8319161077704249,-0.000109759631964,4.220420662254768e-05,0.992396741269471,0,Calm/Bull,0.9889
2014-09-03,bist100,0.00719005482081,0.0104876208725382,0.0110679445544585,0.0081053386186642,1.0426658549685204,0.0020400752905026,0.0011573716068769,0.9475671675924217,0,Calm/Bull,0.9778
2014-09-04,bist100,0.011419081090833,0.0105215686226347,0.0111499172979368,0.0141769084646733,1.1962883080122284,0.003405624450095,0.0021004659819891,0.943645440722828,0,Calm/Bull,0.8275
2014-09-05,bist100,-0.0004001739733629,0.0105197193166219,0.0110561097238771,0.0082269658804582,0.921650449186727,0.0046282300629189,0.0018551346232465,0.951484706587453,0,Calm/Bull,0.9779
2014-09-08,bist100,7.782002356193876e-05,0.0085004806703995,0.0101660750253765,0.0072031955460165,0.911230489114661,0.0033733208352783,0.0030913305650681,0.8361615125976035,0,Calm/Bull,0.9714
2014-09-09,bist100,-0.0261206417358429,0.0106479930931812,0.0106569763019343,0.0283379838981972,1.216385134135339,-0.0015667719548001,0.0014268841600169,0.9991570583907984,1,Transition,0.7376
2014-09-10,bist100,-0.0066353198818935,0.010764307094181,0.0106060516921772,0.0162199703671331,1.2052613898692457,-0.0043318468953408,0.0012293096256161,1.014921236158083,0,Calm/Bull,0.9443
2014-09-11,bist100,-0.007370865629151,0.010929865111949,0.0104013270157918,0.0183825887984234,1.0338727919558064,-0.0080898362393377,0.0008921476714078,1.050814486974087,0,Calm/Bull,0.7006
2014-09-12,bist100,-0.0146136897967641,0.0111427606248947,0.0105594893223668,0.0206385177455974,0.9653470579741624,-0.0109325394040179,0.0007305012735029,1.0552366960864703,1,Transition,0.8839
2014-09-15,bist100,0.0012495628900977,0.0109959625995693,0.0105599737877918,0.0111515447945697,0.8761285868726401,-0.0106981908307107,0.0003709904750994,1.0412869217801994,1,Transition,0.6582
2014-09-16,bist100,0.0091535513210688,0.009653685553349,0.0105058640170978,0.0179374661629186,1.1530714151075507,-0.0036433522193284,-0.0004061143575385,0.918885446988282,0,Calm/Bull,0.8367
2014-09-17,bist100,0.0042321400937569,0.0096383321362286,0.010463808060439,0.0089947762667755,0.9740767384149606,-0.0014698602241983,6.411945650064933e-05,0.9211113277840646,0,Calm/Bull,0.9858
2014-09-18,bist100,-0.0188124857414516,0.0105138538611505,0.0106308386479938,0.0161595590371635,1.2586680297302038,-0.0037581842466584,-0.0009339110860996,0.9889957141936874,0,Calm/Bull,0.9122
2014-09-19,bist100,-0.0074408954305123,0.010612241133515,0.0106581193938989,0.0178506916350527,1.0078722888840368,-0.0023236253734081,-0.0012882854346018,0.9956954638348136,0,Calm/Bull,0.9511
2014-09-22,bist100,-0.0006762679507431,0.0105350318731502,0.010657876781904,0.0122441133474937,0.896007293284686,-0.0027087915415762,-0.0015324777050887,0.9884737916127488,0,Calm/Bull,0.9836
2014-09-23,bist100,-0.0026181793587754,0.0094035048948895,0.0105652975818412,0.0147961615002699,0.9588485967263076,-0.0050631376775451,-0.0025957553709094,0.8900369177534058,0,Calm/Bull,0.82
2014-09-24,bist100,-0.0194379945932018,0.0101312912867996,0.0108275933379233,0.0278126094804066,1.1683517897430291,-0.0097971646149369,-0.0033896991109933,0.9356918911347568,1,Transition,0.9653
2014-09-25,bist100,-0.0080423633869184,0.0100004948751598,0.0108680251788973,0.0168199085581024,1.0660914316329035,-0.0076431401440302,-0.0040213840449828,0.9201759022953008,1,Transition,0.6312
2014-09-26,bist100,0.0005588872334464,0.0100327281879103,0.0106396923185679,0.0176559677133251,1.2925998079317664,-0.0060431836112385,-0.0036677795814364,0.9429528493414912,0,Calm/Bull,0.6776
2014-09-29,bist100,0.0001781859732284,0.0098004811059135,0.0106325964472043,0.0106811298159279,0.9890036406464616,-0.0058722928264441,-0.0039764885908632,0.9217392153061866,1,Transition,0.6353
2014-09-30,bist100,0.0039055641719099,0.0099448823725981,0.0105753757593324,0.0094465237261829,1.072940481054251,-0.0045675441203071,-0.0037102014929952,0.9403809943889752,1,Transition,0.522
2014-10-01,bist100,-0.0105076658583924,0.009708494628069,0.010652456629047,0.0142271117879067,1.0323908203473144,-0.0027814783733452,-0.0045950875269553,0.9113855109811996,1,Transition,0.8672
2014-10-02,bist100,-0.004006398697748,0.0089526184867156,0.0103681380219709,0.0146728765983096,0.9884790261931748,-0.0019742854355111,-0.0053663615163843,0.8634740845216591,1,Transition,0.9879
2014-10-03,bist100,0.007101835990617,0.0093212182970702,0.0103992435919686,0.0113532574469263,0.4185216820929818,-0.0006656956840769,-0.0049912610181853,0.8963361820151076,1,Transition,0.9452
2014-10-08,bist100,-0.0195610070363146,0.0097821395794949,0.0106601406249507,0.0105876495690737,1.023601508319681,-0.0046135342859856,-0.0059732023711792,0.917637010960174,1,Transition,0.9898
2014-10-09,bist100,0.0305724618861813,0.0116688422360028,0.011348075592455,0.0189408971617789,1.5124622329546995,0.0007198452568686,-0.003138547190078,1.0282661708528889,2,Stress/Bear,0.865
2014-10-10,bist100,-0.0230525686491351,0.0124772218399117,0.0116127618679201,0.0143169178443792,0.9608670551826652,-0.0017891353012798,-0.00395940962844,1.074440514825303,1,Transition,0.8896
2014-10-13,bist100,0.0218244992809963,0.0137045779750274,0.0117897070798698,0.0234399573377224,1.1955159070318149,0.0033770442944689,-0.0024996413829327,1.1624188694583562,1,Transition,0.7861
2014-10-14,bist100,-0.0057288693488214,0.0134325301033329,0.0117456263838972,0.0213533380383485,1.5275562872997863,0.0008109032265812,-0.0020554003605355,1.1436197325115325,0,Calm/Bull,0.3773
2014-10-15,bist100,0.0022655476237917,0.013447599341045,0.0116130114284781,0.0143061894392703,1.3127362132896745,0.0051762141586025,-0.0020046011238508,1.157976931639627,0,Calm/Bull,0.6213
2014-10-16,bist100,-0.0037489232232005,0.0131911757463328,0.0116024851501384,0.0237490843764962,1.2593947770915626,-0.0016880628632738,-0.0026497248510643,1.1369267510913772,1,Transition,0.5859
2014-10-17,bist100,0.0127562541914898,0.0135578416480637,0.0117038958338412,0.0157679282377572,1.189302255361988,0.0054737017048511,-0.0022235191461777,1.1584041622159635,1,Transition,0.6257
2014-10-20,bist100,0.0105108477578526,0.0132515415712906,0.0118047001365727,0.0077098554773917,0.9387880495654372,0.0032109714002224,-0.0007573524712124,1.122564861282276,0,Calm/Bull,0.9168
2014-10-21,bist100,0.0170704650518336,0.0137258586497946,0.0120272687041224,0.0178311517579685,1.1069492325886348,0.0077708382803534,0.0004682155529048,1.141228236223735,1,Transition,0.8702
2014-10-22,bist100,0.0055892425836899,0.0137697933364756,0.0120408090836979,0.0082082032785911,1.1355634642536194,0.0084355772723331,0.0007814910796264,1.1435936938090452,0,Calm/Bull,0.6501
2014-10-23,bist100,0.017946230869062,0.0142615839280585,0.0121796318419867,0.0231979455700759,1.326731914378283,0.0127746080907856,0.0018097115910183,1.1709371935935449,1,Transition,0.6634
2014-10-24,bist100,-0.0009766488464956,0.0133844380741648,0.012157699125086,0.0120440722679689,1.0736511916259528,0.0100280274831885,0.0027327788783536,1.1009022296453732,1,Transition,0.7883
2014-10-27,bist100,-0.0022905747021152,0.013201269287789,0.0117514097854025,0.0185764611986619,0.9922749573499872,0.0074677429911949,0.0030203683125938,1.12337749502936,1,Transition,0.9312
2014-10-28,bist100,0.0044539877920978,0.0131917727364178,0.0117694944587424,0.0082260407341856,0.4239058378522659,0.0049444475392477,0.0032151233405263,1.1208444664009312,0,Calm/Bull,0.9507
2014-10-30,bist100,0.003881242179392,0.0131728780077375,0.0117802519133691,0.0115772347587773,1.080310808304822,0.0046028474583882,0.0034002761508345,1.1182170045776307,0,Calm/Bull,0.6073
2014-10-31,bist100,0.008488362480455,0.0132218972872646,0.0116682530128617,0.0094676547108992,1.1144940346096974,0.0027112737806668,0.0036294160662618,1.1331514043010793,1,Transition,0.4924
2014-11-03,bist100,-0.0068714761690377,0.0130410351305422,0.0115352260697009,0.0120858460698577,0.9891244497589274,0.0015323083161583,0.0038112255507295,1.1305400563233432,1,Transition,0.7004
2014-11-04,bist100,0.0029982385708912,0.0129134686930075,0.011497827535853,0.0111564289207754,1.028008415901077,0.0025900709707597,0.0041614574141615,1.1231224901173895,1,Transition,0.573
2014-11-05,bist100,-0.0164815782099865,0.01368455914787,0.0116853708633616,0.0257296288262503,1.173732186769494,-0.0015970422296571,0.0029822867041313,1.17108470992364,1,Transition,0.7405
2014-11-06,bist100,-0.0184810450031049,0.0135927461726479,0.0114909273719636,0.0266455714094588,1.3366219007901143,-0.0060694996661565,0.0030362848057918,1.1829111552660656,2,Stress/Bear,0.7306
2014-11-07,bist100,0.005756744359716,0.0119843342522666,0.0114775471127879,0.0122707796993831,0.9982736727562364,-0.0066158232903043,0.0017954989294685,1.044154655563481,1,Transition,0.642
2014-11-10,bist100,-0.0027539860782589,0.010541973276425,0.0114778316288431,0.0127458397942878,0.8632639965599601,-0.0057923252721486,0.0028104280580123,0.9184638368395032,1,Transition,0.7088
2014-11-11,bist100,0.0084536473404112,0.0096597451365856,0.0115288186735224,0.0097865835976597,0.9122763038489742,-0.0047012435182446,0.0021418854609831,0.8378781391341156,1,Transition,0.7104
2014-11-12,bist100,0.0250833996437919,0.0107355713246647,0.0118653532012473,0.0206431452577204,1.1413824927867966,0.003611752052511,0.0036824989106137,0.9047831229782658,1,Transition,0.9866
2014-11-13,bist100,0.005967658925307,0.0107417686126129,0.0118425951486491,0.0214514435873808,1.278490125080803,0.0085014928381934,0.0038676044756895,0.9070451601005844,1,Transition,0.9918
2014-11-14,bist100,0.0041397379862316,0.010591151419158,0.0114280438786166,0.0101599036438538,1.0181596617668678,0.0081780915634966,0.0042620375361611,0.9267685293872072,1,Transition,0.5287
2014-11-17,bist100,-0.0088034173819474,0.0107766577745335,0.0114676080585677,0.0164982727674094,1.1440916691538776,0.0069682053027588,0.0031840539574893,0.9397476543926736,1,Transition,0.9397
2014-11-18,bist100,0.0102590331930357,0.0107677905573703,0.0115385708707564,0.0096029124158913,0.9490979782596984,0.0073292824732838,0.0031714632292484,0.9331996724707414,0,Calm/Bull,0.792
2014-11-19,bist100,0.0016180499216623,0.0102604322798867,0.0115389255899606,0.0119762354421703,1.2514727646529318,0.0026362125288578,0.0023988424727398,0.889201702523654,0,Calm/Bull,0.8389
2014-11-20,bist100,0.0128107638583188,0.0105028188607886,0.0116384698317893,0.0159105794220411,1.1436051881475089,0.0040048335154602,0.0027599185364713,0.9024226562929464,1,Transition,0.7337
2014-11-21,bist100,0.0092875310833697,0.0100108148509728,0.0114546962564485,0.0084797026973903,1.0806804816431743,0.0050343921348878,0.0023269835471867,0.8739485209253972,0,Calm/Bull,0.8218
2014-11-24,bist100,-0.0003578555300223,0.0100010186171952,0.0114428537403999,0.0081427801420769,0.8184482614249401,0.0067235045052728,0.0023579232130103,0.873996893090208,0,Calm/Bull,0.8334
2014-11-25,bist100,0.0033395943281548,0.0099423530503919,0.0114365316351872,0.0136178530895767,1.2242097764125843,0.0053396167322967,0.0026394316645239,0.8693503736571592,0,Calm/Bull,0.515
2014-11-26,bist100,0.0084972404187753,0.0100219790415215,0.0114436657042184,0.0114431246449426,1.025455196641789,0.0067154548317192,0.0028415942958577,0.8757664983019531,0,Calm/Bull,0.5931
2014-11-27,bist100,0.0052707652458513,0.0100343742870777,0.0114356142313531,0.0100710687848686,0.918384445589356,0.0052074551092257,0.0029110704491807,0.8774670152449172,0,Calm/Bull,0.8224
2014-11-28,bist100,0.0173272064082172,0.0104777890667492,0.0116290102478733,0.0250927817745038,1.2189412552758816,0.0068153901741952,0.0033530126455688,0.9010043712589756,1,Transition,0.977
2014-12-01,bist100,-0.0002483697295832,0.0102395870531588,0.0116025043478829,0.0208329864628771,1.269849755467482,0.006837287334283,0.0036841679675415,0.882532490067735,1,Transition,0.9947
2014-12-02,bist100,-0.0144055680948194,0.011011374847739,0.0116868831408582,0.0178661789685656,1.0649776774958084,0.0032882548496882,0.002813977634256,0.9421994483064872,1,Transition,0.9372
2014-12-03,bist100,-1.150051205993501e-06,0.0100676223807947,0.0116864547005125,0.0129694942991928,0.8388710071475379,0.0015885767556919,0.003637999042195,0.8614778937493494,1,Transition,0.587
2014-12-04,bist100,0.0154137706786963,0.0089376705704599,0.011842771880882,0.0164981894777372,0.8676020523622381,0.0036171778422609,0.0053327398262851,0.7546941425839787,1,Transition,0.9996
2014-12-05,bist100,-0.0115960667603816,0.0097037861824275,0.0114242452718203,0.0187636348117747,0.931325340904262,-0.0021674767914588,0.0044650992702802,0.8494028228160871,1,Transition,0.9967
2014-12-08,bist100,-0.0049535937465192,0.0098018809429932,0.0114071436258285,0.0123699845904997,0.66670789229107,-0.0031085215948459,0.0043551188868672,0.8592756665918916,1,Transition,0.9246
2014-12-09,bist100,-0.0153425236227178,0.0106828609112108,0.0115526031150019,0.0201922683455802,0.8371648975062667,-0.0032959127004256,0.0031653103387107,0.9247146123576492,1,Transition,0.9874
2014-12-10,bist100,0.0071457427964942,0.0094247715449741,0.0113966832721239,0.0104248076278478,0.8302432436226597,-0.0018665341308856,0.0022684274963458,0.8269749470029572,0,Calm/Bull,0.6498
2014-12-11,bist100,0.0070111860154241,0.009449185575014,0.0114205123231285,0.0174803510853912,1.0398186923798132,-0.00354705106354,0.0023206038508517,0.8273871878652775,1,Transition,0.8707
2014-12-12,bist100,-0.017765833953147,0.0104443842456424,0.0116372414244332,0.0199409038350024,0.929091020767576,-0.0047810045020931,0.0012253252538827,0.8974965685350191,1,Transition,0.9255
2014-12-15,bist100,-0.0050833967815505,0.0102883440699789,0.0116547831383475,0.0086264053907091,0.7807624125035338,-0.0048069651090994,0.0014113262839026,0.8827572291866466,0,Calm/Bull,0.6509
2014-12-16,bist100,-0.044616053162038,0.0143285222294738,0.012809286484113,0.0547045820312075,1.3724703709721358,-0.0106616710169634,-0.001332428033851,1.118604244447576,2,Stress/Bear,1.0
2014-12-17,bist100,0.0203679501800227,0.0151230872523545,0.0130235350412482,0.0280820442072188,1.0166971513524263,-0.0080172295402577,-0.000394933020933,1.161212159713668,2,Stress/Bear,0.5538
2014-12-18,bist100,0.0293291529869919,0.0162884130479206,0.0135311445230905,0.0168410018136937,0.9501881722009284,-0.0035536361459442,0.0004309864355006,1.2037720105734555,1,Transition,0.7205
2014-12-19,bist100,0.0041654262724863,0.0161817497145874,0.0135259854324121,0.0144891126070338,0.9642657981721166,0.0008326158991824,0.0001748811949564,1.1963453454423638,1,Transition,0.9761
2014-12-22,bist100,0.0186138964396247,0.0166967512737004,0.0134222923252598,0.0211431835356934,0.7631659327000078,0.0055720745434175,0.0011234687934388,1.2439567600743069,1,Transition,0.8559
2014-12-23,bist100,-0.0077320287209385,0.0168026127993535,0.0134183881867925,0.0143322987614684,0.9336527405031604,0.0129488794316374,0.0005698876409841,1.252207982467818,1,Transition,0.7583
2014-12-24,bist100,0.0039418132527016,0.0167201698323802,0.0134190103172486,0.0045731080980632,0.5295432441542699,0.0096636520461732,0.0003421162826804,1.2460061835475589,1,Transition,0.6768
2014-12-25,bist100,3.3027897243165894e-05,0.0166798803568382,0.0134193817922417,0.0035473102783709,0.4096011094484549,0.0038044270282234,8.022941525003582e-05,1.2429693569402356,1,Transition,0.6811
2014-12-26,bist100,0.0014466879414918,0.0161863314913666,0.013417623596917,0.0039565468182511,0.3633514799135461,0.0032606793620245,-0.0007137965080862,1.2063486037189,1,Transition,0.7025
2014-12-29,bist100,-0.0100030953038897,0.0163180009293898,0.0134097502739563,0.0099664957951736,0.6094178674176995,-0.0024627189866783,-0.0012015327868015,1.216875825128657,1,Transition,0.966
2014-12-30,bist100,0.0051625088131905,0.0160693807034846,0.0133912379502242,0.0157978583421446,0.9624715439215376,0.0001161885201474,-0.000223128941401,1.199992171240269,1,Transition,0.9722
2014-12-31,bist100,0.013908473924364,0.0163775423428545,0.0134616763265587,0.0155143625925364,0.4779009550698757,0.0021095206544799,0.0004723522573774,1.216604971443496,1,Transition,0.797
2015-01-02,bist100,-0.0030634002114567,0.016007299715611,0.0131716146909098,0.0097263781225913,0.5671376807428596,0.0014902350327399,-0.0004515062871302,1.2152875779655303,1,Transition,0.9078
2015-01-05,bist100,0.0116763681061837,0.0160003997276544,0.0127102292983506,0.0160116256176691,1.1219401606270172,0.0035361710656783,0.000712115456198,1.2588600372245593,1,Transition,0.9589
2015-01-06,bist100,0.0051565411397713,0.0159716606837924,0.012269724947835,0.0153850011022394,1.1962487944511349,0.0065680983544105,0.0012176222005125,1.3017130173411622,1,Transition,0.9064
2015-01-07,bist100,-0.0015314554318987,0.0155098723617531,0.0120237752162291,0.0130012492436206,1.3397879632092864,0.0052293055053927,0.0019081756100535,1.2899336591737511,1,Transition,0.6298
2015-01-08,bist100,0.0104662971830562,0.0155864730550728,0.0120198623317074,0.0075117345403225,1.227689716264462,0.0045408701571311,0.0020742033293816,1.2967264203980888,1,Transition,0.5193
2015-01-09,bist100,-0.0004699374819012,0.0155514852863505,0.0120266278297643,0.0102535208678296,1.201607318258267,0.0050595627030422,0.0017001471545153,1.2930877637921667,1,Transition,0.7356
2015-01-12,bist100,0.0024647464128882,0.0148613266569106,0.0119974904191774,0.012539807092074,1.081527495639584,0.0032172383643831,0.0027116761728171,1.238702940171178,1,Transition,0.8623
2015-01-13,bist100,0.0050948523890987,0.0147542288296032,0.011929582544615,0.0082003802972754,1.2341956101595428,0.0032049006142486,0.0032205886313496,1.2367766243642186,1,Transition,0.6463
2015-01-14,bist100,-0.0085287151420378,0.0100541825326357,0.0119688927134774,0.0142833762060925,1.2826374686221358,0.0018054486722208,0.0050249555323496,0.8400261221586798,1,Transition,0.9862
2015-01-15,bist100,0.0020455384384356,0.009395769049085,0.0118104981471014,0.0106117237806231,1.377684669599026,0.0001212969232967,0.0041088349452702,0.7955438400700331,1,Transition,0.8619
2015-01-16,bist100,-0.0037268931964762,0.0074269357865483,0.0118242443320958,0.0114795694831537,1.06963187789727,-0.0005300942196182,0.0024560326360968,0.6281108185821771,1,Transition,0.9986
2015-01-19,bist100,0.0067278039865205,0.0074798882740792,0.01165338697472,0.0083801069831288,0.9002339335215246,0.0003225172951081,0.0025841515217985,0.6418638881816522,1,Transition,0.9942
2015-01-20,bist100,0.0134759059678655,0.0069713076955698,0.0117462184500865,0.0136917145208618,1.3129203875574145,0.0019987280108615,0.0023272519982106,0.5934937891026913,1,Transition,0.9999
2015-01-21,bist100,0.0123926051354342,0.0068949090659918,0.011809449186439,0.0079159162495654,1.2501436757592672,0.0061829920663559,0.0033334836910292,0.5838467956582879,1,Transition,1.0
2015-01-22,bist100,0.0065115976831492,0.0069306937589551,0.0118191453600838,0.0126773969418472,1.221059039922329,0.0070762039152986,0.0034619729125516,0.5863955089647835,1,Transition,1.0
2015-01-23,bist100,-0.0018355115242347,0.0069916751591464,0.0118285261508295,0.0115268781560008,1.080036847431279,0.0074544802497469,0.0033685459414777,0.5910859112955583,1,Transition,1.0
2015-01-26,bist100,0.0074313580199601,0.0070330385703366,0.0118196644370437,0.0122390909641448,0.8630134419274308,0.0075951910564348,0.0036677794454011,0.5950286158966245,1,Transition,1.0
2015-01-27,bist100,-0.0028790800418652,0.0064613831506377,0.0117794586772838,0.0130895014869807,0.9349249593301884,0.0043241938544887,0.0040239802085023,0.5485297183560934,1,Transition,1.0
2015-01-28,bist100,-0.0089095616101069,0.0070685332002499,0.0118652488833768,0.0169280941937667,1.0202367551921625,6.376050538048212e-05,0.0033203766873374,0.5957340861305416,1,Transition,1.0
2015-01-29,bist100,-0.019942578415054,0.008338501885605,0.0119644723176019,0.0190204402948107,0.9227525754733876,-0.0052270747142601,0.0016278240703665,0.6969385413962272,1,Transition,0.9998
2015-01-30,bist100,0.0043717779077179,0.0082839072396407,0.011664231985725,0.0159243901121836,0.8954668326497707,-0.0039856168278696,0.0019995829763253,0.7101974008900728,1,Transition,0.9896
2015-02-02,bist100,0.0085862193220864,0.0081211401224178,0.0116841732640326,0.0131943691814935,0.6935228008357521,-0.0037546445674443,0.0018450755371204,0.6950547496087802,1,Transition,0.9925
2015-02-03,bist100,-0.0248774839897131,0.0100292537131833,0.0121859834880108,0.0335055017615918,1.0726902192193926,-0.0081543253570139,0.0003433742806462,0.8230155344499384,1,Transition,0.8903
2015-02-04,bist100,-0.0184345681871651,0.0108723285809172,0.0124354347169387,0.0262695237291406,1.2413689597249544,-0.0100593266724256,-0.000501781357117,0.8743022522652658,1,Transition,0.9797
2015-02-05,bist100,-0.0014071271537169,0.010561636238195,0.0120490574474807,0.0158097345094966,1.12996313190719,-0.0063522364201581,-0.0010954525739557,0.8765528991982079,1,Transition,0.5143
2015-02-06,bist100,-0.0093912370974511,0.0107210180509312,0.0121065235522856,0.0178427409653739,1.008535304268129,-0.0091048394211919,-0.0015415175547332,0.8855571134545213,1,Transition,0.8224
2015-02-09,bist100,-0.0048726483056952,0.0107022347542302,0.0121206185613787,0.0210135560876894,1.206298873416848,-0.0117966129467483,-0.0019083872906624,0.8829776054773264,1,Transition,0.9479
2015-02-10,bist100,-0.0173883255050471,0.0111012735226199,0.0122839911922808,0.028780297199553,1.1182104779017643,-0.0102987812498151,-0.0030325461853697,0.9037187790883356,1,Transition,0.9819
2015-02-11,bist100,0.0037598533082082,0.0111211168849571,0.012225289436352,0.0123014707130345,1.1650020074233698,-0.0058598969507404,-0.0024181177628574,0.9096812752660406,1,Transition,0.7314
2015-02-12,bist100,0.0313053667993435,0.0134251293851588,0.0128587507813479,0.0266733590013058,1.224781018595542,0.0006826018398716,-0.000955126344812,1.0440461607384552,1,Transition,0.543
2015-02-13,bist100,-0.0031798915953802,0.0134197415646138,0.0127735458467818,0.0089454944657559,0.9229543666418744,0.0019248709402858,-0.0009277762647572,1.0505885934558097,0,Calm/Bull,0.7716
2015-02-16,bist100,0.0026907513048121,0.0133285817791566,0.0127262693855527,0.0055822594076485,0.7707821819460005,0.0034375508623872,-0.0011296288988426,1.0473282762887095,0,Calm/Bull,0.6939
2015-02-17,bist100,-0.0189556973563346,0.0134305766146336,0.0129726870957727,0.0181594223235613,0.94964384080107,0.0031240764921297,-0.0027512090650526,1.0352964282172614,1,Transition,0.9709
2015-02-18,bist100,0.0119718446954581,0.0134059133208524,0.0130553260065242,0.0167179166856565,0.8879475589036555,0.0047664747695797,-0.0027722470870514,1.026853968575966,1,Transition,0.9391
2015-02-19,bist100,0.0113189035811636,0.0136224794313533,0.0130901079940646,0.009648931730965,1.0239656921209124,0.0007691821259437,-0.0025318817921507,1.0406697513519487,1,Transition,0.8122
2015-02-20,bist100,-0.0107666474279737,0.0137442909590924,0.0131530493603293,0.016296947108638,0.7889880405398757,-0.0007481690405748,-0.0029784385873376,1.0449509146180438,1,Transition,0.78
2015-02-23,bist100,0.0093074723280586,0.0138252417829176,0.0130156355876191,0.0170452841399408,0.93301964836622,0.0005751751640744,-0.0028846328719327,1.062202586254693,1,Transition,0.7562
2015-02-24,bist100,0.0046583789978749,0.0139277557597502,0.0130293086157845,0.0090320557505517,1.0540937087544606,0.0052979904349163,-0.0025077599199457,1.068955857172438,1,Transition,0.8667
2015-02-25,bist100,0.0004878623487343,0.0138587618847868,0.0128892980787005,0.0158843467666013,1.0957165513104976,0.0030011939655715,-0.0020378887220036,1.0752146315623112,1,Transition,0.5618
2015-02-26,bist100,-0.009477193106707,0.013334816835808,0.0129516174274327,0.0173881581415121,1.1276616260313712,-0.0011580253720025,-0.0015146194565863,1.0295869925530434,0,Calm/Bull,0.5674
2015-02-27,bist100,-0.0207918660351062,0.0139242907288721,0.0130734060392973,0.0315209935290313,1.2315878496672916,-0.003163069093429,-0.0027728016537275,1.0650851573811049,1,Transition,0.7403
2015-03-02,bist100,-0.002386745861861,0.0136669654681413,0.0129936466250694,0.0097240854464301,0.7922569302415678,-0.005501912731413,-0.0033214499129249,1.0518190822407674,1,Transition,0.9088
2015-03-03,bist100,0.0042437023768456,0.0127714725407386,0.012991524918477,0.013777597004636,0.7768874441610804,-0.0055848480556188,-0.0018653905945969,0.9830618515440424,1,Transition,0.6516
2015-03-04,bist100,-0.0268897040467948,0.0134696615396416,0.0133029250404342,0.0292444811282972,0.937253785264938,-0.0110603613347247,-0.0022881473875784,1.0125338223511406,1,Transition,0.8986
2015-03-05,bist100,-0.015813945093552,0.0138012147532293,0.0134150421371294,0.0191076445085176,1.5294198852764302,-0.0123277117320937,-0.0030084882845702,1.02878653769049,2,Stress/Bear,0.928
2015-03-06,bist100,-0.0058278909242698,0.0137373323880762,0.0133927155073903,0.0285656135114633,1.1843984654777149,-0.0093349167099264,-0.0028303209759111,1.0257316658817832,1,Transition,0.9457
2015-03-09,bist100,0.0041651392701068,0.0138150432968589,0.0132225373568549,0.0145105469878161,1.029817711043312,-0.0080245396835328,-0.002378431597121,1.0448103056178402,1,Transition,0.9125
2015-03-10,bist100,-0.0336414108028648,0.0151572838477679,0.0138867187200516,0.0394204934561262,1.1539765654497438,-0.0156015623194749,-0.0031910858620119,1.0914949854843448,2,Stress/Bear,0.9873
2015-03-11,bist100,0.0038335082974614,0.0151590704403574,0.0126622318403153,0.0281502235194274,1.1507851968543408,-0.0094569198506237,-0.0031874031125492,1.1971878758444832,1,Transition,0.8044
2015-03-12,bist100,0.0002069208078416,0.0128545824457275,0.0123715135946967,0.0256179501991426,0.9949882000010238,-0.0062527466703449,-0.0047423254121243,1.039046867413037,1,Transition,0.9713
2015-03-13,bist100,-0.0213142361751008,0.013367891247045,0.0120225232436839,0.0320386876616382,0.986197412330674,-0.0093500157205111,-0.0056490426411103,1.111903963593321,1,Transition,0.6548
2015-03-16,bist100,0.0200680878111312,0.0144587068212204,0.0123183568072377,0.016692795504669,0.8383461517758835,-0.0061694260123062,-0.0047801758157944,1.1737528833979836,1,Transition,0.873
2015-03-17,bist100,0.0231956680350383,0.0153295301605141,0.0124561217708848,0.0178194896950616,0.9549755908865426,0.0051979897552743,-0.0026726075462257,1.2306824260778828,1,Transition,0.8724
2015-03-18,bist100,-0.001105157691297,0.0149461171192734,0.01242504901783,0.0128993866622302,0.9405229278330386,0.0042102565575226,-0.0033264576655635,1.2029020648389912,1,Transition,0.8883
2015-03-19,bist100,0.024462426127193,0.0158835230234154,0.0128367931457072,0.011788158109329,1.134797494417342,0.0090613576213929,-0.002669281538262,1.2373435361250746,1,Transition,0.7006
2015-03-20,bist100,0.0071083216534269,0.0159067980054064,0.0128749583352528,0.0131639248080509,0.9344781209788268,0.0147458691870984,-0.001775533084192,1.2354834548747289,1,Transition,0.6429
2015-03-23,bist100,0.0148647315951067,0.0161571549671415,0.0130243372706386,0.0159968327029253,0.8265730771708185,0.0137051979438936,-0.0014976701208396,1.2405356703688366,1,Transition,0.6575
2015-03-24,bist100,-0.0206238698670369,0.0166322047255323,0.0132298527361368,0.0248988292541377,1.0400869571585691,0.0049412903634785,-0.0027617825640852,1.2571723251387452,1,Transition,0.6355
2015-03-25,bist100,0.0074884001856538,0.0167772247319985,0.0132498653915273,0.017649431109107,0.8702579059044918,0.0066600019388687,-0.0024117556722392,1.2662185038292342,1,Transition,0.9545
2015-03-26,bist100,-0.0142181365546392,0.0169152321897233,0.0132334493468613,0.0096499589325996,0.9531616667877796,-0.0010761105974977,-0.0026488028446358,1.2782179268880678,1,Transition,0.8852
2015-03-27,bist100,-0.007244829496388,0.016414295966937,0.0132563193500611,0.0126759177632462,0.8920753379787126,-0.0039467408274607,-0.0019714510176999,1.2382242410945936,1,Transition,0.9774
2015-03-30,bist100,0.0158185286454327,0.0168880095042961,0.0133335639441618,0.0212305186886611,0.8512137056702588,-0.0037559814173955,-0.0010611872923352,1.2665788063131118,1,Transition,0.9255
2015-03-31,bist100,-0.0164145427200117,0.0171757753970205,0.013459198764297,0.0248584846794882,0.8855772327434891,-0.0029141159879904,-0.0020940995471781,1.276136544069944,1,Transition,0.9351
2015-04-01,bist100,0.0044737593377334,0.0161966035675223,0.0134790465196271,0.0105149667834887,0.7844385209801747,-0.0035170441575745,-0.0005259263779517,1.2016134482463696,1,Transition,0.9801
2015-04-02,bist100,0.0057451523711368,0.0158390466113938,0.0134240187599507,0.0079032027852776,0.7058800756732676,0.0004756136275806,0.0005520284952827,1.179903491989155,1,Transition,0.9509
2015-04-03,bist100,0.0160068628623746,0.0161260548630376,0.0136061692570559,0.0186315140912656,0.69204766224337,0.0051259520993331,0.0016437661846149,1.185201694788186,1,Transition,0.9259
2015-04-06,bist100,0.0016361419132053,0.0161151550247781,0.0136031067091495,0.0105172694820403,0.733849084885859,0.0022894747528877,0.0015173163167698,1.1846672506023177,1,Transition,0.9707
2015-04-07,bist100,-0.0080232279270539,0.0140606534531883,0.013610160986834,0.0140604705405709,0.867428724206849,0.0039677377114792,0.0027982254605604,1.0330997162186448,1,Transition,0.8986
2015-04-08,bist100,0.0040359884445886,0.0140615109838397,0.013591226157834,0.010626958327946,1.091559010102822,0.0038801835328503,0.0028083494679167,1.0346020896528612,1,Transition,0.7188
2015-04-09,bist100,0.0085886113818289,0.0141047343520578,0.0136416809973281,0.0146323905313205,1.1272821221475031,0.0044488753349887,0.0032274339966161,1.033944009892947,1,Transition,0.9162
2015-04-10,bist100,-0.0104454429114669,0.0132955761270949,0.0136933944880235,0.0191602065962139,1.016330612970665,-0.0008415858197795,0.0037708736597978,0.9709481559684456,1,Transition,0.993
2015-04-13,bist100,-0.008606033838998,0.0129881584408243,0.013691041150743,0.0175939889389504,1.1329313422521294,-0.0028900209702202,0.0023371675772913,0.9486611206423444,1,Transition,0.9467
2015-04-14,bist100,0.004652470346166,0.0120486819775671,0.0135777512796432,0.0215939749634986,1.2750186166287447,-0.0003548813155762,0.0014100076928477,0.8873842015084952,1,Transition,0.9834
2015-04-15,bist100,-0.0117574227758714,0.0123961488951882,0.0135216599569205,0.0112712799884647,1.079394258398085,-0.0035135635596682,0.000877394438619,0.9167623601452656,1,Transition,0.8506
2015-04-16,bist100,0.0131776884891918,0.0114898167499551,0.013617657883268,0.0128062659679438,1.191574992998499,-0.0025957481381957,0.0003131575567189,0.8437439718670414,1,Transition,0.9903
2015-04-17,bist100,-0.0002305106257425,0.0113780265771904,0.0136188223657858,0.0134595805274643,1.069241248889588,-0.0005527616810508,-5.3784057239485245e-05,0.8354633221279908,1,Transition,0.9776
2015-04-20,bist100,-0.0013975293917457,0.0108233441000854,0.0135671573768648,0.0110544150842314,0.91191594965892,0.0008889392083996,-0.0008668971065821,0.7977606361773175,1,Transition,0.9986
2015-04-21,bist100,0.0237146245313112,0.0111008982608793,0.0139583938733424,0.0290884585984124,1.2182150748762772,0.0047013700454286,0.0013500276133352,0.7952847843103009,1,Transition,0.8996
2015-04-22,bist100,-0.0059181941582149,0.0111154929645595,0.0139361016852456,0.0125554875282191,1.3066536589894575,0.0058692157689599,0.0006796978961418,0.7976041805383559,1,Transition,0.9961
2015-04-24,bist100,0.0209171261777191,0.0114096293376386,0.0140056695281106,0.016808651367577,1.1091997436398708,0.0074171033066654,0.0024364610327597,0.8146436209092723,1,Transition,0.9981
2015-04-27,bist100,0.0098934301467281,0.0112871752927614,0.0140567761876235,0.0153226770364421,1.324621177652621,0.0094418914611595,0.0032933740149155,0.802970406735177,1,Transition,0.9965
2015-04-28,bist100,-0.0022293107929961,0.0109495025583967,0.0140077582451276,0.0087473607009782,1.1275058606078676,0.0092755351809094,0.0023909820429941,0.7816741527649693,1,Transition,0.9988
2015-04-29,bist100,-0.0026842627619939,0.0101063420371947,0.0136458814425946,0.0096361612780803,0.9551670969187688,0.0039957577222484,0.003077496040895,0.7406148206482699,1,Transition,0.9999
2015-04-30,bist100,-0.0239104689358948,0.0117579588269359,0.013786847327458,0.0286885016456902,0.9881465622053478,0.0003973027667124,0.0016582846272136,0.8528388360055782,1,Transition,0.936
2015-05-04,bist100,0.0008561964494117,0.0117192780510776,0.0137871003532,0.0126888187235645,0.8056532584195356,-0.003614883178949,0.0014138368311273,0.8500176071002135,1,Transition,0.9839
2015-05-05,bist100,-0.0076248958105863,0.0113562117498745,0.013769336780633,0.0156056406321576,0.7926713443118609,-0.0071185483704119,0.0002322488974792,0.8247464588016598,1,Transition,0.9982
2015-05-06,bist100,-0.0113291962614436,0.0116384084183087,0.0138306274040848,0.0169540125002156,0.9534559970841928,-0.0089385254641014,-0.0004160180112531,0.8414953333838846,1,Transition,0.9979
2015-05-07,bist100,0.0015611411594048,0.0115052504464142,0.0136519208300244,0.0126462959308054,0.8776815520357324,-0.0080894446798216,6.320044306978723e-05,0.8427568977041677,1,Transition,0.997
2015-05-08,bist100,0.0178807879511785,0.0121550172125163,0.0138401820658641,0.0245302509725862,0.9015590432293208,0.000268806697593,0.0007554404183992,0.8782411354613553,1,Transition,0.9886
2015-05-11,bist100,0.0082091344532952,0.0121424358359679,0.0132676211240358,0.0126804853150605,0.9380343128649448,0.0017393942983697,0.0007364665719726,0.9151931399345218,1,Transition,0.5847
2015-05-12,bist100,0.0071798566073235,0.0119258362365448,0.0132963500331543,0.0130114782893206,0.9505706163718212,0.0047003447819517,0.0016177315479121,0.8969255627903849,1,Transition,0.8058
2015-05-13,bist100,0.012271560970447,0.0118975248051706,0.0133874892245661,0.012411919058481,1.176903050044689,0.0094204962283298,0.0026616112883843,0.8887047156937083,1,Transition,0.9887
2015-05-14,bist100,0.0095151583375776,0.0119896800667245,0.0132049219988849,0.0170855716957377,1.251422694803272,0.0110112996639644,0.0029047456879549,0.9079705330888732,1,Transition,0.9924
2015-05-15,bist100,0.0041316015885307,0.0114827079845771,0.0131285248541501,0.009262033854542,0.8328665129302606,0.0082614623914348,0.003699196906175,0.8746380962174359,1,Transition,0.9383
2015-05-18,bist100,0.0118804929279084,0.0114298932550434,0.0131366268677578,0.0126901508814326,0.7779991052745846,0.0089957340863574,0.0036343371281109,0.8700782453596676,1,Transition,0.9854
2015-05-20,bist100,-0.0097572859713699,0.0117922081438858,0.013122689495048,0.0132929698216401,1.0400713133109554,0.0056083055706187,0.0031579983608295,0.8986121441291278,1,Transition,0.9688
2015-05-21,bist100,-0.0140645402932318,0.0123755013329457,0.0132017426309899,0.0239359333725124,1.1253439797508862,0.000341085317883,0.0025246478157552,0.937414224686918,1,Transition,0.9904
2015-05-22,bist100,-0.0088311902276115,0.0115550992916054,0.0132368071392762,0.0115904526066087,0.912619848809888,-0.0033281843951548,0.000897357077809,0.8729521530399244,1,Transition,0.871
2015-05-25,bist100,-0.0145203681870102,0.0119746238638385,0.0133653187019497,0.0154729753771512,0.6817641263249382,-0.007058578350263,0.0004672483763693,0.8959474989617501,1,Transition,0.9787
2015-05-26,bist100,-0.0109098081603432,0.0112039300971374,0.0133830384839865,0.0143779170371202,0.8996780582092136,-0.0116166385679133,-0.0011240983405337,0.8371738682918265,1,Transition,0.9986
2015-05-27,bist100,0.0076539357837907,0.0110987199953759,0.0131519003449473,0.0170693056545654,0.9845322044232476,-0.0081343942168812,-0.0012360730586806,0.8438871725210246,1,Transition,0.9951
2015-05-28,bist100,-0.008608419401269,0.0112197674317903,0.0131957207626267,0.0111417129894383,0.842939450278574,-0.0070431700384886,-0.0015550284890943,0.8502580217950031,1,Transition,0.9881
2015-05-29,bist100,-0.007065672327193,0.0112855581472964,0.0132137451471872,0.0254396874040128,0.9809589736200816,-0.0066900664584049,-0.0017740989673542,0.8540771765753885,1,Transition,0.9971
2015-06-01,bist100,-0.0312380360804695,0.0121294176630137,0.0133732163463896,0.0303822428554755,0.8282698436679172,-0.0100336000370968,-0.0021404773245829,0.906993302795729,1,Transition,0.8688
2015-06-02,bist100,0.0122473511279455,0.0125380983987098,0.0133132941339931,0.0118779758190049,0.958918444326106,-0.005402168179439,-0.0015709195906563,0.9417728078805132,1,Transition,0.9497
2015-06-03,bist100,0.0239481576818887,0.013672107813254,0.0136383788933441,0.0264122399434683,0.0010461509344682,-0.0021433237998194,7.733083967453869e-06,1.0024730886400557,2,Stress/Bear,1.0
2015-06-04,bist100,-0.0107854337038069,0.0136488977914885,0.0137090497321259,0.0145650921343619,1.0385527183254697,-0.002578726660327,3.4921211849290104e-05,0.9956122457929044,1,Transition,0.651
2015-06-05,bist100,-0.0067573311933993,0.0137264656083011,0.0129992513431015,0.0164736811997673,1.275244569508279,-0.0025170584335683,-0.0003810024057909,1.0559427805498565,0,Calm/Bull,0.6501
2015-06-08,bist100,-0.0518179783514618,0.0172432670460549,0.014660373619593,0.0326097470035267,1.6794343359104176,-0.0066330468877667,-0.0038659407209229,1.1761819646267329,2,Stress/Bear,1.0
2015-06-09,bist100,0.0043718921870302,0.0171227659152116,0.0146717110484794,0.0131881148649165,1.1234078144319926,-0.0082081386759498,-0.0040578028342361,1.1670599195031366,1,Transition,0.8161
2015-06-10,bist100,0.0202877169138509,0.0178125054846082,0.0146318325857627,0.0169359352454306,1.0700852462082175,-0.0089402268295573,-0.0034024098189098,1.217380350697862,1,Transition,0.5514
2015-06-11,bist100,0.0136658299257814,0.0178796796296587,0.0145107569674724,0.0192554392369153,1.149655751173817,-0.0040499741036397,-0.003332696371143,1.232167258382048,1,Transition,0.8973
2015-06-12,bist100,-0.0038754233784456,0.0176221118986149,0.014212668179655,0.0106156600824214,0.9128239076662596,-0.0034735925406489,-0.0040022254569442,1.2398876604915312,1,Transition,0.9577
2015-06-15,bist100,-0.0198284295332751,0.0178529713966035,0.0144433433514612,0.0227584488000613,0.9030377381771948,0.0029243172229883,-0.0052002270130345,1.2360691677939828,1,Transition,0.7415
2015-06-16,bist100,0.0154890769360845,0.0180518090307079,0.0142284200707575,0.0161405238419869,0.9621297894542332,0.0051477541727992,-0.0050197978126257,1.268714933979794,1,Transition,0.8945
2015-06-17,bist100,0.0065818838488477,0.0181952787053487,0.014223899874218,0.0079999261947805,0.9230403979339684,0.0024065875597985,-0.0042028393216148,1.2792046391109064,1,Transition,0.8817
2015-06-18,bist100,0.0149923925318458,0.0185235038301066,0.0142262261680504,0.0109529751373498,0.8605415009105641,0.0026719000810114,-0.0027499926803609,1.3020672953806367,1,Transition,0.9426
2015-06-19,bist100,0.0063496279704287,0.0185721678567079,0.0139995361987516,0.0130218116362728,0.9002552218022228,0.0047169103507863,-0.0019909517704589,1.3266273677240914,1,Transition,0.9654
2015-06-22,bist100,0.0117170053565678,0.0185672104633138,0.0140479957973805,0.0101395356731796,0.9418271740668815,0.0110259973287549,-0.00067908309328,1.321698178951327,1,Transition,0.8805
2015-06-23,bist100,-0.0042968212235917,0.0184338340207136,0.0139338614186154,0.0142629566437477,1.0705808770152172,0.0070688176968196,-0.0003484337464424,1.3229523006512964,1,Transition,0.9329
2015-06-24,bist100,0.0128248058891895,0.0185875990449748,0.0139899327808563,0.0136462564140582,1.063137780610843,0.008317402104888,-8.98902411725481e-05,1.3286410546882603,1,Transition,0.9415
2015-06-25,bist100,-0.0103167616027692,0.0186326758312543,0.0139165062737261,0.0154713615783233,1.0943062316149816,0.003255571277965,-0.0001753073512475,1.3388903410644193,1,Transition,0.9269
2015-06-26,bist100,0.003224920774389,0.0185743812966381,0.0137485680402802,0.0094858168981569,0.7846154254367985,0.002630629838757,0.0003392223038315,1.351004791351316,1,Transition,0.9495
2015-06-29,bist100,-0.0216568787961765,0.0178255589095112,0.0140330150066619,0.0118364761421634,0.7989588521269886,-0.0040441469917918,0.0008182801680461,1.2702586650872123,1,Transition,0.8722
2015-06-30,bist100,0.0060156742395415,0.0176690452048633,0.0140348988927592,0.0113168256282592,0.906163647467913,-0.0019816478991651,0.0005066963236259,1.2589364084396095,1,Transition,0.971
2015-07-01,bist100,-0.0069273343949309,0.0168426243613024,0.013906511245483,0.0154037400190799,0.8524078510635936,-0.0059320759559892,-0.0010370782802149,1.211132257687782,1,Transition,0.9855
2015-07-02,bist100,0.0024247518401816,0.016698620012878,0.0139087116997299,0.0125721311460745,0.8796770421286573,-0.003383773267399,-0.0003765690030155,1.20058711211925,1,Transition,0.9864
2015-07-03,bist100,-0.0081302252705503,0.0167290247518824,0.0139097317157924,0.0116835939549042,0.6025810167925693,-0.0056548024763869,-0.0004452137068731,1.2026849326568363,1,Transition,0.9729
2015-07-06,bist100,0.0140469486661404,0.0118572596157233,0.014021658269086,0.0177198448256608,0.8388622314283808,0.0014859630160764,0.002848032644007,0.845638895783483,1,Transition,0.9983
2015-07-07,bist100,-0.0096817181531192,0.0121743795156925,0.014028432525232,0.0157934294993503,0.8965856755544251,-0.0016535154624556,0.0021453521269995,0.8678360532294171,1,Transition,0.9919
2015-07-08,bist100,-0.0146422432719346,0.0119379264454891,0.0140897380849733,0.0155499374320022,1.049550500348903,-0.0031964972378564,0.0003988541177102,0.8472780951280338,1,Transition,0.9954
2015-07-09,bist100,0.0233570446973135,0.0126784889394146,0.0143778979324774,0.0171925456071427,0.0008334139586095,0.0009899613335699,0.0008834148562868,0.8818040717048019,2,Stress/Bear,0.9981
2015-07-10,bist100,0.0061256702058211,0.0126781435634875,0.0143871097175732,0.010030039323817,0.9807273377767188,0.0038411404288442,0.0013834695355001,0.8812154638677543,1,Transition,0.9777
2015-07-13,bist100,0.0071778062605741,0.0117005038071997,0.0143302717664327,0.0137777281032496,1.0007265506838796,0.0024673119477309,0.0027337813251926,0.8164886191905314,1,Transition,0.9993
2015-07-14,bist100,-0.0041723496237996,0.0113943718594301,0.0142430735248326,0.016423280140168,1.1501742993386317,0.0035691856535948,0.0017507099971984,0.799993894545596,1,Transition,0.9993
2015-07-15,bist100,-0.0037787998616587,0.0113986853847168,0.0142519245345473,0.012508570305872,0.8316829145781675,0.00574187433565,0.0012326758116731,0.7997997292987257,1,Transition,0.9996
2015-07-16,bist100,0.0007479826868677,0.0109290306405743,0.014250890441842,0.0035536167276691,0.6987649209736198,0.0012200619335609,0.0005204553194242,0.7669015971441054,1,Transition,0.9998
2015-07-20,bist100,-0.0179128948951999,0.0115753962070627,0.0140941039378456,0.023118651863436,1.1559218451364175,-0.0035876510866432,-0.0006926708238572,0.8212935180632733,1,Transition,0.9972
2015-07-21,bist100,0.0032362730299117,0.0112475647551917,0.014085053639372,0.0113650561182937,1.133486283406537,-0.0043759577327757,-0.00111670744019,0.7985461073255222,1,Transition,0.999
2015-07-22,bist100,-0.0044372132134267,0.0112496975279608,0.0138110296570283,0.014524392317752,1.1080432430350713,-0.0044289304507012,-0.0011237270396817,0.8145444479757509,1,Transition,0.9973
2015-07-23,bist100,-0.0361760705319965,0.0132160371357058,0.0144677571191755,0.0387790006093683,1.3198177068065151,-0.0109083845847687,-0.003573770860741,0.9134820986308452,2,Stress/Bear,0.979
2015-07-24,bist100,0.0047819190492287,0.0132418003143309,0.0144911565725902,0.0194405729102128,0.9094534175123772,-0.0101015973122965,-0.0028188368281411,0.9137849175805308,1,Transition,0.9963
2015-07-27,bist100,-0.0174304114146098,0.0135475754371373,0.0146356260751567,0.0250931782880287,1.0519781729229372,-0.0100051006161785,-0.0038516034375911,0.9256573902317462,1,Transition,0.9895
2015-07-28,bist100,0.0086499680287527,0.0131400060373757,0.0144022635984157,0.0133562443246639,1.120342559593407,-0.0089223616164103,-0.0023362610963446,0.9123570019105348,1,Transition,0.9853
2015-07-29,bist100,0.0007148915044939,0.0130155478038296,0.0144019299757907,0.0123951282178359,0.8610781208526381,-0.0078919406728261,-0.002601300233097,0.9037363621201088,1,Transition,0.9975
2015-07-30,bist100,0.0024522525371436,0.0130204499063733,0.0143847418034828,0.0173128606780991,0.9926488853734444,-0.0001662760589981,-0.0021323208864933,0.9051570118012724,1,Transition,0.9889
2015-07-31,bist100,0.0207136741644902,0.0139652925866183,0.014590140291536,0.022324052789357,1.4357736465874298,0.0030200749640541,-0.0012178747702778,0.9571732901512868,1,Transition,0.845
2015-08-03,bist100,-0.0220868162113937,0.0146602781431697,0.0148500658780408,0.0237578455292996,1.0046025502666858,0.0020887940046973,-0.00191570431732,0.9872197378496662,1,Transition,0.9597
2015-08-04,bist100,0.0009053914961273,0.0141942698122249,0.0146462277409664,0.0121199681259185,0.9906092940157076,0.0005398786981723,-0.0025727821758207,0.96914168366525,1,Transition,0.9675
2015-08-05,bist100,-0.0012866816657643,0.0140967742977902,0.0145940776423518,0.0108532185713875,0.8499380228453963,0.0001395640641206,-0.0021530303514529,0.9659243045878836,1,Transition,0.9494
2015-08-06,bist100,0.008523225239679,0.013967691882491,0.0146084169734331,0.0089413456646997,0.8852831623405316,0.0013537586046277,-0.0009947569258722,0.956140005306028,1,Transition,0.9444
2015-08-07,bist100,-0.0047828429644185,0.0127497752376878,0.0145047756888552,0.0121107336451085,0.733717668386866,-0.003745544821154,-0.0024017513089588,0.8790053366688139,1,Transition,0.9978
2015-08-10,bist100,-0.0119522176449187,0.0127542203370326,0.014490284910319,0.0187031923018489,0.8302817877382144,-0.001718625107859,-0.0033056457014958,0.8801911360590251,1,Transition,0.9987
2015-08-11,bist100,0.0283032116533083,0.0144324844713345,0.014990316166053,0.0174586578809878,1.022495993179554,0.0037609389235771,-0.0022493754318591,0.9627871961779012,1,Transition,0.97
2015-08-12,bist100,-0.0195732101365912,0.0149423341483151,0.0150617114600071,0.0125041272739239,0.8674904909412029,0.0001036332294117,-0.0030194184574987,0.992074120394027,1,Transition,0.9894
2015-08-13,bist100,-0.0140321526090928,0.0151442897653603,0.0151086036735833,0.0315573206828613,1.311204858095916,-0.0044074423403426,-0.0035320860948704,1.002361971532777,1,Transition,0.7519
2015-08-14,bist100,0.0028952582859271,0.0151837897717733,0.015040746692373,0.0157149240816532,0.9909779208951496,-0.0028718220902734,-0.0034247223149174,1.0095103708829087,1,Transition,0.9801
2015-08-17,bist100,-0.0050133194221102,0.0148052240220496,0.0150189211773634,0.0156132331140636,0.9156958845897448,-0.0014840424457117,-0.0027797435412629,0.9857714710137824,1,Transition,0.9685
2015-08-18,bist100,-0.0125888874274012,0.0148894232537161,0.0149932885258648,0.0123025379106882,0.9426178948210436,-0.0096624622618536,-0.0035710015641286,0.993072548962858,1,Transition,0.9891
2015-08-19,bist100,-0.0087334001463894,0.0149335030386999,0.0149734678640947,0.0193733965436226,0.0010275840546459,-0.0074945002638133,-0.0037858109107767,0.9973309572800676,2,Stress/Bear,0.9491
2015-08-20,bist100,-0.0082384166129169,0.0129143981276997,0.0149447861139865,0.0186097338457858,1.2224755639384592,-0.0063357530645781,-0.0023889282148227,0.8641407129683442,1,Transition,0.9943
2015-08-21,bist100,-0.0119074350796408,0.0129657567144813,0.0149754829563172,0.0149490098724932,0.9250869201800098,-0.0092962917376917,-0.0032233959212662,0.8657989029336689,1,Transition,0.9988
2015-08-24,bist100,-0.0338437786714342,0.0143571084827187,0.015516077415273,0.0398267167929534,1.2216479063593058,-0.0150623835875565,-0.0040440642841074,0.9253052880869568,2,Stress/Bear,0.9837
2015-08-25,bist100,0.0299321497184957,0.0160377889512034,0.0156064301816869,0.024230960999322,1.210816722422115,-0.0065581761583771,-0.0029799551996203,1.027639810289397,2,Stress/Bear,0.7298
2015-08-26,bist100,0.0014436883261758,0.0160474509978828,0.0155071466859034,0.0186224133406681,1.2268442065762668,-0.004522758463864,-0.0029435153585362,1.0348422777525317,1,Transition,0.9508
2015-08-27,bist100,0.0161373360220842,0.0165727955425138,0.0153200169693321,0.0091173651398068,1.0023015709505831,0.0003523920631361,-0.0022592611842892,1.081773967724027,1,Transition,0.964
2015-08-28,bist100,-0.0023003617750622,0.0156680316971472,0.0152748529368066,0.0152301680851959,0.8959786983730808,0.0022738067240518,-0.0034099629812668,1.0257402648632477,1,Transition,0.9885
2015-08-31,bist100,0.0075915511868795,0.015204613774901,0.0153061177435021,0.0105636828908507,0.8321867098414526,0.0105608726957146,-0.0019260446113531,0.9933684053460128,1,Transition,0.9815
2015-09-01,bist100,-0.0220562737452831,0.0158334630847308,0.0140784900678164,0.0207165562874348,1.1618222544141916,0.0001631880029588,-0.0030741278734236,1.1246563380348713,1,Transition,0.9065
2015-09-02,bist100,0.0011736493509107,0.0158576206116903,0.0140641116449063,0.0112224721905514,0.9820450602570356,0.0001091802079058,-0.0029511113225899,1.1275238004409296,1,Transition,0.9715
2015-09-03,bist100,0.0047136146151386,0.0157349434553573,0.0138061757113959,0.0149479148796908,1.010978514511163,-0.0021755640734832,-0.0031415918538169,1.139703259199388,1,Transition,0.9664
2015-09-04,bist100,-0.0143448971439398,0.0159314801993967,0.0137669279276789,0.0150994625956768,1.0036442276799018,-0.0045844711472588,-0.003619694562793,1.1572284160336048,1,Transition,0.9763
2015-09-07,bist100,-0.0149750894586515,0.0160287346090146,0.0138706681771456,0.0122186796117791,0.7009243695914067,-0.009097799276365,-0.0037708381534796,1.1555848935543511,1,Transition,0.9789
2015-09-08,bist100,0.0025847223397357,0.0142534626886245,0.0136800844876237,0.0143564064561643,0.8397264732126856,-0.0041696000593612,-0.0050567626191582,1.0419133523275748,1,Transition,0.9884
2015-09-09,bist100,-0.0006733367308235,0.0138615137150135,0.013497306231095,0.012541199180331,0.850489637986038,-0.0045389972757081,-0.0041117689488699,1.026983716430724,1,Transition,0.9578
2015-09-10,bist100,-0.0021799696832024,0.0136670633880181,0.0134524789405633,0.0096191837940327,0.951634993229461,-0.0059177141353763,-0.0035191598025753,1.0159512940628237,1,Transition,0.9708
2015-09-11,bist100,-0.0069220539956787,0.0136006961119133,0.0132813836675599,0.0090301434491105,0.7803362753361366,-0.0044331455057241,-0.0040100254166556,1.0240421067823862,1,Transition,0.9763
2015-09-14,bist100,-0.0007219842806041,0.0136178744721197,0.0132345766985678,0.0088654564704657,1.0190188588758569,-0.0015825244701146,-0.0037954586595803,1.0289618461007035,1,Transition,0.951
2015-09-15,bist100,0.0259440098001135,0.014967255459771,0.0136142065297396,0.025810044253464,1.4221007208090082,0.0030893330219609,-0.0018688137982046,1.099385074486402,2,Stress/Bear,0.5339
2015-09-16,bist100,0.0132514102027712,0.0152413703240925,0.0137558363528735,0.0184115193615061,1.0881663991903885,0.0058742824086798,-0.0007695732807466,1.1079929953447496,1,Transition,0.9636
2015-09-17,bist100,0.0111461118881402,0.0153573228766734,0.0137270711934917,0.0151320046460829,1.0592082768375048,0.0085394987229484,0.0001996531443062,1.1187617999646349,1,Transition,0.9597
2015-09-18,bist100,0.0015777846554677,0.0150915191528291,0.0136896048469491,0.0145235491588004,1.2418341164281943,0.0102394664531777,0.0008739141310616,1.1024072149308584,1,Transition,0.9483
2015-09-21,bist100,0.0100914991496133,0.0127948495078644,0.0137601876529509,0.0198206590403325,1.1786759954145771,0.0124021631392212,0.003070678022114,0.9298455682848596,1,Transition,0.9846
2015-09-22,bist100,-0.0114946110312061,0.0115057318961365,0.0135704665229702,0.0212872194075268,0.92091069661385,0.0049144389729572,0.0009993399846289,0.8478508735614376,1,Transition,0.997
2015-09-23,bist100,-0.0051269394840468,0.0115859049121593,0.0135429364217557,0.006165458803819,0.3582392709247804,0.0012387690355936,0.0006708085941178,0.8554942998585919,1,Transition,0.9146
2015-09-28,bist100,-0.0175119642998541,0.0116646489081648,0.0136814095940526,0.0247331263935178,0.9873114777023324,-0.0044928462020052,-0.001011656421979,0.852591162334288,1,Transition,0.9973
2015-09-29,bist100,0.0127762372336096,0.0120575303113025,0.0138003511165249,0.0227506812456062,1.3130838194412886,-0.0022531556863768,-0.0002578264715455,0.8737118504807151,1,Transition,0.9865
2015-09-30,bist100,-0.0007031714785682,0.0119151433683922,0.0137743294941535,0.0130651480761472,1.2748118009635063,-0.0044120898120131,-0.0006725626048178,0.8650252902291576,1,Transition,0.9547
2015-10-01,bist100,0.0043768224957425,0.0108354679475566,0.013645248550562,0.0109377587298893,1.1733621840876225,-0.0012378031066234,0.0006490922072333,0.7940835894198752,1,Transition,0.997
2015-10-02,bist100,-0.0018035934454284,0.0108483257383665,0.0136046524295351,0.0116295802229698,1.1441504333440995,-0.0005731338988997,0.0005002300674164,0.7973982278896925,1,Transition,0.9954
2015-10-05,bist100,0.0331268734002789,0.0130634420330608,0.0142089056587992,0.0206756717394839,1.5259154787901514,0.0095546336411268,0.0019208930066734,0.9193841064720524,2,Stress/Bear,0.537
2015-10-06,bist100,0.0046198415731664,0.0124966146272164,0.0138722700622692,0.0127055007662358,1.4096287036640804,0.0079233545090382,0.0028691299425287,0.9008341512327988,1,Transition,0.967
2015-10-07,bist100,0.0184620613945853,0.0122172513017971,0.0140704436135608,0.0138987245464793,1.816108935073454,0.0117564010836689,0.0045409874851906,0.8682918348091336,2,Stress/Bear,0.9534
2015-10-08,bist100,-0.0004728179240693,0.0122620664562951,0.0140311159412179,0.0156660394560726,1.371605523186692,0.0107864729997065,0.0043881104720003,0.8739195447935825,1,Transition,0.9817
2015-10-09,bist100,0.0070168943973746,0.0122154830057088,0.0140621919636103,0.0097671533690334,1.3209036401680354,0.0125505705682672,0.0047726220284102,0.8686755974687065,1,Transition,0.9833
2015-10-12,bist100,0.0010749700343529,0.0121394243410836,0.0140586452460044,0.0135196116454937,1.1185435729011834,0.006140189895082,0.004935369014288,0.8634846479630542,1,Transition,0.9981
2015-10-13,bist100,-0.0119436212473053,0.0124456457578238,0.0141316979193867,0.0204956222462563,1.1216455656623303,0.0028274973309876,0.0046842906517066,0.8806900507510963,1,Transition,0.9944
2015-10-14,bist100,0.0129532358263416,0.0125084917086127,0.014064151731658,0.0149282042950323,1.138539485223414,0.0017257322173389,0.0053680516570539,0.8893882793127483,1,Transition,0.996
2015-10-15,bist100,-0.0014737606869191,0.0116045330693281,0.0140566407246417,0.0141276701911148,1.211126250732354,0.0015255436647689,0.0039971631327023,0.82555521597596,1,Transition,0.9981
2015-10-16,bist100,-0.0098855075942305,0.0117852722023959,0.0141001619359897,0.0144145377229475,0.9300725905400604,-0.001854936733552,0.0028403172428522,0.8358253086664788,1,Transition,0.9984
2015-10-19,bist100,0.0158126511822957,0.0120025579960105,0.0134578985238667,0.0131549184143367,0.9871635120023944,0.0010925994960364,0.00307364420756,0.8918597487360088,1,Transition,0.9751
2015-10-20,bist100,0.009511384091229,0.0120813609583526,0.0134984151065751,0.0113794033988913,0.0012445647169891,0.0053836005637433,0.0034703241793481,0.8950207015390865,2,Stress/Bear,0.9691
2015-10-21,bist100,-0.0091251189462125,0.0122894213784061,0.0133545639923098,0.0142869844983555,1.302586101373557,0.0009679296092325,0.0025094932745568,0.9202413036833652,1,Transition,0.8396
2015-10-22,bist100,0.0061316701718502,0.0118566850277998,0.0133324931473042,0.0085913385271658,1.159861577832421,0.0024890157809864,0.0033908073347096,0.8893074158599675,1,Transition,0.8925
2015-10-23,bist100,-0.0016349129637047,0.0117498818769183,0.0133352127201451,0.0121748286069851,1.1996769742074558,0.0041391347070915,0.0035654086607267,0.8811169438015893,1,Transition,0.9498
2015-10-26,bist100,-0.0108227945878645,0.0112007101526284,0.0134110179072313,0.0149315438325381,0.9457372849312682,-0.0011879544469405,0.0038998671463262,0.8351871744641364,1,Transition,0.9981
2015-10-27,bist100,-0.0075960019658366,0.0112770747997834,0.0131733067082363,0.0163878852848805,0.8625522059304821,-0.0046094316583536,0.0028812551863538,0.8560549791748705,1,Transition,0.9932
2015-10-28,bist100,-0.0016056495090274,0.0112939652741437,0.0128598200630872,0.0082904605069634,0.4076073546009058,-0.0031055377709166,0.0028361312848309,0.8782366486263575,1,Transition,0.8594
2015-10-30,bist100,0.0110508191687766,0.0114395427694361,0.0129373341008386,0.0241699231885624,0.96288847052738,-0.0021217079715313,0.0031698311184826,0.8842272047913343,1,Transition,0.9927
2015-11-02,bist100,0.0525507141127046,0.0158154101276194,0.0145904453047036,0.0134372197312687,1.9220890864540148,0.0087154174437505,0.0058875464963893,1.083956644045739,2,Stress/Bear,1.0
2015-11-03,bist100,-0.0093597642387045,0.0147838115378979,0.0146198067716152,0.0129472906003964,1.2558510301936694,0.0090080235135825,0.0037632146144401,1.0112179845359552,1,Transition,0.9455
2015-11-04,bist100,0.0092462829205542,0.0148340302549659,0.0146404041718659,0.0059761223508886,1.1054159113890203,0.0123764804908607,0.0039945366818095,1.0132254602282131,1,Transition,0.9653
2015-11-05,bist100,-0.0087422339409619,0.0146840998664089,0.0145977720461913,0.0094352380440852,1.0251460410532875,0.0109491636044737,0.0026343219150321,1.0059137668367797,1,Transition,0.9695
2015-11-06,bist100,-0.0124390627774578,0.0150564307753413,0.0142561705458952,0.0184718848235834,0.9095507262539884,0.0062511872152269,0.0020360096723627,1.056134305272922,1,Transition,0.9812
2015-11-09,bist100,0.0014623478257153,0.0150108789883412,0.0140118249666503,0.0105423507237995,0.9521200809664376,-0.0039664860421709,0.0017582823437797,1.0713007780263275,1,Transition,0.9751
2015-11-10,bist100,-0.0107337996787994,0.0152691917503834,0.0139589928993552,0.0174735971158,0.906093630770652,-0.0042412931301899,0.0011678438581221,1.0938605571673274,1,Transition,0.9842
2015-11-11,bist100,0.0066780573493796,0.0149928574350905,0.0139768660462469,0.0107749828473554,0.8676430130872053,-0.0047549382444248,0.0020989277879563,1.0726909298180192,1,Transition,0.9844
2015-11-12,bist100,0.0051922665651999,0.0147962847700201,0.0139654759577151,0.0105851376220956,0.8735855660863138,-0.0019680381431924,0.0017108793248993,1.0594901895804052,1,Transition,0.9148
2015-11-13,bist100,-0.0032264075188201,0.0148213077371407,0.0138619164877106,0.008152321379905,0.917421539106346,-0.0001255070914649,0.0016232469833042,1.069210577792803,1,Transition,0.8808
2015-11-16,bist100,-0.010218297640924,0.0148350887522266,0.0138813552541913,0.0099165783790606,0.7665203971051747,-0.0024616361847928,0.0016066074809695,1.0687060795268788,1,Transition,0.9582
2015-11-17,bist100,0.001313134177726,0.014453700958778,0.013825636591758,0.0086824478302529,0.8882725461030233,-5.2249413487712386e-05,0.000881631630741,1.0454275188597428,1,Transition,0.6525
2015-11-18,bist100,-0.007901383772887,0.0144309398324835,0.0137699169843843,0.0141640254842235,0.8059397605583982,-0.002968137637941,1.0993237535291724e-05,1.0480048535404265,1,Transition,0.721
2015-11-19,bist100,-0.0009071400181426,0.0142732472027114,0.012972419416352,0.0115898913882071,0.8319928334888882,-0.0041880189546095,0.0004218921839387,1.10027642065902,1,Transition,0.7289
2015-11-20,bist100,0.0029853532080801,0.0142242582467116,0.0124447505125005,0.0091371998408329,0.7389694762383323,-0.0029456668092295,0.0002645763357502,1.142992640344505,1,Transition,0.5308
2015-11-23,bist100,-0.0116802566866633,0.0144700897689768,0.0125614666301052,0.0130341249226291,0.7056659983603787,-0.0032380586183773,-0.0002376908503976,1.151942698657278,1,Transition,0.7262
2015-11-24,bist100,-0.044905937338983,0.0174769189937458,0.0137572065496782,0.051312535388818,1.704064752160678,-0.0124818729217191,-0.0019418479879535,1.2703828303104554,2,Stress/Bear,1.0
2015-11-25,bist100,0.0077541379476399,0.0175524366265538,0.0137860097531994,0.0189312346466012,1.326351401308855,-0.0093507685776137,-0.0011743409922797,1.273206456457078,2,Stress/Bear,0.6928
2015-11-26,bist100,-0.0242236120875215,0.0182946308754059,0.014115868456488,0.0226328422722787,0.9866383731244373,-0.0140140629914895,-0.0023052391212044,1.2960329668556283,1,Transition,0.597
2015-11-27,bist100,0.008507887459653,0.0182055413004482,0.0138572803837328,0.0224609520784659,1.0566224943511937,-0.012909556141175,-0.0024323857066606,1.3137889106884102,1,Transition,0.5219
2015-11-30,bist100,-0.0053766915567397,0.0128044840041068,0.0138773685193513,0.0191154087387252,0.8260483984586137,-0.0116488431151902,-0.0053287559901328,0.922688187335481,1,Transition,0.9976
2015-12-01,bist100,0.0204284324982168,0.0139886388106084,0.0141074520239653,0.0202213446891367,1.1216718801215555,0.0014180308522496,-0.0038393461532867,0.9915779821079604,1,Transition,0.9727
2015-12-02,bist100,-0.0050984771533646,0.0136459390821434,0.0139912889272251,0.0199019038163331,1.2901161533711072,-0.0011524921679512,-0.0045565841569827,0.9753167955520076,1,Transition,0.9669
2015-12-03,bist100,-0.0124100155736786,0.0137295407694028,0.013946212706462,0.0231788703572793,1.04064248120441,0.0012102271348173,-0.0047399732386185,0.984463743553916,1,Transition,0.9817
2015-12-04,bist100,-0.0158634809954718,0.0138514213941315,0.0141088761398172,0.0338921634424381,1.2494950882978586,-0.0036640465562076,-0.0049111941495192,0.98175228536034,1,Transition,0.6269
2015-12-07,bist100,-0.004810541435772,0.0137702888682628,0.01412482984948,0.0159575759527696,0.9959236352084848,-0.003550816532014,-0.0052248386125936,0.9748994511795648,1,Transition,0.9946
2015-12-08,bist100,-0.0109926570970535,0.0137758598594468,0.0141981160298886,0.0170956534502951,0.9495980142938568,-0.0098350344510681,-0.0052377814835063,0.9702597042063216,1,Transition,0.995
2015-12-09,bist100,0.0200813351821858,0.014682248578832,0.0143923330869283,0.0239141984175097,1.0375714048959936,-0.004799071983958,-0.004567617591866,1.020143745294983,1,Transition,0.9335
2015-12-10,bist100,-0.0303484547452387,0.0155631804442877,0.0149410450400232,0.044564281309068,1.3329901712051782,-0.00838675981827,-0.0063446536573879,1.0416393500319416,2,Stress/Bear,0.9994
2015-12-11,bist100,-0.0290819734881823,0.0163447655628968,0.0150254000939975,0.0317544681941625,1.3698289234115613,-0.0110304583168121,-0.007637431955856,1.0878090074570692,2,Stress/Bear,0.9562
2015-12-14,bist100,-0.0139210840685934,0.0163964273220822,0.015008104509268,0.0361414144029352,1.1199581219656212,-0.0128525668433764,-0.0078225712772395,1.092504873747172,2,Stress/Bear,0.7767
2015-12-15,bist100,0.0402710706819908,0.0195497543281743,0.0158586329861232,0.0427294390077843,1.2489280438142851,-0.0025998212875675,-0.0058746744520262,1.2327515458161442,2,Stress/Bear,1.0
2015-12-16,bist100,0.0093111936178829,0.0198326609793186,0.0159083103727454,0.0204706412187217,1.1781539744244884,-0.0047538496004281,-0.0050140455824877,1.246685569656509,1,Transition,0.6014
2015-12-17,bist100,0.0120115933394496,0.0201807821723888,0.015931913691087,0.018386598408498,1.2571963660714942,0.0037181600165095,-0.0043681089146081,1.266689147561645,2,Stress/Bear,0.5681
2015-12-18,bist100,-0.0171240728991188,0.0202957568468788,0.0160142490472856,0.0208225357313759,0.944580952384898,0.0061097401343222,-0.0053735802199681,1.2673561393326078,2,Stress/Bear,0.7233
2015-12-21,bist100,0.0119049996980951,0.0205930482825197,0.0160829588656535,0.0180150237705455,0.9183205126947044,0.0112749568876599,-0.0041943174007301,1.2804265965324242,2,Stress/Bear,0.608
2015-12-22,bist100,-0.0030881589688561,0.018229170337743,0.01592821071162,0.0158628415968494,1.0669363796911469,0.0026031109574905,-0.0021034284822238,1.144458135805828,1,Transition,0.9677
2015-12-23,bist100,0.0128146109365885,0.018407444486124,0.0159287351487732,0.0188603144949178,0.9303968607267916,0.0033037944212316,-0.0018504048327764,1.1556124396695595,1,Transition,0.9729
2015-12-24,bist100,7.434942402817672e-05,0.0176388789581268,0.0159285092363141,0.007139752104167,0.5999632439938538,0.0009163456381473,-0.0006355067571989,1.1073778905758078,1,Transition,0.981
2015-12-25,bist100,0.0018766862431668,0.0175198861169652,0.0159200405703348,0.0031432782696774,0.3194834605442635,0.0047164974666045,-0.0009670668180232,1.100492554623978,1,Transition,0.7719
2015-12-28,bist100,0.0007234647507253,0.0174921550728756,0.0159187367890336,0.01029189470748,0.8131896607161067,0.0024801904771305,-0.0006620590026499,1.0988406495247711,1,Transition,0.9872
2015-12-29,bist100,-0.0044628591410894,0.0167837526742031,0.0153199517396498,0.0112944285674648,0.8059771752935645,0.0022052504426838,-0.0019066235846153,1.09554866486719,1,Transition,0.9845
2015-12-30,bist100,-0.0096783240074595,0.0168606601780366,0.0153475964238734,0.0128455944686374,0.6357824217032958,-0.0022933365461257,-0.00213561592732,1.0985863657327872,1,Transition,0.9883
2015-12-31,bist100,-0.0203376762417511,0.0172045965286499,0.0153353906582806,0.0270262404811563,0.6577965804854697,-0.0063757416792815,-0.0025319989607236,1.1218883765024892,1,Transition,0.8521
2016-01-04,bist100,-0.0169935784105561,0.0172524745799302,0.015463576162968,0.0261862157440135,0.7648924481312063,-0.0101497946100261,-0.0025885038314778,1.115684651345155,1,Transition,0.9351
2016-01-05,bist100,0.0024035298827074,0.0172789657824811,0.0154303193265631,0.0262803267666118,1.0596123935111557,-0.0098137815836297,-0.0022278002655539,1.1198061049025427,1,Transition,0.9057
2016-01-06,bist100,0.0071860654194022,0.0172717679069084,0.0154703933961929,0.0218209992591514,1.2225711493011209,-0.0074839966715314,-0.0013188641397311,1.1164401230519945,1,Transition,0.8562
2016-01-07,bist100,0.0041767766099954,0.016587171887106,0.015431109112276,0.0273065350296307,1.3428029412995788,-0.0047129765480404,-0.0021140920683406,1.0749176722436775,1,Transition,0.8043
2016-01-08,bist100,-0.0124229404419746,0.0154248229008066,0.0153751451508038,0.0244161958910576,1.1065455820249577,-0.0031300293880851,-0.0012178163531774,1.0032310426676003,1,Transition,0.9811
2016-01-11,bist100,0.0061525897093265,0.014023318886768,0.0154106358308469,0.0212586870477361,1.055399361890227,0.0014992042358913,0.0005439118066979,0.9099766577247936,1,Transition,0.9965
2016-01-12,bist100,0.0096843214354535,0.0137321486099292,0.0154441707307911,0.0220741482497063,1.320634103137566,0.0029553625464406,0.0017241820819003,0.8891476822741518,1,Transition,0.9877
2016-01-13,bist100,0.0106524558245446,0.0105950697010463,0.0153602838814063,0.013525355137586,1.2236723528806497,0.003648640627469,0.000243251339028,0.6897704354195996,1,Transition,0.9995
2016-01-14,bist100,-0.0078657755338009,0.0105172311335663,0.0153112935574548,0.0186613114713763,1.2417443108910626,0.0012401301987098,-0.0006155971185561,0.6868937032720959,1,Transition,0.9993
2016-01-15,bist100,-0.0122880383005907,0.0103844701940559,0.0153420993371432,0.0231699834128335,1.1132330663170462,0.0012671106269865,-0.0018305787005581,0.6768610974193863,1,Transition,0.999
2016-01-18,bist100,-0.0003138930155713,0.0097418993778995,0.0153072522455228,0.0095200807073959,0.9591657713141568,-2.6185917992982226e-05,-0.0009900697063808,0.6364237827693056,1,Transition,1.0
2016-01-19,bist100,0.0004714895984478,0.0092693738767956,0.0153105958969787,0.0146497453620232,1.067646328678879,-0.0018687522853941,-0.0015617452113631,0.6054221494164584,1,Transition,1.0
2016-01-20,bist100,-0.0208882559210616,0.0102285628304846,0.0154633104978221,0.0171011409383437,1.123211498185238,-0.0081768946345153,-0.0024517500589734,0.6614730288139286,1,Transition,0.9994
2016-01-21,bist100,-0.0149975661983371,0.009930035031138,0.0155367144413245,0.0225558689365997,1.2471842150050287,-0.0096032527674226,-0.0038423589157197,0.639133522640161,1,Transition,0.9981
2016-01-22,bist100,0.024149030397133,0.011726497383726,0.0159072680675795,0.0161894045374368,1.1433886526957635,-0.0023158390278778,-0.0026386248670644,0.7371785861599761,1,Transition,0.9944
2016-01-25,bist100,0.004192282748942,0.0117847118670479,0.0158374097057434,0.0136804819292537,0.7976893202182563,-0.0014146038749751,-0.0025228450417757,0.7441060177141384,1,Transition,0.9998
2016-01-26,bist100,0.0178426480687479,0.0126246848892193,0.0143788096993846,0.0266487141469504,1.0335249801293056,0.0020596278190848,-0.0016668858758746,0.8780062573440708,1,Transition,0.9759
2016-01-27,bist100,0.0033920842334333,0.0126552701894378,0.0143707274954511,0.0126088048166366,1.1395574060725822,0.0069156958499838,-0.0012741387071484,0.8806283602165402,1,Transition,0.9964
2016-01-28,bist100,0.0051841302852507,0.0125718894619407,0.0143247125501666,0.0088392965642102,1.0991085439270345,0.0109520351467014,-0.0005310159925129,0.8776364215276704,1,Transition,0.9925
2016-01-29,bist100,0.0144435255117888,0.0120840089885813,0.0144630010757501,0.0058028525271742,0.9718200662578924,0.0090109341696325,0.001208044095164,0.8355118640516682,1,Transition,0.9983
2016-02-01,bist100,-0.0004546231437776,0.0113142451894365,0.0143993036240806,0.0098179207614142,0.9160204397513436,0.0080815529910886,0.0020349918585029,0.7857494698920795,1,Transition,0.9996
2016-02-02,bist100,-0.0129014676224247,0.0117953616977753,0.014463043579624,0.0193818636419003,0.9697782413499488,0.001932729852854,0.0012697419832463,0.815551832699516,1,Transition,0.9991
2016-02-03,bist100,0.0104436578634185,0.0119033561127551,0.0145061477083145,0.022037197893014,1.058614724078481,0.0033430445788511,0.0014326216054471,0.8205732046925539,1,Transition,0.9984
2016-02-04,bist100,0.0167558565977495,0.0123788174961731,0.0146623965380615,0.0104354914024035,1.1077539816387951,0.0056573898413509,0.0020615756048348,0.8442560848794015,1,Transition,0.9982
2016-02-05,bist100,-0.0040602843371871,0.0119992249588546,0.0146390279540635,0.009893121387345,0.9001957424342446,0.0019566278715557,0.0024797084100742,0.8196736147036177,1,Transition,0.9994
2016-02-08,bist100,-0.0300730172888229,0.0139853715979474,0.0150899908484454,0.0368169955266765,1.2159498023313458,-0.0039670509574533,0.0006684280601667,0.926797884664601,2,Stress/Bear,0.905
2016-02-09,bist100,-0.008227599604261,0.0139511042479494,0.0150741119931989,0.0199510213318902,1.2007593484504664,-0.0030322773538206,-0.0002271679918189,0.9255009020925266,1,Transition,0.9784
2016-02-10,bist100,0.0027827328860233,0.0137374431600917,0.0150809583216237,0.019458530057719,0.9532194427243288,-0.0045644623492996,-0.000620654138745,0.91091314405361,1,Transition,0.9933
2016-02-11,bist100,-0.009435066685829,0.0137854013127988,0.0150922810416855,0.0196189873446037,1.1231508921758186,-0.0098026470060153,-0.0006991186963464,0.9134074083780268,1,Transition,0.9902
2016-02-12,bist100,-6.057125926578566e-05,0.0135128352930148,0.0150938198812073,0.0091081627234213,0.8746674657147882,-0.0090027043904311,-8.774534428016242e-05,0.895256164401372,1,Transition,0.9964
2016-02-15,bist100,0.0009961203902744,0.013514856252272,0.0150846524896116,0.0300009326189271,1.0510514329997591,-0.0027888768546116,-2.2244673987872443e-05,0.895934212709197,1,Transition,0.9767
2016-02-16,bist100,-0.0008298163357501,0.0135154865937917,0.0150331548163049,0.014213039889438,0.8389531521165154,-0.0013093202009094,-8.730997069777188e-05,0.8990452608878162,1,Transition,0.9863
2016-02-17,bist100,0.0258219605071504,0.013765360621575,0.01436576184909,0.0302480021293853,1.0652386218381191,0.0032985253233159,0.0022482008507128,0.9582060990692922,1,Transition,0.5536
2016-02-18,bist100,0.0087712070380571,0.013213038431692,0.0143765853133305,0.0153064663045249,0.9856508692647769,0.0069397800680932,0.0034366395125325,0.919066533792301,1,Transition,0.9931
2016-02-19,bist100,-0.0058868679598012,0.0124179839945197,0.0140606036880647,0.0107430714265413,0.8359417065073376,0.0057745207279861,0.0019348445946858,0.8831757348413634,1,Transition,0.9795
2016-02-22,bist100,0.0254020825022373,0.0134810640119379,0.0144078267660728,0.0177252009526547,1.0097997242618386,0.0106557131503787,0.0029953345823505,0.9356764368990568,1,Transition,0.9824
2016-02-23,bist100,0.0080574703206078,0.0130856242259577,0.014429829282029,0.0165497948596022,1.209406302950551,0.0124331704816503,0.0025060756949435,0.9068453943703,1,Transition,0.9895
2016-02-24,bist100,-0.0191571416022903,0.013948258256714,0.0143876189842939,0.0241593274916593,1.066747755762112,0.0034373500597621,0.0013786144031574,0.9694625825121198,1,Transition,0.9692
2016-02-25,bist100,0.0152036857090131,0.0142683959384339,0.0145181889707264,0.0153334782348271,0.971774789666596,0.0047238457939533,0.0018795921743455,0.9827944771351202,1,Transition,0.95
2016-02-26,bist100,-0.0036355226112168,0.0140007082557708,0.0144377213726003,0.0157723392598194,0.9401688812317603,0.0051741148636702,0.0009756397681952,0.9697311573238384,1,Transition,0.9257
2016-02-29,bist100,0.0117472365459656,0.0141995444288523,0.0143671431110149,0.0201941574054059,0.9224168723304492,0.0024431456724159,0.0015857327526824,0.9883345853196014,1,Transition,0.9746
2016-03-01,bist100,0.0018581326091914,0.0137844632501033,0.0143523779408632,0.007142370983024,0.8464950160731629,0.0012032781301326,0.0023237127642632,0.9604306204100896,1,Transition,0.8797
2016-03-02,bist100,0.010902015188061,0.0137990472101757,0.0143347075013816,0.0088738632650389,0.9685797618921468,0.0072151094882029,0.0023466306304953,0.9626319343346004,1,Transition,0.8994
2016-03-03,bist100,0.0005247064082952,0.0133778715114037,0.0141098987809538,0.0138126910529047,1.0048017975019283,0.0042793136280593,0.0015350731210226,0.948119594554552,1,Transition,0.8204
2016-03-04,bist100,0.004711116425305,0.0133284693908539,0.0135248003167414,0.0133073475658861,0.9993758560460848,0.0059486414353636,0.0019736431591472,0.9854836358918764,1,Transition,0.6487
2016-03-07,bist100,0.0037859996707193,0.0109887223732714,0.0129352781011198,0.0108332522640006,1.006994854902864,0.0043563940603144,0.0036665940071243,0.8495157419398722,1,Transition,0.9328
2016-03-08,bist100,0.0025649055046775,0.0106331317763836,0.0127735116634279,0.0126914182190403,1.138454482627129,0.0044977486394116,0.0042062192625712,0.8324360642991812,1,Transition,0.9818
2016-03-09,bist100,0.0134933914675641,0.0108256412958049,0.0118441633049159,0.0170159853195238,1.022578429137442,0.0050160238953122,0.0047417521916483,0.914006419627106,1,Transition,0.9882
2016-03-10,bist100,0.0036319660478112,0.0103068902462598,0.0118029351696354,0.0147942380124779,1.2699623189514329,0.0056374758232154,0.0053951038283303,0.8732480605989941,1,Transition,0.9876
2016-03-11,bist100,0.00448851963812,0.010230065434923,0.011727583956315,0.0109549106718245,0.9469438915460322,0.0055929564657784,0.0056225583731996,0.8723080110131659,1,Transition,0.9435
2016-03-14,bist100,0.0091629385515379,0.0101986223391271,0.011519276834757,0.0116676190258508,0.9596275277432812,0.0066683442419421,0.0060308992812628,0.885352655850313,1,Transition,0.9758
2016-03-15,bist100,-0.0135705181857737,0.0110149561684501,0.0116049214192769,0.0166593736084172,1.0716110081969077,0.0034412595038519,0.0053938641887616,0.9491624949870996,1,Transition,0.9914
2016-03-16,bist100,0.0042690141542892,0.0099100895477575,0.01159719137415,0.0145473074331227,0.9183850955556144,0.0015963840411969,0.0043162168711185,0.8545249645398633,1,Transition,0.8846
2016-03-17,bist100,0.0249834781707467,0.0109066239832365,0.011903085760292,0.0122037811695754,1.16753758921984,0.005866686465784,0.005126830427753,0.9162854240385554,1,Transition,0.9874
2016-03-18,bist100,0.0190645979085998,0.0110070922477319,0.0121131644398262,0.0207637216575449,1.0539851188656348,0.00878190211988,0.0063744037211731,0.9086884193152918,1,Transition,0.9812
2016-03-21,bist100,0.0055222124069372,0.0100547938913208,0.0121222349206822,0.0130343852806509,1.0864573201636762,0.0080537568909598,0.0053804102164081,0.8294505062070682,1,Transition,0.996
2016-03-22,bist100,-0.0198179414073979,0.0114932865267811,0.0124433034838405,0.0228702494915271,1.3955928384686638,0.006804272246635,0.0039866396300078,0.923652351781575,1,Transition,0.8424
2016-03-23,bist100,-0.0170513723023291,0.0112777346821689,0.0126517924726627,0.0194480711647954,1.126108398549185,0.0025401949553113,0.0040919280950058,0.8913942199524125,1,Transition,0.9944
2016-03-24,bist100,0.0120526669813447,0.0111354447174668,0.0126403543077332,0.015592786898479,0.9796641399711168,-4.596728256903923e-05,0.0039343771586224,0.8809440341916939,1,Transition,0.9822
2016-03-25,bist100,-2.3331649229496448e-05,0.0110350449701334,0.0123060478225037,0.0056971900714346,0.415209595918321,-0.0038635531941349,0.0041149867067218,0.8967172181757681,1,Transition,0.9484
2016-03-28,bist100,-0.0001463040998593,0.0109219881519597,0.0120526075199843,0.0105477215858903,0.4829088943827032,-0.0049972564954942,0.0035203096744305,0.9061929656176132,1,Transition,0.9056
2016-03-29,bist100,0.0047707697811453,0.010918076087887,0.0120565586138621,0.0091810553856341,0.8218944404470074,-7.951425778559181e-05,0.0036659415330282,0.9055715181721812,0,Calm/Bull,0.5119
2016-03-30,bist100,0.0143845555807211,0.011066318849126,0.0121403167811064,0.0089474706996889,0.9477618675643056,0.0062076713188244,0.0038400685526612,0.9115346039691636,1,Transition,0.5951
2016-03-31,bist100,0.004214605490849,0.0110388613270232,0.012140404218237,0.0115291436935172,0.9715374334805764,0.0046400590207253,0.0040245635067889,0.9092663743799342,1,Transition,0.6238
2016-04-01,bist100,-0.0109717812038685,0.0115334617627336,0.0121115002321295,0.0136318510901241,0.884512534864561,0.0024503691097975,0.0032404186253302,0.952273586399932,1,Transition,0.6955
2016-04-04,bist100,0.0182099959636373,0.0120104824127967,0.012271021258842,0.0151777845228776,1.0174098335792148,0.0061216291224968,0.0039616184399761,0.9787679574055358,1,Transition,0.947
2016-04-05,bist100,-0.0108945734870834,0.0124614771042757,0.0123616212149814,0.0148980715183355,0.9750706499381948,0.0029885604688511,0.0032886444903881,1.00807789589713,1,Transition,0.838
2016-04-06,bist100,-0.0176663614535485,0.0130523414393224,0.0125807486901016,0.0185840383264668,0.9981652520835438,-0.0034216229380028,0.0017306568443324,1.0374852690278955,1,Transition,0.942
2016-04-07,bist100,-0.0042612644005572,0.013111027325553,0.0125416246724309,0.0144386132211476,0.860463810384729,-0.005116796916284,0.001335995321914,1.0454010280162365,1,Transition,0.6397
2016-04-08,bist100,0.0163433655052875,0.0135225690389036,0.0125330476091171,0.0205098411845405,0.9998681087605452,0.0003462324255471,0.0019287376152724,1.0789529778109743,1,Transition,0.9539
2016-04-11,bist100,0.0178442569528061,0.0139010401408715,0.0126825877003921,0.0214318743755195,1.1952500537001884,0.0002730846233808,0.0023628035353358,1.0960728574691216,1,Transition,0.9526
2016-04-12,bist100,-0.0031924888830148,0.0134617289519486,0.012702747810812,0.0139298581665297,1.2418926192707256,0.0018135015441946,0.0028817050004737,1.059749367022032,1,Transition,0.6752
2016-04-13,bist100,0.0233388403058513,0.0142192079612877,0.0125917522956024,0.0209997911039036,1.2358924089516512,0.0100145418960745,0.0038351963080519,1.129247751026173,1,Transition,0.8777
2016-04-14,bist100,0.0010297767677056,0.0133248149752902,0.0123613083653198,0.0106557559588127,1.2728259533478676,0.0110727501297271,0.0026375112378998,1.0779453583306395,1,Transition,0.8378
2016-04-15,bist100,-0.0024707945131192,0.0127867533083636,0.0120909073572726,0.0161278093729393,0.9769399990950424,0.0073099181260458,0.0015607416168138,1.0575511771391093,1,Transition,0.6119
2016-04-18,bist100,0.0089625480812782,0.0128657477452604,0.0121126050501883,0.0160869734563594,1.0007131192799086,0.0055335763517402,0.0017327584005309,1.0621784242077887,0,Calm/Bull,0.61
2016-04-19,bist100,-0.0010742009436291,0.0118563813687607,0.0119749082646097,0.0102816522965456,1.0037384885393763,0.0059572339396173,0.0026699454237193,0.990102062309796,0,Calm/Bull,0.8301
2016-04-20,bist100,-0.0081582787996395,0.0112279433263284,0.0120619093106553,0.0194015312413516,1.3546581926995005,-0.0003421898814808,0.0031146000988538,0.9308595378353424,1,Transition,0.8994
2016-04-21,bist100,0.0014087059401208,0.0110325448116451,0.0120594359774764,0.0155514693047919,0.9183058718134206,-0.0002664040469977,0.0025824020467926,0.9148474963713702,0,Calm/Bull,0.5124
2016-04-22,bist100,0.0018413199809129,0.0110172337813056,0.0119625402172302,0.0090728276056085,0.8083681870112033,0.0005960188518086,0.0026756346282997,0.9209777840861042,0,Calm/Bull,0.8573
2016-04-25,bist100,-0.0084159270872171,0.0112807461341808,0.0120407670672087,0.0101869946393674,0.7804657879808836,-0.0028796761818904,0.0022621534789318,0.9368793591981596,0,Calm/Bull,0.627
2016-04-26,bist100,0.0075732369928693,0.0113308409934301,0.0118873019838625,0.0104412347278561,0.9324536000256948,-0.0011501885945907,0.002402276839518,0.9531886216748052,0,Calm/Bull,0.7987
2016-04-27,bist100,-0.0044667488421601,0.0110625283129248,0.0118805948805688,0.0097161528735915,0.7314915013946374,-0.0004118826030948,0.001459711618374,0.9311426257802944,0,Calm/Bull,0.9227
2016-04-28,bist100,0.0012127646558414,0.0110435313548957,0.0117341178141218,0.0106834828448263,0.8943732959140449,-0.0004510708599507,0.0013096195766236,0.9411471343508302,0,Calm/Bull,0.9461
2016-04-29,bist100,-0.0017563924039409,0.0106907573601587,0.0117167427569392,0.0096861716993085,0.7150491325331837,-0.0011706133369214,0.00177038901662,0.9124342474641308,0,Calm/Bull,0.9129
2016-05-02,bist100,-0.0177105903161462,0.0108003094960503,0.0112361477009312,0.0173792966065747,0.6427527576998732,-0.0030295459827073,-2.5640297369146185e-05,0.9612110648167436,0,Calm/Bull,0.5684
2016-05-03,bist100,-0.033479204664824,0.01296105705755,0.0120867843627204,0.0420048144891821,1.1580194114067812,-0.0112400343142459,-0.0011548718562561,1.0723329438660392,2,Stress/Bear,0.9977
2016-05-04,bist100,-0.02103135819384,0.0132061992244986,0.0124499729018849,0.024816668891285,1.2728072453613302,-0.0145529561845819,-0.0013231216932707,1.0607412022960536,1,Transition,0.586
2016-05-05,bist100,-0.0086512779252044,0.0132937972109665,0.0124384797575992,0.0303475050261971,1.3839975205002852,-0.0165257647007911,-0.0015426223695031,1.0687638256471623,2,Stress/Bear,0.8929
2016-05-06,bist100,-0.0042109039534054,0.0126154940369801,0.0124601247607897,0.0203132269897214,1.2115032924999096,-0.017016667010684,-0.0025703358424377,1.0124693194629446,1,Transition,0.6973
2016-05-09,bist100,0.0088165576588173,0.0119927475519049,0.0124939165461772,0.0108535438201284,0.8084385084617957,-0.0117112374156913,-0.0030217208071372,0.9598869583913124,1,Transition,0.9902
2016-05-10,bist100,-0.0032900873781312,0.0119928405520655,0.0125066933319526,0.0134869583624462,0.906698090042707,-0.0056734139583527,-0.003026600731893,0.958913777906888,1,Transition,0.6815
2016-05-11,bist100,0.0028562097193402,0.0103903556890165,0.0121023765023227,0.0144697426892473,0.967163978247678,-0.0008959003757167,-0.0040507322612185,0.8585384603612664,1,Transition,0.9917
2016-05-12,bist100,-0.0091984483240658,0.0103788421288737,0.0121383300226359,0.0169059991775072,0.9266668060023876,-0.001005334455489,-0.0045621435158071,0.8550469553487989,1,Transition,0.9981
2016-05-13,bist100,-0.0063518907757796,0.0103739634205801,0.0121429931784971,0.0129973501850477,0.8481484087353389,-0.0014335318199638,-0.0047561983289401,0.8543168284859411,1,Transition,0.9982
2016-05-16,bist100,-0.0104478133908997,0.0099210451388655,0.0118021343144045,0.0194819668783734,0.6884745202398003,-0.0052864060299072,-0.005726716402549,0.8406144918005956,1,Transition,0.999
2016-05-17,bist100,0.0035974032601132,0.0100899056106301,0.0117674799516378,0.017027131049143,0.9197141964169578,-0.0039089079022583,-0.0054931361923619,0.857439796124385,1,Transition,0.9987
2016-05-18,bist100,-0.0004309424992303,0.0101303476922503,0.0114852609737623,0.0141850539533015,1.0190840236423693,-0.0045663383459724,-0.0051067693773414,0.8820302573352723,1,Transition,0.9878
2016-05-20,bist100,-0.0115390508177154,0.0101057449753111,0.0114316506499566,0.0155741871949533,0.946104482447761,-0.0050344588447024,-0.0057541572152333,0.8840145036578274,1,Transition,0.9967
2016-05-23,bist100,0.0053315627736909,0.0102725704586035,0.0114385498621538,0.0099224330136187,0.7232200538791057,-0.0026977681348082,-0.0055796450755944,0.8980658022562712,1,Transition,0.9973
2016-05-24,bist100,0.0341735506574973,0.0135463478615342,0.0121592062282757,0.0383437053574721,1.3999484394539214,0.0062265046748711,-0.0034501711883586,1.1140815944080935,2,Stress/Bear,0.9996
2016-05-25,bist100,-0.0104465569138401,0.013372724605263,0.012244139398624,0.0171430829768231,1.0013518608741516,0.0034177126400804,-0.0043511608836941,1.09217350194214,1,Transition,0.9554
2016-05-26,bist100,-0.0073223559914411,0.0133892581044785,0.0122095454850893,0.0126993649339846,0.978033125220985,0.0020394299416383,-0.0044939412411582,1.0966221568878087,1,Transition,0.922
2016-05-27,bist100,-8.588366632484251e-05,0.0133632500265968,0.0122095828761389,0.0090697202723958,0.7013064044214846,0.0043300633719164,-0.0045588736572665,1.094488662074817,1,Transition,0.931
2016-05-30,bist100,0.006467680396935,0.0135788182546369,0.0122225395101869,0.0117208650656529,0.7033049498658976,0.0045572868965652,-0.0041476700172227,1.1109653802566652,1,Transition,0.8595
2016-05-31,bist100,-0.0093618409420336,0.0132646175361955,0.0122764985808899,0.0167371904241866,0.8835034407606547,-0.0041497914233409,-0.003730232548517,1.0804886628540638,1,Transition,0.6114
2016-06-01,bist100,-0.0099265369677655,0.011398771697323,0.0123392049805005,0.0132512173240682,0.8616683602168822,-0.004045787434126,-0.0025525991636641,0.9237849371443604,1,Transition,0.6487
2016-06-02,bist100,-0.0099513172789373,0.0107013183080313,0.0122711959912721,0.0158852721453575,0.6869803452477327,-0.0045715796916252,-0.001998597117919,0.8720680784206077,1,Transition,0.8247
2016-06-03,bist100,0.0241884653865177,0.0120599984741096,0.0126698662306118,0.0255659370169816,0.874837976138638,0.0002832901189432,-0.0003566099523329,0.951864704377962,1,Transition,0.9128
2016-06-06,bist100,0.0057843796543441,0.0120989094486753,0.0126790738740345,0.0079244668769088,0.7851168112437615,0.000146629970425,0.0001431542280545,0.9542423657182624,0,Calm/Bull,0.8104
2016-06-07,bist100,-0.0055528076043915,0.011982840161353,0.0126378171857177,0.017864047099972,1.0553406846804978,0.0009084366379535,-0.0005753140351058,0.9481732474256038,1,Transition,0.5023
2016-06-08,bist100,0.0086006002536509,0.0121350703041161,0.0125704877326019,0.0170184287080378,1.0412446500369354,0.0046138640822367,1.9220346483223625e-05,0.965361930439936,1,Transition,0.625
2016-06-09,bist100,-0.0143220865307314,0.0125253607481884,0.012690976452754,0.0166977204362759,0.9458134075007422,0.0037397102318779,-0.0008396944660203,0.9869501211997254,1,Transition,0.8574
2016-06-10,bist100,-0.0106651138138635,0.0125810448890208,0.0123136302455853,0.0145109035791275,0.8244333547996368,-0.0032310056081982,-0.0009130277405102,1.0217169622688147,0,Calm/Bull,0.8024
2016-06-13,bist100,-0.0046030458522662,0.0125472857184583,0.0120377395702692,0.015290013091644,0.9337949579211466,-0.0053084907095203,-0.0008255854943345,1.0423290556515683,0,Calm/Bull,0.8363
2016-06-14,bist100,-0.0101738372747158,0.0125363723192751,0.0120566129124634,0.0166145546740872,1.0612142738625612,-0.0062326966435852,-0.0008118866885253,1.0397922211067898,0,Calm/Bull,0.7229
2016-06-15,bist100,0.0062884096098349,0.0126004642386008,0.0118575080224829,0.0069507080084575,0.906058924199957,-0.0066951347723484,-0.0006773363710392,1.062657028332523,1,Transition,0.7255
2016-06-16,bist100,-0.0207510709093712,0.013374978620705,0.0119507640209867,0.0189791751708701,0.7626142594632433,-0.0079809316480764,-0.0016933427915463,1.1191735187153955,1,Transition,0.8952
2016-06-17,bist100,0.010110520507366,0.0134122274030215,0.01191676357279,0.0116332389769702,0.9726236397471986,-0.0038258047838304,-0.0006108642252922,1.125492447768798,0,Calm/Bull,0.6791
2016-06-20,bist100,0.027364352396299,0.0147628572861187,0.0124763617821978,0.0145544737955541,0.8624641638048526,0.0025676748658825,0.0004907752558381,1.1832662072354705,1,Transition,0.8815
2016-06-21,bist100,0.0001070697697557,0.012457271740029,0.0124766311856332,0.0095807356527497,1.0431206302376672,0.0046238562747769,-0.0012125487885489,0.9984483435218824,0,Calm/Bull,0.6573
2016-06-22,bist100,-0.0034096554467184,0.0122808649562302,0.0124594063794134,0.011134062802146,0.8161163405108541,0.0026842432634662,-0.0008607037151928,0.9856701501061712,0,Calm/Bull,0.8486
2016-06-23,bist100,0.0093058734433058,0.0123828291080493,0.0123704903930357,0.0146134736684265,1.104556670051949,0.0086956321340016,-2.9292243455508476e-05,1.00099743135653,1,Transition,0.7939
2016-06-24,bist100,-0.0342231282295254,0.0145535351487618,0.0130702437177261,0.020060902668543,1.2195428643686548,-0.0001710976133766,-0.0017361544716155,1.113486134082105,2,Stress/Bear,0.5208
2016-06-27,bist100,-0.0027210029502016,0.0144253938121766,0.0130139147163947,0.0136507452364908,1.3140165230851202,-0.0061881686826768,-0.0021955886389723,1.1084592243411362,1,Transition,0.6894
2016-06-28,bist100,0.0232516798949604,0.0153841578850127,0.0131589626581473,0.0160954075799565,1.08407503348294,-0.0015592466576358,-0.0005649125971226,1.1691011126540227,1,Transition,0.9258
2016-06-29,bist100,-0.0028287285377338,0.015238006276412,0.0131018171395471,0.013442493639021,1.2870496964317757,-0.0014430612758389,-0.000210022175621,1.1630452565558151,1,Transition,0.8048
2016-06-30,bist100,0.001370433412424,0.0150664070000981,0.0129282600540273,0.011333451404189,0.9980528637274328,-0.0030301492820153,0.0003560653589469,1.1653855149212182,1,Transition,0.9052
2016-07-01,bist100,0.0146659600840654,0.0144097767771299,0.0130771096296299,0.0099356353360157,0.7475442337285074,0.0067476683807028,-0.0001200599061756,1.1019083868869963,0,Calm/Bull,0.5348
2016-07-04,bist100,0.0055725444684511,0.0144052855118902,0.0129124506347087,0.0049447273618032,0.300240587903083,0.0084063778644334,-0.0001306516654702,1.1156120491310009,0,Calm/Bull,0.7649
2016-07-08,bist100,-0.0047082655124835,0.0143897841574127,0.0126852161119964,0.0089362555345539,0.8560539730211649,0.0028143887829446,-8.842456087489108e-05,1.134374379621666,0,Calm/Bull,0.6381
2016-07-11,bist100,0.01545928932564,0.014686427762289,0.0128635565692084,0.0083865148673992,1.001520946284268,0.0064719923556194,0.0002545098927245,1.1417081802589468,1,Transition,0.7226
2016-07-12,bist100,0.0237776807111457,0.0151595285942326,0.0128776991397999,0.0233112727843312,1.5322135068741112,0.0109534418153637,0.0021594982548184,1.1771923252485776,2,Stress/Bear,0.6359
2016-07-13,bist100,0.0022170849733869,0.0148565950728714,0.0128816425283136,0.0088771297050453,1.2698836548593069,0.008463666793228,0.0028036081941809,1.1533152732826433,1,Transition,0.8525
2016-07-14,bist100,0.0154733375627277,0.0150072971471306,0.013051513459593,0.013414535820686,1.1245355265271106,0.0104438254120834,0.0038074273649306,1.14985110298454,1,Transition,0.9672
2016-07-15,bist100,0.0028486283280442,0.0146469409231771,0.0129994200943452,0.0071391820305346,0.9373171931575612,0.0119552041801889,0.0044585506450686,1.126738024994561,1,Transition,0.9435
2016-07-18,bist100,-0.0734802135801594,0.0227446646289412,0.0160404761389696,0.0738423874500284,2.129928158403409,-0.0058326964009709,0.0004701194855689,1.4179544567061808,2,Stress/Bear,1.0
2016-07-19,bist100,-0.010184478986704,0.0223449918045482,0.0160560001182035,0.032665900429496,1.7590061443906602,-0.0126251283405409,0.0009984490817022,1.3916910587970486,2,Stress/Bear,1.0
2016-07-20,bist100,-0.0168788168500914,0.0225794737842991,0.0161646807554792,0.0292005955014704,1.2972402824718603,-0.0164443087052365,-0.0003510177861705,1.396840069151717,2,Stress/Bear,0.999
2016-07-21,bist100,-0.0451660259927204,0.0236910270798663,0.0170769940462965,0.0371424262597737,1.4148345711278685,-0.0285721814163262,-0.0039775367056215,1.3873066311107731,2,Stress/Bear,1.0
2016-07-22,bist100,0.0020008846879878,0.0237119875339945,0.0170741796629589,0.0331162728015017,1.2236126171942747,-0.0287417301443375,-0.0038828459597099,1.388762915821704,2,Stress/Bear,1.0
2016-07-25,bist100,0.0333875496278111,0.0251354912281815,0.0176565456109377,0.0265175266140491,0.9790761695068768,-0.0073681775027433,-0.0020429857059834,1.4235792086426402,2,Stress/Bear,0.9999
2016-07-26,bist100,-0.0065547679104754,0.0250084691379166,0.0176627081063326,0.0220236429309958,0.964617187215793,-0.0066422352874976,-0.0028360177736725,1.415890982705555,2,Stress/Bear,0.9699
2016-07-27,bist100,0.0186380417753347,0.0243000069415766,0.0178660935670411,0.0175504120293279,1.0292255720825845,0.0004611364375875,-0.0001929592734295,1.36011864319375,2,Stress/Bear,0.967
2016-07-28,bist100,0.0022405159617499,0.0242981658104016,0.0178750831842258,0.0138243831404596,0.963727101454489,0.0099424448284816,5.511667216806647e-05,1.359331621563806,2,Stress/Bear,0.9604
2016-07-29,bist100,0.002142669944702,0.0236883428932197,0.0177645528330219,0.0151369098434877,0.836889345329093,0.0099708018798244,-0.0010003338253448,1.3334612537607042,2,Stress/Bear,0.9047
2016-08-01,bist100,0.0171740493034416,0.024026929858771,0.0174323541754195,0.0080822680540002,0.8844751707880211,0.0067281018149505,-1.949332860757408e-07,1.378295187040785,2,Stress/Bear,0.9448
2016-08-02,bist100,-0.0119044837194269,0.0241700076307357,0.0172931613372515,0.0138542607296746,1.00418196689813,0.0056581586531602,-0.0006639407898786,1.3976627615605883,2,Stress/Bear,0.9578
2016-08-03,bist100,-0.0166502373040776,0.0241389799560127,0.0173855444188632,0.0224890493457524,0.8708720078766979,-0.0013994971627222,-0.0022297506592857,1.3884511968358055,2,Stress/Bear,0.8848
2016-08-04,bist100,0.0208850987152221,0.0246371707294473,0.0176050893873095,0.0245713078014475,0.9481485420066968,0.0023294193879722,-0.0014641229469472,1.3994345718691286,2,Stress/Bear,0.9723
2016-08-05,bist100,-0.0007871701464702,0.0246255948409607,0.0175627050658159,0.0214737158675062,0.8500092636941224,0.0017434513697377,-0.0012680681786465,1.4021527292451077,2,Stress/Bear,0.8458
2016-08-08,bist100,0.0222753199499527,0.0249147411723049,0.017805857411932,0.012257852386281,0.9089519227547026,0.0027637054990399,-0.0009272666474309,1.3992441136594225,2,Stress/Bear,0.986
2016-08-09,bist100,0.0095430748205428,0.0243692047385509,0.0178463049614233,0.0141854324278696,1.3256781546050802,0.0070532172070339,-0.001638996941961,1.365504220130025,2,Stress/Bear,0.9989
2016-08-10,bist100,-0.0072751149870884,0.0243825822410341,0.0178314181472261,0.0154062802365826,0.946033073710822,0.0089282416704318,-0.0021136069399848,1.3673944517322183,2,Stress/Bear,0.9849
2016-08-11,bist100,0.0137323466361615,0.0243195157645272,0.0178999588159266,0.0164918035622771,0.8236306756892122,0.0074976912546196,-0.0022006564863131,1.3586352915454023,2,Stress/Bear,0.9443
2016-08-12,bist100,-0.0102377301390446,0.0243525365913925,0.0178978491179833,0.0170757279486952,0.813054512757647,0.0056075792561048,-0.0028549744096676,1.360640400467096,2,Stress/Bear,0.9659
2016-08-15,bist100,0.0031142292483189,0.017803379751695,0.0178964324720988,0.0101501273675742,0.6534556711433853,0.001775361115778,0.0009747477317563,0.9948004877201728,1,Transition,0.9885
2016-08-16,bist100,-0.0098029786205586,0.0177909942450537,0.0179433665238758,0.0163949736177217,0.8839259719221491,-0.0020938495724422,0.0009938227500635,0.99150815547242,1,Transition,0.9865
2016-08-17,bist100,0.0056553610353458,0.0173064929746987,0.0178915656086207,0.0127592343069189,0.7572471931596275,0.0004922456320446,0.0021205316443354,0.9672989694294788,1,Transition,0.9928
2016-08-18,bist100,-0.0022662924026807,0.0133416356953764,0.0178828562475796,0.0156353769690115,0.7677334185370562,-0.0027074821757238,0.0042655183238374,0.7460573138131738,1,Transition,0.9987
2016-08-19,bist100,0.0022380969598357,0.0133396217809837,0.0173228348870257,0.0120340002782093,0.663343815767843,-0.0002123167559477,0.0042773789374298,0.7700599739003827,1,Transition,0.9988
2016-08-22,bist100,-0.0024638031587306,0.0115045533309148,0.0172739575469759,0.0085384982118027,0.713114664652908,-0.0013279232373577,0.0024848112981027,0.6660056503918435,1,Transition,0.9999
2016-08-23,bist100,-0.0079813894852846,0.0115677996899004,0.017278811044888,0.0124034452304489,0.943131663929388,-0.0009636054103029,0.0024134802193622,0.6694789161041719,1,Transition,0.9998
2016-08-24,bist100,-0.0158660672543202,0.0115936565795585,0.0173974976425578,0.0154672155315416,1.1352193712338354,-0.0052678910682361,0.0006882747678795,0.6663979393909015,1,Transition,0.9992
2016-08-25,bist100,0.0088106043599027,0.0117322072832587,0.0174158242032277,0.0073772830709972,1.1386631080070966,-0.0030525117157194,0.0010167791877871,0.6736521422330595,1,Transition,0.9984
2016-08-26,bist100,0.0042857069655877,0.0117527996562654,0.0173855520350857,0.0138033157304282,0.9576839726368136,-0.002642989714569,0.0011239310388314,0.676009575798754,1,Transition,0.9998
2016-08-29,bist100,-0.0130635153266633,0.0115220601177269,0.0174201423008229,0.0114820998524765,0.6443067786802543,-0.0047629321481555,-0.0003879471926738,0.6614216990169312,1,Transition,0.9999
2016-08-31,bist100,-0.0019883058375726,0.0112095202085333,0.0173748617295753,0.0085010476066057,0.8997331442528447,-0.0035643154186131,0.0001078617014189,0.6451573763866315,1,Transition,0.9999
2016-09-01,bist100,-0.0015123350145794,0.0105075082770144,0.0170810792466801,0.0083965143228526,0.7899855871456991,-0.0006935689706649,0.0008647568158938,0.615154822787714,1,Transition,1.0
2016-09-02,bist100,0.0135070691143359,0.009878309780004,0.0171581212841737,0.0130365540635106,0.8817313112746767,0.0002457239802216,0.0004958553358495,0.5757221094547017,1,Transition,0.9999
2016-09-05,bist100,0.0117317425816078,0.0101846166945964,0.0172145731365729,0.0072733432569852,0.8493973401019738,0.0017349311034256,0.0011218009722534,0.5916276060867818,1,Transition,0.9999
2016-09-06,bist100,0.0026086929070664,0.0089035847264043,0.0171807190111706,0.0063146197549027,0.8988934650832067,0.0048693727501716,0.0001384696201091,0.5182312056099247,1,Transition,1.0
2016-09-07,bist100,-0.0045181186597492,0.0086740810402161,0.0170903038217702,0.0105225259502106,0.8416075572417857,0.0043634101857363,-0.0005645900539055,0.5075439928204694,1,Transition,1.0
2016-09-08,bist100,0.002576350779792,0.0085518103700685,0.0170358497650256,0.0095949359763916,0.9285568481069392,0.0051811473446106,-7.201676556147303e-05,0.5019890694049984,1,Transition,1.0
2016-09-09,bist100,-0.0102004222819117,0.008185098878865,0.017077904707915,0.0095142113140148,1.203569205534567,0.000439649065361,-0.0012686552114651,0.4792800416008582,1,Transition,0.9999
2016-09-16,bist100,-0.0134995290350494,0.0084028160452288,0.017117208385272,0.0163773072877776,1.060545238057049,-0.0046066052579703,-0.0014317451562653,0.4908987409686959,1,Transition,1.0
2016-09-19,bist100,0.0214789341267184,0.0098111356040128,0.0173220468237979,0.0158773915336714,1.111171136508934,-0.0008325570140399,-0.0005135099123454,0.5663958597856764,1,Transition,0.9997
2016-09-20,bist100,-0.0046107409545292,0.0096192087476852,0.0171134963119158,0.0090593043628325,1.217560041187114,-0.0008510814729959,-0.0002538980290439,0.5620831986849815,1,Transition,0.9997
2016-09-21,bist100,0.007761400833025,0.0096985030442198,0.0170939977484254,0.0125597765194204,1.231965918004118,0.0001859285376506,-0.0001485960391599,0.5673630701813571,1,Transition,0.9998
2016-09-22,bist100,0.0238421186252388,0.0110599932439698,0.0170061399777603,0.013994517692058,1.5572739134697295,0.0069944367190807,0.001156824512236,0.6503529465495049,1,Transition,0.9222
2016-09-23,bist100,-0.0004950860459435,0.0110628151563686,0.0170065424208678,0.0071667883451874,1.137145591396216,0.0095953253169019,0.001020165361947,0.650503487575116,1,Transition,0.9989
2016-09-26,bist100,-0.0387403223767633,0.0141946816592358,0.0177390838587471,0.0104802670851645,1.4445637853688351,-0.0024485259837944,-0.0007936605989545,0.8001924886462738,2,Stress/Bear,0.9911
2016-09-27,bist100,0.0056535343642051,0.0141586835540009,0.017712446469488,0.0107776162871179,1.0674488814549088,-0.0003956709200475,-0.00011191440648,0.7993635197933359,1,Transition,0.9985
2016-09-28,bist100,0.0066792253625745,0.0137293573585853,0.0171583821332099,0.0081040882437132,1.1134017446321849,-0.0006121060141376,0.0010153502243646,0.8001545397460397,1,Transition,0.9966
2016-09-29,bist100,-0.0077671498808964,0.0137343883438097,0.0171867987192195,0.0138109988156661,1.2141469457651934,-0.0069339597153647,0.0001864625123246,0.7991242911602197,1,Transition,0.989
2016-09-30,bist100,-0.0076632364007204,0.0138063870535042,0.0169525096213313,0.0078483581718912,0.8897647823108996,-0.0083675897863201,-0.0004109846559907,0.814415526780277,1,Transition,0.9969
2016-10-03,bist100,0.0095893673992835,0.0136419882021021,0.0169943313972031,0.0067425971205946,0.9279398783868632,0.0012983481688892,0.0007216594803066,0.8027375648533772,1,Transition,0.999
2016-10-04,bist100,-0.0021726732409204,0.0136439779473538,0.0169960372574158,0.008344420389157,1.347590430224452,-0.0002668933521358,0.0007124411101392,0.8027740667254974,1,Transition,0.941
2016-10-05,bist100,0.0102755905848584,0.0137965689668872,0.0169414172279751,0.0190871658162349,1.4060648139474394,0.0004523796923209,0.0013018373901111,0.8143692337678312,1,Transition,0.9758
2016-10-06,bist100,0.0005265368661,0.0134941891753286,0.0169256963427633,0.009799250912852,1.142601024344111,0.0021111170417202,0.0006528107776993,0.7972605027324721,1,Transition,0.998
2016-10-07,bist100,0.0010431629141435,0.0132416151157529,0.016915468432621,0.01057131138302,0.894625938188414,0.003852396904693,0.0001183817943261,0.7828110210780117,1,Transition,0.9996
2016-10-10,bist100,-0.0018060182624443,0.0132347115949045,0.0167942858489184,0.010577481943103,1.1728880135783606,0.0015733197723474,-0.0001023537641494,0.7880484894662502,1,Transition,0.9978
2016-10-11,bist100,-0.0024659337266165,0.0132065995991667,0.0164957451057204,0.0078474592526094,1.1939594562500606,0.0015146676752082,2.5548250720450716e-07,0.8006064299930844,1,Transition,0.9942
2016-10-12,bist100,-0.002350678228237,0.0132019696059873,0.0164924326454161,0.0123042027888318,1.1443526699928426,-0.0010105860874108,-0.0002460959678942,0.8004864952203768,1,Transition,0.9985
2016-10-13,bist100,-0.0084396893141289,0.0131378107977642,0.0163808108351813,0.0128850232265273,1.180972880155624,-0.0028038313234566,-0.0001580593195051,0.8020244498244203,1,Transition,0.9971
2016-10-14,bist100,0.0096383064138368,0.0129180521884906,0.0164326875118333,0.0118730596904098,0.9939176425349648,-0.001084802623518,0.0009988324529392,0.7861192625483926,1,Transition,0.9994
2016-10-17,bist100,-0.0015046241432523,0.0119891747386636,0.0134077549464793,0.0088381231985443,0.9326717270880056,-0.0010245237996796,-0.0001503454605593,0.8941970364555221,1,Transition,0.7877
2016-10-18,bist100,0.0115909860376378,0.0122171252688948,0.0134192607273232,0.0085013715772604,1.1454022367431798,0.0017868601531712,0.000659740889049,0.9104171621033704,1,Transition,0.8197
2016-10-19,bist100,0.011037847299185,0.0123387272450124,0.0132910178872167,0.0092678345229783,0.9813309205626886,0.0044645652586556,0.000823563212357,0.9283508117824296,1,Transition,0.6312
2016-10-20,bist100,0.0005363926510394,0.011087475962083,0.0118341291531353,0.0060540743358077,0.9909764797538484,0.0062597816516893,-0.0003417230863529,0.9369067904033742,0,Calm/Bull,0.6749
2016-10-21,bist100,-0.0051702805825601,0.0111400390155337,0.0118671392419526,0.0079081519495407,0.7331073466068604,0.0032980642524099,-0.0005754828131837,0.9387299490134474,0,Calm/Bull,0.8721
2016-10-24,bist100,0.0137164117484976,0.0071378411139012,0.0112278395187069,0.0107678720546166,0.8031853904769772,0.0063422714307599,0.0020473538930792,0.6357270338615728,1,Transition,0.9974
2016-10-25,bist100,-0.0062661130067403,0.0073162833324404,0.011224501658372,0.011715512871512,0.99357977576261,0.0027708516218843,0.0014513715245319,0.6518136443931499,1,Transition,0.9787
2016-10-26,bist100,-0.0004457635361315,0.0072211765572789,0.0109914265035571,0.0081010214642245,1.069753445711793,0.000474129454821,0.0010951220795966,0.6569826541570312,1,Transition,0.7933
2016-10-27,bist100,-0.0083307292862931,0.0072585824161155,0.0110546552183178,0.010811698683228,0.8697093578365714,-0.0012992949326455,0.0010669431093268,0.6566086660113917,1,Transition,0.8925
2016-10-28,bist100,-0.0051735220061003,0.0071210244377963,0.0110794309655387,0.0084933030200886,0.4322951366814389,-0.0012999432173535,0.0011914288290578,0.6427247446141869,1,Transition,0.9094
2016-10-31,bist100,0.0025920107182861,0.0068535772419006,0.0108684065343567,0.0084623794123756,0.7181161598999541,-0.0035248234233958,0.0008415609950079,0.6305963270913177,1,Transition,0.9003
2016-11-01,bist100,-0.0142034258750168,0.0076174590688493,0.0109164369306622,0.0204124521562829,1.0300581227170742,-0.0051122859970511,0.0002400233633031,0.6977971949302715,1,Transition,0.982
2016-11-02,bist100,-0.0033247347210111,0.00727372495235,0.0106980051279306,0.0059102821572877,0.8059533558195578,-0.005688080234027,-0.0004399929019903,0.6799141396333439,1,Transition,0.8584
2016-11-03,bist100,-0.0063723425506963,0.0073881601037986,0.0103954058175421,0.0122886183644031,0.8530616041150307,-0.0052964028869077,-0.0007849368728301,0.7107139666766293,0,Calm/Bull,0.5709
2016-11-04,bist100,-0.0319898217014313,0.0101384034593129,0.0111916068533671,0.023609467324322,1.35219178945975,-0.0106596628259739,-0.0024365861036088,0.9058934603535208,1,Transition,0.8135
2016-11-07,bist100,0.0188709836053657,0.0112043113416239,0.0110828065437969,0.0092281465809622,0.9909810638294636,-0.0074038682485579,-0.0014027360102183,1.010963359988896,1,Transition,0.863
2016-11-08,bist100,0.0090207998950383,0.011438894221218,0.011075022765087,0.0159740614515593,1.102761486457985,-0.0027590230945469,-0.0008283993291356,1.032855142950862,0,Calm/Bull,0.9439
2016-11-09,bist100,-0.0020815230270341,0.0114371672118615,0.0110411324211872,0.0229712165216497,1.4993939586380682,-0.0025103807557515,-0.0008149415690754,1.0358690373022204,0,Calm/Bull,0.7811
2016-11-10,bist100,0.0019846515907003,0.011308205410067,0.0108898002435063,0.0097904837907533,1.1788590456510346,-0.0008389819274722,-0.000293724523834,1.038421748535766,0,Calm/Bull,0.9896
2016-11-11,bist100,-0.0156561515268453,0.0115508102406155,0.0109932777169906,0.0166760362298436,1.0087096590322864,0.002427752107445,-0.0015584474208681,1.0507157681246584,0,Calm/Bull,0.6663
2016-11-14,bist100,-0.0100955452678977,0.0117073797542528,0.0110484706399243,0.0160914345890512,0.9834761683763004,-0.0033655536672077,-0.0019879934771003,1.0596380382229142,0,Calm/Bull,0.9515
2016-11-15,bist100,0.0097815262914091,0.0116034506600555,0.0110697819372499,0.0090632294097863,0.9294646660856936,-0.0032134083879335,-0.0020784664644118,1.0482095063688408,0,Calm/Bull,0.8962
2016-11-16,bist100,-0.0052231545912007,0.0111986644991647,0.0110553765444886,0.0135301841063199,0.8829340014183426,-0.0038417347007668,-0.0028915165589311,1.0129609293812405,0,Calm/Bull,0.9171
2016-11-17,bist100,0.0050315440225645,0.0113155822997498,0.0110784080768411,0.0110745923112853,0.9380235401573668,-0.003232356214394,-0.0026667589903548,1.0214086916877971,0,Calm/Bull,0.9076
2016-11-18,bist100,0.0066695310049063,0.0114861364638498,0.0111124857324753,0.0170296405249959,0.9379764349536992,0.0012327802919563,-0.0020747684109815,1.0336244059492978,0,Calm/Bull,0.8826
2016-11-21,bist100,-0.0012621105143831,0.0108743457686482,0.0111100484731222,0.0098513395454487,0.8085304960785853,0.0029994672426592,-0.0028236945241255,0.9787847276234432,0,Calm/Bull,0.744
2016-11-22,bist100,0.003546665139889,0.0109320707060463,0.0110785215993698,0.0105590770190931,0.8140428004208864,0.0017524950123552,-0.0023330556167941,0.9867806464960296,0,Calm/Bull,0.9224
2016-11-23,bist100,-0.010276541298387,0.0110629731235688,0.0109686315470118,0.0159456078547705,0.8586518857397627,0.0007418176709179,-0.0028245945049068,1.0086010343362035,0,Calm/Bull,0.736
2016-11-24,bist100,-0.0113088003972524,0.0111605953820129,0.0109948208430454,0.0237583349553387,1.4573943398843745,-0.0025262512130454,-0.0029734980604548,1.0150775116151487,1,Transition,0.5162
2016-11-25,bist100,0.002293978442133,0.0112079316875333,0.0109829019674291,0.0113672001931112,0.8028786885791572,-0.0034013617256001,-0.0026001230380431,1.0204890948468397,0,Calm/Bull,0.9449
2016-11-28,bist100,0.008392209771043,0.0114223417585319,0.0109195468010653,0.005678099617876,0.747962122751741,-0.0014704976685148,-0.0023101130854053,1.046045405237656,0,Calm/Bull,0.9084
2016-11-29,bist100,-0.0105191205274656,0.0112488271727906,0.0109978360940768,0.0124304097011251,0.8598220805058134,-0.0042836548019858,-0.0021258978180277,1.022821860279311,0,Calm/Bull,0.9439
2016-11-30,bist100,-0.0028380146369946,0.0112466233485171,0.011001457793519,0.012575196047944,0.9118819967072956,-0.0027959494697073,-0.0021015618138269,1.0222848243932372,0,Calm/Bull,0.9706
2016-12-01,bist100,-0.0201393131564067,0.0119227527498261,0.0111365693023174,0.0242472455512503,1.2015955765731583,-0.0045620520215382,-0.0027899103441124,1.070594760932797,1,Transition,0.7799
2016-12-02,bist100,0.011938952894801,0.0101792005597979,0.011140607597646,0.023876398303735,1.1248133375802944,-0.0026330571310046,-0.0005934716143008,0.9137024592759928,1,Transition,0.9397
2016-12-05,bist100,0.0028410322690221,0.0091444236376433,0.01114191308541,0.0157012752237817,0.954993477267896,-0.0037432926314087,-0.001394969181118,0.8207229375732285,0,Calm/Bull,0.5188
2016-12-06,bist100,0.0246078373770599,0.0106234574266226,0.0116092425970575,0.0192859800277143,1.047735301296486,0.0032820989494963,-0.0006156173070169,0.9150861770530376,1,Transition,0.9826
2016-12-07,bist100,0.0078897090423375,0.0107838073773647,0.0116531437888339,0.0122280004045976,1.118011842998182,0.0054276436853627,-0.0001170557035483,0.925398980118802,0,Calm/Bull,0.7109
2016-12-08,bist100,-0.0013358232016497,0.0107753043002858,0.0115826712979741,0.0176691820889245,1.1864793611535558,0.0091883416763141,-0.0002830794431658,0.930295268084702,1,Transition,0.979
2016-12-09,bist100,-0.0026639544916549,0.0101746171117092,0.0114562906816772,0.0078214924605638,0.7537349492221515,0.0062677601990229,0.0003665304085936,0.8881249083511964,0,Calm/Bull,0.8127
2016-12-12,bist100,0.0067423003108722,0.0099576830855885,0.011140205670004,0.0174542851950559,0.8873769323176468,0.007048013807393,0.0012084226875321,0.8938509198623164,1,Transition,0.8236
2016-12-13,bist100,0.0098633498040547,0.0099614068956211,0.0112020389867027,0.0097071362679662,0.9918747506876928,0.0040991162927919,0.0012125138631644,0.8892494399855031,0,Calm/Bull,0.9172
2016-12-14,bist100,-0.0014868942786606,0.009868967613228,0.0111560043582736,0.008462460602885,0.7418001940335487,0.0022237956285923,0.0013993268787914,0.8846328215987932,0,Calm/Bull,0.9684
2016-12-15,bist100,0.0103222925822573,0.010040865521032,0.0107923071793256,0.0183166318241656,1.2384120080852334,0.0045554187853737,0.001663864306776,0.9303724731137084,1,Transition,0.5928
2016-12-16,bist100,-0.001145091271116,0.0099877312741749,0.0107926812698681,0.0061696497128867,0.949385080700628,0.0048591914294815,0.0012731331929749,0.9254170510954964,0,Calm/Bull,0.9775
2016-12-19,bist100,-0.0055820014358302,0.0100916147613597,0.0095800814809642,0.0100988279287522,0.8054959159951351,0.002394331080141,0.0010571386469025,1.0533955041417904,0,Calm/Bull,0.9991
2016-12-20,bist100,0.0083902286818589,0.0102119036403973,0.0096134581387756,0.012740451858326,0.7836044335729458,0.0020997068557018,0.001299316824001,1.062250804339371,0,Calm/Bull,0.9986
2016-12-21,bist100,-0.0024241826842749,0.0098892752216537,0.0095802710966462,0.0083097483139253,0.7434170618952041,0.001912249174579,0.0016919347547066,1.032254215135484,0,Calm/Bull,0.9993
2016-12-22,bist100,-0.0027712098561836,0.0094741019474328,0.009533326098315,0.0079595209526255,0.872960385930575,-0.0007064513131091,0.0021188142817601,0.993787671766238,0,Calm/Bull,0.9974
2016-12-23,bist100,-0.0056032301296133,0.0096297087968856,0.0095086783271873,0.0089149538444752,0.6767215634703032,-0.0015980790848086,0.0017239538531728,1.0127284219250812,0,Calm/Bull,0.998
2016-12-26,bist100,0.000731154224145,0.0095020218465004,0.0094273452117282,0.0029691095650636,0.3163835008076769,-0.0003354479528135,0.0013409010758279,1.0079212793310357,0,Calm/Bull,0.9995
2016-12-27,bist100,-0.0042815613091134,0.0091894864922837,0.0094393452567343,0.0087771616974617,0.5970708398407301,-0.002869805951008,0.0016527790367455,0.9735300746339024,0,Calm/Bull,0.9967
2016-12-28,bist100,0.0109993661503769,0.0093530304274106,0.0094532526275507,0.0133441445287449,0.7449475974681826,-0.0001850961840776,0.0023446480761141,0.989398125270868,0,Calm/Bull,0.9866
2016-12-29,bist100,0.0037094990693112,0.0077119196826612,0.0094655550825614,0.0063672675757961,0.7195873895895347,0.0011110456010212,0.0035370886874,0.8147350699875049,0,Calm/Bull,0.9835
2016-12-30,bist100,0.0038827283315818,0.0074561292537994,0.0094780135690445,0.0077618829984931,0.6826521178599981,0.0030082372932603,0.003134277459239,0.786676364143584,0,Calm/Bull,0.986
2017-01-02,bist100,-0.0049291043295761,0.0076715358632808,0.0094968509763774,0.0051315507398446,0.6021886124749404,0.001876185582516,0.0027457706293091,0.8077978566119594,0,Calm/Bull,0.9907
2017-01-03,bist100,-0.0147217493626287,0.0067590884626023,0.0096804379489946,0.0174071515158177,1.3590607690322407,-0.0002118520281869,0.0007792912923247,0.6982213509569901,0,Calm/Bull,0.5334
2017-01-04,bist100,-0.0062136112937083,0.0067137632549757,0.0097076455693273,0.0155706062723456,1.1551235442654475,-0.003654447517004,7.412527552240535e-05,0.6915954241457724,0,Calm/Bull,0.8682
2017-01-05,bist100,0.0031823490347152,0.0067397881039799,0.0096580160567994,0.0150787071421522,1.562863991301798,-0.0037598775239232,0.0003000338873406,0.6978439530792712,0,Calm/Bull,0.9458
2017-01-06,bist100,0.0093854934965011,0.0069946258295108,0.009653753112342,0.0130353030354122,0.9884234131663172,-0.0026593244909393,0.0009025062867484,0.7245498976525985,0,Calm/Bull,0.8698
2017-01-09,bist100,0.0037255543745252,0.0068938660296551,0.0096644298560064,0.0129014999805602,1.0103240759762675,-0.0009283927501191,0.0007516689899311,0.7133236137433039,0,Calm/Bull,0.9311
2017-01-10,bist100,-8.990412907663138e-06,0.0065520792531938,0.0095437101076574,0.0076427528231797,1.480482951404534,0.0020141590398251,0.0002580519790829,0.6865337671915145,0,Calm/Bull,0.9504
2017-01-11,bist100,0.0035198695499766,0.0065774988866914,0.0094424468733849,0.0148919105232699,1.527988982377059,0.0039608552085621,0.0005083901705148,0.6965883922769143,0,Calm/Bull,0.7015
2017-01-12,bist100,0.0406772716798028,0.0109860233307299,0.010825466916717,0.0394434182283691,2.551913633892483,0.0114598397375796,0.0020261391253921,1.0148313615706464,2,Stress/Bear,1.0
2017-01-13,bist100,0.0077985418975636,0.011032072780062,0.0108430159787433,0.0157414124716344,1.9211594440448507,0.0111424494177921,0.0024733207838261,1.0174358132174093,2,Stress/Bear,0.9967
2017-01-16,bist100,0.0022961040797504,0.0108687527223182,0.0107074934925045,0.0099753696973028,1.3671135466117106,0.0108565593588371,0.0028672260596051,1.0150604088554065,0,Calm/Bull,0.5521
2017-01-17,bist100,0.0079366313776645,0.0108570882832775,0.0107153595483221,0.0107306453289842,1.5377239156030804,0.0124456837169516,0.0028445461943954,1.0132266896240172,1,Transition,0.4954
2017-01-18,bist100,0.0050442255598355,0.0107945921720469,0.0107296772947955,0.0093720260344542,1.5380624952919877,0.0127505549189234,0.0032179666066009,1.006050030720208,2,Stress/Bear,0.4763
2017-01-19,bist100,-0.0058033554111223,0.0109038754674108,0.0106985587281631,0.0156658898699934,1.3461847263011322,0.0034544295007383,0.003066359328854,1.0191910653074472,0,Calm/Bull,0.7364
2017-01-20,bist100,0.0092752229364023,0.0107881886963284,0.0107258371794911,0.0152263194269833,1.0659958240652267,0.0037497657085061,0.0038102819821548,1.005813207472188,0,Calm/Bull,0.5901
2017-01-23,bist100,-0.0002335379115467,0.0108048239997378,0.0107248336502926,0.0081375197699919,1.0276204017406934,0.0032438373102466,0.0037620473753702,1.0074584233241706,0,Calm/Bull,0.95
2017-01-24,bist100,0.0138723385718836,0.0108559475695065,0.0106656381215823,0.0164118577768976,1.2820333192437892,0.0044309787490905,0.00466974236942,1.017843231296134,1,Transition,0.9036
2017-01-25,bist100,-0.0129034904963315,0.0114233542022183,0.0108082754762819,0.0176451424773979,1.0972234833952732,0.000841435537857,0.0034745995370846,1.0569081281547783,1,Transition,0.8101
2017-01-26,bist100,0.0083639537908586,0.0114756832456798,0.0107998090802377,0.0131545942602118,0.9766882665989646,0.0036748973782532,0.003707322273162,1.0625820475547911,0,Calm/Bull,0.8516
2017-01-27,bist100,1.0703259095122616e-05,0.0115051919837823,0.0098686887010404,0.0091581545874359,0.8777970372610362,0.0018219934427918,0.0035137210195376,1.165827835117484,0,Calm/Bull,0.9945
2017-01-30,bist100,0.028345217573272,0.0125760472105713,0.0102127122233875,0.0304891819897364,1.315234765067742,0.0075377445397555,0.00517743711468,1.2314111017219949,2,Stress/Bear,0.9966
2017-01-31,bist100,0.0006746218526477,0.0117370928344898,0.0101746720819224,0.0091778457461029,1.2237633459367725,0.0048982011959084,0.0059472556754439,1.1535598140153691,1,Transition,0.4157
2017-02-01,bist100,0.0063797393125355,0.0113828087103305,0.0101752587108101,0.0105840839839424,0.9463756981410144,0.0087548471576818,0.0065769232057561,1.1186751151828211,1,Transition,0.7218
2017-02-02,bist100,0.0062694592793456,0.0113552520571894,0.0101889057172555,0.0097924446471335,1.2466407866828466,0.0083359482553792,0.0067312787179876,1.1144721888984244,1,Transition,0.6764
2017-02-03,bist100,0.0113242592204431,0.0113873334745294,0.009978473020159,0.0151829289724333,1.044240650415026,0.0105986594476488,0.0068282170041847,1.1411899848327591,1,Transition,0.5437
2017-02-06,bist100,-0.011739749555303,0.0121111953319869,0.0100163915035835,0.0251632787293918,1.1782352701197751,0.0025816660219337,0.0060549518076933,1.2091375749094817,2,Stress/Bear,0.9342
2017-02-07,bist100,0.0013590625629899,0.0120789647454568,0.009973990410651,0.0136951252178064,0.9485651356877242,0.0027185541640022,0.0061233544564881,1.211046356386894,2,Stress/Bear,0.6869
2017-02-08,bist100,0.0087910011271633,0.0120766746922228,0.0099533891890162,0.0121259541689075,0.9115603117895424,0.0032008065269277,0.0063869110353475,1.213322865496873,2,Stress/Bear,0.7682
2017-02-09,bist100,0.0065631903080817,0.0089944107635244,0.0099612620304346,0.0130429288773709,1.0387942388090692,0.003259552732675,0.0046812069667614,0.90293887823087,0,Calm/Bull,0.5872
2017-02-10,bist100,-0.0153931257568174,0.0100090944421184,0.0102195045795686,0.0234541290686722,1.1429230770294332,-0.002083924262777,0.0035216235840424,0.9794109258612304,1,Transition,0.9703
2017-02-13,bist100,0.0125533554624954,0.0102038877571404,0.0102904675299943,0.0145115359130884,0.8174521289170747,0.0027746967407826,0.0040344861531796,0.991586410179955,0,Calm/Bull,0.6739
2017-02-14,bist100,-0.0056164653167312,0.0103796282949046,0.0103448298088615,0.0155071843438201,1.0883749429405778,0.0013795911648383,0.0033568313184598,1.003363852928083,0,Calm/Bull,0.79
2017-02-15,bist100,-0.002275422592062,0.0104458329883781,0.0102282499351441,0.0092601936408563,0.8490051348410331,-0.0008336935790067,0.0029908489108649,1.0212727548323206,0,Calm/Bull,0.9819
2017-02-16,bist100,0.0034633820843639,0.010238690156649,0.0100634177655811,0.0052887971144339,0.7150932958086751,-0.0014536552237502,0.0034541857856393,1.0174167857432492,0,Calm/Bull,0.9727
2017-02-17,bist100,0.0072705435554164,0.0101883936094969,0.0100790040679723,0.0104547950596871,0.7090444525364014,0.0030790786386965,0.00335395181659,1.010853209383277,0,Calm/Bull,0.9902
2017-02-20,bist100,-0.002735928615715,0.0102499483584506,0.0100797872713842,0.012590969959485,0.7974766112352515,2.1221823054415853e-05,0.0032288322813816,1.0168814164907551,0,Calm/Bull,0.9666
2017-02-21,bist100,0.0042511438254485,0.0099453768973775,0.0099287863922166,0.0063260991639318,0.7176138679466123,0.0019947436514903,0.0027477725440598,1.00167094995355,0,Calm/Bull,0.9976
2017-02-22,bist100,-0.0048880364122436,0.0094296036625866,0.0099527969698985,0.0183913136610264,0.8145869577585821,0.001472220887454,0.0031485452482642,0.9474325349050812,1,Transition,0.5512
2017-02-23,bist100,0.0068340744297467,0.0093911960226314,0.0094887598926807,0.0059929371766975,0.7790137365730154,0.0021463593565305,0.0030720512802086,0.989717953541582,0,Calm/Bull,0.9977
2017-02-24,bist100,-0.0099202060525311,0.0098145768144291,0.0095761045567455,0.0152937761009601,0.7452272604337387,-0.0012917905650589,0.0025755058146273,1.0249028460654783,0,Calm/Bull,0.9501
2017-02-27,bist100,-0.0056026576599489,0.0078652260814396,0.0096414142427961,0.0095858612250143,0.6318735796896394,-0.0018651363739057,0.0008781120529662,0.8157751428755742,0,Calm/Bull,0.9866
2017-02-28,bist100,-0.0032765679199309,0.0079200385675417,0.0092427704492065,0.0087838932977514,1.0379192258342933,-0.0033706787229816,0.0006805525643373,0.8568901079028358,0,Calm/Bull,0.993
2017-03-01,bist100,0.0208379761523892,0.009047250739159,0.0095185274948364,0.0190909488484477,1.1792942877560957,0.0017745237899449,0.00140346440633,0.9504884809196604,1,Transition,0.7003
2017-03-02,bist100,0.0068461915136323,0.0090644792983785,0.0095185590091967,0.0069595618286422,1.0314751968798526,0.0017769472067221,0.0014323010180443,0.9522953305873768,0,Calm/Bull,0.9974
2017-03-03,bist100,-0.0023578318187635,0.008790800224476,0.0095156506740058,0.0057343572523275,0.9999795520187484,0.0032894220534756,0.000748196466084,0.923825445640842,0,Calm/Bull,0.9961
2017-03-06,bist100,0.0146367884694421,0.0087972582667928,0.0096246704693599,0.0150761554104269,0.947777871212264,0.0073373112793538,0.0020670233673212,0.9140321525603188,0,Calm/Bull,0.6637
2017-03-07,bist100,-0.0025448776142383,0.0088569024285798,0.0096070696171707,0.0088191799605628,1.0239700048714422,0.0074836493404923,0.0018718263584598,0.9219150876922904,0,Calm/Bull,0.9749
2017-03-08,bist100,-0.0147391548308621,0.0094334678464217,0.0098552852513532,0.0204549745422043,1.1481496024187428,0.000368223143842,0.0006953185605586,0.9571988639422174,0,Calm/Bull,0.5437
2017-03-09,bist100,-0.0054042712385058,0.009421219237942,0.0098536661420066,0.0094952657396814,0.8945832379334463,-0.0020818694065855,9.694548322922314e-05,0.9561130955897702,0,Calm/Bull,0.9957
2017-03-10,bist100,0.0068169431644065,0.0087868914639845,0.0098605316901283,0.0067023551657712,0.7792241296920523,-0.0002469144099515,0.0012074489292904,0.8911174103097651,0,Calm/Bull,0.9935
2017-03-13,bist100,-0.0020297315839804,0.0083920268915518,0.0098223795180364,0.0084256273715056,0.8087438354954588,-0.003580218420636,0.0004782945769666,0.854378195847755,0,Calm/Bull,0.9847
2017-03-14,bist100,-0.0032838958212984,0.0083187553662618,0.0098185422858294,0.0057821643548531,0.8959274002003862,-0.003728022062048,0.0005949230517382,0.8472495329849372,0,Calm/Bull,0.9749
2017-03-15,bist100,0.0034616704269747,0.0083134822984733,0.00980027989854,0.0071686270517238,0.9443651318162092,-8.785701048066212e-05,0.0008817777026901,0.8482902921692905,0,Calm/Bull,0.9909
2017-03-16,bist100,0.0091557647019337,0.0085018257769806,0.009815312901445,0.0076538864111518,1.034438478166707,0.0028241501776072,0.0011663968335686,0.8661798011277808,0,Calm/Bull,0.9879
2017-03-17,bist100,0.0024684373891516,0.0083874012050827,0.0097566392105443,0.008193089020717,0.9431333663100862,0.0019544490225562,0.0009262915252553,0.8596608959382428,0,Calm/Bull,0.9928
2017-03-20,bist100,0.0045283028189065,0.008377745132531,0.0097559877561452,0.008470709789979,0.8394941264074569,0.0032660559031336,0.0012895030969864,0.8587285410699719,0,Calm/Bull,0.9925
2017-03-21,bist100,-0.0032571591355902,0.0084062249728595,0.0097443450752484,0.011664754673157,1.2713947026863217,0.0032714032402752,0.0009140879489345,0.8626772664498743,0,Calm/Bull,0.977
2017-03-22,bist100,-0.0088396261057424,0.0085941145261858,0.0097970683145014,0.0100747948671508,1.180299909834844,0.0008111439337318,0.0007165084642595,0.8772128814764888,0,Calm/Bull,0.987
2017-03-23,bist100,-0.0005012046384468,0.0084749947405752,0.0098029475260681,0.0065984119532691,0.8894331828102455,-0.0011202499343442,0.0003497445108498,0.8645353571503281,0,Calm/Bull,0.9912
2017-03-24,bist100,0.0068677670433848,0.0082321772790794,0.0098182846028923,0.0080248656439062,0.7663503979450378,-0.0002403840034976,0.0011891431656456,0.8384537230316564,0,Calm/Bull,0.9893
2017-03-27,bist100,-0.007636750906056,0.0083324574099163,0.009858803099629,0.0097642370655041,0.903082183426416,-0.0026733947484901,0.0010874385033403,0.845179412319319,0,Calm/Bull,0.9807
2017-03-28,bist100,0.0054104425311564,0.0083194056199207,0.0096062148675398,0.0054578955190868,0.8687258603567202,-0.0009398744151408,0.0015217890258947,0.8660440906889034,0,Calm/Bull,0.9914
2017-03-29,bist100,-0.010164447682126,0.0073643280202823,0.0096817095691101,0.0076779022376104,1.0046642111846231,-0.0012048387304175,-2.833216583106339e-05,0.7606433520561867,0,Calm/Bull,0.958
2017-03-30,bist100,0.0001411098538449,0.0071853467315206,0.0096868385810868,0.0060247058812269,0.8028373715157139,-0.0010763758319591,-0.0003635862488204,0.7417638552943132,0,Calm/Bull,0.9564
2017-03-31,bist100,-0.0037580265370471,0.0072125699033589,0.0096794014912256,0.0077135455032966,0.9411797163697516,-0.0032015345480455,-0.0004335959847346,0.7451462685887329,0,Calm/Bull,0.9531
2017-04-03,bist100,-0.0031292164916106,0.0062944021216539,0.0097036850193523,0.0055566209654026,0.6796358811493787,-0.0023000276651564,-0.0013218962327872,0.6486610096165304,0,Calm/Bull,0.6658
2017-04-04,bist100,-0.000641952913941,0.0062893228095394,0.0097065446059121,0.0085225376597708,0.7705159749099704,-0.0035105067541759,-0.0012267499977723,0.647946624147657,0,Calm/Bull,0.7372
2017-04-05,bist100,0.0047836213745102,0.0055537497374128,0.0097107035177819,0.010193499004341,0.981705566564797,-0.0005208929428487,-0.0002506111875037,0.5719204306096922,0,Calm/Bull,0.6767
2017-04-06,bist100,-0.0040345672363191,0.0054949876383935,0.0083316044325732,0.0041543551592012,0.9052341969705022,-0.0013560283608815,-0.0001821259873944,0.6595353491471921,0,Calm/Bull,0.988
2017-04-07,bist100,-0.0020510258336763,0.0052529523914604,0.0083030259070999,0.0055323969998319,0.923268800245502,-0.0010146282202073,-0.0006255244372985,0.6326551850173829,0,Calm/Bull,0.9862
2017-04-10,bist100,0.0305268669848807,0.0087050492178034,0.0091165502626731,0.0286311277219223,1.421598868971638,0.0057165884750908,0.0010023054911444,0.9548621975403804,2,Stress/Bear,0.8092
2017-04-11,bist100,-0.0036894429880388,0.0087160243063812,0.0091082871680752,0.010952204399789,1.2437026338043489,0.0051070904602713,0.0009820281328074,0.9569334108097772,0,Calm/Bull,0.9922
2017-04-12,bist100,0.0005245803955494,0.0086967683717083,0.0090983787874838,0.0064935618351647,1.0908623962504898,0.0042552822644791,0.0008351736312361,0.95585912334976,0,Calm/Bull,0.9981
2017-04-13,bist100,-0.011962122079187,0.0089126819956055,0.0092169336142485,0.0172370409615047,1.0393249662907176,0.0026697712959055,-0.0002207207078198,0.966989930558616,0,Calm/Bull,0.906
2017-04-14,bist100,0.0021452981427214,0.0089078420794116,0.0091603411223711,0.0135293815874657,0.7521869324255168,0.0035090360911851,-0.0002368776701413,0.9724356288061338,0,Calm/Bull,0.9954
2017-04-17,bist100,0.0065306260260879,0.0089752145730015,0.0091821471629591,0.010363679453619,1.0061357675045997,-0.0012902121005734,-0.0001367615097822,0.9774635947033868,0,Calm/Bull,0.9981
2017-04-18,bist100,0.0079109177531035,0.0091171527731856,0.0090772204192805,0.0173475298658624,1.2164428032001515,0.001029860047655,0.0004216423346523,1.0043991830164527,0,Calm/Bull,0.9857
2017-04-19,bist100,-0.0062543362314705,0.0089964625492646,0.0089396644948458,0.0160169896819072,1.4142752303466095,-0.0003259232777489,0.0005509068283659,1.0063534883721326,0,Calm/Bull,0.9963
2017-04-20,bist100,0.013512275586497,0.0094447470494979,0.0090311758215806,0.0105227208447408,1.14776057506977,0.0047689562553878,0.0012515808396131,1.0457937300843083,0,Calm/Bull,0.9979
2017-04-21,bist100,0.0041689134611586,0.0093793355767582,0.0090350563559228,0.0063057646705476,1.051822958133504,0.0051736793190753,0.0011166381605018,1.0381048227341303,0,Calm/Bull,0.9995
2017-04-24,bist100,0.0148090519726548,0.0096166972497581,0.0085103670544783,0.0110029762692935,1.2250530958563637,0.0068293645083887,0.0022389283044374,1.129997941122593,0,Calm/Bull,0.998
2017-04-25,bist100,0.0088316532313715,0.0097060934176634,0.0085635456028065,0.0152872317783411,1.3179984195988097,0.0070135116040423,0.0024099888394481,1.1334199486813528,0,Calm/Bull,0.9847
2017-04-26,bist100,-0.0011905258072601,0.0092928309306606,0.0085467441744968,0.0079833650729038,1.2536678630323168,0.0080262736888844,0.0028586849331914,1.0872948506391595,0,Calm/Bull,0.9974
2017-04-27,bist100,-0.0025402153047197,0.0093532455995028,0.0085375363533883,0.0104951310476881,1.0462898799448384,0.004815775510641,0.0027246186752632,1.0955438679673382,0,Calm/Bull,0.9995
2017-04-28,bist100,0.0039462626488132,0.009230044714222,0.0084427956662062,0.0107675002750149,1.0411966916816249,0.0047712453481719,0.0031098331345562,1.0932450670536646,0,Calm/Bull,0.9994
2017-05-02,bist100,-0.0031680407087445,0.0092314299157334,0.0082923167230692,0.0110942430421153,0.9689994214132236,0.001175826811892,0.0031078919236995,1.113251003793858,0,Calm/Bull,0.9996
2017-05-03,bist100,-0.0052407618179915,0.0093857335700696,0.0083349721525788,0.0107582832343295,0.9714768083022643,-0.0016386561979805,0.002877951478497,1.1260665780587762,0,Calm/Bull,0.9993
2017-05-04,bist100,-0.0088196764410446,0.0097270602849037,0.008372201666031,0.0115361803414958,1.0307642143555855,-0.0031644863247374,0.0021977865877192,1.1618282350232694,0,Calm/Bull,0.999
2017-05-05,bist100,0.0095193751454355,0.0097421393172378,0.0084147987767495,0.0105729706786216,1.004629796150724,-0.0007525682347064,0.002875483706807,1.1577388331799103,0,Calm/Bull,0.9991
2017-05-08,bist100,-0.0010193542621554,0.0097173809019914,0.0081424090562073,0.0086718884769527,1.0377286711423404,-0.0017456916169001,0.002927067285383,1.1934282391012294,0,Calm/Bull,0.999
2017-05-09,bist100,0.015761912088729,0.0079013870977878,0.0082285204530505,0.0175634662792602,1.0662277631524415,0.0020402989425945,0.0021888195405754,0.9602439640116062,0,Calm/Bull,0.8443
2017-05-10,bist100,0.0090937365723589,0.0079178674301577,0.0082404171099623,0.0127389108913277,1.234955296594178,0.0049071986206646,0.0028279785185953,0.9608576027766124,0,Calm/Bull,0.9875
2017-05-11,bist100,-0.0112918641012395,0.0085169884807949,0.0083906884884012,0.0155129708123593,1.1684935895365702,0.0044127610886256,0.0022371562937559,1.0150523991646572,0,Calm/Bull,0.9593
2017-05-12,bist100,-0.0012382360662918,0.0078905390451608,0.008392267567879,0.0111373416575179,0.9773646224748388,0.0022612388462802,0.0027733505944006,0.9402153805678812,0,Calm/Bull,0.9965
2017-05-15,bist100,0.0062062353016415,0.0079256984053596,0.0083804206931316,0.0064276137278909,0.7588781429083611,0.0037063567590395,0.0029763974523466,0.9457399211301284,0,Calm/Bull,0.9993
2017-05-16,bist100,0.0059838405126058,0.0079137270257648,0.0083862269976608,0.0066700662189107,1.0961618447138344,0.0017507424438149,0.0029490581766725,0.9436576219523072,0,Calm/Bull,0.9983
2017-05-17,bist100,-0.0045495226986913,0.0079926280810691,0.0084118562185735,0.0128755052841836,1.3707495740739084,-0.000977909410395,0.0023260361540828,0.950162232138645,0,Calm/Bull,0.9958
2017-05-18,bist100,-0.006053288797466,0.0079813870466128,0.0084275290833633,0.0132920636678097,1.120927809709226,6.980565035962314e-05,0.002336088525783,0.947061347123542,0,Calm/Bull,0.9937
2017-05-22,bist100,0.0130799667920745,0.007950050191861,0.0085361619417663,0.0063610494354471,1.0901282265459336,0.0029334462220329,0.0023144730860619,0.93133778928941,0,Calm/Bull,0.9973
2017-05-23,bist100,0.0135744579003936,0.0083344174128267,0.0085513597234582,0.0167146056046396,1.1679337305344022,0.0044070907417833,0.0027847503080236,0.97463066487118,0,Calm/Bull,0.8369
2017-05-24,bist100,0.0060837862991324,0.0078883026441496,0.0085152960665655,0.0111296819995073,1.4148597636511444,0.0044270798990886,0.0023484870243475,0.9263685704507998,0,Calm/Bull,0.9925
2017-05-25,bist100,-0.0061308206564273,0.0079503541362483,0.0085525487881396,0.0084789387000484,1.2660475268814666,0.0041108203075414,0.0016003633299576,0.9295888668034926,0,Calm/Bull,0.9967
2017-05-26,bist100,-0.0018397597759256,0.0079636635199264,0.0081924408294091,0.0083120715559692,0.968747660917093,0.0049535261118494,0.0015679016315243,0.9720745850661012,0,Calm/Bull,0.9993
2017-05-29,bist100,0.0019737987398666,0.0079048556299427,0.0081623003496343,0.0073685886311971,0.6703076467586012,0.0027322925014079,0.0017936023337536,0.9684592935001296,0,Calm/Bull,0.9998
2017-05-30,bist100,-0.0038795833068917,0.0079859646739882,0.0081764790340242,0.0083330689546768,0.9937856404142486,-0.0007585157400491,0.0014023100359684,0.9766997066532888,0,Calm/Bull,0.9996
2017-05-31,bist100,0.0019908885481844,0.0079135612945554,0.0079892736367812,0.0105699027183994,1.124971495068253,-0.0015770952902387,0.0016602564988148,0.990523250840072,0,Calm/Bull,0.9995
2017-06-01,bist100,-0.001803939110441,0.0077922046227899,0.0079840385669521,0.0097602055323837,0.9023698884055144,-0.0007117189810414,0.0018320976341923,0.9759728184485196,0,Calm/Bull,0.9996
2017-06-02,bist100,0.0153096110028939,0.0079230594662574,0.0079118671976592,0.0088492521281845,0.7977858691043896,0.0027181551747224,0.0030385620063893,1.0014146178542396,0,Calm/Bull,0.9991
2017-06-05,bist100,-0.0068598781130816,0.0080631936202702,0.0079360959962041,0.0144462611541792,1.0389646565411497,0.0009514198041327,0.0022195993434634,1.0160151318893915,0,Calm/Bull,0.9976
2017-06-06,bist100,0.0014197051664298,0.0080300039178455,0.0079069294911588,0.0083035660860202,0.9449451667545068,0.0020112774987971,0.0023415523148927,1.0155653881603803,0,Calm/Bull,0.9998
2017-06-07,bist100,-0.0072979505595629,0.0076480626767113,0.0079762756654182,0.0134896252842265,1.1018843201490545,0.0001535096772476,0.0011885591824781,0.9588513483642592,0,Calm/Bull,0.9981
2017-06-08,bist100,0.0036913909756159,0.0074469261124204,0.0079567715027902,0.0050848622234387,0.8405875749324928,0.001252575694459,0.0009184419026409,0.935923082598124,0,Calm/Bull,0.9997
2017-06-09,bist100,0.0098050369346837,0.0071130106840703,0.008024107018078,0.008824346409311,0.9171273740450246,0.0001516608808169,0.0019732869544371,0.8864551118330029,0,Calm/Bull,0.9976
2017-06-12,bist100,0.0050326801476267,0.007102198643756,0.0079765300088241,0.0081123176370391,0.9451460793911224,0.0025301725329586,0.002286832765133,0.8903870023555513,0,Calm/Bull,0.9987
2017-06-13,bist100,-0.0014330341929594,0.0070857197307579,0.0079853370826648,0.0112065287629486,1.0579244934954233,0.0019596246610808,0.001904869290403,0.8873413429396905,0,Calm/Bull,0.9971
2017-06-14,bist100,0.003383929368245,0.0070305824178093,0.0079794628267181,0.0082831607605925,1.1373208006427966,0.0040960006466424,0.0017748737331849,0.8810846758090455,0,Calm/Bull,0.9979
2017-06-15,bist100,-0.0090667741345126,0.0073114033276486,0.0080732231988403,0.0078055959009417,0.8833743689158572,0.0015443676246166,0.0015490111613939,0.9056362183444708,0,Calm/Bull,0.9985
2017-06-16,bist100,-0.0055288299517906,0.0072835895975182,0.0080129150785713,0.011117996249454,0.7204091530954635,-0.0015224057526781,0.0015752341036776,0.908981254150124,0,Calm/Bull,0.998
2017-06-19,bist100,0.0115378826320335,0.0071625468175807,0.0081123921018696,0.0060011115559111,0.9152298514706808,-0.0002213652557968,0.0014981298956756,0.8829142782595587,0,Calm/Bull,0.9977
2017-06-20,bist100,-0.0006324165594127,0.006582869424701,0.0080889767541982,0.0081707082231424,0.8317096132518522,-6.124172908750889e-05,0.0007877861726853,0.8138074350732314,0,Calm/Bull,0.998
2017-06-21,bist100,0.0012161663114269,0.0064657007328848,0.0079985578798675,0.009344025554428,0.8136515378554942,-0.0004947943404511,0.0005444051733,0.8083583103348014,0,Calm/Bull,0.9975
2017-06-22,bist100,0.0068393732522462,0.0064111626341667,0.0080118769795255,0.005984724570562,0.8302135328009635,0.0026864351369006,0.0011929148687337,0.80020732352114,0,Calm/Bull,0.9979
2017-06-23,bist100,-0.0043412660791844,0.0064972637426424,0.0078997810695489,0.0066691504257531,0.7530174321828103,0.0029239479114218,0.0010678395535707,0.822461241069984,0,Calm/Bull,0.9982
2017-06-28,bist100,0.0097775729658988,0.0067825939617357,0.0079625408568021,0.011917476836834,0.9855634332544264,0.0025718859781949,0.0014580282648723,0.8518127672703288,0,Calm/Bull,0.992
2017-06-29,bist100,-0.0042568182919839,0.0067987239310088,0.0079689037781345,0.0097944623155325,1.003796915975125,0.0018470056316807,0.0014391665156177,0.8531567352668493,0,Calm/Bull,0.9973
2017-06-30,bist100,0.0024931290057615,0.0068017959012653,0.007940768212897,0.0094833103509296,0.960893808985652,0.0021023981705476,0.0014642785384966,0.8565664831040168,0,Calm/Bull,0.9981
2017-07-03,bist100,0.0008151115899473,0.0067606497739906,0.0079345362623261,0.0051660382621512,0.8450787565784215,0.0008975458380878,0.001595231073516,0.8520535479925637,0,Calm/Bull,0.999
2017-07-04,bist100,0.006796191572386,0.0060860633707725,0.007950304200538,0.0078709799745479,1.0576418575469442,0.0031250373684019,0.0011695601019906,0.765513270594185,0,Calm/Bull,0.9949
2017-07-05,bist100,-0.0045882402464439,0.005947956524728,0.0079579046106031,0.0066624091968134,0.9172127782475284,0.0002518747259333,0.0012831419953225,0.7474274719004516,0,Calm/Bull,0.9967
2017-07-06,bist100,-0.0011669308790508,0.0059729003043548,0.0079508545441473,0.0100520172665857,1.216206459223378,0.00086985220852,0.0011538101930485,0.7512274650718591,0,Calm/Bull,0.9952
2017-07-07,bist100,-0.0054068351702107,0.0058456741305082,0.0070823573910053,0.0075367088673982,0.7151340469146694,-0.0007101406266744,0.0012483659625161,0.8253853636265711,0,Calm/Bull,0.9986
2017-07-10,bist100,0.010068583932296,0.0061518532042288,0.0071326530643446,0.0058587836505142,0.7012285364795611,0.0011405538417952,0.0015672256103501,0.8624915790424919,0,Calm/Bull,0.9994
2017-07-11,bist100,0.0204178562010755,0.0072580764477085,0.0075252761129225,0.0245721649740661,1.4332983702104023,0.0038648867675332,0.0020978665736697,0.9644930416898462,1,Transition,0.6466
2017-07-12,bist100,0.0060601499588718,0.0072835343318263,0.0073109893503296,0.0118524647185918,1.276762731172091,0.0059945648085963,0.0021492400642319,0.9962446917663692,0,Calm/Bull,0.9982
2017-07-13,bist100,0.0038496820221697,0.0072424589978058,0.0073132813169832,0.0109576653228853,1.0813331842261975,0.0069978873888404,0.0024133758749884,0.9903159312341854,0,Calm/Bull,0.9984
2017-07-14,bist100,0.0092221154942163,0.0073995866691826,0.0073470270329019,0.0084905350508771,0.9033088414584906,0.0099236775217259,0.0027052851812869,1.0071538645557372,0,Calm/Bull,0.9987
2017-07-17,bist100,0.0098520199379134,0.0070147295153963,0.0073755810265699,0.0113372203606125,1.0363418985709036,0.0098803647228494,0.0036512248849083,0.9510748360198832,0,Calm/Bull,0.9471
2017-07-18,bist100,-0.0047062439470412,0.0069602715441384,0.0073470587041967,0.0062298529732528,0.9237597226248124,0.004855544693226,0.0036923541851457,0.9473548292410768,0,Calm/Bull,0.9988
2017-07-19,bist100,0.0159451332181021,0.0072839741318937,0.0074150689650999,0.0132185628997698,1.2330752539915069,0.0068325413450721,0.0039127167144492,0.9823204836228498,0,Calm/Bull,0.9203
2017-07-20,bist100,-0.0063683681463144,0.0075792886637986,0.0075009678081149,0.010505465971403,1.1884611570301844,0.0047889313113752,0.0036259191351041,1.010441433383967,0,Calm/Bull,0.997
2017-07-21,bist100,0.0010038723426463,0.0075829888691683,0.0073234943154015,0.0106305432632171,1.0047189959491791,0.0031452826810612,0.003615304436665,1.0354331610828311,0,Calm/Bull,0.9995
2017-07-24,bist100,-0.0012390398078995,0.0076172922528709,0.0072835106049109,0.0087470620629128,0.9739793150175754,0.0009270707318986,0.0032113837836578,1.0458270284847202,0,Calm/Bull,0.9999
2017-07-25,bist100,0.0030894798281324,0.0074078593592212,0.0072726688021853,0.0052541263971383,1.0162112592076382,0.0024862154869333,0.0035829210790236,1.0185888510412224,0,Calm/Bull,0.9999
2017-07-26,bist100,0.0015449824428219,0.0072730285083543,0.0072478293634638,0.0054091845117756,1.0694152511383967,-0.0003938146681226,0.0031712915528698,1.0034767850658193,0,Calm/Bull,0.9998
2017-07-27,bist100,0.0109974754167395,0.0072528745450543,0.0073342482982625,0.0073595054441172,1.269741051769962,0.0030793540444881,0.0039340062383059,0.9889049634128818,0,Calm/Bull,0.9983
2017-07-28,bist100,-0.006404794025246,0.0076100197321022,0.0073865559972926,0.0066993006232097,1.13348487346197,0.0015976207709096,0.0034891100867556,1.0302527639256385,0,Calm/Bull,0.9996
2017-07-31,bist100,-0.0015638936770282,0.0076723536562661,0.0073388385789021,0.0073997678490848,0.995933618338549,0.0015326499970839,0.0033701598234068,1.0454452123150433,0,Calm/Bull,0.9999
2017-08-01,bist100,-0.0129541265231642,0.0084407410495501,0.0074630482643703,0.0179601080966825,1.19564632680178,-0.0016760712731753,0.0023826439186293,1.131004483764023,0,Calm/Bull,0.9806
2017-08-02,bist100,0.003554806434974,0.008281689880646,0.0074033442625234,0.0081023180502182,1.0497481918201896,-0.0012741064747449,0.0027897962527002,1.1186417363526997,0,Calm/Bull,0.9998
2017-08-03,bist100,0.0058815879128231,0.008254379263605,0.0074077050142126,0.0046876324334768,0.9844256933394384,-0.0022972839755282,0.0031422221922939,1.1142964315895254,0,Calm/Bull,0.9991
2017-08-04,bist100,0.0129025168338163,0.008271625929019,0.0073278263541009,0.0125450068286222,0.9624654561052274,0.0015641781962842,0.0040576897924952,1.128796662108386,0,Calm/Bull,0.9931
2017-08-07,bist100,0.0113207633746308,0.0083240902980591,0.007369041780323,0.0076771167612935,1.069219209219446,0.004141109606616,0.004120298764612,1.129602809457028,0,Calm/Bull,0.9993
2017-08-08,bist100,-0.001294367346937,0.0074574452541329,0.0071690701445302,0.0080956739605149,1.2594414520745512,0.0064730614418614,0.0030346875872113,1.040224897202695,0,Calm/Bull,0.9995
2017-08-09,bist100,-0.0084678917209914,0.0078447401522695,0.0072904485808094,0.0075426800779217,1.171839253715127,0.0040685218106683,0.0023082855032182,1.0760298307183926,0,Calm/Bull,0.9998
2017-08-10,bist100,-0.008444745582846,0.0081916296813093,0.0074001614168382,0.014979568477364,1.0366959057074334,0.0012032551115345,0.0016935641229674,1.106952837902995,0,Calm/Bull,0.9996
2017-08-11,bist100,-0.0077974250275885,0.0082521757615993,0.0074878914827882,0.0136319267924172,1.2254060738187174,-0.0029367332607464,0.0008425870968771,1.10206935831908,0,Calm/Bull,0.9998
2017-08-14,bist100,0.0237820675171166,0.0095399913432645,0.0079607284345161,0.015530928795523,1.453251352291527,-0.0004444724322493,0.0015390894758373,1.1983817086261954,2,Stress/Bear,0.5335
2017-08-15,bist100,-0.024247689174664,0.0110883476565302,0.0086028718251794,0.0310457792455423,1.6551189135080004,-0.0050351367977947,0.0005620172144561,1.2889123401880838,2,Stress/Bear,1.0
2017-08-16,bist100,-0.0004800032709085,0.0104806435985724,0.0084826189767512,0.0279342602068587,1.4051923161854505,-0.0034375591077781,-0.0002592396099943,1.2355433654744248,2,Stress/Bear,0.8483
2017-08-17,bist100,-0.0003434413588791,0.0103819290517788,0.0083420092030624,0.01182687902743,1.1168125182829622,-0.0018172982629847,4.200672937741803e-05,1.2445357945622364,0,Calm/Bull,0.9999
2017-08-18,bist100,0.0035237473948701,0.010409470409647,0.0083246189670543,0.0125641456009776,1.1844357405004362,0.0004469362215069,0.0001680004819886,1.2504440684725355,0,Calm/Bull,0.9999
2017-08-21,bist100,0.013090031398321,0.0107935590357852,0.0083977472091134,0.0191291308773989,1.0532696272849291,-0.0016914710022521,0.0008844540422996,1.2852922059944674,0,Calm/Bull,0.9826
2017-08-22,bist100,-0.0001879316842389,0.010783194082118,0.0083884387612994,0.0084894200930888,1.0217038206129254,0.0031204804958329,0.000720583466681,1.2854828400091465,0,Calm/Bull,0.9999
2017-08-23,bist100,0.0032931276580586,0.0107973041640273,0.0083906564301153,0.0055298622195322,0.9222935134251564,0.0038751066816263,0.0008079907274429,1.286824726284134,0,Calm/Bull,0.9999
2017-08-24,bist100,0.0018449456568571,0.0105334429924829,0.0083573164912998,0.0101288996448158,0.9022811093514268,0.0043127840847736,0.0003503642394487,1.2603857953026556,0,Calm/Bull,0.9999
2017-08-25,bist100,0.0054927023996348,0.0104676166335576,0.0083701239491896,0.0106511001446988,0.6614709182231558,0.0047065750857265,0.0009452390606928,1.2505927865705044,0,Calm/Bull,0.9998
2017-08-28,bist100,0.00531501501211,0.0104938131830339,0.0083662308948558,0.0054314606530254,0.6143431880118783,0.0031515718084843,0.0012891844951497,1.2543059491086073,0,Calm/Bull,0.9999
2017-08-29,bist100,0.0007527861986607,0.0099480334709343,0.0081853362010985,0.0088604538763352,0.9099017307974824,0.0033397153850642,0.0019745301312409,1.2153481819841745,0,Calm/Bull,0.9999
2017-08-31,bist100,-0.0037435340462826,0.01002060961716,0.0081389377116894,0.0051231622860688,0.3467065943987706,0.001932383044196,0.0016096131071781,1.2311937960611408,0,Calm/Bull,0.9986
2017-09-05,bist100,-0.0103936941797364,0.0103120397227178,0.0082920597022762,0.0156457759196863,0.9662122119517722,-0.0005153449231226,0.0007958490025501,1.2436041337096435,0,Calm/Bull,0.9994
2017-09-06,bist100,0.0067629480401621,0.0100199150414371,0.00823200479767,0.0112753137726768,1.00012549778621,-0.0002612957950172,0.0004888705628674,1.21719013626828,0,Calm/Bull,0.9999
2017-09-07,bist100,0.0011962526712522,0.0096943294684854,0.0082292662893079,0.0086247103619214,1.202424443290569,-0.0010850482631888,-1.735497230146703e-05,1.1780308386764704,0,Calm/Bull,0.9999
2017-09-08,bist100,-0.0118363856958533,0.0100475775350217,0.0083498615047269,0.0173332420863913,1.1026111367343856,-0.0036028826420916,-0.0005444558897472,1.2033226574277562,0,Calm/Bull,0.9994
2017-09-11,bist100,0.0092359281370571,0.0100925357686414,0.008397249828286,0.0082899592059598,1.030375737511081,-0.0010069902054236,0.0003407351031551,1.20188585251385,0,Calm/Bull,0.9999
2017-09-12,bist100,-0.0030036977095438,0.0099150247403714,0.0084093030350271,0.0095693913706459,0.9791816000545838,0.0004710090886148,0.0006127874968202,1.1790542806071571,0,Calm/Bull,1.0
2017-09-13,bist100,-0.0089670717161134,0.0099705361219062,0.0085147364356635,0.0124477824735114,0.8978435284401061,-0.0026749948626402,0.000554305162394,1.1709741337553463,0,Calm/Bull,0.9999
2017-09-14,bist100,0.0008197493939471,0.0083445485972946,0.0084043395588186,0.0124211176366969,1.1258602880646542,-0.0027502955181012,-0.0005938107437644,0.9928857037360818,0,Calm/Bull,0.9993
2017-09-15,bist100,-0.0046531372249433,0.0063277716120503,0.0083926218707119,0.0073592651294397,0.7280890252501356,-0.0013136458239192,0.0003859168537215,0.7539683914668633,0,Calm/Bull,0.9952
2017-09-18,bist100,-0.0112668688406103,0.0068441021526642,0.0084486776386003,0.0144489661598566,0.9250908319393848,-0.0054142052194527,-0.0001534264247635,0.8100796888491638,0,Calm/Bull,0.9693
2017-09-19,bist100,-0.015292680795512,0.0076364082232363,0.0087095514825185,0.0201378272028966,1.0774735183745174,-0.0078720018366464,-0.0009008883965951,0.876785473805841,0,Calm/Bull,0.7694
2017-09-20,bist100,0.0038613772084558,0.0076470701393193,0.0087177550081715,0.0096256730356445,0.8162434405105538,-0.0053063120517325,-0.0008840069059158,0.8771834184547905,0,Calm/Bull,0.989
2017-09-21,bist100,-0.012636071093587,0.0073299012748049,0.0088568378441767,0.015283577548733,0.7905099820970762,-0.0079974761492393,-0.0021703120305112,0.8275979987173772,0,Calm/Bull,0.8336
2017-09-22,bist100,0.0011695402870141,0.0073554643004451,0.008832827799891,0.0125034834155421,0.8208525925847938,-0.0068329406468478,-0.0021024384319486,0.8327417297250904,0,Calm/Bull,0.9336
2017-09-25,bist100,-0.0179536156545156,0.0080378405297999,0.0090738201277314,0.0188207577038267,1.1172686514259702,-0.0081702900096289,-0.0031647755975773,0.8858276246004276,0,Calm/Bull,0.6529
2017-09-26,bist100,0.0160925000653156,0.0090702708305349,0.0092796617390457,0.016624924842988,0.8919402547234278,-0.0018932538374634,-0.0024523978771544,0.9774355020259292,0,Calm/Bull,0.8349
2017-09-27,bist100,-0.0264312970268854,0.0103212411149387,0.0099101002218824,0.027835107122626,1.0251515493261982,-0.0079517886845316,-0.0040485978484804,1.0414870570277852,1,Transition,0.7564
2017-09-28,bist100,0.0140562471199498,0.0109070717125007,0.0100717607033451,0.0189945265463157,0.8664164898231131,-0.0026133250418242,-0.0036115362430884,1.0829359467285735,0,Calm/Bull,0.6976
2017-09-29,bist100,0.0024966628241714,0.0109506807855578,0.0100403607959022,0.0104666533968418,0.8691402531415191,-0.0023479005343928,-0.0035243424118128,1.0906660635170675,0,Calm/Bull,0.981
2017-10-02,bist100,0.0098918944052896,0.0113533716382857,0.0100952961259232,0.0113499502816433,0.7666998916207501,0.0032212014775682,-0.0028425709892342,1.1246199711895388,0,Calm/Bull,0.9882
2017-10-03,bist100,-0.0002222480137216,0.0112243992191494,0.0100933587344991,0.0102639006793415,1.0294436685381,-4.1748138239216224e-05,-0.0023339986809335,1.1120578901832197,0,Calm/Bull,0.9959
2017-10-04,bist100,0.0061432850847367,0.0111987929802474,0.0100882619480993,0.0078088448399729,1.0794319680279103,0.0064731682840852,-0.0023649818287048,1.1100815024293982,0,Calm/Bull,0.9422
2017-10-05,bist100,-0.0020451702300441,0.0111679543130947,0.0100191235881895,0.0080876132163475,0.9494002302631516,0.0032528848140864,-0.0025270529737696,1.1146637941725128,0,Calm/Bull,0.9901
2017-10-06,bist100,-0.0018880525016197,0.0109509361446836,0.0096764655905805,0.0066633071145256,0.8248026545821598,0.0023759417489281,-0.0020296363140579,1.131708271183614,0,Calm/Bull,0.9987
2017-10-09,bist100,-0.0276455202149516,0.0120082987761503,0.0102868764600868,0.0206095522353526,1.246994588717712,-0.00513154117512,-0.0038737087316583,1.1673415951618125,2,Stress/Bear,0.6194
2017-10-10,bist100,0.0204802176228604,0.0131880481102045,0.010622136815374,0.0133277591440179,0.9626467761723444,-0.0009910480478036,-0.0026995129650381,1.2415626290104549,0,Calm/Bull,0.8131
2017-10-11,bist100,0.0040732793139254,0.0131842280794951,0.0105659434034754,0.0187814492974476,1.2194262447576534,-0.0014050492019659,-0.0020474954135362,1.247804154918953,0,Calm/Bull,0.9769
2017-10-12,bist100,0.0201800650956152,0.0140857445540356,0.0108139779297842,0.0127053370343704,0.8973384599247975,0.0030399978631659,-0.0010794796284528,1.3025497782125204,0,Calm/Bull,0.914
2017-10-13,bist100,0.0027658418941837,0.0140843683407982,0.0108024040977796,0.0118483611111653,0.9261399370671346,0.0039707767423266,-0.0007085306724964,1.303817947681958,0,Calm/Bull,0.9903
2017-10-16,bist100,0.0023394913928591,0.0138745781942993,0.0106047130042572,0.0086565023511452,0.9122182267227834,0.0099677790638888,-2.8212660822995832e-05,1.3083407527133866,0,Calm/Bull,0.9437
2017-10-17,bist100,0.004838348149105,0.0134320727555319,0.0105919625185715,0.0103467919822003,0.976526068496325,0.0068394051691377,0.0009783387864078,1.268138244634138,0,Calm/Bull,0.9927
2017-10-18,bist100,-0.0006030581988966,0.013418728738899,0.0105915151402252,0.0079382466651406,0.9809032395957008,0.0059041376665733,0.0007551170160402,1.2669319319514902,0,Calm/Bull,0.9926
2017-10-19,bist100,0.0139972364961622,0.0133411640265341,0.0107425594745077,0.0112779322454973,0.891853542679339,0.0046675719466827,0.0020867823955277,1.2418980838032962,0,Calm/Bull,0.976
2017-10-20,bist100,0.0005079295587397,0.013344377982056,0.0107362311593778,0.0124925919962391,1.1339102899776354,0.0042159894795939,0.0020537018591139,1.242929458574494,0,Calm/Bull,0.9637
2017-10-23,bist100,-0.0109866784752346,0.0128773728632454,0.0108315676234258,0.0080539334596021,0.8661732060883249,0.0015507555059751,0.002402048718078,1.1888743449650898,0,Calm/Bull,0.9251
2017-10-24,bist100,-0.0009043660346239,0.01248107441581,0.0107355896616753,0.0080275162762162,0.9310055828350036,0.0004022126692293,0.001552205413081,1.1625886242994132,0,Calm/Bull,0.9916
2017-10-25,bist100,0.010656055632902,0.0107380220822491,0.0107937936138003,0.0085387305497805,0.9225164848274624,0.002654035435589,0.0034065730460704,0.9948330000047524,0,Calm/Bull,0.9555
2017-10-26,bist100,-0.00945811155608,0.0107977471952894,0.0108623280582439,0.0140933170473181,0.9509941098910528,-0.0020370341748593,0.0022308551122689,0.9940546020514034,0,Calm/Bull,0.8856
2017-10-27,bist100,0.0051036290427072,0.0108168433668751,0.0107477427578378,0.010601268866382,1.0970577653888325,-0.0011178942780658,0.0023612034231957,1.006429313633035,0,Calm/Bull,0.9659
2017-10-30,bist100,0.0053875909987115,0.0106980352000218,0.0107598331759494,0.0071940373322853,0.9183989543743852,0.0021569596167233,0.0021359882528668,0.9942566046408906,0,Calm/Bull,0.9903
2017-10-31,bist100,0.0153317760146508,0.0110762485071922,0.010911010788391,0.0149779991519294,1.3772158456336538,0.0054041880265783,0.0029136894542854,1.0151441256915446,0,Calm/Bull,0.5362
2017-11-01,bist100,0.0258269916991999,0.0121962009947766,0.0112821154918186,0.0289886424977821,2.0897922537633584,0.0084383752398379,0.0038978747850085,1.081020753919859,2,Stress/Bear,1.0
2017-11-02,bist100,-0.0002602158920825,0.0121568903709256,0.0111956133309038,0.0170813071429968,1.8439075718345328,0.0102779543726374,0.0039871225019066,1.085861936421859,2,Stress/Bear,0.9903
2017-11-03,bist100,-0.0151780868971221,0.0128390153860846,0.0113749676973724,0.0261716005316627,1.3539822331009088,0.0062216111846715,0.0033226207821315,1.1287078546210236,2,Stress/Bear,0.5232
2017-11-06,bist100,0.0254862582280272,0.0115234721092268,0.0117716185393253,0.0291332581441092,1.1822268546086407,0.0102413446305346,0.0059792097042804,0.9789199395758972,2,Stress/Bear,0.7411
2017-11-07,bist100,-0.0167272653032934,0.0120505573509896,0.0119295537107098,0.0213198162714676,1.1650757857892204,0.0038295363669458,0.0041188355579728,1.0101431824872993,1,Transition,0.9631
2017-11-08,bist100,-0.0033672054852815,0.0121663327765122,0.0118898547967718,0.0201923383227431,1.268674664351061,-0.0020093030699504,0.0037468113180124,1.0232532679722377,1,Transition,0.9583
2017-11-09,bist100,-0.0148376474752601,0.0121966166157987,0.0116651617988853,0.0233923075688061,1.0672028313070216,-0.004924789386586,0.0019959256894686,1.045559146634745,1,Transition,0.9636
2017-11-10,bist100,-0.0118351167274514,0.0125790913493396,0.0113311972655307,0.017892820776669,0.891872212194833,-0.0042561953526518,0.0012658777583869,1.110129058259799,0,Calm/Bull,0.4976
2017-11-13,bist100,-0.0008246455245576,0.0125847742123994,0.0113316941453,0.0172497914547994,0.9147919993402664,-0.0095183761031688,0.001107670912516,1.1105818821997773,1,Transition,0.8785
2017-11-14,bist100,0.0117704627980418,0.0127867710525155,0.01142739180965,0.0229336950037331,1.0019752330761769,-0.0038188304829018,0.0014542766449629,1.1189579621937469,1,Transition,0.8963
2017-11-15,bist100,-0.0223266368054792,0.0138492490572468,0.011793314271026,0.0278045699675059,1.026930637147817,-0.0076107167469413,0.0003680977146337,1.1743305349940347,1,Transition,0.6643
2017-11-16,bist100,-0.0068917111443384,0.0135517842748505,0.011701464644116,0.0197520735186971,0.9238197219268814,-0.0060215294807569,-0.0006763496673912,1.15812718211006,1,Transition,0.5424
2017-11-17,bist100,-0.0069150622624283,0.0136191240555888,0.0117330135944053,0.019409074519935,0.8312275598526997,-0.0050375185877523,-0.0010474992584496,1.1607524312494442,0,Calm/Bull,0.5762
2017-11-20,bist100,-0.0221525560858803,0.0142617127483891,0.0120540141916951,0.0269335927817454,0.8349455898430209,-0.0093031007000168,-0.0016057931389819,1.183150485936466,1,Transition,0.7544
2017-11-21,bist100,0.0129640685148878,0.0146300065737676,0.0121800170741692,0.0230261708365938,0.9290591566739737,-0.0090643795566476,-0.0009123714115063,1.2011482812117094,1,Transition,0.7744
2017-11-22,bist100,0.0065881020422257,0.0144883000710896,0.0121901273646188,0.0232883113077,0.954387168120223,-0.0032814317871066,-0.0011157690910401,1.1885273744670717,1,Transition,0.9072
2017-11-23,bist100,-0.008886795632378,0.0144715397566845,0.0122114663831355,0.0218004084758031,0.7667301295340395,-0.0036804486847146,-0.001087203294855,1.1850779671039493,1,Transition,0.8678
2017-11-24,bist100,-0.0046447108595035,0.0144161125940367,0.0122195422802162,0.0094290832493852,0.6351184466320824,-0.0032263784041296,-0.0015746202899655,1.1797588046629932,0,Calm/Bull,0.4966
2017-11-27,bist100,0.0021050193440597,0.0143512155034992,0.01221990400941,0.0142355936684654,0.7982531869464881,0.0016251366818583,-0.0017387488726981,1.174413112611035,0,Calm/Bull,0.7744
2017-11-28,bist100,-0.0260299110677813,0.0147368293116843,0.012588802687064,0.0402939543610457,0.9512350083382908,-0.0061736592346754,-0.0038068332268197,1.1706299382091023,2,Stress/Bear,0.9902
2017-11-29,bist100,0.0026789843436484,0.0131056825012692,0.0125567014919029,0.0156232331988994,0.8023454029312502,-0.0069554827743909,-0.0049642335945973,1.043720160881448,1,Transition,0.9626
2017-11-30,bist100,0.0159226866479532,0.0138876330835435,0.012745719428973,0.0160572044585593,1.005704558662392,-0.0019935863183246,-0.0041550884675955,1.0895919340555036,1,Transition,0.9563
2017-12-01,bist100,-0.0040994383621153,0.0136436229184733,0.0126721080149463,0.0107619395184162,0.7114638437730401,-0.001884531818847,-0.0036011560408452,1.0766656109923491,1,Transition,0.7023
2017-12-04,bist100,0.0158634726034135,0.0127009835502678,0.0127891443856395,0.0182893713876261,0.7596289309272678,0.0008671588330236,-0.0040822953220759,0.993106588469617,1,Transition,0.9802
2017-12-05,bist100,0.0098839798020424,0.0127004731292996,0.0128571403876248,0.0145436302589395,1.0521685179773363,0.0080499370069884,-0.0027517330668091,0.987814766456466,1,Transition,0.9838
2017-12-06,bist100,-0.0090385471058783,0.0127780143320434,0.0128579467359789,0.0156357500055932,0.8986526451671897,0.0057064307170831,-0.0030353001478389,0.9937834239341016,1,Transition,0.98
2017-12-07,bist100,0.0108015412911474,0.0128176887104231,0.0129389124765577,0.015274193639019,0.8193563571142888,0.0046822016457219,-0.0017533407095185,0.9906310699330946,1,Transition,0.7588
2017-12-08,bist100,0.0137503455541661,0.0130334812164017,0.0130511089685124,0.0144263016767814,0.9548417021927113,0.0082521584289782,-0.0004740675954377,0.9986493291755302,1,Transition,0.8907
2017-12-11,bist100,0.0113803692275696,0.0132992236971679,0.0130464100436672,0.0080993704689515,0.9778918690079418,0.0073555377538094,0.0001361831421686,1.0193780245028703,1,Transition,0.5207
2017-12-12,bist100,-0.0009806806709272,0.0130147264901939,0.0128843638032844,0.0109766974936887,0.964264650608622,0.0051826056592155,-0.0005013740312798,1.010117898632782,0,Calm/Bull,0.6656
2017-12-13,bist100,-0.0082532224654699,0.0121224563606493,0.0129279357694588,0.0160967500287532,0.958323273257542,0.0053396705872971,0.0002022966857206,0.9376946619186974,1,Transition,0.8862
2017-12-14,bist100,0.0138942138066748,0.0123707335647099,0.0129267582766024,0.0174439100147008,1.161625505544869,0.0059582050904026,0.0012415929332713,0.9569865313487842,1,Transition,0.9155
2017-12-15,bist100,-0.0030703300382666,0.0122667468494234,0.0129367557756639,0.010275357564668,0.9082904517730568,0.0025940699719161,0.0014338295444794,0.9482088911734012,0,Calm/Bull,0.7352
2017-12-18,bist100,0.008358852125626,0.0110121452955167,0.0127341900424922,0.0095258131022005,0.9834230485371692,0.0019897665515274,0.0029593999550547,0.864769982132406,1,Transition,0.7536
2017-12-19,bist100,-0.0006424058985557,0.0107793719700337,0.0125860381596075,0.0089882623542211,1.221127477576606,0.0020574215060017,0.0022790762343825,0.8564547344714161,1,Transition,0.6149
2017-12-20,bist100,0.0025164252793455,0.0107320524472306,0.0120616462167354,0.0104786470007242,1.1527996830469784,0.0042113510549648,0.0020754923962385,0.8897668074810529,0,Calm/Bull,0.7281
2017-12-21,bist100,0.007372187439906,0.0104705791774357,0.0119738402020861,0.0096745557001955,1.1380240269130422,0.002906945781611,0.0028884415498527,0.874454561003037,0,Calm/Bull,0.6382
2017-12-22,bist100,-0.0015514443613,0.0103758660379396,0.0119786393223116,0.0103592671006962,0.8905693068037899,0.0032107229170043,0.0030431048747629,0.8661973834217811,0,Calm/Bull,0.6144
2017-12-26,bist100,0.0081324476976232,0.01043455351978,0.0119593292604393,0.0053238283523367,0.8161035042681919,0.0031654420314037,0.003344476292441,0.8725032393160075,0,Calm/Bull,0.6861
2017-12-27,bist100,0.0012758408757376,0.0078568195360688,0.0119577730538394,0.0069568121225341,0.8459426307478086,0.0035490913862624,0.004709763889617,0.657047052213973,1,Transition,0.999
2017-12-28,bist100,0.0205700118663877,0.0085970668445209,0.0121999728304124,0.0177174856606171,0.9902741106073292,0.0071598087036709,0.005604315265754,0.7046791795380037,1,Transition,0.9996
2017-12-29,bist100,0.0074190477863663,0.0082637142174946,0.0122143673660018,0.0126755538112764,0.9263755750333368,0.0071691807729629,0.0051791333226746,0.6765568751842478,1,Transition,0.9999
2018-01-02,bist100,0.0188206583215802,0.0084952719075672,0.0124032371076513,0.0178525522275648,1.663976055614589,0.011243601309539,0.0063251381568594,0.6849237689995177,1,Transition,0.9469
2018-01-03,bist100,-0.0126041173090974,0.0091710068195382,0.0119368127949481,0.0225322622007109,1.7810554967372505,0.0070962883081948,0.0049017586612338,0.7682961086077791,2,Stress/Bear,0.648
2018-01-04,bist100,-0.0048457662816802,0.0093397379643976,0.0117277761348461,0.0182404820468557,1.4123345538011367,0.0058719668767113,0.0041652713570477,0.7963775789211126,1,Transition,0.9956
2018-01-05,bist100,0.0098799099720931,0.008878727597367,0.0117703635424533,0.0105781039015896,1.0827510269193232,0.0037339464978523,0.0051111942109463,0.7543290880815388,1,Transition,0.9894
2018-01-08,bist100,-0.0028625139682149,0.0089432977643755,0.0115388087990534,0.0133710286751751,1.0350542075176643,0.0016776341469361,0.0044279914479782,0.7750624800290651,1,Transition,0.9567
2018-01-09,bist100,-0.0110813497612698,0.0092976274483423,0.011652139784621,0.0148241178831615,1.125150612570003,-0.0043027674696338,0.0031864066822064,0.7979330509417406,1,Transition,0.9439
2018-01-10,bist100,-0.0125392632123675,0.0097171034178493,0.011787741564158,0.0173626518411258,1.1855282349524474,-0.0042897966502878,0.0019904250602095,0.8243397062076208,1,Transition,0.8732
2018-01-11,bist100,0.0098927621266729,0.0098454578139609,0.0118330428680057,0.0144806492302276,1.241631129422462,-0.0013420909686172,0.0025340972000895,0.8320309428254626,1,Transition,0.7809
2018-01-12,bist100,-0.0006469622644743,0.0095492845303803,0.0118331552439473,0.0100930231963845,1.077255030770435,-0.0034474654159307,0.0029144102101393,0.806993936402951,1,Transition,0.7884
2018-01-15,bist100,-0.0219176294846036,0.010673473188453,0.0120786894832769,0.029366459611105,1.3391248077403068,-0.0072584885192084,0.0011238180455754,0.8836615266275805,1,Transition,0.9016
2018-01-16,bist100,0.0199425416297724,0.0114123926968072,0.0123350522838796,0.0294368835087198,1.4530544339628035,-0.001053710241,0.0022744616289773,0.9252001883868584,1,Transition,0.6188
2018-01-17,bist100,0.0188231158495292,0.0119339730497436,0.0124485184777555,0.0250823796406045,1.2384144923134242,0.0052187655713793,0.0027976748151725,0.9586661313206576,1,Transition,0.9631
2018-01-18,bist100,0.0022574784738788,0.0119075644524364,0.0124453601482378,0.0137074937272747,1.0623727960197935,0.0036917088408205,0.0029426690337942,0.9567874541680096,0,Calm/Bull,0.5443
2018-01-19,bist100,-0.0147320351345272,0.0125474882094441,0.0125576696568096,0.0185720040709015,1.1844603326712078,0.0008746942668099,0.0020802460131006,0.9991892247810524,1,Transition,0.89
2018-01-22,bist100,0.0179743103313612,0.0129986763151092,0.0126688533138334,0.0166964792670796,0.990603037926156,0.0088530822300029,0.0026103521576733,1.0260341637167505,1,Transition,0.9561
2018-01-23,bist100,0.0098848838406286,0.0130573732220908,0.0127070724648033,0.0123353422442994,1.0805085496172138,0.0068415506721741,0.0031821685677698,1.0275673848762428,1,Transition,0.6494
2018-01-24,bist100,0.0104878548594961,0.0131148676284896,0.0127501639245327,0.0127415626822097,1.072904335067845,0.0051744984741675,0.0032999389258634,1.0286038443203949,1,Transition,0.6694
2018-01-25,bist100,-0.0087664268640259,0.0133858785739503,0.0126908175237048,0.0146133242541474,0.9925396919845246,0.0029697174065865,0.0027978255388752,1.05476881603153,1,Transition,0.784
2018-01-26,bist100,0.01753292898111,0.0131894388207209,0.0124614936116504,0.0151606294918773,0.9335421557747772,0.009422710229714,0.0026459713946114,1.0584155665248594,1,Transition,0.8969
2018-01-29,bist100,0.0011872177696997,0.0131442774227019,0.0124602258862617,0.0176548654419565,0.9096134444634686,0.0060652917173817,0.002334379893778,1.054898807026801,1,Transition,0.7909
2018-01-30,bist100,-0.0128438659270762,0.0129596909793784,0.0124120294819022,0.0137926370100942,0.9863226641113538,0.0015195417638407,0.0007511536813452,1.0441234447819088,0,Calm/Bull,0.6704
2018-01-31,bist100,0.0018900077463571,0.0125730454327705,0.0119949565053914,0.0094152759461616,0.8594150261022917,-0.000200027658787,0.0014758599341179,1.0481943329364578,0,Calm/Bull,0.9365
2018-02-01,bist100,-0.0040608305616946,0.0125534837585883,0.0117916176070141,0.0187712038424682,0.8587052487171705,0.0007410916016791,0.0015151067201172,1.064610825839616,0,Calm/Bull,0.6138
2018-02-02,bist100,-0.0078004940951031,0.012555958505345,0.0118331122997466,0.015175444307684,0.6552336157215324,-0.0043255930135634,0.0006310865167574,1.0610867358720038,0,Calm/Bull,0.7834
2018-02-05,bist100,-0.0107818607442125,0.0127945385222226,0.011752987032035,0.0131235007869399,0.7260345679323719,-0.0067194087163459,0.0002351191779575,1.0886201514005436,0,Calm/Bull,0.5365
2018-02-06,bist100,-0.0120133437595249,0.0128395422290382,0.0117563002873666,0.0174706382136496,0.9880925779844272,-0.0065533042828356,0.0001885194780448,1.0921413978201655,1,Transition,0.5334
2018-02-07,bist100,0.0009774025722953,0.0124851784128204,0.011753947300797,0.009722247601548,0.9428955055163536,-0.006735825317648,0.0008643527672779,1.0622115356918245,1,Transition,0.542
2018-02-08,bist100,-0.0113710274833177,0.0125808936944838,0.0117740996105125,0.0189335602178364,0.8820186227394836,-0.0081978647019726,-0.0001988367132215,1.068522783963108,1,Transition,0.7118
2018-02-09,bist100,-0.0059090425473618,0.0126456150015883,0.011417359409254,0.0150400826714501,0.7474175529369633,-0.0078195743924243,-0.0004619407273659,1.1075779038136235,0,Calm/Bull,0.6803
2018-02-12,bist100,0.0107814445618327,0.011811960167868,0.0114412790537922,0.0077625932436649,0.6864389204520824,-0.0035069133312152,0.0011730129749558,1.0323985729508938,0,Calm/Bull,0.8533
2018-02-13,bist100,-0.0028528445088757,0.0109757064230973,0.0114045279142707,0.0108259228075667,0.7117568512230965,-0.0016748134810854,3.324366802345232e-05,0.962399014286527,0,Calm/Bull,0.9746
2018-02-14,bist100,-0.0091203556719795,0.0102097572074866,0.0110705286832506,0.0207819190171058,0.7634322098801798,-0.0036943651299404,-0.0013639299080519,0.9222465791479066,1,Transition,0.5267
2018-02-15,bist100,0.0241267040471366,0.011682844759666,0.0113571459120849,0.0142559459729129,0.8578548023103512,0.0034051811761504,-0.000270468629389,1.028677878236516,0,Calm/Bull,0.583
2018-02-16,bist100,0.0024525756982675,0.0111845779489927,0.0113392066095827,0.0133653516726334,0.8738732405546006,0.0050775048252763,0.0005887619122506,0.9863633615724682,0,Calm/Bull,0.9464
2018-02-19,bist100,-0.005413214603396,0.0104710591284972,0.0112936299036667,0.0178164907353342,0.8731170515778407,0.0018385729922305,-0.0005806143344872,0.9271650671939948,0,Calm/Bull,0.6753
2018-02-20,bist100,-0.0213609371466358,0.011137179563215,0.0116517886410927,0.0322552665228498,1.0222492797982057,-0.0018630455353214,-0.0021429053838504,0.9558343277818466,1,Transition,0.7763
2018-02-21,bist100,0.0250991208992411,0.012415219947947,0.012048087895894,0.0134754940832587,0.8604869540355538,0.0049808497789226,-0.0014123420818632,1.0304722255701706,1,Transition,0.8306
2018-02-22,bist100,0.0045025990053166,0.0123559417913377,0.0114868457578939,0.0135656104399326,0.8757096847116194,0.0010560287705586,-0.000748890788396,1.075660111727938,0,Calm/Bull,0.9779
2018-02-23,bist100,0.0058080676985895,0.0117038270964722,0.0114959126035824,0.0069800390763359,0.7499326245230117,0.001727127170623,-0.0013351338525221,1.0180859493334231,0,Calm/Bull,0.9595
2018-02-26,bist100,0.010751864156249,0.0120038830241919,0.0114111656711831,0.0058211682207456,0.9157940041149384,0.004960142922552,-0.0008569015331946,1.0519418760614032,0,Calm/Bull,0.9321
2018-02-27,bist100,0.0003342235546931,0.0116682639916243,0.0113838799651477,0.0063653144396917,0.9695264144815532,0.0092991750628178,-0.0001979970591061,1.0249812917342094,0,Calm/Bull,0.7559
2018-02-28,bist100,0.0010026166925873,0.0116615915749445,0.0112444263297022,0.0078268560048553,0.9960329750981586,0.0044798742214871,-0.0002423666117946,1.0370997357277685,0,Calm/Bull,0.9773
2018-03-01,bist100,-0.0111479703176366,0.0118891852469989,0.011323461693007,0.014586196401114,1.1245268111416682,0.0013497603568964,-0.0005967235995917,1.0499603009511886,0,Calm/Bull,0.9323
2018-03-02,bist100,-0.0065922041912418,0.0118536698089662,0.0112885103347432,0.01133932689199,0.8604645396338239,-0.0011302940210698,-0.0005363091043986,1.050065018099294,0,Calm/Bull,0.9818
2018-03-05,bist100,0.0007442084415222,0.0116069538006942,0.0112261027907436,0.0080293881681997,0.7654322083494821,-0.0031318251640151,3.999435488805045e-05,1.033925487504412,0,Calm/Bull,0.9729
2018-03-06,bist100,-0.0020226738970566,0.0112710320839232,0.0111201642802659,0.0090087423427102,1.0464642305686067,-0.0036032046543651,0.0005395278480114,1.013567048098842,0,Calm/Bull,0.9655
2018-03-07,bist100,0.0011346138800253,0.0112714083504313,0.011041207721366,0.0090695696198722,0.8978914453945037,-0.0035768052168775,0.0005473884133979,1.0208492254538308,0,Calm/Bull,0.9721
2018-03-08,bist100,-0.0023588977176229,0.0109452830871132,0.0110471138677902,0.0075097972317047,0.7888350914336387,-0.0018189906968748,0.0009979949016826,0.9907821371359355,0,Calm/Bull,0.9813
2018-03-09,bist100,0.0029758405406819,0.0108298876530079,0.0109806997776022,0.0063696641689945,0.932342772517815,9.461824950997168e-05,0.0014422390560848,0.9862657091397846,0,Calm/Bull,0.9839
2018-03-12,bist100,0.0127221653294167,0.0109262371872215,0.0109589332793256,0.0091469144330984,1.1209931312927166,0.0024902096270888,0.001539275094464,0.9970164895368244,0,Calm/Bull,0.9711
2018-03-13,bist100,-0.0012211311017896,0.0108977702347125,0.0109490909707568,0.0079667659368606,1.132826710289154,0.0026505181861422,0.0016208607648183,0.9953127856749598,0,Calm/Bull,0.9851
2018-03-14,bist100,-0.0057169582786612,0.0107467430262309,0.0109462858199674,0.013347772372942,1.0611818897555956,0.0012802037544049,0.0017910306344843,0.9817707305456502,0,Calm/Bull,0.961
2018-03-15,bist100,-0.0033322898456827,0.0094145003401264,0.0109589395046159,0.0095426605462543,1.0978176871490668,0.001085525328793,0.0004180809398433,0.8590703814142759,0,Calm/Bull,0.9457
2018-03-16,bist100,0.0001262276210623,0.009402404314853,0.010957789214878,0.0087335253149555,0.9753046827356996,0.0005156027448691,0.000301763535983,0.8580566873915475,0,Calm/Bull,0.9525
2018-03-19,bist100,-0.0151807114977978,0.0099524521954677,0.0111207619970415,0.0157366970762999,0.8557673287102743,-0.0050649726205738,-0.000186611308737,0.8949433679198748,0,Calm/Bull,0.6877
2018-03-20,bist100,0.0084654485580098,0.0087779634084344,0.0111628057999329,0.0141251212775116,1.023160952559717,-0.0031276566886139,0.0013047079764952,0.7863581581332565,1,Transition,0.5864
2018-03-21,bist100,0.0104194808053789,0.0071455934014432,0.0111921988866797,0.0111686694972153,1.4101924476353,9.963112819411126e-05,0.0005707259718021,0.6384441050227811,1,Transition,0.9812
2018-03-22,bist100,-0.004608888723965,0.0071721259364919,0.0112138949324981,0.0129596476827059,1.3661954315235902,-0.0001556886474623,0.000115151585338,0.6395749184083245,1,Transition,0.9687
2018-03-23,bist100,-0.0043430242442184,0.0071069359116817,0.0109239821099367,0.011251092697379,1.591045127241293,-0.0010495390205185,-0.0003924030118023,0.6505810646849296,1,Transition,0.7819
2018-03-26,bist100,-0.0015663351229923,0.0066064511821356,0.0108863441885243,0.0103118348344884,1.7508288588975591,0.0016733362544425,-0.0010083129757643,0.6068567250610898,1,Transition,0.8315
2018-03-27,bist100,-0.0019241324108912,0.0066015949409999,0.0106094282153336,0.0136950510502042,1.4559624628263714,-0.0004045799393376,-0.0011212307740435,0.6222385228507161,1,Transition,0.9158
2018-03-28,bist100,-0.0179508004005704,0.0075700314409168,0.0107371556635799,0.0189784994195363,1.3188574697798796,-0.0060786361805275,-0.0020689016287014,0.705031358220323,1,Transition,0.9427
2018-03-29,bist100,0.0062479937963967,0.0074706880793281,0.0107526800150445,0.0144360875083173,0.9493333875216604,-0.0039072596764551,-0.0011991034229998,0.6947745184340632,1,Transition,0.8922
2018-03-30,bist100,0.0007450439306397,0.0073714057779826,0.0106734500861258,0.0102375647793868,0.8504048052920664,-0.0028896460414835,-0.0008322410169057,0.6906300885375894,1,Transition,0.6577
2018-04-02,bist100,-0.0042559757577501,0.0073998631363915,0.0106807537694924,0.0082872117867782,0.625767960041289,-0.003427574168435,-0.0010822502268693,0.6928221824126134,1,Transition,0.7349
2018-04-03,bist100,0.0013273253883725,0.0074153540835879,0.0105875748959932,0.0078948610274152,0.8949603509818781,-0.0027772826085823,-0.0009147502625978,0.7003826803052148,1,Transition,0.5923
2018-04-04,bist100,-0.0054120092597625,0.0074644581672662,0.0104846982944257,0.0141434497422091,0.974056999507287,-0.0002695243804207,-0.0012420814195872,0.7119382892719728,1,Transition,0.706
2018-04-05,bist100,0.0084920018838839,0.0077672137417607,0.0104639640604365,0.011194656334118,1.2061844849803245,0.0001792772370767,-0.0006995364395119,0.742282150139259,0,Calm/Bull,0.5973
2018-04-06,bist100,-0.0018294298969502,0.0077217270667473,0.0104663800505349,0.008669312410804,0.8277415707987634,-0.0003356175284412,-0.0009397999613935,0.7377648269472757,0,Calm/Bull,0.7036
2018-04-09,bist100,-0.0138785645766058,0.0075332899835796,0.0102296507283702,0.026106565056751,0.973382345217699,-0.0022601352922124,-0.0022698364566946,0.7364171254339476,1,Transition,0.9993
2018-04-10,bist100,-0.0218298035603556,0.0087012260560978,0.0102809468267038,0.0317652413530306,1.230362680670716,-0.006891561081958,-0.0033002700796229,0.84634481655884,1,Transition,0.958
2018-04-11,bist100,-0.0132703661690499,0.0089713728878088,0.0100890776663845,0.0449472763890401,1.247012453059932,-0.0084632324638155,-0.0036779404741424,0.8892163569817892,2,Stress/Bear,0.995
2018-04-12,bist100,0.0089499107759563,0.0094061167908588,0.0101633622775525,0.0185930114559252,0.9763109234418318,-0.008371650685401,-0.0030638304430604,0.9254926208459376,1,Transition,0.704
2018-04-13,bist100,-0.0057442075797631,0.0093929158054926,0.0100223752968574,0.0165295423218831,0.7325128383149065,-0.0091546062219636,-0.0033573522031017,0.9371945798555168,0,Calm/Bull,0.6253
2018-04-16,bist100,0.0098388265833031,0.0094014526439551,0.0098166899946461,0.0114285235337504,0.8019953593555927,-0.0044111279899818,-0.0021063752990466,0.9577008797346752,0,Calm/Bull,0.9537
2018-04-17,bist100,-0.0177088114683314,0.0096702933196403,0.0099456279808824,0.0332881808222801,1.2412406769362343,-0.003586929571577,-0.0034150883003637,0.9723160104348106,1,Transition,0.6049
2018-04-18,bist100,0.0303784898573035,0.0119372689398631,0.0106553713673516,0.0415697268275716,1.249668465909111,0.0051428416336936,-0.0024171378477675,1.1203052928252948,2,Stress/Bear,1.0
2018-04-19,bist100,0.000206989258149,0.0119393027263509,0.010608618768041,0.007217200388198,0.9174741130117527,0.0033942573301322,-0.0021763439486618,1.1254342329954037,0,Calm/Bull,0.9827
2018-04-20,bist100,-0.0106674718312832,0.0120826035439155,0.010399096606372,0.0116765347549425,0.8095854057172114,0.0024096044798281,-0.002492566328015,1.1618897295859292,0,Calm/Bull,0.9829
2018-04-24,bist100,-0.0079089008129669,0.0121401123458352,0.0104269066870723,0.0096657557997474,0.7673100465977303,-0.0011399409994258,-0.0028096946125137,1.1643062233295869,0,Calm/Bull,0.9907
2018-04-25,bist100,-0.0244397705685815,0.013062587184278,0.01074232808129,0.0350070854790188,1.0525332545675328,-0.0024861328194758,-0.0039354765203983,1.215992202568188,2,Stress/Bear,0.9792
2018-04-26,bist100,-0.0036033252032022,0.012639497437117,0.0107341717356473,0.0181928517571746,0.8267389340694664,-0.009282495831577,-0.0032181027605299,1.1775009519497688,0,Calm/Bull,0.7749
2018-04-27,bist100,0.0055835697382349,0.0126141553643826,0.0107725415523144,0.0142129124849303,0.8383312586274908,-0.0082071797355598,-0.0032513239634379,1.170954440335623,0,Calm/Bull,0.7545
2018-04-30,bist100,-0.03144698070465,0.0140495910706482,0.0114136345226445,0.042387848858021,0.8400996898029929,-0.0123630815102331,-0.0048609251952024,1.2309480422536698,2,Stress/Bear,0.9998
2018-05-02,bist100,0.0042379743003572,0.0141964521598759,0.0113841409438492,0.0228970858540475,1.0090233030537932,-0.0099337064875683,-0.0044362276922971,1.2470376315523612,1,Transition,0.7274
2018-05-03,bist100,-0.0174984686010382,0.0144166002490969,0.0114888762150472,0.0222090211129705,0.9787390970132928,-0.0085454460940596,-0.0053775173917676,1.2548311931688492,1,Transition,0.7975
2018-05-04,bist100,-0.003015954209054,0.0144262509793955,0.0114833867066998,0.0182954999600827,1.0053179835967996,-0.00842797189523,-0.0052577146392322,1.2562714596190192,1,Transition,0.813
2018-05-07,bist100,-0.0170351776758363,0.0142741756428735,0.011584697285257,0.0214215564361971,0.7347616626060338,-0.0129517213780442,-0.0065340736172182,1.2321578450771629,1,Transition,0.7539
2018-05-08,bist100,-0.0150069684700303,0.0143495160635406,0.0116947036143306,0.0264937042063298,1.0503956369213945,-0.0096637189311203,-0.0071929505458722,1.22700981031762,1,Transition,0.7219
2018-05-09,bist100,0.0141579972638388,0.0150160032374442,0.0117662828847794,0.0376870343559027,1.1168356782174411,-0.007679714338424,-0.00579112245385,1.2761892081371384,2,Stress/Bear,0.9877
2018-05-10,bist100,0.0157523417983815,0.0152529330901073,0.0119910977750708,0.029913022949553,0.9875004038552608,-0.00102955225854,-0.0039120151859131,1.2720214092339253,2,Stress/Bear,0.6137
2018-05-11,bist100,-0.0051725402291595,0.0150981331020688,0.0119613994967149,0.0161450313634368,0.8698260813612878,-0.0014608694625611,-0.0035071238889186,1.262238010377918,1,Transition,0.7691
2018-05-14,bist100,0.01479294135583,0.0154052733028768,0.01167580901789,0.0212673318959317,0.8006772162508823,0.004904754343772,-0.0032149723599249,1.3194180616754123,2,Stress/Bear,0.5038
2018-05-15,bist100,-0.0178618692108758,0.0157445381266097,0.0118392683407307,0.0177821486772502,0.9791084309292152,0.0043337741956029,-0.0038208554414805,1.329857358874425,1,Transition,0.5209
2018-05-16,bist100,0.0060628670041886,0.0155940395131445,0.011880619760777,0.0209471436557792,0.968525376488976,0.0027147481436729,-0.0040096534204362,1.31256111441485,1,Transition,0.8563
2018-05-17,bist100,-0.0028280794999403,0.0152573790170447,0.0116092109831335,0.0113165258184851,0.8867396880268237,-0.0010013361159914,-0.0032656168220167,1.3142477158190593,1,Transition,0.6052
2018-05-18,bist100,0.0052957177433919,0.0132444187597144,0.0111021605397716,0.0097432393016573,0.7732613539648844,0.0010923154785189,-0.0045197554277123,1.1929586779319727,0,Calm/Bull,0.6053
2018-05-21,bist100,-0.0014911450052813,0.0132179386085679,0.0110684567834604,0.0139334251850607,0.8134535249350092,-0.0021645017937033,-0.0046046621408838,1.1941988722691157,0,Calm/Bull,0.7687
2018-05-22,bist100,0.0104093419024718,0.0135452752927107,0.0111407397900476,0.0145895947338077,1.0280864434691597,0.0034897404289661,-0.003550821454196,1.215832659946978,0,Calm/Bull,0.6287
2018-05-23,bist100,-0.0139950076410348,0.0137156294000349,0.0111132251617759,0.0203197022232203,1.0896814937817385,-0.0005218345000785,-0.0038551267955994,1.2341718268437545,1,Transition,0.5547
2018-05-24,bist100,-0.0074235649274154,0.0128734323228763,0.0111241322825939,0.0283752730323955,1.2413663029120274,-0.0014409315855735,-0.0030043165135411,1.1572527183104,1,Transition,0.7565
2018-05-25,bist100,0.0201828958653087,0.0138749655789377,0.0115011573538675,0.0196473146128857,0.983847381903728,0.0015365040388097,-0.0018150054601156,1.206397334810131,1,Transition,0.7091
2018-05-28,bist100,0.0317128164417458,0.0157162634108246,0.0122530248508993,0.0197973828474554,0.9559385316073078,0.0081772963282152,-0.00050854312494,1.2826435596163182,2,Stress/Bear,0.5483
2018-05-29,bist100,-0.0133428360496569,0.0142978870884541,0.012329898625073,0.0156345882006456,0.9049968780480536,0.0034268607377894,0.0003966641078095,1.1596110822338137,1,Transition,0.7784
2018-05-30,bist100,-0.0119093120791309,0.0145236768067227,0.0123942902033829,0.0206578920925529,1.0966768495191743,0.0038439998501702,-0.0004107002111648,1.171803836153415,1,Transition,0.9341
2018-05-31,bist100,-0.0314584069807243,0.0156777261456483,0.0129655562823238,0.0377093002116455,1.2469625668789923,-0.0009629685604915,-0.0011086971301491,1.2091826840489752,2,Stress/Bear,0.9872
2018-06-01,bist100,-0.0148244062753115,0.0159729078452771,0.013053814778583,0.0282532942420487,1.2657835916974145,-0.0079644289886155,-0.001699119733462,1.2236199238465717,1,Transition,0.7436
2018-06-04,bist100,0.0007922699285049,0.0155642359449851,0.0130616819829266,0.0158429361144496,0.8784580516141921,-0.0141485382912637,-0.0008077473532449,1.191595076754256,1,Transition,0.7891
2018-06-05,bist100,-0.0144781426867926,0.0155392731928675,0.0131277679064624,0.0229302960429687,0.8356152669256728,-0.0143755996186909,-0.000781306064083,1.1836949970160555,1,Transition,0.8354
2018-06-06,bist100,-0.0119858643668622,0.0153144161248862,0.0130141769379248,0.0334718672539581,1.1001297273841042,-0.0143909100762371,-0.0020884991456181,1.1767487254809192,2,Stress/Bear,0.668
2018-06-07,bist100,0.0201356806361764,0.0156116578608042,0.0133617329728822,0.0276314127475698,1.1642619641856915,-0.004072092552857,-0.0018693322037283,1.1683857095848416,1,Transition,0.7315
2018-06-08,bist100,-0.0282589782108293,0.0166853330081749,0.0137499196296297,0.0267608137206369,1.0332101683106796,-0.0067590069399605,-0.0030236541028118,1.2134858571987297,1,Transition,0.7893
2018-06-11,bist100,0.0081615633229547,0.0163756649855721,0.0138307488774135,0.0392092022943855,1.1376612922856224,-0.0052851482610706,-0.0033552230044556,1.184004216309256,2,Stress/Bear,0.928
2018-06-12,bist100,-0.0141109076447668,0.0162215323972153,0.0138944996745643,0.0192284785363013,0.8684382874381957,-0.0052117012526654,-0.0031676749261501,1.1674786985609085,1,Transition,0.9867
2018-06-13,bist100,-0.0190904961249956,0.016441799907443,0.0139594701689984,0.0242898298894661,0.829621554693652,-0.0066326276042921,-0.0044253430826093,1.1778240655549626,1,Transition,0.961
2018-06-14,bist100,0.0110187582346199,0.016800227392749,0.0140004393301979,0.0280864764821395,0.4734250742204592,-0.0084560120846034,-0.0037330011958813,1.1999785861370904,2,Stress/Bear,0.8452
2018-06-18,bist100,-0.0159665697822059,0.0168714073908995,0.0139710981573759,0.0162828545250817,0.6949722289538022,-0.0059975303988787,-0.0047961155721612,1.2075935048808182,1,Transition,0.9752
2018-06-19,bist100,0.0148669616784597,0.0174274099797543,0.0141793036919838,0.025992117607672,0.941049061474354,-0.0046564507277777,-0.0039782102379742,1.229073751315929,1,Transition,0.885
2018-06-20,bist100,0.0012169711764228,0.0171469515823821,0.0141924372719017,0.0161562931350956,0.9028104578763552,-0.0015908749635398,-0.0044378287742766,1.2081752593918278,1,Transition,0.9856
2018-06-21,bist100,0.0053299312184941,0.0171245250830674,0.014236168365538,0.0112985099802627,0.8275245800097845,0.0032932105051581,-0.0034715818313002,1.2028886315029388,1,Transition,0.9785
2018-06-22,bist100,0.0083275803331604,0.0172945609880706,0.0143152239526939,0.0181039936450626,0.7621380125076546,0.0027549749248662,-0.0026840245682714,1.2081236762499974,1,Transition,0.9792
2018-06-25,bist100,-0.0194233285879517,0.0167988260144434,0.0143421645352205,0.0641286675351984,1.3825061378332006,0.002063623163717,-0.0046643357909344,1.171289450291134,2,Stress/Bear,1.0
2018-06-26,bist100,0.00424484023275,0.0146541933657549,0.0143220390685579,0.0137043787279564,1.088806467744841,-6.08011254248508e-05,-0.0060377346013842,1.023191830130268,1,Transition,0.9757
2018-06-27,bist100,0.0162493393811587,0.0153549693619382,0.0145339327538085,0.019745818865298,1.3697783995810504,0.0029456725155223,-0.0045581258298434,1.0564910146508353,1,Transition,0.7333
2018-06-28,bist100,0.0028327355972384,0.0153373384998028,0.0145524117081014,0.0156526667811765,1.1921623911764772,0.0024462333912711,-0.0038210234460249,1.0539379181571988,1,Transition,0.9676
2018-06-29,bist100,0.003041277484621,0.0139419848449159,0.0145625078293903,0.0131579005612134,1.0031561148785,0.0013889728215633,-0.0020960392227577,0.957389002516303,1,Transition,0.9538
2018-07-02,bist100,0.002621930069218,0.0136463395144412,0.0145755812531812,0.01666163574722,0.990228646525913,0.0057980245529972,-0.0012237224055312,0.9362466770553548,1,Transition,0.9915
2018-07-03,bist100,-0.0019165912358733,0.013638718118514,0.0145015456516984,0.0103056399565067,0.9533123927888688,0.0045657382592725,-0.0013591654637501,0.940500995279535,1,Transition,0.9776
2018-07-04,bist100,0.0066237324294706,0.0133842653989737,0.0145530966688315,0.010932891486209,0.8285873844886921,0.0026406168689349,-0.0003040717079369,0.9196850473507008,1,Transition,0.9435
2018-07-05,bist100,0.0190188173677241,0.0137505557651589,0.0147455165181826,0.0172064908241369,1.3187919500580394,0.0058778332230321,0.0012461623787923,0.9325245235189388,1,Transition,0.9794
2018-07-06,bist100,-0.0036708167068547,0.013041438431137,0.0145206623929656,0.0171826669788894,1.1664917653262383,0.0045354143847369,5.5837511640776954e-05,0.8981297187554476,1,Transition,0.9928
2018-07-09,bist100,0.0052418321668784,0.0112403262433412,0.01447174466261,0.0209042921212708,1.368260727447195,0.005059394804269,0.0017308780305261,0.7767084415455681,1,Transition,0.9959
2018-07-10,bist100,-0.0304646095469975,0.0132210963646292,0.0148737216665218,0.027160952791706,1.5392731285350778,-0.0006502088579557,-0.0002004306129714,0.8888895907194254,2,Stress/Bear,0.8467
2018-07-11,bist100,-0.0531697328679456,0.017557599061539,0.0162579312653078,0.0445376893295239,1.6622259323003117,-0.012608901917439,-0.0021533718741303,1.079940539483308,2,Stress/Bear,1.0
2018-07-12,bist100,-0.0190008597402436,0.0175530589313251,0.0162967715709271,0.0479798551087665,1.698644086473841,-0.0202128373390326,-0.0021488900548927,1.077088112509302,2,Stress/Bear,1.0
2018-07-13,bist100,0.0036373947163549,0.0173379073324337,0.016214741444004,0.0189527822469247,0.8700329835223481,-0.0187511950543906,-0.002517958230806,1.0692681959998245,2,Stress/Bear,0.6132
2018-07-16,bist100,-0.0017111793452162,0.0170465037538607,0.0156071889223402,0.0209340868641572,0.9449836113328798,-0.0201417973568096,-0.0018051887089565,1.0922212730737335,2,Stress/Bear,0.7722
2018-07-17,bist100,0.0207931864232859,0.0173994138852705,0.0159178792279491,0.020412703695064,1.126770032763892,-0.0098902381627529,-0.0015088774717152,1.093073620933128,2,Stress/Bear,0.5607
2018-07-18,bist100,0.0075280885691516,0.0175083400603405,0.0159496717740962,0.0220425075942307,1.2583592409458904,0.0022493261246665,-0.0011933216020787,1.0977241606172572,1,Transition,0.9382
2018-07-19,bist100,0.007348205061836,0.0175536750397562,0.0159926302134588,0.0118523927197048,0.9354019242810068,0.0075191390850824,-0.0010924079099117,1.0976102620683228,1,Transition,0.9777
2018-07-20,bist100,0.0115392586305481,0.0176587621278046,0.0158415391536228,0.0146914286819005,0.8273772775613919,0.0090995118679211,-0.0009318239950423,1.114712526135203,1,Transition,0.9684
2018-07-23,bist100,0.0129144509168529,0.0173543604493335,0.0159599389787745,0.0195384214677932,0.9030425410826428,0.0120246379203349,0.0006850649801979,1.0873701003752894,1,Transition,0.9189
2018-07-24,bist100,-0.0338424778677111,0.0189587498626883,0.0164494050733744,0.0417352042600252,1.1699277736878944,0.0010975050621355,-0.0012193009248251,1.152549273248524,2,Stress/Bear,0.9998
2018-07-25,bist100,0.0345074623260297,0.0202404363333623,0.016690195472714,0.03773061920596,1.2709390665624911,0.0064933798135111,-0.0003063947775815,1.212714157030243,2,Stress/Bear,0.9996
2018-07-26,bist100,-0.0057974689377736,0.0202619733682526,0.0166821102330476,0.0331555301959782,1.2925245641274457,0.0038642450135892,-0.0007379050043321,1.214592943290423,2,Stress/Bear,0.8764
2018-07-27,bist100,0.0080619593729654,0.0203422023870814,0.0165968493329436,0.0160361101421145,0.9173127568226824,0.0031687851620726,-0.0004868709099149,1.2256665092876078,1,Transition,0.9394
2018-07-30,bist100,0.0059757124560216,0.0203829607742937,0.0166210321387571,0.0140218024254057,0.8087385159527578,0.0017810374699064,-0.0003191817905747,1.2263354407915783,1,Transition,0.9464
2018-07-31,bist100,0.0082285095776995,0.020467177659888,0.0165297579786049,0.0148248954141896,0.9348225235630352,0.0101952349589885,0.0001880732501038,1.2382018954167098,1,Transition,0.8417
2018-08-01,bist100,0.0026617463229745,0.0204207303706823,0.0164268913460751,0.0119761527995934,0.8190809348095182,0.0038260917583775,-1.0026055220957366e-05,1.2431281086887762,1,Transition,0.9353
2018-08-02,bist100,-0.0278218842261488,0.0208058928332495,0.0166897424591202,0.0144368340334459,0.8539845229240356,-0.0005787912992975,-0.0023520611349146,1.2466275548715806,2,Stress/Bear,0.6473
2018-08-03,bist100,0.011224708429361,0.0210216856418535,0.0166225173018275,0.0165349047264809,0.9321301844190372,5.375851198158796e-05,-0.0016072848781038,1.2646511512153684,1,Transition,0.8663
2018-08-06,bist100,-0.01513851762215,0.0211656747933197,0.0167130383466906,0.0205195462735847,0.8712929190905292,-0.0041690875036527,-0.0026263023675552,1.266416934746688,1,Transition,0.8024
2018-08-07,bist100,0.0208797130826336,0.0207205459210844,0.0168304759111821,0.0213320474716048,1.0827332347361591,-0.0016388468026659,-5.908623607368789e-05,1.2311325021604247,1,Transition,0.5084
2018-08-08,bist100,0.0084180740902238,0.0165735172478549,0.0167313100175836,0.0133108888905672,1.0049422893928714,-0.000487581249216,0.0030203041118347,0.9905690128529784,1,Transition,0.9886
2018-08-09,bist100,0.002175548359283,0.0157485303361356,0.0167119300124129,0.0343182507162876,1.7136124384246625,0.0055119052678702,0.0040791245168111,0.9423525783340532,2,Stress/Bear,0.9867
2018-08-10,bist100,-0.0233765857741208,0.0169044389880003,0.016962209518479,0.0970306247818602,1.7067982351940827,-0.001408353572826,0.0027284254922873,0.9965941624282032,2,Stress/Bear,1.0
2018-08-13,bist100,-0.0240385534950981,0.0179198164106813,0.0171937390124631,0.0586605628946398,1.780480373248215,-0.0031883607474157,0.0016120567847932,1.0422291741017984,2,Stress/Bear,1.0
2018-08-14,bist100,0.0078892533531205,0.0174181370563661,0.0172379193949772,0.0266447549167988,1.2337026860487603,-0.0057864526933183,0.0009668601312849,1.0104547223629226,1,Transition,0.7402
2018-08-15,bist100,-0.0343638974628341,0.019031696913374,0.0176768520883095,0.0566514288156319,1.1463643875919824,-0.0143428470039299,-0.0011277391703143,1.076645141244381,2,Stress/Bear,1.0
2018-08-16,bist100,-0.0351749349399768,0.0203636199062246,0.0181212016536856,0.05078331126826,1.019712180595283,-0.0218129436637818,-0.0032538961704049,1.1237455603328,2,Stress/Bear,1.0
2018-08-17,bist100,0.0180994477130741,0.0206650472257662,0.0183048324801172,0.0463147068835669,0.8738583135503486,-0.0135177369663428,-0.0029258867162786,1.1289394343385888,2,Stress/Bear,1.0
2018-08-20,bist100,0.0162220342898117,0.0208112051513187,0.0182298025380632,0.0170526575670433,0.2626634930717162,-0.0054656194093609,-0.0027605075476307,1.14160343250376,2,Stress/Bear,0.9274
2018-08-27,bist100,0.0121013637190161,0.0197060816777807,0.0177808831659454,0.0140748542447351,0.6392430014511895,-0.0046231973361817,-0.0004633154682943,1.108273503282589,1,Transition,0.8839
2018-08-28,bist100,0.0279022232255595,0.0191362572282507,0.0181509036949226,0.0317791627335618,0.8710449095417282,0.0078300268014969,-0.0007935774233178,1.0542867479156832,2,Stress/Bear,0.9866
2018-08-29,bist100,-0.0062645620551138,0.0191429694489753,0.0181126593653183,0.016287478090894,0.7717613978039988,0.0136121013784695,-0.0008169320791848,1.0568834240669147,2,Stress/Bear,0.6329
2018-08-31,bist100,-0.0059923886646684,0.0190576503628149,0.0176993602713535,0.0164500783025174,0.6898817267060479,0.008793734102921,-0.0015196494810665,1.0767423268771918,1,Transition,0.7902
2018-09-03,bist100,0.0127756381538519,0.0192580120827355,0.017702350209406,0.0260926558372136,0.7446546942903712,0.008104454875729,-0.001179653196175,1.08787883274973,2,Stress/Bear,0.6544
2018-09-04,bist100,-0.0077635748805481,0.0191786568843943,0.017722873829358,0.0179603111175793,0.6329016520805868,0.0041314671558161,-0.0019792574190874,1.0821414782418,1,Transition,0.892
2018-09-05,bist100,-0.0042833133813322,0.0191530604718461,0.017640633267584,0.0145348921343152,0.7305480363975398,-0.0023056401655621,-0.0023265104043027,1.0857354257820968,1,Transition,0.9743
2018-09-06,bist100,-0.0002985422830212,0.0181893210922248,0.0175803485401606,0.0151235095495813,0.5745116018993005,-0.0011124362111436,-0.0009503433071464,1.034639390150492,1,Transition,0.9814
2018-09-07,bist100,0.0054924934886094,0.018031860663703,0.0173869839665799,0.0121941787063495,0.6848324375782286,0.0011845402195119,-0.0012369540541839,1.0370896239602372,1,Transition,0.9868
2018-09-10,bist100,-0.0170397625616537,0.018113830905492,0.0171467578950304,0.0214214555615172,0.695313570150245,-0.0047785399235891,-0.0013320163011591,1.0563997588571452,1,Transition,0.9614
2018-09-11,bist100,0.0075052276621977,0.0174866846290758,0.0171411896560387,0.0140504527001805,0.6792532002521872,-0.00172477941504,-0.0020007405721809,1.020155833986435,1,Transition,0.9901
2018-09-12,bist100,-0.0017517539123136,0.0173147908665966,0.0170519798286159,0.0176597570808082,0.8448062481506592,-0.0012184675212362,-0.0025092319723078,1.0154123474588903,1,Transition,0.9912
2018-09-13,bist100,0.0234872013361722,0.018248858252248,0.0171528695470747,0.036054289844055,1.2827434712125765,0.0035386812026024,-0.0014436493234633,1.0638953559441149,2,Stress/Bear,0.9814
2018-09-14,bist100,0.0035987260087505,0.0175249959802613,0.0170999366905327,0.0202819508324814,1.2786965805889023,0.0031599277066306,-9.48837343198133e-05,1.024857360434791,1,Transition,0.9326
2018-09-17,bist100,-0.0043563065791408,0.0166399567606369,0.0169810298130313,0.0139368068446799,1.1128343407765329,0.0056966189031332,0.000889228611478,0.9799144659570268,1,Transition,0.9826
2018-09-18,bist100,0.0056988224138275,0.0165986159944555,0.0168881016981865,0.0088190108083088,1.126242560875877,0.0053353378534591,0.0007797070645134,0.9828586001609592,1,Transition,0.9712
2018-09-19,bist100,0.0179323954778063,0.0147918250423008,0.0170443365353923,0.0150150216556858,1.626566116472804,0.0092721677314831,0.0033945217115454,0.8678439909694226,2,Stress/Bear,0.6426
2018-09-20,bist100,-0.0050092770414887,0.0119090548805788,0.0170454811653487,0.019402736672183,1.8938208288296503,0.0035728720559509,0.0049028046064698,0.6986634618909103,2,Stress/Bear,0.9817
2018-09-21,bist100,0.0192382687294459,0.0119779962112481,0.0171913891184989,0.0141793769669961,1.1113581339727665,0.00670078060009,0.0049597456572884,0.696743941323459,1,Transition,0.9987
2018-09-24,bist100,0.0157867892692387,0.0119568340461103,0.0171051155453559,0.0178810122209654,1.5211969185528968,0.0107293997697659,0.0049379834062597,0.699020945775292,1,Transition,0.9607
2018-09-25,bist100,-0.0025638366789924,0.011944083780307,0.0171054996890356,0.0155571703142064,1.3696971961411608,0.0090768679512019,0.0042047233863593,0.6982598577908242,1,Transition,0.9932
2018-09-26,bist100,-0.0014472604682113,0.0106075083211393,0.0169874720742891,0.0163965952721141,0.9185232280943244,0.0052009367619984,0.0027372492016707,0.6244312440809838,1,Transition,0.9998
2018-09-27,bist100,0.0115299587250846,0.0105588882719433,0.0170443290075875,0.0169843919972017,1.492894139629835,0.008508783915313,0.0036269752406807,0.6194956848839798,1,Transition,0.9926
2018-09-28,bist100,-0.0034136885897983,0.010450430889567,0.0170496117755316,0.0129986527935071,1.4888359127761035,0.0039783924514642,0.0037559102444242,0.6129424544765756,1,Transition,0.9902
2018-10-01,bist100,-0.0143049261217943,0.0109621095750858,0.0171550203355717,0.0214112777869072,1.21606863683766,-0.0020399506267423,0.0024018820306419,0.6390030067382311,1,Transition,0.9986
2018-10-02,bist100,-0.0038281834032256,0.0108042192444984,0.0171609826679655,0.013650186624471,0.9157177003122168,-0.002292819971589,0.002598651604508,0.6295804531442533,1,Transition,0.9999
2018-10-03,bist100,-0.009959668960027,0.0110659050546287,0.017190421538305,0.0180486538431828,0.907539902593782,-0.0039953016699521,0.0023148338255732,0.6437250552565468,1,Transition,0.9998
2018-10-04,bist100,-0.0280802782181228,0.0129879958702127,0.0173811987105145,0.0272497438037849,0.8837465422389803,-0.0119173490585936,0.0009257470288182,0.7472439666865912,1,Transition,0.9511
2018-10-05,bist100,0.0040838779193089,0.0129657283177227,0.0173882610859426,0.0195693568180025,0.8562547320872295,-0.0104178357567721,0.0008553162503531,0.7456598594671838,1,Transition,0.9973
2018-10-08,bist100,0.0126072311137643,0.0124984600123803,0.0174565189860596,0.0251314580153451,0.9453415731365218,-0.0050354043096604,0.002337665934124,0.7159766516085682,1,Transition,0.9914
2018-10-09,bist100,0.0066850905030074,0.0124819476505303,0.0170307834067771,0.0161622704649928,1.0095295337734311,-0.0029327495284138,0.0022966590761645,0.7329050785510776,1,Transition,0.9994
2018-10-10,bist100,-0.0239700870862785,0.0137822366904621,0.0158603713618197,0.0288881684980406,0.9356795345659502,-0.0057348331536641,0.0011857424174663,0.8689731391561077,1,Transition,0.9371
2018-10-11,bist100,0.003243344092433,0.0127639271357157,0.0156538880272104,0.0172754614532894,0.890201677580187,0.000529891308447,0.0001735495552793,0.8153838275531794,1,Transition,0.9996
2018-10-12,bist100,0.0199572868414227,0.0134979982614095,0.0158422681247869,0.0391032253566876,1.18879282376526,0.0037045730928698,0.0009914775969129,0.8520243537786416,2,Stress/Bear,0.9784
2018-10-15,bist100,0.0202158845811142,0.0140908940055085,0.0160256256649712,0.0171437949274445,1.178752916828956,0.0052263037863397,0.0022200871549257,0.8792726287316425,1,Transition,0.993
2018-10-16,bist100,-0.0016732777630619,0.0140915276560574,0.0158302252844247,0.0133823031790997,0.9478754145536308,0.0035546301331259,0.0018514821460812,0.8901659580247459,1,Transition,0.9982
2018-10-17,bist100,0.0053135633114126,0.0136078158038872,0.015817796244403,0.0149933419033296,1.0096881031844478,0.0094113602126641,0.0012205405377615,0.8602851872429567,1,Transition,0.9977
2018-10-18,bist100,-0.0156484815263009,0.0140644643897147,0.0159434845719891,0.0203327809781034,0.8318310273989458,0.0056329950889173,0.0006885803135209,0.8821449493183205,1,Transition,0.9879
2018-10-19,bist100,-0.0103079885537787,0.0135560406682283,0.0159430541428256,0.016568523090307,0.76256840608595,-0.0004200599901229,-0.0007887325506402,0.8502787826464591,1,Transition,0.9992
2018-10-22,bist100,-0.0185516659480343,0.0135206974619968,0.0160421459753251,0.0287765378369333,0.72048644161844,-0.0081735700959526,-0.0025056553115039,0.8428234902483362,1,Transition,0.9726
2018-10-23,bist100,-0.0128909273896202,0.0137187808040768,0.0155147862172515,0.0224461077140476,0.8533622365390936,-0.0104171000212643,-0.0030220098470353,0.8842391130612126,1,Transition,0.9973
2018-10-24,bist100,-0.008345553979997,0.013763749015203,0.0148840923540948,0.0158201873769188,0.6815958669183708,-0.0131489234795462,-0.0033669245226245,0.924728810313816,1,Transition,0.997
2018-10-25,bist100,0.0113228568534918,0.0137520244518082,0.014944298738798,0.0192795462260528,0.750291747767599,-0.0077546558035877,-0.0033772796162042,0.9202187865868624,1,Transition,0.9954
2018-10-26,bist100,-0.0347988873350165,0.0154431213182392,0.0155551144245367,0.0386013034708889,0.7831061513862565,-0.0126528355598352,-0.0049465395534651,0.9928002389927244,2,Stress/Bear,0.9784
2018-10-30,bist100,-0.0059996638356537,0.0152891270747627,0.015542174677209,0.0313624367993883,0.9007597303880202,-0.0101424351373591,-0.0045312764391581,0.983718648921288,1,Transition,0.9161
2018-10-31,bist100,0.0022286351978866,0.0153635908295892,0.0155003635741492,0.0293668362722499,1.026104539316555,-0.0071185226198577,-0.0042284355091024,0.9911761589393911,1,Transition,0.9532
2018-11-01,bist100,0.0239534151931339,0.0165252969536133,0.0158305481058993,0.0269605498487382,0.8722888285051924,-0.0006587287852315,-0.0025327813014444,1.043886594643874,1,Transition,0.7478
2018-11-02,bist100,0.0186117534857719,0.0160164928320206,0.0156231792074377,0.0222326913312534,1.1141370375434485,0.0007990505412244,-0.0001981797162497,1.0251750056349358,1,Transition,0.9721
2018-11-05,bist100,0.0192008613692323,0.0165761296799055,0.0157543339543246,0.0222486811058635,1.0363567871962134,0.0115990002820742,0.0005576694562464,1.052163152562556,1,Transition,0.891
2018-11-06,bist100,-0.0127968078784418,0.0165775296506166,0.0157189083131997,0.0223620924189683,1.0028207805685871,0.0102395714735166,-0.0007125324933638,1.054623471319308,1,Transition,0.7924
2018-11-07,bist100,0.0080496126654096,0.0166123488671194,0.0155173812355909,0.0186883302646203,0.9434977684288972,0.0114037669670212,-0.0006443063852437,1.0705639447084705,1,Transition,0.9523
2018-11-08,bist100,-0.0210282959716304,0.016406697673065,0.0157073839450829,0.0254926003469326,0.9764936104772004,0.0024074247340683,-0.0004972168295113,1.0445213366164052,1,Transition,0.9051
2018-11-09,bist100,-0.007158799350649,0.0164467073947411,0.0157255734031122,0.0169196750654506,0.9120969255886988,-0.0027466858332158,-0.0010173240016654,1.0458574052050909,1,Transition,0.9771
2018-11-12,bist100,-0.0151279605903362,0.0159555575765403,0.0155597051511016,0.0246050027368927,0.7461036841190298,-0.0096124502251295,-0.0027715863732533,1.0254408693220485,1,Transition,0.9807
2018-11-13,bist100,0.0137201967368691,0.0155232625525498,0.0153589751704694,0.0193855594097316,0.9543523554814848,-0.0043090493020673,-0.0030963707654656,1.0106965067823188,1,Transition,0.9878
2018-11-14,bist100,0.0062217105349842,0.0156611265788383,0.015345968602376,0.0187111516063693,1.1197175845995848,-0.0046746297281524,-0.0027016213505633,1.0205368578959226,1,Transition,0.9739
2018-11-15,bist100,0.0001029121556683,0.0155638100926445,0.0146688754792904,0.0140112956798022,1.0858177437721854,-0.0004483881026927,-0.0029621539083505,1.0610090810722064,1,Transition,0.9529
2018-11-16,bist100,0.0034208164815405,0.0153280427624816,0.0139018637569315,0.0167107987549391,0.8189975726225256,0.0016675350637452,-0.0020086890079584,1.1025890506831495,1,Transition,0.843
2018-11-19,bist100,0.010143163447986,0.0154270877080588,0.0137752474851563,0.0109389099839462,0.9725418218000386,0.0067217598714096,-0.0009861314078702,1.1199136512561734,1,Transition,0.9186
2018-11-20,bist100,-0.0309757611071359,0.0163916179585497,0.0142347856721021,0.031039647659205,1.305993848219504,-0.0022174316973913,-0.0016073361658253,1.1515184236791596,2,Stress/Bear,0.811
2018-11-21,bist100,0.0110807065542182,0.0163995389571668,0.0142210165029116,0.0123895284003803,0.9653992857662388,-0.0012456324935445,-0.0004087544686333,1.1531903471041691,1,Transition,0.9824
2018-11-22,bist100,-0.0008546564341837,0.0162939333995044,0.0137503484200269,0.011407977558578,0.7311988793415,-0.0014371462115149,-3.420959134273093e-05,1.1849833110972514,1,Transition,0.9816
2018-11-23,bist100,0.0040348841124046,0.0161069973106263,0.0137379092144407,0.0104792887059492,0.6777139034576267,-0.0013143326853421,-0.000398608228397,1.1724489556020143,1,Transition,0.9687
2018-11-26,bist100,0.010259718574404,0.0140637247335175,0.0137789099312377,0.0104350726008751,1.143654967782234,-0.0012910216600585,0.0018543220670739,1.0206703435686275,1,Transition,0.8675
2018-11-27,bist100,-0.0047514676196153,0.01402976568315,0.0136937680826809,0.0113509271529402,1.0126708331728949,0.0039538370374455,0.0019167318778758,1.02453653358523,1,Transition,0.6561
2018-11-28,bist100,0.0059065862431324,0.0140581451672726,0.0136773200691976,0.0097490927987008,1.018467343818494,0.0029190129752284,0.0021006294301381,1.0278435465535911,1,Transition,0.5869
2018-11-29,bist100,0.0111482593003938,0.0132806036346878,0.0137373671205763,0.0075405694919473,0.970185365144451,0.0053195961221439,0.0014603716355011,0.9667502890561696,1,Transition,0.6773
2018-11-30,bist100,0.0030481631923524,0.0126644012899921,0.0137412181804158,0.0093098044543825,1.3271928670975852,0.0051222519381335,0.0006821921208301,0.9216359949834476,1,Transition,0.8568
2018-12-03,bist100,-0.0046378464362424,0.0119302835380574,0.0137406955767659,0.0195347988909636,1.1625093993675883,0.0021427389360041,-0.0005097432694435,0.86824451290736,1,Transition,0.9929
2018-12-04,bist100,-0.011585737404093,0.0118675452954483,0.0136417181719445,0.0215178835025571,1.1149486259558274,0.0007758849791086,-0.0004491897457261,0.8699450572036501,1,Transition,0.9955
2018-12-05,bist100,0.0009550547646978,0.0117050587760885,0.0136100011232323,0.0143684760635167,0.949532232881673,-0.0002144213165782,-0.0008039176407617,0.8600336377715588,1,Transition,0.9619
2018-12-06,bist100,-0.0122369500040191,0.0110524681216819,0.0137035615543453,0.0160654292030952,0.9334190276958824,-0.0048914631774608,-0.0003643503423811,0.8065398238151591,1,Transition,0.9986
2018-12-07,bist100,0.0093521088054013,0.0111345798887326,0.0134132533036173,0.0070193129140232,0.8126455528757458,-0.0036306740548511,0.0004611950654213,0.8301177676059971,1,Transition,0.9952
2018-12-10,bist100,-0.0158366725868031,0.0111878037894375,0.0135556625374661,0.01340391058077,0.6923682515354705,-0.0058704392849632,0.000425759465598,0.8253232742048418,1,Transition,0.9977
2018-12-11,bist100,-0.0046341467071869,0.0107854400172362,0.0135570664439237,0.0119171609018507,0.8500404349793449,-0.004480121145582,-0.0004919577066047,0.7955585422442316,1,Transition,0.9982
2018-12-12,bist100,-0.0192447671771547,0.0114348407080937,0.0137462544621294,0.0263152222728455,1.0740437478704956,-0.0085200855339525,-0.0017652815922117,0.831851377376756,1,Transition,0.9953
2018-12-13,bist100,0.0147204931221592,0.0120130696255936,0.0136778684573237,0.0110608083987609,0.780141243427259,-0.0031285969087168,-0.0010344025438871,0.878285214035766,1,Transition,0.9909
2018-12-14,bist100,-0.0094319697118576,0.012105617327869,0.0137121245757359,0.0205847751977851,0.8703310106054792,-0.0068854126121686,-0.0016770418535571,0.8828403841437035,1,Transition,0.9905
2018-12-17,bist100,-0.0062795324618221,0.0118151416372749,0.0134673497465169,0.0118094642343453,0.6644700227798598,-0.0049739845871724,-0.0024981766490475,0.8773175019331965,1,Transition,0.9854
2018-12-18,bist100,0.0122872210575526,0.0101732485981466,0.0133989506381715,0.0165482000404516,0.9050536505441392,-0.0015897110342245,-0.000335027540813,0.7592571144463053,1,Transition,0.9998
2018-12-19,bist100,0.0161047149399561,0.0105258800573351,0.0135888286206454,0.0161595209207431,1.0492136971744186,0.0054801853891976,-8.382712152618619e-05,0.7745980430824794,1,Transition,0.9995
2018-12-20,bist100,-0.0075767621977993,0.0106582792913101,0.0136139536593403,0.01190700216143,0.9738796234085614,0.0010207343252059,-0.0004199324097069,0.7828937543060936,1,Transition,0.9994
2018-12-21,bist100,7.289111860820905e-05,0.0106078224536128,0.0135112862218134,0.0142182998144966,0.9994128897999184,0.002921706491299,-0.0006180320593967,0.7851082627860306,1,Transition,0.9995
2018-12-24,bist100,-0.0036414773875159,0.0103087741046732,0.0135118751490224,0.0100528238552858,0.634941711519586,0.0034493175061603,-0.0013130918574927,0.7629417820234262,1,Transition,0.9998
2018-12-26,bist100,-0.0057492100953137,0.0103286841010297,0.0134189374050667,0.0077625194998618,0.4167105376407553,-0.0001579687244129,-0.0013629789812777,0.7697095372939043,1,Transition,0.9994
2018-12-27,bist100,-0.0003011240724692,0.010191086827651,0.0134155146565757,0.0126277806343436,0.6680536253975866,-0.003439136526898,-0.0016733644970577,0.759649337989114,1,Transition,0.9998
2018-12-28,bist100,-0.005947853003628,0.0097672118691476,0.0133814101252691,0.0153480758820319,0.6225450770598121,-0.0031133546880637,-0.0025281701122588,0.7299090139015677,1,Transition,0.9999
2018-12-31,bist100,0.0091929841401309,0.0100445642511123,0.0129712787771697,0.0111153241208852,0.6224511925988989,-0.0012893360837591,-0.0022209290648699,0.7743696225842699,1,Transition,0.9995
2019-01-02,bist100,-0.0267092574433561,0.0114396621382295,0.0133862035784994,0.0262838209795416,0.8065343699217034,-0.0059028920949272,-0.0033244996152256,0.8545859975268603,1,Transition,0.9873
2019-01-03,bist100,-0.0166345807845368,0.011684643986774,0.0134112757020011,0.024549603278802,1.0273060639684015,-0.0080799662327718,-0.0035769417842478,0.8712552218302821,1,Transition,0.9966
2019-01-04,bist100,0.0162496050815449,0.0124709008691761,0.0135671128746108,0.0138117039065859,0.997041396539277,-0.004769820401969,-0.0028122142684054,0.9192007897652168,1,Transition,0.9929
2019-01-07,bist100,0.0125327541587817,0.0127132535514737,0.0133555692165306,0.0105291192338461,1.0655863741671,-0.001073698969487,-0.0015737290602654,0.951906530179042,1,Transition,0.8639
2019-01-08,bist100,0.0082580502893346,0.0126660333285683,0.0133970025987357,0.0155871070761307,1.077653795619628,-0.0012606857396463,-0.0016284319860687,0.9454378496398655,1,Transition,0.7664
2019-01-09,bist100,0.0050579430707415,0.0122885138230057,0.0131427570259702,0.00908325352675,1.2238423406476044,0.0050927543631732,-0.0005837012031915,0.9350027394346144,1,Transition,0.7881
2019-01-10,bist100,0.000432177842283,0.012252789986942,0.0128469050944069,0.012622274181822,1.0996088020552497,0.0085061060885371,-0.000330384975718,0.9537542230522428,1,Transition,0.9073
2019-01-11,bist100,0.0053662189815355,0.011463669839097,0.0128756084684884,0.0083545257003799,1.008268194575286,0.0063294288685353,0.0009001643322164,0.890340046231834,1,Transition,0.7366
2019-01-14,bist100,0.0039926397547255,0.0110255835790164,0.0128654270141024,0.0180917470245189,1.0352517936295136,0.004621405987724,0.0003637716638447,0.8569932087703536,1,Transition,0.9832
2019-01-15,bist100,0.0120879514761413,0.0110692814978023,0.0128361439854756,0.0088523534741761,1.402086003156796,0.0053873862250854,0.0014397677232447,0.8623525499813219,1,Transition,0.9002
2019-01-16,bist100,0.02373793351656,0.0119662223161808,0.013154958028162,0.0253335804311337,1.736812748155124,0.0091233843142491,0.0029406410221638,0.9096359175425432,2,Stress/Bear,0.86
2019-01-17,bist100,0.0146276498268436,0.0120734000574263,0.0130667154044607,0.0226572403972922,1.8397833991432264,0.0119624787111612,0.0030576624606284,0.9239812518840538,2,Stress/Bear,0.9511
2019-01-18,bist100,0.0167718090042952,0.0121122008437009,0.0131174626549404,0.0164157124600104,1.4162630282444033,0.0142435967157131,0.0030910171638453,0.9233646142029756,1,Transition,0.9354
2019-01-21,bist100,-0.0050883183129441,0.012009192029813,0.0130853943492967,0.0223960590433173,1.5052134932654349,0.0124274051021792,0.0032154393580881,0.9177554538475576,1,Transition,0.7527
2019-01-22,bist100,0.0174256933396786,0.0123909833357445,0.0131909172856046,0.0182691100102877,1.5254324378315784,0.0134949534748866,0.0040830794691416,0.939357215837208,1,Transition,0.8317
2019-01-23,bist100,0.004643233133116,0.0122569122594521,0.0123302407832675,0.0142619491883164,1.380909376255208,0.0096760133981978,0.0044973149951732,0.9940529528089302,1,Transition,0.954
2019-01-24,bist100,0.0161784568098592,0.0122728256375231,0.0124281713439771,0.0143416222013668,1.3824330804836926,0.009986174794801,0.0055936983404318,0.9875005178031052,1,Transition,0.9598
2019-01-25,bist100,0.0002662376019611,0.0122591309581421,0.0124302729930723,0.0110048214368044,1.1363382543978906,0.0066850605143342,0.0056220664241534,0.9862318361772472,1,Transition,0.97
2019-01-28,bist100,-0.0050381352915481,0.0122155531379747,0.0121227600661697,0.0154704667298133,1.047904783778491,0.0066950971186133,0.0056675523097574,1.0076544509087475,1,Transition,0.9881
2019-01-29,bist100,0.0273509146215257,0.0131317795331772,0.0123811783113495,0.0290236659468161,1.2158585274691445,0.0086801413749828,0.0065754488338271,1.0606243770142258,2,Stress/Bear,0.838
2019-01-30,bist100,0.0008747657383127,0.0106697093126294,0.0121657697225134,0.0119321737298625,1.2568606806718037,0.0079264478960221,0.0079546499929105,0.8770270649529571,1,Transition,0.9936
2019-01-31,bist100,-0.0011073292109812,0.009257843500451,0.0120278148240913,0.0242270646455023,1.3851045619075144,0.004469290691854,0.0087310125715883,0.7697028625605203,1,Transition,0.9773
2019-02-01,bist100,-0.0109860156040642,0.0100618839774567,0.012104765394818,0.0167423613369222,1.0350386970146448,0.0022188400506489,0.0073692315373079,0.8312332911271522,1,Transition,0.9978
2019-02-04,bist100,-0.0066483889276507,0.0104504459221711,0.0117945558899189,0.0153127997531243,0.8037060181144134,0.0018967893234284,0.0064101743829862,0.8860397983363987,1,Transition,0.9971
2019-02-05,bist100,0.0018895346744947,0.0104881341924154,0.0117398077619763,0.020464036581111,1.0866968568200917,-0.0031954866659777,0.0060917486022442,0.8933821068505976,1,Transition,0.9935
2019-02-06,bist100,0.0013256580561695,0.0105405697078854,0.0115317798796712,0.0143170339688857,1.0225285601839753,-0.0031053082024063,0.0059051343515156,0.9140453440727616,1,Transition,0.9954
2019-02-07,bist100,0.0019447593134858,0.0105045992631889,0.0114272046029592,0.0096493832556216,0.978558714453721,-0.0024948904975129,0.0059807634250758,0.919262376773114,1,Transition,0.9905
2019-02-08,bist100,-0.0032382464127108,0.0107053752956749,0.0114292937887688,0.0060828343539307,0.7522587614090244,-0.0009453366592422,0.0055505401553635,0.9366611352833272,1,Transition,0.9341
2019-02-11,bist100,0.0187875916974903,0.0110960972131856,0.0116414493782324,0.013182812051821,0.876017981719226,0.0041418594657859,0.0062902877525017,0.9531542725198364,1,Transition,0.9888
2019-02-12,bist100,-0.0060743267350396,0.0113372266710091,0.0116845131961947,0.0155442608914471,0.9749758931937323,0.002549087183879,0.0053821738419427,0.9702780492987272,1,Transition,0.9847
2019-02-13,bist100,-0.0206103952726606,0.0118820131331535,0.0119793376668273,0.0276382947549953,1.044781461929739,-0.001838123481887,0.0031647574024816,0.9918756331626496,1,Transition,0.9015
2019-02-14,bist100,0.0047522362693455,0.0115819925624264,0.0112164069157721,0.0182807632154396,1.1138987821299928,-0.001276628090715,0.0026709867246067,1.03259382879023,1,Transition,0.5161
2019-02-15,bist100,0.0057116577465866,0.0111284477250501,0.011162380478508,0.0174445068245173,0.8873887846298463,0.0005133527411444,0.0021179791617213,0.9969600791226114,0,Calm/Bull,0.7844
2019-02-18,bist100,-0.0096506449934262,0.0113288956970754,0.0112539970397841,0.0137887740459368,0.8731791938136557,-0.0051742945970388,0.0018898628276972,1.0066552938503988,0,Calm/Bull,0.683
2019-02-19,bist100,0.0001337275087125,0.0107245538590452,0.0112507355917282,0.012441345901079,0.8254486385937934,-0.0039326837482884,0.0010252645361489,0.953231348440022,0,Calm/Bull,0.9331
2019-02-20,bist100,0.0022501654152915,0.010695373817378,0.0111923651046955,0.0090702703537443,0.7948520394573565,0.000639428389302,0.0009056111502576,0.9555955079495182,0,Calm/Bull,0.9858
2019-02-21,bist100,0.0051127571360805,0.0101352619941629,0.0111734551686749,0.0116896052446188,0.7760213251070632,0.000711532562649,0.0003523261665687,0.9070839629425864,0,Calm/Bull,0.965
2019-02-22,bist100,0.0067261643164902,0.0102348194311553,0.0111793985353533,0.0082967700659463,0.86479038466547,0.0009144338766297,0.0006753225022952,0.9155071624639805,0,Calm/Bull,0.9706
2019-02-25,bist100,0.0110296622075043,0.0103921506105229,0.0111776815088785,0.0121815765355353,1.2277131140979949,0.0050504953168158,0.0014787123772478,0.9297232706324986,0,Calm/Bull,0.8619
2019-02-26,bist100,0.0071838370133321,0.0085679363698118,0.0111998727301477,0.0108525543266634,1.0888805816618246,0.0064605172177397,0.0004703584968381,0.7650030117528723,1,Transition,0.891
2019-02-27,bist100,-0.0089979989197303,0.0088239918522324,0.0112550961117403,0.0110638778711424,1.1139475716325853,0.0042108843507354,-2.327973606399544e-05,0.7839996890855515,1,Transition,0.8158
2019-02-28,bist100,0.0037273438913407,0.0088588852901215,0.0111253866595356,0.0090080116369832,0.9793103408043377,0.0039338017017874,0.0002184539190521,0.7962766204200663,0,Calm/Bull,0.6385
2019-03-01,bist100,-0.0121591626550678,0.0089404861640694,0.0112699669672122,0.0181685679684096,1.0199419503521907,0.0001567363074758,0.0001597965665019,0.7933018960996058,1,Transition,0.8913
2019-03-04,bist100,0.0089338503380411,0.0089947525198827,0.0111611807425094,0.010958623250975,0.9810993278144408,-0.0002624260664168,0.0009389085297865,0.8058961437318721,0,Calm/Bull,0.7505
2019-03-05,bist100,-0.004450652551644,0.0090708894267818,0.0111477445955171,0.0132304944733586,1.4443742548353,-0.002589323979412,0.0006218991684795,0.8136972774232346,0,Calm/Bull,0.8869
2019-03-06,bist100,-0.0026807094352328,0.0090987247887841,0.0109242081550985,0.0145139417169715,1.1095489245804426,-0.0013258660825125,0.0004215807939094,0.8328955892823786,0,Calm/Bull,0.8854
2019-03-07,bist100,-0.0113759147388963,0.0094616619020969,0.0110268945079258,0.0188713281591395,1.089335642587073,-0.0043465178085599,-0.0002444529087096,0.858053180366973,0,Calm/Bull,0.5969
2019-03-08,bist100,-0.0073044899204741,0.0095724178304453,0.0107447566394897,0.0156601244281434,0.8296678143092672,-0.0033755832616412,-0.0004477650840978,0.890892009155811,0,Calm/Bull,0.9115
2019-03-11,bist100,-0.0067978402013251,0.00851804977216,0.0106718811761487,0.0167684404791747,0.7901151846369804,-0.0065219213695144,-0.0017270366790385,0.7981769691361921,1,Transition,0.5948
2019-03-12,bist100,0.008596539881428,0.0087524488371865,0.010608405070802,0.0113005618599468,0.8438539576451476,-0.0039124828829,-0.0009934933482152,0.8250485137748306,0,Calm/Bull,0.7666
2019-03-13,bist100,0.0046636242486834,0.0075069903828553,0.0105585993022978,0.0135944631930071,0.8920660956213932,-0.0024436161461168,0.000270207627852,0.7109835469579399,0,Calm/Bull,0.5327
2019-03-14,bist100,0.002303630834434,0.0074497955935309,0.0104740689801098,0.0075777519067872,0.9076923451524936,0.0002922929685492,0.0001477773561064,0.7112608870228057,0,Calm/Bull,0.7599
2019-03-15,bist100,0.0084750352944286,0.0075828555943157,0.0103449369313799,0.0071332459766925,1.1094003663294525,0.0034481980115298,0.0002859462334985,0.7330016262655209,0,Calm/Bull,0.7027
2019-03-18,bist100,0.0124158865987091,0.007665875503774,0.0103587281329781,0.0104948990780375,1.030981756669856,0.0072909433715366,0.0013892728131053,0.7400402255339521,1,Transition,0.6903
2019-03-19,bist100,0.0025483490880476,0.0076640749140631,0.0103551839717524,0.0169243707026691,1.2038577265590984,0.0060813052128606,0.001510003892072,0.7401196284846034,1,Transition,0.9367
2019-03-20,bist100,-0.0149051541238149,0.0084921547871851,0.0105630046600143,0.0185616971126629,1.3006783861427669,0.0021675495383609,0.0006522379151167,0.8039525741507729,1,Transition,0.8623
2019-03-21,bist100,0.0009442403491317,0.0084278278800882,0.0105148148008622,0.0165772609578754,1.0696870790814248,0.0018956714413004,0.0004438120757692,0.801519383812364,0,Calm/Bull,0.634
2019-03-22,bist100,-0.0351585483656223,0.0114475486556604,0.0115622042776834,0.0411019085550839,1.207161717926307,-0.0068310452907097,-0.0016504235583363,0.9900835844732244,2,Stress/Bear,0.9955
2019-03-25,bist100,-0.005115486608516,0.0110693265844919,0.011553552939892,0.0202828296781712,1.1030330040964595,-0.0103373199321548,-0.0024576809991373,0.9580885327726116,1,Transition,0.693
2019-03-26,bist100,-0.0197998927876888,0.0114695413253954,0.0118319656434205,0.0318983604861974,0.9948321909226864,-0.0148069683073021,-0.0038068674891884,0.9693690525355232,1,Transition,0.8453
2019-03-27,bist100,-0.058394110069003,0.0167493560020565,0.0136592314526469,0.0813731522592836,1.3425250705033098,-0.0235047594963397,-0.006276673046652,1.2262297523928938,2,Stress/Bear,1.0
2019-03-28,bist100,0.0028829869777968,0.0167238577977169,0.0134741589450459,0.0322134697682553,1.3317958959818967,-0.0231170101706066,-0.0063188908923292,1.2411800889335496,2,Stress/Bear,0.9993
2019-03-29,bist100,0.0179010061102804,0.0175039468066208,0.0135077375249314,0.0249787169598739,0.8375341246089347,-0.0125050992754261,-0.0048158824540618,1.2958459382493537,2,Stress/Bear,0.6696
2019-04-01,bist100,0.003375503107651,0.0173172773579344,0.0134256074700074,0.0345692793404886,1.0478572450391703,-0.0108069013321927,-0.0050937998155813,1.289869184438833,2,Stress/Bear,0.6958
2019-04-02,bist100,-0.0060564516033494,0.0173178610829406,0.0134171415269692,0.0237339424193419,0.8292534655118567,-0.0080582130953248,-0.0051740897681666,1.2907265715376692,1,Transition,0.9494
2019-04-03,bist100,0.00966097976571,0.0176284823588452,0.0134566697595399,0.0089982982131367,0.7337599459830623,0.0055528048716177,-0.0045570053081194,1.3100182046414357,1,Transition,0.8358
2019-04-04,bist100,0.0404230096845306,0.0201925627392454,0.0144056443415138,0.0410793999515747,1.0143701580115194,0.0130608094129645,-0.0019670590869481,1.401711874911071,2,Stress/Bear,1.0
2019-04-05,bist100,0.0045301636158999,0.020201322251305,0.014402005533461,0.0181397905389734,0.9731479058393884,0.0103866409140884,-0.0013753264101294,1.402674245914577,1,Transition,0.8672
2019-04-08,bist100,-0.0184422688778843,0.020530942279427,0.0146189947119687,0.0241426042340029,0.7354611824454482,0.0060230865169813,-0.0019575478439573,1.4044017857546798,2,Stress/Bear,0.6508
2019-04-09,bist100,0.0118599039651378,0.0206319539553099,0.0146160576954003,0.0127518261608444,0.8586131296018031,0.0096063576306788,-0.0017943796397718,1.4115949995054204,1,Transition,0.8422
2019-04-10,bist100,-0.0114815338560779,0.0206817677045855,0.0143873150879553,0.0159109986162817,0.8102285232517535,0.0053778549063212,-0.0026016375450099,1.4375001574755095,1,Transition,0.8286
2019-04-11,bist100,-0.0097573838710894,0.0207070347011333,0.0143193423409629,0.0157079348605852,0.7037591649707099,-0.0046582238048027,-0.0032046882802861,1.446088389261935,1,Transition,0.9165
2019-04-12,bist100,-0.001001739398147,0.020533401561758,0.014146594746345,0.0118779585514713,0.5969046773934995,-0.0057646044076121,-0.0036785270149149,1.4514730880421274,1,Transition,0.8385
2019-04-15,bist100,-0.0082137998091142,0.0201977726311315,0.0141697931975452,0.0140738164127307,0.5384184785308975,-0.0037189105938581,-0.004710011335306,1.425410544074175,1,Transition,0.8491
2019-04-16,bist100,0.0168472738523907,0.0207146784368202,0.0141575983215883,0.014721863920813,0.7718438915338617,-0.0027214366164075,-0.0039950650970889,1.463149184366482,1,Transition,0.8143
2019-04-17,bist100,0.0142988036148741,0.0209332927786484,0.0142713158685093,0.0138927017556204,0.8754813634306419,0.0024346308777828,-0.0025348672101544,1.4668088753356792,1,Transition,0.9025
2019-04-18,bist100,-0.0134986120606415,0.0210557179345242,0.0142037343938889,0.013298076075042,0.8418903191479286,0.0016863852398724,-0.0032570098306431,1.482407186069552,1,Transition,0.8062
2019-04-19,bist100,-0.0002590767607516,0.0196735230608692,0.0142032151954797,0.0057360926062315,0.0,0.0018349177673514,-0.0015120362503995,1.385145742713972,2,Stress/Bear,0.9955
2019-04-22,bist100,-0.0094246716795922,0.0197385532105353,0.0142364985974641,0.0057612120077165,0.5950669930471505,0.0015927433932559,-0.0017274955039534,1.3864752681569656,1,Transition,0.6987
2019-04-24,bist100,0.0019718696994529,0.0192845349155806,0.0137516007107249,0.0074452823140693,0.9456517847881464,-0.0013823374373316,-0.0006389073795963,1.402348375381531,1,Transition,0.7744
2019-04-25,bist100,-0.0172443601744228,0.014366234133335,0.0139006127909006,0.0271476562778539,1.0702359981753575,-0.007690970195191,0.0014185801151326,1.033496461590465,1,Transition,0.9413
2019-04-26,bist100,0.0030071866760557,0.0143669272845106,0.0139133636640417,0.01159075935814,0.8821951796238723,-0.0043898104478515,0.0014247901000456,1.0325991350058,1,Transition,0.9338
2019-04-29,bist100,-0.0026199224276876,0.0138518514293273,0.0138590987548163,0.0092791132339123,1.0021558881779402,-0.0048619795812387,0.0003987436731472,0.9994770709396572,1,Transition,0.8926
2019-04-30,bist100,0.0092708700725161,0.0139806590743595,0.0139095804147045,0.0104186650012803,1.2511679046866622,-0.0011228712308171,0.0006935120213904,1.005110050593608,1,Transition,0.7635
2019-05-02,bist100,-0.013040617366603,0.0142428987060336,0.0139875421580063,0.0226250076878104,1.1202613286654373,-0.0041253686440283,0.0003443037332278,1.0182559984551045,1,Transition,0.9659
2019-05-03,bist100,-0.0024802819564399,0.014082744999448,0.0139835891515578,0.0097949934794247,0.8678371916339969,-0.0011725530004317,-0.0002627593528796,1.0070908725088752,1,Transition,0.6336
2019-05-06,bist100,-0.0103120512168593,0.0104757981035956,0.0140223908024786,0.016508645483673,1.0831448314878178,-0.0038364005790147,-0.0027995123979491,0.7470764615791415,1,Transition,0.9997
2019-05-07,bist100,-0.0162614603066989,0.0107384941657317,0.0141473090651851,0.0134289067161413,1.1971301721722944,-0.006564708154817,-0.0038390935940791,0.7590485311555022,1,Transition,0.9971
2019-05-08,bist100,-0.0133181132620826,0.0104283927180602,0.0139579644427217,0.0206731264298818,1.219831827359526,-0.0110825048217367,-0.003582885813289,0.7471284771396608,1,Transition,0.9973
2019-05-09,bist100,-0.0177286352902992,0.0102189826157573,0.0140901095050758,0.0231041220914671,1.0586343683796269,-0.012020108406476,-0.0050623127760608,0.7252592758115922,1,Transition,0.9988
2019-05-10,bist100,-0.0017210686250313,0.0101289545557283,0.0138908721122909,0.0173946164953549,1.0728531081494557,-0.0118682657401942,-0.0045742895145085,0.7291806067932972,1,Transition,0.9992
2019-05-13,bist100,-0.0257530506250054,0.0111407291521018,0.0141834882779838,0.0381782555026191,1.3719556476103574,-0.0149564656218235,-0.0053740728522043,0.7854717354259692,2,Stress/Bear,0.8993
2019-05-14,bist100,0.0199701678764464,0.0124803493294374,0.0144457180183281,0.0224783735779572,1.2668813229295728,-0.0077101399851944,-0.0043254774884746,0.8639480096179919,1,Transition,0.8901
2019-05-15,bist100,-0.0073259620840608,0.0124673631046041,0.0144295209618372,0.0237193487241037,1.0371511715546673,-0.00651170974959,-0.004281085602222,0.864017810263936,1,Transition,0.9977
2019-05-16,bist100,-0.0020219740392207,0.0114573839644545,0.0144254492856971,0.0165372158748705,1.0800664296933564,-0.0033703774993743,-0.0052245479968025,0.7942479806028991,1,Transition,0.999
2019-05-17,bist100,-0.0046873229434556,0.0105012906509783,0.0144139588429612,0.0111398972110736,1.0323652149628104,-0.0039636283630592,-0.006173854324719,0.7285500649328175,1,Transition,0.9992
2019-05-20,bist100,-0.0002834319022492,0.0104316773452797,0.0143812744440749,0.0068663548051822,0.9371335817861162,0.0011302953814919,-0.0055130953167994,0.7253652926133809,1,Transition,0.9992
2019-05-21,bist100,-0.0169912746866778,0.0106566596938317,0.01444151081271,0.0255201186573619,1.0149232347415893,-0.0062619931311328,-0.0063497052130957,0.7379186175211501,1,Transition,0.997
2019-05-22,bist100,-0.0193432110178303,0.0110314870495657,0.0144676144223743,0.022766681975023,0.937079171204172,-0.0086654429178867,-0.0068456321800076,0.762495234356356,1,Transition,0.9981
2019-05-23,bist100,0.0109454834212499,0.0115779499861445,0.0145235186737449,0.0139072638879459,0.8756558389351029,-0.0060719514257926,-0.0063969514939178,0.7971862911619831,1,Transition,0.9986
2019-05-24,bist100,0.0172983685765289,0.012420423555013,0.0147532533337463,0.0175481355106019,1.1236449824727173,-0.0016748131217956,-0.0046698150563702,0.8418769253153693,1,Transition,0.993
2019-05-27,bist100,-0.0061404230499679,0.0122905909637343,0.0147299763102235,0.0191186530746555,0.75047991098364,-0.0028462113513394,-0.0051271955426714,0.8343931249369255,1,Transition,0.999
2019-05-28,bist100,0.014301324412134,0.0130323048774335,0.0148570317764242,0.0187757159857238,1.0511416371940594,0.0034123084684229,-0.0042811332006803,0.8771809250696874,1,Transition,0.9936
2019-05-29,bist100,0.0046986107890386,0.012820444547686,0.0148098438381134,0.0138852340017978,0.8802517297009151,0.0082206728297967,-0.0045097461648542,0.8656704748427094,1,Transition,0.9913
2019-05-30,bist100,0.0318914321785757,0.014998662637081,0.0154764295844868,0.0219906216835307,1.143657676386148,0.0124098625812618,-0.0022631436875952,0.969129381890202,2,Stress/Bear,0.5273
2019-05-31,bist100,0.0064018744097328,0.0151228800021549,0.0155176463128394,0.0178233094061859,0.8912559457903855,0.0102305637479026,-0.0018190358692866,0.9745601682931896,1,Transition,0.9783
2019-06-03,bist100,-0.0026981949242263,0.0149931064198105,0.0154711671055993,0.011590010203927,0.3143602142850455,0.0109190093730509,-0.0014383430546549,0.9690998951452258,2,Stress/Bear,0.6003
2019-06-07,bist100,0.0376195624088351,0.0169079683890902,0.0162794123303517,0.0374528915877516,0.9229195412350076,0.0155826569723912,0.0012557080811217,1.038610488264774,2,Stress/Bear,1.0
2019-06-10,bist100,0.0031291427451876,0.0165581851015258,0.0162732357373223,0.0152418929585796,1.2897410355599457,0.015268763363621,0.0020780708814852,1.0175103076488976,1,Transition,0.7551
2019-06-11,bist100,-0.0136685595657395,0.0163258318617638,0.0163009552722478,0.0208456277474419,1.1848020017913123,0.0061567650147579,0.0022810746677132,1.0015260816989242,1,Transition,0.9413
2019-06-12,bist100,-0.0023706338089945,0.016334856301888,0.016280973544696,0.0130910266724156,1.0395984441658277,0.0044022633710124,0.002248596408515,1.003309553758814,1,Transition,0.9863
2019-06-13,bist100,-0.022985370569873,0.0160951135570877,0.0165029150027714,0.0184682884120765,1.0041842771912324,0.0003448282418831,0.0023869804112716,0.9752891264594628,1,Transition,0.9648
2019-06-14,bist100,0.0031496735872577,0.015558493527287,0.0164595370631234,0.0143038441118849,0.9191740119637464,-0.0065491495224323,0.0015459556968122,0.9452570547773668,1,Transition,0.993
2019-06-17,bist100,0.0159840194288645,0.0157310398713525,0.0165194029835916,0.0235600772707548,1.0976137809092794,-0.0039781741856969,0.0027114547724585,0.9522765372924084,1,Transition,0.9334
2019-06-18,bist100,0.0211185696211181,0.0162083295414154,0.0167797522570293,0.0230188945701512,1.206075764357783,0.0029792516516745,0.0038684819554754,0.9659457000996828,1,Transition,0.9068
2019-06-19,bist100,0.0002695159329473,0.0161082052159756,0.0166927623976814,0.0154631173332128,1.2744803918983374,0.0035072816000629,0.0041163238992955,0.9649813992567794,1,Transition,0.9642
2019-06-20,bist100,-0.0009171433447135,0.0161179355674833,0.016689814044894,0.0203542348222394,1.573866783550037,0.0079209270450948,0.0040846383271723,0.96573488021662,2,Stress/Bear,0.5728
2019-06-21,bist100,-0.0014390597376007,0.0154070944930636,0.0160965143503545,0.014388168364998,0.9686540962268332,0.0070031803801231,0.0048622490746262,0.9571696180747524,1,Transition,0.9935
2019-06-24,bist100,0.0122641028889778,0.0143804045778439,0.0161773684902181,0.0138082895009033,1.059818619361902,0.0062591970721458,0.0064426147699666,0.8889211237624475,1,Transition,0.9938
2019-06-25,bist100,0.0025036255812039,0.0143651648133434,0.0159864073893571,0.0144130216052364,1.0600321507436186,0.0025362082641629,0.0060205218779643,0.8985861840920527,1,Transition,0.9946
2019-06-26,bist100,-0.00620121373425,0.014355213098485,0.0140801930188825,0.0140092122950915,0.8710996792625827,0.0012420623307234,0.0048455427624253,1.0195324083436657,1,Transition,0.9926
2019-06-27,bist100,0.007792914322412,0.0141303320233653,0.0141083313393822,0.0076758389982662,0.978266423337676,0.0029840738641486,0.0055422096310443,1.0015594107803285,1,Transition,0.989
2019-06-28,bist100,0.0094992617170273,0.0140139827876469,0.0139749014038969,0.0115883231271525,0.8562723898709368,0.0051717381550742,0.005302106496289,1.0027965409286568,1,Transition,0.9887
2019-07-01,bist100,0.0331329778206992,0.0153300703607741,0.0145939685905837,0.0160033805347534,1.4933338122026596,0.0093455131414185,0.006723824847872,1.05043876623562,2,Stress/Bear,0.752
2019-07-02,bist100,0.0046545213987567,0.014140258280657,0.0145720658188548,0.0116037521216774,1.2927946611958756,0.009775692304929,0.0053619793088811,0.9703674452499976,1,Transition,0.9733
2019-07-03,bist100,-0.0083953358669021,0.0144663414209758,0.0145797173161987,0.0136680901867533,1.0541100689978606,0.0093368678783986,0.0046221187950493,0.9922237247290894,1,Transition,0.985
2019-07-04,bist100,0.0001902200314678,0.0144036969572888,0.0136224490583448,0.0149061328549194,0.8393022538412713,0.0078163290202098,0.0047665395428341,1.0573500326995435,1,Transition,0.9851
2019-07-05,bist100,0.0025384310322565,0.0121524792832762,0.0136140836311109,0.0118994768403166,1.0768701893938046,0.0064241628832556,0.0030124829740051,0.8926402696326411,1,Transition,0.9548
2019-07-08,bist100,-0.0094731938865379,0.012468718489449,0.0134548653906717,0.0122519444448567,0.9890343340462068,-0.0020970714581917,0.0023823661424188,0.9267070407180388,1,Transition,0.8762
2019-07-09,bist100,-0.0192756065524014,0.0129040456548337,0.0136007980700935,0.0240799981691474,1.1301548835089628,-0.0068830970484234,0.0021020137930857,0.9487712109488748,1,Transition,0.9776
2019-07-10,bist100,0.0181594729239955,0.0133387773526813,0.013722825468375,0.0246295689794472,1.1028833870676555,-0.0015721352902439,0.0031285191297353,0.9720139182285183,1,Transition,0.9593
2019-07-11,bist100,0.0082943769116407,0.0118685040188814,0.0136971714406269,0.007987457710019,0.8695411090700598,4.869608579067298e-05,0.0046925065038109,0.8664930617483898,1,Transition,0.996
2019-07-12,bist100,-0.0234926859910049,0.0134416875930705,0.0140442284681312,0.0310552829584635,1.001406925185096,-0.0051575273188616,0.0033603885248978,0.9570969045093556,1,Transition,0.6625
2019-07-16,bist100,0.0095343754133536,0.0131980510984474,0.0140510544901072,0.0114192202381635,0.7744042083354874,-0.0013560134588833,0.0030379063241223,0.9392925710835128,1,Transition,0.9631
2019-07-17,bist100,0.0179720640122176,0.0129882662812563,0.0140739801787598,0.0188455825502208,0.9265156828062976,0.0060935206540405,0.0028805810436772,0.9228566557780128,1,Transition,0.994
2019-07-18,bist100,0.0174815264552892,0.0133707525266568,0.0141327139312889,0.0241863017024393,1.0713588187166172,0.0059579313602992,0.0037411815697943,0.9460852736185992,1,Transition,0.9755
2019-07-19,bist100,0.0027814353029334,0.0133284432445485,0.0140139856432339,0.0119461488436068,1.132899512912888,0.0048553430385577,0.0039261105021767,0.9510815540890536,1,Transition,0.9548
2019-07-22,bist100,-0.0074948990913473,0.0135240941637694,0.0140546138033386,0.0128619933783291,0.8068066750631108,0.0080549004184893,0.0036233185344893,0.9622529905842616,1,Transition,0.9833
2019-07-23,bist100,0.0144125365074918,0.0136046327595401,0.0141000556236707,0.0178527069251534,1.009394984288123,0.0090305326373169,0.003730740215415,0.9648637652677778,1,Transition,0.9927
2019-07-24,bist100,0.0087480595265221,0.0136465778492097,0.0141341782472579,0.0163160014239231,0.9841448334569228,0.0071857317401778,0.0040429619126809,0.9655020341813808,1,Transition,0.9915
2019-07-25,bist100,-0.0137450745497631,0.0140431258096363,0.0140637327941281,0.0249821699478509,1.2624792505280589,0.0009404115391673,0.0036657688719053,0.9985347428884308,1,Transition,0.9479
2019-07-26,bist100,0.0077331821654219,0.01404220819817,0.0140867828704119,0.0166564819384885,0.8253091795045655,0.001930760911665,0.0036627822640558,0.9968357095688928,1,Transition,0.9788
2019-07-29,bist100,0.0051976546773343,0.0139809169948074,0.0140855078590144,0.0096950041442895,0.7294861461301079,0.0044692716654014,0.0034477019120711,0.9925745762769844,1,Transition,0.7995
2019-07-30,bist100,-0.0066680424567183,0.0122598217938137,0.0140865688275906,0.0154169638611507,0.9119724515610091,0.0002531558725593,0.0014576508982003,0.8703199440449298,1,Transition,0.9819
2019-07-31,bist100,-0.0058953750078523,0.0123417207944042,0.013993830620463,0.0149546418474547,0.9082993615993364,-0.0026755310343155,0.0009301560778698,0.8819401298424369,1,Transition,0.9572
2019-08-01,bist100,-0.0017864561821769,0.0121661192376695,0.0139909040804416,0.0107007044396324,0.8463832415515898,-0.0002838073607982,0.0012606000621061,0.8695734862964997,1,Transition,0.9508
2019-08-02,bist100,-0.0220358293654529,0.0132370149597975,0.0142363155584657,0.0208379129609697,0.7936745323362822,-0.0062376096669732,0.00014929759226,0.9298062343052044,1,Transition,0.9937
2019-08-05,bist100,-0.0101446706588397,0.0134190899099348,0.0141309631739258,0.0149626262182024,0.7970936255475985,-0.009306074734208,-0.0004848574922947,0.9496231604860076,1,Transition,0.988
2019-08-06,bist100,0.0091851369248267,0.0134098931305156,0.0140357651839629,0.0124026989180925,0.7934150659358343,-0.006135438857899,0.0004480590482734,0.9554087685819672,1,Transition,0.9734
2019-08-07,bist100,-0.0154556264284685,0.0131386413947034,0.013985590215271,0.025035710079716,1.0303007423530042,-0.0080474891420222,0.0006390580544701,0.9394413244252784,1,Transition,0.989
2019-08-08,bist100,0.0116798725236367,0.012758257268692,0.014037361698893,0.0149161126315695,0.9807160556820412,-0.0053542234008595,0.0003150780344521,0.9088785729371184,1,Transition,0.9852
2019-08-09,bist100,0.0019786941350619,0.0126278586292799,0.0135599395640167,0.0110377173535094,0.8739449037455362,-0.0005513187007565,-7.061043767389715e-07,0.931262161579968,1,Transition,0.5559
2019-08-15,bist100,-0.0288442231956997,0.0131957666045264,0.0139443673549351,0.020947813266074,0.9982906818708992,-0.0042912292081285,-0.0002682829646114,0.9463151872470033,1,Transition,0.984
2019-08-16,bist100,-0.0087826094614816,0.0131150032947736,0.0139613331843696,0.0192282974927395,0.973362207459242,-0.0078847784853902,-0.0011841322083532,0.9393804389294628,1,Transition,0.9588
2019-08-19,bist100,-0.0046906115714141,0.0123282273828646,0.0139770558705564,0.0171358389219097,0.939601272883725,-0.0057317755139793,-0.0023172659875348,0.8820332047777583,1,Transition,0.9895
2019-08-20,bist100,0.0077944269903159,0.0116828276487796,0.0139766361730091,0.0132123476850775,0.9949027754306464,-0.0065088646206435,-0.0028016209607834,0.8358826475959106,1,Transition,0.999
2019-08-21,bist100,-0.0053217646295752,0.0116193538409911,0.0140037737537871,0.0124746825260005,0.997948413798678,-0.0079689563735709,-0.0032067809574089,0.8297301888249103,1,Transition,0.9992
2019-08-22,bist100,-0.00133985276423,0.0115812496461087,0.0137957977733126,0.0185316645278422,1.0009704077590007,-0.002468082287277,-0.002899028641053,0.8394766171849881,1,Transition,0.9989
2019-08-23,bist100,0.0182281080913092,0.011908243967133,0.0136690708784867,0.0219581715127807,1.0155206290909091,0.0029340612232811,-0.0027082500618621,0.871181667941673,1,Transition,0.9933
2019-08-26,bist100,-0.0004911109798666,0.0116160500940817,0.0136288210283701,0.0185292054625959,0.9480191947590332,0.0037739613415906,-0.0031702085871816,0.8523151100085233,1,Transition,0.9986
2019-08-27,bist100,-0.0110889175717181,0.0115034209541902,0.0135919312736846,0.0149192610900244,1.1455173406078536,-2.7075708161548166e-06,-0.0030374007382793,0.8463419011293855,1,Transition,0.9976
2019-08-28,bist100,-0.001272295428839,0.01123270691627,0.0135580665717,0.0136088925550809,1.1704316992591592,0.000807186269331,-0.0034876746179924,0.8284888451363914,1,Transition,0.9983
2019-08-29,bist100,0.0084111231099501,0.0113854258457756,0.0134879359893299,0.0152443397580818,1.1014752329953668,0.0027573814441671,-0.0033270011963616,0.8441192080673044,1,Transition,0.9985
2019-09-02,bist100,0.0166556979781542,0.012191188315435,0.0136190704808709,0.0192500615674273,1.2776273029132303,0.0024428994215361,-0.0021608141746179,0.8951556813336543,1,Transition,0.988
2019-09-03,bist100,0.0049013226464063,0.012255986241222,0.0130490706158226,0.0153594009529149,1.638140475255873,0.0035213861467907,-0.001620979291905,0.9392229226165052,2,Stress/Bear,0.5543
2019-09-04,bist100,0.0125831895799467,0.0126603015490151,0.0131122164454788,0.0095136732828509,1.5567881549982163,0.0082558075771236,-0.0009024970037988,0.96553482026911,2,Stress/Bear,0.6601
2019-09-05,bist100,0.0020054148333785,0.0116490808635413,0.0130997729356661,0.0105825938009411,1.5024375696726835,0.0089113496295672,0.0002995652061426,0.8892582276617065,1,Transition,0.8335
2019-09-06,bist100,-0.0129567422897042,0.0117977983062393,0.0123580088014038,0.0148130851436544,1.1856956471235178,0.0046377765496363,0.0001589616245994,0.9546682233224452,1,Transition,0.7431
2019-09-09,bist100,0.0162083911372015,0.0121789699995791,0.0125124657258094,0.0132101877348323,1.1996554170243456,0.0045483151814457,0.0005101243352182,0.9733469218986632,1,Transition,0.539
2019-09-10,bist100,0.006024272377737,0.0116317402040432,0.0123756789941933,0.0106103770969075,1.2873749195837536,0.0047729051277119,0.0015841192755284,0.939887032420666,0,Calm/Bull,0.7329
2019-09-11,bist100,0.0069834922768954,0.0114633889062501,0.0123857538994973,0.0081935611830374,1.117330380482777,0.0036529656671016,0.0013493002631914,0.9255301695212452,0,Calm/Bull,0.7764
2019-09-12,bist100,0.0051387473864031,0.0114942569072077,0.0119646653285978,0.0123273475478758,1.2330013645702491,0.0042796321777065,0.0015073029257584,0.9606835286678842,0,Calm/Bull,0.8618
2019-09-13,bist100,0.0060773403546689,0.0090290036149269,0.0119751234130925,0.0092091083930225,0.9842604467351151,0.0080864487065812,0.0032533811032769,0.7539800053380173,1,Transition,0.984
2019-09-16,bist100,-0.0046883636748397,0.0087848653289459,0.0118662258018771,0.0104719087807468,1.0204341645173298,0.0039070977441729,0.003458093392609,0.7403251442894583,1,Transition,0.9683
2019-09-17,bist100,-0.0111970145504461,0.009212569932184,0.0117054551786802,0.0166254197838475,1.1685176645458135,0.0004628403585363,0.0031327732436574,0.7870321821370405,1,Transition,0.9698
2019-09-18,bist100,0.0047468377556769,0.0091564393474305,0.011713483838118,0.0146620935310777,1.016144013269528,1.5509454292630085e-05,0.0029803937819254,0.7817007710066262,1,Transition,0.8926
2019-09-19,bist100,-0.0157348118822438,0.0099177638609997,0.0119156237951298,0.0210467861947943,1.023374701117283,-0.0041592023994367,0.002459741419292,0.8323327449338688,1,Transition,0.9946
2019-09-20,bist100,-0.0010180720830539,0.0099115346246731,0.0119142513482059,0.0102886895414357,1.0963537961373964,-0.0055782848869813,0.0024758304533508,0.831905785348874,1,Transition,0.8349
2019-09-23,bist100,-0.002157270093395,0.0092311972235232,0.0118296953316819,0.011328709103096,0.8827640996852002,-0.0050720661706924,0.0014565615441156,0.7803410793514278,1,Transition,0.8392
2019-09-24,bist100,0.0180935400892899,0.0099334925365385,0.0120365626830138,0.0084480233040983,1.0786741774181978,0.0007860447572548,0.0023857940975734,0.8252765177351531,1,Transition,0.8911
2019-09-25,bist100,0.0075464959536342,0.0094660397507962,0.0120263349072836,0.0103568044266939,1.024587971914441,0.0013459763968462,0.003317564773841,0.7871092750845686,1,Transition,0.8781
2019-09-26,bist100,-0.0066298279423916,0.0096762348869157,0.0120388003435791,0.0118285982177979,0.8802557447179469,0.0031669731848167,0.0030496881481634,0.80375407937358,1,Transition,0.8796
2019-09-27,bist100,0.0310214243872886,0.0114870010454327,0.0126015422307534,0.0288250366669599,1.288696539092558,0.0095748724788852,0.0041802032120303,0.911555175952932,2,Stress/Bear,0.6112
2019-09-30,bist100,-0.0011342598231711,0.0111540742735604,0.011897377667778,0.0082097733714834,1.0844365290266806,0.00977947453293,0.003290705321964,0.9375237623807888,1,Transition,0.6465
2019-10-01,bist100,-0.0110708389307885,0.0115957307320354,0.0119853104087556,0.0202963126265787,1.143173304791776,0.0039465987289143,0.0024920972431043,0.9674952367995716,1,Transition,0.9666
2019-10-02,bist100,-0.0035431292255329,0.0114163994670958,0.0119398671334893,0.0121942173228881,1.0265851651544164,0.0017286736930808,0.0016857813028303,0.9561579990345688,0,Calm/Bull,0.9035
2019-10-03,bist100,-0.0070279399730485,0.0115806009683634,0.011981191464075,0.0263223058784126,1.029653205616866,0.0016490512869494,0.001234113562509,0.9665650534913196,1,Transition,0.9837
2019-10-04,bist100,0.006586303300968,0.0111361551302407,0.012003889911454,0.0101610666276531,0.9541472384700868,-0.0032379729303146,0.0022112658420426,0.927712200993666,0,Calm/Bull,0.5846
2019-10-07,bist100,-0.0045559539151571,0.0107227817385821,0.0119504207352044,0.0252881361235619,1.304038691772459,-0.0039223117487118,0.0011730485894246,0.8972723200442734,1,Transition,0.9685
2019-10-08,bist100,-0.0110705062092181,0.0109936383641879,0.0117633212235274,0.0212146791279931,1.3665961247698757,-0.0039222452043977,0.0003183096600769,0.934569256019286,0,Calm/Bull,0.5196
2019-10-09,bist100,-0.0219414618944355,0.0119331068148135,0.0119014112010308,0.0299002422830912,1.160191002719222,-0.0076019117381782,-0.0011279380484896,1.0026631811343432,1,Transition,0.8976
2019-10-10,bist100,-0.0087517646568359,0.0119533870918715,0.0119078536474257,0.0278275059556929,1.1226595369093093,-0.0079466766749357,-0.0018224636506515,1.003823816263948,1,Transition,0.9505
2019-10-11,bist100,0.0025014265378393,0.0118553464764407,0.0115087179858372,0.0101699706045669,0.8193384690250662,-0.0087636520275614,-0.002001259341493,1.030118775264984,1,Transition,0.6164
2019-10-14,bist100,-0.0523037410368423,0.0163517156485972,0.0132997950905188,0.0499261227116988,1.1753065443424182,-0.0183132094518985,-0.0043820282095931,1.2294712465347772,2,Stress/Bear,1.0
2019-10-15,bist100,0.0134878784462412,0.0167373138389841,0.0132053398866773,0.011369250131448,0.8170125335521556,-0.0134015325208066,-0.0031477835597588,1.2674655845753884,2,Stress/Bear,0.6431
2019-10-16,bist100,-0.0118314850693099,0.0167362754505181,0.0130598109900931,0.0137683385011448,0.62301107668057,-0.0113795371557815,-0.0039766997010081,1.2815097755406952,1,Transition,0.8871
2019-10-17,bist100,0.0080303764963327,0.0167011390581687,0.013104884948023,0.0216912315902965,0.6201744544925243,-0.0080231089251478,-0.0027884402820793,1.2744208838466964,1,Transition,0.813
2019-10-18,bist100,0.0364125992497823,0.0188668009866992,0.0139451739267598,0.0074013861210646,0.7551086227369963,-0.0012408743827592,-0.0009169067154375,1.3529269040162484,2,Stress/Bear,0.8857
2019-10-21,bist100,-0.0111506836913797,0.0190045908933374,0.0138738210034709,0.0139174872075025,0.6794869343173423,0.0069897370863333,-0.0013665773953367,1.3698166416146509,1,Transition,0.7737
2019-10-22,bist100,0.0057620586609596,0.018534225855564,0.0138440489080475,0.0112324625663042,0.7551443687481849,0.0054445731292769,-0.0019831514667532,1.3387865052102064,1,Transition,0.9444
2019-10-23,bist100,0.0192122073799693,0.0190269305663625,0.0139798221126348,0.0121641938940785,1.0259606966600352,0.0116533116191328,-0.0013998658954365,1.3610280884165276,1,Transition,0.7752
2019-10-24,bist100,0.005600385686015,0.0190465216629505,0.0139615601135057,0.0118221814665897,1.3182176468848494,0.0111673134570693,-0.0007883552140161,1.3642115571687363,2,Stress/Bear,0.583
2019-10-25,bist100,-0.001292398517338,0.0175151251712403,0.0139425158459819,0.0062834583345868,0.7124392898604476,0.0036263139036452,-0.0024040463592475,1.256238498469269,1,Transition,0.9319
2019-10-28,bist100,-0.0037759769586552,0.0175150063295679,0.0139258794844427,0.0070534350771698,0.382364568543997,0.0051012552501901,-0.0025361322160217,1.257730712744913,1,Transition,0.5996
2019-10-30,bist100,-0.0115480006227288,0.0175275642422833,0.0139822199919344,0.0117659602324384,1.020075052032431,0.0016392433934524,-0.0025599903006187,1.2535608975108403,1,Transition,0.9306
2019-10-31,bist100,-0.0022671866135078,0.0175261194964245,0.0139830706809672,0.0104521213143773,0.8060359373091688,-0.0026566354052429,-0.0024961931700174,1.253381313467845,1,Transition,0.9764
2019-11-01,bist100,-5.888727353501883e-05,0.0175005379971827,0.0136961716367342,0.0115272442554237,0.7863010672633295,-0.0037884899971529,-0.0021477405350418,1.2777685955865878,1,Transition,0.9739
2019-11-04,bist100,0.0163700064396649,0.017889934192107,0.0137973971990732,0.0129546981034251,0.9084699437938152,-0.0002560090057524,-0.0016585553781069,1.2966165961583442,1,Transition,0.9534
2019-11-05,bist100,0.0043616594698848,0.0179250149228004,0.0137583749875663,0.0084178618817827,1.087009203080127,0.0013715182799556,-0.0012126747088548,1.3028438997337592,1,Transition,0.863
2019-11-06,bist100,0.006132833592386,0.0178396349752709,0.013624800460139,0.012164950767882,1.134060086469811,0.0049076851229785,-0.0003525077187746,1.3093501829595853,1,Transition,0.9369
2019-11-07,bist100,0.0234581926941974,0.0178364042648535,0.0138709921621151,0.0167281632649211,1.279750978892278,0.0100527609845196,0.0019174750106569,1.2858780436462862,1,Transition,0.8131
2019-11-08,bist100,-0.0037852523292196,0.0177141990871462,0.0138820326132447,0.0096652590185041,1.2630112171630783,0.0093074879733827,0.0021658006270378,1.276052259828666,1,Transition,0.639
2019-11-11,bist100,-0.0003363773821362,0.0177227325476649,0.0133336239205824,0.0142768392206712,1.0295097244005087,0.0059662112090225,0.002023910431039,1.3291759729556538,1,Transition,0.9572
2019-11-12,bist100,0.0082466529285336,0.0122940315640763,0.0133010727250251,0.0093871655747416,1.418656256968117,0.0067432099007522,0.0050514301293078,0.92428872604733,1,Transition,0.9363
2019-11-13,bist100,0.0081972512087534,0.0121591291739406,0.0133055075556042,0.0128095785958162,1.1829816638258202,0.0071560934240257,0.0047868987674334,0.9138418149873024,1,Transition,0.9873
2019-11-14,bist100,-0.0100436547845831,0.0120364771108503,0.0133637008526916,0.0178859145423565,1.252830526565807,0.0004557239282696,0.0048762902816697,0.9006844169537078,1,Transition,0.9918
2019-11-15,bist100,0.0152908950840255,0.0122443087109933,0.0134553956128398,0.0105229454794866,1.041325609802267,0.0042709534109186,0.0052393162110544,0.9099924716675885,1,Transition,0.9926
2019-11-18,bist100,0.0138205090558301,0.0100652659353893,0.0135406244337114,0.0123542251360851,1.3599780745375352,0.0071023306985119,0.0041097117013568,0.743338387728286,1,Transition,0.998
2019-11-19,bist100,0.006367245630635,0.0094081568421536,0.0133837230943565,0.010565572415647,1.2561839370581165,0.0067264492389322,0.0049856081674575,0.7029551325759824,1,Transition,0.9996
2019-11-20,bist100,-0.006939340840319,0.0097745376635025,0.0134273676460558,0.0139374646553546,1.39085279011506,0.0036991308291177,0.0043505381923936,0.7279563590689122,1,Transition,0.9976
2019-11-21,bist100,0.0001882584243916,0.0091584013035553,0.0133255042268766,0.0092888273026969,1.10995073659696,0.0057455134709126,0.0033993407446147,0.6872836590365922,1,Transition,0.9999
2019-11-22,bist100,-0.0020319080514331,0.0092206611350131,0.0133288063235004,0.0138412144472607,0.9962864749839248,0.0022809528438209,0.0030177260577423,0.6917844637562063,1,Transition,1.0
2019-11-25,bist100,-0.0113782374024318,0.0097305044667225,0.0134060472387672,0.0248989677614258,1.3849894769151545,-0.0027587964478314,0.0025134341134876,0.7258294927220716,1,Transition,0.9944
2019-11-26,bist100,0.005683187403374,0.009638160124499,0.0132689660766103,0.0136249451456964,1.194599292445322,-0.0028956080932836,0.0029863923315891,0.7263685858304083,1,Transition,0.9996
2019-11-27,bist100,-0.001311488748242,0.0090814222616174,0.0132642060168691,0.009789854603619,1.029913857122927,-0.0017700376748682,0.0034982179253134,0.6846563035938897,1,Transition,0.9999
2019-11-28,bist100,0.0120392763750966,0.0091664388463865,0.0132564387714379,0.0111775303960433,0.8374828646234127,0.0006001659152727,0.0042135410747436,0.6914706886540617,1,Transition,0.9999
2019-11-29,bist100,-0.0020790236970417,0.0092269259898574,0.0132623758342949,0.0103392461665736,1.0126038366199723,0.0005907427861509,0.0041125342535683,0.6957219509642932,1,Transition,0.9999
2019-12-02,bist100,0.0102425353710185,0.0088942355532166,0.0131845656512304,0.0082599194250686,1.2217207736966569,0.004914897340841,0.003806160700136,0.6745945060682852,1,Transition,0.9998
2019-12-03,bist100,-0.0113075607366191,0.0095114359675647,0.0131411004229033,0.0186094643882049,1.3904098596804089,0.0015167477128424,0.0030226996898108,0.723792959605383,1,Transition,0.9979
2019-12-04,bist100,0.0084981320177118,0.0095666871667701,0.0131610154198711,0.0101503562967175,1.0375358001968364,0.0034786718660332,0.0031409646110771,0.7268958254030968,1,Transition,0.9998
2019-12-05,bist100,0.008852955120063,0.0084232760033805,0.0131775378336479,0.0081043236615603,1.1906087033794923,0.0028414076150265,0.0024107027323703,0.6392147083708108,1,Transition,0.9999
2019-12-06,bist100,0.0019317834796679,0.0082980190202772,0.0131672413143297,0.0088473298790941,1.1328351588626695,0.0036435690503684,0.0026965545228147,0.6302017880728464,1,Transition,1.0
2019-12-09,bist100,-0.000762750019874,0.0083067641931597,0.0131522559871548,0.0090654879927645,1.1906597745781695,0.0014425119721899,0.0026752358909278,0.6315847411480254,1,Transition,0.9999
2019-12-10,bist100,-0.0071458778234836,0.0084747655843728,0.013173760925764,0.016300276156146,1.0604469451034744,0.002274848554817,0.001905609353327,0.643306465946159,1,Transition,1.0
2019-12-11,bist100,-0.0008316961256624,0.0083617027101363,0.0130806265620734,0.0069800593808389,0.827904228844355,0.0004088829261421,0.0014541619866062,0.6392432862796198,1,Transition,1.0
2019-12-12,bist100,0.0201165177979972,0.0088824051551304,0.0133032264886675,0.0141562352974564,1.044282132202136,0.002661595461729,0.0029621706157352,0.6676880351317053,1,Transition,0.9999
2019-12-13,bist100,0.0032812183316721,0.0083978005676395,0.0131160224303054,0.0171294651662201,1.2662725537175457,0.0029314824321298,0.0023616867781175,0.6402703725358032,1,Transition,0.9999
2019-12-16,bist100,0.0058565027549549,0.0080055109110926,0.0131227522013311,0.0108787388558918,1.0710262486159483,0.0042553329870956,0.0019634864630737,0.6100481658322088,1,Transition,1.0
2019-12-17,bist100,-0.0004662006539278,0.0079533223090442,0.0131161006399568,0.0091678197098397,1.2273158118263996,0.0055912684210067,0.0016218141488456,0.6063785668749232,1,Transition,0.9999
2019-12-18,bist100,-0.0045027594148192,0.0078330324819936,0.0129622866053885,0.0067141144888002,1.1659114118545817,0.0048570557631754,0.0017436432201206,0.6042940354935022,1,Transition,1.0
2019-12-19,bist100,0.0002234182269335,0.0078326689669544,0.012937600144865,0.0071284969352407,0.787930322875073,0.0008784358489626,0.0017454012102477,0.6054190019207827,1,Transition,1.0
2019-12-20,bist100,0.0052070235070412,0.0078161708788281,0.0129056418812396,0.0069925462981008,1.038047836282006,0.0012635968840365,0.0021073477881714,0.6056398395952822,1,Transition,1.0
2019-12-23,bist100,0.0089401541999832,0.007272668375126,0.0123508672113133,0.0081265875046779,1.3694637017292206,0.0018803271730421,0.0031232673682922,0.5888386823934328,1,Transition,0.9999
2019-12-24,bist100,0.0086834872985998,0.0073586868311895,0.0123860521665502,0.0054130293740127,1.230230378332753,0.0037102647635477,0.0032732823630534,0.594110757183988,1,Transition,1.0
2019-12-26,bist100,0.004404661594185,0.0072818496052485,0.0122860491846854,0.0120420110618173,0.9677635185142291,0.0054917489653485,0.0035590898801748,0.5926925324640088,1,Transition,1.0
2019-12-27,bist100,0.000269232383806,0.0070317484625676,0.0122693772643385,0.0080055518617592,1.1726147490456018,0.005500911796723,0.0029705876806103,0.5731137213463768,1,Transition,1.0
2019-12-30,bist100,0.0093714799359729,0.0070650413911053,0.0122574203646497,0.0078821581350463,1.162713380094899,0.0063338030825094,0.003543112862261,0.5763889285775666,1,Transition,1.0
2019-12-31,bist100,-0.0028711695144853,0.0070189355954528,0.0122561071806982,0.0078077409793371,0.9784454682814938,0.0039715383396157,0.0028874276179858,0.5726888229654812,1,Transition,1.0
2020-01-02,bist100,0.0130851964490965,0.0065244082028807,0.0123154722826028,0.0117845348289184,1.0612706612597411,0.004851880169715,0.0041070654772716,0.5297732846264648,1,Transition,1.0
2020-01-03,bist100,-0.0195820707868947,0.0083074442445847,0.0125156514463625,0.0259817948008707,1.2625762668900344,5.453369349909115e-05,0.0027030553370413,0.6637644296972774,1,Transition,0.998
2020-01-06,bist100,-0.0201813547763882,0.0096108063328982,0.0124609316704002,0.015807044685588,0.8822746645867229,-0.0040355837385397,0.0012513398422187,0.7712751010205623,1,Transition,0.9975
2020-01-07,bist100,0.0105995129474415,0.0098358988810222,0.0124320177327071,0.0092327356440468,0.776438133121762,-0.003789977136246,0.0016847263156074,0.7911747789053767,1,Transition,0.978
2020-01-08,bist100,0.002449909448559,0.0098200453823783,0.0124319971018902,0.0230057854853175,1.017694230928367,-0.0027257613436371,0.001845359289029,0.7899008744850188,1,Transition,0.9988
2020-01-09,bist100,0.0443134154890749,0.0134213558106255,0.0114755405073006,0.0246470753220837,1.4542099774744972,0.0035198824643585,0.004418323954657,1.1695619741908456,2,Stress/Bear,0.9962
2020-01-10,bist100,0.0056892000808552,0.0133661972607068,0.0114078222564721,0.0121276082263351,1.3435376781549948,0.0085741366379085,0.0047443687649829,1.1716694878484508,1,Transition,0.7316
2020-01-13,bist100,0.0132712447457609,0.013035399404316,0.0112896853409948,0.0108483154473783,1.158677253004637,0.0152646565423383,0.004402105112371,1.15462911592249,1,Transition,0.754
2020-01-14,bist100,0.0097181799595096,0.0130856362712108,0.0113017909145758,0.0158924188172769,1.0340657948254832,0.0150883899447519,0.0047239531937629,1.157837405603955,1,Transition,0.713
2020-01-15,bist100,-0.003998253152732,0.0132255376175043,0.0105211899816198,0.0112595287513097,1.3272177290622975,0.0137987574244937,0.0042312153983786,1.2570381906047507,2,Stress/Bear,0.9283
2020-01-16,bist100,0.0005134313156738,0.0132090285653128,0.0103535479121883,0.0142090551565972,1.2459814804886438,0.0050387605898135,0.0042801969968587,1.2757973090328711,2,Stress/Bear,0.502
2020-01-17,bist100,0.003908882282931,0.0130475850611491,0.0103498409306449,0.0105158562873505,0.8137706027227906,0.0046826970302286,0.0047007790817462,1.2606556128332764,0,Calm/Bull,0.7048
2020-01-20,bist100,0.0093816869685793,0.013042885713018,0.0101748080692472,0.008534527909068,0.8787890689205853,0.0039047854747923,0.0051586925188285,1.2818802698047358,2,Stress/Bear,0.5263
2020-01-21,bist100,0.0076067638934449,0.0130543867734966,0.0101853385454124,0.0186143342862071,1.065606696030823,0.0034825022615794,0.0052786795381487,1.281684130114298,2,Stress/Bear,0.828
2020-01-22,bist100,-0.0065691699276119,0.0132840653458197,0.0102497164924892,0.017661574306076,0.999734774254502,0.0029683189066034,0.0045032133317689,1.296042222782847,2,Stress/Bear,0.8199
2020-01-23,bist100,-0.0016869859915327,0.0133146693765689,0.0102285230393809,0.0103574858244906,0.833670274592548,0.0025282354451621,0.0039846896672623,1.3017196446941617,0,Calm/Bull,0.787
2020-01-24,bist100,-0.0032564990199292,0.0134118010871531,0.0100778440818509,0.0259937158466941,0.910752985111582,0.00109515918459,0.0036016316365566,1.330820459041061,2,Stress/Bear,0.988
2020-01-27,bist100,-0.0164442032903918,0.0141317399870363,0.0103783320049696,0.0139277067843075,0.9100374253413822,-0.0040700188672041,0.0027659598528467,1.3616581142585658,2,Stress/Bear,0.9622
2020-01-28,bist100,-0.0029014037249489,0.0140962300985786,0.0104004663153494,0.0142419652550744,0.8992782029835056,-0.0061716523908829,0.0021523156698006,1.3553459692259051,2,Stress/Bear,0.8905
2020-01-29,bist100,-0.0009361330744846,0.0140665453260705,0.0102701463440703,0.0103175836764266,0.8738362884399092,-0.0050450450202574,0.0022490674918006,1.3696538349906002,2,Stress/Bear,0.8585
2020-01-30,bist100,0.0013375159150523,0.0138335881983689,0.0102706758406207,0.0134828405072909,0.8218961317789508,-0.0044401446389404,0.0016616834650984,1.346901451573111,0,Calm/Bull,0.6912
2020-01-31,bist100,-0.0059383337392658,0.0130447623592066,0.0103249676470916,0.0098858544217387,1.055674034075584,-0.0049765115828077,0.0023438703174798,1.2634191994665611,2,Stress/Bear,0.4612
2020-02-03,bist100,0.0008616247899753,0.0119336358159751,0.0099617773312652,0.008574966539787,0.9282884489847134,-0.0015153459667343,0.003396019295798,1.1979424372919087,0,Calm/Bull,0.9656
2020-02-04,bist100,0.0239751586387536,0.012708237842983,0.0103104327662089,0.0168738809106532,0.9119168446436718,0.0038599665060061,0.0040648015803636,1.2325610506508171,2,Stress/Bear,0.8059
2020-02-05,bist100,0.0015102511572826,0.0127162568470115,0.0103036191020458,0.0140851718787158,1.0794129001936672,0.0043492433523596,0.0040178186657998,1.2341543996406694,0,Calm/Bull,0.7672
2020-02-06,bist100,-0.0003017280616661,0.0084845320085198,0.0102867654105969,0.0151532666416702,1.0305687432013728,0.0040213945570159,0.0017870614882627,0.8248007677689866,0,Calm/Bull,0.7375
2020-02-07,bist100,-0.0104301052088283,0.0088519972799064,0.0103986378415553,0.0156955603185311,0.8471236129376575,0.0031230402631034,0.0009810962237786,0.851265080560055,0,Calm/Bull,0.6241
2020-02-10,bist100,-0.0223407009679332,0.0097824956473261,0.0107627251454651,0.0383797592136147,1.1102406655324346,-0.0015174248884782,-0.0007995010619061,0.9089236708277374,2,Stress/Bear,0.9029
2020-02-11,bist100,0.0122307609324829,0.0099395479647454,0.0107066869609615,0.0219253857635342,1.0664654529203397,-0.0038663044297324,-0.0006738720132574,0.9283495446338148,1,Transition,0.7571
2020-02-12,bist100,0.0020922108991042,0.0099256252042915,0.0105962630703157,0.0178311951450112,1.19931492171549,-0.0037499124813681,-0.0003693488106656,0.936709964487106,0,Calm/Bull,0.9372
2020-02-13,bist100,0.0040882977020052,0.0099744278464632,0.0105842086757592,0.0111091802362945,0.9001740354479608,-0.0028719073286338,-0.000190605491349,0.9423876788547676,0,Calm/Bull,0.9821
2020-02-14,bist100,-0.0032331914906507,0.0099477478939867,0.0105424577636441,0.0127439980956543,0.9357680924571544,-0.0014325245849983,-0.0005477091800281,0.9435890678444768,0,Calm/Bull,0.9856
2020-02-17,bist100,0.0053165670970102,0.0097742051594543,0.0105485909853518,0.0056393895234264,1.0326624179579271,0.0040989290279903,-0.0007509651736065,0.9265886954027476,0,Calm/Bull,0.9431
2020-02-18,bist100,-0.0101330034049696,0.0097807616819674,0.010653065313734,0.0109263905781638,1.0415857924039211,-0.0003738238395001,-0.0016379535385273,0.9181171234684858,0,Calm/Bull,0.9233
