Date,market,log_return,volatility_20,volatility_60,range_pct,volume_ratio,return_ma5,return_ma20,volatility_ratio,gmm_regime,gmm_regime_label,gmm_regime_prob
2014-03-31,sp500,0.0078928713847966,0.0064936280010625,0.0075383180257848,0.0085561488958717,0.9566031487590496,0.001597960635635,0.0007157057313699,0.8614160319120401,0,Calm/Bull,0.9985
2014-04-01,sp500,0.0070146880442134,0.0057542986321202,0.0075863458167732,0.0063006516821634,0.9808395843840768,0.0021220440747133,0.0003088239997735,0.7585072933793252,0,Calm/Bull,0.9956
2014-04-02,sp500,0.0028492638318384,0.0057812241719313,0.0075819919330084,0.00496060329034,0.9242583659333088,0.0040968842320562,0.0004539548288486,0.7624941074867925,0,Calm/Bull,0.9958
2014-04-03,sp500,-0.0011270852130106,0.0057835003786786,0.0075505346073981,0.0059033256027802,0.9058856925588914,0.0042518454582495,0.0003117538933552,0.7659723025455604,0,Calm/Bull,0.9947
2014-04-04,sp500,-0.0126165429253139,0.0064643407499872,0.0077366449192337,0.0182404174354598,1.062165623444911,0.0008026390245047,-0.0003459704817661,0.835548331023505,0,Calm/Bull,0.7545
2014-04-07,sp500,-0.0108083123321497,0.0068750587939276,0.0078671738284522,0.0122274086828019,1.1138371160375182,-0.0029375977188845,-0.0008632184163127,0.8738918122113327,0,Calm/Bull,0.9955
2014-04-08,sp500,0.0037435379801772,0.0068727898646337,0.0078763150177794,0.0094278285199326,1.0851401020275755,-0.0035918277316917,-0.000421286668543,0.8725895103382255,0,Calm/Bull,0.9972
2014-04-09,sp500,0.0108590393419655,0.0073219870606424,0.0078163277891916,0.0107094661052407,0.9642402147606725,-0.0019898726296663,0.0001064090823947,0.9367553738940226,0,Calm/Bull,0.9983
2014-04-10,sp500,-0.0211059677373872,0.0083451029647173,0.0081800284365909,0.0227267959818576,1.0940221390185063,-0.0059856491345416,-0.0003603847196804,1.0201801900086351,0,Calm/Bull,0.6888
2014-04-11,sp500,-0.0095320597398973,0.0085807830693984,0.0082410983710978,0.011406110958273,1.0823490362118795,-0.0053687524974583,-0.000695699385803,1.0412183768479046,0,Calm/Bull,0.9995
2014-04-14,sp500,0.0081837081507406,0.0084988460439644,0.0083120675989091,0.0100457731167642,0.8963883202809175,-0.0015703484008802,-0.0007648998630179,1.0224707562628357,0,Calm/Bull,0.9996
2014-04-15,sp500,0.0067345795177034,0.0084768102259844,0.0083438010536497,0.0150462732979318,1.0640553676496345,-0.000972140093375,-0.0007878549994064,1.0159410766723078,0,Calm/Bull,0.9985
2014-04-16,sp500,0.0104338679487661,0.0087319336836516,0.0084443765537447,0.008752596675783,0.9002162033381339,-0.0010571743720148,4.136465286855443e-05,1.0340530917915305,0,Calm/Bull,0.9997
2014-04-17,sp500,0.0013629237070939,0.0086254692289112,0.0084456354200832,0.0069228272240136,0.9531972213925728,0.0034366039168813,-0.0001916058661528,1.0212931058331485,0,Calm/Bull,0.9997
2014-04-21,sp500,0.0037680156555725,0.0086434317726602,0.0083722841382265,0.004653030289889,0.783174942314016,0.0060966189959753,0.0001436439224562,1.0323863392542594,0,Calm/Bull,0.9998
2014-04-22,sp500,0.0040837889961278,0.0086016431025662,0.0078943888726969,0.0065547966477702,0.9557222317087832,0.0052766351650527,0.0005916624202307,1.0895894845407617,0,Calm/Bull,1.0
2014-04-23,sp500,-0.002215766862522,0.008574792357786,0.0078691876959956,0.003114000701026,0.9187336700443464,0.0034865658890076,0.0002611605346635,1.089666772359423,0,Calm/Bull,0.9999
2014-04-24,sp500,0.0017154882753308,0.0084049556700472,0.0078397116439796,0.0073565393919636,0.9544331099476095,0.0017428899543206,0.0006981817961739,1.0721001041539189,0,Calm/Bull,1.0
2014-04-25,sp500,-0.0081293447435016,0.0086189757059522,0.0077934962757157,0.0096705051492721,0.968303550574936,-0.0001555637357984,0.0003868091261976,1.1059190126013985,0,Calm/Bull,1.0
2014-04-28,sp500,0.0032308111625023,0.008588359012925,0.0076805516487408,0.0141219642648072,1.1964700296813342,-0.0002630046344125,0.0003168752221523,1.1181955939757282,0,Calm/Bull,0.9999
2014-04-29,sp500,0.0047494605046335,0.0084703704728365,0.0076396129196561,0.0052280198467838,1.0757900206704614,-0.0001298703327113,0.0001597046781441,1.1087434091121124,0,Calm/Bull,0.9999
2014-04-30,sp500,0.0029875498027012,0.0083457879763371,0.0069649278689295,0.0066403089730931,1.1073105886027492,0.0009107930003332,-4.165223393144887e-05,1.1982590679176377,0,Calm/Bull,0.9999
2014-05-01,sp500,-0.0001432717443322,0.0083180100395414,0.0069177309478337,0.0056006999368224,0.996937764699532,0.0005390409964006,-0.0001912790127399,1.2024188425752873,0,Calm/Bull,0.9999
2014-05-02,sp500,-0.0013493550298709,0.008319474508847,0.0069129363021677,0.0068203089375488,0.920501580074542,0.0018950389391267,-0.0002023925035829,1.2034646560012765,0,Calm/Bull,1.0
2014-05-05,sp500,0.0018694675823397,0.0077959122705247,0.0067564104151772,0.0099434327117419,0.8064262055994044,0.0016227702230942,0.0005219080217996,1.1538541609332111,0,Calm/Bull,1.0
2014-05-06,sp500,-0.009029031461991,0.0076689290208088,0.0066855036115146,0.0085505166479067,0.988426774498859,-0.0011329281702306,0.0006108720653076,1.1470981793503705,0,Calm/Bull,1.0
2014-05-07,sp500,0.0056007548710332,0.0077199326631559,0.0067151650236555,0.0101372676048868,1.0806584462517472,-0.0006102871565642,0.0007037329098504,1.1496266489298383,0,Calm/Bull,1.0
2014-05-08,sp500,-0.0013745692327864,0.0073486693327413,0.0065824653435687,0.0101405380653024,1.008136733123264,-0.000856546654255,9.205248111282756e-05,1.1164007631154744,0,Calm/Bull,1.0
2014-05-09,sp500,0.0015183231948788,0.0053956178039176,0.0065829510466899,0.0061485492940576,0.9085935410389464,-0.0002830110093051,0.0012232670277261,0.8196351097933009,0,Calm/Bull,0.9988
2014-05-12,sp500,0.0096262561723155,0.0050768942925107,0.0066530803971792,0.0090158834607456,0.9129168713643228,0.00126834670869,0.0021811828233367,0.7630892743552664,0,Calm/Bull,0.9901
2014-05-13,sp500,0.000421668788283,0.0048870148787074,0.0066302053661699,0.0032201035646758,0.8882052978609297,0.0031584867587448,0.0017930808552138,0.7370834851727193,0,Calm/Bull,0.997
2014-05-14,sp500,-0.004712089565017,0.0049477421516221,0.0066639279938887,0.0060152526967188,0.8718280860768277,0.0010959178715347,0.0012207474010778,0.7424663285917212,0,Calm/Bull,0.9963
2014-05-15,sp500,-0.0094059041839347,0.0049920262806588,0.0067246033676315,0.0137905493036899,1.0908297609618698,-0.0005103491186949,0.0002287587944428,0.7423525236726404,0,Calm/Bull,0.9627
2014-05-16,sp500,0.0037399628190006,0.0050484281517016,0.0066986752954371,0.0071677777431806,0.9769782952372904,-6.602119387054745e-05,0.0003476107500381,0.7536457477108128,0,Calm/Bull,0.9962
2014-05-19,sp500,0.0038374141897041,0.0050509260577529,0.0067069598341806,0.0072039151501611,0.8198898176408715,-0.0012237895903928,0.0003510806767447,0.7530872679469341,0,Calm/Bull,0.9961
2014-05-20,sp500,-0.0065196046085433,0.0051929954537564,0.0067232197204757,0.0089383396395685,0.9285503691571978,-0.002612044269758,-0.0001790890034888,0.7723971058005125,0,Calm/Bull,0.9948
2014-05-21,sp500,0.0080833405477469,0.0054829541527749,0.006795656403473,0.0081884730475235,0.8614743404020093,-5.295824720527656e-05,0.0003358663670246,0.8068321626697864,0,Calm/Bull,0.9973
2014-05-22,sp500,0.0023594441947138,0.0054933630541089,0.0068002489587981,0.005780712956318,0.8618706853570831,0.0023001114285244,0.0003680641629937,0.8078179324599074,0,Calm/Bull,0.9985
2014-05-23,sp500,0.0042393929178847,0.0051732900041726,0.0067930039016642,0.0041778153221288,0.7580124111610296,0.0023999974483012,0.0009865010460631,0.7615614651575928,0,Calm/Bull,0.9982
2014-05-27,sp500,0.0059699502115288,0.0052711646242738,0.0068242810839211,0.0053716018785666,0.9375010567345268,0.0028265046526662,0.0011234579985144,0.7724131757546334,0,Calm/Bull,0.9976
2014-05-28,sp500,-0.0011146927500584,0.0052217176210059,0.0067492366442223,0.0037490768567786,0.9690491600890244,0.0039074870243632,0.0008302503357798,0.773675290445767,0,Calm/Bull,0.9969
2014-05-29,sp500,0.0053527586573611,0.0052993534523186,0.0065044721179537,0.0053176683968591,0.8976287994030497,0.003361370646286,0.0009485107785128,0.8147246012003488,0,Calm/Bull,0.9987
2014-05-30,sp500,0.0018419804431013,0.0052964190031985,0.0065068091924028,0.0038418226811529,1.0840918705483709,0.0032578778959635,0.0010477733878845,0.813980992309172,0,Calm/Bull,0.9984
2014-06-02,sp500,0.0007275613640587,0.0052672256898826,0.0065047634497331,0.0051429500536293,0.8425701037756679,0.0025555115851983,0.0011516192075809,0.8097489986509301,0,Calm/Bull,0.9989
2014-06-03,sp500,-0.0003792884695348,0.0052750913672939,0.0065055601167151,0.0032635779624336,0.9606934518125376,0.0012856638489855,0.0010391814049872,0.8108589072507902,0,Calm/Bull,0.9988
2014-06-04,sp500,0.0018898766063629,0.0047133563527562,0.006507329339082,0.0052026211545695,0.9445866098140424,0.0018865777202698,0.0015851268084049,0.7243150157543929,0,Calm/Bull,0.9959
2014-06-05,sp500,0.0065040821196629,0.0047579788204666,0.0065122692393929,0.0096935452944619,1.0618830024431765,0.0021168424127302,0.0016302931708364,0.7306176457947123,0,Calm/Bull,0.9861
2014-06-06,sp500,0.0046170835480189,0.0047474403641076,0.0065322997070877,0.0036061163400045,0.9858596956063967,0.0026718630337137,0.0019298758098767,0.7267640152757385,0,Calm/Bull,0.9958
2014-06-09,sp500,0.0009383308564868,0.004751856016827,0.0063234929569472,0.0042997712077045,0.9714789682393,0.0027140169321993,0.0019008761929571,0.7514606324668192,0,Calm/Bull,0.9965
2014-06-10,sp500,-0.0002460138818795,0.0044073929031695,0.0063063307806925,0.0031884367761659,0.9384589098657716,0.0027406718497304,0.0014072626902473,0.6988838766059027,0,Calm/Bull,0.9934
2014-06-11,sp500,-0.0035433111516659,0.0045412023945884,0.0062298517267525,0.0047790970643882,0.9446910573554212,0.0016540342981246,0.0012090136932499,0.7289422916900886,0,Calm/Bull,0.9944
2014-06-12,sp500,-0.0071141390889102,0.0047337243650887,0.0062526492046031,0.009103080354181,1.0556342527011635,-0.0010696099435899,0.0010889112170552,0.7570749949643475,0,Calm/Bull,0.9916
2014-06-13,sp500,0.0031296591990707,0.0040517784625808,0.0061997226124915,0.0049634881684491,0.9172858298062908,-0.0013670948133796,0.0017156893862055,0.6535418946675278,0,Calm/Bull,0.9792
2014-06-16,sp500,0.0008363553307868,0.0040273751678838,0.0061597454814815,0.0052843924901479,1.0375819528332513,-0.0013874899185196,0.0015705090117948,0.6538216846770055,0,Calm/Bull,0.9799
2014-06-17,sp500,0.0021702124448891,0.0039951093203802,0.0061456560650234,0.0052213928131015,1.047880898354925,-0.0009042446531659,0.001487148924554,0.6500704364368026,0,Calm/Bull,0.9805
2014-06-18,sp500,0.0076892431607294,0.0037523352320648,0.0061678298657079,0.0094277669449923,1.079922631651265,0.0013422662093131,0.0021975913130177,0.608372039074424,0,Calm/Bull,0.9128
2014-06-19,sp500,0.001276663295165,0.0034899094829237,0.0061507456224329,0.0038836759892499,1.0368897277091011,0.0030204266861282,0.0018572574503886,0.5673961657909259,0,Calm/Bull,0.9716
2014-06-20,sp500,0.001728563495676,0.0034879821180885,0.006064773773615,0.0024148263747299,1.481997681089085,0.0027402075454492,0.0018257134154367,0.5751215541234352,0,Calm/Bull,0.9615
2014-06-23,sp500,-0.0001324728528989,0.0034656764363736,0.0060548959897152,0.002471186645404,0.923732414233806,0.0025464419087121,0.0016071201268975,0.5723758826345535,0,Calm/Bull,0.9679
2014-06-24,sp500,-0.0064561064986174,0.003744949884212,0.0061109400252451,0.0101693752364745,1.0470208855200234,0.0008211781200108,0.0009858172913902,0.6128271376811344,0,Calm/Bull,0.9204
2014-06-25,sp500,0.0048855574227171,0.0038076379169188,0.0060640037436192,0.0068077373762417,1.050466667816303,0.0002604409724083,0.001285829800029,0.6279082398201584,0,Calm/Bull,0.9689
2014-06-26,sp500,-0.0011795794276391,0.00371956975375,0.006012776032424,0.0077661547857223,0.9384972001351596,-0.0002308075721524,0.000959212895779,0.6186110597986997,0,Calm/Bull,0.9608
2014-06-27,sp500,0.0019090452380837,0.0037204375942309,0.0060080964495529,0.0047374332863717,1.4243560945011646,-0.0001947112236709,0.0009625661355281,0.619237328406708,0,Calm/Bull,0.9732
2014-06-30,sp500,-0.0003723259970013,0.0037322046829363,0.0060051950155374,0.0030710781853313,0.9995498101502016,-0.0002426818524914,0.0009075717674751,0.6214960002597487,0,Calm/Bull,0.97
2014-07-01,sp500,0.0066555728968225,0.0039307607948649,0.0057970662182153,0.0082550815050654,1.04369198214858,0.0023796540265965,0.0012593148357929,0.6780603579296329,0,Calm/Bull,0.9498
2014-07-02,sp500,0.0006585960751231,0.0039300072344789,0.0055884481076232,0.0020713291168624,0.9325727053693867,0.0015342617570777,0.001197750809231,0.7032376714955969,0,Calm/Bull,0.9821
2014-07-03,sp500,0.0054645502276723,0.0038624274775783,0.0056064709297178,0.0048905840640148,0.6656106652808731,0.00286308768814,0.0011457742146314,0.6889231257947016,0,Calm/Bull,0.9816
2014-07-07,sp500,-0.0039312390543236,0.0039304543640578,0.0054968711754281,0.0047227596920641,0.8959220620047595,0.0016950308296586,0.0007183580845143,0.7150348332024993,0,Calm/Bull,0.9791
2014-07-08,sp500,-0.0070737621816806,0.0042979801077808,0.0047982688498298,0.0086214634786773,1.094516348576295,0.0003547435927227,0.0003177534326059,0.8957355751196152,0,Calm/Bull,0.9996
2014-07-09,sp500,0.0046335165532592,0.0044015398860186,0.0046086511755912,0.004587343577357,0.9450352016356632,-4.966767598990462e-05,0.0005617299543629,0.955060324229033,0,Calm/Bull,1.0
2014-07-10,sp500,-0.0041396283244737,0.0044327200955913,0.0045749291856897,0.0086426186475898,1.0386714989635235,-0.0010093125559092,0.0005319140957225,0.9689155647385148,0,Calm/Bull,1.0
2014-07-11,sp500,0.0014698419980472,0.0040527085442882,0.0045166665273907,0.0045945197930828,0.8860067058664532,-0.0018082542018343,0.0009611131500703,0.8972786721603309,0,Calm/Bull,0.9999
2014-07-14,sp500,0.0048318607269969,0.0041179945597568,0.0043759547316648,0.0050528503149742,0.9037166388794508,-5.5634245570208506e-05,0.0010462232264666,0.9410505392020124,0,Calm/Bull,1.0
2014-07-15,sp500,-0.0019339645679456,0.0041716678844748,0.0043919506149512,0.0087063434767842,1.088713534937139,0.0009723252771768,0.00090770723153,0.94984398737852,0,Calm/Bull,1.0
2014-07-16,sp500,0.0041922850094485,0.0042279990210713,0.0043969165217647,0.0041734067860812,1.1015003168768511,0.0008840789684146,0.001008810859758,0.9615827364797134,0,Calm/Bull,1.0
2014-07-17,sp500,-0.011904605927478,0.0048263299231232,0.0046791420589924,0.0133853303542022,1.092871874985861,-0.0006689165521861,2.911840534767576e-05,1.031456164885603,0,Calm/Bull,0.9999
2014-07-18,sp500,0.0102126088996711,0.0053347436391491,0.0048215889321212,0.0096501340464375,1.0013083488193026,0.0010796368281386,0.0004759156855729,1.106428547570547,0,Calm/Bull,0.9999
2014-07-21,sp500,-0.0023229464239046,0.0053615299768162,0.0048380249891996,0.0056545726159803,0.8658417191757599,-0.0003513246020417,0.0002733401895939,1.1082063422130548,0,Calm/Bull,1.0
2014-07-22,sp500,0.0050036111673001,0.0054631101682468,0.0047218525510074,0.005338949077603,0.9557233028809116,0.0010361905450074,0.0005301443906039,1.1569844905642548,0,Calm/Bull,0.9999
2014-07-23,sp500,0.0017529007770128,0.0052132620516708,0.0047140854204389,0.003417214321583,0.9523224832091156,0.0005483136985203,0.0009405947543854,1.1058904510019163,0,Calm/Bull,1.0
2014-07-24,sp500,0.0004880368125506,0.0051301948871813,0.0046889269995344,0.0028169174946203,1.0613928949133136,0.003026842246526,0.000720718723877,1.0941085002369977,0,Calm/Bull,0.9999
2014-07-25,sp500,-0.004860946046109,0.0052662046533065,0.0047401922150738,0.005170992167925,0.876370449629023,1.2131257369987596e-05,0.0005366503929535,1.1109685882694604,0,Calm/Bull,1.0
2014-07-28,sp500,0.0002881133935528,0.0052564359027093,0.0047390414448329,0.0071807008363522,0.9545249550159532,0.0005343432208614,0.000455603800727,1.1091770274430692,0,Calm/Bull,1.0
2014-07-29,sp500,-0.004538068413714,0.0053722281642562,0.0047814937750021,0.0075636563280193,1.081220798241407,-0.0013739926953413,0.0002473166798914,1.1235459914938173,0,Calm/Bull,0.9999
2014-07-30,sp500,6.091091941020138e-05,0.005156245036048,0.0047801381681794,0.0083651753075024,1.1660631904293712,-0.0017123906668618,-8.241641897920039e-05,1.0786811708440287,0,Calm/Bull,1.0
2014-07-31,sp500,-0.0202019321552301,0.0068350417802056,0.0053506760518875,0.0178538900581301,1.386460140428275,-0.005850384460418,-0.0011254428304968,1.2774164823143288,0,Calm/Bull,0.6248
2014-08-01,sp500,-0.0028632162312983,0.0066639738017667,0.0053268463188359,0.0108978418319037,1.2170425653062935,-0.0054508384974558,-0.0015418311534454,1.2510167185042744,0,Calm/Bull,0.9961
2014-08-04,sp500,0.0071633144496466,0.0069117680873149,0.0053919678849601,0.0112017560084526,0.9806951532036982,-0.0040757982862371,-0.0009871034782468,1.2818637341282992,0,Calm/Bull,0.9951
2014-08-05,sp500,-0.0097326791973366,0.0070590084746749,0.0055511417652632,0.0117538950157529,1.1022168516762114,-0.0051147204429616,-0.0011200493290296,1.271631814349844,0,Calm/Bull,0.9976
2014-08-06,sp500,1.5638426360123552e-05,0.0069353497185804,0.0054164377033908,0.008571888457444,1.114541265566386,-0.0051237749415716,-0.0013509432353746,1.280426379544389,0,Calm/Bull,0.9954
2014-08-07,sp500,-0.005572115446733,0.0069729604375355,0.0054674252474006,0.0126258718086846,1.0163107346507907,-0.0021978115998722,-0.0014225675914876,1.2753645677827354,0,Calm/Bull,0.9983
2014-08-08,sp500,0.011465422557972,0.0075273537788511,0.0056224856307408,0.0120988385375374,0.9099322915164368,0.0006679161579818,-0.0009227885634913,1.338794667201192,0,Calm/Bull,0.9886
2014-08-11,sp500,0.0027556250258418,0.0074578084959077,0.0054813187367303,0.0059217574514649,0.8725810572872874,-0.0002136217267791,-0.0010266003485491,1.3605865402303632,0,Calm/Bull,0.9948
2014-08-12,sp500,-0.0016379823741559,0.0074562066747413,0.005472708383738,0.0058745884170976,0.8276128690838253,0.001405317637857,-0.0010118012388596,1.36243449347626,0,Calm/Bull,0.993
2014-08-13,sp500,0.0066847671025108,0.0075677618493359,0.0055144238068491,0.0065803293676199,0.8705865621885065,0.0027391433730871,-0.0008871771342065,1.3723576776845658,0,Calm/Bull,0.9913
2014-08-14,sp500,0.0043363982736976,0.0071850094704225,0.0054567869704428,0.003999604166491,0.8462807022664585,0.0047208461171732,-7.512692414774037e-05,1.316710641141152,0,Calm/Bull,0.9956
2014-08-15,sp500,-6.137480757126603e-05,0.0067658111288352,0.005371070294934,0.011529077566401,0.9818365212217928,0.0024154866440646,-0.0005888261095098,1.2596765183313043,0,Calm/Bull,0.998
2014-08-18,sp500,0.0084954832196601,0.0070465123367071,0.0054631252697021,0.0069126786241183,0.8563616704337154,0.0035634582828282,-4.790462733162519e-05,1.2898317334560054,0,Calm/Bull,0.9981
2014-08-19,sp500,0.0049881901791977,0.0070459313130739,0.0054722332057153,0.0049656671081674,0.8655802937706717,0.004888692793499,-4.867567673674175e-05,1.287578772358411,0,Calm/Bull,0.9978
2014-08-20,sp500,0.0024747482825436,0.0070574848318015,0.0054336085313227,0.0054819218250049,0.844525062691309,0.0040466890295055,-1.258330146020484e-05,1.2988578016096983,0,Calm/Bull,0.9979
2014-08-21,sp500,0.0029455472802706,0.0070879872394522,0.0054366935141019,0.0039852354211424,0.8720185578047862,0.0037685188308201,0.0001102922219257,1.3037312515533823,0,Calm/Bull,0.9978
2014-08-22,sp500,-0.0019945749188226,0.0070107366930894,0.0054129409975796,0.0044156252208165,0.7648989072445516,0.0033818788085699,0.0002536107782901,1.2951806968197583,0,Calm/Bull,0.9977
2014-08-25,sp500,0.0047763538636038,0.007083356883629,0.0054377067585187,0.0051102950633291,0.7493995926723972,0.0026380529373586,0.0004780228017926,1.3026367912414918,0,Calm/Bull,0.9984
2014-08-26,sp500,0.0010505288952435,0.0069846068390535,0.0054379627404156,0.0032250043395561,0.8327713766701406,0.0018505206805678,0.0007574526672405,1.2844160897137114,0,Calm/Bull,0.9989
2014-08-27,sp500,4.998604328455613e-05,0.0069846646073899,0.0054368846626363,0.0029698535543186,0.8114379049336816,0.0013655682327159,0.0007569064234342,1.284681401352934,0,Calm/Bull,0.9988
2014-08-28,sp500,-0.0016913305449461,0.005007962528051,0.0054426365958426,0.0040215698268919,0.8170101630494411,0.0004381926676726,0.0016824365039484,0.9201353865654752,0,Calm/Bull,0.9999
2014-08-29,sp500,0.0033149143290199,0.0049022424791527,0.0053992500050569,0.0043576476087929,0.8314569275625177,0.0015000905172411,0.0019913430319643,0.9079487844721466,0,Calm/Bull,0.9999
2014-09-02,sp500,-0.0005442142177026,0.0047755799178126,0.0053741156563101,0.0056285930870556,1.0427273503777326,0.0004359769009798,0.0016059665985969,0.8886261895397269,0,Calm/Bull,0.9998
2014-09-03,sp500,-0.0007794447528015,0.004015983761996,0.0053760222208817,0.0055680029247283,1.0517179429598025,6.998217137080941e-05,0.0020536283208236,0.7470177013772271,0,Calm/Bull,0.9829
2014-09-04,sp500,-0.0015355992047121,0.0040720046819486,0.0053812935643441,0.0093259603309528,1.160072842248504,-0.0002471348782285,0.00197606643927,0.7566962540251028,0,Calm/Bull,0.9694
2014-09-05,sp500,0.0050232477049584,0.0037115778906748,0.0053886534982076,0.0087711799483923,1.072472878990141,0.0010957807717523,0.0025058345968546,0.68877649897315,0,Calm/Bull,0.8284
2014-09-08,sp500,-0.0030778458543158,0.0032611616954584,0.0053162080400955,0.0057805830178617,1.0636480731296425,-0.0001827712649147,0.0017786711762402,0.6134375612960065,0,Calm/Bull,0.7281
2014-09-09,sp500,-0.0065665215326854,0.0037445470401111,0.005385109402709,0.0082476840625441,1.0973474637997678,-0.0013872327279113,0.0013125638483138,0.6953520829544161,0,Calm/Bull,0.9151
2014-09-10,sp500,0.0036394436003678,0.0037114836251846,0.0054007068064783,0.0068497834566826,1.102305491865263,-0.0005034550572774,0.00157643514704,0.6872218319151455,0,Calm/Bull,0.9304
2014-09-11,sp500,0.0008815167647232,0.0035126169114606,0.005396475482691,0.0058674665146173,1.1086870943627194,-2.0031863390359944e-05,0.0012862726301506,0.6509094542775538,0,Calm/Bull,0.9025
2014-09-12,sp500,-0.0059804054920065,0.0037878656416142,0.0053750077154378,0.0082999990655092,1.1950700012857949,-0.0022207625027833,0.0007704324418654,0.7047181775637187,0,Calm/Bull,0.942
2014-09-15,sp500,-0.0007104037481093,0.0037981332454423,0.0053746429415195,0.0043848302383297,1.039578631676197,-0.001747274081542,0.0007379809948385,0.7066763851606719,0,Calm/Bull,0.9618
2014-09-16,sp500,0.0074565073245564,0.0036920703689908,0.005452410837971,0.0116159095788843,1.1718175851801864,0.0010573316899063,0.0006860322000833,0.6771445657174276,0,Calm/Bull,0.7283
2014-09-17,sp500,0.0012948050790884,0.0035553982310676,0.0054535884522193,0.0087181320863792,1.1779505791627662,0.0005884039856504,0.0005013629450779,0.6519373917224656,0,Calm/Bull,0.8759
2014-09-18,sp500,0.0048792571273398,0.0036646167293659,0.0054107757441531,0.0046088316356903,1.1733433525479091,0.0013879520581737,0.0006215883873177,0.6772812074730429,0,Calm/Bull,0.9375
2014-09-19,sp500,-0.0004773835104033,0.0036301372398718,0.0053815965456475,0.0063022501947119,1.7007607947701175,0.0024885564544943,0.000450441847784,0.6745465233375353,0,Calm/Bull,0.9205
2014-09-22,sp500,-0.0080456025302185,0.0040701347937855,0.0054882826890879,0.009060841670531,1.1464311334289814,0.0010215166980725,0.0001478904672142,0.7416044370086732,0,Calm/Bull,0.9618
2014-09-23,sp500,-0.0057932500796262,0.0041233775039519,0.0055401452945081,0.0063749272603111,1.1026370184568597,-0.0016284347827639,-0.0003805897299472,0.7442724486015574,0,Calm/Bull,0.9825
2014-09-24,sp500,0.0078019767586544,0.0045053756790039,0.0056260654738085,0.0105890174961945,1.0983223642508724,-0.0003270004468507,-4.301733677674275e-05,0.8008039899247829,0,Calm/Bull,0.9879
2014-09-25,sp500,-0.0163009132651705,0.0057884309534316,0.0059587037888838,0.0159359692624643,1.0683576903523682,-0.0045630345253528,-0.0008605623021994,0.9714245175654082,0,Calm/Bull,0.9983
2014-09-26,sp500,0.0085392611240015,0.0061517904087305,0.0060608365374275,0.010162152791266,0.946207815652526,-0.0027597055984718,-0.0003490327187521,1.0150068180755685,0,Calm/Bull,1.0
2014-09-29,sp500,-0.0025500508569158,0.006107571062861,0.0060281439763921,0.0087167508386856,0.9861986872738224,-0.0016605952638113,-0.0006422809780488,1.013176043369229,0,Calm/Bull,1.0
2014-09-30,sp500,-0.002789816544312,0.0061262859741251,0.0060175253617691,0.0082189144024261,1.236921630115634,-0.0010599085567484,-0.0007545610943793,1.0180739765630171,0,Calm/Bull,1.0
2014-10-01,sp500,-0.0133371061126374,0.0067415884973994,0.0061932794704425,0.0152710826351195,1.2835712084784667,-0.0052877251310068,-0.0013824441623711,1.088532905639681,0,Calm/Bull,0.9995
2014-10-02,sp500,5.143328250229687e-06,0.0067485458164453,0.0061614361565215,0.0135085405686812,1.212152062246912,-0.0020265138123227,-0.001305407035723,1.0952877941131374,0,Calm/Bull,0.9999
2014-10-03,sp500,0.0111036355239025,0.0071723095183563,0.0063098378663437,0.0117231292254958,1.0638112906550516,-0.0015136389323425,-0.0010013876447758,1.1366868167267865,0,Calm/Bull,0.9998
2014-10-06,sp500,-0.0015663860013981,0.0071572259092975,0.0063102477875498,0.0098787230585857,0.9947845364683284,-0.0013169059612389,-0.0009258146521299,1.1342226407366751,0,Calm/Bull,1.0
2014-10-07,sp500,-0.0152416186191286,0.0077549765863907,0.0065750463883639,0.0142059793195187,1.0795624280882303,-0.0038072663762023,-0.0013595695064521,1.1794557982305516,0,Calm/Bull,0.9994
2014-10-08,sp500,0.0173109474980591,0.0087566700817336,0.0069552724479131,0.0229113790084497,1.2718180390468117,0.002322344345937,-0.0006759943115675,1.2589974220723656,2,Stress/Bear,0.8498
2014-10-09,sp500,-0.0208778484543149,0.0098379547478698,0.0074334858151631,0.0208068602122981,1.2193165346869257,-0.001854254010576,-0.0017639625725194,1.3234645215575571,0,Calm/Bull,0.8908
2014-10-10,sp500,-0.0115170800262109,0.0100386985152691,0.0074235305820118,0.0162265593434832,1.2536383913843665,-0.0063783971205987,-0.0020407962992296,1.3522808863472793,0,Calm/Bull,0.9983
2014-10-13,sp500,-0.0166050332025225,0.0105442650406185,0.0075765110107394,0.0202427810627385,1.173623205521981,-0.0093861265608235,-0.0028355277719503,1.3917045755853057,0,Calm/Bull,0.9739
2014-10-14,sp500,0.0015776196808667,0.0103218490737025,0.0075807879830312,0.014336647267951,1.2692396763709315,-0.0060222789008244,-0.0031294721541348,1.3615799698932316,0,Calm/Bull,0.9977
2014-10-15,sp500,-0.0081333007260773,0.0103244482714648,0.0075991207554377,0.0287357353928732,1.5477255615358638,-0.0111111285456518,-0.0036008774443931,1.358637216559144,2,Stress/Bear,0.9677
2014-10-16,sp500,0.0001449672004417,0.0101729476264149,0.0075919025575352,0.0220049764969629,1.2597171716870734,-0.0069065654147004,-0.003837591940738,1.339973418957796,0,Calm/Bull,0.9744
2014-10-17,sp500,0.0128018133771461,0.0108167763461366,0.0077985301104896,0.0176228030210001,1.118486385562779,-0.002042786734029,-0.0031736320963605,1.387027579926531,0,Calm/Bull,0.9955
2014-10-20,sp500,0.0091011161212813,0.0110864621327495,0.0078852799313497,0.011937952191516,0.8314751538512707,0.0030984431307317,-0.0023162961637855,1.4059693795616175,0,Calm/Bull,0.9997
2014-10-21,sp500,0.0193853708277509,0.0120578827763935,0.0082979373884456,0.0170351241397359,0.9864706635516968,0.0066599933601085,-0.0010573651184166,1.453118071628664,0,Calm/Bull,0.9821
2014-10-22,sp500,-0.0073261006616121,0.0119468656414222,0.0083297038920551,0.0116651891744318,0.9256315516808878,0.0068214333730015,-0.00181376898943,1.434248539472954,0,Calm/Bull,0.9969
2014-10-23,sp500,0.0122283057215994,0.0118286696109917,0.0084869108848456,0.0158548366800643,0.9264700506957664,0.0092381010772331,-0.0003873080400915,1.3937544262557504,0,Calm/Bull,0.9793
2014-10-24,sp500,0.0070286901757161,0.0117733650598557,0.0081172243495129,0.0096712785557255,0.7512946823908185,0.0080834764369471,-0.0004628365875057,1.4504176000213913,0,Calm/Bull,0.9996
2014-10-27,sp500,-0.0015026968788378,0.0117659194964039,0.0081101632850565,0.0067647922891772,0.8590186385775798,0.0059627138369232,-0.0004104688886018,1.450762343846177,0,Calm/Bull,0.9998
2014-10-28,sp500,0.0118683645669103,0.0120626996027299,0.0081997748234515,0.0105337566637333,0.8900052073658342,0.0044593125847551,0.0003224401669592,1.4711013244205495,0,Calm/Bull,0.9999
2014-10-29,sp500,-0.0013863159906425,0.0116390026843119,0.0080952448467884,0.0112798187967462,0.9162246112870516,0.0056472695189491,0.0009199796730589,1.4377579560091285,0,Calm/Bull,0.9998
2014-10-30,sp500,0.0062107972478731,0.0116959093259739,0.0081280105503468,0.01235806989314,0.8830636051299762,0.0044437678242038,0.0012302623690401,1.4389633543813347,0,Calm/Bull,0.9999
2014-10-31,sp500,0.0116631142331485,0.0117214083355574,0.0082091265560816,0.008419013316464,1.0475135619070537,0.0053706526356903,0.0012582363045024,1.427850850572371,0,Calm/Bull,0.9998
2014-11-03,sp500,-0.0001189289163994,0.0117075103881466,0.0080923203905752,0.0053423795667245,0.8656056133967968,0.005647406228178,0.0013306091587523,1.4467433100871545,0,Calm/Bull,0.9998
2014-11-04,sp500,-0.002833853252665,0.011095889641682,0.0081007492316959,0.0074399736020898,0.9600524548282052,0.0027069626642629,0.0019509974270755,1.369736221220997,0,Calm/Bull,0.9998
2014-11-05,sp500,0.0056843110608044,0.0105394177473995,0.0081210613025569,0.0046205349131044,0.9215769366844184,0.0041210880745523,0.0013696656052128,1.297788226777852,0,Calm/Bull,0.9999
2014-11-06,sp500,0.0037684036443282,0.0091506035977378,0.0080936606318339,0.0077539989970956,0.9053556623986052,0.0036326093538433,0.0026019782101449,1.1305889898257822,0,Calm/Bull,1.0
2014-11-07,sp500,0.0003495251267808,0.0085520766987785,0.0080797217187318,0.0045228470007699,0.923509915076668,0.0013698915325698,0.0031953084677945,1.0584617882261471,0,Calm/Bull,0.9998
2014-11-10,sp500,0.0031153270195588,0.00717499509547,0.0080854430137976,0.0041848965223741,0.8300110177447468,0.0020167427197614,0.0041813264788986,0.8873966563398031,0,Calm/Bull,0.9958
2014-11-11,sp500,0.0006964516302874,0.0071945036716417,0.0080203357063261,0.0029416378265227,0.7654083210910572,0.0027228036963519,0.0041372680763696,0.8970327346730577,0,Calm/Bull,0.9975
2014-11-12,sp500,-0.0007013625789179,0.0067024762949211,0.0080007588694009,0.0041113724434257,0.8720955610331914,0.0014456689684074,0.0045088649837276,0.8377300709005017,0,Calm/Bull,0.9865
2014-11-13,sp500,0.0005297044284002,0.0066898324065271,0.0079964367701802,0.00771827641621,0.9487494304172758,0.0007979291252218,0.0045281018451255,0.8366016763209329,0,Calm/Bull,0.9701
2014-11-14,sp500,0.0002402413485468,0.0064578189468374,0.0079896786888008,0.0034414897962053,0.9016417488854264,0.000776072369575,0.0039000232436955,0.8082701693485373,0,Calm/Bull,0.9913
2014-11-17,sp500,0.0007350887776586,0.0063735927562579,0.0079836265041094,0.004217851967407,0.8830993864583903,0.000300024721195,0.0034817218765144,0.7983330323603226,0,Calm/Bull,0.9937
2014-11-18,sp500,0.0051208493536883,0.0051881335661697,0.0079869227652115,0.007115750710986,0.964559492448563,0.0011849042658752,0.0027684958028113,0.6495785321435136,0,Calm/Bull,0.9931
2014-11-19,sp500,-0.0015022868756188,0.0047354249220998,0.0079904330909778,0.0057450006000078,0.9624467380950488,0.001024719406535,0.003059686492111,0.5926368280896758,0,Calm/Bull,0.9945
2014-11-20,sp500,0.0019651640132027,0.0042173110144486,0.007992832204018,0.006503518526976,0.8963304287431793,0.0013118113234955,0.0025465294066911,0.5276366257668428,0,Calm/Bull,0.9968
2014-11-21,sp500,0.0052232126037382,0.0041348354003644,0.0080115115393239,0.0071286459595347,1.10883604519806,0.0023084055745338,0.0024562555280922,0.5161117699286648,0,Calm/Bull,0.9964
2014-11-24,sp500,0.0028599298137392,0.0040287025151741,0.0080090632803244,0.0024643998686691,0.890812110027994,0.0027333737817499,0.0026743868627211,0.5030179403216034,0,Calm/Bull,0.9977
2014-11-25,sp500,-0.0011506914684172,0.0034793045461421,0.0080108380313011,0.0045765957936846,0.9698398206750752,0.0014790656173288,0.0020234340609547,0.4343246652281983,0,Calm/Bull,0.999
2014-11-26,sp500,0.0028020524716035,0.0033881245554961,0.0080142549777322,0.003217785165021,0.7960276040287071,0.0023399334867733,0.002232852484067,0.4227622611097522,0,Calm/Bull,0.9991
2014-11-28,sp500,-0.0025456646370122,0.0034127066905829,0.0080198547750621,0.0051751585775711,0.7378254557794913,0.0014377677567303,0.0017950293898227,0.4255322304831347,0,Calm/Bull,0.9988
2014-12-01,sp500,-0.0068527893448344,0.0030911461704102,0.0080546440364348,0.007894051640195,1.227585331585969,-0.0009774326329842,0.0008692342109236,0.3837719154847345,0,Calm/Bull,0.9994
2014-12-02,sp500,0.0063641667588481,0.0033139640689323,0.008078235501541,0.0072584740972066,1.086059135598091,-0.0002765852439624,0.001193388994686,0.4102336541563046,0,Calm/Bull,0.9987
2014-12-03,sp500,0.0037576738340269,0.0032187711311929,0.0080342908010993,0.0046425238946685,1.0696815823925416,0.0007050878165264,0.0015229653490206,0.4006291545673822,0,Calm/Bull,0.9993
2014-12-04,sp500,-0.0011625717317858,0.0031153320798376,0.0080284773784677,0.0072396620359852,1.0145593194557765,-8.783702415146896e-05,0.001180621209391,0.3880352317106752,0,Calm/Bull,0.9993
2014-12-05,sp500,0.001663831598921,0.0030583449132609,0.0080295366087595,0.0041727073342998,1.0217210054075063,0.0007540622230351,0.0010753926071207,0.3808868509204569,0,Calm/Bull,0.9993
2014-12-08,sp500,-0.0072830221497153,0.0035846120197662,0.0080494704926564,0.010440180921267,1.134029107718728,0.0006680156620589,0.0006937652432959,0.4453227107343824,0,Calm/Bull,0.9962
2014-12-09,sp500,-0.0002378518258341,0.0035435722521769,0.0080483817137512,0.0128312439115076,1.172513136745454,-0.0006523880548774,0.0005261063010262,0.4402838207987204,0,Calm/Bull,0.9956
2014-12-10,sp500,-0.0164861211830486,0.0051971956397353,0.008293685428328,0.0170768542184156,1.1947302177361876,-0.0047011470582925,-0.0003330223396405,0.6266448956435884,0,Calm/Bull,0.8737
2014-12-11,sp500,0.0045254339716207,0.0053079332925424,0.0083112173013238,0.0135653608740088,1.1266932066980724,-0.0035635459176112,-7.168251211359497e-05,0.6386469153798903,0,Calm/Bull,0.9726
2014-12-12,sp500,-0.0163464657916584,0.0064300921226217,0.0085600854447739,0.014942614155494,1.1836700704553655,-0.0071656053957271,-0.0009154910231165,0.7511714881943661,0,Calm/Bull,0.9313
2014-12-15,sp500,-0.0063627862717219,0.0065362669167198,0.008598409219105,0.0183099026206989,1.2221025114376254,-0.0069815582201284,-0.0012456424041299,0.760171649215843,0,Calm/Bull,0.9083
2014-12-16,sp500,-0.0085252598653808,0.0067141435572646,0.0086060722396478,0.0224712614303625,1.3550009017526794,-0.0086390398280378,-0.0017086598362819,0.7801635136564229,0,Calm/Bull,0.6304
2014-12-17,sp500,0.0201480732432956,0.0081959504207492,0.0089635479604116,0.021352374027379,1.322957646307439,-0.0013122009427689,-0.0009572986418015,0.9143645414681152,1,Transition,0.8348
2014-12-18,sp500,0.023731374885709,0.0098773935587304,0.0094154931405195,0.0204974701514829,1.2372511673427855,0.0025289872400486,0.0003043844462648,1.0490574854994217,1,Transition,0.6116
2014-12-19,sp500,0.004559637967419,0.0099173096833963,0.0091657957264759,0.0081230865441504,1.6292792636714997,0.0067102079918641,0.0004341081439756,1.081991130868165,0,Calm/Bull,0.8299
2014-12-22,sp500,0.0038032224799271,0.0098862535798476,0.0091188542113184,0.0045608842219011,0.8549927461166191,0.008743409742194,0.000363108637785,1.0841552404222763,0,Calm/Bull,0.999
2014-12-23,sp500,0.0017448386297044,0.0098745688178333,0.009109078673981,0.0033426479099422,0.7732066784410739,0.010797429441211,0.0003073540785833,1.0840359570105342,0,Calm/Bull,0.9955
2014-12-24,sp500,-0.0001393062410745,0.0098692972635353,0.0090975125402582,0.0027378866662444,0.3691985568483912,0.006739953544337,0.0003579233399504,1.0848346973814975,0,Calm/Bull,0.9995
2014-12-26,sp500,0.0033041099821209,0.0098764770686814,0.0089077629952082,0.0040214586887047,0.4581480466932234,0.0026545005636194,0.0003830262154763,1.108749421599377,0,Calm/Bull,0.9999
2014-12-29,sp500,0.0008614034280894,0.0098526576577183,0.0089065369378037,0.00373106309431,0.6479371107118904,0.0019148536557534,0.0005533796187314,1.1062276759779388,0,Calm/Bull,0.9999
2014-12-30,sp500,-0.0049005930345042,0.0097848602737176,0.008844127003126,0.0043069485985048,0.6597246722504331,0.0001740905528672,0.0006509894342479,1.1063681322372578,0,Calm/Bull,0.9999
2014-12-31,sp500,-0.0103643835612504,0.0099837556171707,0.0089583497229712,0.0134247112680348,0.7149892397832812,-0.0022477538853237,-0.000185438081757,1.1144637043550734,0,Calm/Bull,0.9996
2015-01-02,sp500,-0.0003400214731352,0.0099405293657286,0.0087097697780104,0.0127879064152096,0.7524774919305978,-0.0022878969317359,-0.0003903228471151,1.1413079356960134,0,Calm/Bull,0.9999
2015-01-05,sp500,-0.0184472135325872,0.0107311287190841,0.0087996297079542,0.0183610529614366,1.049698721944448,-0.0066381616346775,-0.0012545549371551,1.219497760159607,0,Calm/Bull,0.9916
2015-01-06,sp500,-0.0089332546907001,0.0108405085483864,0.0084370029395457,0.0188803905255233,1.2148675969980436,-0.0085970932584354,-0.0017844092516362,1.2848767063449715,0,Calm/Bull,0.9933
2015-01-07,sp500,0.0115627358448763,0.0111519865940181,0.0083998060148431,0.0118761716933174,1.0364927439679237,-0.0053044274825593,-0.0008421213519066,1.3276481116720673,0,Calm/Bull,0.9969
2015-01-08,sp500,0.0177301681271556,0.0119017725408145,0.0083484352290627,0.0162307576192576,1.0720278824641865,0.0003144828551218,5.627964574282888e-05,1.425629140582154,0,Calm/Bull,0.9972
2015-01-09,sp500,-0.0084393221470787,0.0114401837456672,0.0084482058251794,0.0127640097799043,0.92620537281381,-0.0013053772796668,0.0004586195975413,1.3541554245246292,0,Calm/Bull,0.9998
2015-01-12,sp500,-0.0081266168434704,0.0115527209478101,0.0084480777505611,0.0131738991277184,0.95770677485983,0.0007587420581565,-0.0001739829432132,1.367496996230035,0,Calm/Bull,0.9999
2015-01-13,sp500,-0.0025818854358163,0.0109318883474314,0.0084623816709718,0.0240628813886387,1.1388341818280627,0.0020290159091332,0.0005142460745788,1.291821708412269,0,Calm/Bull,0.7578
2015-01-14,sp500,-0.0058300289679756,0.0109148848979627,0.0083774111059256,0.0148961018246545,1.2137990681699582,-0.0014495370534371,0.0005408839397661,1.3028947439671807,0,Calm/Bull,0.9996
2015-01-15,sp500,-0.0092909030045675,0.0109496438176438,0.0084147882657709,0.0149949586353256,1.196847916901917,-0.0068537512797817,0.0005026017828068,1.3012381858951778,0,Calm/Bull,0.9917
2015-01-16,sp500,0.0133348931862672,0.0103983841800592,0.008221825958541,0.0160144819386512,1.149443266355844,-0.0024989082131125,0.0001619427799554,1.264729298880039,0,Calm/Bull,0.9976
2015-01-20,sp500,0.0015487524334003,0.0088144712109662,0.0081553214940665,0.0120886754748251,1.1298371458946892,-0.0005638343577383,-0.00094718834266,1.080824492005538,0,Calm/Bull,0.9999
2015-01-21,sp500,0.0047204650221893,0.0088198311752482,0.0080337801284389,0.0129175442705519,1.1120275145622935,0.0008966357338627,-0.0009391469899214,1.0978432362153812,0,Calm/Bull,0.9999
2015-01-22,sp500,0.0151543130706303,0.0094814668054935,0.0082091795810893,0.0185348201123178,1.2301955180295423,0.0050935041415839,-0.0003715924603863,1.1549834806068953,0,Calm/Bull,0.9591
2015-01-23,sp500,-0.0055066562793019,0.0095347741226642,0.0082445451481099,0.0060628812428942,1.044563545066672,0.005850353486637,-0.0007341672058366,1.1564948643467756,0,Calm/Bull,0.9993
2015-01-26,sp500,0.0025651679986232,0.0095627910427333,0.0081184015943249,0.0080940288334422,0.983601020847627,0.0036964084491082,-0.0005989434938517,1.1779154962496627,0,Calm/Bull,1.0
2015-01-27,sp500,-0.0134782878158575,0.0099314855992355,0.0083160782215523,0.0137715013177494,0.924107439586498,0.0006910003992566,-0.0014380633837506,1.194251104264101,0,Calm/Bull,0.9995
2015-01-28,sp500,-0.013587502811022,0.0102749990502022,0.008472619351338,0.0204778835358174,1.1040979579427963,-0.0029705931673855,-0.0021605086957062,1.212729927325209,0,Calm/Bull,0.9952
2015-01-29,sp500,0.0094895170582635,0.0105725508016398,0.0084267005824998,0.0175435799319727,1.0952047475130513,-0.0041035523698589,-0.0014410031910678,1.2546489219750314,0,Calm/Bull,0.9985
2015-01-30,sp500,-0.0130770990063184,0.0107095674047683,0.0085948643047408,0.0150075647260428,1.1815977335586532,-0.0056176409152622,-0.0015766389633212,1.246042639540114,0,Calm/Bull,0.9989
2015-02-02,sp500,0.0128791700002155,0.011187177069167,0.0087508976478493,0.0201697356350299,1.019546438386426,-0.0035548405149438,-0.0009156793896537,1.2784033729290067,0,Calm/Bull,0.9841
2015-02-03,sp500,0.014336238577453,0.0108807755635413,0.008914691438347,0.0134583823145692,1.1620154204498754,0.0020080647637183,0.0007234932158482,1.2205442710823386,0,Calm/Bull,0.9992
2015-02-04,sp500,-0.0041647065724529,0.010708921575517,0.0089199472191971,0.0088268092955952,1.0468876732535253,0.0038926240114321,0.0009619206217606,1.20055884999743,0,Calm/Bull,0.9999
2015-02-05,sp500,0.0102388107109092,0.0106438388216015,0.0090157825799765,0.009745407300734,0.9658225047593164,0.0040424827419612,0.0008957243650622,1.180578471938843,0,Calm/Bull,0.9999
2015-02-06,sp500,-0.0034240276118785,0.0099085862628523,0.0090200717645429,0.0109123129796696,1.0656523806221083,0.0059730970208492,-0.0001619854218894,1.0985041495791756,0,Calm/Bull,0.9987
2015-02-09,sp500,-0.0042562393104817,0.0097678184155406,0.0090375391961506,0.0069769034145501,0.8915179658499346,0.0025460151587098,4.716871994044211e-05,1.080805095672616,0,Calm/Bull,0.9998
2015-02-10,sp500,0.0106189795540623,0.0098413140972165,0.0091390212948905,0.0107512795137936,0.9192720871034632,0.0018025633540316,0.000984448539817,1.076845515473163,0,Calm/Bull,0.9995
2015-02-11,sp500,-2.9034010158247172e-05,0.0098091266749381,0.009139012248237,0.0074884048164581,0.9067857542623362,0.0026296978664906,0.0011120911110999,1.0733246010071091,0,Calm/Bull,0.9998
2015-02-12,sp500,0.009598295065916,0.0098410561147522,0.0092185759307416,0.0088820812273055,0.9622214390713948,0.0025015947374919,0.0018835073127945,1.0675245492023206,0,Calm/Bull,0.9994
2015-02-13,sp500,0.0040664592277794,0.0094897678981445,0.0092306960806452,0.004926145653106,0.9045615679870674,0.0039996921054235,0.0025513754244119,1.0280663359768192,0,Calm/Bull,0.9993
2015-02-17,sp500,0.0015962996977983,0.0091444443470838,0.0092116528850119,0.0054753037692812,0.8698175446603799,0.0051701999070795,0.0019644457499884,0.9927039654265004,0,Calm/Bull,0.9992
2015-02-18,sp500,-0.0003143586232287,0.0091583811923368,0.0092087936568202,0.0038482427741672,0.8784844278480518,0.0029835322716213,0.001871290197157,0.9945256168872816,0,Calm/Bull,0.9992
2015-02-19,sp500,-0.0010626217157189,0.0091549837233947,0.0092084202338164,0.0054064907454236,0.851804151938608,0.0027768147305092,0.0015821358602616,0.9941969948085774,0,Calm/Bull,0.9993
2015-02-20,sp500,0.0061078427210558,0.0086591810406726,0.0092170445622363,0.0119272925334017,0.871073850159159,0.0020787242615371,0.0011298123427828,0.939474793921536,0,Calm/Bull,0.9966
2015-02-23,sp500,-0.0003033852119856,0.0085264435344491,0.0092116281790718,0.0033417939961118,0.8264557303562889,0.0012047553735841,0.0013899758961486,0.9256174227505812,0,Calm/Bull,0.9981
2015-02-24,sp500,0.0027549724688311,0.0085279259076953,0.0092148509597365,0.0057054778727216,0.8578627318825077,0.0014364899277907,0.001399466119659,0.9254545673019954,0,Calm/Bull,0.9985
2015-02-25,sp500,-0.0007660169636026,0.0078036649580172,0.0092105079300467,0.0045888539541675,0.8882314839035965,0.0013461582597159,0.0020350796622718,0.8472567438501369,0,Calm/Bull,0.9957
2015-02-26,sp500,-0.0014771186302538,0.0069508951798486,0.0092058918289405,0.004808693818618,0.922215081251724,0.0012632588768089,0.0026405988713102,0.7550485394578629,0,Calm/Bull,0.989
2015-02-27,sp500,-0.0029606830486323,0.0068621779452898,0.009167951809219,0.004271793886612,0.967323801019876,-0.0005504462771286,0.0020180888659654,0.7484962931839861,0,Calm/Bull,0.9874
2015-03-02,sp500,0.006106238181133,0.0059167402278121,0.0091651723517892,0.0061490892994661,0.9446526669996071,0.000731478401495,0.002977255725338,0.6455678082973618,0,Calm/Bull,0.9751
2015-03-03,sp500,-0.0045488726038175,0.0056594418146478,0.0091764013042435,0.0083025741570564,0.9133104009545484,-0.0007292906130346,0.0021058535951363,0.6167387003912621,0,Calm/Bull,0.9761
2015-03-04,sp500,-0.0043981612301545,0.0050457243840631,0.0091944319970767,0.0063044036940385,0.974061499428494,-0.001455719466345,0.0011691336047559,0.5487804342527517,0,Calm/Bull,0.9743
2015-03-05,sp500,0.001195365251036,0.0048873718866196,0.0091933776707279,0.0042978853943708,0.8967602789033332,-0.000921222690087,0.0014371371959304,0.5316187435855251,0,Calm/Bull,0.9717
2015-03-06,sp500,-0.014275356362467,0.005587615313764,0.0093331622289115,0.0162412697679281,1.1131546579483893,-0.003184157352854,0.0002114288422616,0.5986840447769365,0,Calm/Bull,0.6916
2015-03-09,sp500,0.0039366623579759,0.0055779607963778,0.0093462399058989,0.0054245777293276,0.9799388586081906,-0.0036180725174854,0.0005794633407543,0.5968133551608645,0,Calm/Bull,0.9178
2015-03-10,sp500,-0.0171068209371414,0.0067758201884302,0.0093652988884388,0.0156444984070295,1.071643465104188,-0.0061296621841502,-6.30657405786406e-05,0.7235028234704606,0,Calm/Bull,0.7798
2015-03-11,sp500,-0.0019195206764847,0.0062987161563355,0.0093511854656748,0.0050926051682559,0.9988605629276556,-0.0056339340734162,-0.0006899907521059,0.673574081003536,0,Calm/Bull,0.8394
2015-03-12,sp500,0.012522702206037,0.006958764887509,0.0092357425444475,0.0122509920964352,1.0014566706636407,-0.003368466682416,-6.240394129623144e-05,0.7534602501119546,0,Calm/Bull,0.8937
2015-03-13,sp500,-0.0060932370901968,0.0066916853377297,0.0092324021523798,0.0113908716084675,1.0331156843820009,-0.001732042827962,-0.0008469805491018,0.7248043604778219,0,Calm/Bull,0.9612
2015-03-16,sp500,0.0134429090238559,0.0073501076381374,0.0093027098694952,0.0125215935050678,0.9765249980443425,0.0001692065052139,-0.000378158059298,0.7901039311393969,0,Calm/Bull,0.9117
2015-03-17,sp500,-0.003325697707782,0.0073629076320851,0.0089666901466881,0.0074772979282274,0.9566520385464996,0.0029254311510858,-0.000624257929577,0.8211399648737345,0,Calm/Bull,0.984
2015-03-18,sp500,0.0120851015016287,0.0078933023446458,0.0085726843929626,0.0217290389080733,1.212133757793465,0.0057263555867085,-4.284923334197527e-06,0.9207503720917876,1,Transition,0.9428
2015-03-19,sp500,-0.0048844891269501,0.007966198984503,0.0085799695781348,0.0062844355635016,0.9696583157408049,0.0022449173201111,-0.0001953782938957,0.9284647121365176,0,Calm/Bull,0.9983
2015-03-20,sp500,0.0089723821932596,0.0081099456705961,0.0086430025485071,0.0111948448471981,1.576858105710238,0.0052580411768024,-5.21513202855677e-05,0.9383250352039884,0,Calm/Bull,0.9751
2015-03-23,sp500,-0.0017472566067133,0.008118721645723,0.0086444231664104,0.0049610752294974,0.9255097162717248,0.0022200080506885,-0.0001243448900219,0.9391860497146756,0,Calm/Bull,0.9988
2015-03-24,sp500,-0.0061583457015909,0.0081966152107683,0.0086829968891021,0.0077121122699019,0.9035081035654328,0.0016534784519267,-0.000570010798543,0.9439845845223874,0,Calm/Bull,0.9983
2015-03-25,sp500,-0.014665926527239,0.008782463282541,0.0088775315531505,0.0176511399289817,0.994413038634277,-0.0036967271538467,-0.0012650062767248,0.9892911368390792,0,Calm/Bull,0.9808
2015-03-26,sp500,-0.0023803307374738,0.0087859329321339,0.0088806861495305,0.0105293404527908,0.9900305187051855,-0.0031958954759515,-0.0013101668820858,0.9893304170644944,0,Calm/Bull,0.9985
2015-03-27,sp500,0.0023657607295033,0.0088139525224578,0.0088660949150241,0.0047889477510969,0.8549250294217481,-0.0045172197687027,-0.001043844693179,0.9941188998013232,0,Calm/Bull,0.9957
2015-03-30,sp500,0.0121623826471494,0.0091693893886697,0.0089033472434713,0.0119161090754746,0.834940029168773,-0.0017352919179302,-0.0007410374698782,1.0298811377253037,0,Calm/Bull,0.9984
2015-03-31,sp500,-0.0088346862175307,0.0093120337119192,0.0089796140272071,0.0082257811823906,0.9646726204165872,-0.0022705600211181,-0.0009553281505639,1.0370193734056754,0,Calm/Bull,0.9991
2015-04-01,sp500,-0.0039732542018475,0.0093042469531093,0.0086623126685261,0.0093460669069719,1.0105407078835849,-0.0001320255560398,-0.0009340827991485,1.0741065705138455,0,Calm/Bull,0.9998
2015-04-02,sp500,0.0035234523037141,0.0093467565065247,0.0085857285028378,0.0071843934068706,0.8830569109865136,0.0010487310521977,-0.0008176784465146,1.0886387222045713,0,Calm/Bull,0.9999
2015-04-06,sp500,0.0065870726471656,0.0089202150178054,0.008500942075814,0.0146446583167296,0.949558385218608,0.0018929934357301,0.0002254430039669,1.049320762128744,0,Calm/Bull,0.9992
2015-04-07,sp500,-0.0020640327085871,0.0088896824174949,0.0081974068538479,0.0066029775717936,0.8848989903582263,-0.0009522896354171,-7.459174936119636e-05,1.0844505556439508,0,Calm/Bull,1.0
2015-04-08,sp500,0.0026789415573472,0.0079452531703763,0.0081261286490044,0.0064315736616592,0.9481021001315304,0.0013504359195584,0.0009146963753632,0.9777414945737748,0,Calm/Bull,0.9998
2015-04-09,sp500,0.0044475758736258,0.0079532693251678,0.0080670636597244,0.0090953529361425,0.9242505046455652,0.0030346019346531,0.0012330512028687,0.9858939585261052,0,Calm/Bull,0.9997
2015-04-10,sp500,0.0051893768994562,0.0075649565221417,0.008078971055358,0.005280580643198,0.9228988239780004,0.0033677868538015,0.0008663849375397,0.93637623780377,0,Calm/Bull,0.9996
2015-04-13,sp500,-0.0045918068209611,0.0074994230666412,0.0080637343017023,0.0073215470621461,0.8578475001028649,0.0011320109601761,0.0009414564510015,0.9300186223965786,0,Calm/Bull,0.9995
2015-04-14,sp500,0.0016284322585138,0.0069045831711673,0.0079578867351847,0.0073384067047808,0.9736384112440878,0.0018705039535963,0.0003507326127344,0.8676402920689518,0,Calm/Bull,0.9987
2015-04-15,sp500,0.0051349890449955,0.006926630210075,0.007808703579293,0.0066883337528607,1.1701074761628092,0.002361713451126,0.0007737669503732,0.8870397166109633,0,Calm/Bull,0.9989
2015-04-16,sp500,-0.0007787467579851,0.0063980918008799,0.0078102202931791,0.0053587092333959,1.0113606227219227,0.0013164489248038,0.0001305745373925,0.8191947935793259,0,Calm/Bull,0.9978
2015-04-17,sp500,-0.0113757041890532,0.0068168243419899,0.0079438860978529,0.0145157852419252,1.063293610287181,-0.001996567292898,-0.0001939862157125,0.858122115299767,0,Calm/Bull,0.9886
2015-04-20,sp500,0.0091927485865367,0.0068325800030087,0.0077920166233256,0.0094409802448798,0.9135784160948096,0.0007603437886015,-0.0001829678960487,0.8768692795848554,0,Calm/Bull,0.9977
2015-04-21,sp500,-0.0014817025047679,0.0068296375295561,0.0077584478864891,0.0072760607647983,0.9880197566787235,0.0001383168359451,-0.0001696901909514,0.8802839987427791,0,Calm/Bull,0.999
2015-04-22,sp500,0.0050745828533862,0.0067728735161894,0.0077772486612759,0.0089802140417344,1.0175675416959034,0.0001262355976233,0.0003919562367974,0.8708572672894596,0,Calm/Bull,0.9986
2015-04-23,sp500,0.0023549408425523,0.0057774173641208,0.0075638087143027,0.0081877058813266,1.1032088331453784,0.0007529731177308,0.0012429996052869,0.7638238329845749,0,Calm/Bull,0.9969
2015-04-24,sp500,0.0022502668247534,0.0057170401772389,0.0073305360428938,0.0038343068492278,1.026165583944812,0.0034781673204921,0.0014745294833983,0.7798938773080694,0,Calm/Bull,0.9978
2015-04-27,sp500,-0.0041499132407346,0.0058477336223164,0.0072720085870105,0.0089523943591534,1.038516700677365,0.0008096349550379,0.0011487457848864,0.8041428378896321,0,Calm/Bull,0.9974
2015-04-28,sp500,0.0027654044373465,0.005264688775351,0.0070471486825674,0.0100012041019817,1.0609182796123546,0.0016590563434607,0.0006788968743963,0.7470665105128625,0,Calm/Bull,0.9934
2015-04-29,sp500,-0.0037473481275732,0.004890438260703,0.0068962657029268,0.0077081849593576,1.2064823069177393,-0.0001053298527311,0.0009332637788941,0.7091429581414611,0,Calm/Bull,0.9952
2015-04-30,sp500,-0.0101805530332482,0.0053896968899862,0.006799933882833,0.0133923747715619,1.3163553284867977,-0.0026124286278912,0.0006228988373241,0.7926101904597777,0,Calm/Bull,0.9899
2015-05-01,sp500,0.0108637765634552,0.0058295804982722,0.0069091241139708,0.0099749222864167,0.982365107534618,-0.0008897266801508,0.0009899150503112,0.8437510170767307,0,Calm/Bull,0.9962
2015-05-04,sp500,0.002936433147763,0.0057008335864745,0.0067987526917108,0.0050697665879878,0.9014704975425614,0.0005275425975486,0.000807383075341,0.8385116866252589,0,Calm/Bull,0.9992
2015-05-05,sp500,-0.0119080033585301,0.0063498089639041,0.0069661088590069,0.0128167228841558,1.0946483713140065,-0.0024071389616266,0.0003151845428439,0.9115288165062296,0,Calm/Bull,0.998
2015-05-06,sp500,-0.0044656811409319,0.0064105113166256,0.0069684691703246,0.0146575928013751,1.0858925824786674,-0.0025508055642984,-4.2046592070029536e-05,0.9199310723687952,0,Calm/Bull,0.9982
2015-05-07,sp500,0.0037667104694754,0.0063871795647531,0.00685114779244,0.0085775441136853,1.0452526115750105,0.0002386471362463,-7.608986227754952e-05,0.9322787594512444,0,Calm/Bull,0.9997
2015-05-08,sp500,0.0133681479873611,0.0069766639945679,0.0070601528543297,0.0120646605163676,0.9631157962136232,0.0007395214210275,0.0003328486921176,0.9881746384980014,0,Calm/Bull,0.9995
2015-05-11,sp500,-0.005102556456082,0.0069965454758308,0.0069895178351727,0.006226987120673,0.8468606388517873,-0.0008682764997415,0.0003073112103616,1.0010054542850788,0,Calm/Bull,1.0
2015-05-12,sp500,-0.0029539964393672,0.0070259749555179,0.0069813277086353,0.0092848380017855,0.8904538818308999,0.000922524884091,7.818977546759859e-05,1.006395237230788,0,Calm/Bull,1.0
2015-05-13,sp500,-0.0003050012906516,0.0069244726161864,0.0069783517642973,0.0067429293943463,0.9657913247194476,0.0017546608541471,-0.0001938097413147,0.9922791011501432,0,Calm/Bull,0.9999
2015-05-14,sp500,0.01072160426176,0.0073384686022579,0.007114435365342,0.009909961135015,0.9260430702151388,0.003145639612604,0.0003812078096724,1.0314899532304873,0,Calm/Bull,0.9999
2015-05-15,sp500,0.0007681188278664,0.0067969048901033,0.0071129886296956,0.0033352494427066,0.8945483002358543,0.0006256337807051,0.0009883989605184,0.9555624567888809,0,Calm/Bull,0.9999
2015-05-18,sp500,0.0030433124725705,0.0065404850300875,0.007080775061307,0.0055279071018069,0.836917818222281,0.0022548075664356,0.0006809271548201,0.9236962018223168,0,Calm/Bull,0.9998
2015-05-19,sp500,-0.000643581597842,0.0065285735453579,0.0070812793139643,0.0040040883051891,0.9543709996626722,0.0027168905347406,0.0007228332001664,0.9219483169493846,0,Calm/Bull,0.9998
2015-05-20,sp500,-0.000930949450794,0.0064555856243186,0.0070742197558795,0.0057058975258289,0.8802598411338522,0.0025917009027121,0.0004225565849574,0.9125509027272328,0,Calm/Bull,0.9997
2015-05-21,sp500,0.0023351459087448,0.0064552752752905,0.0070792497782603,0.0053172383221092,0.9006461828222638,0.0009144092321091,0.000421566838267,0.9118586682891312,0,Calm/Bull,0.9998
2015-05-22,sp500,-0.0022363851494835,0.0064663300481783,0.0070828547430885,0.0028643799244448,0.763394601657446,0.0003135084366391,0.0001972342395552,0.9129553383101784,0,Calm/Bull,0.9997
2015-05-26,sp500,-0.0103352049075023,0.0068232449182282,0.0072002415293168,0.0124323528452848,0.9934552512932324,-0.0023621950393754,-0.0001120303437831,0.9476411159884652,0,Calm/Bull,0.9992
2015-05-27,sp500,0.00912091892911,0.0071064272102677,0.0072539096188503,0.0099318515289084,0.9356096136911828,-0.000409294933985,0.000205745380805,0.979668562701782,0,Calm/Bull,0.9998
2015-05-28,sp500,-0.001267563917487,0.0070552745170876,0.0072309996099692,0.0044369843011591,0.9062943876252432,-0.0004766178273236,0.0003297345913093,0.975698367810826,0,Calm/Bull,0.9999
2015-05-29,sp500,-0.0063385151840976,0.0068017893082878,0.0072557658684515,0.0074831997566228,1.2049476182097458,-0.0022113500458921,0.0005218364837668,0.9374323030270856,0,Calm/Bull,0.9997
2015-06-01,sp500,0.0020573434991476,0.0063682882609191,0.0072588840842311,0.0078655242075802,0.9292526000828448,-0.0013526043161658,8.151483055146944e-05,0.8773095405605552,0,Calm/Bull,0.9992
2015-06-02,sp500,-0.0010091051653478,0.0063362255984621,0.0070119118271707,0.0087458259662568,0.9414796607851268,0.000512615632265,-0.000115762085104,0.903637375174865,0,Calm/Bull,0.9995
2015-06-03,sp500,0.0021166294697559,0.0057073334328584,0.0069998642437183,0.0058228034336998,0.9674762050032888,-0.0008882422596057,0.0005854695563102,0.8153491602326711,0,Calm/Bull,0.9985
2015-06-04,sp500,-0.008660562215101,0.005973602334451,0.0067238627283353,0.0093804447309536,1.0080216796875308,-0.0023668419191285,0.0003757255026017,0.8884182464459667,0,Calm/Bull,0.9991
2015-06-05,sp500,-0.0014372152327325,0.005931310785642,0.0067213109365039,0.0073202638472687,1.02878363887385,-0.0013865819288555,0.0001155292174913,0.8824633827649014,0,Calm/Bull,0.9995
2015-06-08,sp500,-0.0064955603383055,0.0052152345686484,0.0065882084226738,0.006684959287783,0.932347552473814,-0.0030971626963461,-0.0008776561987919,0.7916013328752405,0,Calm/Bull,0.9947
2015-06-09,sp500,0.0004182655190027,0.0051251722315864,0.0065377777045483,0.0064804101830288,0.969230110785399,-0.002811688559476,-0.0006016151000377,0.783931859295376,0,Calm/Bull,0.9954
2015-06-10,sp500,0.0119704917525144,0.0058059296958139,0.0064898743689579,0.0130058348126308,1.0857524093240027,-0.0008409161029243,0.0001446093095563,0.8946135727348693,0,Calm/Bull,0.9954
2015-06-11,sp500,0.0017371167565281,0.0058155553248564,0.0064762722175687,0.0041634005337645,0.998794844167764,0.0012386196914014,0.0002467152119153,0.8979788263192707,0,Calm/Bull,0.9997
2015-06-12,sp500,-0.0070188746531027,0.0054768520389118,0.0063542921831946,0.0076881599771494,0.8752330983200185,0.0001222878073274,-0.0006403087338277,0.8619137869354868,0,Calm/Bull,0.9988
2015-06-15,sp500,-0.0046332896217713,0.005536594642061,0.0063511300618101,0.0090432867855689,0.9858438126150668,0.0004947419506342,-0.0009103791563096,0.8717495293243993,0,Calm/Bull,0.9986
2015-06-16,sp500,0.0056737305157538,0.005665205863788,0.0062857459582167,0.0072985151874987,0.9397454489980748,0.0015458349499844,-0.0007788582541505,0.9012782096900366,0,Calm/Bull,0.9994
2015-06-17,sp500,0.0019776843950728,0.0056987222387582,0.0062875316010783,0.0085362743714637,1.0382839495093894,-0.0004527265215038,-0.0006477949545047,0.9063528583746387,0,Calm/Bull,0.9996
2015-06-18,sp500,0.0098540000540088,0.0061619589890709,0.0063624473037623,0.0118184761432769,1.1253799167399927,0.0011706501379922,-0.0001085474792646,0.968488805467523,0,Calm/Bull,0.9996
2015-06-19,sp500,-0.0053176152379496,0.0062393468996884,0.0061004234347234,0.0057772508223586,1.391818261435292,0.0015109020210229,-0.0004911855365993,1.02277275773584,0,Calm/Bull,0.9997
2015-06-22,sp500,0.0060763679815421,0.0063919830102055,0.0061329118491597,0.0081824511333502,0.9409918174624567,0.0036528335416855,-7.554788004805204e-05,1.042242766147259,0,Calm/Bull,1.0
2015-06-23,sp500,0.0006356664251933,0.0059183868349293,0.0061282096915409,0.0038320953327671,0.9637438226446235,0.0026452207235735,0.0004729956865867,0.9657611493122972,0,Calm/Bull,1.0
2015-06-24,sp500,-0.0073804657183052,0.0057983402647694,0.0060163534176834,0.0078346654711544,0.9676480651436415,0.0007735907008978,-0.000352073545784,0.963763240325408,0,Calm/Bull,0.9999
2015-06-25,sp500,-0.0029780041565964,0.005825106076994,0.0059143029123255,0.0067830193302521,0.9989713852426412,-0.0017928101412231,-0.0004375955577395,0.9849184533403595,0,Calm/Bull,1.0
2015-06-26,sp500,-0.0003901557449223,0.0056574013211137,0.0058887131151506,0.0064430661699178,1.5355148947819988,-0.0008073182426177,-0.0001401775857807,0.9607194662885212,0,Calm/Bull,0.9996
2015-06-29,sp500,-0.0210869695086115,0.0073099558504111,0.0064893293542723,0.0204068702137007,1.112750294032112,-0.0062399857406484,-0.0012973932361686,1.1264578281265,0,Calm/Bull,0.9606
2015-06-30,sp500,0.0026549623524674,0.0073632814885496,0.0064405779273341,0.0087052847411732,1.214702205056757,-0.0058361265551936,-0.0011141898602779,1.143264093940933,0,Calm/Bull,0.9993
2015-07-01,sp500,0.006912096434637,0.0075497424992226,0.0064991319949837,0.0075959747621138,1.0998079085042534,-0.0029776141246051,-0.0008744165120338,1.161653972415057,0,Calm/Bull,0.9998
2015-07-02,sp500,-0.0003080701895465,0.0073240127819837,0.006489765094571,0.0067604844347686,0.8868561037837159,-0.0024436273311952,-0.0004567919107561,1.1285482101826023,0,Calm/Bull,1.0
2015-07-06,sp500,-0.0038692326988974,0.0073612423442938,0.0064810814800637,0.0097692361524402,1.0281312002944292,-0.0031394427219902,-0.0005783927840644,1.135804628739425,0,Calm/Bull,1.0
2015-07-07,sp500,0.0060625605938687,0.0073655455295607,0.0064943086552548,0.0190838445548704,1.285641313322627,0.0022904632985058,4.951326254431353e-05,1.1341539062207862,0,Calm/Bull,0.9893
2015-07-08,sp500,-0.0167929649121415,0.0082700974607731,0.0068182155291366,0.0161236133951927,1.0320372883018492,-0.0015991221544159,-0.0008110482590129,1.2129416304650622,0,Calm/Bull,0.9974
2015-07-09,sp500,0.0022596476448199,0.0077488271160234,0.00682183487909,0.0119679853980509,0.9852594545243538,-0.0025296119123793,-0.0012965904643976,1.1358860560777837,0,Calm/Bull,1.0
2015-07-10,sp500,0.0122629863850077,0.0083033321151249,0.0069793606228042,0.0137579657073096,0.8769365657459234,-1.5400597468499115e-05,-0.0007702969829736,1.1896981061552758,0,Calm/Bull,0.9996
2015-07-13,sp500,0.0110052685073551,0.0085634993245542,0.0071281346923177,0.0098303922738263,0.8812379270975974,0.002959499643782,0.0001309101750492,1.2013660928410206,0,Calm/Bull,0.9999
2015-07-14,sp500,0.0044432732365001,0.0085382007495568,0.0069931264180601,0.0065435639287963,0.8550379788872162,0.0026356421723083,0.0005847383179628,1.2209418562070342,0,Calm/Bull,1.0
2015-07-15,sp500,-0.0007352563007372,0.0084570349331767,0.0068939951845341,0.005528092855463,0.9244992688887876,0.0058471838945891,0.0002642889771382,1.226724810041791,0,Calm/Bull,0.9998
2015-07-16,sp500,0.0079827334444757,0.0086259796935321,0.0069661275093821,0.0065291804752782,0.914592965205801,0.0069918010545203,0.0005645414296084,1.2382747346950511,0,Calm/Bull,0.9998
2015-07-17,sp500,0.0011055716244507,0.0083474386551528,0.0069379693402335,0.0042461487383874,0.9551767797810145,0.0047603181024089,0.0001271200081305,1.2031530042581375,0,Calm/Bull,0.9999
2015-07-20,sp500,0.0007709366240016,0.0082488619459881,0.006932437030909,0.0043040183264916,0.9380163396506516,0.0027134517257381,0.000431547601228,1.1898935265058517,0,Calm/Bull,1.0
2015-07-21,sp500,-0.004270796242723,0.0082005314166762,0.0069495799298774,0.0061768716323106,0.9619253408836898,0.0009706378298935,-8.581060998518729e-05,1.1800038994329394,0,Calm/Bull,1.0
2015-07-22,sp500,-0.0023905650201902,0.0082144258688538,0.0069354192436834,0.0040252631831786,1.0535873341465634,0.0006395760860029,-0.0002371221822543,1.1844166272046637,0,Calm/Bull,0.9999
2015-07-23,sp500,-0.0056922102113794,0.0081455417995032,0.0069649999714092,0.0086769427597258,1.0658560140486502,-0.0020954126451681,-0.000152709406908,1.1694963148513997,0,Calm/Bull,1.0
2015-07-24,sp500,-0.0107610206966611,0.0084671886330835,0.0070850775452239,0.0139061492236782,1.0832950078531078,-0.0044687311093904,-0.0005418602339113,1.195073530111363,0,Calm/Bull,0.9998
2015-07-27,sp500,-0.0057917550650641,0.0085478587695571,0.0070026409583335,0.0070950081431772,1.0921468189186845,-0.0057812694472036,-0.0008119401999184,1.2206621502398538,0,Calm/Bull,0.9991
2015-07-28,sp500,0.0123100738018893,0.0075866718805613,0.0070435427001803,0.0126645215648513,1.1648572238437962,-0.0024650954382811,0.0008579119656066,1.0771102275516884,0,Calm/Bull,0.9997
2015-07-29,sp500,0.0072921429273836,0.0077142690073418,0.0070978083309241,0.0078347026637363,1.1431953426444217,-0.0005285538487663,0.0010897709943524,1.0868522574400616,0,Calm/Bull,1.0
2015-07-30,sp500,2.836690402236809e-05,0.0075934417636221,0.0069248939896638,0.0073554917778826,1.015262794313421,0.000615561574314,0.0007455845178217,1.0965426727046177,0,Calm/Bull,1.0
2015-07-31,sp500,-0.0022741038010517,0.0076204774799483,0.0069058772171376,0.005784623054313,1.0341308926989543,0.0023129449534359,0.0006472828372464,1.1034771167140611,0,Calm/Bull,1.0
2015-08-03,sp500,-0.0027606939449045,0.007589867947248,0.0068999685871575,0.0087652724617888,0.9767963903623124,0.0029191571774678,0.0007027097749461,1.09998586970012,0,Calm/Bull,1.0
2015-08-04,sp500,-0.0022522391669328,0.0075081104966615,0.00668131809353,0.00664490457987,1.0093767009010997,6.694583703383082e-06,0.000286969786906,1.123746900171098,0,Calm/Bull,1.0
2015-08-05,sp500,0.0031098381854906,0.0063556898647728,0.0066628676520646,0.0082815318549298,1.1237124859223773,-0.0008297663646752,0.0012821099417876,0.9538970600449096,0,Calm/Bull,0.9999
2015-08-06,sp500,-0.0077831959225621,0.0066636576592492,0.0067274766228321,0.0133377672258011,1.1889340939884994,-0.0023920789299921,0.0007799677634185,0.9905136848240684,0,Calm/Bull,0.9998
2015-08-07,sp500,-0.0028790228563377,0.006129079986306,0.0067368509730801,0.0070756676448022,1.0010315099616296,-0.0025130627410493,2.2867301351251183e-05,0.9097841129033892,0,Calm/Bull,0.9997
2015-08-10,sp500,0.012726835632025,0.0063011122390002,0.0067964926123185,0.01158176485815,0.9709808924975574,0.0005844431743366,0.0001089456575847,0.92711235021128,0,Calm/Bull,0.9985
2015-08-11,sp500,-0.0096030646801822,0.0065696593772038,0.0069042037937444,0.0125571218896692,1.0147879553987769,-0.0008857219283132,-0.0005933712382493,0.9515448230477036,0,Calm/Bull,0.9993
2015-08-12,sp500,0.0009496036382146,0.0065785407307032,0.0068922677690595,0.0177224754141893,1.1522000778095964,-0.0013177688377684,-0.0005091282413017,0.9544813044315158,0,Calm/Bull,0.9955
2015-08-13,sp500,-0.0012760258683812,0.0062679508556342,0.006893221556573,0.0070413713377703,0.869467931672825,-1.6334826932283204e-05,-0.0009720662069446,0.9092919477769326,0,Calm/Bull,0.9995
2015-08-14,sp500,0.0039043322743591,0.0063475149749021,0.0069145670667738,0.0056608257689903,0.7603837454745296,0.001340336199207,-0.0008321281744492,0.9179916708601222,0,Calm/Bull,0.9997
2015-08-17,sp500,0.0051978917094029,0.006482118753929,0.0069426760305616,0.0112108164876328,0.7840268697665231,-0.0001654525853173,-0.0006107804201791,0.9336628593059436,0,Calm/Bull,0.9995
2015-08-18,sp500,-0.0026289829356331,0.0064436098712563,0.0069447899889769,0.004449420327247,0.8108918259765266,0.0012293637635924,-0.0005286897548246,0.9278336539310568,0,Calm/Bull,0.9998
2015-08-19,sp500,-0.0082891364095971,0.0066645185826927,0.0068992030704746,0.0123291825167704,0.968039901898647,-0.0006183842459698,-0.0008236183242949,0.9659838266268448,0,Calm/Bull,0.9995
2015-08-20,sp500,-0.0213259604541461,0.0080404323311227,0.0073098104496754,0.0200813110507474,1.07867350606358,-0.0046283711631228,-0.0016053058364333,1.099950865549423,0,Calm/Bull,0.9802
2015-08-21,sp500,-0.0323692425218781,0.010431655801902,0.0083755638317922,0.0320616274559195,1.3585601575399595,-0.0118830861223703,-0.0026857169276941,1.2454869918494529,2,Stress/Bear,0.9999
2015-08-24,sp500,-0.0402114443465192,0.0133906220277424,0.009754397446221,0.0518378926127345,1.725384139707091,-0.0209649533335547,-0.0044067013917669,1.3727779805537998,2,Stress/Bear,1.0
2015-08-25,sp500,-0.0136142497426558,0.0129342288719016,0.0098589907630235,0.0433495663670765,1.3339471795456423,-0.0231620066949593,-0.0057029175689941,1.311922202058642,2,Stress/Bear,1.0
2015-08-26,sp500,0.0382912994345316,0.0160544524090671,0.0111501144089173,0.0362481849958651,1.351165452180715,-0.0138459195261335,-0.0041529597436367,1.4398464285018862,2,Stress/Bear,1.0
2015-08-27,sp500,0.02400725448969,0.0172351052728911,0.0116153194705802,0.0235603449530615,1.24469024706022,-0.0047792765373663,-0.0029540153643533,1.4838253322730288,2,Stress/Bear,0.9463
2015-08-28,sp500,0.0006085511568762,0.0172531344781311,0.0115736450814776,0.009196196386593,0.9785645672888276,0.0018162821983845,-0.002809882616457,1.4907260726132807,2,Stress/Bear,0.7481
2015-08-31,sp500,-0.008427078663984,0.0172987486818689,0.0116145262677726,0.0105213517198675,0.9649042600359188,0.0081731553348915,-0.0030932018524109,1.4894063075020585,2,Stress/Bear,0.9033
2015-09-01,sp500,-0.0300226498424279,0.0183125145282,0.0121866220475981,0.0350184290232735,1.06662798828328,0.0048914753149371,-0.0044817223861857,1.502673542896103,2,Stress/Bear,0.9986
2015-09-02,sp500,0.0181276714232146,0.0189374200840037,0.0124427243395949,0.0166199803433259,0.9156357684671758,0.0008587497126737,-0.0037308307242995,1.5219673414881856,1,Transition,0.6566
2015-09-03,sp500,0.0011641156994188,0.0189423333010182,0.0123282051930122,0.0155243571605671,0.869059404321452,-0.0037098780453804,-0.0032834651432004,1.5365037330620563,1,Transition,0.7287
2015-09-04,sp500,-0.0154483087542762,0.0191357316996925,0.0124562059207275,0.0190243956368767,0.7859954335633097,-0.0069212500276109,-0.0039119294380974,1.5362407960717868,1,Transition,0.6187
2015-09-08,sp500,0.0247736371970385,0.0198628260096362,0.0128884684228131,0.0218948793642905,0.8803159527172358,-0.0002811068554064,-0.0033095893598467,1.541131603696077,2,Stress/Bear,0.5142
2015-09-09,sp500,-0.0139950357690847,0.0199601072504597,0.0129891863217675,0.0261323139478108,0.9066221082665356,0.0029244159592622,-0.0035291879142918,1.5366711013306624,1,Transition,0.5961
2015-09-10,sp500,0.0052640754449356,0.0200342376957319,0.0129856302597507,0.0143934031798593,0.9074577384975616,0.0003516967636064,-0.0033134643239558,1.5428005645462202,1,Transition,0.864
2015-09-11,sp500,0.0044770064449862,0.0201062026711766,0.0129999518513079,0.0111471440695448,0.805453859995588,0.0010142749127198,-0.0030258127082874,1.5466367030546946,1,Transition,0.7828
2015-09-14,sp500,-0.0040980412230438,0.0200405499407969,0.0129244478160924,0.0075728682307177,0.7488843614913387,0.0032843284189663,-0.0034259313831575,1.550592352258495,2,Stress/Bear,0.5612
2015-09-15,sp500,0.0127496876314323,0.0202812825834339,0.0130410261368059,0.0146049436968577,0.8049672601444855,0.0008795385058451,-0.0030483415870561,1.5551907013048334,1,Transition,0.8125
2015-09-16,sp500,0.0086677407153759,0.0204501807557697,0.0130693747722256,0.0096876953892122,0.8945053412662493,0.0054120938027372,-0.0024835054045056,1.5647405566201469,1,Transition,0.6824
2015-09-17,sp500,-0.00256434444256,0.0204046569598822,0.0130689805346226,0.0171490331223834,1.0223285164924112,0.0038464098252381,-0.0021972658061538,1.5613044112986247,1,Transition,0.8781
2015-09-18,sp500,-0.0162962309543835,0.0201863156328238,0.0131918714200998,0.0184931193424114,1.4345333521070789,-0.0003082376546358,-0.0019457793311656,1.530208640607795,2,Stress/Bear,0.8901
2015-09-21,sp500,0.0045553920336726,0.0189052570278286,0.0132108336879532,0.0121201473206988,0.7954803837994855,0.0014224489967074,-9.95476033881404e-05,1.431041936820996,1,Transition,0.9241
2015-09-22,sp500,-0.0123949300193783,0.0166927188152188,0.0132904285986719,0.0165591093543256,0.9593355644087628,-0.0036064745334546,0.0012912781129689,1.2559955227393444,1,Transition,0.9606
2015-09-23,sp500,-0.0020507442295939,0.0163459297800805,0.0130350512706586,0.0087427392543735,0.8244192201437016,-0.0057501715224486,0.001869453388622,1.2539981194300744,1,Transition,0.8727
2015-09-24,sp500,-0.0033686518713064,0.0139372811048433,0.0130296834137314,0.0146203370920676,1.0745417670390045,-0.0059110330081979,-0.0002135441766698,1.0696561583495894,1,Transition,0.6886
2015-09-25,sp500,-0.0004659018012205,0.0127200176156477,0.0129876094331084,0.0162529721353873,0.9942295540382772,-0.0027449671775653,-0.0014372019912154,0.979396376304743,0,Calm/Bull,0.6385
2015-09-28,sp500,-0.0260012111628091,0.013837362813106,0.0133749845805581,0.0265548352108856,1.1499885510401011,-0.0088562878168616,-0.0027676901071996,1.0345703749984174,1,Transition,0.9171
2015-09-29,sp500,0.0012320939129817,0.0137979483513748,0.0133768097166042,0.0146330306881385,1.0951907060689623,-0.0061308830303896,-0.0022847314783514,1.031482740929468,1,Transition,0.7636
2015-09-30,sp500,0.0188958986035651,0.0129307059111017,0.0136014442382304,0.0173903606396536,1.1968311047492697,-0.0019415544637578,0.0001611959439482,0.950686242182766,1,Transition,0.9557
2015-10-01,sp500,0.0019719386783371,0.0122351824775188,0.0134551568774747,0.0137798809170064,1.050271228669167,-0.0008734363538291,-0.0006465906932956,0.9093303473853748,1,Transition,0.7069
2015-10-02,sp500,0.0142137930164055,0.0126768162974789,0.0135925238856855,0.029548640236824,1.141495615603293,0.002062502609696,5.893172553707652e-06,0.9326315262781382,1,Transition,0.9404
2015-10-05,sp500,0.0181245935185021,0.0127453391151446,0.013708807651906,0.0175335734050444,1.113066303801164,0.0108876635459583,0.0016845382861926,0.9297190126796064,1,Transition,0.991
2015-10-06,sp500,-0.0035946893441432,0.0115643630729141,0.0136262141016237,0.0099145442478053,1.0701636619032533,0.0099223068945333,0.0002661219591335,0.8486849675682177,1,Transition,0.9967
2015-10-07,sp500,0.0080035198575527,0.0111762088863796,0.013657937663339,0.0114589507578637,1.173189266323972,0.0077438311453308,0.0013660497404654,0.8182940325155468,1,Transition,0.9983
2015-10-08,sp500,0.0087797801445584,0.0112680172484196,0.013715225328153,0.0143883670802125,0.9864534627255174,0.0091053994385751,0.0015418349754465,0.8215699690540248,1,Transition,0.9991
2015-10-09,sp500,0.0007248485605153,0.0112477935668104,0.013668735026095,0.0062137483635475,0.9226537901509588,0.006407610547397,0.001354227081223,0.8228847472232969,1,Transition,0.9963
2015-10-12,sp500,0.0012746644773328,0.011174642687162,0.01366916902925,0.0040198990357131,0.7210946831650904,0.0030376247391632,0.0016228623662418,0.8175070966823131,1,Transition,0.9939
2015-10-13,sp500,-0.006848823690127,0.0110055925648918,0.0136889679186236,0.0102610369491638,0.846163403169158,0.0023867978699664,0.0006429368001638,0.803975334759817,1,Transition,0.9977
2015-10-14,sp500,-0.0047274309119391,0.0108985999263135,0.013690940929573,0.0094422327388926,0.9063661917469868,-0.0001593922839319,-2.682178120188526e-05,0.7960446241333264,1,Transition,0.9984
2015-10-15,sp500,0.014743551351355,0.0113637393426367,0.0138396068828061,0.0136768619920756,0.9367537618529186,0.0010333619574274,0.0008385730084938,0.82110275522021,1,Transition,0.9983
2015-10-16,sp500,0.004560061373697,0.0106426539710998,0.0138405601744022,0.0064335319875664,0.9271505418282484,0.0018004045200637,0.0018813876248979,0.7689467649425911,1,Transition,0.9997
2015-10-19,sp500,0.000270508943873,0.0106291114814455,0.0137758263835134,0.0059694798413156,0.8475021101702213,0.0015995734133717,0.0016671434704079,0.7715770499377217,1,Transition,0.9996
2015-10-20,sp500,-0.0014221010558937,0.0101368623271519,0.0137582314807734,0.0061602296888904,0.8642032313392802,0.0026849179402184,0.0022157849185821,0.7367852722435854,1,Transition,0.9999
2015-10-21,sp500,-0.0058424489111342,0.0102556187147276,0.0136755778417126,0.0102776707590157,0.9357549500768536,0.0024619143403794,0.0020261996845051,0.7499221483311942,1,Transition,0.9998
2015-10-22,sp500,0.0164908470125941,0.0106592638321798,0.0138164172430562,0.0162337558065635,1.1379170866692776,0.0028113734726272,0.0030191746287001,0.7714926123512125,1,Transition,0.9994
2015-10-23,sp500,0.0109699539690427,0.0107686396491528,0.0138948115348363,0.0103848154794916,1.0499099894982424,0.0040933519916963,0.0035909674172133,0.775011566162972,1,Transition,0.9996
2015-10-26,sp500,-0.0019149330011001,0.0083631990369246,0.0138940094124095,0.0041569846973314,0.8757636710684624,0.0036562636027017,0.0047952813252987,0.6019284130795931,1,Transition,1.0
2015-10-27,sp500,-0.0025573858650877,0.0084901375195637,0.0138934141750032,0.0055811441540507,1.089538479346496,0.0034292066408629,0.0046058073363953,0.6110907954388253,1,Transition,0.9999
2015-10-28,sp500,0.0117704884881434,0.0079939241435293,0.0139769806114017,0.0130313052655232,1.211168995624632,0.0069517941207185,0.0042495368306242,0.571934981222498,1,Transition,0.9999
2015-10-29,sp500,-0.0004498753806607,0.0080483976949287,0.0139710080359312,0.004733459270692,1.0331640575168384,0.0035636496420675,0.0041284461276743,0.5760785244865362,1,Transition,1.0
2015-10-30,sp500,-0.0048214816884254,0.0079174268332979,0.0139485548815214,0.0072041299702162,1.098619008390644,0.0004053625105738,0.0031766823924327,0.5676162800052297,1,Transition,1.0
2015-11-02,sp500,0.0118038763388146,0.0073984997078861,0.0140263710347671,0.0120909392913058,0.977793542592174,0.0031491243785568,0.0028606465334484,0.527470697128111,1,Transition,1.0
2015-11-03,sp500,0.0027243529250675,0.0072415789951588,0.0139342347523476,0.0089914021546686,1.109944254144565,0.0042054721365878,0.0031765986469089,0.5196969280238986,1,Transition,1.0
2015-11-04,sp500,-0.0035516669396471,0.0072969464877367,0.0138850358826899,0.0083765509991682,1.0679023206081608,0.0011410410510297,0.0025988393070489,0.5255259366548418,1,Transition,1.0
2015-11-05,sp500,-0.0011327897564983,0.0071908977793271,0.0138855937579579,0.0087479667348461,1.059275137585982,0.0010044581758622,0.0021032108119961,0.5178675038801286,1,Transition,1.0
2015-11-06,sp500,-0.0003476817800236,0.0072057019911378,0.0138845397432804,0.008655641338433,1.1323810645706958,0.0018992181575425,0.0020495842949691,0.5189730537971237,1,Transition,1.0
2015-11-09,sp500,-0.0098712906565025,0.0076839402776154,0.0139348079028622,0.0136247184592095,0.9935091215082372,-0.0024358152415208,0.0014922865382773,0.5514206102573612,1,Transition,1.0
2015-11-10,sp500,0.0015094551534496,0.0074294894606307,0.013919150835572,0.0066099235052144,0.9727007001442338,-0.0026787947958444,0.0019102004804562,0.5337602522162342,1,Transition,1.0
2015-11-11,sp500,-0.0032333073215689,0.0073664776307764,0.0139211824745069,0.0058264307228915,0.939286046346279,-0.0026151228722287,0.0019849066599747,0.5291560285389746,1,Transition,1.0
2015-11-12,sp500,-0.0140891633366326,0.0075570159144399,0.0139984032997438,0.0130158336945975,1.0181982365447524,-0.0052063975882556,0.0005432709255753,0.5398484207536857,1,Transition,1.0
2015-11-13,sp500,-0.0112706404321554,0.0079338204813376,0.0138008684380141,0.0111811900310533,1.0754001600753402,-0.0073909893186819,-0.0002482641647172,0.5748783503713569,1,Transition,1.0
2015-11-16,sp500,0.0147933027942343,0.0086188247921359,0.0132647147744852,0.0164767785836302,0.9349716571315756,-0.0024580706285346,0.0004778755278007,0.649755757184789,1,Transition,0.9999
2015-11-17,sp500,-0.0013402770182465,0.0086178948096591,0.0121347334113104,0.0101392469842004,1.091491134646865,-0.0030280170628738,0.0004819667296831,0.7101841068569851,1,Transition,0.9876
2015-11-18,sp500,0.0160332298771722,0.0091450601972604,0.0121195160845247,0.0159917387909369,0.9644377414846348,0.0008252903768743,0.0015757506690984,0.7545730484187926,1,Transition,0.9961
2015-11-19,sp500,-0.0011237403289792,0.0084552190751632,0.0111378075710675,0.0038342432906314,0.9000447279890788,0.003418374978405,0.0006950213020198,0.7591457314388508,1,Transition,0.5436
2015-11-20,sp500,0.0038029552801494,0.0081429355283593,0.0107336454029316,0.0068160995835105,0.9770044926891244,0.006433094120866,0.0003366713675751,0.7586365323877029,1,Transition,0.593
2015-11-23,sp500,-0.001235623841684,0.0081344617727252,0.0107369306370417,0.0068150495520303,0.8898320742602238,0.0032273087936823,0.0003706368255459,0.7576151926195606,0,Calm/Bull,0.7406
2015-11-24,sp500,0.0012212499449607,0.0081067100851196,0.0106684370967471,0.0114066454858569,0.96745904691987,0.0037396141863238,0.0005595686160483,0.7598779475947224,0,Calm/Bull,0.662
2015-11-25,sp500,-0.0001291406149671,0.007665252277464,0.009864739938507,0.0032074522569627,0.727170680717949,0.0005071400878959,-3.541283910716565e-05,0.7770354135280119,0,Calm/Bull,0.9572
2015-11-27,sp500,0.0005934415594808,0.0076658333230901,0.0096192192333536,0.0043826189909673,0.3863930554406757,0.0008505764655879,1.6753007899912495e-05,0.7969288501617333,0,Calm/Bull,0.9921
2015-11-30,sp500,-0.0046518001396184,0.0076602887266379,0.0096484992659019,0.0064411087480295,1.125843537288664,-0.0008403746183656,2.5237085340261983e-05,0.7939357733807998,0,Calm/Bull,0.9793
2015-12-01,sp500,0.0106239389467392,0.0075687966435767,0.0094775833858758,0.0097212475262331,0.978216286063148,0.001531537939319,-3.3759784263507394e-05,0.7985998471779499,0,Calm/Bull,0.9662
2015-12-02,sp500,-0.0110565926394489,0.0079234724757584,0.0091081381055761,0.0130607267970958,1.0454986862592257,-0.0009240305775628,-0.0007228070624893,0.8699332820730449,0,Calm/Bull,0.9827
2015-12-03,sp500,-0.01447782644415,0.0084855169718678,0.0091217291193213,0.0208087459995206,1.1362487135874844,-0.0037937677433994,-0.0012691150377144,0.930253119871116,0,Calm/Bull,0.831
2015-12-04,sp500,0.0203178563638512,0.0097631105000242,0.0094451351027858,0.020366353928924,1.1096992019078282,0.0001511152174745,-0.0001965827316969,1.03366552132691,0,Calm/Bull,0.5627
2015-12-07,sp500,-0.0070140439603977,0.0098816180582257,0.0094929002729981,0.0113813649997843,1.0692320211169504,-0.0003213335466812,-0.0005299008407157,1.0409482638655057,0,Calm/Bull,0.9986
2015-12-08,sp500,-0.0065110526255945,0.0097420120760994,0.0095197566079607,0.0104332878042085,1.0993069622616238,-0.003748331861148,-0.0003618889391703,1.02334675951199,0,Calm/Bull,0.9978
2015-12-09,sp500,-0.0077690863656927,0.0098683152321293,0.009455847172672,0.0213907116225529,1.1465494228753506,-0.0030908306063967,-0.0008258160151274,1.0436204236305138,0,Calm/Bull,0.9603
2015-12-10,sp500,0.0022488565785946,0.0098740599979239,0.0093988840620014,0.0107102316054349,0.9710591619065344,0.0002545059981521,-0.0005517078201192,1.0505566334032788,0,Calm/Bull,0.9993
2015-12-11,sp500,-0.0196138677558153,0.0103390452516965,0.0097435513855026,0.0191167483099372,1.1200360614810754,-0.0077318388257811,-0.0008279430410783,1.0611167163422477,0,Calm/Bull,0.8924
2015-12-14,sp500,0.004744288064068,0.010105228484009,0.0095163231602294,0.0146690975198101,1.195926252718256,-0.0053801724208879,-2.71966162672008e-05,1.0618837038070368,0,Calm/Bull,0.9941
2015-12-15,sp500,0.0105625801059143,0.0098188819952392,0.0095906448443425,0.0138592195818123,1.1199081753188758,-0.0019654458745861,-0.0002387327506831,1.0237978941563393,0,Calm/Bull,0.9938
2015-12-16,sp500,0.0144106356507714,0.0103435320786649,0.0095977028321943,0.0165406454492512,1.18924381441593,0.0024704985287066,0.0005488128827677,1.0777091413967117,0,Calm/Bull,0.981
2015-12-17,sp500,-0.0151547766358763,0.0102366355183763,0.0098167963229812,0.0169989973792925,1.1045281573143315,-0.0010102281141875,-0.0010105874428847,1.0427674346682947,0,Calm/Bull,0.9746
2015-12-18,sp500,-0.0179574950071069,0.0109159505109003,0.010099991449799,0.0176909584279854,1.6417854715176663,-0.0006789535644458,-0.0018522751767911,1.0807880942431414,2,Stress/Bear,0.5129
2015-12-21,sp500,0.0077483067271562,0.0110582495689235,0.0101406033250275,0.0083961954818493,0.9256882755293078,-7.814983182823781e-05,-0.0016550076044407,1.09049227294309,0,Calm/Bull,0.9959
2015-12-22,sp500,0.0087780955915688,0.0113022420173518,0.009562653874194,0.0109123725801254,0.8674656406134933,-0.0004350467346973,-0.0011543216327781,1.181914787050108,0,Calm/Bull,0.9997
2015-12-23,sp500,0.0123415965275538,0.0116920714904558,0.009667563538866,0.0109141781777463,0.8626660694517384,-0.0008488545593408,-0.0005983043036484,1.2094124278005265,0,Calm/Bull,0.9994
2015-12-24,sp500,-0.0015999154038633,0.0116935905303221,0.009401724184957,0.0041873696592498,0.3559287295487702,0.0018621176870617,-0.0006718430430932,1.2437708552471811,0,Calm/Bull,0.9983
2015-12-28,sp500,-0.002180936456306,0.0116942466498916,0.0094110827596303,0.0065986230777413,0.6203396162222452,0.0050174293972219,-0.0008105619438826,1.2426037416284466,0,Calm/Bull,0.9995
2015-12-29,sp500,0.0105736641730229,0.0119243392064281,0.0093366257133752,0.0101137524032466,0.6466013366994589,0.0055825008863952,-4.928872825055025e-05,1.2771572485063662,0,Calm/Bull,0.9996
2015-12-30,sp500,-0.0072433987837785,0.011750661319126,0.009122276542622,0.0074490716052006,0.6126745737451025,0.0023782020113257,-0.0009426556147764,1.2881281623313416,0,Calm/Bull,0.9995
2015-12-31,sp500,-0.0094564850414678,0.0116834303259625,0.009199331026618,0.0092566535650237,0.6988951984892053,-0.0019814143024785,-0.0008626502348773,1.270030428534073,0,Calm/Bull,0.9996
2016-01-04,sp500,-0.0154220417978059,0.0117430979096394,0.0093722632641682,0.0241073488005703,1.1330884337662397,-0.004745839581267,-0.0009098610025601,1.2529628733899647,0,Calm/Bull,0.8271
2016-01-05,sp500,0.0020102041393599,0.0106653864912286,0.0093070114469849,0.008811330238423,0.982190506726588,-0.0039076114621338,-0.0018252436137847,1.1459517968771549,0,Calm/Bull,0.9992
2016-01-06,sp500,-0.013202163002626,0.0109107742887418,0.0094616996887295,0.0164098720514517,1.1446989709835522,-0.0086627768972636,-0.0021346495658961,1.1531516162723203,0,Calm/Bull,0.9904
2016-01-07,sp500,-0.0239858165193447,0.0119316190740731,0.0099444264536503,0.0239258042870641,1.3242277605283566,-0.0120112604443769,-0.0030083877605836,1.1998297870354664,2,Stress/Bear,0.8966
2016-01-08,sp500,-0.0108975374458479,0.0120175140000503,0.0100009433487467,0.0218207118709301,1.2124261635314932,-0.0122994709252529,-0.0031648103145914,1.2016380436307883,0,Calm/Bull,0.5377
2016-01-11,sp500,0.0008529082958226,0.0119884353311812,0.0099887332335823,0.0179604859663278,1.1837194481444946,-0.0090444809065272,-0.00323460772873,1.2001957656528377,0,Calm/Bull,0.9443
2016-01-12,sp500,0.0077725141177748,0.0115760754389819,0.0098467672225668,0.0170373802699678,1.246265323600554,-0.0078920189108442,-0.0018652886350505,1.1756219251788425,0,Calm/Bull,0.9466
2016-01-13,sp500,-0.025282375077909,0.012577545441171,0.010318125208244,0.0338150543222827,1.2894049407211805,-0.0103080613259008,-0.0033666217921493,1.2189758495198053,2,Stress/Bear,0.9784
2016-01-14,sp500,0.0165580609343839,0.0129916397487961,0.0105690470962135,0.0288993454085449,1.3136824005719825,-0.002199285835155,-0.0030668477507258,1.2292158063568894,2,Stress/Bear,0.8542
2016-01-15,sp500,-0.0218357726981623,0.0129533401008764,0.0109078819055985,0.031297750411704,1.3565061048802578,-0.0043869328856179,-0.0048791681681725,1.187521116654924,2,Stress/Bear,0.8783
2016-01-19,sp500,0.0005316801874288,0.0127720444717375,0.0108937519840835,0.0195818738237545,1.213481491658769,-0.0044511785072967,-0.0040948453270073,1.1724192445723312,0,Calm/Bull,0.8062
2016-01-20,sp500,-0.0117627660258983,0.0124901698149228,0.0107264777014437,0.0343618487081258,1.585004969143877,-0.0083582345360313,-0.0037851088779468,1.1644241625787055,2,Stress/Bear,0.984
2016-01-21,sp500,0.005181988635948,0.012378126635283,0.0106367336537851,0.0218674232236323,1.2345464743677392,-0.0022653617932599,-0.0039134247825073,1.1637150123504554,0,Calm/Bull,0.6745
2016-01-22,sp500,0.0200807268822134,0.0132176108836944,0.0110034575176943,0.0164927110856473,1.1718421378201165,-0.001560828603694,-0.003348293217975,1.201223421132816,1,Transition,0.4718
2016-01-25,sp500,-0.0157615451728214,0.012953004868163,0.0111584094248023,0.0161474520549762,1.0408064477606858,-0.0003459830986258,-0.0047534503029938,1.1608289654053927,1,Transition,0.7362
2016-01-26,sp500,0.0140452378303679,0.013609272611692,0.0112083514305147,0.0146771911214805,0.995845407382474,0.0023567284299619,-0.0039711926412822,1.214208235355723,1,Transition,0.5271
2016-01-27,sp500,-0.0109229223005284,0.0136889008662417,0.0112721466056588,0.0235216230972764,1.0589955108903095,0.0025246971750359,-0.0044082919334934,1.214400534798726,1,Transition,0.7321
2016-01-28,sp500,0.0055133507175915,0.0134419488270174,0.0113030880399411,0.0154803823626784,1.020941326346365,0.0025909695913646,-0.0046613076062649,1.189228003844464,1,Transition,0.7119
2016-01-29,sp500,0.0244586509945564,0.0149104124217592,0.011668864352897,0.0238320983317065,1.1565905889753445,0.0034665544138331,-0.0030762051173482,1.2777946482904723,2,Stress/Bear,0.5399
2016-02-01,sp500,-0.0004433348455418,0.0148434812261094,0.0116572740369797,0.0138703618043001,0.8937097536190083,0.0065301964792891,-0.0026255476075519,1.2733235213500431,1,Transition,0.6391
2016-02-02,sp500,-0.0189209687182314,0.0150217879032965,0.0118721545973396,0.0199523760101431,0.9212843225984436,-6.304483043074252e-05,-0.0028004939535731,1.265295846691774,1,Transition,0.8358
2016-02-03,sp500,0.004979620021574,0.0150863734441168,0.0119029386652808,0.0239368943732118,1.051872902918696,0.0031174636339897,-0.0026520231594624,1.2674494818764117,1,Transition,0.8797
2016-02-04,sp500,0.0015255682925234,0.0149026245063818,0.0119086223100942,0.0140071297807979,1.0468967964069442,0.0023199071489761,-0.001915636594705,1.2514146572395473,0,Calm/Bull,0.5181
2016-02-05,sp500,-0.0186541582763518,0.0145300778126398,0.0120658737926666,0.0214993860935747,0.9952744078625616,-0.0063026547052055,-0.0016490536825553,1.204229222211064,1,Transition,0.9163
2016-02-08,sp500,-0.0142550579230573,0.014661358642058,0.0121666172917718,0.0241658971849482,1.126858497535998,-0.0090649993207086,-0.0018169297064158,1.20504806639832,1,Transition,0.8811
2016-02-09,sp500,-0.0006638406467602,0.014650740704184,0.0121664951081572,0.0179839539232852,1.030313752305833,-0.0054135737064143,-0.0018927671535449,1.20418744872229,1,Transition,0.7481
2016-02-10,sp500,-0.0001889681307609,0.014481487037485,0.012062218942747,0.0168911416329008,0.8924641543355372,-0.0064472913368813,-0.0022908412659717,1.2005657587729928,1,Transition,0.7411
2016-02-11,sp500,-0.0123774473292562,0.0136677838775803,0.0120779995179288,0.0201740904173787,1.0934671065343249,-0.0092278944612373,-0.0016455948785391,1.1316264632476225,1,Transition,0.8381
2016-02-12,sp500,0.0193300152070459,0.0138745828829541,0.0121964933131853,0.0168277246591087,0.938746684875638,-0.0016310597645577,-0.001506997164906,1.137587872733437,1,Transition,0.771
2016-02-16,sp500,0.0163817377416849,0.0135555305668146,0.0124156148537701,0.0128351632160316,0.9217838844571096,0.0044962993683907,0.0004038783570863,1.0918130697891597,0,Calm/Bull,0.7062
2016-02-17,sp500,0.0163461106256413,0.0140167745293039,0.0124230855995728,0.0165453990364857,1.0098486407856102,0.007898289622871,0.0011945998789969,1.1282844682150432,1,Transition,0.8667
2016-02-18,sp500,-0.0046766321239347,0.0137592012567602,0.0124306788525271,0.0077744297051027,0.9121662985816004,0.0070007568242362,0.0015489065740951,1.1068744852951415,0,Calm/Bull,0.6339
2016-02-19,sp500,-2.60332818018429e-05,0.0137360872022401,0.0124135261073483,0.008661048242145,0.860067834260194,0.0094710396337271,0.0012885054782076,1.1065419352611547,0,Calm/Bull,0.5975
2016-02-22,sp500,0.014350731099076,0.013378604779771,0.0125795652901046,0.0114417937628501,0.8492366272317619,0.0084751828121331,0.0010020056890507,1.063518847530837,0,Calm/Bull,0.6266
2016-02-23,sp500,-0.0125325775707884,0.0131837245079783,0.0126603650264691,0.0119400517591792,0.8192569443852215,0.0026923197496384,0.0011634540691524,1.0413384195807174,0,Calm/Bull,0.6077
2016-02-24,sp500,0.0044299600346319,0.0128606054456407,0.0126817612805057,0.0212871567080918,0.9094760356303524,0.0003090896314365,0.0006826901793656,1.0141024705621866,1,Transition,0.7488
2016-02-25,sp500,0.0112843667304508,0.012764167353831,0.0127837976205611,0.0135368768437671,0.8733954060005228,0.0035012894023137,0.0017930546309145,0.9984644416852696,0,Calm/Bull,0.6917
2016-02-26,sp500,-0.0018718653295646,0.0127577001743561,0.0127758964316505,0.0088190401735108,0.9256191134532686,0.0031321229927611,0.0014237938285567,0.9985757353785882,0,Calm/Bull,0.8401
2016-02-29,sp500,-0.0081541310915717,0.0116987891509837,0.0127137897596301,0.0136940018553489,0.9861798379272292,-0.0013688494453684,-0.0002068452757496,0.9201653772921936,0,Calm/Bull,0.6299
2016-03-01,sp500,0.0235883854016189,0.0128506657233963,0.0130504531542266,0.0208557688350388,1.030447012713853,0.005855343149113,0.0009947407366084,0.9846911499187556,1,Transition,0.9789
2016-03-02,sp500,0.0040859498611017,0.011973889920619,0.0129410318021452,0.0089153824021855,0.9955413428451352,0.005786541114407,0.002145086665575,0.9252654737031138,0,Calm/Bull,0.5289
2016-03-03,sp500,0.0034926343203169,0.0119599716286467,0.0126610678386682,0.0081869901119618,1.0851498975805305,0.0042281946323802,0.0020707373805122,0.9446258231173617,0,Calm/Bull,0.7392
2016-03-04,sp500,0.0033004398659416,0.0119622981338425,0.012645309112256,0.0111800486306144,1.2801976732719988,0.0052626556714815,0.0021594809591831,0.9459870081189676,0,Calm/Bull,0.5987
2016-03-07,sp500,0.0008846228008639,0.0109259816926477,0.0126230394565161,0.0083626359567124,1.0508683945013315,0.0070704064499686,0.0031364200130439,0.8655587055942908,1,Transition,0.8302
2016-03-08,sp500,-0.0113037560560061,0.0106962465477163,0.012665681740455,0.0098268802865259,0.9922402967368502,9.197815844361847e-05,0.0032839851063964,0.8445061834730806,1,Transition,0.9349
2016-03-09,sp500,0.0050396727828142,0.0106614275773362,0.0126813088307288,0.0064596762227434,0.8739205762250675,0.0002827227427861,0.0035691607778751,0.8407198120987246,1,Transition,0.9029
2016-03-10,sp500,0.0001557927971226,0.0106553083553942,0.0124311414634546,0.0180088948978734,0.9481831088574884,-0.0003846455618527,0.0035863988242693,0.85714641625783,1,Transition,0.9818
2016-03-11,sp500,0.0162625455888514,0.010316068661351,0.0125964679127076,0.0136782572266443,0.8974124982548992,0.0022077755827292,0.0050183984701747,0.8189651839579499,1,Transition,0.9982
2016-03-14,sp500,-0.0012617686166117,0.00982858673476,0.0125207161671859,0.0061990737805404,0.7777718064772356,0.001778497299234,0.0039888092789918,0.7849859867056698,1,Transition,0.9678
2016-03-15,sp500,-0.0018386309343179,0.0094568174202394,0.0123743224888629,0.0053126649497511,0.802969218814119,0.0036715223235717,0.0030777908451917,0.7642291065834655,1,Transition,0.9588
2016-03-16,sp500,0.0055847278817796,0.0089549826596449,0.0122460529813443,0.0108424249890979,0.924957836197546,0.0037805333433648,0.0025397217079986,0.7312546069567833,1,Transition,0.989
2016-03-17,sp500,0.0065735830685963,0.008830302140659,0.0120483417748823,0.0118004873384778,1.0317962261211735,0.0050640913976595,0.0031022324676251,0.7329060135949943,1,Transition,0.9905
2016-03-18,sp500,0.0043959672510261,0.0088031707226381,0.0120209043094567,0.0054645697241717,1.4422956114504228,0.0026907757300944,0.0033233324942665,0.7323218366951648,1,Transition,0.9652
2016-03-21,sp500,0.0009850919042923,0.0084210022974495,0.0119689981156995,0.0052495110880726,0.7545515327903435,0.0031401478342753,0.0026550505345274,0.7035678522167873,1,Transition,0.9769
2016-03-22,sp500,-0.0008777728967722,0.0076858632515576,0.0118610758442669,0.0078203488073639,0.7679574350932461,0.0033323194417844,0.0032377907682282,0.6479903975382284,1,Transition,0.9976
2016-03-23,sp500,-0.0064065095306671,0.0079739615445813,0.0118874610368755,0.0067216558759603,0.8238883734491581,0.000934071959295,0.0026959672899632,0.6707876071976733,1,Transition,0.9936
2016-03-24,sp500,-0.0003781417793768,0.0077357203861407,0.0118846408144551,0.0066554265931664,0.7776711536289168,-0.0004562730102995,0.0021128418644718,0.6509006462132095,1,Transition,0.9964
2016-03-28,sp500,0.0005451068880723,0.0076889320378042,0.0118012468822187,0.0052576435291679,0.6525204274859093,-0.0012264450828903,0.0022336904753537,0.6515355635334948,1,Transition,0.9954
2016-03-29,sp500,0.0087780120542374,0.0074121531647038,0.011823509046234,0.013430520233219,0.8958533796033765,0.0003321389470987,0.0030802976326441,0.626899606176113,1,Transition,0.9998
2016-03-30,sp500,0.0043408799935662,0.0056491469171091,0.0117718688771553,0.0067540113549435,0.8537746959463115,0.0013758695251664,0.0021179223622415,0.4798853075973311,1,Transition,1.0
2016-03-31,sp500,-0.0020418423596207,0.0057027111528342,0.0115970756818807,0.0050782919140729,0.8936003076735841,0.0022488029593756,0.0018115327512054,0.4917369955379541,1,Transition,1.0
2016-04-01,sp500,0.0063109590665997,0.0057807255159473,0.0116205559382257,0.0149992220357175,0.9166287283209088,0.003586623128571,0.0019524489885195,0.4974568812952987,1,Transition,1.0
2016-04-04,sp500,-0.0032134800458546,0.0058833715185279,0.0114923980806779,0.0055417383326787,0.8795953121189223,0.0028349057417856,0.0016267529929297,0.5119359316676986,1,Transition,1.0
2016-04-05,sp500,-0.0101962984117945,0.0064512813685434,0.0111238917619746,0.0097497718907441,1.0593358027848447,-0.0009599563514207,0.0010727069322968,0.5799482327395713,1,Transition,0.9922
2016-04-06,sp500,0.0104527979320131,0.0060780168321091,0.0110830344781378,0.0117291249337421,0.9672866382250492,0.0002624272362686,0.0021605346316978,0.5484072835917397,1,Transition,0.9987
2016-04-07,sp500,-0.0120480739700048,0.0068090460382354,0.0112144276795297,0.0143052144553639,0.9833003842017484,-0.0017388190858082,0.0013061472940568,0.6071683935029816,1,Transition,0.9958
2016-04-08,sp500,0.0027827026046165,0.0068110240300678,0.0111817632512545,0.0092498249814787,0.8806235582195232,-0.0024444703782048,0.0014374927844315,0.6091189624591381,1,Transition,0.9812
2016-04-11,sp500,-0.0027435458896039,0.0058984754341611,0.0106529802778716,0.0103085357217624,0.9415302743398668,-0.0023504835469547,0.0004871882105087,0.5536925142359852,1,Transition,0.9515
2016-04-12,sp500,0.0096157538813899,0.006221372639794,0.0105211878653635,0.0122761863654637,1.1078494904625034,0.0016119269116821,0.0010310643354088,0.5913184632198454,1,Transition,0.938
2016-04-13,sp500,0.0099900697685578,0.0064906280303322,0.0101368716722246,0.0082884386498205,1.0863666726922032,0.0015193812789911,0.0016224993705526,0.6402989245801375,0,Calm/Bull,0.6842
2016-04-14,sp500,0.0001729124301324,0.0064292688154829,0.0101376791277251,0.004662136635429,0.9796697207610784,0.0039635785590185,0.0013519085979702,0.6341953354885566,0,Calm/Bull,0.6711
2016-04-15,sp500,-0.0009847695761459,0.0063275180068374,0.0099895746674883,0.0033209076498327,0.9734078426200606,0.003210084122866,0.0009739909657331,0.6334121539158896,0,Calm/Bull,0.7281
2016-04-18,sp500,0.0065197256137979,0.0064053100176446,0.0099985692881422,0.0100318042361428,0.9104165217070282,0.0050627384235464,0.0010801788838717,0.6406226564075526,1,Transition,0.5003
2016-04-19,sp500,0.0030797379028665,0.0064207793823706,0.0097113048961165,0.0058882886995363,1.0620186538619294,0.0037555352278417,0.0011849111838004,0.6611654613931702,0,Calm/Bull,0.9126
2016-04-20,sp500,0.0007612550492345,0.006403503350092,0.0094407384787825,0.0070062695742751,1.1287338291093831,0.001909772283977,0.0012668625811008,0.6782841580119527,0,Calm/Bull,0.9739
2016-04-21,sp500,-0.005207562857292,0.006333112311592,0.0093472995281724,0.0072962734083664,1.1180686899046346,0.0008336772264922,0.0013268099147695,0.6775339008345896,0,Calm/Bull,0.9782
2016-04-22,sp500,4.785857954074228e-05,0.0063277904262685,0.0092050276334865,0.0062728256616698,1.0098733988362922,0.0010402028576295,0.0013481099327154,0.6874276404395577,0,Calm/Bull,0.9865
2016-04-25,sp500,-0.0018136896207629,0.0063654150580961,0.0092028748058679,0.0056759048728727,0.8784582908017288,-0.0006264801892826,0.0012301701072736,0.6916768066906104,0,Calm/Bull,0.9862
2016-04-26,sp500,0.0018710001742369,0.0061168751604314,0.0087015033424049,0.0052923787435062,0.944605196963032,-0.0008682277350085,0.0008848195132736,0.7029676275158332,0,Calm/Bull,0.9923
2016-04-27,sp500,0.0016479941117468,0.0060662247539507,0.0086987823558455,0.0083907284937985,1.081456408387076,-0.0006908799225061,0.0007501752191826,0.6973648156485149,0,Calm/Bull,0.9923
2016-04-28,sp500,-0.0092736360615616,0.0064451085531167,0.0084030483585604,0.013334520432653,1.127931110423975,-0.00150409456336,0.0003885855340856,0.7669964848590846,0,Calm/Bull,0.9847
2016-04-29,sp500,-0.0050759492305571,0.0063971729318286,0.0084316539295522,0.0104440361445854,1.2160827140549273,-0.0025288561253796,-0.0001807598807722,0.7587091435770436,0,Calm/Bull,0.9936
2016-05-02,sp500,0.0077796066972441,0.0065921813957074,0.0084732851117703,0.0083163089902724,0.9883160256476232,-0.0006101968617781,0.0003688944563827,0.7779959376735986,0,Calm/Bull,0.9931
2016-05-03,sp500,-0.0087144993883958,0.0064744648732524,0.0081664688897097,0.0108027342631494,1.0735564388266994,-0.0027272967743047,0.0004429844075526,0.792810817097549,0,Calm/Bull,0.9939
2016-05-04,sp500,-0.0059545827054725,0.0061717847103472,0.0079619226847792,0.0071911926933978,1.0399014151648618,-0.0042478121377486,-0.0003773846243216,0.7751626026394108,0,Calm/Bull,0.9929
2016-05-05,sp500,-0.0002390366927941,0.0055277723979281,0.0079599835809609,0.0070514728468053,1.0243623146351877,-0.0024408922639951,0.0002130672395389,0.6944452010114369,0,Calm/Bull,0.9943
2016-05-06,sp500,0.0031696105535526,0.0055379063284581,0.0079583114638275,0.0088812722932289,0.9647559812977592,-0.0007917803071731,0.0002324126369857,0.695864487539761,0,Calm/Bull,0.9938
2016-05-09,sp500,0.0007532133076099,0.005494031505548,0.0077407447402383,0.0047796628098734,0.9600982038990384,-0.0021970589851,0.0004072505968464,0.7097548995497409,0,Calm/Bull,0.9945
2016-05-10,sp500,0.0124063652360373,0.0057687730397167,0.0075262144778449,0.0106699012762394,0.9198031168607536,0.0020271139397866,0.0005467811645787,0.7664906516680327,0,Calm/Bull,0.985
2016-05-11,sp500,-0.0096075228778687,0.0057446863976665,0.0074231942834229,0.0091210672433913,0.9811002447372758,0.0012965259053074,-0.0004330984677425,0.7738833416357238,0,Calm/Bull,0.9892
2016-05-12,sp500,-0.0001694792679642,0.0057432953983138,0.0071620418452729,0.0101061020663911,0.9707316847823856,0.0013104373902733,-0.0004502180526473,0.8019075456958491,0,Calm/Bull,0.995
2016-05-13,sp500,-0.0085144341617524,0.0060202921869031,0.0072317332183983,0.0115605974509223,0.9201940132175648,-0.0010263715527876,-0.0008267012819277,0.8324826158668102,0,Calm/Bull,0.9942
2016-05-16,sp500,0.0097489763896127,0.0062659817114129,0.0073159371318226,0.0122660982424298,0.8978818859222569,0.0007727810636129,-0.0006652387431369,0.8564838104140321,0,Calm/Bull,0.9922
2016-05-17,sp500,-0.0094558635521628,0.0064944558485618,0.0072383249830556,0.0121482386231642,1.050835459405491,-0.0035996646940271,-0.0012920188158884,0.897231868390112,0,Calm/Bull,0.9975
2016-05-18,sp500,0.0002051576864012,0.0064863878533977,0.0070227756690238,0.0127562680392519,1.0500035074190874,-0.001637128581173,-0.0013198236840301,0.9236216788196754,0,Calm/Bull,0.9987
2016-05-19,sp500,-0.0037135945227206,0.0064477468369273,0.0070352560225446,0.0089703762707629,0.988993670267741,-0.0023459516321243,-0.0012451252673015,0.9164907170777268,0,Calm/Bull,0.9993
2016-05-20,sp500,0.0060014592228046,0.0066449991394483,0.0069357743181485,0.0080251092543297,0.9050987457274134,0.000557227044787,-0.0009474452351383,0.9580760322694852,0,Calm/Bull,0.9998
2016-05-23,sp500,-0.0020876365681016,0.0066471607009299,0.006937258886249,0.004062453956312,0.7911200305627294,-0.0018100955467558,-0.0009611425825052,0.9581825919897276,0,Calm/Bull,0.9998
2016-05-24,sp500,0.0135886375339901,0.0073853342577485,0.0070270817868123,0.0130150471415323,0.9383329608291116,0.0027988046704747,-0.0003752607145176,1.0509816851155147,0,Calm/Bull,0.9997
2016-05-25,sp500,0.0069505296515834,0.0075550188272199,0.0064315370614164,0.0075578790804745,1.0014218874657617,0.0041478790635111,-0.0001101339375257,1.1746832452452869,0,Calm/Bull,0.9999
2016-05-26,sp500,-0.0002104660499285,0.0072417689135062,0.0064195895883485,0.0034543659948254,0.8503191535837471,0.0048485047580695,0.0003430245630558,1.1280735028061513,0,Calm/Bull,1.0
2016-05-27,sp500,0.0042776949394394,0.0071751139509303,0.00642586878883,0.0042876333924573,0.8280714096791965,0.0045037519013965,0.0008107067715556,1.116598266588126,0,Calm/Bull,1.0
2016-05-31,sp500,-0.0010057686205899,0.0069926194913679,0.0064222055962401,0.0070674401890673,1.2031610358344986,0.0047201254908988,0.0003714380056639,1.0888190025342277,0,Calm/Bull,0.9999
2016-06-01,sp500,0.0011343986539261,0.0066578629045494,0.006422349563436,0.0075594939605919,0.9476993322200756,0.002229277714886,0.00086388290778,1.0366709003904462,0,Calm/Bull,1.0
2016-06-02,sp500,0.0028206961669861,0.0064714067433009,0.0062273283656598,0.007918224731232,0.9822352590152312,0.0014033110179666,0.001302646851403,1.039194717751993,0,Calm/Bull,1.0
2016-06-03,sp500,-0.0029160622366948,0.0065323703864071,0.0062251733883076,0.0089131983164527,0.9859748262209108,0.0008621917806133,0.0011687955742079,1.0493475408534862,0,Calm/Bull,1.0
2016-06-06,sp500,0.0048853285193636,0.006571179364559,0.0062455519550195,0.0059400637234823,0.9400143513849906,0.0009837184965982,0.0012545814724985,1.052137491111223,0,Calm/Bull,1.0
2016-06-07,sp500,0.0012886156291976,0.0065701198502554,0.0059147265798224,0.0042800583127313,0.9686917387440248,0.0014425953465557,0.0012813515885779,1.11080702744043,0,Calm/Bull,1.0
2016-06-08,sp500,0.0033041019719547,0.0060539071886133,0.0059180993555883,0.0036996901813335,0.9766919490900356,0.0018765360101614,0.0008262384253738,1.0229478798622698,0,Calm/Bull,1.0
2016-06-09,sp500,-0.0017192355978938,0.0055765055176444,0.0059172166371247,0.0046844745404677,0.9088069188558544,0.0009685496571854,0.0012206527893725,0.9424203742444384,0,Calm/Bull,1.0
2016-06-10,sp500,-0.0092175324101661,0.0060427457240192,0.0060221321686507,0.0093556545260073,0.9744660135498906,-0.0002917443775087,0.0007682501322624,1.0034229662835643,0,Calm/Bull,1.0
2016-06-13,sp500,-0.0081482987897094,0.0060136277519346,0.0060725260762231,0.009456271438016,0.9428272866590702,-0.0028984698393234,0.0007865569008646,0.9903008528001008,0,Calm/Bull,1.0
2016-06-14,sp500,-0.0018005050719719,0.0056513112427925,0.0060545456511504,0.008287854694853,1.041302350108374,-0.0035162939795573,0.0002090828277853,0.9333997245059558,0,Calm/Bull,0.9998
2016-06-15,sp500,-0.0018424090638101,0.0052047966363379,0.0060593966280119,0.0076513895803161,0.9894736254441816,-0.0045455961867103,0.000589755552203,0.8589628565122636,0,Calm/Bull,0.9984
2016-06-16,sp500,0.0031280931110455,0.0052343818664695,0.006069818422882,0.0140761024535546,1.019529737454823,-0.0035761304449224,0.0007359023234352,0.8623621831481644,0,Calm/Bull,0.9919
2016-06-17,sp500,-0.0032632841446089,0.005215168404239,0.0060249888501327,0.0074158532162258,1.3703742953583369,-0.0023852807918109,0.0007584178423408,0.8655897187467915,0,Calm/Bull,0.9993
2016-06-20,sp500,0.0057913827784231,0.0052042527889361,0.0060660717081095,0.0120388018645745,0.9599617725118392,0.0004026555218155,0.0007479140201217,0.8579280033862272,0,Calm/Bull,0.9968
2016-06-21,sp500,0.0027083906042097,0.0051771447231194,0.0060734767998883,0.0050935387407443,0.8928312763804773,0.0013044346570518,0.0009877153787372,0.8524186217710673,0,Calm/Bull,0.9995
2016-06-22,sp500,-0.0016529289965758,0.0042663198626425,0.0059786976593878,0.0073604516411431,0.8805406046156842,0.0013423306704987,0.0002256370522089,0.7135868220303017,0,Calm/Bull,0.9862
2016-06-23,sp500,0.0132755670719551,0.0049678143365483,0.0061899762026006,0.0097098493685247,0.9238158771767528,0.0033718254626806,0.0005418889232275,0.8025579055475488,0,Calm/Bull,0.9862
2016-06-24,sp500,-0.0365807928055826,0.0096798538312233,0.0078134505578231,0.0349660162213594,2.005538993306511,-0.0032916762695141,-0.0012766274145551,1.2388705552800163,2,Stress/Bear,1.0
2016-06-27,sp500,-0.0182622465117027,0.0102919236219305,0.0081059085187409,0.0198795808553647,1.390539338943228,-0.0081024021275392,-0.0024036244871122,1.269681689367152,0,Calm/Bull,0.9453
2016-06-28,sp500,0.0176141216040879,0.0112249048452247,0.0084311449098164,0.0144492249207402,1.1247376844735624,-0.0051212559275636,-0.0014726299758783,1.3313618690334008,0,Calm/Bull,0.9732
2016-06-29,sp500,0.0168892429712539,0.011947081367385,0.0086124132909747,0.0146998175167421,1.077887206496282,-0.0014128215339976,-0.0006848877600119,1.3871932249123242,0,Calm/Bull,0.9977
2016-06-30,sp500,0.0134738631494661,0.0123425428606849,0.0086818779648121,0.0137884089101099,1.1601307538094388,-0.0013731623184954,-0.0001522294108879,1.4216443620504229,0,Calm/Bull,0.9987
2016-07-01,sp500,0.001946706293032,0.0123331247468385,0.0085323734051662,0.0051404259943162,0.8698773934334868,0.0063323375012274,9.090901559838784e-05,1.4454506573013977,0,Calm/Bull,0.9998
2016-07-05,sp500,-0.0068710289855987,0.0123726882575797,0.0085793160989836,0.0067941591412721,0.917550890192756,0.0086105810064482,-0.0004969088596497,1.44215321067905,0,Calm/Bull,0.9952
2016-07-06,sp500,0.0053386870582759,0.0124364295260119,0.0085936775272174,0.0127158974821678,0.975918573015716,0.0061554940972858,-0.0002944052881958,1.4471603672146092,0,Calm/Bull,0.9998
2016-07-07,sp500,-0.000871957886733,0.012407856480683,0.0085106500140961,0.0093856649332398,0.8993453295944507,0.0026032539256884,-0.0005032082811301,1.4579211294239462,0,Calm/Bull,1.0
2016-07-08,sp500,0.0151381865659924,0.0128843214037903,0.0086351419134182,0.0116155647536069,0.8965338992949503,0.0029361186089937,0.0003396628270641,1.492079867705392,0,Calm/Bull,0.9998
2016-07-11,sp500,0.0034028193119982,0.0126993333966296,0.008643919270229,0.005352871042279,0.8111557287402732,0.0032273412127869,0.0009706804131723,1.4691638132679057,0,Calm/Bull,0.9998
2016-07-12,sp500,0.0069848423073457,0.0125776578634495,0.0086829618154711,0.0073879501971885,1.0127986997644114,0.0059985154713758,0.001727337468025,1.448544647638421,0,Calm/Bull,0.9997
2016-07-13,sp500,0.0001347586749817,0.0125565152750661,0.0086477677959175,0.0047574093278706,0.8683803669253677,0.004957729794717,0.0018241006553727,1.4519949623293316,0,Calm/Bull,0.9994
2016-07-14,sp500,0.0052454228016969,0.012547605611151,0.0086634101629094,0.0051346539211438,0.8601218899595157,0.006181205932403,0.0021784922486481,1.4483448636509164,0,Calm/Bull,0.9995
2016-07-15,sp500,-0.0009293790598711,0.0125642343121014,0.0086652689809682,0.0061339521984729,0.7798849328808439,0.0029676928072303,0.0019756186401022,1.449953179722007,0,Calm/Bull,0.9994
2016-07-18,sp500,0.0023794618218687,0.0125036092704299,0.0086364136681136,0.0040242999303369,0.7702831862121995,0.0027630213092044,0.0022577559384261,1.4477779493812717,0,Calm/Bull,0.9986
2016-07-19,sp500,-0.0014362045004153,0.0125005506723962,0.0086401180342534,0.0025972478582775,0.7646807424281964,0.0010788119476521,0.0018963765744842,1.4468032291732844,0,Calm/Bull,0.9951
2016-07-20,sp500,0.0042612083157639,0.0125106777034398,0.0086473548263186,0.0049424258119314,0.8276385607737882,0.0019041018758086,0.0019740174600619,1.446763542692047,0,Calm/Bull,0.9991
2016-07-21,sp500,-0.0036190698565249,0.012548345823098,0.0086634287991726,0.0068401368613714,0.8830623510479063,0.0001312033441642,0.0018757104170645,1.4484271890474134,0,Calm/Bull,0.9984
2016-07-22,sp500,0.0045436267895102,0.0122798666673472,0.008677558973394,0.0054574497949976,0.7790842343210612,0.0012258045140405,0.0014391134029422,1.4151291515273017,0,Calm/Bull,0.9995
2016-07-25,sp500,-0.0030160187399297,0.0085320220759646,0.0085937900150121,0.0054231580976287,0.8367871701611489,0.0001467084016808,0.0031173521062249,0.9928124914688808,0,Calm/Bull,0.9988
2016-07-26,sp500,0.0003227321607194,0.0069455218641927,0.0085601896241065,0.006159059111233,0.9685568956659094,0.0004984957339077,0.004046601039846,0.8113747672870762,0,Calm/Bull,0.9807
2016-07-27,sp500,-0.0011992609468086,0.0062505136248959,0.0085147864889883,0.0073433298265826,1.130400967694524,-0.0005935981186067,0.0031059319123011,0.7340775523824767,0,Calm/Bull,0.9878
2016-07-28,sp500,0.0016049204480924,0.0053454473341606,0.0084258081566208,0.0060413569522912,1.0452200644576717,0.0004511999423167,0.0023417157861431,0.6344136057691178,0,Calm/Bull,0.9942
2016-07-29,sp500,0.0016299801176578,0.0046592879584925,0.0083789037977325,0.0062569456409735,1.1617504611302274,-0.0001315293920537,0.0017495216345527,0.556073690660279,0,Calm/Bull,0.9961
2016-08-01,sp500,-0.001270594147491,0.0047074128986217,0.0083824772242905,0.005564701975233,1.0077963590162604,0.000217555526434,0.0015886566125265,0.5615777738090064,0,Calm/Bull,0.9958
2016-08-02,sp500,-0.0063819408126676,0.0046622062221399,0.0084301609999991,0.0104865823561336,1.1033039348283131,-0.0011233790682434,0.0016131110211731,0.5530388117309255,0,Calm/Bull,0.9919
2016-08-03,sp500,0.003129042716071,0.0045949696521926,0.0084355620360296,0.00518995848304,1.0873823154526672,-0.0002577183356674,0.0015026288040628,0.5447141082676857,0,Calm/Bull,0.9954
2016-08-04,sp500,0.000212549299489,0.0045718130192173,0.0082976932793488,0.0042138722637749,1.063577211714145,-0.0005361925653881,0.0015568541633739,0.5509739713560611,0,Calm/Bull,0.9961
2016-08-05,sp500,0.00856669728938,0.0036967560361554,0.0082493481264339,0.0064502592317042,1.049513724572234,0.0008511508689563,0.0012282796995433,0.4481270494949448,0,Calm/Bull,0.9968
2016-08-08,sp500,-0.0009075772915415,0.0036889478263308,0.0082515648138867,0.0034801590744353,0.9523707306741768,0.0009237542401461,0.0010127598693663,0.4470603951534884,0,Calm/Bull,0.9977
2016-08-09,sp500,0.0003897179865559,0.0034113279907098,0.0081586094378806,0.004147975802803,0.9648447865306592,0.0022780859999909,0.0006830036533268,0.418126154546751,0,Calm/Bull,0.9978
2016-08-10,sp500,-0.0028687970634882,0.0035016512117465,0.0080933508792188,0.0052447550485606,0.9452664872036396,0.001078518044079,0.0005328258664033,0.4326577784657373,0,Calm/Bull,0.9979
2016-08-11,sp500,0.0047234151024436,0.0034664444595713,0.007993564890709,0.0047945961329592,0.9947293143459242,0.0019806912046699,0.0005067254814407,0.4336543841159577,0,Calm/Bull,0.9976
2016-08-12,sp500,-0.000796363386914,0.0034636705987887,0.0079964925829498,0.0031410028472359,0.8735034718492455,0.0001080790694111,0.0005133762650885,0.4331487290032629,0,Calm/Bull,0.998
2016-08-15,sp500,0.0027890162945217,0.0034764708497675,0.0079745279351705,0.0035294298625303,0.8952697299123903,0.0008473977866238,0.0005338539887212,0.43594691473022,0,Calm/Bull,0.998
2016-08-16,sp500,-0.0054941422164782,0.0037081943874719,0.0079948762470314,0.0037187971532786,0.9264752982914816,-0.000329374253983,0.000330957102918,0.4638213616938577,0,Calm/Bull,0.9968
2016-08-17,sp500,0.0018668460061555,0.0036120328018693,0.0079853544664778,0.0066813054232576,0.9797602862745352,0.0006177543599457,0.0002112389874376,0.4523321809986654,0,Calm/Bull,0.9973
2016-08-18,sp500,0.0021972016963824,0.0035203929922378,0.0078159957884818,0.0030041189841431,0.9561323997298958,0.0001125116787334,0.000502052565083,0.4504087626845607,0,Calm/Bull,0.9978
2016-08-19,sp500,-0.0014413095687681,0.0034114476830321,0.0077803057441287,0.0045195532050281,0.8928310425498477,-1.6477557637331607e-05,0.000202805747169,0.4384721880122222,0,Calm/Bull,0.9981
2016-08-22,sp500,-0.0005634818833231,0.0033328283341195,0.0077811608384235,0.004210470741188,0.8071709784029345,-0.0006869771932063,0.0003254325899994,0.4283201958327339,0,Calm/Bull,0.9984
2016-08-23,sp500,0.0019498671783617,0.003352560305284,0.0077689254955458,0.003027058092499,0.8890517369012053,0.0008018246857616,0.0004067893408815,0.4315346191962035,0,Calm/Bull,0.9981
2016-08-24,sp500,-0.0052540552596718,0.0035703254136651,0.0078038604677812,0.0070835842516588,0.9318053439966424,-0.0006223555674038,0.0002040496252383,0.457507592351952,0,Calm/Bull,0.9975
2016-08-25,sp500,-0.0013661603966454,0.0035707805575326,0.0078077018818596,0.0042624339532886,0.8879669563646738,-0.0013350279860093,5.5495583001485185e-05,0.4573407913830532,0,Calm/Bull,0.9973
2016-08-26,sp500,-0.0015800642387132,0.003568427614459,0.0078068782078432,0.0127014939014369,1.0100398384221532,-0.0013627789199983,-0.000105006634817,0.457087650076833,0,Calm/Bull,0.993
2016-08-29,sp500,0.0052144284286743,0.0037471031365813,0.0078171800310526,0.0060952860404109,0.8127151635062795,-0.0002071968575989,0.0002192444939911,0.4793420545128191,0,Calm/Bull,0.9965
2016-08-30,sp500,-0.0019555914071227,0.0034561119902839,0.0078039837572858,0.0054501161623391,0.9324975135363792,-0.0009882885746958,0.0004405619642684,0.4428650927236119,0,Calm/Bull,0.9984
2016-08-31,sp500,-0.0023786911055626,0.003450041908401,0.0078122103071312,0.0057301834155757,1.1684337164009266,-0.0004132157438739,0.0001651752731867,0.4416217399129354,0,Calm/Bull,0.9985
2016-09-01,sp500,-4.138538941144249e-05,0.0034503256375106,0.0078034850682676,0.0075868411081932,1.0575265354324326,-0.0001482607424271,0.0001524785387417,0.4421518856416055,0,Calm/Bull,0.9981
2016-09-02,sp500,0.0041922415990346,0.0029978414020299,0.0078135602987194,0.0051743728832085,0.972355933885509,0.0010062004251224,-6.624424577554104e-05,0.3836716282232151,0,Calm/Bull,0.9984
2016-09-06,sp500,0.0029772423700053,0.0030655504069989,0.0077144654928826,0.0052458612955907,1.082462808933925,0.0005587632133886,0.0001279967373018,0.39737690314737,0,Calm/Bull,0.9988
2016-09-07,sp500,-0.0001463959382934,0.0030654853576405,0.0076275165351245,0.0040253454376235,1.042445791590923,0.0009206023071544,0.0001011910410593,0.401898225133185,0,Calm/Bull,0.9987
2016-09-08,sp500,-0.0022254881924702,0.0030359141836536,0.0076302043007973,0.0034153720281982,1.1620789387220198,0.0009512428897729,0.0001333564846102,0.3978811135288163,0,Calm/Bull,0.9988
2016-09-09,sp500,-0.0248277424108364,0.0062130719502219,0.0083131078127777,0.0193955373810597,1.3033801393035316,-0.004006028514512,-0.0013442013910537,0.7473825782304977,1,Transition,0.6672
2016-09-12,sp500,0.0145703872334344,0.007162071706642,0.0085046921340103,0.0204627662485633,1.2156885687723045,-0.001930399387632,-0.0005758638600363,0.8421318013383343,1,Transition,0.5986
2016-09-13,sp500,-0.0149417482782108,0.0077932067838318,0.0087262376361634,0.0141982449128666,1.2355470938464137,-0.0055141975172753,-0.0014624020886729,0.8930775333845011,0,Calm/Bull,0.984
2016-09-14,sp500,-0.0005878493998128,0.0077366309001671,0.0086987884080748,0.0100811355811554,1.0855051979289458,-0.0056024882095791,-0.0012170874478397,0.8893917793178377,0,Calm/Bull,0.9917
2016-09-15,sp500,0.0100585164494398,0.0081160241773202,0.0087840899538516,0.0134822755698947,0.9997038272366044,-0.0031456872811971,-0.0008075039256754,0.9239459317879118,0,Calm/Bull,0.9883
2016-09-16,sp500,-0.0037794277955721,0.0081095953273661,0.0087970369327956,0.0071430046956179,1.449065702927024,0.0010639756418557,-0.0011063354002732,0.9218553234820808,0,Calm/Bull,0.9934
2016-09-19,sp500,-1.8603233824686035e-05,0.0081127415705034,0.0086337592559451,0.0082745214587444,0.9071857151931996,-0.0018538224515961,-0.001035200083526,0.9396534383231792,0,Calm/Bull,0.9984
2016-09-20,sp500,0.0002990934842341,0.0081176725970241,0.0071572119237642,0.0054352482988963,0.8957341157672082,0.0011943459008928,-0.0009920713151481,1.1341948070687806,0,Calm/Bull,1.0
2016-09-21,sp500,0.0108580003336359,0.0085219129728605,0.0068209444733812,0.0118070369091233,1.0492535195167931,0.0034835158475826,-0.0005466646573844,1.2493743360787193,0,Calm/Bull,0.9996
2016-09-22,sp500,0.0064787519176421,0.0085844137438313,0.0065141878482945,0.0041567757889929,0.9979133324280772,0.002767562941223,3.997570148123551e-05,1.3178026092813282,0,Calm/Bull,0.9996
2016-09-23,sp500,-0.0057532929597187,0.0086777799235458,0.0062348402613642,0.0045179815870173,0.9274379971448352,0.0023727899083937,-0.0001793809266724,1.3918207299263006,0,Calm/Bull,0.9984
2016-09-26,sp500,-0.008624850117916,0.0088782881509771,0.0061215079526765,0.006290480120076,0.9038950356264712,0.0006515405315754,-0.0005316202206325,1.4503433173022562,0,Calm/Bull,0.9968
2016-09-27,sp500,0.0064234951652981,0.0089234742826127,0.006168145136945,0.0090650320168037,0.9541628238450576,0.0018764208677882,-0.0004711668838013,1.4467030338122535,0,Calm/Bull,0.999
2016-09-28,sp500,0.0052825766036424,0.0090064946342035,0.006123194070423,0.0094916399180924,1.0661764959727595,0.0007613361217895,-0.0001092584832631,1.4708817866328527,0,Calm/Bull,0.9989
2016-09-29,sp500,-0.0093651277300811,0.0092318163878896,0.0062256681723856,0.0127700195709286,1.1571070922840403,-0.002407439807755,-0.000458580314489,1.482863546894111,0,Calm/Bull,0.9976
2016-09-30,sp500,0.0079363925880277,0.0094212009345385,0.0062985198185165,0.0086659128675136,1.1296252283329824,0.0003304973017942,-5.969141561709117e-05,1.4957801524799406,0,Calm/Bull,0.9988
2016-10-03,sp500,-0.0032660231815271,0.0093916027926552,0.0060179209172666,0.0044604353118266,0.8455318859487092,0.0014022626890719,-0.0004326046546451,1.5606058839538597,0,Calm/Bull,0.9898
2016-10-04,sp500,-0.004967881786362,0.0094077999254877,0.0060404152710745,0.0099744482742452,1.005401860430385,-0.00087601270126,-0.0008298608624635,1.5574756872327065,0,Calm/Bull,0.997
2016-10-05,sp500,0.0042874862311969,0.0094767428358002,0.0059982238903475,0.0040746060422863,1.0427890945221694,-0.0010750307757491,-0.000608166753989,1.579924825922273,0,Calm/Bull,0.9717
2016-10-06,sp500,0.0004814438526045,0.0094717574352324,0.0059984653989563,0.0058543492502243,0.9267307634509512,0.000894283540788,-0.0004728201517352,1.5790301027460034,0,Calm/Bull,0.9942
2016-10-07,sp500,-0.0032587874416142,0.0075946933478023,0.005974394201793,0.0097551282238756,0.9732590827715,-0.0013447524651403,0.0006056275967258,1.271207270776192,0,Calm/Bull,0.9998
2016-10-10,sp500,0.0045953303173243,0.0069275806590288,0.0060035417748769,0.0042567711434584,0.7959762182367451,0.0002275182346299,0.0001068747509203,1.1539156249430425,0,Calm/Bull,1.0
2016-10-11,sp500,-0.0125245776977559,0.0066674247461629,0.0062088651537943,0.0153131050728024,0.9469243364181552,-0.0012838209476488,0.000227733279943,1.0738556211175545,0,Calm/Bull,0.9997
2016-10-12,sp500,0.0011459322063988,0.0066675337364106,0.0062093370597654,0.0058854740101124,0.8341315499504159,-0.0019121317526084,0.0003144223602536,1.0737915613591278,0,Calm/Bull,1.0
2016-10-13,sp500,-0.0031040764122339,0.0062942755450102,0.0061926175461084,0.0110055896301342,0.9948825005363828,-0.0026292358055761,-0.00034370728283,1.016415998266477,0,Calm/Bull,1.0
2016-10-14,sp500,0.0002015841591211,0.0062426417004324,0.006177674535909,0.0075996779556916,0.9200565729551432,-0.0019371614854291,-0.0001446566850953,1.0105164433875282,0,Calm/Bull,1.0
2016-10-17,sp500,-0.0030426181118402,0.0062759607788633,0.006155502063986,0.005257547980837,0.821130981500607,-0.003464751171262,-0.0002958574289961,1.019569275361316,0,Calm/Bull,1.0
2016-10-18,sp500,0.0061415056056986,0.0064389643558418,0.0062022879601,0.0041549318435081,0.919102529955039,0.0002684654894288,-3.7368229229371457e-06,1.0381595303643338,0,Calm/Bull,1.0
2016-10-19,sp500,0.0021895721553504,0.005941916957214,0.0062097524287646,0.0047988093378444,0.9792786638117624,0.0004771934792192,-0.0004371582318372,0.9568685749354688,0,Calm/Bull,0.9999
2016-10-20,sp500,-0.0013766711313809,0.005716037701668,0.0062102822237606,0.0064165380884966,0.9744247498260488,0.0008226745353898,-0.0008299293842883,0.9204151269967078,0,Calm/Bull,0.9997
2016-10-21,sp500,-8.414514015477906e-05,0.0055983943963465,0.0062058101818228,0.0058565429190766,1.0061415448817743,0.0007655286755346,-0.0005464719933101,0.9021214365764114,0,Calm/Bull,0.9997
2016-10-24,sp500,0.0047385946474273,0.0053765623433024,0.0062344564165363,0.0036629093012044,0.975795270459043,0.0023217712273881,0.000121700244957,0.8623947276368137,0,Calm/Bull,0.9993
2016-10-25,sp500,-0.0038049574647063,0.0052300547918411,0.0062505926447517,0.0044373775899274,1.0854816040749051,0.0003324786133071,-0.0003897223865432,0.8367294253661726,0,Calm/Bull,0.9984
2016-10-26,sp500,-0.0017419279211872,0.0050622560508888,0.0062014975482306,0.0066091870404382,1.0931155581453618,-0.0004538214020003,-0.0007409476127847,0.8162957433294767,0,Calm/Bull,0.9973
2016-10-27,sp500,-0.0029911959060088,0.0046766951585333,0.0061972060152433,0.0068493150684931,1.2180064959960648,-0.0007767263569259,-0.000422251021581,0.7546457463298814,0,Calm/Bull,0.9934
2016-10-28,sp500,-0.003113140139625,0.0042724788015816,0.0062079661902527,0.0100450356065455,1.1678011716945478,-0.00138252535682,-0.0009747276579637,0.6882252046233569,0,Calm/Bull,0.9699
2016-10-31,sp500,-0.0001222838841985,0.0042414613759011,0.0060981400009605,0.0036309625650641,1.125061746364844,-0.0023547010631452,-0.0008175406930972,0.6955336176658968,0,Calm/Bull,0.9679
2016-11-01,sp500,-0.006810019108735,0.0043548200176579,0.0061531905070528,0.015911131201945,1.2854385224900555,-0.0029557133919509,-0.0009096475592159,0.7077336566560692,0,Calm/Bull,0.8787
2016-11-02,sp500,-0.006546884453454,0.0043481620502979,0.0062004634180856,0.0084654519488868,1.2076894638307265,-0.0039167046984043,-0.0014513660934484,0.7012640438479445,0,Calm/Bull,0.9685
2016-11-03,sp500,-0.0044332130226093,0.0043719904855479,0.0062132160941395,0.0082972235089713,1.088939324248254,-0.0042051081217244,-0.0016970989372091,0.7036598147087936,0,Calm/Bull,0.9583
2016-11-04,sp500,-0.0016675202716929,0.0043565263363146,0.006173688582947,0.0073279188356913,1.0709547860841748,-0.0039159841481379,-0.0016175355787131,0.7056602026134386,0,Calm/Bull,0.9595
2016-11-07,sp500,0.0219801997294649,0.0067424376252208,0.0068375536437554,0.0147359216998029,1.030153103506598,0.0005045125745946,-0.0007482921081061,0.9860891740686468,0,Calm/Bull,0.9808
2016-11-08,sp500,0.0037648783971575,0.0062076748939775,0.0068464366682903,0.0108947904968233,1.0725119069236273,0.0026194920757732,6.61806966395693e-05,0.9067015726193364,0,Calm/Bull,0.9988
2016-11-09,sp500,0.011016119879656,0.0066729366956967,0.0069684951127469,0.0206863714014887,1.6398288898772926,0.0061320929423952,0.0005596900803024,0.9575864785339928,2,Stress/Bear,0.5173
2016-11-10,sp500,0.0019488457160953,0.0066223845527185,0.0069688982749494,0.0143623596220679,1.6275839370825638,0.0074085046901361,0.0008123361867188,0.9502771157563792,0,Calm/Bull,0.911
2016-11-11,sp500,-0.0013989283477976,0.0066398008725126,0.0069641556734966,0.0062047780930918,1.2305241565385587,0.0074622230749152,0.0007323105613729,0.9534251076238274,0,Calm/Bull,0.9985
2016-11-14,sp500,-0.0001155094571832,0.0065842414379373,0.0069621659268437,0.0070603593205891,1.2838818139778971,0.0030430812375856,0.0008786659941058,0.9457173970173168,0,Calm/Bull,0.9997
2016-11-15,sp500,0.0074529550220894,0.0066456565610278,0.0070306944392743,0.0066319354750938,1.0690757114364593,0.003780696562572,0.0009442384649253,0.9452347301433468,0,Calm/Bull,0.9998
2016-11-16,sp500,-0.0015835165223759,0.0066619783326225,0.0070287366311854,0.0032247189725938,0.8993802692858448,0.0012607692821656,0.000755584031039,0.947820167718956,0,Calm/Bull,0.9999
2016-11-17,sp500,0.0046654693611979,0.0066971025506834,0.0070215359813777,0.0052169774125953,0.8860344615576297,0.0018040940111861,0.0010576910556679,0.9537945213761236,0,Calm/Bull,0.9999
2016-11-18,sp500,-0.0023896513655484,0.0067375111789236,0.0070263732595573,0.0043585912238272,0.8311753544634795,0.0016059494076359,0.0009424157443982,0.958888879089823,0,Calm/Bull,0.9999
2016-11-21,sp500,0.0074337020708738,0.0068435514193005,0.0070865510912238,0.0055818995318059,0.835837876844502,0.0031157917132473,0.0010771711155706,0.9657097410580728,0,Calm/Bull,0.9999
2016-11-22,sp500,0.002163091103593,0.0067489292995023,0.0070610222002608,0.0046710483881513,0.914452220372521,0.002057818929548,0.0013755735439855,0.9558006062143536,0,Calm/Bull,0.9999
2016-11-23,sp500,0.0008076981569088,0.0067109161838907,0.0070559227005292,0.0046309558915293,0.7928953460913936,0.002536061865405,0.0015030548478903,0.9511039829542658,0,Calm/Bull,0.9999
2016-11-25,sp500,0.0039067456134237,0.0066447125165092,0.0070633778380697,0.0031988062496291,0.3789184566926422,0.0023843171158501,0.001847951923862,0.9407273218057226,0,Calm/Bull,1.0
2016-11-28,sp500,-0.0052683892547352,0.0067461080650621,0.0071000788142948,0.0048960745688324,0.8457449592087036,0.0018085695380128,0.0017401894681065,0.9501455183117156,0,Calm/Bull,0.9999
2016-11-29,sp500,0.0013344023532619,0.006732791967751,0.0070826480522221,0.005583654207225,0.8947835272735781,0.0005887095944904,0.0018130237799795,0.9506037739145676,0,Calm/Bull,0.9999
2016-11-30,sp500,-0.0026569305551563,0.0065133081650698,0.0070823853847133,0.006953778932719,1.3201409812553755,-0.0003752947372594,0.0020206782076584,0.9196489334127674,0,Calm/Bull,0.9995
2016-12-01,sp500,-0.0035217229667638,0.0063366020386791,0.0070977135196074,0.0069190334033675,1.1967875128093035,-0.0012411789619939,0.0021719362819929,0.8927666665010158,0,Calm/Bull,0.999
2016-12-02,sp500,0.0003969277200846,0.006161229062342,0.0070916139529166,0.0043704620076992,0.8944436292555668,-0.0019431425406617,0.0024134433191276,0.8688049156719825,0,Calm/Bull,0.9984
2016-12-05,sp500,0.0058044269267436,0.0061271919122659,0.0063296865142616,0.004286255942644,0.921296024420242,0.0002714206956339,0.0027870406790495,0.9680087471094484,0,Calm/Bull,0.9999
2016-12-06,sp500,0.0034050844688746,0.004155275735416,0.0060705804827356,0.0047780151488297,0.9102856670875172,0.0006855571187565,0.0018582849160199,0.6844939700961639,0,Calm/Bull,0.9874
2016-12-07,sp500,0.0130773587447233,0.0048447280987731,0.0059463868805039,0.0145893991331692,1.0556675505166808,0.0038324149787324,0.0023239089333982,0.8147347618193527,0,Calm/Bull,0.7359
2016-12-08,sp500,0.0021570150168711,0.0043920116010202,0.0059455191719873,0.0062861438325358,1.0095896448648862,0.0049681625754594,0.001880953690259,0.7387095178691007,0,Calm/Bull,0.9862
2016-12-09,sp500,0.0059214185329697,0.0044841077986313,0.0058611121928637,0.0046779941945114,0.9632478678023186,0.0060730607380364,0.0020795823311027,0.7650609050089509,0,Calm/Bull,0.9916
2016-12-12,sp500,-0.0011380822905995,0.0044738253929555,0.005835620125906,0.0051662024631272,1.0130076873810898,0.0046845588945678,0.0020926246339626,0.7666409561333384,0,Calm/Bull,0.9922
2016-12-13,sp500,0.0065184832012369,0.0045468267375799,0.0058791653347479,0.0062551551779077,0.9906810598385286,0.0053072386410403,0.0024243242668836,0.7733796344706674,0,Calm/Bull,0.9904
2016-12-14,sp500,-0.0081502954618586,0.0049585726835447,0.0059963229738766,0.0123198223943285,1.1291893081584656,0.0010617077997239,0.0016441617426862,0.8269355578655606,0,Calm/Bull,0.985
2016-12-15,sp500,0.0038757076875535,0.004921666127679,0.0058653552100091,0.008112225487101,1.0642423856047687,0.0014054463338604,0.0019171229531827,0.8391079400068182,0,Calm/Bull,0.9982
2016-12-16,sp500,-0.0017521567509802,0.0049422137661581,0.0058250989278229,0.006115868053547,1.4721972537432026,-0.0001292687229295,0.0015962416475738,0.8484343059913091,0,Calm/Bull,0.999
2016-12-19,sp500,0.0019731727152112,0.0048524930299978,0.0057672034960798,0.0040927676741168,0.8110006315295556,0.0004929822782325,0.0018143828516118,0.8413944528394427,0,Calm/Bull,0.9994
2016-12-20,sp500,0.0036309124011527,0.0046925868422559,0.0056457725775556,0.0028273203632327,0.8274655752421799,-8.453188178425387e-05,0.0016242433681257,0.8311682374367907,0,Calm/Bull,0.9991
2016-12-21,sp500,-0.0024603857246776,0.0047777558331062,0.0056159685974389,0.0026841479743272,0.7245240114938956,0.0010534500656519,0.0013930695267122,0.850744755817369,0,Calm/Bull,0.9996
2016-12-22,sp500,-0.0018647112223965,0.0048320500846403,0.0055948863630375,0.003140194270703,0.7361053775961962,-9.46337163380794e-05,0.0012594490577469,0.8636547323933376,0,Calm/Bull,0.9997
2016-12-23,sp500,0.0012509325350792,0.0047917949538279,0.0054376839719677,0.0021865769733331,0.5136249498281611,0.0005059841408738,0.0011266584038297,0.8812198315552159,0,Calm/Bull,0.9999
2016-12-27,sp500,0.0022458489045486,0.0045526015857734,0.0053610912937143,0.0033805958939161,0.5156134157493851,0.0005605193787412,0.0015023703117939,0.8491930721476776,0,Calm/Bull,0.9998
2016-12-28,sp500,-0.0083916407097715,0.0050624047123118,0.0054660755175115,0.009866996134411,0.6333635154673551,-0.0018439912434435,0.0010160681586422,0.9261497935938762,0,Calm/Bull,0.9998
2016-12-29,sp500,-0.0002933477318683,0.0049993431789014,0.0054174454828147,0.0044236553927403,0.6436228035171246,-0.0014105836448817,0.0011342472998066,0.9228229789778948,0,Calm/Bull,1.0
2016-12-30,sp500,-0.0046478346968542,0.005060508705964,0.0054412707792211,0.0089153532161834,0.7602905527662789,-0.0019672083397732,0.0010779417133021,0.9300233183191102,0,Calm/Bull,0.9999
2017-01-03,sp500,0.0084507667531571,0.0053173884159249,0.0055348022505764,0.0083044336160012,1.0738956664596488,-0.0005272414961576,0.0014806336649557,0.9607187710041764,0,Calm/Bull,0.9999
2017-01-04,sp500,0.0057059637705494,0.005313218438511,0.0055462260203249,0.004941085854068,1.0747057803692377,0.0001647814770424,0.001475710507146,0.9579880839763822,0,Calm/Bull,1.0
2017-01-05,sp500,-0.0007709676024811,0.0053154621595883,0.0055285660048778,0.0048700082979836,1.0804347394815763,0.0016889160985005,0.0012669079035782,0.96145404701662,0,Calm/Bull,1.0
2017-01-06,sp500,0.003510789180579,0.0045756846648066,0.0052547039080259,0.0079227921269585,0.970070190532086,0.00244974348099,0.000788579425371,0.8707787812397542,0,Calm/Bull,0.9993
2017-01-09,sp500,-0.0035549054715596,0.0046631977744081,0.0052883312156149,0.0029045300252415,0.948090071398347,0.0026683293260489,0.0005029834009495,0.8817900362668318,0,Calm/Bull,0.9997
2017-01-10,sp500,0.0,0.0044856686958594,0.0052628100398082,0.0061703912039214,1.0759039897485667,0.0009781759754175,0.000206912474301,0.8523333850033552,0,Calm/Bull,0.9991
2017-01-11,sp500,0.0028256423891019,0.0045106098847372,0.0052666859134158,0.0063683305201202,1.077919681739715,0.000402111699128,0.0004050987082861,0.8564417850032229,0,Calm/Bull,0.9992
2017-01-12,sp500,-0.0021471123937296,0.0043039279080327,0.0052560726923984,0.0077209834874633,1.036994665470778,0.0001268827408783,-2.818107146222847e-05,0.8188486270856221,0,Calm/Bull,0.9969
2017-01-13,sp500,0.0018481313951466,0.0038696218544631,0.0052152243081016,0.003152112955723,0.9432543691833046,-0.0002056488162081,0.000471740271388,0.7419856991485135,0,Calm/Bull,0.9829
2017-01-17,sp500,-0.0029719144562184,0.0038555002398876,0.0052381250043283,0.0040875086403387,1.1045969673817546,-8.90506131398904e-05,0.0001293591641994,0.7360458631097461,0,Calm/Bull,0.9763
2017-01-18,sp500,0.0017622004698093,0.003845306730303,0.0052303249210974,0.0038117657627975,1.06447227099578,0.0002633894808219,0.0003050770252389,0.7351946176024883,0,Calm/Bull,0.978
2017-01-19,sp500,-0.0036158376243193,0.0039200595442685,0.0052623508045812,0.0070328386076297,1.017954991236962,-0.0010249065218622,2.5626508262380657e-05,0.7449255456051755,0,Calm/Bull,0.9785
2017-01-20,sp500,0.0033605840612999,0.003907419874399,0.0052484243991115,0.0052612593012834,1.1321416053277251,7.663276914362059e-05,1.2110091269740058e-05,0.7444938856431838,0,Calm/Bull,0.9789
2017-01-23,sp500,-0.0026937496460698,0.0039155317568856,0.005233463666074,0.0065159853804469,1.0051566507478529,-0.0008317434390996,4.418952001326469e-07,0.7481721488329233,0,Calm/Bull,0.981
2017-01-24,sp500,0.0065431405289623,0.0041491273689455,0.0052711221666091,0.0078725436647615,1.1980883068878896,0.0010712675579364,0.000420834482768,0.7871430860071689,0,Calm/Bull,0.9893
2017-01-25,sp500,0.0079940527959686,0.0044808422014477,0.0053185511512567,0.0046424924931942,1.1745559760441038,0.0023176380231683,0.0007579904958125,0.8424930162397621,0,Calm/Bull,0.9984
2017-01-26,sp500,-0.0007356549352631,0.0044783324882043,0.005294338835285,0.0030086526268546,1.0753785737479422,0.0028936745609796,0.0006089153038219,0.8458719072450861,0,Calm/Bull,0.999
2017-01-27,sp500,-0.0008668394897415,0.0039695584244019,0.0052985613248463,0.0032247939951378,0.924103743783311,0.0020481898507712,0.0009851553648234,0.7491766502328916,0,Calm/Bull,0.99
2017-01-30,sp500,-0.0060276734960966,0.0042630083365713,0.0052792643427179,0.0078784565182627,1.039656301259257,0.0013814050807659,0.000698439076612,0.8075004507875417,0,Calm/Bull,0.9944
2017-01-31,sp500,-0.0008903016080325,0.0040944575017067,0.0051867394416468,0.005213165447001,1.1589508223851537,-0.000105283346633,0.0008863157310531,0.7894087504821067,0,Calm/Bull,0.9948
2017-02-01,sp500,0.0002983189881162,0.0036873094106548,0.0051325633192591,0.0073259857490122,1.1083274653363988,-0.0016444301082035,0.000478693342801,0.7184147922381727,0,Calm/Bull,0.9458
2017-02-02,sp500,0.000570146838691,0.0034769461793466,0.0051175784717298,0.0054015247964058,1.0767589548675327,-0.0013832697534126,0.0002219024962081,0.6794123819602806,0,Calm/Bull,0.8768
2017-02-03,sp500,0.0072384968545536,0.0038025833965017,0.0044243278464351,0.0045399518311557,1.0217475939429077,0.0002377975154463,0.0006223757190599,0.8594714335117886,0,Calm/Bull,0.9991
2017-02-06,sp500,-0.0021175975137091,0.003785802796128,0.0044328048579496,0.0033193735765936,0.8847714018131276,0.0010198127119238,0.0003409563843454,0.8540422864179817,0,Calm/Bull,0.9993
2017-02-07,sp500,0.0002268034638457,0.0036737617217635,0.0042405075803059,0.0040295104922503,0.978208575468143,0.0012432337262995,0.0005300418311157,0.8663495235394637,0,Calm/Bull,0.9995
2017-02-08,sp500,0.0006930821486096,0.0036717670938402,0.0042386997547176,0.0045889080588422,1.02381290835628,0.0013221863583981,0.0005646959385462,0.8662484503068814,0,Calm/Bull,0.9995
2017-02-09,sp500,0.0057360637359602,0.0038207414316278,0.0042716304397811,0.0062698375421399,1.0427200560331746,0.002355369737852,0.0007102170058891,0.8944456889448498,0,Calm/Bull,0.9997
2017-02-10,sp500,0.003559706822009,0.0038092001391091,0.0042806935597871,0.0035101603858688,0.9898976144192236,0.0016196117313431,0.000995557966676,0.8898558343191723,0,Calm/Bull,0.9998
2017-02-13,sp500,0.0052321335840112,0.0039225342658309,0.0042344510407998,0.0043638596585418,0.9455630711499988,0.0030895579508871,0.0011647580761193,0.926338320607904,0,Calm/Bull,1.0
2017-02-14,sp500,0.0039993271956725,0.0038445589591074,0.0042359664831255,0.0065923543728866,0.99593964414475,0.0038440626972525,0.0015133201587138,0.9075990035385536,0,Calm/Bull,0.9998
2017-02-15,sp500,0.0049798886657344,0.0039220665749557,0.0042405351626158,0.0070192573095136,1.06170689124997,0.0047014240006775,0.0016742045685101,0.9248989631149216,0,Calm/Bull,0.9999
2017-02-16,sp500,-0.0008644916015501,0.0037721378466219,0.0042232384089628,0.0052998617775578,1.0235828658259656,0.0033813129331754,0.0018117718696485,0.8931861006511966,0,Calm/Bull,0.9998
2017-02-17,sp500,0.0016771493272371,0.0037544994840798,0.0041442708451586,0.004925157971916,0.9795616298554288,0.003004801434221,0.0017276001329454,0.9059493513716196,0,Calm/Bull,0.9999
2017-02-21,sp500,0.0060298500200691,0.0037203920408109,0.0041905524671416,0.0049886485100627,0.9932715399596104,0.0031643447214326,0.0021637801162524,0.8878046677574746,0,Calm/Bull,0.9997
2017-02-22,sp500,-0.001082786146804,0.0036378035507422,0.0042005384818282,0.0028735979572873,0.9662099023739004,0.0021479220529373,0.001782483782464,0.8660326685446385,0,Calm/Bull,0.9996
2017-02-23,sp500,0.0004188989712592,0.0033391245697706,0.0041859099546922,0.0055714805963872,1.1161493033589496,0.0012357241140422,0.0014037260912286,0.7977057810399376,0,Calm/Bull,0.9847
2017-02-24,sp500,0.0014922502320316,0.0033009409522273,0.0041018325576925,0.0061123328993335,1.060346548480556,0.0017070724807586,0.0015151213495933,0.804747854964693,0,Calm/Bull,0.9859
2017-02-27,sp500,0.0010174652677336,0.0032559613839886,0.0041018721436697,0.0040805662517143,0.9857059872891696,0.0015751356688579,0.0016093365874671,0.7937744693026209,0,Calm/Bull,0.985
2017-02-28,sp500,-0.0025817061151949,0.0029025541157841,0.0041006835185407,0.0037357967060577,1.148581192237235,-0.0001471755581948,0.0017816349565121,0.707822025928259,1,Transition,0.5509
2017-03-01,sp500,0.0135812110837253,0.0038504347348784,0.0043532220099344,0.008702189517429,1.1812836467275485,0.0027856238879109,0.0025052105911,0.8845022666180197,0,Calm/Bull,0.9958
2017-03-02,sp500,-0.0058771169721052,0.0042623032423686,0.0044541035926147,0.0061211453798677,1.0403625678634687,0.001526420699238,0.002196438793089,0.9569385070962136,0,Calm/Bull,1.0
2017-03-03,sp500,0.0005037503685347,0.0042636622374454,0.0044173827985344,0.0035667526528337,0.9709676397809892,0.0013287207265387,0.0021931189695812,0.9652009870776738,0,Calm/Bull,1.0
2017-03-06,sp500,-0.0032826227635658,0.0042574436946572,0.0044475574753113,0.0045552235676469,0.8920509449477171,0.0004687031202788,0.0016670629886752,0.9572543397787556,0,Calm/Bull,1.0
2017-03-07,sp500,-0.0029176259020898,0.0042984356045698,0.004194869732277,0.0040576542958532,0.961892284321644,0.0004015191628998,0.0016270615692561,1.0246886980770835,0,Calm/Bull,1.0
2017-03-08,sp500,-0.0022868279640638,0.0043775522820259,0.004211834259885,0.0051122219506081,1.035285840388004,-0.002772088646658,0.0015013799978607,1.0393458080056115,0,Calm/Bull,1.0
2017-03-09,sp500,0.0007995756127663,0.004376582015289,0.0041587687801886,0.0061483457196339,1.007871450413874,-0.0014367501296836,0.0015067046710685,1.0523744518180458,0,Calm/Bull,1.0
2017-03-10,sp500,0.0032633397058585,0.0042847803047144,0.004163546760906,0.0058248620882326,0.9340098540976746,-0.0008848322622189,0.0013830684695634,1.0291178533039909,0,Calm/Bull,1.0
2017-03-13,sp500,0.0003665656191696,0.0042588188313326,0.0040963640847715,0.0024857707982722,0.8650745659499668,-0.0001549945856718,0.0012234114094214,1.0396582782192292,0,Calm/Bull,1.0
2017-03-14,sp500,-0.003384748980891,0.0042677861534319,0.0039653632235406,0.0043839934902712,0.869137295464124,-0.000248419201432,0.0007925672811763,1.0762661357466603,0,Calm/Bull,1.0
2017-03-15,sp500,0.0083398791246863,0.0045410557648996,0.0040645081714562,0.0088334472020286,1.0650548731459055,0.0018769222163179,0.001009594877627,1.1172460660283532,0,Calm/Bull,0.9998
2017-03-16,sp500,-0.0016280347991836,0.0044769185047238,0.0040631750356101,0.0045856463701741,0.923020271551332,0.0013914001339279,0.0006791987043811,1.1018276262990416,0,Calm/Bull,1.0
2017-03-17,sp500,-0.0013151792642314,0.0044862221500561,0.0040704353001257,0.0033932800838326,1.3905407727165346,0.0004756963399099,0.000656664321247,1.102148006115588,0,Calm/Bull,0.9982
2017-03-20,sp500,-0.0020119160803802,0.0045177839580859,0.0040698439079485,0.0041669525381945,0.8269398571392493,3.469446951953614e-18,0.0004722110508662,1.1100632015057366,0,Calm/Bull,1.0
2017-03-21,sp500,-0.0124855945901021,0.0051691053771845,0.0043960670905149,0.0170775116950068,1.145054183408731,-0.0018201691218422,-0.0004535611796423,1.175847699944702,0,Calm/Bull,0.9549
2017-03-22,sp500,0.0018881028474626,0.005192704978566,0.0043875249618571,0.0065405300267141,0.9554283875669456,-0.0031105243772869,-0.0003050167299289,1.1835157688466091,0,Calm/Bull,0.9993
2017-03-23,sp500,-0.00106083214483,0.0051923893581412,0.0043921525194481,0.0071570015439608,0.8807832448158411,-0.0029970838464162,-0.0003790032857334,1.1821969604083078,0,Calm/Bull,0.9995
2017-03-24,sp500,-0.0008443522139384,0.0051743253413873,0.0043905750126485,0.0087372676556112,0.8135210562857491,-0.0029029184363576,-0.0004958334080319,1.1785074452619493,0,Calm/Bull,0.9994
2017-03-27,sp500,-0.0010201075858456,0.0051630081878418,0.0042367751276701,0.0096728724898872,0.8897241972985291,-0.0027045567374507,-0.0005977120507109,1.218617470189174,0,Calm/Bull,0.9965
2017-03-28,sp500,0.0072253088296239,0.00542378273293,0.0043183362997013,0.0110872883681446,0.935348068126672,0.0012376239464944,-0.0001073613034699,1.2559889634591603,0,Calm/Bull,0.9677
2017-03-29,sp500,0.0010847362038301,0.0043839837194328,0.0042589734285735,0.0044132116964327,0.8778733773295917,0.0010769506177679,-0.0007321850474647,1.0293522119721723,0,Calm/Bull,1.0
2017-03-30,sp500,0.002930810911705,0.0042811409386811,0.0041510568081889,0.0049998072080278,0.9010201807612424,0.001875279229075,-0.0002917886532742,1.0313375934137083,0,Calm/Bull,1.0
2017-03-31,sp500,-0.0022575939382668,0.0042986255083789,0.0041185403126105,0.0032801178709695,0.9599506289207456,0.0015926308842093,-0.0004298558686143,1.043725490610583,0,Calm/Bull,1.0
2017-04-03,sp500,-0.0016434753080133,0.0042567945497209,0.004125219524017,0.0089620898115456,0.9753502758313848,0.0014679573397757,-0.0003478984958366,1.0318952785270863,0,Calm/Bull,1.0
2017-04-04,sp500,0.0005593660746613,0.004217138299657,0.0041080553436493,0.0041565228455144,0.9194973393145914,0.0001347687887832,-0.0001740488969991,1.026553429027262,0,Calm/Bull,1.0
2017-04-05,sp500,-0.0030595368115221,0.0042409855141956,0.0041000576179051,0.0118319932290779,1.084038386712089,-0.0006940858142871,-0.000212684339372,1.0343721745945915,0,Calm/Bull,1.0
2017-04-06,sp500,0.0019276502937349,0.0042626032261457,0.0041027781428863,0.0064729902688188,0.9253131534712712,-0.0008947179378811,-0.0001562806053236,1.0389553316541091,0,Calm/Bull,1.0
2017-04-07,sp500,-0.0008274724629448,0.0041873612921849,0.0040968707737665,0.0055274031921919,0.8872678644458489,-0.0006086936428167,-0.0003608212137637,1.0220877160680415,0,Calm/Bull,1.0
2017-04-10,sp500,0.0006874501357832,0.0041909082680211,0.0040812331750916,0.0063084889196987,0.8155603555023901,-0.0001425085540574,-0.0003447769879331,1.0268730278874691,0,Calm/Bull,1.0
2017-04-11,sp500,-0.0014349082919582,0.0041388238395061,0.0040865574474886,0.0076345157489049,0.9121520610006988,-0.0005413634273814,-0.0002472849534864,1.012789834154818,0,Calm/Bull,1.0
2017-04-12,sp500,-0.0037670374189869,0.0036762952734769,0.0040995067386065,0.0049212724469025,0.9454352470770228,-0.0006828635488743,-0.0008526307806701,0.8967652715034956,0,Calm/Bull,0.9998
2017-04-13,sp500,-0.0068380202898042,0.0039112135050625,0.0042056224629455,0.0082913153990422,0.9322788338558868,-0.0024359976655822,-0.0011131300552011,0.9299963416885544,0,Calm/Bull,0.9999
2017-04-17,sp500,0.0085764656911072,0.004469837159458,0.0043011057123821,0.0070795282878165,0.8678661512276471,-0.0005552100347717,-0.0006185478074342,1.0392297837717004,0,Calm/Bull,1.0
2017-04-18,sp500,-0.0029076028458332,0.0044889784648218,0.0043094441046668,0.005896216335665,1.0013432500346944,-0.001274220631095,-0.0006633321457068,1.0416606772925836,0,Calm/Bull,1.0
2017-04-19,sp500,-0.0017178253968685,0.0035423486821873,0.0042989677634083,0.0075186297710465,1.090164690671698,-0.0013308040520771,-0.0001249436860451,0.8239998244087635,0,Calm/Bull,0.9941
2017-04-20,sp500,0.0075288503629738,0.0039159172811928,0.0043241522427511,0.0086848870529428,1.128451640426512,0.000928373504315,0.0001570936897303,0.905591908276887,0,Calm/Bull,0.9996
2017-04-21,sp500,-0.0030396881071153,0.0039728952182052,0.0042357009252262,0.004968694108688,1.085454568134823,0.0016880399408527,5.815089161610215e-05,0.9379546120794794,0,Calm/Bull,1.0
2017-04-24,sp500,0.0107817365881118,0.0046300876038934,0.0044411553842378,0.0032811909032406,1.1303013953298549,0.0021290941202536,0.0006394553317186,1.0425412315736904,0,Calm/Bull,1.0
2017-04-25,sp500,0.0060722142117511,0.004765899604272,0.0044935967038308,0.004743376949547,1.2060195907206983,0.0039250575317705,0.0009940714215984,1.0605979838397714,0,Calm/Bull,0.9999
2017-04-26,sp500,-0.0004858214756873,0.004541915133654,0.0044097991705141,0.0047665429832002,1.224114096419585,0.0041714583160068,0.0006085149063328,1.029959632634358,0,Calm/Bull,1.0
2017-04-27,sp500,0.0005527670002992,0.0045405369499777,0.004404572844636,0.0039435215356033,1.2029470286260104,0.0027762416434718,0.0005819164461563,1.0308688515634927,0,Calm/Bull,1.0
2017-04-28,sp500,-0.00191497947149,0.0045378881007261,0.0044179655471785,0.004747850201568,1.0829431399196237,0.0030011833705969,0.0003396269269965,1.0271442935140749,0,Calm/Bull,1.0
2017-05-01,sp500,0.0017307918268938,0.0045052633685775,0.0044197138050953,0.0040446302618935,0.9337717671051003,0.0011909944183533,0.0005390462152546,1.0193563581840157,0,Calm/Bull,1.0
2017-05-02,sp500,0.0011883435858115,0.0044774745545617,0.0043378327877283,0.0029733827011653,1.1190078997026545,0.0002142202931654,0.0006806371599458,1.0321915974328142,0,Calm/Bull,1.0
2017-05-03,sp500,-0.0012721693958273,0.0044987648012793,0.0043300016869454,0.0042167172027994,1.1181134196077296,5.695070913742709e-05,0.0005890603864214,1.0389752999040756,0,Calm/Bull,1.0
2017-05-04,sp500,0.0005819332878695,0.0044162593367894,0.0043296134386324,0.0046368450123085,1.2428179295890347,6.278396665149511e-05,0.000771133891391,1.0200123866449269,0,Calm/Bull,1.0
2017-05-05,sp500,0.0040803594074783,0.0044718141824616,0.004351726456278,0.0041304536294712,1.0033299065363663,0.0012618517424451,0.0008787693470781,1.0275954215850072,0,Calm/Bull,1.0
2017-05-08,sp500,3.7445271907879016e-05,0.0044586077630957,0.0043028183218095,0.003100878522893,0.966127689779156,0.0009231824314479,0.0009220152338208,1.0362063721111727,0,Calm/Bull,1.0
2017-05-09,sp500,-0.0010257745567932,0.004479759085736,0.0042909331453331,0.0047686932203845,1.0179021421543877,0.000480358802927,0.0008363539991919,1.0440057987406042,0,Calm/Bull,1.0
2017-05-10,sp500,0.0011299627174494,0.0044479163269413,0.0042478819761223,0.0028962596363941,1.0081321969583958,0.0009607852255824,0.0009645975496623,1.0470903739659825,0,Calm/Bull,1.0
2017-05-11,sp500,-0.0021651513741066,0.0043720035770811,0.0042364251258843,0.0058385179043328,1.022340060102804,0.0004113682931871,0.0010446918519063,1.0320030325494127,0,Calm/Bull,1.0
2017-05-12,sp500,-0.0014795353407942,0.0040129579223603,0.0041999991409105,0.0021958259293304,0.9043435236700482,-0.0007006106564673,0.0013126160993568,0.9554663674265412,0,Calm/Bull,1.0
2017-05-15,sp500,0.0047651423030152,0.0037304078473441,0.0042364296096386,0.004208476445347,0.9465075485636738,0.0002449287497541,0.0011220499299522,0.8805546630249188,0,Calm/Bull,0.9997
2017-05-16,sp500,-0.000687133036986,0.0036360145087492,0.0042352187889162,0.0040488576186822,0.9261140780404048,0.0003126570537155,0.0012330734203946,0.8585186952477868,0,Calm/Bull,0.9994
2017-05-17,sp500,-0.018345468171115,0.0056753343998774,0.0048108529642901,0.0121594361946035,1.117461196506344,-0.0035824291239973,0.0004016912816823,1.1796940047854638,0,Calm/Bull,0.9917
2017-05-18,sp500,0.0036800386272159,0.0054829375895988,0.0048329162219069,0.0097306612009569,1.148632504690525,-0.0024133911237328,0.0002092506948944,1.1344987866219332,0,Calm/Bull,0.9998
2017-05-19,sp500,0.0067447032082007,0.0056127641570057,0.0049101376575388,0.0078220986870469,1.0147823681530428,-0.0007685434139338,0.0006984702606602,1.1430971081611414,0,Calm/Bull,0.9999
2017-05-22,sp500,0.0051468632960084,0.0052067145872922,0.0049498817199348,0.0035672379482324,0.8472791461753771,-0.0006921992153352,0.000416726596055,1.051886667578948,0,Calm/Bull,1.0
2017-05-23,sp500,0.0018361851723804,0.005048297182711,0.0049533377490148,0.0029061695077569,0.867069521423752,-0.0001875355734619,0.0002049251440865,1.0191707972498143,0,Calm/Bull,1.0
2017-05-24,sp500,0.0024860338045762,0.0050705834507651,0.0049482978160114,0.0031567625176158,0.922597282682001,0.0039787648216763,0.0003535179080997,1.0247126667190452,0,Calm/Bull,1.0
2017-05-25,sp500,0.0044321120419781,0.0051521496694039,0.0046644447243043,0.0044304930577619,0.9705694611354988,0.0041291795046288,0.0005474851601836,1.10455798576803,0,Calm/Bull,0.9999
2017-05-26,sp500,0.0003105017853024,0.0051201000649111,0.0045972447124985,0.0018544346606874,0.7797508624142934,0.0028423392200491,0.0006587592230232,1.113732329930383,0,Calm/Bull,0.9999
2017-05-30,sp500,-0.0012053507295338,0.0051298285298891,0.0046008481121723,0.0024162021531518,0.8905176561307291,0.0015718964149406,0.0005119520952019,1.1149745448708184,0,Calm/Bull,0.9999
2017-05-31,sp500,-0.0004600746199513,0.0051316312197388,0.0045789401326695,0.0051413475796946,1.243669535871483,0.0011126444564743,0.0004295311849137,1.12070284193628,0,Calm/Bull,0.9998
2017-06-01,sp500,0.0075425955848472,0.0053516059406718,0.004654638292912,0.0067981939264538,1.063232042319754,0.0021239568125285,0.0008702694339474,1.149736156474522,0,Calm/Bull,0.9998
2017-06-02,sp500,0.003700874618046,0.005388080582782,0.0046596220145582,0.0051331118747529,0.9664227022188262,0.0019777093277421,0.0010262165004563,1.1563342618667154,0,Calm/Bull,0.9999
2017-06-05,sp500,-0.0012184071404286,0.0053602019552033,0.0046649100696726,0.0021468659985612,0.8205528699741939,0.0016719275425958,0.0007612781730609,1.14904722173551,0,Calm/Bull,0.9999
2017-06-06,sp500,-0.002782908666204,0.0054170449386357,0.0046693891306351,0.0033300718674853,0.9506838138391184,0.0013564159552618,0.0006202604761553,1.1601185480762897,0,Calm/Bull,0.9998
2017-06-07,sp500,0.0015670287963475,0.0054065941654992,0.00467184164735,0.004327753340034,1.0080003698028883,0.0017618366385216,0.0007499006438124,1.157272564785221,0,Calm/Bull,0.9999
2017-06-08,sp500,0.0002671690356647,0.0054068441564792,0.0046452275863857,0.0046553227448347,1.0517468705366149,0.0003067513286851,0.0007067609597231,1.1639567827259256,0,Calm/Bull,0.9998
2017-06-09,sp500,-0.0008303338661872,0.0053776878424129,0.0045315290619551,0.0125423044757658,1.1296749282505354,-0.0005994903681615,0.0007735018351191,1.1867269896957668,0,Calm/Bull,0.9985
2017-06-12,sp500,-0.0009792424797181,0.0053678106168456,0.0045275696936583,0.0042849902937266,1.1188258522297625,-0.0005516574360194,0.0007985164781729,1.1855832113118343,0,Calm/Bull,0.9992
2017-06-13,sp500,0.0045013588432301,0.005357866167994,0.0045538828141258,0.0041838099161697,0.9123854070212908,0.0009051960658674,0.0007853273051836,1.1765489773637334,0,Calm/Bull,0.9997
2017-06-14,sp500,-0.0009963269653176,0.0053627822710379,0.0045465355204122,0.0063209262827317,0.9885428268601396,0.0003925249135343,0.0007698676087671,1.1795315899240535,0,Calm/Bull,0.9998
2017-06-15,sp500,-0.0022421097968403,0.003053378443043,0.0042342992562693,0.0063392294724789,0.947120079219256,-0.0001093308529666,0.0015750355274808,0.7211059630521288,0,Calm/Bull,0.6555
2017-06-16,sp500,0.0002835991500596,0.0030244552203947,0.0042312027089024,0.0042208741522079,1.468280394016196,0.0001134557502827,0.001405213553623,0.7147979968039184,0,Calm/Bull,0.6661
2017-06-19,sp500,0.0083125832068939,0.0031861373379918,0.0043408201717115,0.0049032914693574,0.9135069877498844,0.0019718208876051,0.0014836075535576,0.7339943171927227,0,Calm/Bull,0.8532
2017-06-20,sp500,-0.0067191604469316,0.0035518993129415,0.0044423870745911,0.005769241365147,0.952459797622816,-0.0002722829704271,0.0008903063664106,0.7995474625021073,0,Calm/Bull,0.9886
2017-06-21,sp500,-0.0005828141932715,0.0035591735101184,0.004439960643565,0.0047174998163139,0.9962689634727124,-0.0001895804160179,0.000769356398128,0.8016227610658601,0,Calm/Bull,0.9929
2017-06-22,sp500,-0.000455885972438,0.003545257012267,0.0043573057955255,0.0034299025082152,0.961344535956525,0.0001676643488624,0.0006222604092773,0.8136351173488091,0,Calm/Bull,0.9958
2017-06-23,sp500,0.001559698555409,0.0034393954581268,0.0043587653904083,0.0042200691940355,1.4260415378742763,0.0004228842299323,0.0004786397349489,0.7890756097346661,0,Calm/Bull,0.9819
2017-06-26,sp500,0.0003157519397323,0.0034393821501129,0.004347473052148,0.0054897531447842,0.8705198184115722,-0.0011764820234999,0.0004789022426704,0.7911221320655655,0,Calm/Bull,0.9864
2017-06-27,sp500,-0.0081055865756729,0.0039285307242561,0.0044738866845146,0.0085848525396123,0.9521124638895062,-0.0014537672492482,0.0001338904503634,0.8781024199503936,0,Calm/Bull,0.9992
2017-06-28,sp500,0.008769501646551,0.004372133356787,0.0045938325681788,0.0061252971621873,0.942532029345416,0.0004166959187163,0.0005953692636885,0.9517398146098046,0,Calm/Bull,1.0
2017-06-29,sp500,-0.0086372168441413,0.004513621651648,0.0047450782941029,0.0153035624433273,1.0479206024576668,-0.0012195702556243,-0.0002136213577608,0.9512217442771244,0,Calm/Bull,0.9991
2017-06-30,sp500,0.0015320576108735,0.0044400791590068,0.0047250722835948,0.0045638414444393,0.91278840134509,-0.0012250984445314,-0.0003220622081194,0.939684917503282,0,Calm/Bull,1.0
2017-07-03,sp500,0.0023081679791475,0.0044725160458264,0.0047272870327907,0.0043145069088295,0.5228338359400831,-0.0008266152366484,-0.0001457334521406,0.9461063004642812,0,Calm/Bull,1.0
2017-07-05,sp500,0.0014522240362887,0.0044412335495901,0.0047256133863167,0.0052824838684165,0.9262211625785366,0.0010849468857439,6.602318298397616e-05,0.9398216033605185,0,Calm/Bull,1.0
2017-07-06,sp500,-0.0094129873068661,0.0049007901496761,0.0048969291669798,0.0068804142027181,0.9290258563893056,-0.0025515509049395,-0.0004829776221767,1.0007884497742638,0,Calm/Bull,1.0
2017-07-07,sp500,0.0063827125696158,0.005135234970782,0.0049518468923825,0.0055253229539488,0.8169560655234802,0.0004524349778118,-0.0001772004454791,1.0370342788024385,0,Calm/Bull,1.0
2017-07-10,sp500,0.0009273361035125,0.0051385082487881,0.0049203012103055,0.0040083465816761,0.851514192634052,0.0003314906763396,-8.931694699416609e-05,1.044348309007084,0,Calm/Bull,1.0
2017-07-11,sp500,-0.0007829870660821,0.0051369064948784,0.0048268616830791,0.0068067637036887,0.8911345612327515,-0.0002867403327062,-7.950417631236906e-05,1.0642332082740649,0,Calm/Bull,1.0
2017-07-12,sp500,0.0072790509478214,0.0053021674180176,0.0047936664359336,0.0040970059411132,0.911979967386432,0.0008786250496002,5.938042891719571e-05,1.1060776732966435,0,Calm/Bull,1.0
2017-07-13,sp500,0.001872829473473,0.0053109077608779,0.0047731230732683,0.0031170982909767,0.887105657018346,0.0031357884056681,0.0002028382508567,1.11266935282299,0,Calm/Bull,0.9999
2017-07-14,sp500,0.0046626161700092,0.0053677260192889,0.0047885943754966,0.0068516663572639,0.7990051751549381,0.0027917691257468,0.0005480745491992,1.120939799527747,0,Calm/Bull,0.9999
2017-07-17,sp500,-5.291423670686425e-05,0.0053691259112484,0.004708503526498,0.0023016812777031,0.8480446172885937,0.0025957190577029,0.0005312488798608,1.1403041074584717,0,Calm/Bull,0.9999
2017-07-18,sp500,0.0005976786981109,0.0050481993110553,0.004682683873029,0.0042996791537445,0.9046585922094948,0.0028718522105415,0.0001455036544217,1.0780568255165637,0,Calm/Bull,1.0
2017-07-19,sp500,0.0053582582160534,0.004904122885341,0.004536321858366,0.0040342223004718,0.93706445133829,0.0024876936641879,0.0007493745875709,1.081079129404516,0,Calm/Bull,1.0
2017-07-20,sp500,-0.000153671088607,0.0048989234078908,0.0044818955037599,0.0037155332544816,0.9916960810898316,0.0020823935517719,0.0007708317428042,1.0930472171386227,0,Calm/Bull,1.0
2017-07-21,sp500,-0.0003679393292088,0.0048978036809327,0.0044814454220877,0.0030252211695573,0.9494114471243502,0.0010762824519283,0.0007752290749656,1.0929071358970202,0,Calm/Bull,1.0
2017-07-24,sp500,-0.0010643009954088,0.0049108116323182,0.0044864940447064,0.0027450512521263,0.9688021406603236,0.0008740051001879,0.0006440290974247,1.0945766523667677,0,Calm/Bull,1.0
2017-07-25,sp500,0.002918907519898,0.0049360853436182,0.0044847581985759,0.0025554082444045,1.3023142213183734,0.0013382508645453,0.000774186876433,1.1006357812525331,0,Calm/Bull,0.9994
2017-07-26,sp500,0.0002826240061194,0.0044768820536683,0.0044826697884921,0.0027241577457594,1.13766922364478,0.0003231240225585,0.0011935974055226,0.9987088643382526,0,Calm/Bull,1.0
2017-07-27,sp500,-0.0009731616373937,0.0041254124566636,0.0044866525810176,0.0097398050362351,1.2650250999531385,0.0001592259128012,0.0007064642413254,0.9194856036140748,0,Calm/Bull,0.9998
2017-07-28,sp500,-0.001342015678116,0.0035362217911294,0.0044871495632469,0.0035880898172001,1.0445744889282884,-3.5589356980208605e-05,0.0010712242996267,0.7880775403819305,0,Calm/Bull,0.9885
2017-07-31,sp500,-0.0007284108345598,0.0035567819574272,0.0044903076132069,0.0038173223714659,1.0974064095697282,3.158867518959195e-05,0.000958200877355,0.7921020704608382,0,Calm/Bull,0.99
2017-08-01,sp500,0.0024461207749384,0.0035596703192847,0.0044734805587437,0.0029762016261252,1.0691396550696295,-6.296867380232146e-05,0.0009650985171445,0.7957272357710589,0,Calm/Bull,0.9909
2017-08-02,sp500,0.0004925274073474,0.003559226587775,0.0044730224327717,0.0056102963630628,1.0723774434016182,-2.0987993556727387e-05,0.0009171136856975,0.7957095322612745,0,Calm/Bull,0.9901
2017-08-03,sp500,-0.0021860418349456,0.0027241699342754,0.0044823802433949,0.0029043152125619,1.1212105023804688,-0.0002635640330671,0.0012784609592935,0.6077507454414837,1,Transition,0.923
2017-08-04,sp500,0.0018873214175395,0.0024527946924297,0.0044852064920838,0.0031976040443579,0.987194424876478,0.000382303386064,0.0010536914016897,0.546863270790067,1,Transition,0.9878
2017-08-07,sp500,0.0016458446442804,0.002456106260947,0.0044733938709707,0.0020436325940848,0.8953288021839565,0.000857154481832,0.0010896168287281,0.5490476206187497,1,Transition,0.9866
2017-08-08,sp500,-0.0024173522303853,0.0025471896845905,0.0044823813665765,0.0083033186837642,1.0174078845251109,-0.0001155401192327,0.0010078985705129,0.5682670608047762,1,Transition,0.9891
2017-08-09,sp500,-0.0003636747927123,0.002088926052588,0.0044499186033069,0.0049837244189766,1.004262327650988,-0.0002867805592446,0.0006257622834862,0.4694301713823889,1,Transition,0.9994
2017-08-10,sp500,-0.0145802184007415,0.0039672352946926,0.0048552225753135,0.0113320359014021,1.0933899261804971,-0.0027656158724038,-0.0001968901102244,0.8171067820585874,0,Calm/Bull,0.9682
2017-08-11,sp500,0.0012747571279871,0.0038183575047485,0.0041970997220569,0.0041944480640166,0.9448334895440426,-0.0028881287303143,-0.0003662830623255,0.9097609677182648,0,Calm/Bull,0.9999
2017-08-14,sp500,0.0099936512460494,0.0044674294480944,0.0043522729711785,0.0053774816261374,0.8436778453762118,-0.0012185674099605,0.0001360452118122,1.0264589279391556,0,Calm/Bull,1.0
2017-08-15,sp500,-0.0004989323268834,0.00446819494234,0.0042813871018649,0.0029577882927294,0.8736592671160975,-0.0008348834292601,8.121466056253833e-05,1.043632550860377,0,Calm/Bull,1.0
2017-08-16,sp500,0.0014190955233323,0.0043072609515654,0.0042407001873378,0.0044851419656934,0.8852844887846408,-0.0004783293660512,-0.0001157434740735,1.015695701484952,0,Calm/Bull,1.0
2017-08-17,sp500,-0.0155573424871914,0.0055206565596519,0.0047162124424357,0.0144073520787684,0.9485156170393856,-0.0006737541833411,-0.0008859270440027,1.170569949304657,0,Calm/Bull,0.9833
2017-08-18,sp500,-0.0018370536613519,0.005523174830068,0.004713999101637,0.0080724279981193,1.0215293593893664,-0.001296116341209,-0.0009593827606098,1.1716537723034208,0,Calm/Bull,0.9997
2017-08-21,sp500,0.0011619757145661,0.0055433463312296,0.0046824028984607,0.0054480906246996,0.8384293814675003,-0.0030624514475056,-0.0008480689251111,1.1838678668706413,0,Calm/Bull,0.9994
2017-08-22,sp500,0.009891695260625,0.0059937094971807,0.0048503610851274,0.0086034705555662,0.8485969188284072,-0.0009843259300039,-0.0004994295380747,1.2357243908209503,0,Calm/Bull,0.9966
2017-08-23,sp500,-0.003459570132639,0.0060263331826605,0.0048705232890608,0.0030645939160833,0.8640245947128596,-0.0019600590611982,-0.0006865392450127,1.237307128003206,0,Calm/Bull,0.9969
2017-08-24,sp500,-0.0020766167471384,0.0060341415617058,0.0048787774437379,0.0058221098834526,0.896741802662867,0.0007360860868123,-0.0007417120004999,1.2368142698230389,0,Calm/Bull,0.9987
2017-08-25,sp500,0.0016714716689374,0.0060559473115492,0.0047867518816452,0.0048054644807651,0.8252924850123657,0.0014377911528702,-0.0005910376331472,1.2651475282792055,0,Calm/Bull,0.9958
2017-08-28,sp500,0.000486953473296,0.0060605922798719,0.0047635734050374,0.0041281085044588,0.8647077213643645,0.0013027867046162,-0.0005302694177544,1.2722785532102665,0,Calm/Bull,0.9943
2017-08-29,sp500,0.0008424667620097,0.0060296710113817,0.0047618100384093,0.0085803007870723,0.8934527012703227,-0.0005070589951068,-0.0006104521184009,1.2662561006729836,0,Calm/Bull,0.9968
2017-08-30,sp500,0.004604531788061,0.0061383856180146,0.0047822658426051,0.0067301862682464,0.8723736279763593,0.0011057613890331,-0.0004048518993652,1.2835726452778642,0,Calm/Bull,0.9941
2017-08-31,sp500,0.0057046735847135,0.0062700469085621,0.0048319928804939,0.0050007516882364,1.1148859105647329,0.0026620194554035,-1.0316128382274488e-05,1.297610957556132,0,Calm/Bull,0.9847
2017-09-01,sp500,0.0019805780423351,0.0062715668863078,0.0048370860085067,0.0026366457481203,0.9097506484133908,0.0027238407300831,-5.653297142493049e-06,1.2965588941933968,0,Calm/Bull,0.9874
2017-09-05,sp500,-0.0075794585521449,0.0064795152621493,0.0049409470083325,0.0103423402018047,1.1634228021820137,0.0011105583249949,-0.0004669184569637,1.3113913691488894,0,Calm/Bull,0.9774
2017-09-06,sp500,0.0031238424931441,0.0065101231816473,0.0049530411210358,0.0042343426757813,1.1285536145943935,0.0015668334712217,-0.0001898587207872,1.3143688942937295,0,Calm/Bull,0.9812
2017-09-07,sp500,-0.0001784520448537,0.0065099946465993,0.0049216455595935,0.0033792048172486,1.1161139452398574,0.0006102367046388,-0.0001805975833943,1.3227272398577434,0,Calm/Bull,0.9682
2017-09-08,sp500,-0.0014899601434577,0.005577295058607,0.0049240372001585,0.0031324089217465,1.1030620644954356,-0.0008286900409954,0.0004739153294698,1.1326671249411906,0,Calm/Bull,0.9998
2017-09-11,sp500,0.010780975197147,0.006035395202144,0.0051002357664693,0.0057995550910634,1.095689796420792,0.0009313893899669,0.0009492262329278,1.1833561189117474,0,Calm/Bull,0.9995
2017-09-12,sp500,0.0033583025948831,0.0056842096251431,0.0051147074892049,0.0025635704647422,1.068713413819145,0.0031189416193725,0.0006174588003695,1.1113459835464927,0,Calm/Bull,0.9999
2017-09-13,sp500,0.0007568342480825,0.0056781612621966,0.0050092245624858,0.0024937156294474,1.1058104436942349,0.0026455399703602,0.0006802471291178,1.1335409685404114,0,Calm/Bull,0.9998
2017-09-14,sp500,-0.0011013238508279,0.0056888592121914,0.0049275952791383,0.0028369037160807,1.1140589943759465,0.0024609656091653,0.0005542261604097,1.1544899469069565,0,Calm/Bull,0.9997
2017-09-15,sp500,0.0018454775461593,0.0042416546063122,0.0049293919265562,0.0028277672112584,1.5403898702348944,0.0031280531470888,0.0014243671620773,0.8604823210467445,0,Calm/Bull,0.9987
2017-09-18,sp500,0.0014548619291293,0.0041717298628059,0.0049297016287881,0.0033548651053076,1.018703947410247,0.0012628304934852,0.0015889629416014,0.8462438859269371,0,Calm/Bull,0.9992
2017-09-19,sp500,0.0011095796167313,0.0041720285607898,0.0049283548592605,0.0018551240362792,1.0269522250510554,0.0008130858978549,0.0015863431367096,0.8465357467006315,0,Calm/Bull,0.9991
2017-09-20,sp500,0.0006341467023094,0.0036874846498225,0.0049283674826273,0.0048560647420791,1.1171950396823231,0.0007885483887003,0.0011234657087938,0.7482162527086298,0,Calm/Bull,0.9762
2017-09-21,sp500,-0.0030505659469148,0.0036617746368369,0.0048213983788413,0.0032631815527093,0.9218562833766426,0.0003986999694829,0.00114391591808,0.7594839399512353,0,Calm/Bull,0.9825
2017-09-22,sp500,0.000647583995167,0.003585546479485,0.0046991925399535,0.0027695133608408,0.8942293067825963,0.0001591212592844,0.0012801259551953,0.7630133153727984,0,Calm/Bull,0.9826
2017-09-25,sp500,-0.0022245226998538,0.0036680498166851,0.0045607050724357,0.0058117686334642,1.0184607201738052,-0.0005767556665121,0.0010853262367557,0.8042725320815717,0,Calm/Bull,0.9931
2017-09-26,sp500,7.216412589487934e-05,0.0036727807096666,0.004559118177981,0.0033602042112408,0.9379710633649812,-0.0007842387646794,0.0010645867693857,0.805590152807392,0,Calm/Bull,0.9948
2017-09-27,sp500,0.0040768224019879,0.0037331954569288,0.0045767074766427,0.0063182428855617,1.0525339812906405,-9.570362474377314e-05,0.0012263045513846,0.8156945743159637,0,Calm/Bull,0.9948
2017-09-28,sp500,0.001203890628938,0.003647696339939,0.0045759687938587,0.0031394176908817,0.9506106559660816,0.0007551876904267,0.0010562724934284,0.7971418740517828,0,Calm/Bull,0.9943
2017-09-29,sp500,0.0036982630684988,0.0035390995027356,0.0044032487522451,0.0045447854549034,0.9666949447137164,0.0013653235050931,0.0009559519676177,0.8037473469858168,0,Calm/Bull,0.9937
2017-10-02,sp500,0.0038665188297123,0.0035925579711695,0.0043603833633244,0.0034913636821723,0.9611200620336916,0.0025835318110063,0.0010502490069866,0.8239087419209162,0,Calm/Bull,0.9974
2017-10-03,sp500,0.0021565111846609,0.002966794219372,0.004364357966253,0.0024776432239992,0.9214588736152544,0.0030004012227596,0.0015370474938269,0.6797779289216005,0,Calm/Bull,0.5346
2017-10-04,sp500,0.0012459436611136,0.0029435566450726,0.004360374319237,0.0034400610394856,0.910836599724678,0.0024342254745847,0.0014431525522253,0.675069714103743,1,Transition,0.5281
2017-10-05,sp500,0.0056309040312927,0.0030594651993313,0.0043236063309343,0.0048940624276841,0.9268606096736436,0.0033196281550556,0.0017336203560327,0.7076188175231346,0,Calm/Bull,0.6641
2017-10-06,sp500,-0.0010742111652397,0.0030377452083566,0.0043270984222082,0.0022044509242241,0.883438040047594,0.0023651333083079,0.0017544078049436,0.7020282212130388,0,Calm/Bull,0.7053
2017-10-09,sp500,-0.0018060638680135,0.002278115392548,0.0043066523332777,0.0040161316845264,0.767492231924034,0.0012306167687628,0.0011250558516855,0.528975922886777,1,Transition,0.9981
2017-10-10,sp500,0.002319719630478,0.002235977154732,0.0043117318148929,0.0040655966673497,0.9181371294195232,0.0012632584579262,0.0010731267034653,0.5185798307327003,1,Transition,0.9986
2017-10-11,sp500,0.0018018829296635,0.0022404031741928,0.0043144805702655,0.0028529762724288,0.9325262695036832,0.0013744463116362,0.0011253791375443,0.5192752957640346,1,Transition,0.9984
2017-10-12,sp500,-0.0016881771203513,0.0022746820952625,0.0042793254549901,0.0027519452589335,0.988348724370011,-8.936991869260822e-05,0.0010960364740682,0.5315515539043778,1,Transition,0.9985
2017-10-13,sp500,0.0008777220048463,0.0022681845952354,0.0042786796591472,0.0021776123890109,1.0133794378995618,0.0003010167153245,0.0010476486970025,0.5301132068595825,1,Transition,0.9984
2017-10-16,sp500,0.0017492225323057,0.0022719180005695,0.0042798897115192,0.002670461211064,0.9429603707043516,0.0010120739953884,0.0010623667271613,0.5308356415014021,1,Transition,0.9981
2017-10-17,sp500,0.0006723529054339,0.0022735427951856,0.0042745602850459,0.0019614354059409,0.9431066108364522,0.0006826006503796,0.0010405053915965,0.5318775835585634,1,Transition,0.9982
2017-10-18,sp500,0.0007420595113295,0.002272655533322,0.0042637079977437,0.0017335942192301,0.9841304163438124,0.0004706359667128,0.0010459010320475,0.5330232592205294,1,Transition,0.9984
2017-10-19,sp500,0.0003279441150104,0.0020685362763215,0.0042636626448627,0.0056360739223594,0.9898825786409702,0.0008738602137852,0.0012148265351437,0.4851547715234786,1,Transition,0.9998
2017-10-20,sp500,0.0051037961850303,0.0022373319835445,0.0042987225652329,0.0030598991662921,1.1034535891701645,0.001719075049822,0.0014376371446369,0.5204643820560912,1,Transition,0.9987
2017-10-23,sp500,-0.0039803953129971,0.0024159224046546,0.0043328938239975,0.0054425223759246,1.0466486661169363,0.0005731514807614,0.0013498435139797,0.5575771073073874,1,Transition,0.9953
2017-10-24,sp500,0.001616600874558,0.0023975466722649,0.0043311491441394,0.0025689061342433,1.1120630973763266,0.0007620010745862,0.0014270653514129,0.553559019206051,1,Transition,0.9945
2017-10-25,sp500,-0.0046739556872599,0.0026713766438908,0.0043784911138375,0.0091507745878733,1.249561420011854,-0.0003212019651316,0.0009895264469505,0.6101135241426751,1,Transition,0.9756
2017-10-26,sp500,0.0012701392506023,0.0026716974930797,0.0043795136193507,0.0028394078302358,1.2372818363815383,-0.0001327629380132,0.0009928388780337,0.6100443394615637,1,Transition,0.9452
2017-10-27,sp500,0.008040609979727,0.0030524394128448,0.0044693828680644,0.0066019281194219,1.2254989077423688,0.000454599820926,0.0012099562235951,0.6829666428123071,1,Transition,0.6057
2017-10-30,sp500,-0.0031975773767407,0.0031364100816886,0.0044949812014181,0.0045786270135103,1.143504552486685,0.0006111634081773,0.0008567514132725,0.6977582199229589,0,Calm/Bull,0.7082
2017-10-31,sp500,0.0009440129366793,0.0031216479059011,0.0044932157288369,0.0023842783623657,1.186756332508601,0.0004766458206016,0.0007961265008734,0.6947469461274188,0,Calm/Bull,0.6864
2017-11-01,sp500,0.0015908441079038,0.0031252142671915,0.004477027655445,0.0052260948093143,1.1709345940115348,0.0017296057796343,0.0008133715232129,0.6980556091474222,0,Calm/Bull,0.6891
2017-11-02,sp500,0.0001899477696667,0.0029134186607139,0.0044753917831555,0.0057911060648244,1.216266658898845,0.0015135674834472,0.0005413237101316,0.6509862827383038,1,Transition,0.7319
2017-11-03,sp500,0.0030922893263143,0.0029406555291691,0.0040101947514448,0.004501786025444,1.0610111672398297,0.0005239033527647,0.0007496487347093,0.7332949423739736,0,Calm/Bull,0.7356
2017-11-06,sp500,0.0012704438847764,0.0028797657028818,0.0040101896474238,0.002979383918318,1.0368004336918502,0.0014175076050681,0.0009034741223488,0.7181120984469744,0,Calm/Bull,0.6213
2017-11-07,sp500,-0.0001891208050819,0.0028694512393578,0.0038344220064368,0.0048906534294086,1.1030132735182014,0.0011908808567158,0.0007780321005708,0.7483399674164415,0,Calm/Bull,0.7777
2017-11-08,sp500,0.0014426139320604,0.0028638233798255,0.0038312692499973,0.0040279186718586,1.112496418620207,0.0011612348215472,0.0007600686506906,0.7474868491238237,0,Calm/Bull,0.7829
2017-11-09,sp500,-0.0037689813393701,0.0029923595848253,0.0038766043605462,0.007803824531455,1.086340639189143,0.0003694489997398,0.0006560284397397,0.771902238794281,0,Calm/Bull,0.8686
2017-11-10,sp500,-0.0008980469760537,0.0030117177857627,0.0032398748489005,0.0031909499587836,0.9814935310116704,-0.0004286182607337,0.0005672399906947,0.9295784331869256,0,Calm/Bull,1.0
2017-11-13,sp500,0.000983150911293,0.0030007454536926,0.0032182098350129,0.0050989350182125,0.9512000198888292,-0.0004860768554304,0.0005289364096441,0.9324269104660572,0,Calm/Bull,1.0
2017-11-14,sp500,-0.0023122805602819,0.0030667275204753,0.0032474681588567,0.0050796871964655,1.0073532267979657,-0.0009107088064704,0.0003797047363583,0.944344138405668,0,Calm/Bull,1.0
2017-11-15,sp500,-0.0055409987421236,0.0033375150199412,0.0031408659409359,0.0060009420559438,0.983611817525869,-0.0023074313413072,6.555182368566926e-05,1.0626098288507804,0,Calm/Bull,1.0
2017-11-16,sp500,0.0081626527829724,0.0037979647242969,0.0032341656475224,0.0066289728774487,0.9093008124974824,7.889548316123828e-05,0.0004572872570837,1.1743259740596237,0,Calm/Bull,0.9943
2017-11-17,sp500,-0.0026294169788973,0.0036921948501932,0.0032436744788288,0.0024583994842359,0.904904138614538,-0.0002673785174074,7.062659888737606e-05,1.1382753954787626,0,Calm/Bull,0.9993
2017-11-20,sp500,0.0012748698887901,0.0035738250640317,0.0032425406732442,0.0024785265748557,0.8289085396131711,-0.000209034721908,0.0003333898589767,1.102168152745473,0,Calm/Bull,0.9999
2017-11-21,sp500,0.0065198388797526,0.0038257831672062,0.0033213734549921,0.0046248097927909,0.919688013618462,0.0015573891660988,0.0005785517592364,1.1518678098230597,0,Calm/Bull,0.9989
2017-11-22,sp500,-0.0007505427033295,0.0036382740207403,0.0033292021270695,0.0021986079619163,0.7704172658020536,0.0025154803738576,0.0007747224084329,1.0928366262768654,0,Calm/Bull,0.9999
2017-11-24,sp500,0.0020539842782319,0.0036481002379937,0.0032984982988356,0.001456351848002,0.400255190156522,0.0012937466729095,0.0008139146598144,1.105988212660727,0,Calm/Bull,0.9989
2017-11-27,sp500,-0.0003843315868032,0.0032324486268825,0.003243073020825,0.0028983382722927,0.8827363974168351,0.0017427637513283,0.0003926675814879,0.9967239732579708,0,Calm/Bull,1.0
2017-11-28,sp500,0.0098003321967936,0.0037394959579654,0.003440290253494,0.0084696082545967,1.0243640316956002,0.0034478562129291,0.0010425630601646,1.0869710641907313,0,Calm/Bull,0.9997
2017-11-29,sp500,-0.0003692938827907,0.0037528246171425,0.0032571800145661,0.0055481475510866,1.1951949460097593,0.0020700296604204,0.0009768977191911,1.1521698525595452,0,Calm/Bull,0.9975
2017-11-30,sp500,0.0081575866628111,0.0040821783251056,0.0033728767574334,0.0089931401095192,1.427422424131623,0.0038516555336485,0.0013052348469365,1.210295726373314,0,Calm/Bull,0.6133
2017-12-01,sp500,-0.0020265829358053,0.0041436756613037,0.0033939333319041,0.0170690170221703,1.137342024035448,0.003035542090841,0.0011944083116629,1.2209066166243554,2,Stress/Bear,0.9636
2017-12-04,sp500,-0.0010527105492864,0.0041474116935909,0.003388619889966,0.0099111602044778,1.15133080369859,0.0029018662983444,0.0009871583178828,1.2239235524384884,0,Calm/Bull,0.8838
2017-12-05,sp500,-0.0037463905259553,0.0042790016908516,0.0032037654064327,0.0079822897617141,1.0144714100574097,0.0001925217537946,0.0007363165973463,1.3356164225570004,2,Stress/Bear,0.9815
2017-12-06,sp500,-0.0001141121705303,0.0042781806716392,0.0031903375861182,0.0036739901332375,0.9377955312965346,0.0002435580962467,0.0007400670290738,1.3409805564948456,2,Stress/Bear,0.9864
2017-12-07,sp500,0.0029280670101093,0.004303836786112,0.0032013991082032,0.0054835307983375,0.9587852002550898,-0.0008023458342936,0.0008143396829763,1.3443612122849395,2,Stress/Bear,0.9883
2017-12-08,sp500,0.0054912020355181,0.0042828659281536,0.0032443923856375,0.0028473711814067,0.9188428237324898,0.000701211159971,0.0012773488517207,1.320082597626998,2,Stress/Bear,0.9486
2017-12-11,sp500,0.0031968421216958,0.0042712599656066,0.0032549653923267,0.0033308799861665,0.9279196906461762,0.0015511216941675,0.0014820933066082,1.3122289950226858,2,Stress/Bear,0.891
2017-12-12,sp500,0.0015477237220895,0.0042696542377989,0.0032551917771118,0.0037310550260511,1.0516298758815614,0.0026099445437765,0.001510321947148,1.3116444529689577,2,Stress/Bear,0.9011
2017-12-13,sp500,-0.0004730689701501,0.0042022638856873,0.003260975053293,0.0033910227106654,1.052634373599714,0.0025381531838525,0.0016022825266546,1.2886525707836276,2,Stress/Bear,0.6976
2017-12-14,sp500,-0.0040791677307626,0.0040824848971998,0.0033262389227,0.0060633549895315,1.017742561765361,0.0011367062356781,0.0016753740772226,1.227357682979028,0,Calm/Bull,0.9518
2017-12-15,sp500,0.0089343134101427,0.0041501085465081,0.0034410866971709,0.0076574905489156,1.6376664043752098,0.001825328510603,0.0017139571085811,1.206045912740326,2,Stress/Bear,0.82
2017-12-18,sp500,0.0053484785795975,0.00409368657036,0.0034832052860064,0.0033641304323164,1.0578237962042554,0.0022556558021833,0.0021128518865059,1.1752642276945786,0,Calm/Bull,0.9967
2017-12-19,sp500,-0.0032354980431185,0.0042630146683435,0.0035024783212058,0.0051091197446013,0.9617558886267896,0.0012990114491417,0.0018873334899105,1.2171423424759114,0,Calm/Bull,0.9836
2017-12-20,sp500,-0.0008282360735725,0.0041581061527863,0.0035092721180383,0.0055612213655873,0.9175491020753344,0.0012279780284573,0.0015199297422442,1.184891342969063,0,Calm/Bull,0.9974
2017-12-21,sp500,0.0019836870126583,0.004124339269901,0.0034902906521886,0.0038143873967249,0.923897994241366,0.0024405489771415,0.0016566412280436,1.181660692731928,0,Calm/Bull,0.9976
2017-12-22,sp500,-0.0004582716381137,0.004149779431641,0.003496368410135,0.0026907565225643,0.6641588827443665,0.0005620319674902,0.0015310284322263,1.1868827723108382,0,Calm/Bull,0.9943
2017-12-26,sp500,-0.0010589757000585,0.0041688662946009,0.0034906746789977,0.0017832603234004,0.5531225379204113,-0.0007194588884409,0.0014972962265635,1.1942866860906918,0,Calm/Bull,0.9775
2017-12-27,sp500,0.0007906283102422,0.0036828886865853,0.0034708907902884,0.0025087340639962,0.6297114372851259,8.576638223115362e-05,0.001046811032236,1.0610788149515,0,Calm/Bull,1.0
2017-12-28,sp500,0.0018323190029195,0.0036712182629813,0.0034692834485617,0.0018492638736123,0.6392069083686556,0.0006178773975295,0.0011568916765215,1.0582064905948554,0,Calm/Bull,1.0
2017-12-29,sp500,-0.0051966322927482,0.0035431164210998,0.0035593388743066,0.006923227030838,0.747046086092685,-0.0008181864635517,0.0004891807287435,0.9954422847108302,0,Calm/Bull,1.0
2018-01-02,sp500,0.0082690782183981,0.0038893749443664,0.0036346560325496,0.0050188198953852,1.0457137932414255,0.0009272835077506,0.0010039637864537,1.0700806099767557,0,Calm/Bull,1.0
2018-01-03,sp500,0.006378433243936,0.0040347923015858,0.0036924695259365,0.0061185883459042,1.0989855401209276,0.0024147652965495,0.0013755209761148,1.092708355003258,0,Calm/Bull,0.9999
2018-01-04,sp500,0.0040205428553269,0.003886937165354,0.0036930375986046,0.0037518385676026,1.1438699529871534,0.0030607482055664,0.0017638676451789,1.0525040868315645,0,Calm/Bull,1.0
2018-01-05,sp500,0.0070091458885853,0.0040295384704669,0.0037674178255201,0.00566138557853,1.0023709485465175,0.0040961135826996,0.0021200305481347,1.069575676786169,0,Calm/Bull,1.0
2018-01-08,sp500,0.0016609637672969,0.0040261249965463,0.003767088213635,0.0039705472063916,1.0052916115553907,0.0054676327947086,0.0020566753859941,1.0687631316871442,0,Calm/Bull,0.9999
2018-01-09,sp500,0.0013020835172984,0.0039462171569912,0.0037478222459677,0.0040998168117868,1.0681898032675126,0.0040742338544887,0.0018472194600831,1.0529360513927617,0,Calm/Bull,1.0
2018-01-10,sp500,-0.0011128458115206,0.0039861061446495,0.0037600557537645,0.0053634485975081,1.095430748100652,0.0025759780433974,0.0016317350634223,1.060118893359146,0,Calm/Bull,1.0
2018-01-11,sp500,0.007009025768882,0.0041631763440094,0.0038330430243288,0.005340454763025,1.1142532164724834,0.0031736746261084,0.0019048001657619,1.0861282583016347,0,Calm/Bull,0.9999
2018-01-12,sp500,0.006726926399094,0.0042569778708912,0.0038950418257636,0.0065357633017797,1.0960667915032687,0.0031172307282101,0.0022647999342241,1.0929222486735537,0,Calm/Bull,0.9999
2018-01-16,sp500,-0.0035307132616026,0.0042155249321953,0.0039462871282412,0.0140109016571616,1.314588705163812,0.0020788953224302,0.0022922226576821,1.0682255992037195,0,Calm/Bull,0.9969
2018-01-17,sp500,0.009371006206502,0.0042527058294347,0.0040773211732351,0.0102264200055648,1.1765801466340564,0.0036926798602709,0.0023140572975001,1.043014677713116,0,Calm/Bull,0.9998
2018-01-18,sp500,-0.0016176974974736,0.0042763070230735,0.0040688193889378,0.0047426294186644,1.1499983464096362,0.0035917095230803,0.0019657484936465,1.0509945550052684,0,Calm/Bull,1.0
2018-01-19,sp500,0.0043756479869901,0.0041250671840997,0.0040248952526642,0.0043589651592925,1.150841462220029,0.0030650339667019,0.002346305795152,1.02488808407354,0,Calm/Bull,1.0
2018-01-22,sp500,0.0080343643822132,0.0042405090078346,0.0041117817527352,0.0087928613317396,1.0742627850549318,0.0033265215633258,0.0027894358179413,1.031306927954968,0,Calm/Bull,1.0
2018-01-23,sp500,0.0021720049682223,0.0042388344525064,0.0040280383826247,0.0041033354670654,1.086020727117488,0.0044670652092908,0.0027988517157194,1.0523321899788631,0,Calm/Bull,1.0
2018-01-24,sp500,-0.000560132547232,0.004243013060214,0.0040385997177088,0.0099240580649846,1.219670223478787,0.002480837458544,0.0027937586702635,1.0506149053615847,0,Calm/Bull,0.9998
2018-01-25,sp500,0.0006024393988328,0.0041794002325209,0.0039543541430935,0.0062059054988113,1.1260026339582927,0.0029248648378053,0.0028768294252081,1.0569109597380115,0,Calm/Bull,1.0
2018-01-26,sp500,0.0117716381060841,0.0045918497438901,0.0041161532155822,0.0092904254136641,0.991836505171298,0.0044040628616241,0.0034258799150002,1.115568226786856,0,Calm/Bull,0.997
2018-01-29,sp500,-0.006754736284863,0.0051198027883557,0.0042619220914052,0.0067075294537784,1.0037814374218903,0.0014462427282088,0.0029965271506111,1.2012896243881317,0,Calm/Bull,0.993
2018-01-30,sp500,-0.010958642805337,0.0057307761016572,0.004565034665956,0.0069018473232483,1.0985588922163312,-0.001179886826503,0.0027084266249816,1.2553631069649365,0,Calm/Bull,0.9428
2018-01-31,sp500,0.0004888658586947,0.0055959248257476,0.0045637426070047,0.0092853167029876,1.156979737628931,-0.0009700871453176,0.0023194160069965,1.226170121241861,0,Calm/Bull,0.9937
2018-02-01,sp500,-0.0006482983520233,0.0055480488661085,0.0045672526467496,0.0082424432230597,1.0698408612458596,-0.0012202346954888,0.0019680794271985,1.2147453393139696,0,Calm/Bull,0.9979
2018-02-02,sp500,-0.0214366805166988,0.0075950217386848,0.0054393591937917,0.0177218136903947,1.1574307353486095,-0.0078618984200454,0.0006952182585972,1.3963081804477029,2,Stress/Bear,0.9643
2018-02-05,sp500,-0.0418425409383814,0.0120225088438361,0.0077636590569234,0.0472717288700207,1.378203052976519,-0.0148794593507491,-0.001747366082751,1.5485621864235144,2,Stress/Bear,1.0
2018-02-06,sp500,0.017290573348937,0.0127421510407416,0.0080644965737387,0.0400609894129995,1.484156556338431,-0.0092296161198943,-0.000965885603669,1.580030560399172,2,Stress/Bear,1.0
2018-02-07,sp500,-0.0050141382237526,0.0127612402099908,0.0080776131024348,0.0172802835813544,1.1483818155124847,-0.0103302169363838,-0.0012816966907216,1.5798281061696573,0,Calm/Bull,0.9859
2018-02-08,sp500,-0.0382590522458017,0.0152046392900137,0.0095093243344361,0.0405695315526927,1.290345991957231,-0.0178523677151394,-0.0031390070124356,1.598918993114271,2,Stress/Bear,1.0
2018-02-09,sp500,0.0148256451995243,0.0155751678974628,0.0096997987553479,0.0404573222474451,1.343314906588301,-0.0105999025718948,-0.0027481760409035,1.6057207257908774,2,Stress/Bear,1.0
2018-02-12,sp500,0.0138186656781862,0.015879976278727,0.0098507329443385,0.0188856009977409,0.955222240897358,0.0005323387514186,-0.0023935890769489,1.612060378497379,0,Calm/Bull,0.9407
2018-02-13,sp500,0.0026095219802775,0.0159161490813974,0.0098222962342006,0.0119266714475179,0.8308123893616441,-0.0024038715223132,-0.0020865773148549,1.620410207745342,0,Calm/Bull,0.9777
2018-02-14,sp500,0.013313439808897,0.0160889949281645,0.009911378621138,0.0197248169553632,0.9488787477072954,0.0012616440842166,-0.0018894556347351,1.6232852707141512,0,Calm/Bull,0.8831
2018-02-15,sp500,0.0119968617767752,0.0163863671606164,0.0100071862015211,0.0152643314849072,0.874261748689071,0.011312826888732,-0.0012087276710227,1.6374600043042624,2,Stress/Bear,0.7094
2018-02-16,sp500,0.0003733996499216,0.0163389501072072,0.0100073770172205,0.0107274724463646,0.8634089919851775,0.0084223777788115,-0.0014088400878761,1.6326905720741258,0,Calm/Bull,0.8466
2018-02-20,sp500,-0.0058585171068373,0.0162111713084008,0.0100180169896438,0.0113538791499146,0.8618028521881163,0.0044869412218068,-0.0021034841623287,1.6182016186595831,0,Calm/Bull,0.9118
2018-02-21,sp500,-0.0055116644833109,0.0161955539311499,0.0100487946598871,0.0171989203813804,0.8927722146018906,0.0028627039290891,-0.0024876676349053,1.6116912007167792,0,Calm/Bull,0.9076
2018-02-22,sp500,0.0009730774855778,0.016208781252641,0.0100472146004533,0.0123855348149325,0.8803709056560557,0.0003946314644253,-0.0024110071332648,1.6132611770738614,0,Calm/Bull,0.9687
2018-02-23,sp500,0.015901278245121,0.0167116779473435,0.0102373106992047,0.0123830739004141,0.7633428653001664,0.0011755147580944,-0.0016460651909504,1.632428519400278,2,Stress/Bear,0.5135
2018-02-26,sp500,0.0116884386206273,0.0167081721267497,0.0102679599156273,0.0096632113748658,0.8200604464052095,0.0034385225522356,-0.0016502251652232,1.627214389619955,0,Calm/Bull,0.6918
2018-02-27,sp500,-0.0127883114414675,0.0168589786030015,0.0104188805274277,0.0163722109846554,0.893586800502133,0.0020525636853095,-0.0019519039230535,1.6181180462354132,2,Stress/Bear,0.9022
2018-02-28,sp500,-0.011157806083656,0.0168646365248475,0.0104838150550547,0.0176798027464931,1.0080888025019286,0.0009233353652405,-0.0019618620869694,1.6086354477148332,2,Stress/Bear,0.888
2018-03-01,sp500,-0.0134139658548764,0.0170438806952952,0.0106307515332179,0.026605217339294,1.0691704739198322,-0.0019540733028503,-0.002657003672648,1.603262068729389,2,Stress/Bear,0.9878
2018-03-02,sp500,0.0050587854851985,0.0171268540739246,0.0106475949218022,0.0181811171911286,0.9225088970397096,-0.0041225718548348,-0.0023716494807869,1.608518562145463,2,Stress/Bear,0.9666
2018-03-05,sp500,0.0109716176105265,0.0167572544507482,0.010721512678984,0.0192360320395658,0.8915543111965447,-0.0042659360568549,-0.0007512345744256,1.562956175353431,2,Stress/Bear,0.9848
2018-03-06,sp500,0.0026353829319968,0.0136870384164664,0.0107244176908988,0.0076316538367229,0.8282700307476336,-0.0011811971821621,0.0014726616190932,1.2762500315594587,0,Calm/Bull,0.9518
2018-03-07,sp500,-0.0004839918257163,0.0131733199158779,0.0107209909450214,0.0105838737366452,0.8589382587306021,0.0009535656694258,0.0005839333603605,1.2287408863072842,0,Calm/Bull,0.9958
2018-03-08,sp500,0.0044531482088846,0.0131316045778246,0.0107137306184948,0.006498811238721,0.8232962717675817,0.004526988482178,0.0010572976819924,1.2256799284420954,0,Calm/Bull,0.9966
2018-03-09,sp500,0.0172295467412075,0.0098359137163925,0.0109237970909619,0.0125710204436019,0.8895155220112201,0.0069611407333798,0.0038317276313428,0.9004116091217492,1,Transition,0.6289
2018-03-12,sp500,-0.0012747973379984,0.0095432752166709,0.0109264893458275,0.0063671732789437,0.875924572072716,0.0045118577436748,0.0030267055044667,0.8734072687596719,0,Calm/Bull,0.9407
2018-03-13,sp500,-0.0063839104143147,0.0094091053853571,0.0109640813852354,0.0156293398524372,0.9144224491482844,0.0027079990744125,0.0020165766998417,0.8581754416770174,0,Calm/Bull,0.5973
2018-03-14,sp500,-0.0057409698251887,0.0095653855872294,0.0109782668779509,0.0119041509092184,0.9351718879004768,0.001656603474518,0.0015990521095683,0.8713019726675431,0,Calm/Bull,0.9242
2018-03-15,sp500,-0.0007822363990965,0.0091678634330626,0.0109248007225064,0.0078476404293088,0.9825784619420018,0.0006095265529218,0.0008942682991687,0.8391790080139135,0,Calm/Bull,0.9463
2018-03-16,sp500,0.0017019979472317,0.008793030472184,0.0109071583513804,0.0043168908946435,1.470040207771517,-0.0024959832058733,0.0003795251076915,0.8061706073123165,0,Calm/Bull,0.666
2018-03-19,sp500,-0.0143060405413734,0.0093862211877042,0.0110618752417941,0.0172470239702235,0.9048850374270662,-0.0051022318465483,-0.0003544469018732,0.8485198922006522,1,Transition,0.5025
2018-03-20,sp500,0.0014807086617189,0.009302805493316,0.011062273786728,0.0052153975356797,0.8945163894949354,-0.0035293080313416,1.2514386554593416e-05,0.8409487662904424,0,Calm/Bull,0.7417
2018-03-21,sp500,-0.0018456921256294,0.0092240133475283,0.0110630477219536,0.0108224969875491,0.9434163858438376,-0.0027502524914297,0.0001958130044386,0.8337678349903692,0,Calm/Bull,0.8965
2018-03-22,sp500,-0.0254848869728544,0.0108590467730299,0.0115482480948511,0.0204599801598625,1.033606356904457,-0.0076907826061813,-0.0011270852184829,0.9403198375926364,1,Transition,0.9291
2018-03-23,sp500,-0.0211898073117506,0.0109645823682962,0.0118604191270131,0.0277329283093837,1.042155057501983,-0.0122691436579777,-0.0029816394963265,0.924468372565644,1,Transition,0.9795
2018-03-26,sp500,0.0267950407060353,0.0124483105687389,0.0123754371587873,0.0223994462148171,0.9615506651413016,-0.004048927408496,-0.0022263093920561,1.0058885523813446,1,Transition,0.9092
2018-03-27,sp500,-0.0174272856453219,0.0126962200590676,0.0125713689008364,0.0301076729800476,1.0220925489786874,-0.0078305262699041,-0.0024582581022488,1.0099313892716018,1,Transition,0.9474
2018-03-28,sp500,-0.0029209188994626,0.0125316980753551,0.0125602984939248,0.015197636756238,1.0584839617580024,-0.0080455716246708,-0.0020464137430391,0.9977229507257724,1,Transition,0.597
2018-03-29,sp500,0.0136757774938434,0.0127012204612995,0.0126429132614778,0.0186870597440844,0.98834960588966,-0.0002134387313312,-0.0006919265756031,1.0046118484415605,1,Transition,0.6318
2018-04-02,sp500,-0.0225906823434958,0.0135206648550696,0.0129317222850885,0.0327280910945989,1.0094631793656128,-0.0004936137376803,-0.0020743999670379,1.0455424696724438,1,Transition,0.5352
2018-04-03,sp500,0.012535961315741,0.0136043741184823,0.0130321514785494,0.0166956350892029,0.9472868340313488,-0.0033454296157391,-0.0019961827817771,1.0439085319776045,1,Transition,0.747
2018-04-04,sp500,0.0115001023464467,0.0139043159841287,0.0130898548275786,0.0288313570548296,0.940123468933189,0.0024400479826145,-0.0015529468110546,1.0622207936816943,1,Transition,0.8826
2018-04-05,sp500,0.0068394214016512,0.0140298134007464,0.0131221091853726,0.0084496249332882,0.9036158985578616,0.0043921160428373,-0.0011867761496863,1.0691736520822144,0,Calm/Bull,0.5136
2018-04-06,sp500,-0.0221640670570649,0.0147124934320107,0.0134132660433859,0.0271110299122349,0.925165648554976,-0.0027758528673443,-0.0025176369129837,1.096861374733214,1,Transition,0.9292
2018-04-09,sp500,0.0033309949675928,0.0140437072296383,0.013424413676838,0.016363334508338,0.8628035153996827,0.0024084825948733,-0.0032125645016645,1.0461318883422712,1,Transition,0.881
2018-04-10,sp500,0.016588598996314,0.0147249602450493,0.013575461699854,0.0111672458819356,0.998810345390528,0.0032190101309879,-0.0023193946849488,1.084674729346972,1,Transition,0.9382
2018-04-11,sp500,-0.0055406857724611,0.0147139130487436,0.013554375648725,0.0083945258034023,0.8556307318585133,-0.0001891474927936,-0.0022772334528562,1.085547090479797,1,Transition,0.88
2018-04-12,sp500,0.008216898697657,0.0148711549513676,0.0136002764196159,0.0078415807321735,0.8572503486688514,8.634796640755743e-05,-0.0015793400267139,1.0934450515960663,1,Transition,0.8625
2018-04-13,sp500,-0.0028907998267066,0.0148726806998455,0.01353853448068,0.0132552649513497,0.8478894969502204,0.0039410014124792,-0.0016847681980944,1.0985443602532734,1,Transition,0.7546
2018-04-16,sp500,0.008076336801563,0.0150166808458413,0.0135874984853997,0.0079654039916184,0.8873408942498827,0.0048900697792732,-0.0013660512553778,1.1051836261087562,1,Transition,0.8407
2018-04-17,sp500,0.0106050716138667,0.0149196967188726,0.0136508384633158,0.0078665823874397,0.9659021852787794,0.0036933643027838,-0.0001204956476158,1.0929509391651382,1,Transition,0.7675
2018-04-18,sp500,0.0008310204075532,0.0149167339382412,0.0136049632514253,0.0051169989262333,1.000839060656855,0.0049677055387866,-0.0001529800603241,1.0964185395119286,1,Transition,0.8633
2018-04-19,sp500,-0.0057425817958325,0.0149653796306003,0.0136145374389243,0.0077754087095891,0.9908793896047676,0.0021758094400887,-0.0003478245438342,1.099220571961107,1,Transition,0.8297
2018-04-20,sp500,-0.0085731771883527,0.0139109449231554,0.013650601512001,0.0124824298820515,1.0114870904293227,0.0010393339677595,0.0004977609453907,1.0190719369344643,1,Transition,0.5419
2018-04-23,sp500,5.623011118453955e-05,0.0129453263497045,0.0136496877272774,0.0093136389020241,0.9047622886286016,-0.0005646873703161,0.0015600628165375,0.9483972533550856,1,Transition,0.6201
2018-04-24,sp500,-0.0134708880064751,0.0119033523241698,0.0136376689087615,0.0251389146558691,1.10652674558419,-0.0053798792943845,-0.0004532336190879,0.8728289566058133,1,Transition,0.9951
2018-04-25,sp500,0.0018353742328236,0.0112171694406494,0.0136260484241132,0.0123627067365388,1.0642959366764704,-0.0051790085293304,0.0005098993748192,0.823215145837814,1,Transition,0.9934
2018-04-26,sp500,0.0103801441873769,0.0113959323759129,0.0136481411186664,0.0109938990016831,1.105346507137141,-0.0019544633326885,0.0011749525291612,0.8349805498660037,1,Transition,0.9904
2018-04-27,sp500,0.0011130052713638,0.0110103307230328,0.0136494898569479,0.0068691785469777,0.9735874033921792,-1.7226840745243695e-05,0.0005468139180372,0.8066477823292694,1,Transition,0.9967
2018-04-30,sp500,-0.0082211925489212,0.009826201178174,0.0136817774258757,0.0131531041644827,1.126673930406323,-0.0016727113727664,0.001265288407766,0.7181962454373907,1,Transition,0.9998
2018-05-01,sp500,0.0025458021710273,0.0094705967299279,0.0134242948590163,0.0112475918610351,1.0678971733614684,0.0015306266627341,0.0007657804505303,0.7054818766564213,1,Transition,0.9999
2018-05-02,sp500,-0.0072319512014023,0.0092774355562376,0.0123231569304246,0.0110674579443823,1.2008303996413252,-0.000282838424111,-0.0001708222268621,0.7528456878880329,1,Transition,0.9771
2018-05-03,sp500,-0.002256217585064,0.0091375864173112,0.0121126338429303,0.0161688750200299,1.1368268945730935,-0.0028101107785992,-0.0006256041761978,0.7543847635289076,1,Transition,0.9691
2018-05-04,sp500,0.0127298100283349,0.0080785511909278,0.0122144875802175,0.0208791196703603,0.9800413318942884,-0.000486749827205,0.0011190896780721,0.6613909210576926,1,Transition,0.9999
2018-05-07,sp500,0.0034519805549899,0.0080803397547854,0.0111470009684929,0.0069782002380175,0.957246228920568,0.0018478847935771,0.0011251389574419,0.7248891228792961,1,Transition,0.5582
2018-05-08,sp500,-0.0002656766117338,0.0072153285724601,0.0109892909732353,0.0079119649304141,1.0947335805309244,0.0012855890370249,0.0002824251770395,0.6565781714246365,1,Transition,0.8869
2018-05-09,sp500,0.0096356479348687,0.0073671263459627,0.0109152863327039,0.010056426393565,1.129815877526706,0.0046591088642791,0.001041241862406,0.6749366092110355,1,Transition,0.929
2018-05-10,sp500,0.0093270116038483,0.0074279655534724,0.0109740841211348,0.0079212314842749,0.971242584544595,0.0069757547020616,0.0010967475077156,0.6768642805614206,1,Transition,0.9658
2018-05-11,sp500,0.0017061392709612,0.0073689712383871,0.0108436171530929,0.0056494641735631,0.827282465516708,0.0047710205505869,0.001326594462599,0.6795676326773766,1,Transition,0.7119
2018-05-14,sp500,0.0008830995101265,0.0071956987814917,0.0107326734946492,0.006091331792608,0.8620004960081135,0.0042572443416142,0.0009669325980272,0.6704479349976677,1,Transition,0.7066
2018-05-15,sp500,-0.0068656550439908,0.0070224374577374,0.0107689575643738,0.0061517549951607,0.9473821622929413,0.0029372486551628,9.339626513433652e-05,0.6521000213585478,1,Transition,0.9181
2018-05-16,sp500,0.0040523398475144,0.0070769761200638,0.010755557879187,0.0057264709543263,0.9372942397814534,0.0018205870376919,0.0002544622371323,0.6579831747973204,1,Transition,0.806
2018-05-17,sp500,-0.0008562387886101,0.0069421046835545,0.0107316095540282,0.0075731139331941,1.0020721947762252,-0.0002160630407997,0.0004987793874935,0.6468838293645142,1,Transition,0.6998
2018-05-18,sp500,-0.0026356652545503,0.0066547378295189,0.0107368336704079,0.003803974415795,0.9753689269895304,-0.001084423945902,0.0007956549841836,0.6198045004515793,1,Transition,0.8773
2018-05-21,sp500,0.0073596045479333,0.0068105834700098,0.0105786325464226,0.0049359461495466,0.880000288195858,0.0002108770616593,0.001160823706021,0.6438056563665132,1,Transition,0.6417
2018-05-22,sp500,-0.0031406885928751,0.0059840897221899,0.0104715449605482,0.007473134978107,0.9799817187687548,0.0009558703518824,0.001677333676701,0.5714619709637029,1,Transition,0.7541
2018-05-23,sp500,0.0032431452068987,0.0059943173275155,0.0103522263628465,0.008703810690599,0.9684513004677135,0.0007940314237593,0.0017477222254048,0.5790365393311695,1,Transition,0.6236
2018-05-24,sp500,-0.0020252629577225,0.0056880621349819,0.0102530552658383,0.0090147548914091,0.9603289099116056,0.0005602265899368,0.0011274518681498,0.5547675290441154,1,Transition,0.6612
2018-05-25,sp500,-0.0023600030541859,0.0057412909329861,0.0101046184721227,0.0045456143989791,0.8841052607350518,0.0006153590300096,0.0009538014518723,0.5681848304144815,0,Calm/Bull,0.5316
2018-05-29,sp500,-0.0116315725117922,0.0060694038477853,0.0101998281182733,0.0125879644029902,1.0976767863224903,-0.0031828763819354,0.0007832824537288,0.595049620190342,1,Transition,0.5727
2018-05-30,sp500,0.0126158753519238,0.0066163635207274,0.0102319873114949,0.0098788756845703,1.0457703579790611,-3.1563592975628746e-05,0.0012867861127736,0.6466352351018227,1,Transition,0.5153
2018-05-31,sp500,-0.0069033332434342,0.006594466694381,0.0102646944390576,0.0080657635658697,1.2400518230612625,-0.0020608592830422,0.001303217010672,0.6424415976075044,0,Calm/Bull,0.7793
2018-06-01,sp500,0.0107907997092398,0.0068636580951285,0.0103610439586504,0.0066663666935571,1.0829186988009163,0.0005023532503502,0.0019555678753872,0.6624485063976697,0,Calm/Bull,0.5986
2018-06-04,sp500,0.0044695948983522,0.0064150756925912,0.0103611627005876,0.0031380708512351,0.9985097415816652,0.0018682728408578,0.0015425571188881,0.6191463137845902,1,Transition,0.5473
2018-06-05,sp500,0.0007023462695756,0.0064014503236195,0.01011337268335,0.0047657513909878,1.0278684481244476,0.0043350565971314,0.0014050754046173,0.6329688941611392,0,Calm/Bull,0.6588
2018-06-06,sp500,0.0085309006373119,0.0065803125147808,0.0101752002909645,0.0086316413142969,1.069768236547762,0.0035180616542091,0.0018449042670696,0.6467010306051767,0,Calm/Bull,0.6377
2018-06-07,sp500,-0.0007144436219845,0.0063378898115745,0.0101417861047977,0.0071253981956805,1.095674141413313,0.004755839578499,0.001327399689227,0.624928365288273,0,Calm/Bull,0.516
2018-06-08,sp500,0.0031210289077513,0.0060719618867872,0.0101208183072099,0.0056853666642449,0.9223142997135813,0.0032218854182013,0.0010171005544221,0.5999477218617385,0,Calm/Bull,0.5594
2018-06-11,sp500,0.0010681370069403,0.0060698269287711,0.0101206613870729,0.0036089284911933,0.9531155659161108,0.0025415938399189,0.0009852004412211,0.5997460735643336,0,Calm/Bull,0.5509
2018-06-12,sp500,0.0017418672787038,0.0060721037105346,0.0101207623815271,0.0039542921739916,0.9973978590361584,0.0027494980417445,0.0010281388296499,0.5999650502236576,0,Calm/Bull,0.5522
2018-06-13,sp500,-0.0040342545414114,0.0059091963539528,0.0099566062899943,0.0060599103877392,1.1007240411478354,0.0002364670059999,0.0011697088547789,0.5934950305196964,0,Calm/Bull,0.8065
2018-06-14,sp500,0.0024685005225036,0.0058790676867721,0.0099592719888068,0.0045067687957589,1.0158257943378284,0.0008730558348975,0.0010905168885284,0.5903109879295981,0,Calm/Bull,0.7483
2018-06-15,sp500,-0.001017620315494,0.0058819902783253,0.0099566844228078,0.0075836896568412,1.521008621389516,4.532599024846453e-05,0.0010824478121842,0.5907579299040033,0,Calm/Bull,0.8739
2018-06-18,sp500,-0.0021283911808865,0.0058661860602012,0.0093661412332518,0.0064424959159531,0.9260061051082216,-0.0005939796473169,0.0011078115158674,0.6263183432868781,0,Calm/Bull,0.9722
2018-06-19,sp500,-0.0040315179513912,0.0057795945342785,0.0089353825451287,0.0079129030100032,1.0163833804888645,-0.0017486566933359,0.0005382553909011,0.6468211635135176,0,Calm/Bull,0.9867
2018-06-20,sp500,0.0017106902241125,0.0057185465921888,0.0082745168275938,0.0039569674060116,0.9231881289422418,-0.0005996677402311,0.0007808243317505,0.6911033854108138,0,Calm/Bull,0.9941
2018-06-21,sp500,-0.0063657288432202,0.0059015047259536,0.0079825848119236,0.0090517487454737,0.924374462277824,-0.0023665136133759,0.0003003806292446,0.739297466296697,0,Calm/Bull,0.9942
2018-06-22,sp500,0.0018602032551338,0.0058848466810269,0.0079681273408236,0.0041707772110356,1.4704467790589248,-0.0017909488992503,0.0004946539398874,0.7385482722993976,0,Calm/Bull,0.9939
2018-06-25,sp500,-0.0138197229677706,0.006681408019747,0.0080133373660726,0.0162932932966212,0.9765951000426945,-0.0041292152566271,-7.833205579180265e-05,0.8337859389316619,0,Calm/Bull,0.9541
2018-06-26,sp500,0.0022021505056967,0.0061144250943474,0.0074211772969807,0.0063567508907843,0.9536513525046942,-0.0028824815652095,0.0006133540950826,0.8239157817769809,0,Calm/Bull,0.9977
2018-06-27,sp500,-0.0086415863131411,0.0057552589775288,0.0073611352102828,0.0173024477820129,1.0132549221837353,-0.0049529368726602,-0.0004495189881706,0.7818439429680967,0,Calm/Bull,0.9308
2018-06-28,sp500,0.0061596800190312,0.0057254500598582,0.007257857989266,0.0119095747386798,0.9315982760681176,-0.0024478551002099,0.0002036316749526,0.788862232951629,0,Calm/Bull,0.9911
2018-06-29,sp500,0.000758115887517,0.0051606883358362,0.0072093522824782,0.0092812896629593,0.9668308915246632,-0.0026682725737333,-0.0002980025161334,0.7158324539610792,0,Calm/Bull,0.9926
2018-07-02,sp500,0.0030632608342934,0.0051015508236656,0.0065828305712218,0.010382497221676,0.8378333017514414,0.0007083241866794,-0.0003683192193364,0.7749782967175348,0,Calm/Bull,0.9925
2018-07-03,sp500,-0.0049596292805336,0.0051952483373844,0.0066149779633367,0.0093690029891079,0.5289781044420838,-0.0007240317705666,-0.0006514179968418,0.7853765146579298,0,Calm/Bull,0.9954
2018-07-05,sp500,0.0085838567455378,0.0052001856460052,0.0063635313047067,0.0079697354528508,0.8325947245663301,0.0027210568411691,-0.0006487701914305,0.8171855212150742,0,Calm/Bull,0.9949
2018-07-06,sp500,0.0084455176005801,0.0055833549491226,0.0063948580504704,0.0111927197473015,0.7354960129457521,0.0031782243574789,-0.0001907721303023,0.8731006857473405,0,Calm/Bull,0.9971
2018-07-09,sp500,0.0087842907853415,0.0058950617100442,0.0064065320619234,0.0049996667824159,0.8725892528380269,0.0047834593370438,9.239096357715912e-05,0.9201642406631948,0,Calm/Bull,0.9997
2018-07-10,sp500,0.0034672493188218,0.0059401980310863,0.0063981131940433,0.0033431003911454,0.8777243124852888,0.0048642570339495,0.0002123465791712,0.9284296558892882,0,Calm/Bull,0.9998
2018-07-11,sp500,-0.0071194863719165,0.006146985832817,0.0064076193415942,0.0054577445265457,0.8564345446400352,0.0044322856156729,-0.0002307211033597,0.959324439408358,0,Calm/Bull,0.9998
2018-07-12,sp500,0.0087109915801719,0.0063878525998619,0.0063619358935646,0.0063216968789184,0.8245198230888126,0.0044577125825997,0.0004065412027193,1.0040737138397515,0,Calm/Bull,1.0
2018-07-13,sp500,0.0010786555366086,0.0063717800285024,0.0063621972929315,0.0045836011087864,0.7724863138067344,0.0029843401698054,0.0003370489534246,1.001506199058218,0,Calm/Bull,1.0
2018-07-16,sp500,-0.0010286646208985,0.0063719040884715,0.0063119476479601,0.0027872946683185,0.8650494245371794,0.0010217490885574,0.0003364967381544,1.0094988811465826,0,Calm/Bull,1.0
2018-07-17,sp500,0.0039658243434434,0.0063935059396693,0.0062084924899825,0.0088804081572712,0.9438633040851254,0.0011214640934817,0.0006412075143709,1.0298000601571715,0,Calm/Bull,1.0
2018-07-18,sp500,0.0021581820767374,0.006304604311778,0.0062098779392613,0.0038606476495693,0.96655486448224,0.0029769977832125,0.0009506925157773,1.0152541440336271,0,Calm/Bull,1.0
2018-07-19,sp500,-0.0039608268490495,0.0063955156810005,0.0059533622011818,0.0043787032008086,1.0192198849788368,0.0004426340973683,0.0006671166621192,1.074269541290633,0,Calm/Bull,1.0
2018-07-20,sp500,-0.0009488977712743,0.0061935164720282,0.0059579208785168,0.0034584329299279,1.0097693805979815,3.71234357916973e-05,0.0009379582157165,1.0395432565009255,0,Calm/Bull,1.0
2018-07-23,sp500,0.0018363623432315,0.0061933319199407,0.0058305577979699,0.0047988282558041,0.949300963956263,0.0006101288286177,0.0009367661701214,1.0622194538740588,0,Calm/Bull,1.0
2018-07-24,sp500,0.0047695188860535,0.0051730469043135,0.0058523902759042,0.0066904955680909,1.116216640540666,0.0007708677371397,0.0018662282628126,0.8839203573986312,0,Calm/Bull,0.9995
2018-07-25,sp500,0.0090604350703727,0.0054180003870553,0.0058203564625869,0.01064627647962,1.1660292011525617,0.0021513183358667,0.0022091424910464,0.9308708876994148,0,Calm/Bull,0.9992
2018-07-26,sp500,-0.0030369027488673,0.0049521493838158,0.005843087526032,0.0036335777343855,1.1956523688232297,0.0023361031559032,0.0024893766692601,0.8475227115378872,0,Calm/Bull,0.9987
2018-07-27,sp500,-0.0065838346448454,0.0052649989525893,0.0058279862924804,0.012356174973824,1.1202012100392351,0.0012091157811889,0.0018522009360662,0.903399336985844,0,Calm/Bull,0.9976
2018-07-30,sp500,-0.0057707893155871,0.0055320391860809,0.0058799228411899,0.0084314143970312,1.0693932145526723,-0.0003123145505747,0.001525755675911,0.9408353367033944,0,Calm/Bull,0.9999
2018-07-31,sp500,0.004872837219303,0.0055731546295932,0.0057003982235844,0.0058232291831736,1.2642990029975765,-0.0002916508839248,0.0016162344951615,0.9776781219485988,0,Calm/Bull,1.0
2018-08-01,sp500,-0.0010408930675711,0.0053958635024021,0.0056962177031117,0.0071018212051991,1.104646164451522,-0.0023119165115135,0.0018121713058096,0.9472712918704908,0,Calm/Bull,0.9999
2018-08-02,sp500,0.0049143495822087,0.0052127679182309,0.0057181530754873,0.0118737928306304,1.0956471917035246,-0.0007216660452983,0.0016286959476432,0.9116174137724784,0,Calm/Bull,0.999
2018-08-03,sp500,0.0046334320653479,0.0050163879849743,0.0056249526094492,0.0045803387532174,0.9457180537911728,0.0015217872967403,0.0014380916708816,0.8918098219258676,0,Calm/Bull,0.9998
2018-08-06,sp500,0.0035319826508016,0.0047415144197963,0.0055259549645655,0.0060728526476291,0.8972156124404516,0.003382341690018,0.0011754762641546,0.8580443471220168,0,Calm/Bull,0.9994
2018-08-07,sp500,0.0028202017464857,0.0047272401290687,0.0055310516278252,0.0026273014724452,0.9910819611129512,0.0029718145954545,0.0011431238855378,0.8546729351227382,0,Calm/Bull,0.9995
2018-08-08,sp500,-0.0002624143932951,0.0043282610054845,0.0055326672928798,0.0032718107832807,0.9266801049756388,0.0031275103303097,0.0014859774844688,0.7823100100479029,0,Calm/Bull,0.9966
2018-08-09,sp500,-0.0014427146770399,0.0040207654734433,0.0054496352846807,0.0036795883460537,0.950666380801387,0.00185609747846,0.0009782921716082,0.7378045067980877,0,Calm/Bull,0.9887
2018-08-10,sp500,-0.0071393122632444,0.0044109506319588,0.0055291729055,0.0057847767988511,1.0024571880001307,-0.0004984513872584,0.0005673937816156,0.7977595758619005,0,Calm/Bull,0.996
2018-08-13,sp500,-0.0040140376659802,0.0045170420756336,0.005558847542809,0.0083347283954622,0.9689662605327066,-0.0020076554506148,0.0004181251293615,0.8125860694771028,0,Calm/Bull,0.9967
2018-08-14,sp500,0.0063689300164174,0.00464648637141,0.0055911302146715,0.0058205149101532,0.9129250190976028,-0.0012979097966284,0.0005382804130102,0.8310459948182458,0,Calm/Bull,0.9983
2018-08-15,sp500,-0.0076312085813788,0.004971136357174,0.00562616260014,0.0090335761021007,1.1085521199996726,-0.0027716686342452,4.88108801044405e-05,0.883574953388354,0,Calm/Bull,0.9993
2018-08-16,sp500,0.0078882145526381,0.0051702122681948,0.0056846430469312,0.0067061345029068,0.9804959574260887,-0.0009054827883096,0.0006412629501888,0.9095051748211228,0,Calm/Bull,0.9998
2018-08-17,sp500,0.003317606375263,0.0051891326381649,0.0056852165511872,0.0076838260865989,0.9244157923415036,0.0011859009393919,0.0008545881575156,0.9127414217988326,0,Calm/Bull,0.9999
2018-08-20,sp500,0.0024250749021282,0.0051966592109096,0.0056781162802995,0.0031990663173275,0.8412502000415872,0.0024737234530136,0.0008840237854605,0.9152083110625342,0,Calm/Bull,0.9999
2018-08-21,sp500,0.002066399954627,0.0051249424682938,0.0056654773513136,0.0041599995361007,0.972243813107392,0.0016132174406555,0.0007488678388892,0.9045914669671388,0,Calm/Bull,0.9999
2018-08-22,sp500,-0.0003982310542435,0.0047395094046993,0.0054267460704316,0.0040149240552925,0.8387761274300055,0.0030598129460826,0.0002759345326583,0.8733611897787461,0,Calm/Bull,0.9997
2018-08-23,sp500,-0.0016926939235351,0.0046994193416443,0.0052195420421356,0.0051627943145684,0.858547693207501,0.0011436312508479,0.000343144973925,0.9003508935664132,0,Calm/Bull,0.9999
2018-08-24,sp500,0.0061797059282853,0.0045742028328257,0.0051655129325385,0.0048039318099013,0.8311662849851649,0.0017160511614524,0.0009813220025815,0.8855273217906448,0,Calm/Bull,0.9998
2018-08-27,sp500,0.0076411414071104,0.0045149546394135,0.0050797480667227,0.0046811445416103,0.9206671058339626,0.0027592644624488,0.0016519185387164,0.8888146774425313,0,Calm/Bull,0.9998
2018-08-28,sp500,0.0002692420775983,0.0044591084497205,0.0050594625330878,0.0035444171091219,0.8809489628625949,0.0023998328870431,0.0014217387816311,0.8813403440699284,0,Calm/Bull,0.9998
2018-08-29,sp500,0.0056852424689116,0.0045168700053827,0.0050970878541805,0.0062113414413046,0.9301497495609132,0.0036165275916741,0.0017580455584553,0.8861667945703741,0,Calm/Bull,0.9997
2018-08-30,sp500,-0.004440172044458,0.0046550508555338,0.0050459123510733,0.0059425089295422,0.9425802305832732,0.0030670319674895,0.0012903194771219,0.9225389843609964,0,Calm/Bull,0.9999
2018-08-31,sp500,0.0001344684673049,0.0045932904556596,0.0050429065322643,0.0050284291655454,0.9708751249439906,0.0018579844752934,0.0010653712972198,0.9108418778480096,0,Calm/Bull,0.9999
2018-09-04,sp500,-0.0016556920488793,0.0045931438763914,0.0050428812063547,0.0051955484065903,1.0345706336846496,-1.3822159044864658e-06,0.0008059875622357,0.9108173856253884,0,Calm/Bull,0.9999
2018-09-05,sp500,-0.0028070628012659,0.0046354254420657,0.0050627495275737,0.0059856118804845,1.087487043583936,-0.0006166431916773,0.0005246243348482,0.9155944643951656,0,Calm/Bull,0.9999
2018-09-06,sp500,-0.0036589910366181,0.0047270920321178,0.0050905227834593,0.0086030504492813,1.0495745942221724,-0.0024854898927833,0.000354795502682,0.928606399224388,0,Calm/Bull,0.9999
2018-09-07,sp500,-0.0022157978950144,0.0047456883878067,0.0050682117911277,0.0068565933094782,0.9950963611175,-0.0020406150628945,0.0003161413417833,0.9363634716517618,0,Calm/Bull,0.9999
2018-09-10,sp500,0.0018960282146933,0.0044173104010542,0.0050651093231244,0.003819775499197,0.9276945537609128,-0.0016883031134169,0.0007679083656802,0.8721056386457904,0,Calm/Bull,0.9996
2018-09-11,sp500,0.0037328656897154,0.0043143776212095,0.0050771854458696,0.0089130788194268,0.9838868833261576,-0.0006105915656979,0.001155253533465,0.8497577382601553,0,Calm/Bull,0.9982
2018-09-12,sp500,0.0003566083498935,0.0041378308707185,0.0050643671862871,0.0053480025717872,1.1250835913187596,2.21426645339446e-05,0.0008546374501388,0.8170479585134682,0,Calm/Bull,0.9975
2018-09-13,sp500,0.0052683521593913,0.0037308289136637,0.0050600975092824,0.0035707557491597,1.1096065597160516,0.0018076113037358,0.0014996154871773,0.7373037588346398,0,Calm/Bull,0.9724
2018-09-14,sp500,0.0002754439007663,0.0034201360967182,0.0050592706174055,0.0043132928216782,1.0784800920745157,0.002305859662892,0.0011189769545837,0.6760136698266029,0,Calm/Bull,0.8765
2018-09-17,sp500,-0.0055852909915492,0.0036878138279966,0.0050414835354139,0.0064005780676567,1.0079522808809724,0.0008095958216434,0.0006738320862431,0.7314937760069123,0,Calm/Bull,0.9551
2018-09-18,sp500,0.0053546528676252,0.0038169535675769,0.0050737601687438,0.0071411074630293,1.0438744780104183,0.0011339532572254,0.0008203109845179,0.7522928637996665,0,Calm/Bull,0.9748
2018-09-19,sp500,0.0012524880331719,0.0038072954404937,0.0046924012318926,0.0029367902494533,1.1128054713289484,0.0013131291938811,0.0007796153884452,0.8113746570981438,0,Calm/Bull,0.9962
2018-09-20,sp500,0.007810014185329,0.0041044577394129,0.0047693059277311,0.0051420518158747,1.1343904264870035,0.0018214615990686,0.0011900276504238,0.8605985444438827,0,Calm/Bull,0.9991
2018-09-21,sp500,-0.000368600937007,0.0040660110521418,0.0045956486775514,0.0047103615955029,1.7948035675899146,0.001692652631514,0.0012562322997502,0.8847523684748227,0,Calm/Bull,0.982
2018-09-24,sp500,-0.0035218823140138,0.0040262312116059,0.0045943394728831,0.0038227959463912,1.0637311042008226,0.002105334367021,0.0007711528876352,0.8763460417693616,0,Calm/Bull,0.9996
2018-09-25,sp500,-0.0013059484931179,0.0037071432086613,0.0046054302891094,0.0035156195701706,1.0369806990423227,0.0007732140948724,0.0003237983926238,0.8049504554281675,0,Calm/Bull,0.9946
2018-09-26,sp500,-0.0032946996811599,0.003794530499329,0.0046341191091136,0.0095905578267664,1.0520094453489417,-0.0001362234479939,0.0001456013046859,0.8188245511140485,0,Calm/Bull,0.9913
2018-09-27,sp500,0.0027594762285113,0.0036222084349684,0.0045708533979741,0.0061599008825926,0.950353545026238,-0.0011463310393574,-6.870073340668574e-07,0.7924578015505491,0,Calm/Bull,0.9877
2018-09-28,sp500,-6.870144138179519e-06,0.0034686246897622,0.0044687237486065,0.0044715575893486,1.0502872248904067,-0.0010739848807837,0.0002209780876819,0.7762002945122465,0,Calm/Bull,0.9774
2018-10-01,sp500,0.0036344923421985,0.0035513368485481,0.0043759126588008,0.0065479762663721,1.0167210280781962,0.0003572900504587,0.0003959792814266,0.8115648381157007,0,Calm/Bull,0.9928
2018-10-02,sp500,-0.000396768910279,0.0035241103759797,0.0042568061470672,0.0041218038294961,1.0284603146544105,0.0005391259670265,0.0004589254383566,0.8278766413658952,0,Calm/Bull,0.9972
2018-10-03,sp500,0.0007112667367183,0.0034392914639982,0.0042425304008359,0.0063236837126672,1.0801567660514413,0.0013403192506022,0.0006348419152558,0.8106698453641096,0,Calm/Bull,0.9915
2018-10-04,sp500,-0.0082030354210098,0.0038619905362268,0.0042788229744675,0.0123586926204007,1.0401795913384395,-0.000852183079302,0.0004076396960362,0.9025824529951224,0,Calm/Bull,0.9986
2018-10-05,sp500,-0.0055433145846221,0.0040481461697825,0.0042246615619752,0.0139833213402322,0.9846256320024992,-0.0019594719673988,0.0002412638615558,0.9582178620456944,0,Calm/Bull,0.9998
2018-10-08,sp500,-0.0003951947083496,0.0040312373061355,0.0042255950457791,0.0094888326967635,0.987530810878368,-0.0027654093775084,0.0001267027154037,0.9540046460822832,0,Calm/Bull,1.0
2018-10-09,sp500,-0.0014189098341542,0.0039525080468831,0.0042282675304944,0.0071380663277185,1.021936377719079,-0.0029698375622835,-0.0001308860607897,0.9347819215263748,0,Calm/Bull,1.0
2018-10-10,sp500,-0.033416389042602,0.0084214024574637,0.006062390830596,0.0320065170074525,1.2951007520340725,-0.0097953687181476,-0.0018195359304145,1.389122326947663,2,Stress/Bear,1.0
2018-10-11,sp500,-0.0207875799725415,0.0092425882821352,0.0066135030324551,0.0310184759316083,1.3655828026420236,-0.0123122776284539,-0.0031223325370111,1.3975329317576703,2,Stress/Bear,0.9998
2018-10-12,sp500,0.0141062354083762,0.0099968349042389,0.0068610687208228,0.0167430081301099,1.1052666346129152,-0.0083823676298542,-0.0024307929616306,1.457037571114729,0,Calm/Bull,0.8053
2018-10-15,sp500,-0.0059224822913,0.0100027175402359,0.0068999156481102,0.0098008065154577,0.909378516002256,-0.0094878251464443,-0.0024476525266182,1.4496869310243554,0,Calm/Bull,0.9815
2018-10-16,sp500,0.0212678280349012,0.0112154015279006,0.0074372910518133,0.0165663257752424,0.941011190121104,-0.0049504775726332,-0.0016519937682544,1.5079955120441402,0,Calm/Bull,0.912
2018-10-17,sp500,-0.0002526942626648,0.0111999251479947,0.0074111173992118,0.0125052535413822,0.9096827787438916,0.0016822613833542,-0.0017272528830462,1.5112329956054755,0,Calm/Bull,0.9999
2018-10-18,sp500,-0.0144964905753411,0.0113103192366643,0.0075422441325688,0.0183691397957644,0.9859816027585704,0.0029404792627942,-0.0028425781210797,1.4995960138474302,0,Calm/Bull,0.9717
2018-10-19,sp500,-0.0003612351352793,0.0113104041545897,0.0075346491343776,0.0135487645705451,1.0016231359298309,4.698515406315648e-05,-0.0028422098309934,1.5011188912546365,0,Calm/Bull,0.9999
2018-10-22,sp500,-0.0043087970964778,0.0113142610579057,0.0075087552303612,0.0107842039446198,0.9292043297244856,0.0003697221930275,-0.0028815555701166,1.5068091462293414,0,Calm/Bull,0.9999
2018-10-23,sp500,-0.0055270761806941,0.0113226900935445,0.0075058529943197,0.0226804773903411,1.2024872295994231,-0.0049892586500914,-0.0030926119544954,1.508514768689618,0,Calm/Bull,0.9971
2018-10-24,sp500,-0.0313507738611408,0.0129675477901524,0.008471504832011,0.0341478829779548,1.2795886668992535,-0.0112088745697866,-0.0044954156634944,1.530725419780467,2,Stress/Bear,1.0
2018-10-25,sp500,0.0184537179787141,0.0138729240940485,0.0088350169704289,0.0202766374165709,1.2333856375322978,-0.0046188328589756,-0.0037107035759843,1.5702204240785984,0,Calm/Bull,0.9048
2018-10-26,sp500,-0.0174791380100031,0.0141742721579027,0.0090659019617846,0.0241547424176725,1.2483522959503832,-0.0080424134339203,-0.0045843169692775,1.5634707078955026,0,Calm/Bull,0.8405
2018-10-29,sp500,-0.0065812082951939,0.0140459969094271,0.0090628842580803,0.0391140780288689,1.2008923559548488,-0.0084968956736635,-0.0050951020011472,1.549837392759804,2,Stress/Bear,1.0
2018-10-30,sp500,0.0155453229718774,0.0147608227002363,0.0092990755395513,0.0186719174608929,1.2815747747599078,-0.0042824158431492,-0.0042979974070393,1.5873430253851355,0,Calm/Bull,0.8442
2018-10-31,sp500,0.010792878754571,0.0151089302975489,0.0094110375605593,0.0114649058766555,1.2597721436480576,0.0041463146799931,-0.0037939168061467,1.6054478797182574,0,Calm/Bull,0.9613
2018-11-01,sp500,0.0105024988685292,0.015397826305099,0.0095248993081905,0.0119764202699866,1.1437211576264277,0.0025560708579561,-0.0028586400916697,1.6165867802779068,0,Calm/Bull,0.9949
2018-11-02,sp500,-0.0063367210558797,0.0154061268381105,0.0095522939795981,0.0206055342939632,1.0189789836466407,0.0047845542487808,-0.0028983104152326,1.6128195877362006,0,Calm/Bull,0.9148
2018-11-05,sp500,0.0055846936971941,0.0155149061705684,0.0095499673522422,0.0096154480543089,0.8702345972902643,0.0072177346472584,-0.0025993159949554,1.6246030586613085,0,Calm/Bull,0.9924
2018-11-06,sp500,0.0062397877444086,0.0156395880446656,0.0095789617439803,0.0071639806870669,0.8445818529775038,0.0053566276017646,-0.0022163811160273,1.6327017961517531,0,Calm/Bull,0.9937
2018-11-07,sp500,0.020987078560774,0.0146256997168127,0.0099333229273115,0.0145776917708982,0.9434327647359744,0.0073954675630052,0.0005037922641414,1.4723874199840548,0,Calm/Bull,0.873
2018-11-08,sp500,-0.0025120689884914,0.0137714118914756,0.0098898984497161,0.007039973641306,0.8954120112761635,0.0047925539916011,0.0014175678133439,1.3924725275486387,0,Calm/Bull,0.9936
2018-11-09,sp500,-0.0092415859153724,0.0136280344936762,0.009903556194654,0.0107371448923305,0.981998653387401,0.0042115810197025,0.0002501767471565,1.3760748387566744,0,Calm/Bull,0.993
2018-11-12,sp500,-0.0198981509854674,0.0143027980039598,0.0102065623322189,0.0198039742994217,0.8980888041754578,-0.0008849879168297,-0.0004486066875518,1.4013335282155015,2,Stress/Bear,0.7194
2018-11-13,sp500,-0.0014830188221738,0.0133582558818083,0.0101984831580493,0.0145545548723597,0.9900304171452946,-0.0024295492301462,-0.0015861490304055,1.309827714062077,0,Calm/Bull,0.998
2018-11-14,sp500,-0.0075961888184505,0.0134204540179204,0.0102286034943038,0.0225979045827492,1.0569509265657078,-0.0081462027059911,-0.0019533237581948,1.3120514472375535,0,Calm/Bull,0.7648
2018-11-15,sp500,0.0105380327426419,0.0133563107899471,0.0103357894506669,0.0236722159432898,0.9922934290317612,-0.0055361823597644,-0.0007015975922957,1.2922390547618248,2,Stress/Bear,0.6159
2018-11-16,sp500,0.0022208375374839,0.0133722437316546,0.0103423088075085,0.0126413283936614,0.9387474989836226,-0.0032436976691932,-0.0005724939586575,1.2929650410309073,0,Calm/Bull,0.9951
2018-11-19,sp500,-0.0167831612357214,0.0138384788302168,0.0105062468277143,0.0193515605789916,0.889149438200279,-0.0026206997192439,-0.0011962121656197,1.317166734909783,0,Calm/Bull,0.7962
2018-11-20,sp500,-0.0183179955565859,0.0143357946061394,0.0106732662885757,0.0143533316742414,1.0208837840261895,-0.0059876950661264,-0.0018357581344143,1.3431497180468508,2,Stress/Bear,0.45
2018-11-21,sp500,0.0030386693107672,0.0125620090001656,0.0106871796510032,0.0078907415096931,0.7696468988690774,-0.0038607234402828,-0.0001162859758189,1.1754278874676156,0,Calm/Bull,0.9838
2018-11-23,sp500,-0.0065764197118556,0.0118406974893691,0.0106648848454767,0.0062524541021459,0.4072458436602813,-0.0072836139311823,-0.0013677928603474,1.1102508522997396,0,Calm/Bull,0.8666
2018-11-26,sp500,0.0154129758453664,0.0117691935550533,0.010883938653301,0.0091193504267541,0.8827135062917563,-0.0046451862696058,0.000276812832421,1.0813358959427624,0,Calm/Bull,0.8026
2018-11-27,sp500,0.0032563843646126,0.0116726646555362,0.0108986671768909,0.0099323076071656,0.888850451403749,-0.000637277149539,0.0007686924654114,1.071017626842156,0,Calm/Bull,0.9927
2018-11-28,sp500,0.0227140513031137,0.012246269754604,0.0113310883905017,0.021729110587438,1.0284556323738423,0.0075691322224008,0.0011271288819732,1.080767295476169,1,Transition,0.88
2018-11-29,sp500,-0.0021854945453934,0.0120494074539707,0.0113296030419718,0.01125358245462,0.947760096513956,0.0065242994511687,0.0004782102169749,1.0635330654862534,0,Calm/Bull,0.9522
2018-11-30,sp500,0.0081375477166175,0.0119571067132975,0.0113830306685747,0.0101877325827001,1.2302870334170204,0.0094670929368633,0.0003599626593794,1.0504326186441384,0,Calm/Bull,0.7014
2018-12-03,sp500,0.0108820017943624,0.0120689229713009,0.0114786002099204,0.0096044781525748,1.113137329248787,0.0085608981266625,0.0012208988018915,1.0514281141066633,0,Calm/Bull,0.872
2018-12-04,sp500,-0.0329002288385561,0.0142139170394723,0.0122121590811462,0.0328696392206264,1.1772703406325653,0.0013295754860288,-0.0007033473248959,1.16391515579064,2,Stress/Bear,0.957
2018-12-06,sp500,-0.0015233879141442,0.0141200218272851,0.0121960467250814,0.0276785082803333,1.3223554607407255,-0.0035179123574227,-0.0010915061078236,1.157753995665413,1,Transition,0.8547
2018-12-07,sp500,-0.0235963354563222,0.0139694115357029,0.0125333823924348,0.0324335546016465,1.078562420175451,-0.0078000805396085,-0.0033206768086784,1.1145763448608237,1,Transition,0.6512
2018-12-10,sp500,0.0017606032229163,0.0140150248102078,0.0125092180445194,0.0243695426394107,1.0518427107447703,-0.0090754694383487,-0.003107043198108,1.120375770917848,1,Transition,0.9427
2018-12-11,sp500,-0.0003564096753056,0.0139510111702381,0.0125078749622492,0.0201192546358413,1.002280358257116,-0.0113231517322823,-0.0026627843861047,1.1153782087160682,1,Transition,0.95
2018-12-12,sp500,0.0054048710103512,0.0134438414709909,0.0125291929124432,0.0132700874490262,1.0147302476648965,-0.0036621317625009,-0.0013976332863137,1.073001394817641,0,Calm/Bull,0.6896
2018-12-13,sp500,-0.000199950312415,0.0134464736856951,0.0124986865030277,0.0124200809608006,1.0035960379255238,-0.003397444242155,-0.0013334798608258,1.0758309429105064,0,Calm/Bull,0.7706
2018-12-14,sp500,-0.0192712122686998,0.0139756759536028,0.0127006286665323,0.0158579900548341,1.0302975993640318,-0.0025324196046305,-0.0019172310333383,1.1003924546215884,1,Transition,0.8103
2018-12-17,sp500,-0.0209922848285766,0.0142719579376317,0.0128718712832455,0.0277264371409365,1.174849694663636,-0.0070829972149291,-0.0034937469118992,1.10877102665007,1,Transition,0.8915
2018-12-18,sp500,8.639685378910398e-05,0.0142349089919988,0.0128731899324379,0.0177836549391599,1.131555796262918,-0.0069944359091102,-0.0036004689460839,1.1057794584487293,1,Transition,0.8665
2018-12-19,sp500,-0.0155154591759368,0.0141758194953829,0.0129845143542085,0.0384250564931146,1.2688327412493083,-0.0111785019463678,-0.0035370838430947,1.0917481477301678,2,Stress/Bear,0.8761
2018-12-20,sp500,-0.0158978094841039,0.0140528001165658,0.0130972042142354,0.0277415086767475,1.3628575731406634,-0.0143180737807056,-0.0034160745394706,1.0729618235082368,2,Stress/Bear,0.5901
2018-12-21,sp500,-0.0208031204985406,0.0144811433343903,0.0133022718419911,0.0396669143815674,1.76264224281839,-0.0146244554266737,-0.004608164029936,1.0886218163635633,2,Stress/Bear,0.9999
2018-12-24,sp500,-0.0274865728783144,0.0153589551606047,0.0136461430458074,0.0251967112303852,0.5950097105369855,-0.0159233130366213,-0.0056536716882589,1.1255162069639602,1,Transition,0.7472
2018-12-26,sp500,0.048403177670805,0.0190649502358071,0.0152031374134708,0.0491064286738257,0.9595340849616684,-0.0062599568732181,-0.004004161596987,1.2540142022865937,2,Stress/Bear,1.0
2018-12-27,sp500,0.0085262289688169,0.01920646933135,0.0152511081711366,0.036627713981453,0.9277808729883606,-0.0014516192442673,-0.0037406693667768,1.2593490988214973,2,Stress/Bear,0.8962
2018-12-28,sp500,-0.0012423539102312,0.0181898969734747,0.0152493446519793,0.0190607735077946,0.8381552105891831,0.0014794718705071,-0.004938489627444,1.192831389715738,1,Transition,0.9688
2018-12-31,sp500,0.0084566258622068,0.0184287562577272,0.0153113950392469,0.010539091228351,0.7794440850208076,0.0073314211426566,-0.004406383607064,1.2035974651878376,1,Transition,0.8808
2019-01-02,sp500,0.0012676930626261,0.0182457598171244,0.0153011955268431,0.020724859433583,0.8494557276870424,0.0130822743308447,-0.0047498763397636,1.1924401452890143,2,Stress/Bear,0.7744
2019-01-03,sp500,-0.0250683318189151,0.0183949506365375,0.0155740198423296,0.0200907450084809,0.8816898940154747,-0.0016120275670992,-0.0065473930204275,1.1811305509282006,1,Transition,0.7236
2019-01-04,sp500,0.0337593990603464,0.0193813532226711,0.0162698799896449,0.0251743689461186,0.970565157862911,0.0034346064512066,-0.0032144116254823,1.191241314318638,2,Stress/Bear,0.8365
2019-01-07,sp500,0.0069859759952297,0.0195133801393735,0.0163126033899267,0.0163156518916496,0.958919285492469,0.0050802724322988,-0.0027889434300136,1.1962149555737631,1,Transition,0.9327
2019-01-08,sp500,0.0096485873364973,0.0190582920879278,0.0158491463467018,0.0125310307476218,0.9572459969054918,0.0053186647271569,-0.0011266972903726,1.2024806681082745,1,Transition,0.9593
2019-01-09,sp500,0.0040896713328221,0.0190839616022855,0.0156553028376744,0.0102245977425756,0.9507880660022354,0.0058830603811961,-0.0010102438848774,1.2190094180969808,1,Transition,0.9436
2019-01-10,sp500,0.0045082413744622,0.0191236931541186,0.0155480394541455,0.0137870672519708,0.8677873614313489,0.0117983750198716,-0.000767011332389,1.2299745707822811,1,Transition,0.8702
2019-01-11,sp500,-0.0001463085444824,0.0190696086645749,0.0155352981796225,0.0072681923676833,0.8094205197937017,0.0050172334989058,-0.0010445703101306,1.2275019406829446,1,Transition,0.9302
2019-01-14,sp500,-0.0052713945872494,0.0190914919063,0.0152670940943635,0.0073221103703018,0.8691664613136031,0.0025657593824099,-0.0012981425238724,1.2504993935518058,1,Transition,0.9073
2019-01-15,sp500,0.010664618879761,0.0187791666845812,0.0153459248514898,0.0107190667530008,0.8530443408098305,0.0027689656910626,0.0001986490335506,1.223723357589496,1,Transition,0.9735
2019-01-16,sp500,0.0022195205290883,0.0181057911268201,0.0152523340013566,0.0049998385523238,0.9281737521907722,0.0023949355303159,0.0013592393014338,1.1870833096895017,1,Transition,0.92
2019-01-17,sp500,0.0075627307062357,0.01815524017953,0.0152917325111428,0.014681539835723,0.9169589328925716,0.0030058333966706,0.0017330559940562,1.18725855074306,1,Transition,0.9863
2019-01-18,sp500,0.0130969128398557,0.0178492735349382,0.0153890860498495,0.0104428758592471,0.9803009875975972,0.0056544776735382,0.0031636745948458,1.1598657306301,1,Transition,0.9731
2019-01-22,sp500,-0.0142584768279724,0.0177606773861832,0.0154782310243633,0.0154240057683545,0.9798168638019726,0.0038570612253936,0.0032456412276524,1.1474617065882555,1,Transition,0.9541
2019-01-23,sp500,0.0022004899194508,0.0168424317833922,0.0149479581326244,0.0152839787511513,0.8862603873584598,0.0021642354333316,0.0043958217485519,1.126737955375532,1,Transition,0.9866
2019-01-24,sp500,0.0013747801109775,0.0151147773279562,0.0147497731962798,0.007640961124954,0.9002059452432547,0.0019952873497094,0.0058388893980165,1.0247464233394772,1,Transition,0.9855
2019-01-25,sp500,0.008452867700518,0.0113693638734727,0.0146200234217618,0.00564771485325,1.0028439720704936,0.0021733147485659,0.0038413738995022,0.7776570218450893,1,Transition,0.9994
2019-01-28,sp500,-0.0078777758487088,0.0116029086597396,0.0146309270758046,0.0079088871672079,0.9593277450360388,-0.0020216229891469,0.0030211736586259,0.7930398804958532,1,Transition,0.9994
2019-01-29,sp500,-0.0014573079351148,0.011607164570014,0.0144890278596697,0.0075302586410984,0.9321277206830734,0.0005386107894245,0.0030104259573817,0.801100300339865,1,Transition,0.9995
2019-01-30,sp500,0.01542960989156,0.0118808626051938,0.0145612021597911,0.0157027480833588,1.0231777247853828,0.0031844347838463,0.0033590751588494,0.8159259431203583,1,Transition,0.9992
2019-01-31,sp500,0.0085606488097677,0.011925130823123,0.0145391759118442,0.0112052245604322,1.284587401692617,0.0046216085236044,0.0037237229462064,0.820206791322222,1,Transition,0.9966
2019-02-01,sp500,0.0008982065848071,0.0098602183895441,0.0145175896244533,0.0073082615314686,0.981822670027412,0.0031106763004622,0.0050220498663926,0.6791911498128864,1,Transition,0.9999
2019-02-04,sp500,0.0067533811174796,0.0072109209793924,0.0145261295199061,0.009629813204256,0.884536306560498,0.0060369076936999,0.0036717489692492,0.4964103458881364,1,Transition,1.0
2019-02-05,sp500,0.0046973704373502,0.0071736218514921,0.0145161135547283,0.0054607705148534,0.9511200105538414,0.0072678433681929,0.0035573186913552,0.4941833655713925,1,Transition,1.0
2019-02-06,sp500,-0.0022269157175087,0.00713427086322,0.0142512889898548,0.0050996208219471,0.9295502295421914,0.0037365382463791,0.0029635435386549,0.5006053044253619,1,Transition,1.0
2019-02-07,sp500,-0.0094011932022302,0.0076419099769263,0.0142955019089642,0.0118475482771036,1.0964631677642962,0.0001441698439795,0.0022890003119023,0.5345674482498817,1,Transition,1.0
2019-02-08,sp500,0.0006759725660127,0.0076313739096116,0.0142512681196947,0.0096902341942587,0.9735892465034784,9.97230402207123e-05,0.0020973868714798,0.535487357722595,1,Transition,1.0
2019-02-11,sp500,0.0007088518038183,0.0076205290007396,0.0140209366182569,0.005262384496521,0.906411255278932,-0.0011091828225115,0.0021401448888949,0.5435106946291153,1,Transition,1.0
2019-02-12,sp500,0.0128078529028386,0.0077659950395943,0.0141181028626264,0.0093196176550694,1.0238260096275908,0.0005129136705861,0.0030441072633993,0.5500735555732892,1,Transition,1.0
2019-02-13,sp500,0.0030194315937109,0.0075564850757712,0.0140860228727831,0.0048020598043118,0.9806099276606214,0.00156218313283,0.0026618478990968,0.5364527052111908,1,Transition,1.0
2019-02-14,sp500,-0.0026551633836986,0.0076495465831345,0.014026573808047,0.0097132354837189,1.023817244924964,0.0029113890965364,0.0024181137034574,0.5453610188644897,1,Transition,1.0
2019-02-15,sp500,0.0108200046649575,0.0077980763200221,0.0140924452038748,0.0055555272130235,0.9734362525420212,0.0049401955163253,0.0025809774013935,0.5533515445479963,1,Transition,1.0
2019-02-19,sp500,0.001497621326592,0.0073957721764152,0.0139147074601075,0.0072092695024379,0.949177762047361,0.0050979494208801,0.0020010128257303,0.5315075575694558,1,Transition,1.0
2019-02-20,sp500,0.0017755335607409,0.0063331909237891,0.0136931242579934,0.0056809798169072,1.0486693739896382,0.0028914855524605,0.002802713345166,0.4625088332264322,1,Transition,1.0
2019-02-21,sp500,-0.0035326693258413,0.0064896994620753,0.0137018220572335,0.0061372131465431,0.9632402366540768,0.00158106536855,0.0025160553829014,0.473637698327083,1,Transition,1.0
2019-02-22,sp500,0.0063906386947104,0.006539997295108,0.0136862725786167,0.0054033753261712,0.918268027103413,0.0033902257842319,0.002766848312088,0.4778508726565976,1,Transition,1.0
2019-02-25,sp500,0.0012311044497517,0.0064075602027399,0.0135546874863324,0.0066163345824237,1.0331086339584024,0.0014724457411907,0.0024057601495497,0.4727191393531471,1,Transition,1.0
2019-02-26,sp500,-0.0007907696728402,0.0059913759720649,0.0135520613698143,0.0048856963246693,0.9832521891282724,0.0010147675413042,0.0027601104583431,0.4421007113655822,1,Transition,1.0
2019-02-27,sp500,-0.000544197436298,0.005960948701216,0.0132401781188655,0.007388008730512,1.005407699260803,0.0005508213418964,0.002805765983284,0.4502166547686002,1,Transition,1.0
2019-02-28,sp500,-0.0028295075989504,0.0052857822390852,0.0132424819280911,0.004029452697792,1.176247877271536,0.0006914536872746,0.0018928101087585,0.399153441763254,1,Transition,1.0
2019-03-01,sp500,0.006871656588713,0.0051861992385342,0.0132307571460417,0.0073617757848064,1.0705482722822874,0.0007876572660751,0.0018083604977057,0.3919805330329015,1,Transition,1.0
2019-03-04,sp500,-0.0038881073952551,0.0053386008147625,0.0131670420696632,0.0176238160384986,1.0560639863445602,-0.0002361851029261,0.0015690447987026,0.4054517929324958,1,Transition,1.0
2019-03-05,sp500,-0.0011321734897068,0.0052255579059011,0.0124396849068484,0.004828552389964,0.9675566714790758,-0.0003044658662995,0.0011747670683433,0.4200715649175524,1,Transition,1.0
2019-03-06,sp500,-0.006545473604125,0.0054274931577402,0.0124706886244749,0.0077865660593564,1.0098072887360667,-0.0015047210998648,0.0006126248662695,0.4352200043779702,1,Transition,1.0
2019-03-07,sp500,-0.0081589111383311,0.0057437076886408,0.012120274770954,0.0102439541238392,1.0387260716770257,-0.002570601807741,0.0003160250952284,0.4738925310839877,1,Transition,1.0
2019-03-08,sp500,-0.0021339641314536,0.0053101237327764,0.012125022120645,0.0079691231855132,0.912887771694614,-0.0043717259517743,0.0006793865487672,0.4379475501108597,1,Transition,1.0
2019-03-11,sp500,0.0145595355634894,0.0061506171108053,0.0122561826524981,0.0130743692522286,1.0021346451483504,-0.0006821973600254,0.0013735646986411,0.5018379119498235,1,Transition,1.0
2019-03-12,sp500,0.0029489657278051,0.0061582672959604,0.0122449831331436,0.0041518913744244,0.9131767234303736,0.0001340304834769,0.0014855703948404,0.5029216642440089,1,Transition,1.0
2019-03-13,sp500,0.0069255467570192,0.0057134654016993,0.0122690549246578,0.0076344974364069,1.0070846732616323,0.0028282345557058,0.0011914550875494,0.4656809702772372,1,Transition,1.0
2019-03-14,sp500,-0.0008683993315961,0.0057141366327073,0.0119808781691537,0.0041089981565664,0.9356735915966148,0.0042863369170528,0.0009970635412841,0.4769380467801652,1,Transition,1.0
2019-03-15,sp500,0.0049725194084307,0.0057120933681781,0.0116262305233984,0.007064688339415,1.5494251083599366,0.0057076336250296,0.0013784476808905,0.491310864401166,1,Transition,0.9996
2019-03-18,sp500,0.003699096798908,0.0052996486968608,0.0116269891222859,0.0047371007337128,0.9400923716952688,0.0035355458721134,0.0010224022875881,0.455805767178603,1,Transition,1.0
2019-03-19,sp500,-0.0001305700799267,0.0053044678867766,0.0114066845560148,0.0102909730881374,0.9464549871697088,0.002919638710567,0.0009409927172621,0.4650315225890513,1,Transition,1.0
2019-03-20,sp500,-0.0029486967407696,0.0053701294688815,0.0111819207501845,0.0110154299178962,0.9813465067270286,0.0009447900110092,0.0007047812021866,0.480251075719072,1,Transition,1.0
2019-03-21,sp500,0.0107940154946893,0.0057193185390561,0.0108158185157753,0.0150374718178885,0.9379256629356424,0.0032772729762663,0.0014211154432131,0.5287920216777157,1,Transition,0.9997
2019-03-22,sp500,-0.0191568271342732,0.0072097280601816,0.0104686580923665,0.0163136997559561,1.0926804132053185,-0.0015485963322744,0.000143742151764,0.68869648779902,1,Transition,0.9125
2019-03-25,sp500,-0.00083937283331,0.007208157695247,0.0086068849009021,0.008851619727409,0.8800808428659427,-0.002456290258718,4.0218287610920296e-05,0.8374874043559674,0,Calm/Bull,0.9963
2019-03-26,sp500,0.007157052947934,0.0073770398078406,0.00859134780696,0.0091823645933634,0.8539871469684881,-0.0009987656531459,0.0004376094186496,0.858659196856671,0,Calm/Bull,0.9967
2019-03-27,sp500,-0.0046551432765988,0.0074626113735223,0.0086249010316977,0.0134884476236459,0.8927907615564674,-0.0013400549603117,0.0002320621266345,0.8652402324497624,0,Calm/Bull,0.9933
2019-03-28,sp500,0.0035830547152617,0.0074619056974144,0.0085860797011675,0.007437537948613,0.8448695972291218,-0.0027822471161972,0.0005526902423452,0.8690701643964186,0,Calm/Bull,0.9969
2019-03-29,sp500,0.0067117060433246,0.0074548590895163,0.0086076476850494,0.0059271977868165,0.998479206531895,0.0023914595193223,0.0005446927150757,0.8660739103512183,0,Calm/Bull,0.9973
2019-04-01,sp500,0.0115021955180444,0.0077612317135508,0.0079242596469181,0.0072440333412522,0.9522130838526798,0.0048597731895932,0.0013142078607407,0.9794267299872328,0,Calm/Bull,0.9996
2019-04-02,sp500,1.7455554858152623e-05,0.0077464026931388,0.006794806567245,0.0049350254572144,0.8781536038402976,0.003431853710978,0.001371689312969,1.1400475666932168,0,Calm/Bull,1.0
2019-04-03,sp500,0.0021460724200891,0.007519341344781,0.006764149529027,0.0069882643584073,0.9625142489854508,0.0047920968503156,0.0018062666141797,1.1116462332054091,0,Calm/Bull,1.0
2019-04-04,sp500,0.0020824652429942,0.007144363326433,0.0066891022215133,0.0049108100140232,0.8292677136055342,0.0044919789558621,0.002318335433246,1.068060120752168,0,Calm/Bull,1.0
2019-04-05,sp500,0.0046257176230991,0.0070822721441291,0.0066924797101981,0.0035433533724437,0.8644245646816759,0.004074781271817,0.0026563195209736,1.058243349372728,0,Calm/Bull,1.0
2019-04-08,sp500,0.0010469117505236,0.0065082420896319,0.0066843089827559,0.0052386487092146,0.845369952036071,0.0019837245183128,0.0019806883303253,0.9736596716910956,0,Calm/Bull,1.0
2019-04-09,sp500,-0.0060859764356695,0.0067466915758821,0.0067574644273935,0.0047077357089048,0.8434012559738998,0.0007630381202073,0.0015289412221516,0.9984057849468282,0,Calm/Bull,1.0
2019-04-10,sp500,0.0034718377544999,0.006644721638953,0.0066981943161904,0.0036631956360837,0.8683513545428008,0.0010281911870894,0.0013562557720256,0.9920168518986976,0,Calm/Bull,1.0
2019-04-11,sp500,3.8122340342693696e-05,0.0066318271034094,0.0066013381108285,0.0039572939875453,0.8405237325970787,0.0006193226065591,0.0014015818556225,1.004618607935097,0,Calm/Bull,1.0
2019-04-12,sp500,0.0065875783895457,0.0066871991939391,0.0066313300983329,0.0041858293955428,1.088820366921111,0.0010116947598484,0.0014823348046783,1.0084250210406818,0,Calm/Bull,1.0
2019-04-15,sp500,-0.0006295672443571,0.0066817239267575,0.0065940542691293,0.0045154897936822,0.9169049801783216,0.0006763989608723,0.001265901602515,1.0132952587361357,0,Calm/Bull,1.0
2019-04-16,sp500,0.0005092283251399,0.0066762154904499,0.0064207857544275,0.0052802822600353,1.0055297755440025,0.0019954399130342,0.0012978915227684,1.0397816942959497,0,Calm/Bull,1.0
2019-04-17,sp500,-0.0022764008207388,0.006655368497885,0.0061035963050324,0.0077746726224371,1.080005873555147,0.0008457921979864,0.0013315063187699,1.090401161098692,0,Calm/Bull,1.0
2019-04-18,sp500,0.0015778468242496,0.0062738361575437,0.006103109812644,0.0056798035936288,1.039887611131669,0.0011537370947678,0.0008706978852479,1.0279736642696524,0,Calm/Bull,1.0
2019-04-22,sp500,0.0010115058169329,0.0041449993223724,0.0061035198532308,0.0045254635508471,0.9092960479652584,3.852258024531763e-05,0.0018791145328082,0.6791162185174758,0,Calm/Bull,0.9866
2019-04-23,sp500,0.0088023511749953,0.0043669347205554,0.0061103368253476,0.0094693456492165,1.1055009237128004,0.0019249062641158,0.0023612007332235,0.7146798687823575,0,Calm/Bull,0.9562
2019-04-24,sp500,-0.0021941686030362,0.0043268511847099,0.0060040080386149,0.0036826472958835,1.0407073910603966,0.0013842268784805,0.001893639655675,0.7206604582941397,0,Calm/Bull,0.9913
2019-04-25,sp500,-0.0003690417402728,0.0040847973486062,0.0059959555711961,0.0069237297581963,1.0318924327258334,0.0017656986945737,0.0021079447324913,0.6812587752032548,0,Calm/Bull,0.9769
2019-04-26,sp500,0.0046743503233048,0.004112732220892,0.0057340528364777,0.0075920871288786,0.9780542341782524,0.0023849993943848,0.0021625095128935,0.7172470045494741,0,Calm/Bull,0.973
2019-04-29,sp500,0.0010709485042338,0.003975465343016,0.0056595772411447,0.0034555956866772,0.9524900828578904,0.002396887931845,0.0018804716359389,0.7024315021473104,0,Calm/Bull,0.9834
2019-04-30,sp500,0.0009509646987914,0.0032686884402542,0.0056595002907244,0.0081844039343218,1.1843509451636158,0.0008266106366042,0.0013529100949763,0.5775577829037974,0,Calm/Bull,0.8338
2019-05-01,sp500,-0.0075304458502913,0.0038201969604092,0.0057309814322068,0.0105241508607753,1.0964286354590602,-0.0002406448128468,0.0009755150247188,0.6665868674675188,0,Calm/Bull,0.8891
2019-05-02,sp500,-0.0021262446486827,0.0038704158984258,0.0057275812907899,0.0106871354547327,1.1322288541791825,-0.0005920853945287,0.0007618991712802,0.6757504960513634,0,Calm/Bull,0.9288
2019-05-03,sp500,0.0095921274789174,0.0043409406643656,0.0058151832980866,0.0063280432770196,0.9949686684657336,0.0003914700365937,0.0011373822830763,0.7464838925703196,0,Calm/Bull,0.9876
2019-05-06,sp500,-0.0044810131890725,0.0044324331449944,0.0056958010963453,0.0133369165967955,0.9486865326766812,-0.0007189223020675,0.0006820457424678,0.778193105766721,0,Calm/Bull,0.9589
2019-05-07,sp500,-0.0166494880889055,0.005884294965112,0.0061509800512273,0.0174858032235314,1.1112422953279637,-0.0042390128596069,-0.0002027742495036,0.9566434805682624,0,Calm/Bull,0.9929
2019-05-08,sp500,-0.0016067153894199,0.0057318565527163,0.0061604169089494,0.0085711470748434,1.0303085377299166,-0.0030542667674326,2.118880280883433e-05,0.9304332218797527,0,Calm/Bull,0.9998
2019-05-09,sp500,-0.0030259986619282,0.0057100866000905,0.0059831331624335,0.0137840223927111,1.055325680620243,-0.0032342175700817,-0.0003037030180125,0.9543639503032704,0,Calm/Bull,0.9997
2019-05-10,sp500,0.0037133940699186,0.0057803730254519,0.0059882670513289,0.0228778261434676,1.0199454966071209,-0.0044099642518815,-0.0001199394315337,0.9652831071001138,0,Calm/Bull,0.8216
2019-05-13,sp500,-0.0244264691384975,0.0077206645740196,0.0068028875599061,0.0137844239421676,1.1125379769925958,-0.0083990554417665,-0.0016706418079359,1.13490991965273,0,Calm/Bull,0.9849
2019-05-14,sp500,0.007983987523216,0.008016374468661,0.0067387887420054,0.0114379792903253,0.9536928000295642,-0.0034723603193422,-0.0012399640695572,1.1895868494425283,0,Calm/Bull,0.9998
2019-05-15,sp500,0.005821994327723,0.0081640522737939,0.0067743083356897,0.0152930430847888,0.8962102169220205,-0.0019866183759136,-0.0009743257694281,1.2051492003667028,0,Calm/Bull,0.9997
2019-05-16,sp500,0.008855957116499,0.0084452597528577,0.0068594297289765,0.0126376246911765,0.9568105836210096,0.0003897727797718,-0.0004177078725662,1.2311897761970074,0,Calm/Bull,0.9999
2019-05-17,sp500,-0.0058544371740438,0.0085160519585369,0.0068892755586006,0.0109283692354453,0.9529913105254264,-0.0015237934690206,-0.0007893220724809,1.2361317073324878,0,Calm/Bull,0.9999
2019-05-20,sp500,-0.0067722579754053,0.0086067992407532,0.0069080954982918,0.0079465636637107,0.9427433165044408,0.0020070487635978,-0.0011785102620978,1.2459004428762497,0,Calm/Bull,0.9998
2019-05-21,sp500,0.0084599490931906,0.0085862169600005,0.0069875195107828,0.005187847450726,0.9285060028580716,0.0021022410775927,-0.001195630366188,1.2287932715966794,0,Calm/Bull,0.9998
2019-05-22,sp500,-0.0028283923638994,0.0085912686188441,0.0069983576229471,0.0050274880116574,0.9237895327473122,0.0003721637392682,-0.0012273415542312,1.2276121172593335,0,Calm/Bull,0.9999
2019-05-23,sp500,-0.0119856922412819,0.0089167085490737,0.0071772270050063,0.0110585779542115,1.1203451954524442,-0.0037961661322879,-0.0018081740792816,1.242361227094264,0,Calm/Bull,0.9996
2019-05-24,sp500,0.0013526437720373,0.0088200193810857,0.0071678329034352,0.0074910531187222,0.834626289646287,-0.0023547499430717,-0.001974259406845,1.2305001385926049,0,Calm/Bull,0.9999
2019-05-28,sp500,-0.0084109500002602,0.0089021714393707,0.0071998972032374,0.0138916899977863,1.180959492210599,-0.0026824883480427,-0.0024483543320697,1.2364303528344691,0,Calm/Bull,0.9996
2019-05-29,sp500,-0.0069359101672313,0.0089183345097422,0.0072383866048911,0.0093315788319406,1.057580261984077,-0.0057616602001271,-0.0028426980753708,1.2320887231577096,0,Calm/Bull,0.999
2019-05-30,sp500,0.002096272674997,0.0089117955114466,0.00724226873155,0.0079817591805287,0.941404973710731,-0.0047767271923478,-0.0023613621491064,1.230525383934387,0,Calm/Bull,0.9995
2019-05-31,sp500,-0.0132832052504529,0.0092394730241529,0.0073960101841026,0.006707688256968,1.141507660171123,-0.005036229794182,-0.0029192101791949,1.2492509872434543,0,Calm/Bull,0.9853
2019-06-03,sp500,-0.0027690706543079,0.0087594712182213,0.007329108626711,0.0124833793201424,1.1232395917259568,-0.005860572679451,-0.0035372700858562,1.195161876342964,0,Calm/Bull,0.9989
2019-06-04,sp500,0.0212059270810777,0.0103521739247797,0.0078184500138347,0.0149290283721037,1.0746272777821058,6.280273681651127e-05,-0.0022529230723487,1.3240698484305138,0,Calm/Bull,0.982
2019-06-05,sp500,0.0081287269788136,0.0100157827316392,0.0076630545111077,0.0093272148798668,1.0092185350876808,0.0030757301660255,-0.0010140123189627,1.307022247737013,0,Calm/Bull,0.9999
2019-06-06,sp500,0.0061168406760044,0.0101398569293653,0.0076927884443623,0.010427378533494,0.9750639992414905,0.0038798437662269,-0.0006278345156915,1.318099022571765,0,Calm/Bull,0.9999
2019-06-07,sp500,0.01044297924726,0.0104157227563801,0.0077572102267593,0.0111716164929123,0.923663879819326,0.0086250806657695,4.561437976785699e-05,1.3427150292317742,0,Calm/Bull,0.9986
2019-06-10,sp500,0.0046492200747654,0.0104351509187424,0.0077750127094265,0.0066719124739535,0.9185109768684684,0.0101087388115842,9.240568001020004e-05,1.34213940333379,0,Calm/Bull,0.9979
2019-06-11,sp500,-0.0003499414579512,0.0087026662841395,0.0077529638364515,0.0111168368555121,1.021222945392756,0.0057975651037784,0.0012962320640375,1.1224954053342635,0,Calm/Bull,0.9999
2019-06-12,sp500,-0.0020396578272374,0.008585085057937,0.007746585016079,0.0048232319485919,0.8782060948953821,0.0037638881425682,0.0007950497965148,1.1082412495464211,0,Calm/Bull,1.0
2019-06-13,sp500,0.0040890105028501,0.0085403065018227,0.0077619911765672,0.0045821749914324,0.8962835325129118,0.0033583221079374,0.0007084006052711,1.1002726372074598,0,Calm/Bull,1.0
2019-06-14,sp500,-0.0016128117861529,0.0083329575892546,0.007754298383541,0.0051367983445341,0.8694574740613301,0.0009471639012548,0.0001849621601385,1.074624315069151,0,Calm/Bull,1.0
2019-06-17,sp500,0.0009313154323528,0.0082113715710191,0.0076330895660735,0.0034502109142818,0.8275556970380739,0.0002035829727722,0.0005242497904584,1.0757598872566425,0,Calm/Bull,1.0
2019-06-18,sp500,0.0096704895929706,0.0082653440022572,0.0072936289693352,0.008688234994859,1.0047806449060637,0.0022076691829566,0.0013463871688772,1.1332279222054562,0,Calm/Bull,1.0
2019-06-19,sp500,0.0029807167930238,0.0081064285366508,0.0072967930842988,0.0069401457272094,0.9624371249661712,0.0032117441070089,0.0010724255538688,1.1109577101883523,0,Calm/Bull,1.0
2019-06-20,sp500,0.0094276053358731,0.0082578564300209,0.0073363858968255,0.008990670578078,1.137483387312248,0.0042794630736135,0.0016852254388575,1.125602789459872,0,Calm/Bull,0.9999
2019-06-21,sp500,-0.0012600162797279,0.0076491489580972,0.0073067575064299,0.0058566411288494,1.4207788992096972,0.0043500221748985,0.0022215092369352,1.0468595613534488,0,Calm/Bull,0.9993
2019-06-24,sp500,-0.001733388460587,0.0076985652276894,0.0073051700398792,0.0036905198657112,0.887632674410231,0.0038170813963105,0.0020672076253039,1.0538516127157391,0,Calm/Bull,1.0
2019-06-25,sp500,-0.0095417756403875,0.0077832579825657,0.0073813782721261,0.0104580174647025,1.0210323367935106,-2.537165036111712e-05,0.0020106663432976,1.054445077277392,0,Calm/Bull,0.9999
2019-06-26,sp500,-0.0012346956788039,0.0075389128865328,0.0072408576885229,0.0067266909166714,1.0043306907567595,-0.0008684541447266,0.0022957270677189,1.0411629686469803,0,Calm/Bull,0.9999
2019-06-27,sp500,0.0038158857925908,0.0075463207826352,0.0072552149879287,0.0036684698232256,0.9060222186729388,-0.0019907980533831,0.0023817077235986,1.0401236621093688,0,Calm/Bull,0.9999
2019-06-28,sp500,0.0057409418405996,0.0066085719313922,0.0072852314844606,0.0050751698272676,1.5221339095527997,-0.0005906064293176,0.0033329150781513,0.9071190044528106,0,Calm/Bull,0.9951
2019-07-01,sp500,0.0076430186109539,0.0065119865952446,0.0073422471572879,0.0086731100315799,0.9953979723855751,0.0012846749849905,0.0038535195414144,0.8869201016722513,0,Calm/Bull,0.9929
2019-07-02,sp500,0.0029238472769886,0.0050719037218717,0.0073292536839941,0.0058156679613275,0.9182200685171704,0.0037777995684658,0.0029394155512099,0.6920082099147341,0,Calm/Bull,0.9941
2019-07-03,sp500,0.0076430956606841,0.0050468531180359,0.0073875034820349,0.0059683580939882,0.5722499974499572,0.0055533578363634,0.0029151339853034,0.6831608445679876,0,Calm/Bull,0.9952
2019-07-05,sp500,-0.0018075342045486,0.0050931155016062,0.0073427192728191,0.0087145439453709,0.7201507812370592,0.0044286738369355,0.0025189152412758,0.6936279751916443,0,Calm/Bull,0.9876
2019-07-08,sp500,-0.0048471730101237,0.0049875408595878,0.007366793923348,0.0035853835078101,0.8685374080413327,0.0023110508667908,0.0017544076284066,0.6770300501797032,0,Calm/Bull,0.9958
2019-07-09,sp500,0.0012357930584538,0.0049414581295078,0.0073671471865861,0.0061953872338249,0.9038896999072966,0.0010296057562908,0.001583736277591,0.6707424196037604,0,Calm/Bull,0.9964
2019-07-10,sp500,0.0045005469360826,0.0049605521414743,0.0073428946056844,0.0061341241140117,0.9465251365099786,0.0013449456881096,0.0018262606972927,0.6755581290291358,0,Calm/Bull,0.9959
2019-07-11,sp500,0.0022826195789485,0.0048767078342344,0.0073450339648802,0.0045101452021142,0.9442593420995544,0.0002728504717625,0.002042374567602,0.6639462605009113,0,Calm/Bull,0.9959
2019-07-12,sp500,0.0046095343020665,0.0048895772603231,0.007363864451507,0.0039982495709391,0.8944807968418875,0.0015562641730855,0.0020684007575628,0.6639960977720646,0,Calm/Bull,0.9963
2019-07-15,sp500,0.0001758537283841,0.0048347524410481,0.0073544238102495,0.0029957300701984,0.8636069439871581,0.0025608695207871,0.0021578340332897,0.6573937762887975,0,Calm/Bull,0.9965
2019-07-16,sp500,-0.0034095845550103,0.0049877292765245,0.0073718283586016,0.0046171545675631,0.9830828984490868,0.0016317939980943,0.0019407890339215,0.6765932457861336,0,Calm/Bull,0.9959
2019-07-17,sp500,-0.0065526654660931,0.0049836700912492,0.0074284134870804,0.0070398973052107,0.9535100793287222,-0.0005788484823408,0.0011296312809683,0.6708929302221641,0,Calm/Bull,0.9948
2019-07-18,sp500,0.003575597708819,0.0049970566284872,0.0073589190164504,0.0084103557140785,1.007585249778626,-0.0003202528563667,0.0011593753267581,0.6790476450843762,0,Calm/Bull,0.9947
2019-07-19,sp500,-0.0061958894648446,0.004855666994128,0.0074003432589844,0.0101323018537679,0.992238478581154,-0.0024813376097489,0.0003782005867222,0.6561407794473598,0,Calm/Bull,0.9914
2019-07-22,sp500,0.0028247016862503,0.0048690207828074,0.007407088141056,0.0047101900000188,0.9389750285316164,-0.0019515680181757,0.0005824364850211,0.6573461379269202,0,Calm/Bull,0.9939
2019-07-23,sp500,0.0068241451392764,0.0050282057957563,0.0074336016449479,0.0057694283819256,1.034680051029331,9.51779206815927e-05,0.0010103131650143,0.6764158258565911,0,Calm/Bull,0.9948
2019-07-24,sp500,0.0046771928134757,0.0044269788437054,0.0074539349219532,0.0075408400857753,1.0679559705582815,0.0023411495765953,0.0017212615877074,0.5939116574075709,0,Calm/Bull,0.9946
2019-07-25,sp500,-0.0052762964835995,0.0046553653297554,0.0074897953474801,0.0063489227696067,1.1350096817454018,0.0005707707381116,0.0015191815474677,0.6215610859543332,0,Calm/Bull,0.9957
2019-07-26,sp500,0.007360535770783,0.0048122346396592,0.0074718088971417,0.0050861216420337,1.0103019080230058,0.0032820557852371,0.0016964140463773,0.6440521573698224,0,Calm/Bull,0.9948
2019-07-29,sp500,-0.0016174219290574,0.0047678223554039,0.0074689824540597,0.0037438500559201,1.0344789419761224,0.0023936310621756,0.0013284958578944,0.6383496526775757,0,Calm/Bull,0.9957
2019-07-30,sp500,-0.0025819853720443,0.0046003523936489,0.0073849178138867,0.0053929736586132,1.1634491774633344,0.0005124049599114,0.0008172456587445,0.6229388748238126,0,Calm/Bull,0.9959
2019-07-31,sp500,-0.0109452069521399,0.0052635868726566,0.0075032084173084,0.0199034440410903,1.44912178708513,-0.0026120749932116,0.0001237929472881,0.701511484142519,0,Calm/Bull,0.8032
2019-08-01,sp500,-0.009039527568806,0.0053307085647723,0.0072731473187775,0.0231449864115587,1.4378476660893853,-0.0033647212102529,-0.0007103382141863,0.7329300963022826,1,Transition,0.6667
2019-08-02,sp500,-0.0073093885395651,0.0055285989866455,0.0073367571936471,0.0107057833445479,1.1398491291969042,-0.0062987060723225,-0.0009854309309372,0.7535480377397221,0,Calm/Bull,0.9866
2019-08-05,sp500,-0.0302301821696947,0.008549762365976,0.0083205383245118,0.0266983806719072,1.3026283681854558,-0.01202125812045,-0.0022545813889157,1.027549184022015,2,Stress/Bear,0.8084
2019-08-06,sp500,0.0129330239111666,0.009178090829641,0.0084767890011718,0.0128323843395265,1.1729944100860858,-0.0089182562638078,-0.0016697198462801,1.082732014253548,0,Calm/Bull,0.94
2019-08-07,sp500,0.0007665823338588,0.0090834607531623,0.0078467853534363,0.0230445292226674,1.249590009083834,-0.006575898406608,-0.0018564180763913,1.1576028072673674,0,Calm/Bull,0.9771
2019-08-08,sp500,0.018588462466865,0.0101443357488746,0.0081341634738154,0.0150608043580341,1.1254347074321462,-0.0010503003994738,-0.0010411259319954,1.2471271055136823,0,Calm/Bull,0.9956
2019-08-09,sp500,-0.0066385931336571,0.0101263571342168,0.0081575812671688,0.0121974539075968,0.9126495288239672,-0.0009161413182922,-0.0016035323037816,1.2413430896449018,0,Calm/Bull,0.9999
2019-08-12,sp500,-0.0123938091159153,0.0103965659948354,0.0082446650201652,0.0119471974642641,0.8994286444637528,0.0026511332924636,-0.0022320154459966,1.261005264544647,0,Calm/Bull,0.9984
2019-08-13,sp500,0.0150183462673018,0.0110807846571107,0.0084301407523809,0.0226427759840957,1.034440727548519,0.0030681977636906,-0.001310618904881,1.314424632113187,0,Calm/Bull,0.7324
2019-08-14,sp500,-0.0297303524545356,0.0127449348616052,0.0092423892448044,0.0191896106074912,1.1424836363055235,-0.0030311891939882,-0.0024695032543031,1.378965386982564,2,Stress/Bear,0.7805
2019-08-15,sp500,0.0024612366981802,0.0127195266146318,0.0091815927113447,0.0109425168706173,1.0582251350593828,-0.0062566343477252,-0.002525221304835,1.3853289962334816,0,Calm/Bull,0.9929
2019-08-16,sp500,0.014323058172245,0.0132253348275124,0.0093603920465863,0.0100010708218951,0.9198256025190747,-0.0020643040865447,-0.0014992739229806,1.4129039426650565,0,Calm/Bull,0.9955
2019-08-19,sp500,0.0120331755643975,0.013540331118546,0.0093445273409458,0.0059925162438926,0.8384896435381006,0.0028210928495177,-0.0010388502290732,1.4490118787726216,0,Calm/Bull,0.9986
2019-08-20,sp500,-0.0079462153121154,0.0134916106253049,0.0094085293777756,0.0082846758243705,0.80134831501765,-0.0017718194663656,-0.0017773682516428,1.4339765635609425,0,Calm/Bull,0.9977
2019-08-21,sp500,0.0082129795573529,0.0136033436087921,0.0093884160664964,0.0036998897604993,0.7922935405359868,0.005816846936012,-0.0016005789144489,1.4489498028679322,0,Calm/Bull,0.9944
2019-08-22,sp500,-0.0005062029592785,0.0135772977291816,0.0093362092840506,0.0118271160768644,0.7677156475861341,0.0052233590045202,-0.0013620742382329,1.4542623581046097,0,Calm/Bull,0.9992
2019-08-23,sp500,-0.0262888811228378,0.0144934919553551,0.0099681031750411,0.0323275305800675,1.0366051897832396,-0.0028990288544962,-0.0030445450829139,1.4539869522664082,2,Stress/Bear,0.9996
2019-08-26,sp500,0.0109231127307978,0.0148259381632076,0.009896795808407,0.0080844157055852,0.75554590945544,-0.0031210414212162,-0.0024175183499212,1.4980543652940144,0,Calm/Bull,0.8574
2019-08-27,sp500,-0.0032083218005562,0.0148269653206865,0.00989960358578,0.0133139847000688,0.9357695241423268,-0.0021734627189043,-0.0024488351713468,1.497733236711034,0,Calm/Bull,0.994
2019-08-28,sp500,0.0065241515305625,0.0148146555183519,0.0095608270962494,0.0128049686693771,0.8375781699669664,-0.0025112283242624,-0.0015753672472116,1.549516100355332,0,Calm/Bull,0.9967
2019-08-29,sp500,0.0126074824410943,0.0150298233842574,0.0096385974699205,0.0084901344677554,0.8768724427486183,0.0001115087558121,-0.0004930167467166,1.5593371785844912,0,Calm/Bull,0.9853
2019-08-30,sp500,0.0006425807598767,0.0149449537245839,0.0096110776220715,0.0092637055155763,0.8408438860999601,0.005497801132355,-9.541828174456666e-05,1.5549717016397178,0,Calm/Bull,0.9977
2019-09-03,sp500,-0.0069230093326854,0.0132883644878217,0.0095673268845349,0.0077555749363957,0.972743388748592,0.0019285767196584,0.0010699403601059,1.3889317934042402,0,Calm/Bull,0.9961
2019-09-04,sp500,0.0107837252784214,0.013195744681589,0.0096482254474276,0.0057798678932452,0.9117723076108336,0.0047269861354539,0.0009624754284686,1.3676861878374955,0,Calm/Bull,0.9984
2019-09-05,sp500,0.0129259129217597,0.0134636330298093,0.0097845163435839,0.0084879065072664,1.1331801752413515,0.0060073384136933,0.0015704419578636,1.3760141592116553,0,Calm/Bull,0.9916
2019-09-06,sp500,0.0009101908043767,0.0128540710691376,0.0097788798621599,0.0042031683834399,0.9443466800491338,0.0036678800863498,0.0006865283747392,1.3144727464008772,0,Calm/Bull,0.9976
2019-09-09,sp500,-9.401467889992668e-05,0.012740581629594,0.0097682179815053,0.0067283903004094,1.1745037425084277,0.0035205609985945,0.0010137572974771,1.3042892422872252,0,Calm/Bull,0.996
2019-09-10,sp500,0.000322252425931,0.0123475043626929,0.0097643416085668,0.0075115656625706,1.2604071224260769,0.0049696133503178,0.0016495603745694,1.2645506330769636,0,Calm/Bull,0.9939
2019-09-11,sp500,0.0072036723263872,0.0120215304276495,0.0098022670634008,0.0085373113103205,1.127561690868225,0.0042536027599109,0.0012588266775237,1.226403070829888,0,Calm/Bull,0.9992
2019-09-12,sp500,0.0028750162782333,0.0095558029343203,0.0097350645237547,0.0065856809807321,1.096488181966115,0.0022434234312056,0.0028890951141621,0.9815859885677248,0,Calm/Bull,0.9948
2019-09-13,sp500,-0.000724676876966,0.0095898049142828,0.0097309187774702,0.0047982391032376,1.0344268020772232,0.0019164498949371,0.0027297994354048,0.985498402934562,0,Calm/Bull,0.9953
2019-09-16,sp500,-0.0031405129163559,0.0092683130549189,0.0096695702201186,0.0038426195417391,1.2327315589012395,0.0013071502474459,0.0018566208809748,0.9585031024062628,0,Calm/Bull,0.9934
2019-09-17,sp500,0.0025784253724619,0.0089578546310671,0.0096721402680415,0.004152104558502,1.0497015426961978,0.001758384836752,0.001383883371378,0.9261501986965044,0,Calm/Bull,0.9954
2019-09-18,sp500,0.0003426332842671,0.008691248599,0.009668422166345,0.00973150564091,0.9829256873453432,0.000386177028328,0.0017983258011971,0.8989314336369724,0,Calm/Bull,0.9941
2019-09-19,sp500,1.9974521929475905e-05,0.0085651580802948,0.0095811274069514,0.0062625184600089,0.92476549614261,-0.0001848313229326,0.0013886755494259,0.8939614010435248,0,Calm/Bull,0.9957
2019-09-20,sp500,-0.0049075991048803,0.0086722807703217,0.0096041244472163,0.0105913915192004,1.6532300060065104,-0.0010214157685155,0.0011686057421458,0.9029746353229844,0,Calm/Bull,0.9897
2019-09-23,sp500,-9.694061782751376e-05,0.005814445516869,0.0095941053675471,0.0056554698906043,0.8722479956563431,-0.0004127013088098,0.0024782027673964,0.6060435334113519,0,Calm/Bull,0.9439
2019-09-24,sp500,-0.0084519889635514,0.0059459434000092,0.0096344875579981,0.0169385823319091,1.045370702654685,-0.0026187841760125,0.0015094476826789,0.6171520139722539,0,Calm/Bull,0.5093
2019-09-25,sp500,0.0061396852419639,0.0059229398131833,0.0096165829353683,0.0123824352438911,0.9016890428757036,-0.0014593737844731,0.0019768480348049,0.6159089827426827,0,Calm/Bull,0.8082
2019-09-26,sp500,-0.0024318710096131,0.0058995602963911,0.0096149258648487,0.0079157405685578,0.8352218878379346,-0.0019497428907817,0.0015290469077961,0.6135835449298015,0,Calm/Bull,0.9362
2019-09-27,sp500,-0.0053305345791285,0.0054749425553524,0.0095865580923117,0.014106344050674,0.8781418819860924,-0.0020343299856313,0.000632146056785,0.5711061783209976,0,Calm/Bull,0.7142
2019-09-30,sp500,0.0050349102152483,0.0055627734428523,0.0096076700771574,0.0056370490375122,0.8760244478961561,-0.0010079598190161,0.0008517625295535,0.5789929710511209,0,Calm/Bull,0.8888
2019-10-01,sp500,-0.0123341269454128,0.0060693410428705,0.0097186611108029,0.0183079935804778,0.958325651746221,-0.0017843874153884,0.0005812066489172,0.6245038255448676,1,Transition,0.8156
2019-10-02,sp500,-0.0180654041876438,0.0068897032590445,0.0099860479702731,0.0172634447871348,1.0429722649816449,-0.00662540530131,-0.000861249824386,0.6899329223686912,1,Transition,0.7263
2019-10-03,sp500,0.0079403047738667,0.0064401328087122,0.0100251727530643,0.0189615112976579,0.9415016945734144,-0.004550970144614,-0.0011105302317806,0.6423961927981424,1,Transition,0.9525
2019-10-04,sp500,0.0141167852392592,0.0072804641892331,0.0101951284827964,0.0119172806068561,0.8072303734125345,-0.0006615061809364,-0.0004502005100365,0.7141120586678565,1,Transition,0.5656
2019-10-07,sp500,-0.0044883522736815,0.0073352512552614,0.0101890059630227,0.0081904688798569,0.8063366800690511,-0.0025661586787224,-0.0006699173897756,0.7199182414734193,0,Calm/Bull,0.8131
2019-10-08,sp500,-0.0156831595521099,0.0080587209616951,0.0103772527906343,0.0113409531531461,0.9314856348870344,-0.0032359652000618,-0.0014701879886776,0.776575566220021,0,Calm/Bull,0.5805
2019-10-09,sp500,0.0090632965148459,0.008173970948094,0.0104464320398128,0.007505020546315,0.7686423915404517,0.0021897749404361,-0.0013772067792547,0.7824653352400076,0,Calm/Bull,0.5933
2019-10-10,sp500,0.0063952024117826,0.0083071674136412,0.0104525162494377,0.0106665957598852,0.9161185340234056,0.0018807544680192,-0.0012011974725772,0.7947528820237981,0,Calm/Bull,0.7117
2019-10-11,sp500,0.010879579673789,0.0087363630407152,0.0105401152734137,0.0101707793361721,1.0140318022472063,0.0012333133549252,-0.0006209846450395,0.8288678837082306,0,Calm/Bull,0.8401
2019-10-14,sp500,-0.0013880816732189,0.0087185332203781,0.0105115230646371,0.003337709424784,0.7428005793755706,0.0018533674750177,-0.0005333630828826,0.8294262560017602,0,Calm/Bull,0.8887
2019-10-15,sp500,0.0099064453764891,0.0090054515308067,0.0105839571439764,0.0099042362842651,0.975522054297934,0.0069712884607375,-0.0001669620826813,0.8508586541218188,0,Calm/Bull,0.6367
2019-10-16,sp500,-0.0020015445531937,0.0090137212220764,0.0105496208658605,0.0041275477164767,0.945200896008502,0.0047583202471296,-0.0002841709745543,0.8544118633917553,0,Calm/Bull,0.854
2019-10-17,sp500,0.0027590219697752,0.0090393573213685,0.0105378363318096,0.0055037609929246,0.9102441067466942,0.0040310841587281,-0.000147218602162,0.8578001248778439,0,Calm/Bull,0.9366
2019-10-18,sp500,-0.0039270457097998,0.0090148048730062,0.0105280808940025,0.0079331397071898,1.0003676821047758,0.0010697590820103,-9.81909324080532e-05,0.856262880554199,0,Calm/Bull,0.9631
2019-10-21,sp500,0.0068481141053337,0.0091476395975534,0.0105221347965716,0.0039844018017908,0.9999865525836764,0.0027169982377209,0.00024906180375,0.8693710710239125,0,Calm/Bull,0.9456
2019-10-22,sp500,-0.0035750492583768,0.0089667021686488,0.0105299338399203,0.0065187231467843,1.0838158858108833,2.0699310747724407e-05,0.0004929087890087,0.8515440177463304,0,Calm/Bull,0.9661
2019-10-23,sp500,0.0028431033458307,0.0088873865834176,0.0105318874015588,0.004516551153316,1.04748254067909,0.0009896288905526,0.000328079694202,0.8438550702794534,0,Calm/Bull,0.944
2019-10-24,sp500,0.0019186046591713,0.0088695020783184,0.0104367977929242,0.0051988832575245,1.1237502055820427,0.0008215454284318,0.0005456034776413,0.8498298284873915,0,Calm/Bull,0.9636
2019-10-25,sp500,0.004064429510656,0.0087903450201869,0.0103778292467206,0.0084200263885596,1.025178470117443,0.002419840472523,0.0010153516821305,0.8470311865041237,0,Calm/Bull,0.9761
2019-10-28,sp500,0.0055658199161177,0.0088039134928329,0.0103491094659757,0.0039349485246915,1.0649900207319822,0.0021633816346798,0.001041897167174,0.8506928564024856,0,Calm/Bull,0.9645
2019-10-29,sp500,-0.0008327519564807,0.0082419056621791,0.0095281239075616,0.0043004715533702,1.0854235453772951,0.002711841095059,0.0016169659166206,0.865008236893127,0,Calm/Bull,0.9927
2019-10-30,sp500,0.0032480894008573,0.0068179437801374,0.0094053250493685,0.0079231896611822,1.1436810476818706,0.0027928383060643,0.0026826405960456,0.7249025147296968,0,Calm/Bull,0.9751
2019-10-31,sp500,-0.003027438634539,0.0068138797698148,0.0094191721257683,0.007805594121644,1.2436007599514345,0.0018036296473222,0.0021342534256253,0.7234053777586148,0,Calm/Bull,0.9805
2019-11-01,sp500,0.0096159305596475,0.0064625713159579,0.0092017300385626,0.0052919651811967,1.1690944924644588,0.0029139298571205,0.0019092106916447,0.7023213340181228,0,Calm/Bull,0.9748
2019-11-04,sp500,0.0036972458053124,0.0062930612964633,0.0091583735518422,0.0033557270541029,1.2127791680321671,0.0025402150349594,0.0023184905955944,0.6871374333925849,0,Calm/Bull,0.9812
2019-11-05,sp500,-0.0011864027118206,0.0047581888430233,0.0089957506872377,0.0038378883824252,1.2826564924525297,0.0024694848838915,0.0030433284376089,0.5289373848225638,0,Calm/Bull,0.9852
2019-11-06,sp500,0.0007022505922896,0.0045648089579699,0.008807520424294,0.0040465016003582,1.2447360854608154,0.0019603171221779,0.0026252761414811,0.5182853672843901,0,Calm/Bull,0.9923
2019-11-07,sp500,0.0027263752442806,0.0044782338972924,0.0078422051652398,0.0056852564359747,1.142730146323205,0.0031110798979419,0.002441834783106,0.5710426854352104,0,Calm/Bull,0.996
2019-11-08,sp500,0.0025574031451158,0.0040157052473327,0.0078424404266296,0.0063076316399321,0.9665052867466706,0.0016993744150355,0.0020257259566723,0.5120479122413285,0,Calm/Bull,0.9976
2019-11-11,sp500,-0.0019643954133371,0.0040434629710891,0.0076666900400865,0.0040524681572298,0.8323103198986159,0.0005670461713056,0.0019969102696664,0.5274066057121366,0,Calm/Bull,0.9976
2019-11-12,sp500,0.001563423301263,0.0035893785391663,0.0075317455925134,0.0057830050859207,0.9547181055746332,0.0011170113739223,0.0015797591659051,0.4765666199259599,0,Calm/Bull,0.9984
2019-11-13,sp500,0.0007112815701162,0.0034969887300085,0.0074411558088088,0.0062248741200714,0.955978237654886,0.0011188175694877,0.0017154004720706,0.4699523595338186,0,Calm/Bull,0.9984
2019-11-14,sp500,0.0008366926144567,0.003493210614436,0.0073819509601573,0.0048245809062208,0.8907941312335559,0.0007408810435229,0.0016192840043047,0.4732096749612671,0,Calm/Bull,0.9984
2019-11-15,sp500,0.0076660287779731,0.0034862834063296,0.0074297976639537,0.0050825402279749,0.9107628350319212,0.0017626061700944,0.0021989377286933,0.4692299257681913,0,Calm/Bull,0.9979
2019-11-18,sp500,0.0005030263228096,0.0033259548321366,0.0065038466309637,0.0038788426657053,0.9304202447960456,0.0022560905173237,0.0018816833395671,0.5113827279232379,0,Calm/Bull,0.9897
2019-11-19,sp500,-0.0005927700996925,0.0031294847826458,0.0063910849371081,0.004541379723428,0.9762161335663428,0.0018248518371326,0.0020307972975013,0.4896640888740702,0,Calm/Bull,0.9852
2019-11-20,sp500,-0.003763256420941,0.0033780159467937,0.0063981826900812,0.0088661455962385,1.0824864123646911,0.0009299442389211,0.0017004793091628,0.527964909790796,0,Calm/Bull,0.9689
2019-11-21,sp500,-0.0015840060861895,0.0034560069333306,0.0063723017711345,0.005013648413716,1.0022898138420298,0.0004458044987919,0.0015253487718947,0.5423482844120417,0,Calm/Bull,0.9839
2019-11-22,sp500,0.0021725739423759,0.0034084161168785,0.0061956354400574,0.0043758322378119,0.8677677859445152,-0.0006528864683275,0.0014307559934807,0.5501318064716468,0,Calm/Bull,0.9703
2019-11-25,sp500,0.0074792518874672,0.0035543242449754,0.0062510816742773,0.0052303829669673,0.9427469878483818,0.000742358644604,0.0015264275920482,0.5685934739264685,0,Calm/Bull,0.9719
2019-11-26,sp500,0.0021931636449402,0.0035127751549141,0.0061619344456714,0.003722294821733,1.2176832665658206,0.0012995453935305,0.0016777233721192,0.5700766838540146,0,Calm/Bull,0.9742
2019-11-27,sp500,0.0041657356252997,0.0035402516136328,0.0060473159981335,0.0034405107953167,0.8114438911946039,0.0028853438027787,0.0017236056833414,0.5854252720918641,0,Calm/Bull,0.973
2019-11-29,sp500,-0.004019286229989,0.00361643504023,0.0058829957548977,0.0034893444102322,0.481537100497137,0.0023982877740188,0.0016740133035689,0.6147267805215088,0,Calm/Bull,0.972
2019-12-02,sp500,-0.0086684836939636,0.0038090657081809,0.006011261807768,0.010767960138029,0.9160151480176772,0.0002300762467509,0.0007597925908883,0.6336549346858662,0,Calm/Bull,0.873
2019-12-03,sp500,-0.0066602252580451,0.0040829222182525,0.0060860005652976,0.007965825994789,1.030855935722486,-0.0025978191823515,0.0002419190377204,0.6708711533044063,0,Calm/Bull,0.9726
2019-12-04,sp500,0.0063036576087699,0.0042835938199313,0.006129702902066,0.0054131553549782,1.051295878929126,-0.0017757203895856,0.00061642205375,0.6988256834580968,0,Calm/Bull,0.9823
2019-12-05,sp500,0.0014991269266302,0.0042881378305918,0.0060715525859622,0.0050329732344594,0.9692623323177724,-0.0023090421293195,0.000656265870467,0.7062670988811308,0,Calm/Bull,0.9861
2019-12-06,sp500,0.009094246030426,0.0046693911609869,0.0061628473734628,0.0050796052382934,1.0144730844896706,0.0003136643227635,0.0009746594097743,0.7576678243068724,0,Calm/Bull,0.9937
2019-12-09,sp500,-0.0031678336844743,0.0047421809158708,0.0061807236134503,0.0042762523811021,0.9919023822931392,0.0014137943246613,0.0006883975682947,0.7672533529166425,0,Calm/Bull,0.9965
2019-12-10,sp500,-0.0010975361689841,0.004720570847512,0.0061648273756973,0.0051172950841264,0.971778631562746,0.0025263321424735,0.0007317405305124,0.7657263634211715,0,Calm/Bull,0.9963
2019-12-11,sp500,0.0029039375293507,0.0047424670908718,0.0061666229974028,0.0034281630659841,0.9493108815741488,0.0018463881265897,0.0007987662419168,0.7690541634974559,0,Calm/Bull,0.9971
2019-12-12,sp500,0.008538667375555,0.0050480006756994,0.0062479758622373,0.0119328459772162,1.1583103749245711,0.0032542962163746,0.0011901355321887,0.8079417697833048,0,Calm/Bull,0.9799
2019-12-13,sp500,7.25791502146863e-05,0.0050537048552567,0.0062478577103251,0.0082586220246613,1.0798321132843072,0.0014499628403324,0.0011519298589766,0.8088700302673367,0,Calm/Bull,0.9976
2019-12-16,sp500,0.0071223609425427,0.0050181591633116,0.0062521792234393,0.00441181229235,1.1578309117982435,0.0035080017657358,0.0011247464672051,0.8026256100430754,0,Calm/Bull,0.9972
2019-12-17,sp500,0.0003352360284609,0.0050193933869911,0.0062510548375454,0.0022521210085647,1.0869559990909363,0.0037945562052248,0.0011163569524877,0.8029674218890755,0,Calm/Bull,0.9977
2019-12-18,sp500,-0.0004323936405227,0.0050166465869168,0.0061282675962616,0.0023001460724728,1.13317964452304,0.0031272899712501,0.0011243757754461,0.8186076257468011,0,Calm/Bull,0.9983
2019-12-19,sp500,0.0044493788218642,0.0049309038590271,0.0061091050354476,0.0041055827028555,1.0679759604096304,0.0023094322605119,0.0015350075375864,0.8071401343430832,0,Calm/Bull,0.9983
2019-12-20,sp500,0.004932595804334,0.0049292601105273,0.0061091282528794,0.0029864067447635,1.7551499166318194,0.0032814355913358,0.0018608376321126,0.8068680025180354,0,Calm/Bull,0.9898
2019-12-23,sp500,0.0008657687142985,0.004933569728942,0.0060470174436455,0.0016997405256655,0.8348797323180293,0.002030117145687,0.0017954973707087,0.8158682813337095,0,Calm/Bull,0.999
2019-12-24,sp500,-0.0001954673024681,0.0047637662252464,0.0060316128312474,0.0018365573063745,0.3642208810177048,0.0019239764795011,0.001411761411212,0.7897997365758006,0,Calm/Bull,0.9995
2019-12-26,sp500,0.0051150624100539,0.0048332885097146,0.0057770732356873,0.0039754583622787,0.6296037743532464,0.0030334676896165,0.0015578563494676,0.8366327225795595,0,Calm/Bull,0.9996
2019-12-27,sp500,3.3984139657930306e-05,0.0048041673917011,0.0051728272962393,0.0041851020584393,0.7128574044554211,0.0021503887531752,0.0013512687751856,0.9287314492779998,0,Calm/Bull,1.0
2019-12-30,sp500,-0.0057975960793499,0.0049237648762271,0.0052057324243362,0.0075590379072825,0.8704266321075466,4.350376438478319e-06,0.0012623532827175,0.9458351822327852,0,Calm/Bull,1.0
2019-12-31,sp500,0.0029416906441907,0.0043412622108219,0.0049470832573953,0.0060944853031468,0.8385772899946539,0.0004195347624169,0.0018428619996252,0.8775397511922366,0,Calm/Bull,0.9997
2020-01-02,sp500,0.0083438953623167,0.0040832736748507,0.0049609951927974,0.006940117747442,1.0053823915625208,0.0021274072953738,0.0025930680306433,0.8230755153278515,0,Calm/Bull,0.9933
2020-01-03,sp500,-0.0070849093649545,0.0045173434166948,0.0045576135098723,0.0073604073556224,1.0158015189070493,-0.0003125870596278,0.0019236396819571,0.9911642149799956,0,Calm/Bull,1.0
2020-01-06,sp500,0.0035271451942725,0.004530056437935,0.0044644209334409,0.0099191058756179,1.0739263810798958,0.0003860451512951,0.0020250405953392,1.014701907699272,0,Calm/Bull,1.0
2020-01-07,sp500,-0.0028071750845948,0.0043298308399724,0.0044608615780748,0.0038552013580613,0.997297126280977,0.0009841293502461,0.0014299695395882,0.970626585064553,0,Calm/Bull,1.0
2020-01-08,sp500,0.0048904734856411,0.0042537274323375,0.004314662007724,0.0093451210488834,1.0766420326441364,0.0013738859185362,0.0018328848980939,0.98587732358237,0,Calm/Bull,1.0
2020-01-09,sp500,0.0066332141169064,0.0043240898785833,0.0043473103423547,0.0036370221478575,1.0474481893250167,0.0010317496694541,0.0022194224123885,0.9946586597360813,0,Calm/Bull,1.0
2020-01-10,sp500,-0.0028592624875049,0.0044657825855616,0.0042475904049663,0.0067771853402132,0.9252898492947736,0.001876879044944,0.0019312624115457,1.05136846065482,0,Calm/Bull,1.0
2020-01-13,sp500,0.0069519940459332,0.0043549435738805,0.0042818935683614,0.005991232668408,1.0036111713496816,0.0025618488152762,0.0018519287450646,1.0170602104776558,0,Calm/Bull,1.0
2020-01-14,sp500,-0.0015156808368957,0.0044033104647375,0.0042975761911947,0.0051962472324432,1.0709113354926076,0.002820147664816,0.0017725157457091,1.0246032342043074,0,Calm/Bull,1.0
2020-01-15,sp500,0.0018684502436879,0.0042202637660441,0.0042379133891395,0.0054631760926277,1.0862475264561018,0.0022157430164254,0.0015098202107663,0.995835303491428,0,Calm/Bull,1.0
2020-01-16,sp500,0.008331747422232,0.0044742757837877,0.0042731693086141,0.0043083682243048,1.038023095162183,0.0025554496774905,0.0019096457804549,1.0470626040414857,0,Calm/Bull,1.0
2020-01-17,sp500,0.0038547232474851,0.0044588347612893,0.0042270072126173,0.003309619416864,1.0973345415276552,0.0038982468244885,0.0021240016248553,1.0548443702627193,0,Calm/Bull,1.0
2020-01-21,sp500,-0.0026555003695853,0.0045459943960613,0.0042625774075345,0.0039689144708305,1.2031567608760965,0.0019767479413848,0.0017687576652828,1.0664895816380475,0,Calm/Bull,0.9999
2020-01-22,sp500,0.000289034296681,0.0044941881313249,0.0042661441213445,0.0053375420994204,1.1081760467761863,0.0023376909681001,0.0015365795899002,1.0534543614781882,0,Calm/Bull,1.0
2020-01-23,sp500,0.0011403261933582,0.0044924502320886,0.0042546761021926,0.0075205125577289,1.1396490748223451,0.0021920661580342,0.0015503074638531,1.0558853656976364,0,Calm/Bull,1.0
2020-01-24,sp500,-0.0090832894261937,0.0050759290404408,0.0044391045159198,0.0156730004530218,1.0826147704678215,-0.0012909412116509,0.0011059163576669,1.1434578803533753,0,Calm/Bull,0.993
2020-01-27,sp500,-0.015855752356844,0.0062372913181431,0.0049575934695667,0.0075070518326636,1.0917512161995413,-0.0052330363325167,5.737561932200475e-05,1.258128839412128,0,Calm/Bull,0.9694
2020-01-28,sp500,0.0100033835003525,0.0066218352368979,0.0050823945984886,0.0099382397781612,0.9908428464332047,-0.0027012595585291,0.0005558455873567,1.3028967170056196,0,Calm/Bull,0.981
2020-01-29,sp500,-0.0008672501435846,0.0064627226667644,0.0050594660867226,0.0065925578202494,1.001980304383262,-0.0029325164465823,0.0008023628841449,1.2773527000653926,0,Calm/Bull,0.9967
2020-01-30,sp500,0.003129456930211,0.0064661294926886,0.0049456147597709,0.0131286017538755,1.0419020350673491,-0.0025346902992117,0.000811751198446,1.3074470630599828,0,Calm/Bull,0.9727
2020-01-31,sp500,-0.0178644435713629,0.0074414521276693,0.0055079106908842,0.0209734077217745,1.227094579905605,-0.0042909211282456,-0.0004986657482379,1.351048073452823,2,Stress/Bear,0.7881
2020-02-03,sp500,0.0072284257612325,0.0074629426455858,0.005563872062061,0.0100895159268675,1.0149167768836718,0.0003259144953697,0.0002170010080713,1.341321756205405,0,Calm/Bull,0.9975
2020-02-04,sp500,0.014869315917506,0.0081289469167479,0.0058478770777706,0.0079784975548475,1.0744607568054356,0.0012991009788004,0.000784109544233,1.3900680210342218,0,Calm/Bull,0.9908
2020-02-05,sp500,0.0111877786589729,0.0084013214837101,0.005986785076622,0.0071461150942719,1.0978343936150292,0.0037101067393119,0.0014838572314114,1.4033110218899798,0,Calm/Bull,0.9964
2020-02-06,sp500,0.0033201550570019,0.0083751056904019,0.0059903174129065,0.0040558758318091,1.033235372333533,0.0037482463646701,0.0014053413099794,1.3981071641307632,0,Calm/Bull,0.9976
2020-02-07,sp500,-0.0054154910094583,0.0084125221384428,0.0060386531146937,0.0057997256113218,0.99125900023521,0.006238036877051,0.0008029060536612,1.3931123345987149,0,Calm/Bull,0.9921
2020-02-10,sp500,0.0072996901205732,0.0084861390227319,0.0060888771864964,0.0102891000331314,0.9162470842456056,0.0062522897489191,0.0013108536840651,1.393711642197687,0,Calm/Bull,0.9946
2020-02-11,sp500,0.0016870486860021,0.0083829703012607,0.0060884536474036,0.0068229951930236,0.9917007319411,0.0036158363026183,0.0010476064160685,1.3768636154166198,0,Calm/Bull,0.9993
2020-02-12,sp500,0.006441853105203,0.0084435305936888,0.0061231408993818,0.003476897178467,1.0326576595805883,0.0026666511918643,0.0014454831131735,1.3789541564430052,0,Calm/Bull,0.9981
2020-02-13,sp500,-0.0016317763599886,0.0084705341104276,0.0060808388344863,0.0072823075650642,0.922363215705275,0.0016762649084662,0.0012704717829897,1.3929877671462916,0,Calm/Bull,0.9991
2020-02-14,sp500,0.0018418360984854,0.0083085495291251,0.0060803148665266,0.0043015831914965,0.9024094466808013,0.003127730330055,0.0009459762168023,1.3664669859229417,0,Calm/Bull,0.9992
2020-02-18,sp500,-0.0029242139861477,0.0083219044306299,0.0061001892046034,0.0057561521764893,0.9893607577747876,0.0010829495087108,0.0006070293551207,1.364204314244861,0,Calm/Bull,0.9993
