Date,market,log_return,volatility_20,volatility_60,range_pct,volume_ratio,return_ma5,return_ma20,volatility_ratio,gmm_regime,gmm_regime_label,gmm_regime_prob
2014-03-27,bist100,-0.010126203568798,0.0162022935737439,0.0158241193239748,0.016762626498022,1.8789504449628245,0.0054028092552859,0.0040924044657487,1.0238985969472667,2,Stress/Bear,0.9997
2014-03-28,bist100,0.0303902447501632,0.0171577373978974,0.0161697755952532,0.0287527028595074,1.812054888725685,0.0135819066066872,0.004989298415569,1.0610992896484144,2,Stress/Bear,0.999
2014-03-31,bist100,0.0089158877526047,0.0159436818911903,0.0157257861569751,0.0250042580066717,1.800448287127993,0.0180743055958436,0.0065375074328828,1.0138559517495758,2,Stress/Bear,0.9955
2014-04-01,bist100,0.0159484178655023,0.0151740018329533,0.0158203123251883,0.0214389191206226,1.4116526944568293,0.01819243353182,0.0058523718022044,0.9591467931258206,1,Transition,0.504
2014-04-02,bist100,-0.0029595277768511,0.0152994755853584,0.0156264084348554,0.0152955872561222,1.546393506670493,0.0084337638045242,0.0053770549724601,0.9790781835211864,2,Stress/Bear,0.5144
2014-04-03,bist100,0.0126140324087461,0.0153682246424138,0.0155812406883552,0.0176085866397402,1.4353719471662216,0.012981811000033,0.0055687590581176,0.9863286852310406,1,Transition,0.8312
2014-04-04,bist100,0.0144054960194076,0.0147433419058836,0.0154327287036295,0.0184713669845884,1.08597446288665,0.0097848612538819,0.0070035970197426,0.95532955895325,1,Transition,0.9756
2014-04-07,bist100,-0.0012931418927302,0.0145710747478579,0.0154351185174047,0.0114721016227691,0.845607871945603,0.0077430553248149,0.0072286261308855,0.9440209177161528,1,Transition,0.9884
2014-04-08,bist100,0.0199057234793248,0.0148330950669385,0.0156251344910523,0.0114719110852192,1.0511039187049445,0.0085345164475794,0.0079583235843874,0.9493099131679588,1,Transition,0.9724
2014-04-09,bist100,-0.0207406576710505,0.0161435590587266,0.0158840142907722,0.0212776338776295,0.9919292990583984,0.0049782904687395,0.0067685088563174,1.0163399983910333,1,Transition,0.7225
2014-04-10,bist100,0.0099135860163242,0.0161062054466383,0.015701086284675,0.0122310096943102,0.8617976542249457,0.0044382011902552,0.0071956290507028,1.0258019830359602,1,Transition,0.9743
2014-04-11,bist100,-0.0056742881293509,0.0162632249433235,0.0155158576950369,0.0105449737065844,0.759025170555793,0.0004222443605034,0.0069644307587835,1.048167962285812,1,Transition,0.9474
2014-04-14,bist100,0.0141780495435041,0.0162575480992024,0.0155991182781888,0.0208987743745127,0.8587714373603003,0.0035164826477503,0.0069524820817128,1.0422094255118368,1,Transition,0.8849
2014-04-15,bist100,-0.0182875802671344,0.0168239626698177,0.0157903676776714,0.0276624577367766,1.3545246734294256,-0.0041221781015415,0.0049779699478303,1.065457310003487,2,Stress/Bear,0.7784
2014-04-16,bist100,-0.0005329954562822,0.0168094005751153,0.0156813183179098,0.0177516922943333,0.9172200930600988,-8.064565858785909e-05,0.005017245282367,1.0719379732198409,1,Transition,0.9793
2014-04-17,bist100,0.015927806630504,0.0168540001245268,0.0152758402732505,0.0129061662167249,0.8223155269315684,0.001122198464248,0.0059862549774555,1.1033108374430876,1,Transition,0.9417
2014-04-18,bist100,-0.0011670139961863,0.0164986901280081,0.0151108487300992,0.0080325668760327,0.4110541366834553,0.002023653290881,0.0064531663779884,1.091844040179191,1,Transition,0.7066
2014-04-21,bist100,-0.0003988918652572,0.0159113763308739,0.015114545417068,0.006822652502696,0.6223176634579936,-0.0008917349908712,0.0071105271443844,1.0527194759629424,1,Transition,0.888
2014-04-22,bist100,-0.0037744483637643,0.0159644827426223,0.0149471976648758,0.0072789628455997,0.6782397714438536,0.0020108913898027,0.0061539158169152,1.0680585819867088,1,Transition,0.9586
2014-04-24,bist100,-0.010699329867302,0.0133617022333635,0.0146706320296356,0.0146357733820956,0.8216239193515602,-2.237549240118042e-05,0.0033272582805686,0.9107789089367176,1,Transition,0.9957
2014-04-25,bist100,-0.0139465228968193,0.013589517599842,0.0147916060589845,0.020399678085214,0.7938962126476926,-0.0059972413978658,0.0031362423141676,0.9187317148422598,1,Transition,0.9927
2014-04-28,bist100,0.014045923311744,0.0122940045975679,0.0147238363008877,0.0188955097272256,0.8770107605381309,-0.0029546539362797,0.0023190262422466,0.8349729205306836,1,Transition,0.9981
2014-04-29,bist100,-0.0011539565579302,0.012215566797236,0.0147140559227161,0.0111858286615991,0.8115916010405951,-0.0031056668748143,0.0018155340267199,0.8301971163761325,1,Transition,0.9993
2014-04-30,bist100,0.0212955527597624,0.0125938257701255,0.014795258701808,0.0252683560654952,1.2093841985114604,0.0019083333498909,0.0020828907714329,0.8512068645738863,1,Transition,0.9738
2014-05-02,bist100,0.0172800803174717,0.012974734560775,0.014880753019931,0.0126399199870196,1.2095604079580995,0.0075042153868457,0.003094871176149,0.8719138435667153,1,Transition,0.9955
2014-05-05,bist100,-0.005313587783898,0.0129015477952532,0.0143824700744114,0.0144287446941498,0.9803158013111866,0.0092308024094299,0.0021984901665168,0.8970328273588464,1,Transition,0.9962
2014-05-06,bist100,0.0057286388130398,0.0126120980761705,0.0143873530573323,0.0062562129062203,0.9291602424291326,0.0075673455096891,0.0017646473061984,0.8766100356272895,1,Transition,0.9932
2014-05-07,bist100,-0.0029715884709428,0.0126390712832985,0.0143295648726793,0.0119532888947182,1.0228856553963026,0.0072038191270866,0.0016807249772878,0.8820275699645341,1,Transition,0.994
2014-05-08,bist100,0.0108061563065866,0.0121008028345918,0.0143680469876605,0.0101964335074526,1.1769988643403284,0.0051059398364514,0.0012257466186509,0.8422023428086048,1,Transition,0.9973
2014-05-09,bist100,-0.0028901241369647,0.0110039336336875,0.0143858861874977,0.0094371840917285,0.8997670346176677,0.0010718989455641,0.0021182732953552,0.7649117677053948,1,Transition,0.9999
2014-05-12,bist100,0.0049189107422541,0.0108736133623266,0.0142651532992423,0.0113767754183009,0.9295170283848216,0.0031183986507946,0.0018685395316517,0.7622500182247731,1,Transition,0.9999
2014-05-13,bist100,-0.00209741004963,0.0107719633347819,0.014151490756731,0.0119536154036244,0.916154399080545,0.0015531888782606,0.0020473834356377,0.7611892994141493,1,Transition,0.9999
2014-05-14,bist100,0.0035739073453341,0.0103979337802484,0.0141092831963658,0.0065012489158966,0.9372159360741084,0.002862288041516,0.0015171763257292,0.7369569123771416,1,Transition,0.9999
2014-05-15,bist100,-0.010833287778599,0.0097650040211668,0.013830433790937,0.0204737291158162,0.9543228791222718,-0.001465600775521,0.001889890950156,0.7060518974875418,1,Transition,0.9998
2014-05-16,bist100,-0.0029167008119628,0.0098105732715236,0.0137225554384974,0.0100681405096839,0.8413396424593741,-0.0014709161105207,0.001770705682372,0.7149232018404428,1,Transition,1.0
2014-05-20,bist100,0.0032741924993429,0.0092410152046159,0.0137204450589503,0.0103116337272662,0.7403112870259615,-0.0017998597591029,0.0011380249758139,0.6735215340983224,1,Transition,1.0
2014-05-21,bist100,0.0158108258040722,0.0097820899862857,0.0138231409275517,0.0154667923120843,0.9603602646000636,0.0017817874116375,0.0019869169658268,0.7076604396608925,1,Transition,0.9999
2014-05-22,bist100,0.0205653516887166,0.0106018558034871,0.0140068785271882,0.0243392069623267,1.524471289755739,0.0051800762803139,0.0030351291435255,0.7569035301411522,1,Transition,0.9288
2014-05-23,bist100,0.000222944161153,0.0105039507962683,0.0131978118029931,0.0100627231294462,0.9645818977496964,0.0073913226682644,0.0032349987697714,0.7958857841787229,1,Transition,0.9976
2014-05-26,bist100,0.0069269541519584,0.0100006773187457,0.0130772785177292,0.0109143457045506,0.75279862455919,0.0093600536610486,0.0041163129707344,0.7647368911801903,1,Transition,0.9994
2014-05-27,bist100,-0.0137061895510643,0.0099779495267137,0.0132772853216567,0.0185018120169043,1.0122375795347665,0.0059639772509671,0.0041283296380222,0.7515052425994488,1,Transition,0.999
2014-05-28,bist100,0.0059435839900442,0.0097151107135566,0.0132317868339728,0.0213783125636117,1.3651335828757745,0.0039905288881616,0.0037232126719372,0.7342251530694932,1,Transition,0.9982
2014-05-29,bist100,0.0165883149191985,0.010050579490059,0.0128944532347771,0.012238421981147,1.035931674808929,0.0031951215342579,0.0046103262457936,0.7794498383965619,1,Transition,0.9993
2014-05-30,bist100,-0.0001286214967857,0.009291705110614,0.0124690524630422,0.0108652511182553,1.0535710527512798,0.0031248084026702,0.0035391175329662,0.7451813309916129,1,Transition,0.9932
2014-06-02,bist100,-0.0081171320144674,0.009047195171476,0.0125581867762452,0.0172412923391116,0.9163174051411228,0.000115991169385,0.0022692569163692,0.7204220905990624,1,Transition,0.9996
2014-06-03,bist100,0.0021527747546415,0.0088701444087592,0.0125408120002321,0.0138457977495061,1.0108039976035674,0.0032877840305262,0.0026425750432962,0.707302239168803,1,Transition,0.9995
2014-06-04,bist100,-0.0055163980923238,0.0090193717983463,0.0123803128128879,0.0116426101778931,0.8290699480427909,0.0009957876140525,0.002080323198028,0.7285253559148462,1,Transition,0.9924
2014-06-05,bist100,0.0179324161278667,0.009595915944409,0.012453358609817,0.0206271503584552,1.2642917497113593,0.0012646078557862,0.0031255234279685,0.7705484315568103,1,Transition,0.9981
2014-06-06,bist100,0.0074231700579668,0.0094825487046174,0.0124600760745336,0.0082876357026611,1.0626405410081086,0.0027749661667367,0.0029563741155375,0.7610345753825897,1,Transition,0.9777
2014-06-09,bist100,0.0044207327059753,0.0093857289250878,0.0124594818390252,0.009967399141069,1.0700184753183992,0.0052825391108253,0.0033219169576845,0.7533001007867088,1,Transition,0.992
2014-06-10,bist100,0.0113061240875568,0.0095501545627564,0.0124889944860055,0.0111029993194116,0.9768668559461318,0.0071132089774083,0.0036412776249497,0.764685625688906,1,Transition,0.997
2014-06-11,bist100,-0.0330026436131285,0.0125551233947144,0.0133684584134423,0.042055074256183,1.5899577091129369,0.0016159598732474,0.0020960159467747,0.9391601489435684,2,Stress/Bear,0.9999
2014-06-12,bist100,0.0102447430723111,0.0126843955812878,0.0133225537497796,0.0270160901585269,1.3382720120791514,7.84252621363217e-05,0.0024295577331236,0.9520994112332034,1,Transition,0.9529
2014-06-13,bist100,-0.0103586012590501,0.0126586908090138,0.0132399052645719,0.0142498465839672,0.8902278390670874,-0.003477929001267,0.002453292059101,0.9561013131178976,1,Transition,0.9085
2014-06-16,bist100,-0.0174385158956339,0.0133789104496445,0.0134923796932144,0.0151432184686533,0.8289291231753929,-0.0078497787215889,0.0017272013049175,0.9915901237476354,1,Transition,0.9894
2014-06-17,bist100,0.0047538796874249,0.01339200031861,0.0134691028831538,0.013489725883788,1.006066149107394,-0.0091602276016153,0.0018011856643216,0.994275597624228,1,Transition,0.9802
2014-06-18,bist100,0.0009891035602632,0.0129796866926021,0.0133553826567606,0.0101494582940884,0.7870157217270151,-0.0023618781669369,0.0010600995521311,0.9718693223688092,0,Calm/Bull,0.5129
2014-06-19,bist100,0.0122737269102139,0.0124453036833915,0.0132230641034012,0.0051925165442608,0.8950376563860162,-0.0019560813993563,0.000645518313206,0.9411815284318492,1,Transition,0.8999
2014-06-20,bist100,-0.008339990123226,0.0126068500436411,0.0132197431215192,0.0070841004544689,0.5622820444135678,-0.0015523591721915,0.000217371598987,0.9536380493747644,1,Transition,0.5492
2014-06-23,bist100,0.0117393699696285,0.0127863016206531,0.0120359504318882,0.0115434701735852,0.7947889312791054,0.0042832180008609,0.0004579923898705,1.0623424957597791,0,Calm/Bull,0.9451
2014-06-24,bist100,-0.0043003715117569,0.0124052093893251,0.0119544905406211,0.0135644702957588,0.856589937273138,0.0024723677610245,0.0009282832918359,1.037702890572585,0,Calm/Bull,0.9322
2014-06-25,bist100,0.0001493589024951,0.0123494513190702,0.0113928814232691,0.0141536544961514,0.7623913194793015,0.0023044188294709,0.0006385720374585,1.0839620689676746,0,Calm/Bull,0.9799
2014-06-26,bist100,-0.0113786853689051,0.0120275616203195,0.0114917608529675,0.0204126000624545,0.6957020149184934,-0.0024260636263529,-0.0007597779769466,1.0466247752809394,0,Calm/Bull,0.6446
2014-06-27,bist100,0.0047044220322845,0.0120893031008752,0.0113493961983506,0.0096123856154501,0.447981637669793,0.0001828188047492,-0.0005181258004931,1.065193503653715,0,Calm/Bull,0.9945
2014-06-30,bist100,0.0002115379986906,0.0119564845133514,0.0113346980161346,0.0114768223198753,0.6701858661988213,-0.0021227475894383,-0.0001016922998352,1.0548569089649895,0,Calm/Bull,0.9856
2014-07-01,bist100,-0.0177644447358672,0.0125724183009504,0.011518374936979,0.0241159287031003,0.9266125040575912,-0.0048155622342604,-0.0010975532743606,1.0915097285631417,1,Transition,0.8728
2014-07-02,bist100,-0.0035754880674178,0.0125439730788903,0.0114035800197253,0.0176503041971138,1.0024934849642997,-0.005560531628243,-0.0010005077731154,1.1000030742268982,0,Calm/Bull,0.8912
2014-07-03,bist100,0.00902701582857,0.0119820134190069,0.0114469491906234,0.0141703777030155,1.0351249855955946,-0.0014793913887479,-0.0014457777880802,1.0467429547797638,0,Calm/Bull,0.937
2014-07-04,bist100,8.132117550826465e-05,0.0118071854215314,0.0111784884609369,0.0052454355130799,0.7801822722899674,-0.0024040115601032,-0.0018128702322031,1.0562416790777631,0,Calm/Bull,0.9153
2014-07-07,bist100,0.0181016993535248,0.0125596613216226,0.0110342742587525,0.0220453691025914,1.1121523536928657,0.0011740207108635,-0.0011288218998256,1.1382408146743437,1,Transition,0.6777
2014-07-08,bist100,0.0042934987231272,0.0122892156215527,0.0109848426604273,0.0081787794197431,0.9461712718929874,0.0055856094026625,-0.0014794531680471,1.1187429808006628,0,Calm/Bull,0.97
2014-07-09,bist100,0.0021165435150564,0.0098060759423299,0.0109464619026885,0.008686280198558,0.971553810896838,0.0067240157191573,0.000276506188362,0.895821501915748,0,Calm/Bull,0.8666
2014-07-10,bist100,-0.0114829253258269,0.0098470868965328,0.0109429608297339,0.0171850031228083,1.1376374029322267,0.0026220274882779,-0.0008098772315448,0.8998558113976438,1,Transition,0.5591
2014-07-11,bist100,0.0102941369339772,0.0098758917169691,0.0107066448259165,0.0097827469581236,0.8547033817981121,0.0046645906399717,0.0002227596781065,0.9224077082545484,0,Calm/Bull,0.9664
2014-07-14,bist100,0.0157167327416705,0.0095319698292625,0.010858230901251,0.0127212009593781,1.027227199651761,0.0041875973176009,0.0018805221099717,0.8778566154974957,0,Calm/Bull,0.7415
2014-07-15,bist100,0.007703855496619,0.009601344307724,0.0107279017024327,0.0101630771130857,1.1589434030531098,0.0048696686722992,0.0020280209004314,0.894988094973575,0,Calm/Bull,0.941
2014-07-16,bist100,0.0125421139003076,0.0098790678171159,0.0108124201777599,0.0138799048335993,1.138910471988296,0.0069547827493495,0.0026056714174337,0.9136777571256568,0,Calm/Bull,0.5611
2014-07-17,bist100,-0.0059407695588674,0.0097799623291631,0.0108558376605879,0.0147647397384099,1.3023929839574169,0.0080632139027414,0.0016949465939796,0.900894305436162,1,Transition,0.7828
2014-07-18,bist100,0.0064754535115774,0.0095379685109544,0.0108474042999105,0.0167735699303354,0.9723148173737244,0.0072994772182614,0.0024357187757198,0.8792857947622656,1,Transition,0.8285
2014-07-21,bist100,-0.0005371321854771,0.0092997688569028,0.010724995109483,0.0094591669143341,0.915224118729957,0.0040487042328318,0.0018218936679645,0.8671117107251605,0,Calm/Bull,0.9598
2014-07-22,bist100,0.0031577586905319,0.0091902394853583,0.0105156548010945,0.008092828392827,1.0552378661203676,0.0031394848716144,0.0021948001780789,0.8739578903257382,0,Calm/Bull,0.9756
2014-07-23,bist100,0.0039193968248328,0.0091847392836157,0.0104065492551572,0.0081950958340092,1.0766633364302434,0.0014149414565195,0.0023833020741958,0.8825922078890801,0,Calm/Bull,0.9785
2014-07-24,bist100,0.0116404239871785,0.0088038188974482,0.0104665622196412,0.0102452597488554,1.4882292490063425,0.0049311801657287,0.003534257542,0.8411375877484668,0,Calm/Bull,0.7139
2014-07-25,bist100,0.0046809667205643,0.0088036563752633,0.0101755720219436,0.0102519864179425,1.015750203915646,0.004572282807526,0.003533084776414,0.8651755750220415,0,Calm/Bull,0.9275
2014-07-31,bist100,-0.0247778537658064,0.0108381296429911,0.0105594528851452,0.0267721554487328,1.157210992453454,-0.0002758615085397,0.0022836151881891,1.0263912118248004,1,Transition,0.7419
2014-08-01,bist100,-0.0007670552645826,0.0098000331633657,0.010526108532122,0.0199528720552283,1.0658683514767462,-0.0010608242995626,0.0031334846617533,0.9310214818191742,1,Transition,0.8034
2014-08-04,bist100,-0.0024465983590168,0.0097625375311564,0.0105241384536132,0.0133711431494514,0.8529989271799497,-0.0023340233363326,0.0031899291471734,0.9276329434648124,0,Calm/Bull,0.8076
2014-08-05,bist100,-0.0153987931625953,0.0104942933134794,0.0107323244387527,0.0287420077308271,1.0726471396814328,-0.0077418667662873,0.0019686386976151,0.9778211023500366,1,Transition,0.9161
2014-08-06,bist100,-0.0151132931842788,0.0111665861176824,0.0108606496032107,0.0189482668784571,1.3624576506582269,-0.011700718747256,0.0012089079796258,1.0281692647906857,1,Transition,0.5309
2014-08-07,bist100,-0.0074428064114103,0.0105780804589191,0.0109025777044032,0.0159722958189579,1.0653337622077983,-0.0082337092763767,-6.831730862093556e-05,0.9702366491409632,0,Calm/Bull,0.8181
2014-08-08,bist100,0.0045064532014886,0.0105828081945171,0.0109000075348928,0.0216417111611232,1.073107014276665,-0.0071790075831625,-5.766958470286546e-05,0.9708991632014712,1,Transition,0.6241
2014-08-11,bist100,-0.0246460988128691,0.0119030567821963,0.0113764455704988,0.0421426022919475,1.3385412092012234,-0.011618907673933,-0.0013958017010991,1.0462896085103337,2,Stress/Bear,0.996
2014-08-12,bist100,0.0071682863651815,0.0118013661362459,0.0114032726762654,0.0143805965584253,0.9464854112058202,-0.0071054917683776,-0.0004632411165487,1.0349104569611072,0,Calm/Bull,0.7068
2014-08-13,bist100,-0.0026838291938786,0.0115324737374611,0.0113155780226679,0.0188640936626068,1.1773589164529212,-0.0046195989702975,-0.0011121394229415,1.0191678864622506,0,Calm/Bull,0.914
2014-08-14,bist100,-0.0006276265449852,0.0108351959882472,0.0113076461951838,0.0160669007005673,1.006446420326848,-0.0032565629970125,-0.0019293573872743,0.9582185187985648,0,Calm/Bull,0.8978
2014-08-15,bist100,-0.0113807618386655,0.0107824103707613,0.0114058626117073,0.020673740349014,0.9312826137707424,-0.0064340060050434,-0.0028835882540385,0.945339316966162,1,Transition,0.6623
2014-08-18,bist100,0.008439778858167,0.0105090737556441,0.0112750792599484,0.0126128669930694,0.9668166534698828,0.0001831695291638,-0.0030887050061455,0.9320620736543036,1,Transition,0.5671
2014-08-19,bist100,0.0246956479738297,0.0121726148364417,0.0114133325056168,0.022344853837558,1.2411962992920995,0.0036886418508934,-0.0015568841295107,1.0665259099786426,1,Transition,0.8467
2014-08-20,bist100,-0.0051725361870273,0.012046072073918,0.0114348739134976,0.0161691180362874,1.1521147276210804,0.0031909004522637,-0.0021392836144409,1.053450362902462,0,Calm/Bull,0.7418
2014-08-21,bist100,0.0011481251105548,0.0120637503074002,0.0114012952933604,0.0067809041329193,0.8148671722454379,0.0035460507833717,-0.0020550207496393,1.0581034871034012,0,Calm/Bull,0.9146
2014-08-22,bist100,-0.0003534084604697,0.0120093239177323,0.0112571442191523,0.0106804512333474,0.7357577251107026,0.0057515214590108,-0.0022305791071894,1.0668179854443267,0,Calm/Bull,0.8798
2014-08-25,bist100,0.0042075774589958,0.0120172614050345,0.0112446105207167,0.0056156176482523,0.6395521463956275,0.0049050811791766,-0.0022161700754812,1.0687129965857245,0,Calm/Bull,0.9263
2014-08-26,bist100,0.0186473739576385,0.0125335429213641,0.0112982752447019,0.0174506064109158,0.8385894248258942,0.0036954263759384,-0.0018658225769582,1.1093324113555727,0,Calm/Bull,0.5443
2014-08-27,bist100,-0.0035591197915234,0.0124421104131689,0.0113091706718784,0.0118570578279602,0.9226854471726528,0.0040181096550391,-0.0022778269025626,1.1001788525579197,0,Calm/Bull,0.8977
2014-08-28,bist100,0.0045913352928708,0.0113302641680972,0.0112688250771619,0.0076115308992592,0.7977545499222889,0.0047067516915023,-0.0008093674496288,1.005452129260556,0,Calm/Bull,0.9703
2014-08-29,bist100,-0.0065132020374822,0.0114017631711441,0.0113022152446045,0.0163486491818607,0.8770434797368373,0.0034747929760998,-0.0010966747882737,1.0088078243410838,0,Calm/Bull,0.813
2014-09-01,bist100,0.0063523661617648,0.0115161184373603,0.0113023218966786,0.0101676837522085,0.6298870946720719,0.0039037507166537,-0.0006567265622346,1.018916161000914,0,Calm/Bull,0.9869
2014-09-02,bist100,-0.0014201777854503,0.0109863143073327,0.0110704860772508,0.0113245735456752,0.8319161077704249,-0.000109759631964,4.220420662254768e-05,0.992396741269471,0,Calm/Bull,0.9889
2014-09-03,bist100,0.00719005482081,0.0104876208725382,0.0110679445544585,0.0081053386186642,1.0426658549685204,0.0020400752905026,0.0011573716068769,0.9475671675924217,0,Calm/Bull,0.9778
2014-09-04,bist100,0.011419081090833,0.0105215686226347,0.0111499172979368,0.0141769084646733,1.1962883080122284,0.003405624450095,0.0021004659819891,0.943645440722828,0,Calm/Bull,0.8275
2014-09-05,bist100,-0.0004001739733629,0.0105197193166219,0.0110561097238771,0.0082269658804582,0.921650449186727,0.0046282300629189,0.0018551346232465,0.951484706587453,0,Calm/Bull,0.9779
2014-09-08,bist100,7.782002356193876e-05,0.0085004806703995,0.0101660750253765,0.0072031955460165,0.911230489114661,0.0033733208352783,0.0030913305650681,0.8361615125976035,0,Calm/Bull,0.9714
2014-09-09,bist100,-0.0261206417358429,0.0106479930931812,0.0106569763019343,0.0283379838981972,1.216385134135339,-0.0015667719548001,0.0014268841600169,0.9991570583907984,1,Transition,0.7376
2014-09-10,bist100,-0.0066353198818935,0.010764307094181,0.0106060516921772,0.0162199703671331,1.2052613898692457,-0.0043318468953408,0.0012293096256161,1.014921236158083,0,Calm/Bull,0.9443
2014-09-11,bist100,-0.007370865629151,0.010929865111949,0.0104013270157918,0.0183825887984234,1.0338727919558064,-0.0080898362393377,0.0008921476714078,1.050814486974087,0,Calm/Bull,0.7006
2014-09-12,bist100,-0.0146136897967641,0.0111427606248947,0.0105594893223668,0.0206385177455974,0.9653470579741624,-0.0109325394040179,0.0007305012735029,1.0552366960864703,1,Transition,0.8839
2014-09-15,bist100,0.0012495628900977,0.0109959625995693,0.0105599737877918,0.0111515447945697,0.8761285868726401,-0.0106981908307107,0.0003709904750994,1.0412869217801994,1,Transition,0.6582
2014-09-16,bist100,0.0091535513210688,0.009653685553349,0.0105058640170978,0.0179374661629186,1.1530714151075507,-0.0036433522193284,-0.0004061143575385,0.918885446988282,0,Calm/Bull,0.8367
2014-09-17,bist100,0.0042321400937569,0.0096383321362286,0.010463808060439,0.0089947762667755,0.9740767384149606,-0.0014698602241983,6.411945650064933e-05,0.9211113277840646,0,Calm/Bull,0.9858
2014-09-18,bist100,-0.0188124857414516,0.0105138538611505,0.0106308386479938,0.0161595590371635,1.2586680297302038,-0.0037581842466584,-0.0009339110860996,0.9889957141936874,0,Calm/Bull,0.9122
2014-09-19,bist100,-0.0074408954305123,0.010612241133515,0.0106581193938989,0.0178506916350527,1.0078722888840368,-0.0023236253734081,-0.0012882854346018,0.9956954638348136,0,Calm/Bull,0.9511
2014-09-22,bist100,-0.0006762679507431,0.0105350318731502,0.010657876781904,0.0122441133474937,0.896007293284686,-0.0027087915415762,-0.0015324777050887,0.9884737916127488,0,Calm/Bull,0.9836
2014-09-23,bist100,-0.0026181793587754,0.0094035048948895,0.0105652975818412,0.0147961615002699,0.9588485967263076,-0.0050631376775451,-0.0025957553709094,0.8900369177534058,0,Calm/Bull,0.82
2014-09-24,bist100,-0.0194379945932018,0.0101312912867996,0.0108275933379233,0.0278126094804066,1.1683517897430291,-0.0097971646149369,-0.0033896991109933,0.9356918911347568,1,Transition,0.9653
2014-09-25,bist100,-0.0080423633869184,0.0100004948751598,0.0108680251788973,0.0168199085581024,1.0660914316329035,-0.0076431401440302,-0.0040213840449828,0.9201759022953008,1,Transition,0.6312
2014-09-26,bist100,0.0005588872334464,0.0100327281879103,0.0106396923185679,0.0176559677133251,1.2925998079317664,-0.0060431836112385,-0.0036677795814364,0.9429528493414912,0,Calm/Bull,0.6776
2014-09-29,bist100,0.0001781859732284,0.0098004811059135,0.0106325964472043,0.0106811298159279,0.9890036406464616,-0.0058722928264441,-0.0039764885908632,0.9217392153061866,1,Transition,0.6353
2014-09-30,bist100,0.0039055641719099,0.0099448823725981,0.0105753757593324,0.0094465237261829,1.072940481054251,-0.0045675441203071,-0.0037102014929952,0.9403809943889752,1,Transition,0.522
2014-10-01,bist100,-0.0105076658583924,0.009708494628069,0.010652456629047,0.0142271117879067,1.0323908203473144,-0.0027814783733452,-0.0045950875269553,0.9113855109811996,1,Transition,0.8672
2014-10-02,bist100,-0.004006398697748,0.0089526184867156,0.0103681380219709,0.0146728765983096,0.9884790261931748,-0.0019742854355111,-0.0053663615163843,0.8634740845216591,1,Transition,0.9879
2014-10-03,bist100,0.007101835990617,0.0093212182970702,0.0103992435919686,0.0113532574469263,0.4185216820929818,-0.0006656956840769,-0.0049912610181853,0.8963361820151076,1,Transition,0.9452
2014-10-08,bist100,-0.0195610070363146,0.0097821395794949,0.0106601406249507,0.0105876495690737,1.023601508319681,-0.0046135342859856,-0.0059732023711792,0.917637010960174,1,Transition,0.9898
2014-10-09,bist100,0.0305724618861813,0.0116688422360028,0.011348075592455,0.0189408971617789,1.5124622329546995,0.0007198452568686,-0.003138547190078,1.0282661708528889,2,Stress/Bear,0.865
2014-10-10,bist100,-0.0230525686491351,0.0124772218399117,0.0116127618679201,0.0143169178443792,0.9608670551826652,-0.0017891353012798,-0.00395940962844,1.074440514825303,1,Transition,0.8896
2014-10-13,bist100,0.0218244992809963,0.0137045779750274,0.0117897070798698,0.0234399573377224,1.1955159070318149,0.0033770442944689,-0.0024996413829327,1.1624188694583562,1,Transition,0.7861
2014-10-14,bist100,-0.0057288693488214,0.0134325301033329,0.0117456263838972,0.0213533380383485,1.5275562872997863,0.0008109032265812,-0.0020554003605355,1.1436197325115325,0,Calm/Bull,0.3773
2014-10-15,bist100,0.0022655476237917,0.013447599341045,0.0116130114284781,0.0143061894392703,1.3127362132896745,0.0051762141586025,-0.0020046011238508,1.157976931639627,0,Calm/Bull,0.6213
2014-10-16,bist100,-0.0037489232232005,0.0131911757463328,0.0116024851501384,0.0237490843764962,1.2593947770915626,-0.0016880628632738,-0.0026497248510643,1.1369267510913772,1,Transition,0.5859
2014-10-17,bist100,0.0127562541914898,0.0135578416480637,0.0117038958338412,0.0157679282377572,1.189302255361988,0.0054737017048511,-0.0022235191461777,1.1584041622159635,1,Transition,0.6257
2014-10-20,bist100,0.0105108477578526,0.0132515415712906,0.0118047001365727,0.0077098554773917,0.9387880495654372,0.0032109714002224,-0.0007573524712124,1.122564861282276,0,Calm/Bull,0.9168
2014-10-21,bist100,0.0170704650518336,0.0137258586497946,0.0120272687041224,0.0178311517579685,1.1069492325886348,0.0077708382803534,0.0004682155529048,1.141228236223735,1,Transition,0.8702
2014-10-22,bist100,0.0055892425836899,0.0137697933364756,0.0120408090836979,0.0082082032785911,1.1355634642536194,0.0084355772723331,0.0007814910796264,1.1435936938090452,0,Calm/Bull,0.6501
2014-10-23,bist100,0.017946230869062,0.0142615839280585,0.0121796318419867,0.0231979455700759,1.326731914378283,0.0127746080907856,0.0018097115910183,1.1709371935935449,1,Transition,0.6634
2014-10-24,bist100,-0.0009766488464956,0.0133844380741648,0.012157699125086,0.0120440722679689,1.0736511916259528,0.0100280274831885,0.0027327788783536,1.1009022296453732,1,Transition,0.7883
2014-10-27,bist100,-0.0022905747021152,0.013201269287789,0.0117514097854025,0.0185764611986619,0.9922749573499872,0.0074677429911949,0.0030203683125938,1.12337749502936,1,Transition,0.9312
2014-10-28,bist100,0.0044539877920978,0.0131917727364178,0.0117694944587424,0.0082260407341856,0.4239058378522659,0.0049444475392477,0.0032151233405263,1.1208444664009312,0,Calm/Bull,0.9507
2014-10-30,bist100,0.003881242179392,0.0131728780077375,0.0117802519133691,0.0115772347587773,1.080310808304822,0.0046028474583882,0.0034002761508345,1.1182170045776307,0,Calm/Bull,0.6073
2014-10-31,bist100,0.008488362480455,0.0132218972872646,0.0116682530128617,0.0094676547108992,1.1144940346096974,0.0027112737806668,0.0036294160662618,1.1331514043010793,1,Transition,0.4924
2014-11-03,bist100,-0.0068714761690377,0.0130410351305422,0.0115352260697009,0.0120858460698577,0.9891244497589274,0.0015323083161583,0.0038112255507295,1.1305400563233432,1,Transition,0.7004
2014-11-04,bist100,0.0029982385708912,0.0129134686930075,0.011497827535853,0.0111564289207754,1.028008415901077,0.0025900709707597,0.0041614574141615,1.1231224901173895,1,Transition,0.573
2014-11-05,bist100,-0.0164815782099865,0.01368455914787,0.0116853708633616,0.0257296288262503,1.173732186769494,-0.0015970422296571,0.0029822867041313,1.17108470992364,1,Transition,0.7405
2014-11-06,bist100,-0.0184810450031049,0.0135927461726479,0.0114909273719636,0.0266455714094588,1.3366219007901143,-0.0060694996661565,0.0030362848057918,1.1829111552660656,2,Stress/Bear,0.7306
2014-11-07,bist100,0.005756744359716,0.0119843342522666,0.0114775471127879,0.0122707796993831,0.9982736727562364,-0.0066158232903043,0.0017954989294685,1.044154655563481,1,Transition,0.642
2014-11-10,bist100,-0.0027539860782589,0.010541973276425,0.0114778316288431,0.0127458397942878,0.8632639965599601,-0.0057923252721486,0.0028104280580123,0.9184638368395032,1,Transition,0.7088
2014-11-11,bist100,0.0084536473404112,0.0096597451365856,0.0115288186735224,0.0097865835976597,0.9122763038489742,-0.0047012435182446,0.0021418854609831,0.8378781391341156,1,Transition,0.7104
2014-11-12,bist100,0.0250833996437919,0.0107355713246647,0.0118653532012473,0.0206431452577204,1.1413824927867966,0.003611752052511,0.0036824989106137,0.9047831229782658,1,Transition,0.9866
2014-11-13,bist100,0.005967658925307,0.0107417686126129,0.0118425951486491,0.0214514435873808,1.278490125080803,0.0085014928381934,0.0038676044756895,0.9070451601005844,1,Transition,0.9918
2014-11-14,bist100,0.0041397379862316,0.010591151419158,0.0114280438786166,0.0101599036438538,1.0181596617668678,0.0081780915634966,0.0042620375361611,0.9267685293872072,1,Transition,0.5287
2014-11-17,bist100,-0.0088034173819474,0.0107766577745335,0.0114676080585677,0.0164982727674094,1.1440916691538776,0.0069682053027588,0.0031840539574893,0.9397476543926736,1,Transition,0.9397
2014-11-18,bist100,0.0102590331930357,0.0107677905573703,0.0115385708707564,0.0096029124158913,0.9490979782596984,0.0073292824732838,0.0031714632292484,0.9331996724707414,0,Calm/Bull,0.792
2014-11-19,bist100,0.0016180499216623,0.0102604322798867,0.0115389255899606,0.0119762354421703,1.2514727646529318,0.0026362125288578,0.0023988424727398,0.889201702523654,0,Calm/Bull,0.8389
2014-11-20,bist100,0.0128107638583188,0.0105028188607886,0.0116384698317893,0.0159105794220411,1.1436051881475089,0.0040048335154602,0.0027599185364713,0.9024226562929464,1,Transition,0.7337
2014-11-21,bist100,0.0092875310833697,0.0100108148509728,0.0114546962564485,0.0084797026973903,1.0806804816431743,0.0050343921348878,0.0023269835471867,0.8739485209253972,0,Calm/Bull,0.8218
2014-11-24,bist100,-0.0003578555300223,0.0100010186171952,0.0114428537403999,0.0081427801420769,0.8184482614249401,0.0067235045052728,0.0023579232130103,0.873996893090208,0,Calm/Bull,0.8334
2014-11-25,bist100,0.0033395943281548,0.0099423530503919,0.0114365316351872,0.0136178530895767,1.2242097764125843,0.0053396167322967,0.0026394316645239,0.8693503736571592,0,Calm/Bull,0.515
2014-11-26,bist100,0.0084972404187753,0.0100219790415215,0.0114436657042184,0.0114431246449426,1.025455196641789,0.0067154548317192,0.0028415942958577,0.8757664983019531,0,Calm/Bull,0.5931
2014-11-27,bist100,0.0052707652458513,0.0100343742870777,0.0114356142313531,0.0100710687848686,0.918384445589356,0.0052074551092257,0.0029110704491807,0.8774670152449172,0,Calm/Bull,0.8224
2014-11-28,bist100,0.0173272064082172,0.0104777890667492,0.0116290102478733,0.0250927817745038,1.2189412552758816,0.0068153901741952,0.0033530126455688,0.9010043712589756,1,Transition,0.977
2014-12-01,bist100,-0.0002483697295832,0.0102395870531588,0.0116025043478829,0.0208329864628771,1.269849755467482,0.006837287334283,0.0036841679675415,0.882532490067735,1,Transition,0.9947
2014-12-02,bist100,-0.0144055680948194,0.011011374847739,0.0116868831408582,0.0178661789685656,1.0649776774958084,0.0032882548496882,0.002813977634256,0.9421994483064872,1,Transition,0.9372
2014-12-03,bist100,-1.150051205993501e-06,0.0100676223807947,0.0116864547005125,0.0129694942991928,0.8388710071475379,0.0015885767556919,0.003637999042195,0.8614778937493494,1,Transition,0.587
2014-12-04,bist100,0.0154137706786963,0.0089376705704599,0.011842771880882,0.0164981894777372,0.8676020523622381,0.0036171778422609,0.0053327398262851,0.7546941425839787,1,Transition,0.9996
2014-12-05,bist100,-0.0115960667603816,0.0097037861824275,0.0114242452718203,0.0187636348117747,0.931325340904262,-0.0021674767914588,0.0044650992702802,0.8494028228160871,1,Transition,0.9967
2014-12-08,bist100,-0.0049535937465192,0.0098018809429932,0.0114071436258285,0.0123699845904997,0.66670789229107,-0.0031085215948459,0.0043551188868672,0.8592756665918916,1,Transition,0.9246
2014-12-09,bist100,-0.0153425236227178,0.0106828609112108,0.0115526031150019,0.0201922683455802,0.8371648975062667,-0.0032959127004256,0.0031653103387107,0.9247146123576492,1,Transition,0.9874
2014-12-10,bist100,0.0071457427964942,0.0094247715449741,0.0113966832721239,0.0104248076278478,0.8302432436226597,-0.0018665341308856,0.0022684274963458,0.8269749470029572,0,Calm/Bull,0.6498
2014-12-11,bist100,0.0070111860154241,0.009449185575014,0.0114205123231285,0.0174803510853912,1.0398186923798132,-0.00354705106354,0.0023206038508517,0.8273871878652775,1,Transition,0.8707
2014-12-12,bist100,-0.017765833953147,0.0104443842456424,0.0116372414244332,0.0199409038350024,0.929091020767576,-0.0047810045020931,0.0012253252538827,0.8974965685350191,1,Transition,0.9255
2014-12-15,bist100,-0.0050833967815505,0.0102883440699789,0.0116547831383475,0.0086264053907091,0.7807624125035338,-0.0048069651090994,0.0014113262839026,0.8827572291866466,0,Calm/Bull,0.6509
2014-12-16,bist100,-0.044616053162038,0.0143285222294738,0.012809286484113,0.0547045820312075,1.3724703709721358,-0.0106616710169634,-0.001332428033851,1.118604244447576,2,Stress/Bear,1.0
2014-12-17,bist100,0.0203679501800227,0.0151230872523545,0.0130235350412482,0.0280820442072188,1.0166971513524263,-0.0080172295402577,-0.000394933020933,1.161212159713668,2,Stress/Bear,0.5538
2014-12-18,bist100,0.0293291529869919,0.0162884130479206,0.0135311445230905,0.0168410018136937,0.9501881722009284,-0.0035536361459442,0.0004309864355006,1.2037720105734555,1,Transition,0.7205
2014-12-19,bist100,0.0041654262724863,0.0161817497145874,0.0135259854324121,0.0144891126070338,0.9642657981721166,0.0008326158991824,0.0001748811949564,1.1963453454423638,1,Transition,0.9761
2014-12-22,bist100,0.0186138964396247,0.0166967512737004,0.0134222923252598,0.0211431835356934,0.7631659327000078,0.0055720745434175,0.0011234687934388,1.2439567600743069,1,Transition,0.8559
2014-12-23,bist100,-0.0077320287209385,0.0168026127993535,0.0134183881867925,0.0143322987614684,0.9336527405031604,0.0129488794316374,0.0005698876409841,1.252207982467818,1,Transition,0.7583
2014-12-24,bist100,0.0039418132527016,0.0167201698323802,0.0134190103172486,0.0045731080980632,0.5295432441542699,0.0096636520461732,0.0003421162826804,1.2460061835475589,1,Transition,0.6768
2014-12-25,bist100,3.3027897243165894e-05,0.0166798803568382,0.0134193817922417,0.0035473102783709,0.4096011094484549,0.0038044270282234,8.022941525003582e-05,1.2429693569402356,1,Transition,0.6811
2014-12-26,bist100,0.0014466879414918,0.0161863314913666,0.013417623596917,0.0039565468182511,0.3633514799135461,0.0032606793620245,-0.0007137965080862,1.2063486037189,1,Transition,0.7025
2014-12-29,bist100,-0.0100030953038897,0.0163180009293898,0.0134097502739563,0.0099664957951736,0.6094178674176995,-0.0024627189866783,-0.0012015327868015,1.216875825128657,1,Transition,0.966
2014-12-30,bist100,0.0051625088131905,0.0160693807034846,0.0133912379502242,0.0157978583421446,0.9624715439215376,0.0001161885201474,-0.000223128941401,1.199992171240269,1,Transition,0.9722
2014-12-31,bist100,0.013908473924364,0.0163775423428545,0.0134616763265587,0.0155143625925364,0.4779009550698757,0.0021095206544799,0.0004723522573774,1.216604971443496,1,Transition,0.797
2015-01-02,bist100,-0.0030634002114567,0.016007299715611,0.0131716146909098,0.0097263781225913,0.5671376807428596,0.0014902350327399,-0.0004515062871302,1.2152875779655303,1,Transition,0.9078
2015-01-05,bist100,0.0116763681061837,0.0160003997276544,0.0127102292983506,0.0160116256176691,1.1219401606270172,0.0035361710656783,0.000712115456198,1.2588600372245593,1,Transition,0.9589
2015-01-06,bist100,0.0051565411397713,0.0159716606837924,0.012269724947835,0.0153850011022394,1.1962487944511349,0.0065680983544105,0.0012176222005125,1.3017130173411622,1,Transition,0.9064
2015-01-07,bist100,-0.0015314554318987,0.0155098723617531,0.0120237752162291,0.0130012492436206,1.3397879632092864,0.0052293055053927,0.0019081756100535,1.2899336591737511,1,Transition,0.6298
2015-01-08,bist100,0.0104662971830562,0.0155864730550728,0.0120198623317074,0.0075117345403225,1.227689716264462,0.0045408701571311,0.0020742033293816,1.2967264203980888,1,Transition,0.5193
2015-01-09,bist100,-0.0004699374819012,0.0155514852863505,0.0120266278297643,0.0102535208678296,1.201607318258267,0.0050595627030422,0.0017001471545153,1.2930877637921667,1,Transition,0.7356
2015-01-12,bist100,0.0024647464128882,0.0148613266569106,0.0119974904191774,0.012539807092074,1.081527495639584,0.0032172383643831,0.0027116761728171,1.238702940171178,1,Transition,0.8623
2015-01-13,bist100,0.0050948523890987,0.0147542288296032,0.011929582544615,0.0082003802972754,1.2341956101595428,0.0032049006142486,0.0032205886313496,1.2367766243642186,1,Transition,0.6463
2015-01-14,bist100,-0.0085287151420378,0.0100541825326357,0.0119688927134774,0.0142833762060925,1.2826374686221358,0.0018054486722208,0.0050249555323496,0.8400261221586798,1,Transition,0.9862
2015-01-15,bist100,0.0020455384384356,0.009395769049085,0.0118104981471014,0.0106117237806231,1.377684669599026,0.0001212969232967,0.0041088349452702,0.7955438400700331,1,Transition,0.8619
2015-01-16,bist100,-0.0037268931964762,0.0074269357865483,0.0118242443320958,0.0114795694831537,1.06963187789727,-0.0005300942196182,0.0024560326360968,0.6281108185821771,1,Transition,0.9986
2015-01-19,bist100,0.0067278039865205,0.0074798882740792,0.01165338697472,0.0083801069831288,0.9002339335215246,0.0003225172951081,0.0025841515217985,0.6418638881816522,1,Transition,0.9942
2015-01-20,bist100,0.0134759059678655,0.0069713076955698,0.0117462184500865,0.0136917145208618,1.3129203875574145,0.0019987280108615,0.0023272519982106,0.5934937891026913,1,Transition,0.9999
2015-01-21,bist100,0.0123926051354342,0.0068949090659918,0.011809449186439,0.0079159162495654,1.2501436757592672,0.0061829920663559,0.0033334836910292,0.5838467956582879,1,Transition,1.0
2015-01-22,bist100,0.0065115976831492,0.0069306937589551,0.0118191453600838,0.0126773969418472,1.221059039922329,0.0070762039152986,0.0034619729125516,0.5863955089647835,1,Transition,1.0
2015-01-23,bist100,-0.0018355115242347,0.0069916751591464,0.0118285261508295,0.0115268781560008,1.080036847431279,0.0074544802497469,0.0033685459414777,0.5910859112955583,1,Transition,1.0
2015-01-26,bist100,0.0074313580199601,0.0070330385703366,0.0118196644370437,0.0122390909641448,0.8630134419274308,0.0075951910564348,0.0036677794454011,0.5950286158966245,1,Transition,1.0
2015-01-27,bist100,-0.0028790800418652,0.0064613831506377,0.0117794586772838,0.0130895014869807,0.9349249593301884,0.0043241938544887,0.0040239802085023,0.5485297183560934,1,Transition,1.0
2015-01-28,bist100,-0.0089095616101069,0.0070685332002499,0.0118652488833768,0.0169280941937667,1.0202367551921625,6.376050538048212e-05,0.0033203766873374,0.5957340861305416,1,Transition,1.0
2015-01-29,bist100,-0.019942578415054,0.008338501885605,0.0119644723176019,0.0190204402948107,0.9227525754733876,-0.0052270747142601,0.0016278240703665,0.6969385413962272,1,Transition,0.9998
2015-01-30,bist100,0.0043717779077179,0.0082839072396407,0.011664231985725,0.0159243901121836,0.8954668326497707,-0.0039856168278696,0.0019995829763253,0.7101974008900728,1,Transition,0.9896
2015-02-02,bist100,0.0085862193220864,0.0081211401224178,0.0116841732640326,0.0131943691814935,0.6935228008357521,-0.0037546445674443,0.0018450755371204,0.6950547496087802,1,Transition,0.9925
2015-02-03,bist100,-0.0248774839897131,0.0100292537131833,0.0121859834880108,0.0335055017615918,1.0726902192193926,-0.0081543253570139,0.0003433742806462,0.8230155344499384,1,Transition,0.8903
2015-02-04,bist100,-0.0184345681871651,0.0108723285809172,0.0124354347169387,0.0262695237291406,1.2413689597249544,-0.0100593266724256,-0.000501781357117,0.8743022522652658,1,Transition,0.9797
2015-02-05,bist100,-0.0014071271537169,0.010561636238195,0.0120490574474807,0.0158097345094966,1.12996313190719,-0.0063522364201581,-0.0010954525739557,0.8765528991982079,1,Transition,0.5143
2015-02-06,bist100,-0.0093912370974511,0.0107210180509312,0.0121065235522856,0.0178427409653739,1.008535304268129,-0.0091048394211919,-0.0015415175547332,0.8855571134545213,1,Transition,0.8224
2015-02-09,bist100,-0.0048726483056952,0.0107022347542302,0.0121206185613787,0.0210135560876894,1.206298873416848,-0.0117966129467483,-0.0019083872906624,0.8829776054773264,1,Transition,0.9479
2015-02-10,bist100,-0.0173883255050471,0.0111012735226199,0.0122839911922808,0.028780297199553,1.1182104779017643,-0.0102987812498151,-0.0030325461853697,0.9037187790883356,1,Transition,0.9819
2015-02-11,bist100,0.0037598533082082,0.0111211168849571,0.012225289436352,0.0123014707130345,1.1650020074233698,-0.0058598969507404,-0.0024181177628574,0.9096812752660406,1,Transition,0.7314
2015-02-12,bist100,0.0313053667993435,0.0134251293851588,0.0128587507813479,0.0266733590013058,1.224781018595542,0.0006826018398716,-0.000955126344812,1.0440461607384552,1,Transition,0.543
2015-02-13,bist100,-0.0031798915953802,0.0134197415646138,0.0127735458467818,0.0089454944657559,0.9229543666418744,0.0019248709402858,-0.0009277762647572,1.0505885934558097,0,Calm/Bull,0.7716
2015-02-16,bist100,0.0026907513048121,0.0133285817791566,0.0127262693855527,0.0055822594076485,0.7707821819460005,0.0034375508623872,-0.0011296288988426,1.0473282762887095,0,Calm/Bull,0.6939
2015-02-17,bist100,-0.0189556973563346,0.0134305766146336,0.0129726870957727,0.0181594223235613,0.94964384080107,0.0031240764921297,-0.0027512090650526,1.0352964282172614,1,Transition,0.9709
2015-02-18,bist100,0.0119718446954581,0.0134059133208524,0.0130553260065242,0.0167179166856565,0.8879475589036555,0.0047664747695797,-0.0027722470870514,1.026853968575966,1,Transition,0.9391
2015-02-19,bist100,0.0113189035811636,0.0136224794313533,0.0130901079940646,0.009648931730965,1.0239656921209124,0.0007691821259437,-0.0025318817921507,1.0406697513519487,1,Transition,0.8122
2015-02-20,bist100,-0.0107666474279737,0.0137442909590924,0.0131530493603293,0.016296947108638,0.7889880405398757,-0.0007481690405748,-0.0029784385873376,1.0449509146180438,1,Transition,0.78
2015-02-23,bist100,0.0093074723280586,0.0138252417829176,0.0130156355876191,0.0170452841399408,0.93301964836622,0.0005751751640744,-0.0028846328719327,1.062202586254693,1,Transition,0.7562
2015-02-24,bist100,0.0046583789978749,0.0139277557597502,0.0130293086157845,0.0090320557505517,1.0540937087544606,0.0052979904349163,-0.0025077599199457,1.068955857172438,1,Transition,0.8667
2015-02-25,bist100,0.0004878623487343,0.0138587618847868,0.0128892980787005,0.0158843467666013,1.0957165513104976,0.0030011939655715,-0.0020378887220036,1.0752146315623112,1,Transition,0.5618
2015-02-26,bist100,-0.009477193106707,0.013334816835808,0.0129516174274327,0.0173881581415121,1.1276616260313712,-0.0011580253720025,-0.0015146194565863,1.0295869925530434,0,Calm/Bull,0.5674
2015-02-27,bist100,-0.0207918660351062,0.0139242907288721,0.0130734060392973,0.0315209935290313,1.2315878496672916,-0.003163069093429,-0.0027728016537275,1.0650851573811049,1,Transition,0.7403
2015-03-02,bist100,-0.002386745861861,0.0136669654681413,0.0129936466250694,0.0097240854464301,0.7922569302415678,-0.005501912731413,-0.0033214499129249,1.0518190822407674,1,Transition,0.9088
2015-03-03,bist100,0.0042437023768456,0.0127714725407386,0.012991524918477,0.013777597004636,0.7768874441610804,-0.0055848480556188,-0.0018653905945969,0.9830618515440424,1,Transition,0.6516
2015-03-04,bist100,-0.0268897040467948,0.0134696615396416,0.0133029250404342,0.0292444811282972,0.937253785264938,-0.0110603613347247,-0.0022881473875784,1.0125338223511406,1,Transition,0.8986
2015-03-05,bist100,-0.015813945093552,0.0138012147532293,0.0134150421371294,0.0191076445085176,1.5294198852764302,-0.0123277117320937,-0.0030084882845702,1.02878653769049,2,Stress/Bear,0.928
2015-03-06,bist100,-0.0058278909242698,0.0137373323880762,0.0133927155073903,0.0285656135114633,1.1843984654777149,-0.0093349167099264,-0.0028303209759111,1.0257316658817832,1,Transition,0.9457
2015-03-09,bist100,0.0041651392701068,0.0138150432968589,0.0132225373568549,0.0145105469878161,1.029817711043312,-0.0080245396835328,-0.002378431597121,1.0448103056178402,1,Transition,0.9125
2015-03-10,bist100,-0.0336414108028648,0.0151572838477679,0.0138867187200516,0.0394204934561262,1.1539765654497438,-0.0156015623194749,-0.0031910858620119,1.0914949854843448,2,Stress/Bear,0.9873
2015-03-11,bist100,0.0038335082974614,0.0151590704403574,0.0126622318403153,0.0281502235194274,1.1507851968543408,-0.0094569198506237,-0.0031874031125492,1.1971878758444832,1,Transition,0.8044
2015-03-12,bist100,0.0002069208078416,0.0128545824457275,0.0123715135946967,0.0256179501991426,0.9949882000010238,-0.0062527466703449,-0.0047423254121243,1.039046867413037,1,Transition,0.9713
2015-03-13,bist100,-0.0213142361751008,0.013367891247045,0.0120225232436839,0.0320386876616382,0.986197412330674,-0.0093500157205111,-0.0056490426411103,1.111903963593321,1,Transition,0.6548
2015-03-16,bist100,0.0200680878111312,0.0144587068212204,0.0123183568072377,0.016692795504669,0.8383461517758835,-0.0061694260123062,-0.0047801758157944,1.1737528833979836,1,Transition,0.873
2015-03-17,bist100,0.0231956680350383,0.0153295301605141,0.0124561217708848,0.0178194896950616,0.9549755908865426,0.0051979897552743,-0.0026726075462257,1.2306824260778828,1,Transition,0.8724
2015-03-18,bist100,-0.001105157691297,0.0149461171192734,0.01242504901783,0.0128993866622302,0.9405229278330386,0.0042102565575226,-0.0033264576655635,1.2029020648389912,1,Transition,0.8883
2015-03-19,bist100,0.024462426127193,0.0158835230234154,0.0128367931457072,0.011788158109329,1.134797494417342,0.0090613576213929,-0.002669281538262,1.2373435361250746,1,Transition,0.7006
2015-03-20,bist100,0.0071083216534269,0.0159067980054064,0.0128749583352528,0.0131639248080509,0.9344781209788268,0.0147458691870984,-0.001775533084192,1.2354834548747289,1,Transition,0.6429
2015-03-23,bist100,0.0148647315951067,0.0161571549671415,0.0130243372706386,0.0159968327029253,0.8265730771708185,0.0137051979438936,-0.0014976701208396,1.2405356703688366,1,Transition,0.6575
2015-03-24,bist100,-0.0206238698670369,0.0166322047255323,0.0132298527361368,0.0248988292541377,1.0400869571585691,0.0049412903634785,-0.0027617825640852,1.2571723251387452,1,Transition,0.6355
2015-03-25,bist100,0.0074884001856538,0.0167772247319985,0.0132498653915273,0.017649431109107,0.8702579059044918,0.0066600019388687,-0.0024117556722392,1.2662185038292342,1,Transition,0.9545
2015-03-26,bist100,-0.0142181365546392,0.0169152321897233,0.0132334493468613,0.0096499589325996,0.9531616667877796,-0.0010761105974977,-0.0026488028446358,1.2782179268880678,1,Transition,0.8852
2015-03-27,bist100,-0.007244829496388,0.016414295966937,0.0132563193500611,0.0126759177632462,0.8920753379787126,-0.0039467408274607,-0.0019714510176999,1.2382242410945936,1,Transition,0.9774
2015-03-30,bist100,0.0158185286454327,0.0168880095042961,0.0133335639441618,0.0212305186886611,0.8512137056702588,-0.0037559814173955,-0.0010611872923352,1.2665788063131118,1,Transition,0.9255
2015-03-31,bist100,-0.0164145427200117,0.0171757753970205,0.013459198764297,0.0248584846794882,0.8855772327434891,-0.0029141159879904,-0.0020940995471781,1.276136544069944,1,Transition,0.9351
2015-04-01,bist100,0.0044737593377334,0.0161966035675223,0.0134790465196271,0.0105149667834887,0.7844385209801747,-0.0035170441575745,-0.0005259263779517,1.2016134482463696,1,Transition,0.9801
2015-04-02,bist100,0.0057451523711368,0.0158390466113938,0.0134240187599507,0.0079032027852776,0.7058800756732676,0.0004756136275806,0.0005520284952827,1.179903491989155,1,Transition,0.9509
2015-04-03,bist100,0.0160068628623746,0.0161260548630376,0.0136061692570559,0.0186315140912656,0.69204766224337,0.0051259520993331,0.0016437661846149,1.185201694788186,1,Transition,0.9259
2015-04-06,bist100,0.0016361419132053,0.0161151550247781,0.0136031067091495,0.0105172694820403,0.733849084885859,0.0022894747528877,0.0015173163167698,1.1846672506023177,1,Transition,0.9707
2015-04-07,bist100,-0.0080232279270539,0.0140606534531883,0.013610160986834,0.0140604705405709,0.867428724206849,0.0039677377114792,0.0027982254605604,1.0330997162186448,1,Transition,0.8986
2015-04-08,bist100,0.0040359884445886,0.0140615109838397,0.013591226157834,0.010626958327946,1.091559010102822,0.0038801835328503,0.0028083494679167,1.0346020896528612,1,Transition,0.7188
2015-04-09,bist100,0.0085886113818289,0.0141047343520578,0.0136416809973281,0.0146323905313205,1.1272821221475031,0.0044488753349887,0.0032274339966161,1.033944009892947,1,Transition,0.9162
2015-04-10,bist100,-0.0104454429114669,0.0132955761270949,0.0136933944880235,0.0191602065962139,1.016330612970665,-0.0008415858197795,0.0037708736597978,0.9709481559684456,1,Transition,0.993
2015-04-13,bist100,-0.008606033838998,0.0129881584408243,0.013691041150743,0.0175939889389504,1.1329313422521294,-0.0028900209702202,0.0023371675772913,0.9486611206423444,1,Transition,0.9467
2015-04-14,bist100,0.004652470346166,0.0120486819775671,0.0135777512796432,0.0215939749634986,1.2750186166287447,-0.0003548813155762,0.0014100076928477,0.8873842015084952,1,Transition,0.9834
2015-04-15,bist100,-0.0117574227758714,0.0123961488951882,0.0135216599569205,0.0112712799884647,1.079394258398085,-0.0035135635596682,0.000877394438619,0.9167623601452656,1,Transition,0.8506
2015-04-16,bist100,0.0131776884891918,0.0114898167499551,0.013617657883268,0.0128062659679438,1.191574992998499,-0.0025957481381957,0.0003131575567189,0.8437439718670414,1,Transition,0.9903
2015-04-17,bist100,-0.0002305106257425,0.0113780265771904,0.0136188223657858,0.0134595805274643,1.069241248889588,-0.0005527616810508,-5.3784057239485245e-05,0.8354633221279908,1,Transition,0.9776
2015-04-20,bist100,-0.0013975293917457,0.0108233441000854,0.0135671573768648,0.0110544150842314,0.91191594965892,0.0008889392083996,-0.0008668971065821,0.7977606361773175,1,Transition,0.9986
2015-04-21,bist100,0.0237146245313112,0.0111008982608793,0.0139583938733424,0.0290884585984124,1.2182150748762772,0.0047013700454286,0.0013500276133352,0.7952847843103009,1,Transition,0.8996
2015-04-22,bist100,-0.0059181941582149,0.0111154929645595,0.0139361016852456,0.0125554875282191,1.3066536589894575,0.0058692157689599,0.0006796978961418,0.7976041805383559,1,Transition,0.9961
2015-04-24,bist100,0.0209171261777191,0.0114096293376386,0.0140056695281106,0.016808651367577,1.1091997436398708,0.0074171033066654,0.0024364610327597,0.8146436209092723,1,Transition,0.9981
2015-04-27,bist100,0.0098934301467281,0.0112871752927614,0.0140567761876235,0.0153226770364421,1.324621177652621,0.0094418914611595,0.0032933740149155,0.802970406735177,1,Transition,0.9965
2015-04-28,bist100,-0.0022293107929961,0.0109495025583967,0.0140077582451276,0.0087473607009782,1.1275058606078676,0.0092755351809094,0.0023909820429941,0.7816741527649693,1,Transition,0.9988
2015-04-29,bist100,-0.0026842627619939,0.0101063420371947,0.0136458814425946,0.0096361612780803,0.9551670969187688,0.0039957577222484,0.003077496040895,0.7406148206482699,1,Transition,0.9999
2015-04-30,bist100,-0.0239104689358948,0.0117579588269359,0.013786847327458,0.0286885016456902,0.9881465622053478,0.0003973027667124,0.0016582846272136,0.8528388360055782,1,Transition,0.936
2015-05-04,bist100,0.0008561964494117,0.0117192780510776,0.0137871003532,0.0126888187235645,0.8056532584195356,-0.003614883178949,0.0014138368311273,0.8500176071002135,1,Transition,0.9839
2015-05-05,bist100,-0.0076248958105863,0.0113562117498745,0.013769336780633,0.0156056406321576,0.7926713443118609,-0.0071185483704119,0.0002322488974792,0.8247464588016598,1,Transition,0.9982
2015-05-06,bist100,-0.0113291962614436,0.0116384084183087,0.0138306274040848,0.0169540125002156,0.9534559970841928,-0.0089385254641014,-0.0004160180112531,0.8414953333838846,1,Transition,0.9979
2015-05-07,bist100,0.0015611411594048,0.0115052504464142,0.0136519208300244,0.0126462959308054,0.8776815520357324,-0.0080894446798216,6.320044306978723e-05,0.8427568977041677,1,Transition,0.997
2015-05-08,bist100,0.0178807879511785,0.0121550172125163,0.0138401820658641,0.0245302509725862,0.9015590432293208,0.000268806697593,0.0007554404183992,0.8782411354613553,1,Transition,0.9886
2015-05-11,bist100,0.0082091344532952,0.0121424358359679,0.0132676211240358,0.0126804853150605,0.9380343128649448,0.0017393942983697,0.0007364665719726,0.9151931399345218,1,Transition,0.5847
2015-05-12,bist100,0.0071798566073235,0.0119258362365448,0.0132963500331543,0.0130114782893206,0.9505706163718212,0.0047003447819517,0.0016177315479121,0.8969255627903849,1,Transition,0.8058
2015-05-13,bist100,0.012271560970447,0.0118975248051706,0.0133874892245661,0.012411919058481,1.176903050044689,0.0094204962283298,0.0026616112883843,0.8887047156937083,1,Transition,0.9887
2015-05-14,bist100,0.0095151583375776,0.0119896800667245,0.0132049219988849,0.0170855716957377,1.251422694803272,0.0110112996639644,0.0029047456879549,0.9079705330888732,1,Transition,0.9924
2015-05-15,bist100,0.0041316015885307,0.0114827079845771,0.0131285248541501,0.009262033854542,0.8328665129302606,0.0082614623914348,0.003699196906175,0.8746380962174359,1,Transition,0.9383
2015-05-18,bist100,0.0118804929279084,0.0114298932550434,0.0131366268677578,0.0126901508814326,0.7779991052745846,0.0089957340863574,0.0036343371281109,0.8700782453596676,1,Transition,0.9854
2015-05-20,bist100,-0.0097572859713699,0.0117922081438858,0.013122689495048,0.0132929698216401,1.0400713133109554,0.0056083055706187,0.0031579983608295,0.8986121441291278,1,Transition,0.9688
2015-05-21,bist100,-0.0140645402932318,0.0123755013329457,0.0132017426309899,0.0239359333725124,1.1253439797508862,0.000341085317883,0.0025246478157552,0.937414224686918,1,Transition,0.9904
2015-05-22,bist100,-0.0088311902276115,0.0115550992916054,0.0132368071392762,0.0115904526066087,0.912619848809888,-0.0033281843951548,0.000897357077809,0.8729521530399244,1,Transition,0.871
2015-05-25,bist100,-0.0145203681870102,0.0119746238638385,0.0133653187019497,0.0154729753771512,0.6817641263249382,-0.007058578350263,0.0004672483763693,0.8959474989617501,1,Transition,0.9787
2015-05-26,bist100,-0.0109098081603432,0.0112039300971374,0.0133830384839865,0.0143779170371202,0.8996780582092136,-0.0116166385679133,-0.0011240983405337,0.8371738682918265,1,Transition,0.9986
2015-05-27,bist100,0.0076539357837907,0.0110987199953759,0.0131519003449473,0.0170693056545654,0.9845322044232476,-0.0081343942168812,-0.0012360730586806,0.8438871725210246,1,Transition,0.9951
2015-05-28,bist100,-0.008608419401269,0.0112197674317903,0.0131957207626267,0.0111417129894383,0.842939450278574,-0.0070431700384886,-0.0015550284890943,0.8502580217950031,1,Transition,0.9881
2015-05-29,bist100,-0.007065672327193,0.0112855581472964,0.0132137451471872,0.0254396874040128,0.9809589736200816,-0.0066900664584049,-0.0017740989673542,0.8540771765753885,1,Transition,0.9971
2015-06-01,bist100,-0.0312380360804695,0.0121294176630137,0.0133732163463896,0.0303822428554755,0.8282698436679172,-0.0100336000370968,-0.0021404773245829,0.906993302795729,1,Transition,0.8688
2015-06-02,bist100,0.0122473511279455,0.0125380983987098,0.0133132941339931,0.0118779758190049,0.958918444326106,-0.005402168179439,-0.0015709195906563,0.9417728078805132,1,Transition,0.9497
2015-06-03,bist100,0.0239481576818887,0.013672107813254,0.0136383788933441,0.0264122399434683,0.0010461509344682,-0.0021433237998194,7.733083967453869e-06,1.0024730886400557,2,Stress/Bear,1.0
2015-06-04,bist100,-0.0107854337038069,0.0136488977914885,0.0137090497321259,0.0145650921343619,1.0385527183254697,-0.002578726660327,3.4921211849290104e-05,0.9956122457929044,1,Transition,0.651
2015-06-05,bist100,-0.0067573311933993,0.0137264656083011,0.0129992513431015,0.0164736811997673,1.275244569508279,-0.0025170584335683,-0.0003810024057909,1.0559427805498565,0,Calm/Bull,0.6501
2015-06-08,bist100,-0.0518179783514618,0.0172432670460549,0.014660373619593,0.0326097470035267,1.6794343359104176,-0.0066330468877667,-0.0038659407209229,1.1761819646267329,2,Stress/Bear,1.0
2015-06-09,bist100,0.0043718921870302,0.0171227659152116,0.0146717110484794,0.0131881148649165,1.1234078144319926,-0.0082081386759498,-0.0040578028342361,1.1670599195031366,1,Transition,0.8161
2015-06-10,bist100,0.0202877169138509,0.0178125054846082,0.0146318325857627,0.0169359352454306,1.0700852462082175,-0.0089402268295573,-0.0034024098189098,1.217380350697862,1,Transition,0.5514
2015-06-11,bist100,0.0136658299257814,0.0178796796296587,0.0145107569674724,0.0192554392369153,1.149655751173817,-0.0040499741036397,-0.003332696371143,1.232167258382048,1,Transition,0.8973
2015-06-12,bist100,-0.0038754233784456,0.0176221118986149,0.014212668179655,0.0106156600824214,0.9128239076662596,-0.0034735925406489,-0.0040022254569442,1.2398876604915312,1,Transition,0.9577
2015-06-15,bist100,-0.0198284295332751,0.0178529713966035,0.0144433433514612,0.0227584488000613,0.9030377381771948,0.0029243172229883,-0.0052002270130345,1.2360691677939828,1,Transition,0.7415
2015-06-16,bist100,0.0154890769360845,0.0180518090307079,0.0142284200707575,0.0161405238419869,0.9621297894542332,0.0051477541727992,-0.0050197978126257,1.268714933979794,1,Transition,0.8945
2015-06-17,bist100,0.0065818838488477,0.0181952787053487,0.014223899874218,0.0079999261947805,0.9230403979339684,0.0024065875597985,-0.0042028393216148,1.2792046391109064,1,Transition,0.8817
2015-06-18,bist100,0.0149923925318458,0.0185235038301066,0.0142262261680504,0.0109529751373498,0.8605415009105641,0.0026719000810114,-0.0027499926803609,1.3020672953806367,1,Transition,0.9426
2015-06-19,bist100,0.0063496279704287,0.0185721678567079,0.0139995361987516,0.0130218116362728,0.9002552218022228,0.0047169103507863,-0.0019909517704589,1.3266273677240914,1,Transition,0.9654
2015-06-22,bist100,0.0117170053565678,0.0185672104633138,0.0140479957973805,0.0101395356731796,0.9418271740668815,0.0110259973287549,-0.00067908309328,1.321698178951327,1,Transition,0.8805
2015-06-23,bist100,-0.0042968212235917,0.0184338340207136,0.0139338614186154,0.0142629566437477,1.0705808770152172,0.0070688176968196,-0.0003484337464424,1.3229523006512964,1,Transition,0.9329
2015-06-24,bist100,0.0128248058891895,0.0185875990449748,0.0139899327808563,0.0136462564140582,1.063137780610843,0.008317402104888,-8.98902411725481e-05,1.3286410546882603,1,Transition,0.9415
2015-06-25,bist100,-0.0103167616027692,0.0186326758312543,0.0139165062737261,0.0154713615783233,1.0943062316149816,0.003255571277965,-0.0001753073512475,1.3388903410644193,1,Transition,0.9269
2015-06-26,bist100,0.003224920774389,0.0185743812966381,0.0137485680402802,0.0094858168981569,0.7846154254367985,0.002630629838757,0.0003392223038315,1.351004791351316,1,Transition,0.9495
2015-06-29,bist100,-0.0216568787961765,0.0178255589095112,0.0140330150066619,0.0118364761421634,0.7989588521269886,-0.0040441469917918,0.0008182801680461,1.2702586650872123,1,Transition,0.8722
2015-06-30,bist100,0.0060156742395415,0.0176690452048633,0.0140348988927592,0.0113168256282592,0.906163647467913,-0.0019816478991651,0.0005066963236259,1.2589364084396095,1,Transition,0.971
2015-07-01,bist100,-0.0069273343949309,0.0168426243613024,0.013906511245483,0.0154037400190799,0.8524078510635936,-0.0059320759559892,-0.0010370782802149,1.211132257687782,1,Transition,0.9855
2015-07-02,bist100,0.0024247518401816,0.016698620012878,0.0139087116997299,0.0125721311460745,0.8796770421286573,-0.003383773267399,-0.0003765690030155,1.20058711211925,1,Transition,0.9864
2015-07-03,bist100,-0.0081302252705503,0.0167290247518824,0.0139097317157924,0.0116835939549042,0.6025810167925693,-0.0056548024763869,-0.0004452137068731,1.2026849326568363,1,Transition,0.9729
2015-07-06,bist100,0.0140469486661404,0.0118572596157233,0.014021658269086,0.0177198448256608,0.8388622314283808,0.0014859630160764,0.002848032644007,0.845638895783483,1,Transition,0.9983
2015-07-07,bist100,-0.0096817181531192,0.0121743795156925,0.014028432525232,0.0157934294993503,0.8965856755544251,-0.0016535154624556,0.0021453521269995,0.8678360532294171,1,Transition,0.9919
2015-07-08,bist100,-0.0146422432719346,0.0119379264454891,0.0140897380849733,0.0155499374320022,1.049550500348903,-0.0031964972378564,0.0003988541177102,0.8472780951280338,1,Transition,0.9954
2015-07-09,bist100,0.0233570446973135,0.0126784889394146,0.0143778979324774,0.0171925456071427,0.0008334139586095,0.0009899613335699,0.0008834148562868,0.8818040717048019,2,Stress/Bear,0.9981
2015-07-10,bist100,0.0061256702058211,0.0126781435634875,0.0143871097175732,0.010030039323817,0.9807273377767188,0.0038411404288442,0.0013834695355001,0.8812154638677543,1,Transition,0.9777
2015-07-13,bist100,0.0071778062605741,0.0117005038071997,0.0143302717664327,0.0137777281032496,1.0007265506838796,0.0024673119477309,0.0027337813251926,0.8164886191905314,1,Transition,0.9993
2015-07-14,bist100,-0.0041723496237996,0.0113943718594301,0.0142430735248326,0.016423280140168,1.1501742993386317,0.0035691856535948,0.0017507099971984,0.799993894545596,1,Transition,0.9993
2015-07-15,bist100,-0.0037787998616587,0.0113986853847168,0.0142519245345473,0.012508570305872,0.8316829145781675,0.00574187433565,0.0012326758116731,0.7997997292987257,1,Transition,0.9996
2015-07-16,bist100,0.0007479826868677,0.0109290306405743,0.014250890441842,0.0035536167276691,0.6987649209736198,0.0012200619335609,0.0005204553194242,0.7669015971441054,1,Transition,0.9998
2015-07-20,bist100,-0.0179128948951999,0.0115753962070627,0.0140941039378456,0.023118651863436,1.1559218451364175,-0.0035876510866432,-0.0006926708238572,0.8212935180632733,1,Transition,0.9972
2015-07-21,bist100,0.0032362730299117,0.0112475647551917,0.014085053639372,0.0113650561182937,1.133486283406537,-0.0043759577327757,-0.00111670744019,0.7985461073255222,1,Transition,0.999
2015-07-22,bist100,-0.0044372132134267,0.0112496975279608,0.0138110296570283,0.014524392317752,1.1080432430350713,-0.0044289304507012,-0.0011237270396817,0.8145444479757509,1,Transition,0.9973
2015-07-23,bist100,-0.0361760705319965,0.0132160371357058,0.0144677571191755,0.0387790006093683,1.3198177068065151,-0.0109083845847687,-0.003573770860741,0.9134820986308452,2,Stress/Bear,0.979
2015-07-24,bist100,0.0047819190492287,0.0132418003143309,0.0144911565725902,0.0194405729102128,0.9094534175123772,-0.0101015973122965,-0.0028188368281411,0.9137849175805308,1,Transition,0.9963
2015-07-27,bist100,-0.0174304114146098,0.0135475754371373,0.0146356260751567,0.0250931782880287,1.0519781729229372,-0.0100051006161785,-0.0038516034375911,0.9256573902317462,1,Transition,0.9895
2015-07-28,bist100,0.0086499680287527,0.0131400060373757,0.0144022635984157,0.0133562443246639,1.120342559593407,-0.0089223616164103,-0.0023362610963446,0.9123570019105348,1,Transition,0.9853
2015-07-29,bist100,0.0007148915044939,0.0130155478038296,0.0144019299757907,0.0123951282178359,0.8610781208526381,-0.0078919406728261,-0.002601300233097,0.9037363621201088,1,Transition,0.9975
2015-07-30,bist100,0.0024522525371436,0.0130204499063733,0.0143847418034828,0.0173128606780991,0.9926488853734444,-0.0001662760589981,-0.0021323208864933,0.9051570118012724,1,Transition,0.9889
2015-07-31,bist100,0.0207136741644902,0.0139652925866183,0.014590140291536,0.022324052789357,1.4357736465874298,0.0030200749640541,-0.0012178747702778,0.9571732901512868,1,Transition,0.845
2015-08-03,bist100,-0.0220868162113937,0.0146602781431697,0.0148500658780408,0.0237578455292996,1.0046025502666858,0.0020887940046973,-0.00191570431732,0.9872197378496662,1,Transition,0.9597
2015-08-04,bist100,0.0009053914961273,0.0141942698122249,0.0146462277409664,0.0121199681259185,0.9906092940157076,0.0005398786981723,-0.0025727821758207,0.96914168366525,1,Transition,0.9675
2015-08-05,bist100,-0.0012866816657643,0.0140967742977902,0.0145940776423518,0.0108532185713875,0.8499380228453963,0.0001395640641206,-0.0021530303514529,0.9659243045878836,1,Transition,0.9494
2015-08-06,bist100,0.008523225239679,0.013967691882491,0.0146084169734331,0.0089413456646997,0.8852831623405316,0.0013537586046277,-0.0009947569258722,0.956140005306028,1,Transition,0.9444
2015-08-07,bist100,-0.0047828429644185,0.0127497752376878,0.0145047756888552,0.0121107336451085,0.733717668386866,-0.003745544821154,-0.0024017513089588,0.8790053366688139,1,Transition,0.9978
2015-08-10,bist100,-0.0119522176449187,0.0127542203370326,0.014490284910319,0.0187031923018489,0.8302817877382144,-0.001718625107859,-0.0033056457014958,0.8801911360590251,1,Transition,0.9987
2015-08-11,bist100,0.0283032116533083,0.0144324844713345,0.014990316166053,0.0174586578809878,1.022495993179554,0.0037609389235771,-0.0022493754318591,0.9627871961779012,1,Transition,0.97
2015-08-12,bist100,-0.0195732101365912,0.0149423341483151,0.0150617114600071,0.0125041272739239,0.8674904909412029,0.0001036332294117,-0.0030194184574987,0.992074120394027,1,Transition,0.9894
2015-08-13,bist100,-0.0140321526090928,0.0151442897653603,0.0151086036735833,0.0315573206828613,1.311204858095916,-0.0044074423403426,-0.0035320860948704,1.002361971532777,1,Transition,0.7519
2015-08-14,bist100,0.0028952582859271,0.0151837897717733,0.015040746692373,0.0157149240816532,0.9909779208951496,-0.0028718220902734,-0.0034247223149174,1.0095103708829087,1,Transition,0.9801
2015-08-17,bist100,-0.0050133194221102,0.0148052240220496,0.0150189211773634,0.0156132331140636,0.9156958845897448,-0.0014840424457117,-0.0027797435412629,0.9857714710137824,1,Transition,0.9685
2015-08-18,bist100,-0.0125888874274012,0.0148894232537161,0.0149932885258648,0.0123025379106882,0.9426178948210436,-0.0096624622618536,-0.0035710015641286,0.993072548962858,1,Transition,0.9891
2015-08-19,bist100,-0.0087334001463894,0.0149335030386999,0.0149734678640947,0.0193733965436226,0.0010275840546459,-0.0074945002638133,-0.0037858109107767,0.9973309572800676,2,Stress/Bear,0.9491
2015-08-20,bist100,-0.0082384166129169,0.0129143981276997,0.0149447861139865,0.0186097338457858,1.2224755639384592,-0.0063357530645781,-0.0023889282148227,0.8641407129683442,1,Transition,0.9943
2015-08-21,bist100,-0.0119074350796408,0.0129657567144813,0.0149754829563172,0.0149490098724932,0.9250869201800098,-0.0092962917376917,-0.0032233959212662,0.8657989029336689,1,Transition,0.9988
2015-08-24,bist100,-0.0338437786714342,0.0143571084827187,0.015516077415273,0.0398267167929534,1.2216479063593058,-0.0150623835875565,-0.0040440642841074,0.9253052880869568,2,Stress/Bear,0.9837
2015-08-25,bist100,0.0299321497184957,0.0160377889512034,0.0156064301816869,0.024230960999322,1.210816722422115,-0.0065581761583771,-0.0029799551996203,1.027639810289397,2,Stress/Bear,0.7298
2015-08-26,bist100,0.0014436883261758,0.0160474509978828,0.0155071466859034,0.0186224133406681,1.2268442065762668,-0.004522758463864,-0.0029435153585362,1.0348422777525317,1,Transition,0.9508
2015-08-27,bist100,0.0161373360220842,0.0165727955425138,0.0153200169693321,0.0091173651398068,1.0023015709505831,0.0003523920631361,-0.0022592611842892,1.081773967724027,1,Transition,0.964
2015-08-28,bist100,-0.0023003617750622,0.0156680316971472,0.0152748529368066,0.0152301680851959,0.8959786983730808,0.0022738067240518,-0.0034099629812668,1.0257402648632477,1,Transition,0.9885
2015-08-31,bist100,0.0075915511868795,0.015204613774901,0.0153061177435021,0.0105636828908507,0.8321867098414526,0.0105608726957146,-0.0019260446113531,0.9933684053460128,1,Transition,0.9815
2015-09-01,bist100,-0.0220562737452831,0.0158334630847308,0.0140784900678164,0.0207165562874348,1.1618222544141916,0.0001631880029588,-0.0030741278734236,1.1246563380348713,1,Transition,0.9065
2015-09-02,bist100,0.0011736493509107,0.0158576206116903,0.0140641116449063,0.0112224721905514,0.9820450602570356,0.0001091802079058,-0.0029511113225899,1.1275238004409296,1,Transition,0.9715
2015-09-03,bist100,0.0047136146151386,0.0157349434553573,0.0138061757113959,0.0149479148796908,1.010978514511163,-0.0021755640734832,-0.0031415918538169,1.139703259199388,1,Transition,0.9664
2015-09-04,bist100,-0.0143448971439398,0.0159314801993967,0.0137669279276789,0.0150994625956768,1.0036442276799018,-0.0045844711472588,-0.003619694562793,1.1572284160336048,1,Transition,0.9763
2015-09-07,bist100,-0.0149750894586515,0.0160287346090146,0.0138706681771456,0.0122186796117791,0.7009243695914067,-0.009097799276365,-0.0037708381534796,1.1555848935543511,1,Transition,0.9789
2015-09-08,bist100,0.0025847223397357,0.0142534626886245,0.0136800844876237,0.0143564064561643,0.8397264732126856,-0.0041696000593612,-0.0050567626191582,1.0419133523275748,1,Transition,0.9884
2015-09-09,bist100,-0.0006733367308235,0.0138615137150135,0.013497306231095,0.012541199180331,0.850489637986038,-0.0045389972757081,-0.0041117689488699,1.026983716430724,1,Transition,0.9578
2015-09-10,bist100,-0.0021799696832024,0.0136670633880181,0.0134524789405633,0.0096191837940327,0.951634993229461,-0.0059177141353763,-0.0035191598025753,1.0159512940628237,1,Transition,0.9708
2015-09-11,bist100,-0.0069220539956787,0.0136006961119133,0.0132813836675599,0.0090301434491105,0.7803362753361366,-0.0044331455057241,-0.0040100254166556,1.0240421067823862,1,Transition,0.9763
2015-09-14,bist100,-0.0007219842806041,0.0136178744721197,0.0132345766985678,0.0088654564704657,1.0190188588758569,-0.0015825244701146,-0.0037954586595803,1.0289618461007035,1,Transition,0.951
2015-09-15,bist100,0.0259440098001135,0.014967255459771,0.0136142065297396,0.025810044253464,1.4221007208090082,0.0030893330219609,-0.0018688137982046,1.099385074486402,2,Stress/Bear,0.5339
2015-09-16,bist100,0.0132514102027712,0.0152413703240925,0.0137558363528735,0.0184115193615061,1.0881663991903885,0.0058742824086798,-0.0007695732807466,1.1079929953447496,1,Transition,0.9636
2015-09-17,bist100,0.0111461118881402,0.0153573228766734,0.0137270711934917,0.0151320046460829,1.0592082768375048,0.0085394987229484,0.0001996531443062,1.1187617999646349,1,Transition,0.9597
2015-09-18,bist100,0.0015777846554677,0.0150915191528291,0.0136896048469491,0.0145235491588004,1.2418341164281943,0.0102394664531777,0.0008739141310616,1.1024072149308584,1,Transition,0.9483
2015-09-21,bist100,0.0100914991496133,0.0127948495078644,0.0137601876529509,0.0198206590403325,1.1786759954145771,0.0124021631392212,0.003070678022114,0.9298455682848596,1,Transition,0.9846
2015-09-22,bist100,-0.0114946110312061,0.0115057318961365,0.0135704665229702,0.0212872194075268,0.92091069661385,0.0049144389729572,0.0009993399846289,0.8478508735614376,1,Transition,0.997
2015-09-23,bist100,-0.0051269394840468,0.0115859049121593,0.0135429364217557,0.006165458803819,0.3582392709247804,0.0012387690355936,0.0006708085941178,0.8554942998585919,1,Transition,0.9146
2015-09-28,bist100,-0.0175119642998541,0.0116646489081648,0.0136814095940526,0.0247331263935178,0.9873114777023324,-0.0044928462020052,-0.001011656421979,0.852591162334288,1,Transition,0.9973
2015-09-29,bist100,0.0127762372336096,0.0120575303113025,0.0138003511165249,0.0227506812456062,1.3130838194412886,-0.0022531556863768,-0.0002578264715455,0.8737118504807151,1,Transition,0.9865
2015-09-30,bist100,-0.0007031714785682,0.0119151433683922,0.0137743294941535,0.0130651480761472,1.2748118009635063,-0.0044120898120131,-0.0006725626048178,0.8650252902291576,1,Transition,0.9547
2015-10-01,bist100,0.0043768224957425,0.0108354679475566,0.013645248550562,0.0109377587298893,1.1733621840876225,-0.0012378031066234,0.0006490922072333,0.7940835894198752,1,Transition,0.997
2015-10-02,bist100,-0.0018035934454284,0.0108483257383665,0.0136046524295351,0.0116295802229698,1.1441504333440995,-0.0005731338988997,0.0005002300674164,0.7973982278896925,1,Transition,0.9954
2015-10-05,bist100,0.0331268734002789,0.0130634420330608,0.0142089056587992,0.0206756717394839,1.5259154787901514,0.0095546336411268,0.0019208930066734,0.9193841064720524,2,Stress/Bear,0.537
2015-10-06,bist100,0.0046198415731664,0.0124966146272164,0.0138722700622692,0.0127055007662358,1.4096287036640804,0.0079233545090382,0.0028691299425287,0.9008341512327988,1,Transition,0.967
2015-10-07,bist100,0.0184620613945853,0.0122172513017971,0.0140704436135608,0.0138987245464793,1.816108935073454,0.0117564010836689,0.0045409874851906,0.8682918348091336,2,Stress/Bear,0.9534
2015-10-08,bist100,-0.0004728179240693,0.0122620664562951,0.0140311159412179,0.0156660394560726,1.371605523186692,0.0107864729997065,0.0043881104720003,0.8739195447935825,1,Transition,0.9817
2015-10-09,bist100,0.0070168943973746,0.0122154830057088,0.0140621919636103,0.0097671533690334,1.3209036401680354,0.0125505705682672,0.0047726220284102,0.8686755974687065,1,Transition,0.9833
2015-10-12,bist100,0.0010749700343529,0.0121394243410836,0.0140586452460044,0.0135196116454937,1.1185435729011834,0.006140189895082,0.004935369014288,0.8634846479630542,1,Transition,0.9981
2015-10-13,bist100,-0.0119436212473053,0.0124456457578238,0.0141316979193867,0.0204956222462563,1.1216455656623303,0.0028274973309876,0.0046842906517066,0.8806900507510963,1,Transition,0.9944
2015-10-14,bist100,0.0129532358263416,0.0125084917086127,0.014064151731658,0.0149282042950323,1.138539485223414,0.0017257322173389,0.0053680516570539,0.8893882793127483,1,Transition,0.996
2015-10-15,bist100,-0.0014737606869191,0.0116045330693281,0.0140566407246417,0.0141276701911148,1.211126250732354,0.0015255436647689,0.0039971631327023,0.82555521597596,1,Transition,0.9981
2015-10-16,bist100,-0.0098855075942305,0.0117852722023959,0.0141001619359897,0.0144145377229475,0.9300725905400604,-0.001854936733552,0.0028403172428522,0.8358253086664788,1,Transition,0.9984
2015-10-19,bist100,0.0158126511822957,0.0120025579960105,0.0134578985238667,0.0131549184143367,0.9871635120023944,0.0010925994960364,0.00307364420756,0.8918597487360088,1,Transition,0.9751
2015-10-20,bist100,0.009511384091229,0.0120813609583526,0.0134984151065751,0.0113794033988913,0.0012445647169891,0.0053836005637433,0.0034703241793481,0.8950207015390865,2,Stress/Bear,0.9691
2015-10-21,bist100,-0.0091251189462125,0.0122894213784061,0.0133545639923098,0.0142869844983555,1.302586101373557,0.0009679296092325,0.0025094932745568,0.9202413036833652,1,Transition,0.8396
2015-10-22,bist100,0.0061316701718502,0.0118566850277998,0.0133324931473042,0.0085913385271658,1.159861577832421,0.0024890157809864,0.0033908073347096,0.8893074158599675,1,Transition,0.8925
2015-10-23,bist100,-0.0016349129637047,0.0117498818769183,0.0133352127201451,0.0121748286069851,1.1996769742074558,0.0041391347070915,0.0035654086607267,0.8811169438015893,1,Transition,0.9498
2015-10-26,bist100,-0.0108227945878645,0.0112007101526284,0.0134110179072313,0.0149315438325381,0.9457372849312682,-0.0011879544469405,0.0038998671463262,0.8351871744641364,1,Transition,0.9981
2015-10-27,bist100,-0.0075960019658366,0.0112770747997834,0.0131733067082363,0.0163878852848805,0.8625522059304821,-0.0046094316583536,0.0028812551863538,0.8560549791748705,1,Transition,0.9932
2015-10-28,bist100,-0.0016056495090274,0.0112939652741437,0.0128598200630872,0.0082904605069634,0.4076073546009058,-0.0031055377709166,0.0028361312848309,0.8782366486263575,1,Transition,0.8594
2015-10-30,bist100,0.0110508191687766,0.0114395427694361,0.0129373341008386,0.0241699231885624,0.96288847052738,-0.0021217079715313,0.0031698311184826,0.8842272047913343,1,Transition,0.9927
2015-11-02,bist100,0.0525507141127046,0.0158154101276194,0.0145904453047036,0.0134372197312687,1.9220890864540148,0.0087154174437505,0.0058875464963893,1.083956644045739,2,Stress/Bear,1.0
2015-11-03,bist100,-0.0093597642387045,0.0147838115378979,0.0146198067716152,0.0129472906003964,1.2558510301936694,0.0090080235135825,0.0037632146144401,1.0112179845359552,1,Transition,0.9455
2015-11-04,bist100,0.0092462829205542,0.0148340302549659,0.0146404041718659,0.0059761223508886,1.1054159113890203,0.0123764804908607,0.0039945366818095,1.0132254602282131,1,Transition,0.9653
2015-11-05,bist100,-0.0087422339409619,0.0146840998664089,0.0145977720461913,0.0094352380440852,1.0251460410532875,0.0109491636044737,0.0026343219150321,1.0059137668367797,1,Transition,0.9695
2015-11-06,bist100,-0.0124390627774578,0.0150564307753413,0.0142561705458952,0.0184718848235834,0.9095507262539884,0.0062511872152269,0.0020360096723627,1.056134305272922,1,Transition,0.9812
2015-11-09,bist100,0.0014623478257153,0.0150108789883412,0.0140118249666503,0.0105423507237995,0.9521200809664376,-0.0039664860421709,0.0017582823437797,1.0713007780263275,1,Transition,0.9751
2015-11-10,bist100,-0.0107337996787994,0.0152691917503834,0.0139589928993552,0.0174735971158,0.906093630770652,-0.0042412931301899,0.0011678438581221,1.0938605571673274,1,Transition,0.9842
2015-11-11,bist100,0.0066780573493796,0.0149928574350905,0.0139768660462469,0.0107749828473554,0.8676430130872053,-0.0047549382444248,0.0020989277879563,1.0726909298180192,1,Transition,0.9844
2015-11-12,bist100,0.0051922665651999,0.0147962847700201,0.0139654759577151,0.0105851376220956,0.8735855660863138,-0.0019680381431924,0.0017108793248993,1.0594901895804052,1,Transition,0.9148
2015-11-13,bist100,-0.0032264075188201,0.0148213077371407,0.0138619164877106,0.008152321379905,0.917421539106346,-0.0001255070914649,0.0016232469833042,1.069210577792803,1,Transition,0.8808
2015-11-16,bist100,-0.010218297640924,0.0148350887522266,0.0138813552541913,0.0099165783790606,0.7665203971051747,-0.0024616361847928,0.0016066074809695,1.0687060795268788,1,Transition,0.9582
2015-11-17,bist100,0.001313134177726,0.014453700958778,0.013825636591758,0.0086824478302529,0.8882725461030233,-5.2249413487712386e-05,0.000881631630741,1.0454275188597428,1,Transition,0.6525
2015-11-18,bist100,-0.007901383772887,0.0144309398324835,0.0137699169843843,0.0141640254842235,0.8059397605583982,-0.002968137637941,1.0993237535291724e-05,1.0480048535404265,1,Transition,0.721
2015-11-19,bist100,-0.0009071400181426,0.0142732472027114,0.012972419416352,0.0115898913882071,0.8319928334888882,-0.0041880189546095,0.0004218921839387,1.10027642065902,1,Transition,0.7289
2015-11-20,bist100,0.0029853532080801,0.0142242582467116,0.0124447505125005,0.0091371998408329,0.7389694762383323,-0.0029456668092295,0.0002645763357502,1.142992640344505,1,Transition,0.5308
2015-11-23,bist100,-0.0116802566866633,0.0144700897689768,0.0125614666301052,0.0130341249226291,0.7056659983603787,-0.0032380586183773,-0.0002376908503976,1.151942698657278,1,Transition,0.7262
2015-11-24,bist100,-0.044905937338983,0.0174769189937458,0.0137572065496782,0.051312535388818,1.704064752160678,-0.0124818729217191,-0.0019418479879535,1.2703828303104554,2,Stress/Bear,1.0
2015-11-25,bist100,0.0077541379476399,0.0175524366265538,0.0137860097531994,0.0189312346466012,1.326351401308855,-0.0093507685776137,-0.0011743409922797,1.273206456457078,2,Stress/Bear,0.6928
2015-11-26,bist100,-0.0242236120875215,0.0182946308754059,0.014115868456488,0.0226328422722787,0.9866383731244373,-0.0140140629914895,-0.0023052391212044,1.2960329668556283,1,Transition,0.597
2015-11-27,bist100,0.008507887459653,0.0182055413004482,0.0138572803837328,0.0224609520784659,1.0566224943511937,-0.012909556141175,-0.0024323857066606,1.3137889106884102,1,Transition,0.5219
2015-11-30,bist100,-0.0053766915567397,0.0128044840041068,0.0138773685193513,0.0191154087387252,0.8260483984586137,-0.0116488431151902,-0.0053287559901328,0.922688187335481,1,Transition,0.9976
2015-12-01,bist100,0.0204284324982168,0.0139886388106084,0.0141074520239653,0.0202213446891367,1.1216718801215555,0.0014180308522496,-0.0038393461532867,0.9915779821079604,1,Transition,0.9727
2015-12-02,bist100,-0.0050984771533646,0.0136459390821434,0.0139912889272251,0.0199019038163331,1.2901161533711072,-0.0011524921679512,-0.0045565841569827,0.9753167955520076,1,Transition,0.9669
2015-12-03,bist100,-0.0124100155736786,0.0137295407694028,0.013946212706462,0.0231788703572793,1.04064248120441,0.0012102271348173,-0.0047399732386185,0.984463743553916,1,Transition,0.9817
2015-12-04,bist100,-0.0158634809954718,0.0138514213941315,0.0141088761398172,0.0338921634424381,1.2494950882978586,-0.0036640465562076,-0.0049111941495192,0.98175228536034,1,Transition,0.6269
2015-12-07,bist100,-0.004810541435772,0.0137702888682628,0.01412482984948,0.0159575759527696,0.9959236352084848,-0.003550816532014,-0.0052248386125936,0.9748994511795648,1,Transition,0.9946
2015-12-08,bist100,-0.0109926570970535,0.0137758598594468,0.0141981160298886,0.0170956534502951,0.9495980142938568,-0.0098350344510681,-0.0052377814835063,0.9702597042063216,1,Transition,0.995
2015-12-09,bist100,0.0200813351821858,0.014682248578832,0.0143923330869283,0.0239141984175097,1.0375714048959936,-0.004799071983958,-0.004567617591866,1.020143745294983,1,Transition,0.9335
2015-12-10,bist100,-0.0303484547452387,0.0155631804442877,0.0149410450400232,0.044564281309068,1.3329901712051782,-0.00838675981827,-0.0063446536573879,1.0416393500319416,2,Stress/Bear,0.9994
2015-12-11,bist100,-0.0290819734881823,0.0163447655628968,0.0150254000939975,0.0317544681941625,1.3698289234115613,-0.0110304583168121,-0.007637431955856,1.0878090074570692,2,Stress/Bear,0.9562
2015-12-14,bist100,-0.0139210840685934,0.0163964273220822,0.015008104509268,0.0361414144029352,1.1199581219656212,-0.0128525668433764,-0.0078225712772395,1.092504873747172,2,Stress/Bear,0.7767
2015-12-15,bist100,0.0402710706819908,0.0195497543281743,0.0158586329861232,0.0427294390077843,1.2489280438142851,-0.0025998212875675,-0.0058746744520262,1.2327515458161442,2,Stress/Bear,1.0
2015-12-16,bist100,0.0093111936178829,0.0198326609793186,0.0159083103727454,0.0204706412187217,1.1781539744244884,-0.0047538496004281,-0.0050140455824877,1.246685569656509,1,Transition,0.6014
2015-12-17,bist100,0.0120115933394496,0.0201807821723888,0.015931913691087,0.018386598408498,1.2571963660714942,0.0037181600165095,-0.0043681089146081,1.266689147561645,2,Stress/Bear,0.5681
2015-12-18,bist100,-0.0171240728991188,0.0202957568468788,0.0160142490472856,0.0208225357313759,0.944580952384898,0.0061097401343222,-0.0053735802199681,1.2673561393326078,2,Stress/Bear,0.7233
2015-12-21,bist100,0.0119049996980951,0.0205930482825197,0.0160829588656535,0.0180150237705455,0.9183205126947044,0.0112749568876599,-0.0041943174007301,1.2804265965324242,2,Stress/Bear,0.608
2015-12-22,bist100,-0.0030881589688561,0.018229170337743,0.01592821071162,0.0158628415968494,1.0669363796911469,0.0026031109574905,-0.0021034284822238,1.144458135805828,1,Transition,0.9677
2015-12-23,bist100,0.0128146109365885,0.018407444486124,0.0159287351487732,0.0188603144949178,0.9303968607267916,0.0033037944212316,-0.0018504048327764,1.1556124396695595,1,Transition,0.9729
2015-12-24,bist100,7.434942402817672e-05,0.0176388789581268,0.0159285092363141,0.007139752104167,0.5999632439938538,0.0009163456381473,-0.0006355067571989,1.1073778905758078,1,Transition,0.981
2015-12-25,bist100,0.0018766862431668,0.0175198861169652,0.0159200405703348,0.0031432782696774,0.3194834605442635,0.0047164974666045,-0.0009670668180232,1.100492554623978,1,Transition,0.7719
2015-12-28,bist100,0.0007234647507253,0.0174921550728756,0.0159187367890336,0.01029189470748,0.8131896607161067,0.0024801904771305,-0.0006620590026499,1.0988406495247711,1,Transition,0.9872
2015-12-29,bist100,-0.0044628591410894,0.0167837526742031,0.0153199517396498,0.0112944285674648,0.8059771752935645,0.0022052504426838,-0.0019066235846153,1.09554866486719,1,Transition,0.9845
2015-12-30,bist100,-0.0096783240074595,0.0168606601780366,0.0153475964238734,0.0128455944686374,0.6357824217032958,-0.0022933365461257,-0.00213561592732,1.0985863657327872,1,Transition,0.9883
2015-12-31,bist100,-0.0203376762417511,0.0172045965286499,0.0153353906582806,0.0270262404811563,0.6577965804854697,-0.0063757416792815,-0.0025319989607236,1.1218883765024892,1,Transition,0.8521
2016-01-04,bist100,-0.0169935784105561,0.0172524745799302,0.015463576162968,0.0261862157440135,0.7648924481312063,-0.0101497946100261,-0.0025885038314778,1.115684651345155,1,Transition,0.9351
2016-01-05,bist100,0.0024035298827074,0.0172789657824811,0.0154303193265631,0.0262803267666118,1.0596123935111557,-0.0098137815836297,-0.0022278002655539,1.1198061049025427,1,Transition,0.9057
2016-01-06,bist100,0.0071860654194022,0.0172717679069084,0.0154703933961929,0.0218209992591514,1.2225711493011209,-0.0074839966715314,-0.0013188641397311,1.1164401230519945,1,Transition,0.8562
2016-01-07,bist100,0.0041767766099954,0.016587171887106,0.015431109112276,0.0273065350296307,1.3428029412995788,-0.0047129765480404,-0.0021140920683406,1.0749176722436775,1,Transition,0.8043
2016-01-08,bist100,-0.0124229404419746,0.0154248229008066,0.0153751451508038,0.0244161958910576,1.1065455820249577,-0.0031300293880851,-0.0012178163531774,1.0032310426676003,1,Transition,0.9811
2016-01-11,bist100,0.0061525897093265,0.014023318886768,0.0154106358308469,0.0212586870477361,1.055399361890227,0.0014992042358913,0.0005439118066979,0.9099766577247936,1,Transition,0.9965
2016-01-12,bist100,0.0096843214354535,0.0137321486099292,0.0154441707307911,0.0220741482497063,1.320634103137566,0.0029553625464406,0.0017241820819003,0.8891476822741518,1,Transition,0.9877
2016-01-13,bist100,0.0106524558245446,0.0105950697010463,0.0153602838814063,0.013525355137586,1.2236723528806497,0.003648640627469,0.000243251339028,0.6897704354195996,1,Transition,0.9995
2016-01-14,bist100,-0.0078657755338009,0.0105172311335663,0.0153112935574548,0.0186613114713763,1.2417443108910626,0.0012401301987098,-0.0006155971185561,0.6868937032720959,1,Transition,0.9993
2016-01-15,bist100,-0.0122880383005907,0.0103844701940559,0.0153420993371432,0.0231699834128335,1.1132330663170462,0.0012671106269865,-0.0018305787005581,0.6768610974193863,1,Transition,0.999
2016-01-18,bist100,-0.0003138930155713,0.0097418993778995,0.0153072522455228,0.0095200807073959,0.9591657713141568,-2.6185917992982226e-05,-0.0009900697063808,0.6364237827693056,1,Transition,1.0
2016-01-19,bist100,0.0004714895984478,0.0092693738767956,0.0153105958969787,0.0146497453620232,1.067646328678879,-0.0018687522853941,-0.0015617452113631,0.6054221494164584,1,Transition,1.0
2016-01-20,bist100,-0.0208882559210616,0.0102285628304846,0.0154633104978221,0.0171011409383437,1.123211498185238,-0.0081768946345153,-0.0024517500589734,0.6614730288139286,1,Transition,0.9994
2016-01-21,bist100,-0.0149975661983371,0.009930035031138,0.0155367144413245,0.0225558689365997,1.2471842150050287,-0.0096032527674226,-0.0038423589157197,0.639133522640161,1,Transition,0.9981
2016-01-22,bist100,0.024149030397133,0.011726497383726,0.0159072680675795,0.0161894045374368,1.1433886526957635,-0.0023158390278778,-0.0026386248670644,0.7371785861599761,1,Transition,0.9944
2016-01-25,bist100,0.004192282748942,0.0117847118670479,0.0158374097057434,0.0136804819292537,0.7976893202182563,-0.0014146038749751,-0.0025228450417757,0.7441060177141384,1,Transition,0.9998
2016-01-26,bist100,0.0178426480687479,0.0126246848892193,0.0143788096993846,0.0266487141469504,1.0335249801293056,0.0020596278190848,-0.0016668858758746,0.8780062573440708,1,Transition,0.9759
2016-01-27,bist100,0.0033920842334333,0.0126552701894378,0.0143707274954511,0.0126088048166366,1.1395574060725822,0.0069156958499838,-0.0012741387071484,0.8806283602165402,1,Transition,0.9964
2016-01-28,bist100,0.0051841302852507,0.0125718894619407,0.0143247125501666,0.0088392965642102,1.0991085439270345,0.0109520351467014,-0.0005310159925129,0.8776364215276704,1,Transition,0.9925
2016-01-29,bist100,0.0144435255117888,0.0120840089885813,0.0144630010757501,0.0058028525271742,0.9718200662578924,0.0090109341696325,0.001208044095164,0.8355118640516682,1,Transition,0.9983
2016-02-01,bist100,-0.0004546231437776,0.0113142451894365,0.0143993036240806,0.0098179207614142,0.9160204397513436,0.0080815529910886,0.0020349918585029,0.7857494698920795,1,Transition,0.9996
2016-02-02,bist100,-0.0129014676224247,0.0117953616977753,0.014463043579624,0.0193818636419003,0.9697782413499488,0.001932729852854,0.0012697419832463,0.815551832699516,1,Transition,0.9991
2016-02-03,bist100,0.0104436578634185,0.0119033561127551,0.0145061477083145,0.022037197893014,1.058614724078481,0.0033430445788511,0.0014326216054471,0.8205732046925539,1,Transition,0.9984
2016-02-04,bist100,0.0167558565977495,0.0123788174961731,0.0146623965380615,0.0104354914024035,1.1077539816387951,0.0056573898413509,0.0020615756048348,0.8442560848794015,1,Transition,0.9982
2016-02-05,bist100,-0.0040602843371871,0.0119992249588546,0.0146390279540635,0.009893121387345,0.9001957424342446,0.0019566278715557,0.0024797084100742,0.8196736147036177,1,Transition,0.9994
2016-02-08,bist100,-0.0300730172888229,0.0139853715979474,0.0150899908484454,0.0368169955266765,1.2159498023313458,-0.0039670509574533,0.0006684280601667,0.926797884664601,2,Stress/Bear,0.905
2016-02-09,bist100,-0.008227599604261,0.0139511042479494,0.0150741119931989,0.0199510213318902,1.2007593484504664,-0.0030322773538206,-0.0002271679918189,0.9255009020925266,1,Transition,0.9784
2016-02-10,bist100,0.0027827328860233,0.0137374431600917,0.0150809583216237,0.019458530057719,0.9532194427243288,-0.0045644623492996,-0.000620654138745,0.91091314405361,1,Transition,0.9933
2016-02-11,bist100,-0.009435066685829,0.0137854013127988,0.0150922810416855,0.0196189873446037,1.1231508921758186,-0.0098026470060153,-0.0006991186963464,0.9134074083780268,1,Transition,0.9902
2016-02-12,bist100,-6.057125926578566e-05,0.0135128352930148,0.0150938198812073,0.0091081627234213,0.8746674657147882,-0.0090027043904311,-8.774534428016242e-05,0.895256164401372,1,Transition,0.9964
2016-02-15,bist100,0.0009961203902744,0.013514856252272,0.0150846524896116,0.0300009326189271,1.0510514329997591,-0.0027888768546116,-2.2244673987872443e-05,0.895934212709197,1,Transition,0.9767
2016-02-16,bist100,-0.0008298163357501,0.0135154865937917,0.0150331548163049,0.014213039889438,0.8389531521165154,-0.0013093202009094,-8.730997069777188e-05,0.8990452608878162,1,Transition,0.9863
2016-02-17,bist100,0.0258219605071504,0.013765360621575,0.01436576184909,0.0302480021293853,1.0652386218381191,0.0032985253233159,0.0022482008507128,0.9582060990692922,1,Transition,0.5536
2016-02-18,bist100,0.0087712070380571,0.013213038431692,0.0143765853133305,0.0153064663045249,0.9856508692647769,0.0069397800680932,0.0034366395125325,0.919066533792301,1,Transition,0.9931
2016-02-19,bist100,-0.0058868679598012,0.0124179839945197,0.0140606036880647,0.0107430714265413,0.8359417065073376,0.0057745207279861,0.0019348445946858,0.8831757348413634,1,Transition,0.9795
2016-02-22,bist100,0.0254020825022373,0.0134810640119379,0.0144078267660728,0.0177252009526547,1.0097997242618386,0.0106557131503787,0.0029953345823505,0.9356764368990568,1,Transition,0.9824
2016-02-23,bist100,0.0080574703206078,0.0130856242259577,0.014429829282029,0.0165497948596022,1.209406302950551,0.0124331704816503,0.0025060756949435,0.9068453943703,1,Transition,0.9895
2016-02-24,bist100,-0.0191571416022903,0.013948258256714,0.0143876189842939,0.0241593274916593,1.066747755762112,0.0034373500597621,0.0013786144031574,0.9694625825121198,1,Transition,0.9692
2016-02-25,bist100,0.0152036857090131,0.0142683959384339,0.0145181889707264,0.0153334782348271,0.971774789666596,0.0047238457939533,0.0018795921743455,0.9827944771351202,1,Transition,0.95
2016-02-26,bist100,-0.0036355226112168,0.0140007082557708,0.0144377213726003,0.0157723392598194,0.9401688812317603,0.0051741148636702,0.0009756397681952,0.9697311573238384,1,Transition,0.9257
2016-02-29,bist100,0.0117472365459656,0.0141995444288523,0.0143671431110149,0.0201941574054059,0.9224168723304492,0.0024431456724159,0.0015857327526824,0.9883345853196014,1,Transition,0.9746
2016-03-01,bist100,0.0018581326091914,0.0137844632501033,0.0143523779408632,0.007142370983024,0.8464950160731629,0.0012032781301326,0.0023237127642632,0.9604306204100896,1,Transition,0.8797
2016-03-02,bist100,0.010902015188061,0.0137990472101757,0.0143347075013816,0.0088738632650389,0.9685797618921468,0.0072151094882029,0.0023466306304953,0.9626319343346004,1,Transition,0.8994
2016-03-03,bist100,0.0005247064082952,0.0133778715114037,0.0141098987809538,0.0138126910529047,1.0048017975019283,0.0042793136280593,0.0015350731210226,0.948119594554552,1,Transition,0.8204
2016-03-04,bist100,0.004711116425305,0.0133284693908539,0.0135248003167414,0.0133073475658861,0.9993758560460848,0.0059486414353636,0.0019736431591472,0.9854836358918764,1,Transition,0.6487
2016-03-07,bist100,0.0037859996707193,0.0109887223732714,0.0129352781011198,0.0108332522640006,1.006994854902864,0.0043563940603144,0.0036665940071243,0.8495157419398722,1,Transition,0.9328
2016-03-08,bist100,0.0025649055046775,0.0106331317763836,0.0127735116634279,0.0126914182190403,1.138454482627129,0.0044977486394116,0.0042062192625712,0.8324360642991812,1,Transition,0.9818
2016-03-09,bist100,0.0134933914675641,0.0108256412958049,0.0118441633049159,0.0170159853195238,1.022578429137442,0.0050160238953122,0.0047417521916483,0.914006419627106,1,Transition,0.9882
2016-03-10,bist100,0.0036319660478112,0.0103068902462598,0.0118029351696354,0.0147942380124779,1.2699623189514329,0.0056374758232154,0.0053951038283303,0.8732480605989941,1,Transition,0.9876
2016-03-11,bist100,0.00448851963812,0.010230065434923,0.011727583956315,0.0109549106718245,0.9469438915460322,0.0055929564657784,0.0056225583731996,0.8723080110131659,1,Transition,0.9435
2016-03-14,bist100,0.0091629385515379,0.0101986223391271,0.011519276834757,0.0116676190258508,0.9596275277432812,0.0066683442419421,0.0060308992812628,0.885352655850313,1,Transition,0.9758
2016-03-15,bist100,-0.0135705181857737,0.0110149561684501,0.0116049214192769,0.0166593736084172,1.0716110081969077,0.0034412595038519,0.0053938641887616,0.9491624949870996,1,Transition,0.9914
2016-03-16,bist100,0.0042690141542892,0.0099100895477575,0.01159719137415,0.0145473074331227,0.9183850955556144,0.0015963840411969,0.0043162168711185,0.8545249645398633,1,Transition,0.8846
2016-03-17,bist100,0.0249834781707467,0.0109066239832365,0.011903085760292,0.0122037811695754,1.16753758921984,0.005866686465784,0.005126830427753,0.9162854240385554,1,Transition,0.9874
2016-03-18,bist100,0.0190645979085998,0.0110070922477319,0.0121131644398262,0.0207637216575449,1.0539851188656348,0.00878190211988,0.0063744037211731,0.9086884193152918,1,Transition,0.9812
2016-03-21,bist100,0.0055222124069372,0.0100547938913208,0.0121222349206822,0.0130343852806509,1.0864573201636762,0.0080537568909598,0.0053804102164081,0.8294505062070682,1,Transition,0.996
2016-03-22,bist100,-0.0198179414073979,0.0114932865267811,0.0124433034838405,0.0228702494915271,1.3955928384686638,0.006804272246635,0.0039866396300078,0.923652351781575,1,Transition,0.8424
2016-03-23,bist100,-0.0170513723023291,0.0112777346821689,0.0126517924726627,0.0194480711647954,1.126108398549185,0.0025401949553113,0.0040919280950058,0.8913942199524125,1,Transition,0.9944
2016-03-24,bist100,0.0120526669813447,0.0111354447174668,0.0126403543077332,0.015592786898479,0.9796641399711168,-4.596728256903923e-05,0.0039343771586224,0.8809440341916939,1,Transition,0.9822
2016-03-25,bist100,-2.3331649229496448e-05,0.0110350449701334,0.0123060478225037,0.0056971900714346,0.415209595918321,-0.0038635531941349,0.0041149867067218,0.8967172181757681,1,Transition,0.9484
2016-03-28,bist100,-0.0001463040998593,0.0109219881519597,0.0120526075199843,0.0105477215858903,0.4829088943827032,-0.0049972564954942,0.0035203096744305,0.9061929656176132,1,Transition,0.9056
2016-03-29,bist100,0.0047707697811453,0.010918076087887,0.0120565586138621,0.0091810553856341,0.8218944404470074,-7.951425778559181e-05,0.0036659415330282,0.9055715181721812,0,Calm/Bull,0.5119
2016-03-30,bist100,0.0143845555807211,0.011066318849126,0.0121403167811064,0.0089474706996889,0.9477618675643056,0.0062076713188244,0.0038400685526612,0.9115346039691636,1,Transition,0.5951
2016-03-31,bist100,0.004214605490849,0.0110388613270232,0.012140404218237,0.0115291436935172,0.9715374334805764,0.0046400590207253,0.0040245635067889,0.9092663743799342,1,Transition,0.6238
2016-04-01,bist100,-0.0109717812038685,0.0115334617627336,0.0121115002321295,0.0136318510901241,0.884512534864561,0.0024503691097975,0.0032404186253302,0.952273586399932,1,Transition,0.6955
2016-04-04,bist100,0.0182099959636373,0.0120104824127967,0.012271021258842,0.0151777845228776,1.0174098335792148,0.0061216291224968,0.0039616184399761,0.9787679574055358,1,Transition,0.947
2016-04-05,bist100,-0.0108945734870834,0.0124614771042757,0.0123616212149814,0.0148980715183355,0.9750706499381948,0.0029885604688511,0.0032886444903881,1.00807789589713,1,Transition,0.838
2016-04-06,bist100,-0.0176663614535485,0.0130523414393224,0.0125807486901016,0.0185840383264668,0.9981652520835438,-0.0034216229380028,0.0017306568443324,1.0374852690278955,1,Transition,0.942
2016-04-07,bist100,-0.0042612644005572,0.013111027325553,0.0125416246724309,0.0144386132211476,0.860463810384729,-0.005116796916284,0.001335995321914,1.0454010280162365,1,Transition,0.6397
2016-04-08,bist100,0.0163433655052875,0.0135225690389036,0.0125330476091171,0.0205098411845405,0.9998681087605452,0.0003462324255471,0.0019287376152724,1.0789529778109743,1,Transition,0.9539
2016-04-11,bist100,0.0178442569528061,0.0139010401408715,0.0126825877003921,0.0214318743755195,1.1952500537001884,0.0002730846233808,0.0023628035353358,1.0960728574691216,1,Transition,0.9526
2016-04-12,bist100,-0.0031924888830148,0.0134617289519486,0.012702747810812,0.0139298581665297,1.2418926192707256,0.0018135015441946,0.0028817050004737,1.059749367022032,1,Transition,0.6752
2016-04-13,bist100,0.0233388403058513,0.0142192079612877,0.0125917522956024,0.0209997911039036,1.2358924089516512,0.0100145418960745,0.0038351963080519,1.129247751026173,1,Transition,0.8777
2016-04-14,bist100,0.0010297767677056,0.0133248149752902,0.0123613083653198,0.0106557559588127,1.2728259533478676,0.0110727501297271,0.0026375112378998,1.0779453583306395,1,Transition,0.8378
2016-04-15,bist100,-0.0024707945131192,0.0127867533083636,0.0120909073572726,0.0161278093729393,0.9769399990950424,0.0073099181260458,0.0015607416168138,1.0575511771391093,1,Transition,0.6119
2016-04-18,bist100,0.0089625480812782,0.0128657477452604,0.0121126050501883,0.0160869734563594,1.0007131192799086,0.0055335763517402,0.0017327584005309,1.0621784242077887,0,Calm/Bull,0.61
2016-04-19,bist100,-0.0010742009436291,0.0118563813687607,0.0119749082646097,0.0102816522965456,1.0037384885393763,0.0059572339396173,0.0026699454237193,0.990102062309796,0,Calm/Bull,0.8301
2016-04-20,bist100,-0.0081582787996395,0.0112279433263284,0.0120619093106553,0.0194015312413516,1.3546581926995005,-0.0003421898814808,0.0031146000988538,0.9308595378353424,1,Transition,0.8994
2016-04-21,bist100,0.0014087059401208,0.0110325448116451,0.0120594359774764,0.0155514693047919,0.9183058718134206,-0.0002664040469977,0.0025824020467926,0.9148474963713702,0,Calm/Bull,0.5124
2016-04-22,bist100,0.0018413199809129,0.0110172337813056,0.0119625402172302,0.0090728276056085,0.8083681870112033,0.0005960188518086,0.0026756346282997,0.9209777840861042,0,Calm/Bull,0.8573
2016-04-25,bist100,-0.0084159270872171,0.0112807461341808,0.0120407670672087,0.0101869946393674,0.7804657879808836,-0.0028796761818904,0.0022621534789318,0.9368793591981596,0,Calm/Bull,0.627
2016-04-26,bist100,0.0075732369928693,0.0113308409934301,0.0118873019838625,0.0104412347278561,0.9324536000256948,-0.0011501885945907,0.002402276839518,0.9531886216748052,0,Calm/Bull,0.7987
2016-04-27,bist100,-0.0044667488421601,0.0110625283129248,0.0118805948805688,0.0097161528735915,0.7314915013946374,-0.0004118826030948,0.001459711618374,0.9311426257802944,0,Calm/Bull,0.9227
2016-04-28,bist100,0.0012127646558414,0.0110435313548957,0.0117341178141218,0.0106834828448263,0.8943732959140449,-0.0004510708599507,0.0013096195766236,0.9411471343508302,0,Calm/Bull,0.9461
2016-04-29,bist100,-0.0017563924039409,0.0106907573601587,0.0117167427569392,0.0096861716993085,0.7150491325331837,-0.0011706133369214,0.00177038901662,0.9124342474641308,0,Calm/Bull,0.9129
2016-05-02,bist100,-0.0177105903161462,0.0108003094960503,0.0112361477009312,0.0173792966065747,0.6427527576998732,-0.0030295459827073,-2.5640297369146185e-05,0.9612110648167436,0,Calm/Bull,0.5684
2016-05-03,bist100,-0.033479204664824,0.01296105705755,0.0120867843627204,0.0420048144891821,1.1580194114067812,-0.0112400343142459,-0.0011548718562561,1.0723329438660392,2,Stress/Bear,0.9977
2016-05-04,bist100,-0.02103135819384,0.0132061992244986,0.0124499729018849,0.024816668891285,1.2728072453613302,-0.0145529561845819,-0.0013231216932707,1.0607412022960536,1,Transition,0.586
2016-05-05,bist100,-0.0086512779252044,0.0132937972109665,0.0124384797575992,0.0303475050261971,1.3839975205002852,-0.0165257647007911,-0.0015426223695031,1.0687638256471623,2,Stress/Bear,0.8929
2016-05-06,bist100,-0.0042109039534054,0.0126154940369801,0.0124601247607897,0.0203132269897214,1.2115032924999096,-0.017016667010684,-0.0025703358424377,1.0124693194629446,1,Transition,0.6973
2016-05-09,bist100,0.0088165576588173,0.0119927475519049,0.0124939165461772,0.0108535438201284,0.8084385084617957,-0.0117112374156913,-0.0030217208071372,0.9598869583913124,1,Transition,0.9902
2016-05-10,bist100,-0.0032900873781312,0.0119928405520655,0.0125066933319526,0.0134869583624462,0.906698090042707,-0.0056734139583527,-0.003026600731893,0.958913777906888,1,Transition,0.6815
2016-05-11,bist100,0.0028562097193402,0.0103903556890165,0.0121023765023227,0.0144697426892473,0.967163978247678,-0.0008959003757167,-0.0040507322612185,0.8585384603612664,1,Transition,0.9917
2016-05-12,bist100,-0.0091984483240658,0.0103788421288737,0.0121383300226359,0.0169059991775072,0.9266668060023876,-0.001005334455489,-0.0045621435158071,0.8550469553487989,1,Transition,0.9981
2016-05-13,bist100,-0.0063518907757796,0.0103739634205801,0.0121429931784971,0.0129973501850477,0.8481484087353389,-0.0014335318199638,-0.0047561983289401,0.8543168284859411,1,Transition,0.9982
2016-05-16,bist100,-0.0104478133908997,0.0099210451388655,0.0118021343144045,0.0194819668783734,0.6884745202398003,-0.0052864060299072,-0.005726716402549,0.8406144918005956,1,Transition,0.999
2016-05-17,bist100,0.0035974032601132,0.0100899056106301,0.0117674799516378,0.017027131049143,0.9197141964169578,-0.0039089079022583,-0.0054931361923619,0.857439796124385,1,Transition,0.9987
2016-05-18,bist100,-0.0004309424992303,0.0101303476922503,0.0114852609737623,0.0141850539533015,1.0190840236423693,-0.0045663383459724,-0.0051067693773414,0.8820302573352723,1,Transition,0.9878
2016-05-20,bist100,-0.0115390508177154,0.0101057449753111,0.0114316506499566,0.0155741871949533,0.946104482447761,-0.0050344588447024,-0.0057541572152333,0.8840145036578274,1,Transition,0.9967
2016-05-23,bist100,0.0053315627736909,0.0102725704586035,0.0114385498621538,0.0099224330136187,0.7232200538791057,-0.0026977681348082,-0.0055796450755944,0.8980658022562712,1,Transition,0.9973
2016-05-24,bist100,0.0341735506574973,0.0135463478615342,0.0121592062282757,0.0383437053574721,1.3999484394539214,0.0062265046748711,-0.0034501711883586,1.1140815944080935,2,Stress/Bear,0.9996
2016-05-25,bist100,-0.0104465569138401,0.013372724605263,0.012244139398624,0.0171430829768231,1.0013518608741516,0.0034177126400804,-0.0043511608836941,1.09217350194214,1,Transition,0.9554
2016-05-26,bist100,-0.0073223559914411,0.0133892581044785,0.0122095454850893,0.0126993649339846,0.978033125220985,0.0020394299416383,-0.0044939412411582,1.0966221568878087,1,Transition,0.922
2016-05-27,bist100,-8.588366632484251e-05,0.0133632500265968,0.0122095828761389,0.0090697202723958,0.7013064044214846,0.0043300633719164,-0.0045588736572665,1.094488662074817,1,Transition,0.931
2016-05-30,bist100,0.006467680396935,0.0135788182546369,0.0122225395101869,0.0117208650656529,0.7033049498658976,0.0045572868965652,-0.0041476700172227,1.1109653802566652,1,Transition,0.8595
2016-05-31,bist100,-0.0093618409420336,0.0132646175361955,0.0122764985808899,0.0167371904241866,0.8835034407606547,-0.0041497914233409,-0.003730232548517,1.0804886628540638,1,Transition,0.6114
2016-06-01,bist100,-0.0099265369677655,0.011398771697323,0.0123392049805005,0.0132512173240682,0.8616683602168822,-0.004045787434126,-0.0025525991636641,0.9237849371443604,1,Transition,0.6487
2016-06-02,bist100,-0.0099513172789373,0.0107013183080313,0.0122711959912721,0.0158852721453575,0.6869803452477327,-0.0045715796916252,-0.001998597117919,0.8720680784206077,1,Transition,0.8247
2016-06-03,bist100,0.0241884653865177,0.0120599984741096,0.0126698662306118,0.0255659370169816,0.874837976138638,0.0002832901189432,-0.0003566099523329,0.951864704377962,1,Transition,0.9128
2016-06-06,bist100,0.0057843796543441,0.0120989094486753,0.0126790738740345,0.0079244668769088,0.7851168112437615,0.000146629970425,0.0001431542280545,0.9542423657182624,0,Calm/Bull,0.8104
2016-06-07,bist100,-0.0055528076043915,0.011982840161353,0.0126378171857177,0.017864047099972,1.0553406846804978,0.0009084366379535,-0.0005753140351058,0.9481732474256038,1,Transition,0.5023
2016-06-08,bist100,0.0086006002536509,0.0121350703041161,0.0125704877326019,0.0170184287080378,1.0412446500369354,0.0046138640822367,1.9220346483223625e-05,0.965361930439936,1,Transition,0.625
2016-06-09,bist100,-0.0143220865307314,0.0125253607481884,0.012690976452754,0.0166977204362759,0.9458134075007422,0.0037397102318779,-0.0008396944660203,0.9869501211997254,1,Transition,0.8574
2016-06-10,bist100,-0.0106651138138635,0.0125810448890208,0.0123136302455853,0.0145109035791275,0.8244333547996368,-0.0032310056081982,-0.0009130277405102,1.0217169622688147,0,Calm/Bull,0.8024
2016-06-13,bist100,-0.0046030458522662,0.0125472857184583,0.0120377395702692,0.015290013091644,0.9337949579211466,-0.0053084907095203,-0.0008255854943345,1.0423290556515683,0,Calm/Bull,0.8363
2016-06-14,bist100,-0.0101738372747158,0.0125363723192751,0.0120566129124634,0.0166145546740872,1.0612142738625612,-0.0062326966435852,-0.0008118866885253,1.0397922211067898,0,Calm/Bull,0.7229
2016-06-15,bist100,0.0062884096098349,0.0126004642386008,0.0118575080224829,0.0069507080084575,0.906058924199957,-0.0066951347723484,-0.0006773363710392,1.062657028332523,1,Transition,0.7255
2016-06-16,bist100,-0.0207510709093712,0.013374978620705,0.0119507640209867,0.0189791751708701,0.7626142594632433,-0.0079809316480764,-0.0016933427915463,1.1191735187153955,1,Transition,0.8952
2016-06-17,bist100,0.010110520507366,0.0134122274030215,0.01191676357279,0.0116332389769702,0.9726236397471986,-0.0038258047838304,-0.0006108642252922,1.125492447768798,0,Calm/Bull,0.6791
2016-06-20,bist100,0.027364352396299,0.0147628572861187,0.0124763617821978,0.0145544737955541,0.8624641638048526,0.0025676748658825,0.0004907752558381,1.1832662072354705,1,Transition,0.8815
2016-06-21,bist100,0.0001070697697557,0.012457271740029,0.0124766311856332,0.0095807356527497,1.0431206302376672,0.0046238562747769,-0.0012125487885489,0.9984483435218824,0,Calm/Bull,0.6573
2016-06-22,bist100,-0.0034096554467184,0.0122808649562302,0.0124594063794134,0.011134062802146,0.8161163405108541,0.0026842432634662,-0.0008607037151928,0.9856701501061712,0,Calm/Bull,0.8486
2016-06-23,bist100,0.0093058734433058,0.0123828291080493,0.0123704903930357,0.0146134736684265,1.104556670051949,0.0086956321340016,-2.9292243455508476e-05,1.00099743135653,1,Transition,0.7939
2016-06-24,bist100,-0.0342231282295254,0.0145535351487618,0.0130702437177261,0.020060902668543,1.2195428643686548,-0.0001710976133766,-0.0017361544716155,1.113486134082105,2,Stress/Bear,0.5208
2016-06-27,bist100,-0.0027210029502016,0.0144253938121766,0.0130139147163947,0.0136507452364908,1.3140165230851202,-0.0061881686826768,-0.0021955886389723,1.1084592243411362,1,Transition,0.6894
2016-06-28,bist100,0.0232516798949604,0.0153841578850127,0.0131589626581473,0.0160954075799565,1.08407503348294,-0.0015592466576358,-0.0005649125971226,1.1691011126540227,1,Transition,0.9258
2016-06-29,bist100,-0.0028287285377338,0.015238006276412,0.0131018171395471,0.013442493639021,1.2870496964317757,-0.0014430612758389,-0.000210022175621,1.1630452565558151,1,Transition,0.8048
2016-06-30,bist100,0.001370433412424,0.0150664070000981,0.0129282600540273,0.011333451404189,0.9980528637274328,-0.0030301492820153,0.0003560653589469,1.1653855149212182,1,Transition,0.9052
2016-07-01,bist100,0.0146659600840654,0.0144097767771299,0.0130771096296299,0.0099356353360157,0.7475442337285074,0.0067476683807028,-0.0001200599061756,1.1019083868869963,0,Calm/Bull,0.5348
2016-07-04,bist100,0.0055725444684511,0.0144052855118902,0.0129124506347087,0.0049447273618032,0.300240587903083,0.0084063778644334,-0.0001306516654702,1.1156120491310009,0,Calm/Bull,0.7649
2016-07-08,bist100,-0.0047082655124835,0.0143897841574127,0.0126852161119964,0.0089362555345539,0.8560539730211649,0.0028143887829446,-8.842456087489108e-05,1.134374379621666,0,Calm/Bull,0.6381
2016-07-11,bist100,0.01545928932564,0.014686427762289,0.0128635565692084,0.0083865148673992,1.001520946284268,0.0064719923556194,0.0002545098927245,1.1417081802589468,1,Transition,0.7226
2016-07-12,bist100,0.0237776807111457,0.0151595285942326,0.0128776991397999,0.0233112727843312,1.5322135068741112,0.0109534418153637,0.0021594982548184,1.1771923252485776,2,Stress/Bear,0.6359
2016-07-13,bist100,0.0022170849733869,0.0148565950728714,0.0128816425283136,0.0088771297050453,1.2698836548593069,0.008463666793228,0.0028036081941809,1.1533152732826433,1,Transition,0.8525
2016-07-14,bist100,0.0154733375627277,0.0150072971471306,0.013051513459593,0.013414535820686,1.1245355265271106,0.0104438254120834,0.0038074273649306,1.14985110298454,1,Transition,0.9672
2016-07-15,bist100,0.0028486283280442,0.0146469409231771,0.0129994200943452,0.0071391820305346,0.9373171931575612,0.0119552041801889,0.0044585506450686,1.126738024994561,1,Transition,0.9435
2016-07-18,bist100,-0.0734802135801594,0.0227446646289412,0.0160404761389696,0.0738423874500284,2.129928158403409,-0.0058326964009709,0.0004701194855689,1.4179544567061808,2,Stress/Bear,1.0
2016-07-19,bist100,-0.010184478986704,0.0223449918045482,0.0160560001182035,0.032665900429496,1.7590061443906602,-0.0126251283405409,0.0009984490817022,1.3916910587970486,2,Stress/Bear,1.0
2016-07-20,bist100,-0.0168788168500914,0.0225794737842991,0.0161646807554792,0.0292005955014704,1.2972402824718603,-0.0164443087052365,-0.0003510177861705,1.396840069151717,2,Stress/Bear,0.999
2016-07-21,bist100,-0.0451660259927204,0.0236910270798663,0.0170769940462965,0.0371424262597737,1.4148345711278685,-0.0285721814163262,-0.0039775367056215,1.3873066311107731,2,Stress/Bear,1.0
2016-07-22,bist100,0.0020008846879878,0.0237119875339945,0.0170741796629589,0.0331162728015017,1.2236126171942747,-0.0287417301443375,-0.0038828459597099,1.388762915821704,2,Stress/Bear,1.0
2016-07-25,bist100,0.0333875496278111,0.0251354912281815,0.0176565456109377,0.0265175266140491,0.9790761695068768,-0.0073681775027433,-0.0020429857059834,1.4235792086426402,2,Stress/Bear,0.9999
2016-07-26,bist100,-0.0065547679104754,0.0250084691379166,0.0176627081063326,0.0220236429309958,0.964617187215793,-0.0066422352874976,-0.0028360177736725,1.415890982705555,2,Stress/Bear,0.9699
2016-07-27,bist100,0.0186380417753347,0.0243000069415766,0.0178660935670411,0.0175504120293279,1.0292255720825845,0.0004611364375875,-0.0001929592734295,1.36011864319375,2,Stress/Bear,0.967
2016-07-28,bist100,0.0022405159617499,0.0242981658104016,0.0178750831842258,0.0138243831404596,0.963727101454489,0.0099424448284816,5.511667216806647e-05,1.359331621563806,2,Stress/Bear,0.9604
2016-07-29,bist100,0.002142669944702,0.0236883428932197,0.0177645528330219,0.0151369098434877,0.836889345329093,0.0099708018798244,-0.0010003338253448,1.3334612537607042,2,Stress/Bear,0.9047
2016-08-01,bist100,0.0171740493034416,0.024026929858771,0.0174323541754195,0.0080822680540002,0.8844751707880211,0.0067281018149505,-1.949332860757408e-07,1.378295187040785,2,Stress/Bear,0.9448
2016-08-02,bist100,-0.0119044837194269,0.0241700076307357,0.0172931613372515,0.0138542607296746,1.00418196689813,0.0056581586531602,-0.0006639407898786,1.3976627615605883,2,Stress/Bear,0.9578
2016-08-03,bist100,-0.0166502373040776,0.0241389799560127,0.0173855444188632,0.0224890493457524,0.8708720078766979,-0.0013994971627222,-0.0022297506592857,1.3884511968358055,2,Stress/Bear,0.8848
2016-08-04,bist100,0.0208850987152221,0.0246371707294473,0.0176050893873095,0.0245713078014475,0.9481485420066968,0.0023294193879722,-0.0014641229469472,1.3994345718691286,2,Stress/Bear,0.9723
2016-08-05,bist100,-0.0007871701464702,0.0246255948409607,0.0175627050658159,0.0214737158675062,0.8500092636941224,0.0017434513697377,-0.0012680681786465,1.4021527292451077,2,Stress/Bear,0.8458
2016-08-08,bist100,0.0222753199499527,0.0249147411723049,0.017805857411932,0.012257852386281,0.9089519227547026,0.0027637054990399,-0.0009272666474309,1.3992441136594225,2,Stress/Bear,0.986
2016-08-09,bist100,0.0095430748205428,0.0243692047385509,0.0178463049614233,0.0141854324278696,1.3256781546050802,0.0070532172070339,-0.001638996941961,1.365504220130025,2,Stress/Bear,0.9989
2016-08-10,bist100,-0.0072751149870884,0.0243825822410341,0.0178314181472261,0.0154062802365826,0.946033073710822,0.0089282416704318,-0.0021136069399848,1.3673944517322183,2,Stress/Bear,0.9849
2016-08-11,bist100,0.0137323466361615,0.0243195157645272,0.0178999588159266,0.0164918035622771,0.8236306756892122,0.0074976912546196,-0.0022006564863131,1.3586352915454023,2,Stress/Bear,0.9443
2016-08-12,bist100,-0.0102377301390446,0.0243525365913925,0.0178978491179833,0.0170757279486952,0.813054512757647,0.0056075792561048,-0.0028549744096676,1.360640400467096,2,Stress/Bear,0.9659
2016-08-15,bist100,0.0031142292483189,0.017803379751695,0.0178964324720988,0.0101501273675742,0.6534556711433853,0.001775361115778,0.0009747477317563,0.9948004877201728,1,Transition,0.9885
2016-08-16,bist100,-0.0098029786205586,0.0177909942450537,0.0179433665238758,0.0163949736177217,0.8839259719221491,-0.0020938495724422,0.0009938227500635,0.99150815547242,1,Transition,0.9865
2016-08-17,bist100,0.0056553610353458,0.0173064929746987,0.0178915656086207,0.0127592343069189,0.7572471931596275,0.0004922456320446,0.0021205316443354,0.9672989694294788,1,Transition,0.9928
2016-08-18,bist100,-0.0022662924026807,0.0133416356953764,0.0178828562475796,0.0156353769690115,0.7677334185370562,-0.0027074821757238,0.0042655183238374,0.7460573138131738,1,Transition,0.9987
2016-08-19,bist100,0.0022380969598357,0.0133396217809837,0.0173228348870257,0.0120340002782093,0.663343815767843,-0.0002123167559477,0.0042773789374298,0.7700599739003827,1,Transition,0.9988
2016-08-22,bist100,-0.0024638031587306,0.0115045533309148,0.0172739575469759,0.0085384982118027,0.713114664652908,-0.0013279232373577,0.0024848112981027,0.6660056503918435,1,Transition,0.9999
2016-08-23,bist100,-0.0079813894852846,0.0115677996899004,0.017278811044888,0.0124034452304489,0.943131663929388,-0.0009636054103029,0.0024134802193622,0.6694789161041719,1,Transition,0.9998
2016-08-24,bist100,-0.0158660672543202,0.0115936565795585,0.0173974976425578,0.0154672155315416,1.1352193712338354,-0.0052678910682361,0.0006882747678795,0.6663979393909015,1,Transition,0.9992
2016-08-25,bist100,0.0088106043599027,0.0117322072832587,0.0174158242032277,0.0073772830709972,1.1386631080070966,-0.0030525117157194,0.0010167791877871,0.6736521422330595,1,Transition,0.9984
2016-08-26,bist100,0.0042857069655877,0.0117527996562654,0.0173855520350857,0.0138033157304282,0.9576839726368136,-0.002642989714569,0.0011239310388314,0.676009575798754,1,Transition,0.9998
2016-08-29,bist100,-0.0130635153266633,0.0115220601177269,0.0174201423008229,0.0114820998524765,0.6443067786802543,-0.0047629321481555,-0.0003879471926738,0.6614216990169312,1,Transition,0.9999
2016-08-31,bist100,-0.0019883058375726,0.0112095202085333,0.0173748617295753,0.0085010476066057,0.8997331442528447,-0.0035643154186131,0.0001078617014189,0.6451573763866315,1,Transition,0.9999
2016-09-01,bist100,-0.0015123350145794,0.0105075082770144,0.0170810792466801,0.0083965143228526,0.7899855871456991,-0.0006935689706649,0.0008647568158938,0.615154822787714,1,Transition,1.0
2016-09-02,bist100,0.0135070691143359,0.009878309780004,0.0171581212841737,0.0130365540635106,0.8817313112746767,0.0002457239802216,0.0004958553358495,0.5757221094547017,1,Transition,0.9999
2016-09-05,bist100,0.0117317425816078,0.0101846166945964,0.0172145731365729,0.0072733432569852,0.8493973401019738,0.0017349311034256,0.0011218009722534,0.5916276060867818,1,Transition,0.9999
2016-09-06,bist100,0.0026086929070664,0.0089035847264043,0.0171807190111706,0.0063146197549027,0.8988934650832067,0.0048693727501716,0.0001384696201091,0.5182312056099247,1,Transition,1.0
2016-09-07,bist100,-0.0045181186597492,0.0086740810402161,0.0170903038217702,0.0105225259502106,0.8416075572417857,0.0043634101857363,-0.0005645900539055,0.5075439928204694,1,Transition,1.0
2016-09-08,bist100,0.002576350779792,0.0085518103700685,0.0170358497650256,0.0095949359763916,0.9285568481069392,0.0051811473446106,-7.201676556147303e-05,0.5019890694049984,1,Transition,1.0
2016-09-09,bist100,-0.0102004222819117,0.008185098878865,0.017077904707915,0.0095142113140148,1.203569205534567,0.000439649065361,-0.0012686552114651,0.4792800416008582,1,Transition,0.9999
2016-09-16,bist100,-0.0134995290350494,0.0084028160452288,0.017117208385272,0.0163773072877776,1.060545238057049,-0.0046066052579703,-0.0014317451562653,0.4908987409686959,1,Transition,1.0
2016-09-19,bist100,0.0214789341267184,0.0098111356040128,0.0173220468237979,0.0158773915336714,1.111171136508934,-0.0008325570140399,-0.0005135099123454,0.5663958597856764,1,Transition,0.9997
2016-09-20,bist100,-0.0046107409545292,0.0096192087476852,0.0171134963119158,0.0090593043628325,1.217560041187114,-0.0008510814729959,-0.0002538980290439,0.5620831986849815,1,Transition,0.9997
2016-09-21,bist100,0.007761400833025,0.0096985030442198,0.0170939977484254,0.0125597765194204,1.231965918004118,0.0001859285376506,-0.0001485960391599,0.5673630701813571,1,Transition,0.9998
2016-09-22,bist100,0.0238421186252388,0.0110599932439698,0.0170061399777603,0.013994517692058,1.5572739134697295,0.0069944367190807,0.001156824512236,0.6503529465495049,1,Transition,0.9222
2016-09-23,bist100,-0.0004950860459435,0.0110628151563686,0.0170065424208678,0.0071667883451874,1.137145591396216,0.0095953253169019,0.001020165361947,0.650503487575116,1,Transition,0.9989
2016-09-26,bist100,-0.0387403223767633,0.0141946816592358,0.0177390838587471,0.0104802670851645,1.4445637853688351,-0.0024485259837944,-0.0007936605989545,0.8001924886462738,2,Stress/Bear,0.9911
2016-09-27,bist100,0.0056535343642051,0.0141586835540009,0.017712446469488,0.0107776162871179,1.0674488814549088,-0.0003956709200475,-0.00011191440648,0.7993635197933359,1,Transition,0.9985
2016-09-28,bist100,0.0066792253625745,0.0137293573585853,0.0171583821332099,0.0081040882437132,1.1134017446321849,-0.0006121060141376,0.0010153502243646,0.8001545397460397,1,Transition,0.9966
2016-09-29,bist100,-0.0077671498808964,0.0137343883438097,0.0171867987192195,0.0138109988156661,1.2141469457651934,-0.0069339597153647,0.0001864625123246,0.7991242911602197,1,Transition,0.989
2016-09-30,bist100,-0.0076632364007204,0.0138063870535042,0.0169525096213313,0.0078483581718912,0.8897647823108996,-0.0083675897863201,-0.0004109846559907,0.814415526780277,1,Transition,0.9969
2016-10-03,bist100,0.0095893673992835,0.0136419882021021,0.0169943313972031,0.0067425971205946,0.9279398783868632,0.0012983481688892,0.0007216594803066,0.8027375648533772,1,Transition,0.999
2016-10-04,bist100,-0.0021726732409204,0.0136439779473538,0.0169960372574158,0.008344420389157,1.347590430224452,-0.0002668933521358,0.0007124411101392,0.8027740667254974,1,Transition,0.941
2016-10-05,bist100,0.0102755905848584,0.0137965689668872,0.0169414172279751,0.0190871658162349,1.4060648139474394,0.0004523796923209,0.0013018373901111,0.8143692337678312,1,Transition,0.9758
2016-10-06,bist100,0.0005265368661,0.0134941891753286,0.0169256963427633,0.009799250912852,1.142601024344111,0.0021111170417202,0.0006528107776993,0.7972605027324721,1,Transition,0.998
2016-10-07,bist100,0.0010431629141435,0.0132416151157529,0.016915468432621,0.01057131138302,0.894625938188414,0.003852396904693,0.0001183817943261,0.7828110210780117,1,Transition,0.9996
2016-10-10,bist100,-0.0018060182624443,0.0132347115949045,0.0167942858489184,0.010577481943103,1.1728880135783606,0.0015733197723474,-0.0001023537641494,0.7880484894662502,1,Transition,0.9978
2016-10-11,bist100,-0.0024659337266165,0.0132065995991667,0.0164957451057204,0.0078474592526094,1.1939594562500606,0.0015146676752082,2.5548250720450716e-07,0.8006064299930844,1,Transition,0.9942
2016-10-12,bist100,-0.002350678228237,0.0132019696059873,0.0164924326454161,0.0123042027888318,1.1443526699928426,-0.0010105860874108,-0.0002460959678942,0.8004864952203768,1,Transition,0.9985
2016-10-13,bist100,-0.0084396893141289,0.0131378107977642,0.0163808108351813,0.0128850232265273,1.180972880155624,-0.0028038313234566,-0.0001580593195051,0.8020244498244203,1,Transition,0.9971
2016-10-14,bist100,0.0096383064138368,0.0129180521884906,0.0164326875118333,0.0118730596904098,0.9939176425349648,-0.001084802623518,0.0009988324529392,0.7861192625483926,1,Transition,0.9994
2016-10-17,bist100,-0.0015046241432523,0.0119891747386636,0.0134077549464793,0.0088381231985443,0.9326717270880056,-0.0010245237996796,-0.0001503454605593,0.8941970364555221,1,Transition,0.7877
2016-10-18,bist100,0.0115909860376378,0.0122171252688948,0.0134192607273232,0.0085013715772604,1.1454022367431798,0.0017868601531712,0.000659740889049,0.9104171621033704,1,Transition,0.8197
2016-10-19,bist100,0.011037847299185,0.0123387272450124,0.0132910178872167,0.0092678345229783,0.9813309205626886,0.0044645652586556,0.000823563212357,0.9283508117824296,1,Transition,0.6312
2016-10-20,bist100,0.0005363926510394,0.011087475962083,0.0118341291531353,0.0060540743358077,0.9909764797538484,0.0062597816516893,-0.0003417230863529,0.9369067904033742,0,Calm/Bull,0.6749
2016-10-21,bist100,-0.0051702805825601,0.0111400390155337,0.0118671392419526,0.0079081519495407,0.7331073466068604,0.0032980642524099,-0.0005754828131837,0.9387299490134474,0,Calm/Bull,0.8721
2016-10-24,bist100,0.0137164117484976,0.0071378411139012,0.0112278395187069,0.0107678720546166,0.8031853904769772,0.0063422714307599,0.0020473538930792,0.6357270338615728,1,Transition,0.9974
2016-10-25,bist100,-0.0062661130067403,0.0073162833324404,0.011224501658372,0.011715512871512,0.99357977576261,0.0027708516218843,0.0014513715245319,0.6518136443931499,1,Transition,0.9787
2016-10-26,bist100,-0.0004457635361315,0.0072211765572789,0.0109914265035571,0.0081010214642245,1.069753445711793,0.000474129454821,0.0010951220795966,0.6569826541570312,1,Transition,0.7933
2016-10-27,bist100,-0.0083307292862931,0.0072585824161155,0.0110546552183178,0.010811698683228,0.8697093578365714,-0.0012992949326455,0.0010669431093268,0.6566086660113917,1,Transition,0.8925
2016-10-28,bist100,-0.0051735220061003,0.0071210244377963,0.0110794309655387,0.0084933030200886,0.4322951366814389,-0.0012999432173535,0.0011914288290578,0.6427247446141869,1,Transition,0.9094
2016-10-31,bist100,0.0025920107182861,0.0068535772419006,0.0108684065343567,0.0084623794123756,0.7181161598999541,-0.0035248234233958,0.0008415609950079,0.6305963270913177,1,Transition,0.9003
2016-11-01,bist100,-0.0142034258750168,0.0076174590688493,0.0109164369306622,0.0204124521562829,1.0300581227170742,-0.0051122859970511,0.0002400233633031,0.6977971949302715,1,Transition,0.982
2016-11-02,bist100,-0.0033247347210111,0.00727372495235,0.0106980051279306,0.0059102821572877,0.8059533558195578,-0.005688080234027,-0.0004399929019903,0.6799141396333439,1,Transition,0.8584
2016-11-03,bist100,-0.0063723425506963,0.0073881601037986,0.0103954058175421,0.0122886183644031,0.8530616041150307,-0.0052964028869077,-0.0007849368728301,0.7107139666766293,0,Calm/Bull,0.5709
2016-11-04,bist100,-0.0319898217014313,0.0101384034593129,0.0111916068533671,0.023609467324322,1.35219178945975,-0.0106596628259739,-0.0024365861036088,0.9058934603535208,1,Transition,0.8135
2016-11-07,bist100,0.0188709836053657,0.0112043113416239,0.0110828065437969,0.0092281465809622,0.9909810638294636,-0.0074038682485579,-0.0014027360102183,1.010963359988896,1,Transition,0.863
2016-11-08,bist100,0.0090207998950383,0.011438894221218,0.011075022765087,0.0159740614515593,1.102761486457985,-0.0027590230945469,-0.0008283993291356,1.032855142950862,0,Calm/Bull,0.9439
2016-11-09,bist100,-0.0020815230270341,0.0114371672118615,0.0110411324211872,0.0229712165216497,1.4993939586380682,-0.0025103807557515,-0.0008149415690754,1.0358690373022204,0,Calm/Bull,0.7811
2016-11-10,bist100,0.0019846515907003,0.011308205410067,0.0108898002435063,0.0097904837907533,1.1788590456510346,-0.0008389819274722,-0.000293724523834,1.038421748535766,0,Calm/Bull,0.9896
2016-11-11,bist100,-0.0156561515268453,0.0115508102406155,0.0109932777169906,0.0166760362298436,1.0087096590322864,0.002427752107445,-0.0015584474208681,1.0507157681246584,0,Calm/Bull,0.6663
2016-11-14,bist100,-0.0100955452678977,0.0117073797542528,0.0110484706399243,0.0160914345890512,0.9834761683763004,-0.0033655536672077,-0.0019879934771003,1.0596380382229142,0,Calm/Bull,0.9515
2016-11-15,bist100,0.0097815262914091,0.0116034506600555,0.0110697819372499,0.0090632294097863,0.9294646660856936,-0.0032134083879335,-0.0020784664644118,1.0482095063688408,0,Calm/Bull,0.8962
2016-11-16,bist100,-0.0052231545912007,0.0111986644991647,0.0110553765444886,0.0135301841063199,0.8829340014183426,-0.0038417347007668,-0.0028915165589311,1.0129609293812405,0,Calm/Bull,0.9171
2016-11-17,bist100,0.0050315440225645,0.0113155822997498,0.0110784080768411,0.0110745923112853,0.9380235401573668,-0.003232356214394,-0.0026667589903548,1.0214086916877971,0,Calm/Bull,0.9076
2016-11-18,bist100,0.0066695310049063,0.0114861364638498,0.0111124857324753,0.0170296405249959,0.9379764349536992,0.0012327802919563,-0.0020747684109815,1.0336244059492978,0,Calm/Bull,0.8826
2016-11-21,bist100,-0.0012621105143831,0.0108743457686482,0.0111100484731222,0.0098513395454487,0.8085304960785853,0.0029994672426592,-0.0028236945241255,0.9787847276234432,0,Calm/Bull,0.744
2016-11-22,bist100,0.003546665139889,0.0109320707060463,0.0110785215993698,0.0105590770190931,0.8140428004208864,0.0017524950123552,-0.0023330556167941,0.9867806464960296,0,Calm/Bull,0.9224
2016-11-23,bist100,-0.010276541298387,0.0110629731235688,0.0109686315470118,0.0159456078547705,0.8586518857397627,0.0007418176709179,-0.0028245945049068,1.0086010343362035,0,Calm/Bull,0.736
2016-11-24,bist100,-0.0113088003972524,0.0111605953820129,0.0109948208430454,0.0237583349553387,1.4573943398843745,-0.0025262512130454,-0.0029734980604548,1.0150775116151487,1,Transition,0.5162
2016-11-25,bist100,0.002293978442133,0.0112079316875333,0.0109829019674291,0.0113672001931112,0.8028786885791572,-0.0034013617256001,-0.0026001230380431,1.0204890948468397,0,Calm/Bull,0.9449
2016-11-28,bist100,0.008392209771043,0.0114223417585319,0.0109195468010653,0.005678099617876,0.747962122751741,-0.0014704976685148,-0.0023101130854053,1.046045405237656,0,Calm/Bull,0.9084
2016-11-29,bist100,-0.0105191205274656,0.0112488271727906,0.0109978360940768,0.0124304097011251,0.8598220805058134,-0.0042836548019858,-0.0021258978180277,1.022821860279311,0,Calm/Bull,0.9439
2016-11-30,bist100,-0.0028380146369946,0.0112466233485171,0.011001457793519,0.012575196047944,0.9118819967072956,-0.0027959494697073,-0.0021015618138269,1.0222848243932372,0,Calm/Bull,0.9706
2016-12-01,bist100,-0.0201393131564067,0.0119227527498261,0.0111365693023174,0.0242472455512503,1.2015955765731583,-0.0045620520215382,-0.0027899103441124,1.070594760932797,1,Transition,0.7799
2016-12-02,bist100,0.011938952894801,0.0101792005597979,0.011140607597646,0.023876398303735,1.1248133375802944,-0.0026330571310046,-0.0005934716143008,0.9137024592759928,1,Transition,0.9397
2016-12-05,bist100,0.0028410322690221,0.0091444236376433,0.01114191308541,0.0157012752237817,0.954993477267896,-0.0037432926314087,-0.001394969181118,0.8207229375732285,0,Calm/Bull,0.5188
2016-12-06,bist100,0.0246078373770599,0.0106234574266226,0.0116092425970575,0.0192859800277143,1.047735301296486,0.0032820989494963,-0.0006156173070169,0.9150861770530376,1,Transition,0.9826
2016-12-07,bist100,0.0078897090423375,0.0107838073773647,0.0116531437888339,0.0122280004045976,1.118011842998182,0.0054276436853627,-0.0001170557035483,0.925398980118802,0,Calm/Bull,0.7109
2016-12-08,bist100,-0.0013358232016497,0.0107753043002858,0.0115826712979741,0.0176691820889245,1.1864793611535558,0.0091883416763141,-0.0002830794431658,0.930295268084702,1,Transition,0.979
2016-12-09,bist100,-0.0026639544916549,0.0101746171117092,0.0114562906816772,0.0078214924605638,0.7537349492221515,0.0062677601990229,0.0003665304085936,0.8881249083511964,0,Calm/Bull,0.8127
2016-12-12,bist100,0.0067423003108722,0.0099576830855885,0.011140205670004,0.0174542851950559,0.8873769323176468,0.007048013807393,0.0012084226875321,0.8938509198623164,1,Transition,0.8236
2016-12-13,bist100,0.0098633498040547,0.0099614068956211,0.0112020389867027,0.0097071362679662,0.9918747506876928,0.0040991162927919,0.0012125138631644,0.8892494399855031,0,Calm/Bull,0.9172
2016-12-14,bist100,-0.0014868942786606,0.009868967613228,0.0111560043582736,0.008462460602885,0.7418001940335487,0.0022237956285923,0.0013993268787914,0.8846328215987932,0,Calm/Bull,0.9684
2016-12-15,bist100,0.0103222925822573,0.010040865521032,0.0107923071793256,0.0183166318241656,1.2384120080852334,0.0045554187853737,0.001663864306776,0.9303724731137084,1,Transition,0.5928
2016-12-16,bist100,-0.001145091271116,0.0099877312741749,0.0107926812698681,0.0061696497128867,0.949385080700628,0.0048591914294815,0.0012731331929749,0.9254170510954964,0,Calm/Bull,0.9775
2016-12-19,bist100,-0.0055820014358302,0.0100916147613597,0.0095800814809642,0.0100988279287522,0.8054959159951351,0.002394331080141,0.0010571386469025,1.0533955041417904,0,Calm/Bull,0.9991
2016-12-20,bist100,0.0083902286818589,0.0102119036403973,0.0096134581387756,0.012740451858326,0.7836044335729458,0.0020997068557018,0.001299316824001,1.062250804339371,0,Calm/Bull,0.9986
2016-12-21,bist100,-0.0024241826842749,0.0098892752216537,0.0095802710966462,0.0083097483139253,0.7434170618952041,0.001912249174579,0.0016919347547066,1.032254215135484,0,Calm/Bull,0.9993
2016-12-22,bist100,-0.0027712098561836,0.0094741019474328,0.009533326098315,0.0079595209526255,0.872960385930575,-0.0007064513131091,0.0021188142817601,0.993787671766238,0,Calm/Bull,0.9974
2016-12-23,bist100,-0.0056032301296133,0.0096297087968856,0.0095086783271873,0.0089149538444752,0.6767215634703032,-0.0015980790848086,0.0017239538531728,1.0127284219250812,0,Calm/Bull,0.998
2016-12-26,bist100,0.000731154224145,0.0095020218465004,0.0094273452117282,0.0029691095650636,0.3163835008076769,-0.0003354479528135,0.0013409010758279,1.0079212793310357,0,Calm/Bull,0.9995
2016-12-27,bist100,-0.0042815613091134,0.0091894864922837,0.0094393452567343,0.0087771616974617,0.5970708398407301,-0.002869805951008,0.0016527790367455,0.9735300746339024,0,Calm/Bull,0.9967
2016-12-28,bist100,0.0109993661503769,0.0093530304274106,0.0094532526275507,0.0133441445287449,0.7449475974681826,-0.0001850961840776,0.0023446480761141,0.989398125270868,0,Calm/Bull,0.9866
2016-12-29,bist100,0.0037094990693112,0.0077119196826612,0.0094655550825614,0.0063672675757961,0.7195873895895347,0.0011110456010212,0.0035370886874,0.8147350699875049,0,Calm/Bull,0.9835
2016-12-30,bist100,0.0038827283315818,0.0074561292537994,0.0094780135690445,0.0077618829984931,0.6826521178599981,0.0030082372932603,0.003134277459239,0.786676364143584,0,Calm/Bull,0.986
2017-01-02,bist100,-0.0049291043295761,0.0076715358632808,0.0094968509763774,0.0051315507398446,0.6021886124749404,0.001876185582516,0.0027457706293091,0.8077978566119594,0,Calm/Bull,0.9907
2017-01-03,bist100,-0.0147217493626287,0.0067590884626023,0.0096804379489946,0.0174071515158177,1.3590607690322407,-0.0002118520281869,0.0007792912923247,0.6982213509569901,0,Calm/Bull,0.5334
2017-01-04,bist100,-0.0062136112937083,0.0067137632549757,0.0097076455693273,0.0155706062723456,1.1551235442654475,-0.003654447517004,7.412527552240535e-05,0.6915954241457724,0,Calm/Bull,0.8682
2017-01-05,bist100,0.0031823490347152,0.0067397881039799,0.0096580160567994,0.0150787071421522,1.562863991301798,-0.0037598775239232,0.0003000338873406,0.6978439530792712,0,Calm/Bull,0.9458
2017-01-06,bist100,0.0093854934965011,0.0069946258295108,0.009653753112342,0.0130353030354122,0.9884234131663172,-0.0026593244909393,0.0009025062867484,0.7245498976525985,0,Calm/Bull,0.8698
2017-01-09,bist100,0.0037255543745252,0.0068938660296551,0.0096644298560064,0.0129014999805602,1.0103240759762675,-0.0009283927501191,0.0007516689899311,0.7133236137433039,0,Calm/Bull,0.9311
2017-01-10,bist100,-8.990412907663138e-06,0.0065520792531938,0.0095437101076574,0.0076427528231797,1.480482951404534,0.0020141590398251,0.0002580519790829,0.6865337671915145,0,Calm/Bull,0.9504
2017-01-11,bist100,0.0035198695499766,0.0065774988866914,0.0094424468733849,0.0148919105232699,1.527988982377059,0.0039608552085621,0.0005083901705148,0.6965883922769143,0,Calm/Bull,0.7015
2017-01-12,bist100,0.0406772716798028,0.0109860233307299,0.010825466916717,0.0394434182283691,2.551913633892483,0.0114598397375796,0.0020261391253921,1.0148313615706464,2,Stress/Bear,1.0
2017-01-13,bist100,0.0077985418975636,0.011032072780062,0.0108430159787433,0.0157414124716344,1.9211594440448507,0.0111424494177921,0.0024733207838261,1.0174358132174093,2,Stress/Bear,0.9967
2017-01-16,bist100,0.0022961040797504,0.0108687527223182,0.0107074934925045,0.0099753696973028,1.3671135466117106,0.0108565593588371,0.0028672260596051,1.0150604088554065,0,Calm/Bull,0.5521
2017-01-17,bist100,0.0079366313776645,0.0108570882832775,0.0107153595483221,0.0107306453289842,1.5377239156030804,0.0124456837169516,0.0028445461943954,1.0132266896240172,1,Transition,0.4954
2017-01-18,bist100,0.0050442255598355,0.0107945921720469,0.0107296772947955,0.0093720260344542,1.5380624952919877,0.0127505549189234,0.0032179666066009,1.006050030720208,2,Stress/Bear,0.4763
2017-01-19,bist100,-0.0058033554111223,0.0109038754674108,0.0106985587281631,0.0156658898699934,1.3461847263011322,0.0034544295007383,0.003066359328854,1.0191910653074472,0,Calm/Bull,0.7364
2017-01-20,bist100,0.0092752229364023,0.0107881886963284,0.0107258371794911,0.0152263194269833,1.0659958240652267,0.0037497657085061,0.0038102819821548,1.005813207472188,0,Calm/Bull,0.5901
2017-01-23,bist100,-0.0002335379115467,0.0108048239997378,0.0107248336502926,0.0081375197699919,1.0276204017406934,0.0032438373102466,0.0037620473753702,1.0074584233241706,0,Calm/Bull,0.95
2017-01-24,bist100,0.0138723385718836,0.0108559475695065,0.0106656381215823,0.0164118577768976,1.2820333192437892,0.0044309787490905,0.00466974236942,1.017843231296134,1,Transition,0.9036
2017-01-25,bist100,-0.0129034904963315,0.0114233542022183,0.0108082754762819,0.0176451424773979,1.0972234833952732,0.000841435537857,0.0034745995370846,1.0569081281547783,1,Transition,0.8101
2017-01-26,bist100,0.0083639537908586,0.0114756832456798,0.0107998090802377,0.0131545942602118,0.9766882665989646,0.0036748973782532,0.003707322273162,1.0625820475547911,0,Calm/Bull,0.8516
2017-01-27,bist100,1.0703259095122616e-05,0.0115051919837823,0.0098686887010404,0.0091581545874359,0.8777970372610362,0.0018219934427918,0.0035137210195376,1.165827835117484,0,Calm/Bull,0.9945
2017-01-30,bist100,0.028345217573272,0.0125760472105713,0.0102127122233875,0.0304891819897364,1.315234765067742,0.0075377445397555,0.00517743711468,1.2314111017219949,2,Stress/Bear,0.9966
2017-01-31,bist100,0.0006746218526477,0.0117370928344898,0.0101746720819224,0.0091778457461029,1.2237633459367725,0.0048982011959084,0.0059472556754439,1.1535598140153691,1,Transition,0.4157
2017-02-01,bist100,0.0063797393125355,0.0113828087103305,0.0101752587108101,0.0105840839839424,0.9463756981410144,0.0087548471576818,0.0065769232057561,1.1186751151828211,1,Transition,0.7218
2017-02-02,bist100,0.0062694592793456,0.0113552520571894,0.0101889057172555,0.0097924446471335,1.2466407866828466,0.0083359482553792,0.0067312787179876,1.1144721888984244,1,Transition,0.6764
2017-02-03,bist100,0.0113242592204431,0.0113873334745294,0.009978473020159,0.0151829289724333,1.044240650415026,0.0105986594476488,0.0068282170041847,1.1411899848327591,1,Transition,0.5437
2017-02-06,bist100,-0.011739749555303,0.0121111953319869,0.0100163915035835,0.0251632787293918,1.1782352701197751,0.0025816660219337,0.0060549518076933,1.2091375749094817,2,Stress/Bear,0.9342
2017-02-07,bist100,0.0013590625629899,0.0120789647454568,0.009973990410651,0.0136951252178064,0.9485651356877242,0.0027185541640022,0.0061233544564881,1.211046356386894,2,Stress/Bear,0.6869
2017-02-08,bist100,0.0087910011271633,0.0120766746922228,0.0099533891890162,0.0121259541689075,0.9115603117895424,0.0032008065269277,0.0063869110353475,1.213322865496873,2,Stress/Bear,0.7682
2017-02-09,bist100,0.0065631903080817,0.0089944107635244,0.0099612620304346,0.0130429288773709,1.0387942388090692,0.003259552732675,0.0046812069667614,0.90293887823087,0,Calm/Bull,0.5872
2017-02-10,bist100,-0.0153931257568174,0.0100090944421184,0.0102195045795686,0.0234541290686722,1.1429230770294332,-0.002083924262777,0.0035216235840424,0.9794109258612304,1,Transition,0.9703
2017-02-13,bist100,0.0125533554624954,0.0102038877571404,0.0102904675299943,0.0145115359130884,0.8174521289170747,0.0027746967407826,0.0040344861531796,0.991586410179955,0,Calm/Bull,0.6739
2017-02-14,bist100,-0.0056164653167312,0.0103796282949046,0.0103448298088615,0.0155071843438201,1.0883749429405778,0.0013795911648383,0.0033568313184598,1.003363852928083,0,Calm/Bull,0.79
2017-02-15,bist100,-0.002275422592062,0.0104458329883781,0.0102282499351441,0.0092601936408563,0.8490051348410331,-0.0008336935790067,0.0029908489108649,1.0212727548323206,0,Calm/Bull,0.9819
2017-02-16,bist100,0.0034633820843639,0.010238690156649,0.0100634177655811,0.0052887971144339,0.7150932958086751,-0.0014536552237502,0.0034541857856393,1.0174167857432492,0,Calm/Bull,0.9727
2017-02-17,bist100,0.0072705435554164,0.0101883936094969,0.0100790040679723,0.0104547950596871,0.7090444525364014,0.0030790786386965,0.00335395181659,1.010853209383277,0,Calm/Bull,0.9902
2017-02-20,bist100,-0.002735928615715,0.0102499483584506,0.0100797872713842,0.012590969959485,0.7974766112352515,2.1221823054415853e-05,0.0032288322813816,1.0168814164907551,0,Calm/Bull,0.9666
2017-02-21,bist100,0.0042511438254485,0.0099453768973775,0.0099287863922166,0.0063260991639318,0.7176138679466123,0.0019947436514903,0.0027477725440598,1.00167094995355,0,Calm/Bull,0.9976
2017-02-22,bist100,-0.0048880364122436,0.0094296036625866,0.0099527969698985,0.0183913136610264,0.8145869577585821,0.001472220887454,0.0031485452482642,0.9474325349050812,1,Transition,0.5512
2017-02-23,bist100,0.0068340744297467,0.0093911960226314,0.0094887598926807,0.0059929371766975,0.7790137365730154,0.0021463593565305,0.0030720512802086,0.989717953541582,0,Calm/Bull,0.9977
2017-02-24,bist100,-0.0099202060525311,0.0098145768144291,0.0095761045567455,0.0152937761009601,0.7452272604337387,-0.0012917905650589,0.0025755058146273,1.0249028460654783,0,Calm/Bull,0.9501
2017-02-27,bist100,-0.0056026576599489,0.0078652260814396,0.0096414142427961,0.0095858612250143,0.6318735796896394,-0.0018651363739057,0.0008781120529662,0.8157751428755742,0,Calm/Bull,0.9866
2017-02-28,bist100,-0.0032765679199309,0.0079200385675417,0.0092427704492065,0.0087838932977514,1.0379192258342933,-0.0033706787229816,0.0006805525643373,0.8568901079028358,0,Calm/Bull,0.993
2017-03-01,bist100,0.0208379761523892,0.009047250739159,0.0095185274948364,0.0190909488484477,1.1792942877560957,0.0017745237899449,0.00140346440633,0.9504884809196604,1,Transition,0.7003
2017-03-02,bist100,0.0068461915136323,0.0090644792983785,0.0095185590091967,0.0069595618286422,1.0314751968798526,0.0017769472067221,0.0014323010180443,0.9522953305873768,0,Calm/Bull,0.9974
2017-03-03,bist100,-0.0023578318187635,0.008790800224476,0.0095156506740058,0.0057343572523275,0.9999795520187484,0.0032894220534756,0.000748196466084,0.923825445640842,0,Calm/Bull,0.9961
2017-03-06,bist100,0.0146367884694421,0.0087972582667928,0.0096246704693599,0.0150761554104269,0.947777871212264,0.0073373112793538,0.0020670233673212,0.9140321525603188,0,Calm/Bull,0.6637
2017-03-07,bist100,-0.0025448776142383,0.0088569024285798,0.0096070696171707,0.0088191799605628,1.0239700048714422,0.0074836493404923,0.0018718263584598,0.9219150876922904,0,Calm/Bull,0.9749
2017-03-08,bist100,-0.0147391548308621,0.0094334678464217,0.0098552852513532,0.0204549745422043,1.1481496024187428,0.000368223143842,0.0006953185605586,0.9571988639422174,0,Calm/Bull,0.5437
2017-03-09,bist100,-0.0054042712385058,0.009421219237942,0.0098536661420066,0.0094952657396814,0.8945832379334463,-0.0020818694065855,9.694548322922314e-05,0.9561130955897702,0,Calm/Bull,0.9957
2017-03-10,bist100,0.0068169431644065,0.0087868914639845,0.0098605316901283,0.0067023551657712,0.7792241296920523,-0.0002469144099515,0.0012074489292904,0.8911174103097651,0,Calm/Bull,0.9935
2017-03-13,bist100,-0.0020297315839804,0.0083920268915518,0.0098223795180364,0.0084256273715056,0.8087438354954588,-0.003580218420636,0.0004782945769666,0.854378195847755,0,Calm/Bull,0.9847
2017-03-14,bist100,-0.0032838958212984,0.0083187553662618,0.0098185422858294,0.0057821643548531,0.8959274002003862,-0.003728022062048,0.0005949230517382,0.8472495329849372,0,Calm/Bull,0.9749
2017-03-15,bist100,0.0034616704269747,0.0083134822984733,0.00980027989854,0.0071686270517238,0.9443651318162092,-8.785701048066212e-05,0.0008817777026901,0.8482902921692905,0,Calm/Bull,0.9909
2017-03-16,bist100,0.0091557647019337,0.0085018257769806,0.009815312901445,0.0076538864111518,1.034438478166707,0.0028241501776072,0.0011663968335686,0.8661798011277808,0,Calm/Bull,0.9879
2017-03-17,bist100,0.0024684373891516,0.0083874012050827,0.0097566392105443,0.008193089020717,0.9431333663100862,0.0019544490225562,0.0009262915252553,0.8596608959382428,0,Calm/Bull,0.9928
2017-03-20,bist100,0.0045283028189065,0.008377745132531,0.0097559877561452,0.008470709789979,0.8394941264074569,0.0032660559031336,0.0012895030969864,0.8587285410699719,0,Calm/Bull,0.9925
2017-03-21,bist100,-0.0032571591355902,0.0084062249728595,0.0097443450752484,0.011664754673157,1.2713947026863217,0.0032714032402752,0.0009140879489345,0.8626772664498743,0,Calm/Bull,0.977
2017-03-22,bist100,-0.0088396261057424,0.0085941145261858,0.0097970683145014,0.0100747948671508,1.180299909834844,0.0008111439337318,0.0007165084642595,0.8772128814764888,0,Calm/Bull,0.987
2017-03-23,bist100,-0.0005012046384468,0.0084749947405752,0.0098029475260681,0.0065984119532691,0.8894331828102455,-0.0011202499343442,0.0003497445108498,0.8645353571503281,0,Calm/Bull,0.9912
2017-03-24,bist100,0.0068677670433848,0.0082321772790794,0.0098182846028923,0.0080248656439062,0.7663503979450378,-0.0002403840034976,0.0011891431656456,0.8384537230316564,0,Calm/Bull,0.9893
2017-03-27,bist100,-0.007636750906056,0.0083324574099163,0.009858803099629,0.0097642370655041,0.903082183426416,-0.0026733947484901,0.0010874385033403,0.845179412319319,0,Calm/Bull,0.9807
2017-03-28,bist100,0.0054104425311564,0.0083194056199207,0.0096062148675398,0.0054578955190868,0.8687258603567202,-0.0009398744151408,0.0015217890258947,0.8660440906889034,0,Calm/Bull,0.9914
2017-03-29,bist100,-0.010164447682126,0.0073643280202823,0.0096817095691101,0.0076779022376104,1.0046642111846231,-0.0012048387304175,-2.833216583106339e-05,0.7606433520561867,0,Calm/Bull,0.958
2017-03-30,bist100,0.0001411098538449,0.0071853467315206,0.0096868385810868,0.0060247058812269,0.8028373715157139,-0.0010763758319591,-0.0003635862488204,0.7417638552943132,0,Calm/Bull,0.9564
2017-03-31,bist100,-0.0037580265370471,0.0072125699033589,0.0096794014912256,0.0077135455032966,0.9411797163697516,-0.0032015345480455,-0.0004335959847346,0.7451462685887329,0,Calm/Bull,0.9531
2017-04-03,bist100,-0.0031292164916106,0.0062944021216539,0.0097036850193523,0.0055566209654026,0.6796358811493787,-0.0023000276651564,-0.0013218962327872,0.6486610096165304,0,Calm/Bull,0.6658
2017-04-04,bist100,-0.000641952913941,0.0062893228095394,0.0097065446059121,0.0085225376597708,0.7705159749099704,-0.0035105067541759,-0.0012267499977723,0.647946624147657,0,Calm/Bull,0.7372
2017-04-05,bist100,0.0047836213745102,0.0055537497374128,0.0097107035177819,0.010193499004341,0.981705566564797,-0.0005208929428487,-0.0002506111875037,0.5719204306096922,0,Calm/Bull,0.6767
2017-04-06,bist100,-0.0040345672363191,0.0054949876383935,0.0083316044325732,0.0041543551592012,0.9052341969705022,-0.0013560283608815,-0.0001821259873944,0.6595353491471921,0,Calm/Bull,0.988
2017-04-07,bist100,-0.0020510258336763,0.0052529523914604,0.0083030259070999,0.0055323969998319,0.923268800245502,-0.0010146282202073,-0.0006255244372985,0.6326551850173829,0,Calm/Bull,0.9862
2017-04-10,bist100,0.0305268669848807,0.0087050492178034,0.0091165502626731,0.0286311277219223,1.421598868971638,0.0057165884750908,0.0010023054911444,0.9548621975403804,2,Stress/Bear,0.8092
2017-04-11,bist100,-0.0036894429880388,0.0087160243063812,0.0091082871680752,0.010952204399789,1.2437026338043489,0.0051070904602713,0.0009820281328074,0.9569334108097772,0,Calm/Bull,0.9922
2017-04-12,bist100,0.0005245803955494,0.0086967683717083,0.0090983787874838,0.0064935618351647,1.0908623962504898,0.0042552822644791,0.0008351736312361,0.95585912334976,0,Calm/Bull,0.9981
2017-04-13,bist100,-0.011962122079187,0.0089126819956055,0.0092169336142485,0.0172370409615047,1.0393249662907176,0.0026697712959055,-0.0002207207078198,0.966989930558616,0,Calm/Bull,0.906
2017-04-14,bist100,0.0021452981427214,0.0089078420794116,0.0091603411223711,0.0135293815874657,0.7521869324255168,0.0035090360911851,-0.0002368776701413,0.9724356288061338,0,Calm/Bull,0.9954
2017-04-17,bist100,0.0065306260260879,0.0089752145730015,0.0091821471629591,0.010363679453619,1.0061357675045997,-0.0012902121005734,-0.0001367615097822,0.9774635947033868,0,Calm/Bull,0.9981
2017-04-18,bist100,0.0079109177531035,0.0091171527731856,0.0090772204192805,0.0173475298658624,1.2164428032001515,0.001029860047655,0.0004216423346523,1.0043991830164527,0,Calm/Bull,0.9857
2017-04-19,bist100,-0.0062543362314705,0.0089964625492646,0.0089396644948458,0.0160169896819072,1.4142752303466095,-0.0003259232777489,0.0005509068283659,1.0063534883721326,0,Calm/Bull,0.9963
2017-04-20,bist100,0.013512275586497,0.0094447470494979,0.0090311758215806,0.0105227208447408,1.14776057506977,0.0047689562553878,0.0012515808396131,1.0457937300843083,0,Calm/Bull,0.9979
2017-04-21,bist100,0.0041689134611586,0.0093793355767582,0.0090350563559228,0.0063057646705476,1.051822958133504,0.0051736793190753,0.0011166381605018,1.0381048227341303,0,Calm/Bull,0.9995
2017-04-24,bist100,0.0148090519726548,0.0096166972497581,0.0085103670544783,0.0110029762692935,1.2250530958563637,0.0068293645083887,0.0022389283044374,1.129997941122593,0,Calm/Bull,0.998
2017-04-25,bist100,0.0088316532313715,0.0097060934176634,0.0085635456028065,0.0152872317783411,1.3179984195988097,0.0070135116040423,0.0024099888394481,1.1334199486813528,0,Calm/Bull,0.9847
2017-04-26,bist100,-0.0011905258072601,0.0092928309306606,0.0085467441744968,0.0079833650729038,1.2536678630323168,0.0080262736888844,0.0028586849331914,1.0872948506391595,0,Calm/Bull,0.9974
2017-04-27,bist100,-0.0025402153047197,0.0093532455995028,0.0085375363533883,0.0104951310476881,1.0462898799448384,0.004815775510641,0.0027246186752632,1.0955438679673382,0,Calm/Bull,0.9995
2017-04-28,bist100,0.0039462626488132,0.009230044714222,0.0084427956662062,0.0107675002750149,1.0411966916816249,0.0047712453481719,0.0031098331345562,1.0932450670536646,0,Calm/Bull,0.9994
2017-05-02,bist100,-0.0031680407087445,0.0092314299157334,0.0082923167230692,0.0110942430421153,0.9689994214132236,0.001175826811892,0.0031078919236995,1.113251003793858,0,Calm/Bull,0.9996
2017-05-03,bist100,-0.0052407618179915,0.0093857335700696,0.0083349721525788,0.0107582832343295,0.9714768083022643,-0.0016386561979805,0.002877951478497,1.1260665780587762,0,Calm/Bull,0.9993
2017-05-04,bist100,-0.0088196764410446,0.0097270602849037,0.008372201666031,0.0115361803414958,1.0307642143555855,-0.0031644863247374,0.0021977865877192,1.1618282350232694,0,Calm/Bull,0.999
2017-05-05,bist100,0.0095193751454355,0.0097421393172378,0.0084147987767495,0.0105729706786216,1.004629796150724,-0.0007525682347064,0.002875483706807,1.1577388331799103,0,Calm/Bull,0.9991
2017-05-08,bist100,-0.0010193542621554,0.0097173809019914,0.0081424090562073,0.0086718884769527,1.0377286711423404,-0.0017456916169001,0.002927067285383,1.1934282391012294,0,Calm/Bull,0.999
2017-05-09,bist100,0.015761912088729,0.0079013870977878,0.0082285204530505,0.0175634662792602,1.0662277631524415,0.0020402989425945,0.0021888195405754,0.9602439640116062,0,Calm/Bull,0.8443
2017-05-10,bist100,0.0090937365723589,0.0079178674301577,0.0082404171099623,0.0127389108913277,1.234955296594178,0.0049071986206646,0.0028279785185953,0.9608576027766124,0,Calm/Bull,0.9875
2017-05-11,bist100,-0.0112918641012395,0.0085169884807949,0.0083906884884012,0.0155129708123593,1.1684935895365702,0.0044127610886256,0.0022371562937559,1.0150523991646572,0,Calm/Bull,0.9593
2017-05-12,bist100,-0.0012382360662918,0.0078905390451608,0.008392267567879,0.0111373416575179,0.9773646224748388,0.0022612388462802,0.0027733505944006,0.9402153805678812,0,Calm/Bull,0.9965
2017-05-15,bist100,0.0062062353016415,0.0079256984053596,0.0083804206931316,0.0064276137278909,0.7588781429083611,0.0037063567590395,0.0029763974523466,0.9457399211301284,0,Calm/Bull,0.9993
2017-05-16,bist100,0.0059838405126058,0.0079137270257648,0.0083862269976608,0.0066700662189107,1.0961618447138344,0.0017507424438149,0.0029490581766725,0.9436576219523072,0,Calm/Bull,0.9983
2017-05-17,bist100,-0.0045495226986913,0.0079926280810691,0.0084118562185735,0.0128755052841836,1.3707495740739084,-0.000977909410395,0.0023260361540828,0.950162232138645,0,Calm/Bull,0.9958
2017-05-18,bist100,-0.006053288797466,0.0079813870466128,0.0084275290833633,0.0132920636678097,1.120927809709226,6.980565035962314e-05,0.002336088525783,0.947061347123542,0,Calm/Bull,0.9937
2017-05-22,bist100,0.0130799667920745,0.007950050191861,0.0085361619417663,0.0063610494354471,1.0901282265459336,0.0029334462220329,0.0023144730860619,0.93133778928941,0,Calm/Bull,0.9973
2017-05-23,bist100,0.0135744579003936,0.0083344174128267,0.0085513597234582,0.0167146056046396,1.1679337305344022,0.0044070907417833,0.0027847503080236,0.97463066487118,0,Calm/Bull,0.8369
2017-05-24,bist100,0.0060837862991324,0.0078883026441496,0.0085152960665655,0.0111296819995073,1.4148597636511444,0.0044270798990886,0.0023484870243475,0.9263685704507998,0,Calm/Bull,0.9925
2017-05-25,bist100,-0.0061308206564273,0.0079503541362483,0.0085525487881396,0.0084789387000484,1.2660475268814666,0.0041108203075414,0.0016003633299576,0.9295888668034926,0,Calm/Bull,0.9967
2017-05-26,bist100,-0.0018397597759256,0.0079636635199264,0.0081924408294091,0.0083120715559692,0.968747660917093,0.0049535261118494,0.0015679016315243,0.9720745850661012,0,Calm/Bull,0.9993
2017-05-29,bist100,0.0019737987398666,0.0079048556299427,0.0081623003496343,0.0073685886311971,0.6703076467586012,0.0027322925014079,0.0017936023337536,0.9684592935001296,0,Calm/Bull,0.9998
2017-05-30,bist100,-0.0038795833068917,0.0079859646739882,0.0081764790340242,0.0083330689546768,0.9937856404142486,-0.0007585157400491,0.0014023100359684,0.9766997066532888,0,Calm/Bull,0.9996
2017-05-31,bist100,0.0019908885481844,0.0079135612945554,0.0079892736367812,0.0105699027183994,1.124971495068253,-0.0015770952902387,0.0016602564988148,0.990523250840072,0,Calm/Bull,0.9995
2017-06-01,bist100,-0.001803939110441,0.0077922046227899,0.0079840385669521,0.0097602055323837,0.9023698884055144,-0.0007117189810414,0.0018320976341923,0.9759728184485196,0,Calm/Bull,0.9996
2017-06-02,bist100,0.0153096110028939,0.0079230594662574,0.0079118671976592,0.0088492521281845,0.7977858691043896,0.0027181551747224,0.0030385620063893,1.0014146178542396,0,Calm/Bull,0.9991
2017-06-05,bist100,-0.0068598781130816,0.0080631936202702,0.0079360959962041,0.0144462611541792,1.0389646565411497,0.0009514198041327,0.0022195993434634,1.0160151318893915,0,Calm/Bull,0.9976
2017-06-06,bist100,0.0014197051664298,0.0080300039178455,0.0079069294911588,0.0083035660860202,0.9449451667545068,0.0020112774987971,0.0023415523148927,1.0155653881603803,0,Calm/Bull,0.9998
2017-06-07,bist100,-0.0072979505595629,0.0076480626767113,0.0079762756654182,0.0134896252842265,1.1018843201490545,0.0001535096772476,0.0011885591824781,0.9588513483642592,0,Calm/Bull,0.9981
2017-06-08,bist100,0.0036913909756159,0.0074469261124204,0.0079567715027902,0.0050848622234387,0.8405875749324928,0.001252575694459,0.0009184419026409,0.935923082598124,0,Calm/Bull,0.9997
2017-06-09,bist100,0.0098050369346837,0.0071130106840703,0.008024107018078,0.008824346409311,0.9171273740450246,0.0001516608808169,0.0019732869544371,0.8864551118330029,0,Calm/Bull,0.9976
2017-06-12,bist100,0.0050326801476267,0.007102198643756,0.0079765300088241,0.0081123176370391,0.9451460793911224,0.0025301725329586,0.002286832765133,0.8903870023555513,0,Calm/Bull,0.9987
2017-06-13,bist100,-0.0014330341929594,0.0070857197307579,0.0079853370826648,0.0112065287629486,1.0579244934954233,0.0019596246610808,0.001904869290403,0.8873413429396905,0,Calm/Bull,0.9971
2017-06-14,bist100,0.003383929368245,0.0070305824178093,0.0079794628267181,0.0082831607605925,1.1373208006427966,0.0040960006466424,0.0017748737331849,0.8810846758090455,0,Calm/Bull,0.9979
2017-06-15,bist100,-0.0090667741345126,0.0073114033276486,0.0080732231988403,0.0078055959009417,0.8833743689158572,0.0015443676246166,0.0015490111613939,0.9056362183444708,0,Calm/Bull,0.9985
2017-06-16,bist100,-0.0055288299517906,0.0072835895975182,0.0080129150785713,0.011117996249454,0.7204091530954635,-0.0015224057526781,0.0015752341036776,0.908981254150124,0,Calm/Bull,0.998
2017-06-19,bist100,0.0115378826320335,0.0071625468175807,0.0081123921018696,0.0060011115559111,0.9152298514706808,-0.0002213652557968,0.0014981298956756,0.8829142782595587,0,Calm/Bull,0.9977
2017-06-20,bist100,-0.0006324165594127,0.006582869424701,0.0080889767541982,0.0081707082231424,0.8317096132518522,-6.124172908750889e-05,0.0007877861726853,0.8138074350732314,0,Calm/Bull,0.998
2017-06-21,bist100,0.0012161663114269,0.0064657007328848,0.0079985578798675,0.009344025554428,0.8136515378554942,-0.0004947943404511,0.0005444051733,0.8083583103348014,0,Calm/Bull,0.9975
2017-06-22,bist100,0.0068393732522462,0.0064111626341667,0.0080118769795255,0.005984724570562,0.8302135328009635,0.0026864351369006,0.0011929148687337,0.80020732352114,0,Calm/Bull,0.9979
2017-06-23,bist100,-0.0043412660791844,0.0064972637426424,0.0078997810695489,0.0066691504257531,0.7530174321828103,0.0029239479114218,0.0010678395535707,0.822461241069984,0,Calm/Bull,0.9982
2017-06-28,bist100,0.0097775729658988,0.0067825939617357,0.0079625408568021,0.011917476836834,0.9855634332544264,0.0025718859781949,0.0014580282648723,0.8518127672703288,0,Calm/Bull,0.992
2017-06-29,bist100,-0.0042568182919839,0.0067987239310088,0.0079689037781345,0.0097944623155325,1.003796915975125,0.0018470056316807,0.0014391665156177,0.8531567352668493,0,Calm/Bull,0.9973
2017-06-30,bist100,0.0024931290057615,0.0068017959012653,0.007940768212897,0.0094833103509296,0.960893808985652,0.0021023981705476,0.0014642785384966,0.8565664831040168,0,Calm/Bull,0.9981
2017-07-03,bist100,0.0008151115899473,0.0067606497739906,0.0079345362623261,0.0051660382621512,0.8450787565784215,0.0008975458380878,0.001595231073516,0.8520535479925637,0,Calm/Bull,0.999
2017-07-04,bist100,0.006796191572386,0.0060860633707725,0.007950304200538,0.0078709799745479,1.0576418575469442,0.0031250373684019,0.0011695601019906,0.765513270594185,0,Calm/Bull,0.9949
2017-07-05,bist100,-0.0045882402464439,0.005947956524728,0.0079579046106031,0.0066624091968134,0.9172127782475284,0.0002518747259333,0.0012831419953225,0.7474274719004516,0,Calm/Bull,0.9967
2017-07-06,bist100,-0.0011669308790508,0.0059729003043548,0.0079508545441473,0.0100520172665857,1.216206459223378,0.00086985220852,0.0011538101930485,0.7512274650718591,0,Calm/Bull,0.9952
2017-07-07,bist100,-0.0054068351702107,0.0058456741305082,0.0070823573910053,0.0075367088673982,0.7151340469146694,-0.0007101406266744,0.0012483659625161,0.8253853636265711,0,Calm/Bull,0.9986
2017-07-10,bist100,0.010068583932296,0.0061518532042288,0.0071326530643446,0.0058587836505142,0.7012285364795611,0.0011405538417952,0.0015672256103501,0.8624915790424919,0,Calm/Bull,0.9994
2017-07-11,bist100,0.0204178562010755,0.0072580764477085,0.0075252761129225,0.0245721649740661,1.4332983702104023,0.0038648867675332,0.0020978665736697,0.9644930416898462,1,Transition,0.6466
2017-07-12,bist100,0.0060601499588718,0.0072835343318263,0.0073109893503296,0.0118524647185918,1.276762731172091,0.0059945648085963,0.0021492400642319,0.9962446917663692,0,Calm/Bull,0.9982
2017-07-13,bist100,0.0038496820221697,0.0072424589978058,0.0073132813169832,0.0109576653228853,1.0813331842261975,0.0069978873888404,0.0024133758749884,0.9903159312341854,0,Calm/Bull,0.9984
2017-07-14,bist100,0.0092221154942163,0.0073995866691826,0.0073470270329019,0.0084905350508771,0.9033088414584906,0.0099236775217259,0.0027052851812869,1.0071538645557372,0,Calm/Bull,0.9987
2017-07-17,bist100,0.0098520199379134,0.0070147295153963,0.0073755810265699,0.0113372203606125,1.0363418985709036,0.0098803647228494,0.0036512248849083,0.9510748360198832,0,Calm/Bull,0.9471
2017-07-18,bist100,-0.0047062439470412,0.0069602715441384,0.0073470587041967,0.0062298529732528,0.9237597226248124,0.004855544693226,0.0036923541851457,0.9473548292410768,0,Calm/Bull,0.9988
2017-07-19,bist100,0.0159451332181021,0.0072839741318937,0.0074150689650999,0.0132185628997698,1.2330752539915069,0.0068325413450721,0.0039127167144492,0.9823204836228498,0,Calm/Bull,0.9203
2017-07-20,bist100,-0.0063683681463144,0.0075792886637986,0.0075009678081149,0.010505465971403,1.1884611570301844,0.0047889313113752,0.0036259191351041,1.010441433383967,0,Calm/Bull,0.997
2017-07-21,bist100,0.0010038723426463,0.0075829888691683,0.0073234943154015,0.0106305432632171,1.0047189959491791,0.0031452826810612,0.003615304436665,1.0354331610828311,0,Calm/Bull,0.9995
2017-07-24,bist100,-0.0012390398078995,0.0076172922528709,0.0072835106049109,0.0087470620629128,0.9739793150175754,0.0009270707318986,0.0032113837836578,1.0458270284847202,0,Calm/Bull,0.9999
2017-07-25,bist100,0.0030894798281324,0.0074078593592212,0.0072726688021853,0.0052541263971383,1.0162112592076382,0.0024862154869333,0.0035829210790236,1.0185888510412224,0,Calm/Bull,0.9999
2017-07-26,bist100,0.0015449824428219,0.0072730285083543,0.0072478293634638,0.0054091845117756,1.0694152511383967,-0.0003938146681226,0.0031712915528698,1.0034767850658193,0,Calm/Bull,0.9998
2017-07-27,bist100,0.0109974754167395,0.0072528745450543,0.0073342482982625,0.0073595054441172,1.269741051769962,0.0030793540444881,0.0039340062383059,0.9889049634128818,0,Calm/Bull,0.9983
2017-07-28,bist100,-0.006404794025246,0.0076100197321022,0.0073865559972926,0.0066993006232097,1.13348487346197,0.0015976207709096,0.0034891100867556,1.0302527639256385,0,Calm/Bull,0.9996
2017-07-31,bist100,-0.0015638936770282,0.0076723536562661,0.0073388385789021,0.0073997678490848,0.995933618338549,0.0015326499970839,0.0033701598234068,1.0454452123150433,0,Calm/Bull,0.9999
2017-08-01,bist100,-0.0129541265231642,0.0084407410495501,0.0074630482643703,0.0179601080966825,1.19564632680178,-0.0016760712731753,0.0023826439186293,1.131004483764023,0,Calm/Bull,0.9806
2017-08-02,bist100,0.003554806434974,0.008281689880646,0.0074033442625234,0.0081023180502182,1.0497481918201896,-0.0012741064747449,0.0027897962527002,1.1186417363526997,0,Calm/Bull,0.9998
2017-08-03,bist100,0.0058815879128231,0.008254379263605,0.0074077050142126,0.0046876324334768,0.9844256933394384,-0.0022972839755282,0.0031422221922939,1.1142964315895254,0,Calm/Bull,0.9991
2017-08-04,bist100,0.0129025168338163,0.008271625929019,0.0073278263541009,0.0125450068286222,0.9624654561052274,0.0015641781962842,0.0040576897924952,1.128796662108386,0,Calm/Bull,0.9931
2017-08-07,bist100,0.0113207633746308,0.0083240902980591,0.007369041780323,0.0076771167612935,1.069219209219446,0.004141109606616,0.004120298764612,1.129602809457028,0,Calm/Bull,0.9993
2017-08-08,bist100,-0.001294367346937,0.0074574452541329,0.0071690701445302,0.0080956739605149,1.2594414520745512,0.0064730614418614,0.0030346875872113,1.040224897202695,0,Calm/Bull,0.9995
2017-08-09,bist100,-0.0084678917209914,0.0078447401522695,0.0072904485808094,0.0075426800779217,1.171839253715127,0.0040685218106683,0.0023082855032182,1.0760298307183926,0,Calm/Bull,0.9998
2017-08-10,bist100,-0.008444745582846,0.0081916296813093,0.0074001614168382,0.014979568477364,1.0366959057074334,0.0012032551115345,0.0016935641229674,1.106952837902995,0,Calm/Bull,0.9996
2017-08-11,bist100,-0.0077974250275885,0.0082521757615993,0.0074878914827882,0.0136319267924172,1.2254060738187174,-0.0029367332607464,0.0008425870968771,1.10206935831908,0,Calm/Bull,0.9998
2017-08-14,bist100,0.0237820675171166,0.0095399913432645,0.0079607284345161,0.015530928795523,1.453251352291527,-0.0004444724322493,0.0015390894758373,1.1983817086261954,2,Stress/Bear,0.5335
2017-08-15,bist100,-0.024247689174664,0.0110883476565302,0.0086028718251794,0.0310457792455423,1.6551189135080004,-0.0050351367977947,0.0005620172144561,1.2889123401880838,2,Stress/Bear,1.0
2017-08-16,bist100,-0.0004800032709085,0.0104806435985724,0.0084826189767512,0.0279342602068587,1.4051923161854505,-0.0034375591077781,-0.0002592396099943,1.2355433654744248,2,Stress/Bear,0.8483
2017-08-17,bist100,-0.0003434413588791,0.0103819290517788,0.0083420092030624,0.01182687902743,1.1168125182829622,-0.0018172982629847,4.200672937741803e-05,1.2445357945622364,0,Calm/Bull,0.9999
2017-08-18,bist100,0.0035237473948701,0.010409470409647,0.0083246189670543,0.0125641456009776,1.1844357405004362,0.0004469362215069,0.0001680004819886,1.2504440684725355,0,Calm/Bull,0.9999
2017-08-21,bist100,0.013090031398321,0.0107935590357852,0.0083977472091134,0.0191291308773989,1.0532696272849291,-0.0016914710022521,0.0008844540422996,1.2852922059944674,0,Calm/Bull,0.9826
2017-08-22,bist100,-0.0001879316842389,0.010783194082118,0.0083884387612994,0.0084894200930888,1.0217038206129254,0.0031204804958329,0.000720583466681,1.2854828400091465,0,Calm/Bull,0.9999
2017-08-23,bist100,0.0032931276580586,0.0107973041640273,0.0083906564301153,0.0055298622195322,0.9222935134251564,0.0038751066816263,0.0008079907274429,1.286824726284134,0,Calm/Bull,0.9999
2017-08-24,bist100,0.0018449456568571,0.0105334429924829,0.0083573164912998,0.0101288996448158,0.9022811093514268,0.0043127840847736,0.0003503642394487,1.2603857953026556,0,Calm/Bull,0.9999
2017-08-25,bist100,0.0054927023996348,0.0104676166335576,0.0083701239491896,0.0106511001446988,0.6614709182231558,0.0047065750857265,0.0009452390606928,1.2505927865705044,0,Calm/Bull,0.9998
2017-08-28,bist100,0.00531501501211,0.0104938131830339,0.0083662308948558,0.0054314606530254,0.6143431880118783,0.0031515718084843,0.0012891844951497,1.2543059491086073,0,Calm/Bull,0.9999
2017-08-29,bist100,0.0007527861986607,0.0099480334709343,0.0081853362010985,0.0088604538763352,0.9099017307974824,0.0033397153850642,0.0019745301312409,1.2153481819841745,0,Calm/Bull,0.9999
2017-08-31,bist100,-0.0037435340462826,0.01002060961716,0.0081389377116894,0.0051231622860688,0.3467065943987706,0.001932383044196,0.0016096131071781,1.2311937960611408,0,Calm/Bull,0.9986
2017-09-05,bist100,-0.0103936941797364,0.0103120397227178,0.0082920597022762,0.0156457759196863,0.9662122119517722,-0.0005153449231226,0.0007958490025501,1.2436041337096435,0,Calm/Bull,0.9994
2017-09-06,bist100,0.0067629480401621,0.0100199150414371,0.00823200479767,0.0112753137726768,1.00012549778621,-0.0002612957950172,0.0004888705628674,1.21719013626828,0,Calm/Bull,0.9999
2017-09-07,bist100,0.0011962526712522,0.0096943294684854,0.0082292662893079,0.0086247103619214,1.202424443290569,-0.0010850482631888,-1.735497230146703e-05,1.1780308386764704,0,Calm/Bull,0.9999
2017-09-08,bist100,-0.0118363856958533,0.0100475775350217,0.0083498615047269,0.0173332420863913,1.1026111367343856,-0.0036028826420916,-0.0005444558897472,1.2033226574277562,0,Calm/Bull,0.9994
2017-09-11,bist100,0.0092359281370571,0.0100925357686414,0.008397249828286,0.0082899592059598,1.030375737511081,-0.0010069902054236,0.0003407351031551,1.20188585251385,0,Calm/Bull,0.9999
2017-09-12,bist100,-0.0030036977095438,0.0099150247403714,0.0084093030350271,0.0095693913706459,0.9791816000545838,0.0004710090886148,0.0006127874968202,1.1790542806071571,0,Calm/Bull,1.0
2017-09-13,bist100,-0.0089670717161134,0.0099705361219062,0.0085147364356635,0.0124477824735114,0.8978435284401061,-0.0026749948626402,0.000554305162394,1.1709741337553463,0,Calm/Bull,0.9999
2017-09-14,bist100,0.0008197493939471,0.0083445485972946,0.0084043395588186,0.0124211176366969,1.1258602880646542,-0.0027502955181012,-0.0005938107437644,0.9928857037360818,0,Calm/Bull,0.9993
2017-09-15,bist100,-0.0046531372249433,0.0063277716120503,0.0083926218707119,0.0073592651294397,0.7280890252501356,-0.0013136458239192,0.0003859168537215,0.7539683914668633,0,Calm/Bull,0.9952
2017-09-18,bist100,-0.0112668688406103,0.0068441021526642,0.0084486776386003,0.0144489661598566,0.9250908319393848,-0.0054142052194527,-0.0001534264247635,0.8100796888491638,0,Calm/Bull,0.9693
2017-09-19,bist100,-0.015292680795512,0.0076364082232363,0.0087095514825185,0.0201378272028966,1.0774735183745174,-0.0078720018366464,-0.0009008883965951,0.876785473805841,0,Calm/Bull,0.7694
2017-09-20,bist100,0.0038613772084558,0.0076470701393193,0.0087177550081715,0.0096256730356445,0.8162434405105538,-0.0053063120517325,-0.0008840069059158,0.8771834184547905,0,Calm/Bull,0.989
2017-09-21,bist100,-0.012636071093587,0.0073299012748049,0.0088568378441767,0.015283577548733,0.7905099820970762,-0.0079974761492393,-0.0021703120305112,0.8275979987173772,0,Calm/Bull,0.8336
2017-09-22,bist100,0.0011695402870141,0.0073554643004451,0.008832827799891,0.0125034834155421,0.8208525925847938,-0.0068329406468478,-0.0021024384319486,0.8327417297250904,0,Calm/Bull,0.9336
2017-09-25,bist100,-0.0179536156545156,0.0080378405297999,0.0090738201277314,0.0188207577038267,1.1172686514259702,-0.0081702900096289,-0.0031647755975773,0.8858276246004276,0,Calm/Bull,0.6529
2017-09-26,bist100,0.0160925000653156,0.0090702708305349,0.0092796617390457,0.016624924842988,0.8919402547234278,-0.0018932538374634,-0.0024523978771544,0.9774355020259292,0,Calm/Bull,0.8349
2017-09-27,bist100,-0.0264312970268854,0.0103212411149387,0.0099101002218824,0.027835107122626,1.0251515493261982,-0.0079517886845316,-0.0040485978484804,1.0414870570277852,1,Transition,0.7564
2017-09-28,bist100,0.0140562471199498,0.0109070717125007,0.0100717607033451,0.0189945265463157,0.8664164898231131,-0.0026133250418242,-0.0036115362430884,1.0829359467285735,0,Calm/Bull,0.6976
2017-09-29,bist100,0.0024966628241714,0.0109506807855578,0.0100403607959022,0.0104666533968418,0.8691402531415191,-0.0023479005343928,-0.0035243424118128,1.0906660635170675,0,Calm/Bull,0.981
2017-10-02,bist100,0.0098918944052896,0.0113533716382857,0.0100952961259232,0.0113499502816433,0.7666998916207501,0.0032212014775682,-0.0028425709892342,1.1246199711895388,0,Calm/Bull,0.9882
2017-10-03,bist100,-0.0002222480137216,0.0112243992191494,0.0100933587344991,0.0102639006793415,1.0294436685381,-4.1748138239216224e-05,-0.0023339986809335,1.1120578901832197,0,Calm/Bull,0.9959
2017-10-04,bist100,0.0061432850847367,0.0111987929802474,0.0100882619480993,0.0078088448399729,1.0794319680279103,0.0064731682840852,-0.0023649818287048,1.1100815024293982,0,Calm/Bull,0.9422
2017-10-05,bist100,-0.0020451702300441,0.0111679543130947,0.0100191235881895,0.0080876132163475,0.9494002302631516,0.0032528848140864,-0.0025270529737696,1.1146637941725128,0,Calm/Bull,0.9901
2017-10-06,bist100,-0.0018880525016197,0.0109509361446836,0.0096764655905805,0.0066633071145256,0.8248026545821598,0.0023759417489281,-0.0020296363140579,1.131708271183614,0,Calm/Bull,0.9987
2017-10-09,bist100,-0.0276455202149516,0.0120082987761503,0.0102868764600868,0.0206095522353526,1.246994588717712,-0.00513154117512,-0.0038737087316583,1.1673415951618125,2,Stress/Bear,0.6194
2017-10-10,bist100,0.0204802176228604,0.0131880481102045,0.010622136815374,0.0133277591440179,0.9626467761723444,-0.0009910480478036,-0.0026995129650381,1.2415626290104549,0,Calm/Bull,0.8131
2017-10-11,bist100,0.0040732793139254,0.0131842280794951,0.0105659434034754,0.0187814492974476,1.2194262447576534,-0.0014050492019659,-0.0020474954135362,1.247804154918953,0,Calm/Bull,0.9769
2017-10-12,bist100,0.0201800650956152,0.0140857445540356,0.0108139779297842,0.0127053370343704,0.8973384599247975,0.0030399978631659,-0.0010794796284528,1.3025497782125204,0,Calm/Bull,0.914
2017-10-13,bist100,0.0027658418941837,0.0140843683407982,0.0108024040977796,0.0118483611111653,0.9261399370671346,0.0039707767423266,-0.0007085306724964,1.303817947681958,0,Calm/Bull,0.9903
2017-10-16,bist100,0.0023394913928591,0.0138745781942993,0.0106047130042572,0.0086565023511452,0.9122182267227834,0.0099677790638888,-2.8212660822995832e-05,1.3083407527133866,0,Calm/Bull,0.9437
2017-10-17,bist100,0.004838348149105,0.0134320727555319,0.0105919625185715,0.0103467919822003,0.976526068496325,0.0068394051691377,0.0009783387864078,1.268138244634138,0,Calm/Bull,0.9927
2017-10-18,bist100,-0.0006030581988966,0.013418728738899,0.0105915151402252,0.0079382466651406,0.9809032395957008,0.0059041376665733,0.0007551170160402,1.2669319319514902,0,Calm/Bull,0.9926
2017-10-19,bist100,0.0139972364961622,0.0133411640265341,0.0107425594745077,0.0112779322454973,0.891853542679339,0.0046675719466827,0.0020867823955277,1.2418980838032962,0,Calm/Bull,0.976
2017-10-20,bist100,0.0005079295587397,0.013344377982056,0.0107362311593778,0.0124925919962391,1.1339102899776354,0.0042159894795939,0.0020537018591139,1.242929458574494,0,Calm/Bull,0.9637
2017-10-23,bist100,-0.0109866784752346,0.0128773728632454,0.0108315676234258,0.0080539334596021,0.8661732060883249,0.0015507555059751,0.002402048718078,1.1888743449650898,0,Calm/Bull,0.9251
2017-10-24,bist100,-0.0009043660346239,0.01248107441581,0.0107355896616753,0.0080275162762162,0.9310055828350036,0.0004022126692293,0.001552205413081,1.1625886242994132,0,Calm/Bull,0.9916
2017-10-25,bist100,0.010656055632902,0.0107380220822491,0.0107937936138003,0.0085387305497805,0.9225164848274624,0.002654035435589,0.0034065730460704,0.9948330000047524,0,Calm/Bull,0.9555
2017-10-26,bist100,-0.00945811155608,0.0107977471952894,0.0108623280582439,0.0140933170473181,0.9509941098910528,-0.0020370341748593,0.0022308551122689,0.9940546020514034,0,Calm/Bull,0.8856
2017-10-27,bist100,0.0051036290427072,0.0108168433668751,0.0107477427578378,0.010601268866382,1.0970577653888325,-0.0011178942780658,0.0023612034231957,1.006429313633035,0,Calm/Bull,0.9659
2017-10-30,bist100,0.0053875909987115,0.0106980352000218,0.0107598331759494,0.0071940373322853,0.9183989543743852,0.0021569596167233,0.0021359882528668,0.9942566046408906,0,Calm/Bull,0.9903
2017-10-31,bist100,0.0153317760146508,0.0110762485071922,0.010911010788391,0.0149779991519294,1.3772158456336538,0.0054041880265783,0.0029136894542854,1.0151441256915446,0,Calm/Bull,0.5362
2017-11-01,bist100,0.0258269916991999,0.0121962009947766,0.0112821154918186,0.0289886424977821,2.0897922537633584,0.0084383752398379,0.0038978747850085,1.081020753919859,2,Stress/Bear,1.0
2017-11-02,bist100,-0.0002602158920825,0.0121568903709256,0.0111956133309038,0.0170813071429968,1.8439075718345328,0.0102779543726374,0.0039871225019066,1.085861936421859,2,Stress/Bear,0.9903
2017-11-03,bist100,-0.0151780868971221,0.0128390153860846,0.0113749676973724,0.0261716005316627,1.3539822331009088,0.0062216111846715,0.0033226207821315,1.1287078546210236,2,Stress/Bear,0.5232
2017-11-06,bist100,0.0254862582280272,0.0115234721092268,0.0117716185393253,0.0291332581441092,1.1822268546086407,0.0102413446305346,0.0059792097042804,0.9789199395758972,2,Stress/Bear,0.7411
2017-11-07,bist100,-0.0167272653032934,0.0120505573509896,0.0119295537107098,0.0213198162714676,1.1650757857892204,0.0038295363669458,0.0041188355579728,1.0101431824872993,1,Transition,0.9631
2017-11-08,bist100,-0.0033672054852815,0.0121663327765122,0.0118898547967718,0.0201923383227431,1.268674664351061,-0.0020093030699504,0.0037468113180124,1.0232532679722377,1,Transition,0.9583
2017-11-09,bist100,-0.0148376474752601,0.0121966166157987,0.0116651617988853,0.0233923075688061,1.0672028313070216,-0.004924789386586,0.0019959256894686,1.045559146634745,1,Transition,0.9636
2017-11-10,bist100,-0.0118351167274514,0.0125790913493396,0.0113311972655307,0.017892820776669,0.891872212194833,-0.0042561953526518,0.0012658777583869,1.110129058259799,0,Calm/Bull,0.4976
2017-11-13,bist100,-0.0008246455245576,0.0125847742123994,0.0113316941453,0.0172497914547994,0.9147919993402664,-0.0095183761031688,0.001107670912516,1.1105818821997773,1,Transition,0.8785
2017-11-14,bist100,0.0117704627980418,0.0127867710525155,0.01142739180965,0.0229336950037331,1.0019752330761769,-0.0038188304829018,0.0014542766449629,1.1189579621937469,1,Transition,0.8963
2017-11-15,bist100,-0.0223266368054792,0.0138492490572468,0.011793314271026,0.0278045699675059,1.026930637147817,-0.0076107167469413,0.0003680977146337,1.1743305349940347,1,Transition,0.6643
2017-11-16,bist100,-0.0068917111443384,0.0135517842748505,0.011701464644116,0.0197520735186971,0.9238197219268814,-0.0060215294807569,-0.0006763496673912,1.15812718211006,1,Transition,0.5424
2017-11-17,bist100,-0.0069150622624283,0.0136191240555888,0.0117330135944053,0.019409074519935,0.8312275598526997,-0.0050375185877523,-0.0010474992584496,1.1607524312494442,0,Calm/Bull,0.5762
2017-11-20,bist100,-0.0221525560858803,0.0142617127483891,0.0120540141916951,0.0269335927817454,0.8349455898430209,-0.0093031007000168,-0.0016057931389819,1.183150485936466,1,Transition,0.7544
2017-11-21,bist100,0.0129640685148878,0.0146300065737676,0.0121800170741692,0.0230261708365938,0.9290591566739737,-0.0090643795566476,-0.0009123714115063,1.2011482812117094,1,Transition,0.7744
2017-11-22,bist100,0.0065881020422257,0.0144883000710896,0.0121901273646188,0.0232883113077,0.954387168120223,-0.0032814317871066,-0.0011157690910401,1.1885273744670717,1,Transition,0.9072
2017-11-23,bist100,-0.008886795632378,0.0144715397566845,0.0122114663831355,0.0218004084758031,0.7667301295340395,-0.0036804486847146,-0.001087203294855,1.1850779671039493,1,Transition,0.8678
2017-11-24,bist100,-0.0046447108595035,0.0144161125940367,0.0122195422802162,0.0094290832493852,0.6351184466320824,-0.0032263784041296,-0.0015746202899655,1.1797588046629932,0,Calm/Bull,0.4966
2017-11-27,bist100,0.0021050193440597,0.0143512155034992,0.01221990400941,0.0142355936684654,0.7982531869464881,0.0016251366818583,-0.0017387488726981,1.174413112611035,0,Calm/Bull,0.7744
2017-11-28,bist100,-0.0260299110677813,0.0147368293116843,0.012588802687064,0.0402939543610457,0.9512350083382908,-0.0061736592346754,-0.0038068332268197,1.1706299382091023,2,Stress/Bear,0.9902
2017-11-29,bist100,0.0026789843436484,0.0131056825012692,0.0125567014919029,0.0156232331988994,0.8023454029312502,-0.0069554827743909,-0.0049642335945973,1.043720160881448,1,Transition,0.9626
2017-11-30,bist100,0.0159226866479532,0.0138876330835435,0.012745719428973,0.0160572044585593,1.005704558662392,-0.0019935863183246,-0.0041550884675955,1.0895919340555036,1,Transition,0.9563
2017-12-01,bist100,-0.0040994383621153,0.0136436229184733,0.0126721080149463,0.0107619395184162,0.7114638437730401,-0.001884531818847,-0.0036011560408452,1.0766656109923491,1,Transition,0.7023
2017-12-04,bist100,0.0158634726034135,0.0127009835502678,0.0127891443856395,0.0182893713876261,0.7596289309272678,0.0008671588330236,-0.0040822953220759,0.993106588469617,1,Transition,0.9802
2017-12-05,bist100,0.0098839798020424,0.0127004731292996,0.0128571403876248,0.0145436302589395,1.0521685179773363,0.0080499370069884,-0.0027517330668091,0.987814766456466,1,Transition,0.9838
2017-12-06,bist100,-0.0090385471058783,0.0127780143320434,0.0128579467359789,0.0156357500055932,0.8986526451671897,0.0057064307170831,-0.0030353001478389,0.9937834239341016,1,Transition,0.98
2017-12-07,bist100,0.0108015412911474,0.0128176887104231,0.0129389124765577,0.015274193639019,0.8193563571142888,0.0046822016457219,-0.0017533407095185,0.9906310699330946,1,Transition,0.7588
2017-12-08,bist100,0.0137503455541661,0.0130334812164017,0.0130511089685124,0.0144263016767814,0.9548417021927113,0.0082521584289782,-0.0004740675954377,0.9986493291755302,1,Transition,0.8907
2017-12-11,bist100,0.0113803692275696,0.0132992236971679,0.0130464100436672,0.0080993704689515,0.9778918690079418,0.0073555377538094,0.0001361831421686,1.0193780245028703,1,Transition,0.5207
2017-12-12,bist100,-0.0009806806709272,0.0130147264901939,0.0128843638032844,0.0109766974936887,0.964264650608622,0.0051826056592155,-0.0005013740312798,1.010117898632782,0,Calm/Bull,0.6656
2017-12-13,bist100,-0.0082532224654699,0.0121224563606493,0.0129279357694588,0.0160967500287532,0.958323273257542,0.0053396705872971,0.0002022966857206,0.9376946619186974,1,Transition,0.8862
2017-12-14,bist100,0.0138942138066748,0.0123707335647099,0.0129267582766024,0.0174439100147008,1.161625505544869,0.0059582050904026,0.0012415929332713,0.9569865313487842,1,Transition,0.9155
2017-12-15,bist100,-0.0030703300382666,0.0122667468494234,0.0129367557756639,0.010275357564668,0.9082904517730568,0.0025940699719161,0.0014338295444794,0.9482088911734012,0,Calm/Bull,0.7352
2017-12-18,bist100,0.008358852125626,0.0110121452955167,0.0127341900424922,0.0095258131022005,0.9834230485371692,0.0019897665515274,0.0029593999550547,0.864769982132406,1,Transition,0.7536
2017-12-19,bist100,-0.0006424058985557,0.0107793719700337,0.0125860381596075,0.0089882623542211,1.221127477576606,0.0020574215060017,0.0022790762343825,0.8564547344714161,1,Transition,0.6149
2017-12-20,bist100,0.0025164252793455,0.0107320524472306,0.0120616462167354,0.0104786470007242,1.1527996830469784,0.0042113510549648,0.0020754923962385,0.8897668074810529,0,Calm/Bull,0.7281
2017-12-21,bist100,0.007372187439906,0.0104705791774357,0.0119738402020861,0.0096745557001955,1.1380240269130422,0.002906945781611,0.0028884415498527,0.874454561003037,0,Calm/Bull,0.6382
2017-12-22,bist100,-0.0015514443613,0.0103758660379396,0.0119786393223116,0.0103592671006962,0.8905693068037899,0.0032107229170043,0.0030431048747629,0.8661973834217811,0,Calm/Bull,0.6144
2017-12-26,bist100,0.0081324476976232,0.01043455351978,0.0119593292604393,0.0053238283523367,0.8161035042681919,0.0031654420314037,0.003344476292441,0.8725032393160075,0,Calm/Bull,0.6861
2017-12-27,bist100,0.0012758408757376,0.0078568195360688,0.0119577730538394,0.0069568121225341,0.8459426307478086,0.0035490913862624,0.004709763889617,0.657047052213973,1,Transition,0.999
2017-12-28,bist100,0.0205700118663877,0.0085970668445209,0.0121999728304124,0.0177174856606171,0.9902741106073292,0.0071598087036709,0.005604315265754,0.7046791795380037,1,Transition,0.9996
2017-12-29,bist100,0.0074190477863663,0.0082637142174946,0.0122143673660018,0.0126755538112764,0.9263755750333368,0.0071691807729629,0.0051791333226746,0.6765568751842478,1,Transition,0.9999
2018-01-02,bist100,0.0188206583215802,0.0084952719075672,0.0124032371076513,0.0178525522275648,1.663976055614589,0.011243601309539,0.0063251381568594,0.6849237689995177,1,Transition,0.9469
2018-01-03,bist100,-0.0126041173090974,0.0091710068195382,0.0119368127949481,0.0225322622007109,1.7810554967372505,0.0070962883081948,0.0049017586612338,0.7682961086077791,2,Stress/Bear,0.648
2018-01-04,bist100,-0.0048457662816802,0.0093397379643976,0.0117277761348461,0.0182404820468557,1.4123345538011367,0.0058719668767113,0.0041652713570477,0.7963775789211126,1,Transition,0.9956
2018-01-05,bist100,0.0098799099720931,0.008878727597367,0.0117703635424533,0.0105781039015896,1.0827510269193232,0.0037339464978523,0.0051111942109463,0.7543290880815388,1,Transition,0.9894
2018-01-08,bist100,-0.0028625139682149,0.0089432977643755,0.0115388087990534,0.0133710286751751,1.0350542075176643,0.0016776341469361,0.0044279914479782,0.7750624800290651,1,Transition,0.9567
2018-01-09,bist100,-0.0110813497612698,0.0092976274483423,0.011652139784621,0.0148241178831615,1.125150612570003,-0.0043027674696338,0.0031864066822064,0.7979330509417406,1,Transition,0.9439
2018-01-10,bist100,-0.0125392632123675,0.0097171034178493,0.011787741564158,0.0173626518411258,1.1855282349524474,-0.0042897966502878,0.0019904250602095,0.8243397062076208,1,Transition,0.8732
2018-01-11,bist100,0.0098927621266729,0.0098454578139609,0.0118330428680057,0.0144806492302276,1.241631129422462,-0.0013420909686172,0.0025340972000895,0.8320309428254626,1,Transition,0.7809
2018-01-12,bist100,-0.0006469622644743,0.0095492845303803,0.0118331552439473,0.0100930231963845,1.077255030770435,-0.0034474654159307,0.0029144102101393,0.806993936402951,1,Transition,0.7884
2018-01-15,bist100,-0.0219176294846036,0.010673473188453,0.0120786894832769,0.029366459611105,1.3391248077403068,-0.0072584885192084,0.0011238180455754,0.8836615266275805,1,Transition,0.9016
2018-01-16,bist100,0.0199425416297724,0.0114123926968072,0.0123350522838796,0.0294368835087198,1.4530544339628035,-0.001053710241,0.0022744616289773,0.9252001883868584,1,Transition,0.6188
2018-01-17,bist100,0.0188231158495292,0.0119339730497436,0.0124485184777555,0.0250823796406045,1.2384144923134242,0.0052187655713793,0.0027976748151725,0.9586661313206576,1,Transition,0.9631
2018-01-18,bist100,0.0022574784738788,0.0119075644524364,0.0124453601482378,0.0137074937272747,1.0623727960197935,0.0036917088408205,0.0029426690337942,0.9567874541680096,0,Calm/Bull,0.5443
2018-01-19,bist100,-0.0147320351345272,0.0125474882094441,0.0125576696568096,0.0185720040709015,1.1844603326712078,0.0008746942668099,0.0020802460131006,0.9991892247810524,1,Transition,0.89
2018-01-22,bist100,0.0179743103313612,0.0129986763151092,0.0126688533138334,0.0166964792670796,0.990603037926156,0.0088530822300029,0.0026103521576733,1.0260341637167505,1,Transition,0.9561
2018-01-23,bist100,0.0098848838406286,0.0130573732220908,0.0127070724648033,0.0123353422442994,1.0805085496172138,0.0068415506721741,0.0031821685677698,1.0275673848762428,1,Transition,0.6494
2018-01-24,bist100,0.0104878548594961,0.0131148676284896,0.0127501639245327,0.0127415626822097,1.072904335067845,0.0051744984741675,0.0032999389258634,1.0286038443203949,1,Transition,0.6694
2018-01-25,bist100,-0.0087664268640259,0.0133858785739503,0.0126908175237048,0.0146133242541474,0.9925396919845246,0.0029697174065865,0.0027978255388752,1.05476881603153,1,Transition,0.784
2018-01-26,bist100,0.01753292898111,0.0131894388207209,0.0124614936116504,0.0151606294918773,0.9335421557747772,0.009422710229714,0.0026459713946114,1.0584155665248594,1,Transition,0.8969
2018-01-29,bist100,0.0011872177696997,0.0131442774227019,0.0124602258862617,0.0176548654419565,0.9096134444634686,0.0060652917173817,0.002334379893778,1.054898807026801,1,Transition,0.7909
2018-01-30,bist100,-0.0128438659270762,0.0129596909793784,0.0124120294819022,0.0137926370100942,0.9863226641113538,0.0015195417638407,0.0007511536813452,1.0441234447819088,0,Calm/Bull,0.6704
2018-01-31,bist100,0.0018900077463571,0.0125730454327705,0.0119949565053914,0.0094152759461616,0.8594150261022917,-0.000200027658787,0.0014758599341179,1.0481943329364578,0,Calm/Bull,0.9365
2018-02-01,bist100,-0.0040608305616946,0.0125534837585883,0.0117916176070141,0.0187712038424682,0.8587052487171705,0.0007410916016791,0.0015151067201172,1.064610825839616,0,Calm/Bull,0.6138
2018-02-02,bist100,-0.0078004940951031,0.012555958505345,0.0118331122997466,0.015175444307684,0.6552336157215324,-0.0043255930135634,0.0006310865167574,1.0610867358720038,0,Calm/Bull,0.7834
2018-02-05,bist100,-0.0107818607442125,0.0127945385222226,0.011752987032035,0.0131235007869399,0.7260345679323719,-0.0067194087163459,0.0002351191779575,1.0886201514005436,0,Calm/Bull,0.5365
2018-02-06,bist100,-0.0120133437595249,0.0128395422290382,0.0117563002873666,0.0174706382136496,0.9880925779844272,-0.0065533042828356,0.0001885194780448,1.0921413978201655,1,Transition,0.5334
2018-02-07,bist100,0.0009774025722953,0.0124851784128204,0.011753947300797,0.009722247601548,0.9428955055163536,-0.006735825317648,0.0008643527672779,1.0622115356918245,1,Transition,0.542
2018-02-08,bist100,-0.0113710274833177,0.0125808936944838,0.0117740996105125,0.0189335602178364,0.8820186227394836,-0.0081978647019726,-0.0001988367132215,1.068522783963108,1,Transition,0.7118
2018-02-09,bist100,-0.0059090425473618,0.0126456150015883,0.011417359409254,0.0150400826714501,0.7474175529369633,-0.0078195743924243,-0.0004619407273659,1.1075779038136235,0,Calm/Bull,0.6803
2018-02-12,bist100,0.0107814445618327,0.011811960167868,0.0114412790537922,0.0077625932436649,0.6864389204520824,-0.0035069133312152,0.0011730129749558,1.0323985729508938,0,Calm/Bull,0.8533
2018-02-13,bist100,-0.0028528445088757,0.0109757064230973,0.0114045279142707,0.0108259228075667,0.7117568512230965,-0.0016748134810854,3.324366802345232e-05,0.962399014286527,0,Calm/Bull,0.9746
2018-02-14,bist100,-0.0091203556719795,0.0102097572074866,0.0110705286832506,0.0207819190171058,0.7634322098801798,-0.0036943651299404,-0.0013639299080519,0.9222465791479066,1,Transition,0.5267
2018-02-15,bist100,0.0241267040471366,0.011682844759666,0.0113571459120849,0.0142559459729129,0.8578548023103512,0.0034051811761504,-0.000270468629389,1.028677878236516,0,Calm/Bull,0.583
2018-02-16,bist100,0.0024525756982675,0.0111845779489927,0.0113392066095827,0.0133653516726334,0.8738732405546006,0.0050775048252763,0.0005887619122506,0.9863633615724682,0,Calm/Bull,0.9464
2018-02-19,bist100,-0.005413214603396,0.0104710591284972,0.0112936299036667,0.0178164907353342,0.8731170515778407,0.0018385729922305,-0.0005806143344872,0.9271650671939948,0,Calm/Bull,0.6753
2018-02-20,bist100,-0.0213609371466358,0.011137179563215,0.0116517886410927,0.0322552665228498,1.0222492797982057,-0.0018630455353214,-0.0021429053838504,0.9558343277818466,1,Transition,0.7763
2018-02-21,bist100,0.0250991208992411,0.012415219947947,0.012048087895894,0.0134754940832587,0.8604869540355538,0.0049808497789226,-0.0014123420818632,1.0304722255701706,1,Transition,0.8306
2018-02-22,bist100,0.0045025990053166,0.0123559417913377,0.0114868457578939,0.0135656104399326,0.8757096847116194,0.0010560287705586,-0.000748890788396,1.075660111727938,0,Calm/Bull,0.9779
2018-02-23,bist100,0.0058080676985895,0.0117038270964722,0.0114959126035824,0.0069800390763359,0.7499326245230117,0.001727127170623,-0.0013351338525221,1.0180859493334231,0,Calm/Bull,0.9595
2018-02-26,bist100,0.010751864156249,0.0120038830241919,0.0114111656711831,0.0058211682207456,0.9157940041149384,0.004960142922552,-0.0008569015331946,1.0519418760614032,0,Calm/Bull,0.9321
2018-02-27,bist100,0.0003342235546931,0.0116682639916243,0.0113838799651477,0.0063653144396917,0.9695264144815532,0.0092991750628178,-0.0001979970591061,1.0249812917342094,0,Calm/Bull,0.7559
2018-02-28,bist100,0.0010026166925873,0.0116615915749445,0.0112444263297022,0.0078268560048553,0.9960329750981586,0.0044798742214871,-0.0002423666117946,1.0370997357277685,0,Calm/Bull,0.9773
2018-03-01,bist100,-0.0111479703176366,0.0118891852469989,0.011323461693007,0.014586196401114,1.1245268111416682,0.0013497603568964,-0.0005967235995917,1.0499603009511886,0,Calm/Bull,0.9323
2018-03-02,bist100,-0.0065922041912418,0.0118536698089662,0.0112885103347432,0.01133932689199,0.8604645396338239,-0.0011302940210698,-0.0005363091043986,1.050065018099294,0,Calm/Bull,0.9818
2018-03-05,bist100,0.0007442084415222,0.0116069538006942,0.0112261027907436,0.0080293881681997,0.7654322083494821,-0.0031318251640151,3.999435488805045e-05,1.033925487504412,0,Calm/Bull,0.9729
2018-03-06,bist100,-0.0020226738970566,0.0112710320839232,0.0111201642802659,0.0090087423427102,1.0464642305686067,-0.0036032046543651,0.0005395278480114,1.013567048098842,0,Calm/Bull,0.9655
2018-03-07,bist100,0.0011346138800253,0.0112714083504313,0.011041207721366,0.0090695696198722,0.8978914453945037,-0.0035768052168775,0.0005473884133979,1.0208492254538308,0,Calm/Bull,0.9721
2018-03-08,bist100,-0.0023588977176229,0.0109452830871132,0.0110471138677902,0.0075097972317047,0.7888350914336387,-0.0018189906968748,0.0009979949016826,0.9907821371359355,0,Calm/Bull,0.9813
2018-03-09,bist100,0.0029758405406819,0.0108298876530079,0.0109806997776022,0.0063696641689945,0.932342772517815,9.461824950997168e-05,0.0014422390560848,0.9862657091397846,0,Calm/Bull,0.9839
2018-03-12,bist100,0.0127221653294167,0.0109262371872215,0.0109589332793256,0.0091469144330984,1.1209931312927166,0.0024902096270888,0.001539275094464,0.9970164895368244,0,Calm/Bull,0.9711
2018-03-13,bist100,-0.0012211311017896,0.0108977702347125,0.0109490909707568,0.0079667659368606,1.132826710289154,0.0026505181861422,0.0016208607648183,0.9953127856749598,0,Calm/Bull,0.9851
2018-03-14,bist100,-0.0057169582786612,0.0107467430262309,0.0109462858199674,0.013347772372942,1.0611818897555956,0.0012802037544049,0.0017910306344843,0.9817707305456502,0,Calm/Bull,0.961
2018-03-15,bist100,-0.0033322898456827,0.0094145003401264,0.0109589395046159,0.0095426605462543,1.0978176871490668,0.001085525328793,0.0004180809398433,0.8590703814142759,0,Calm/Bull,0.9457
2018-03-16,bist100,0.0001262276210623,0.009402404314853,0.010957789214878,0.0087335253149555,0.9753046827356996,0.0005156027448691,0.000301763535983,0.8580566873915475,0,Calm/Bull,0.9525
2018-03-19,bist100,-0.0151807114977978,0.0099524521954677,0.0111207619970415,0.0157366970762999,0.8557673287102743,-0.0050649726205738,-0.000186611308737,0.8949433679198748,0,Calm/Bull,0.6877
2018-03-20,bist100,0.0084654485580098,0.0087779634084344,0.0111628057999329,0.0141251212775116,1.023160952559717,-0.0031276566886139,0.0013047079764952,0.7863581581332565,1,Transition,0.5864
2018-03-21,bist100,0.0104194808053789,0.0071455934014432,0.0111921988866797,0.0111686694972153,1.4101924476353,9.963112819411126e-05,0.0005707259718021,0.6384441050227811,1,Transition,0.9812
2018-03-22,bist100,-0.004608888723965,0.0071721259364919,0.0112138949324981,0.0129596476827059,1.3661954315235902,-0.0001556886474623,0.000115151585338,0.6395749184083245,1,Transition,0.9687
2018-03-23,bist100,-0.0043430242442184,0.0071069359116817,0.0109239821099367,0.011251092697379,1.591045127241293,-0.0010495390205185,-0.0003924030118023,0.6505810646849296,1,Transition,0.7819
2018-03-26,bist100,-0.0015663351229923,0.0066064511821356,0.0108863441885243,0.0103118348344884,1.7508288588975591,0.0016733362544425,-0.0010083129757643,0.6068567250610898,1,Transition,0.8315
2018-03-27,bist100,-0.0019241324108912,0.0066015949409999,0.0106094282153336,0.0136950510502042,1.4559624628263714,-0.0004045799393376,-0.0011212307740435,0.6222385228507161,1,Transition,0.9158
2018-03-28,bist100,-0.0179508004005704,0.0075700314409168,0.0107371556635799,0.0189784994195363,1.3188574697798796,-0.0060786361805275,-0.0020689016287014,0.705031358220323,1,Transition,0.9427
2018-03-29,bist100,0.0062479937963967,0.0074706880793281,0.0107526800150445,0.0144360875083173,0.9493333875216604,-0.0039072596764551,-0.0011991034229998,0.6947745184340632,1,Transition,0.8922
2018-03-30,bist100,0.0007450439306397,0.0073714057779826,0.0106734500861258,0.0102375647793868,0.8504048052920664,-0.0028896460414835,-0.0008322410169057,0.6906300885375894,1,Transition,0.6577
2018-04-02,bist100,-0.0042559757577501,0.0073998631363915,0.0106807537694924,0.0082872117867782,0.625767960041289,-0.003427574168435,-0.0010822502268693,0.6928221824126134,1,Transition,0.7349
2018-04-03,bist100,0.0013273253883725,0.0074153540835879,0.0105875748959932,0.0078948610274152,0.8949603509818781,-0.0027772826085823,-0.0009147502625978,0.7003826803052148,1,Transition,0.5923
2018-04-04,bist100,-0.0054120092597625,0.0074644581672662,0.0104846982944257,0.0141434497422091,0.974056999507287,-0.0002695243804207,-0.0012420814195872,0.7119382892719728,1,Transition,0.706
2018-04-05,bist100,0.0084920018838839,0.0077672137417607,0.0104639640604365,0.011194656334118,1.2061844849803245,0.0001792772370767,-0.0006995364395119,0.742282150139259,0,Calm/Bull,0.5973
2018-04-06,bist100,-0.0018294298969502,0.0077217270667473,0.0104663800505349,0.008669312410804,0.8277415707987634,-0.0003356175284412,-0.0009397999613935,0.7377648269472757,0,Calm/Bull,0.7036
2018-04-09,bist100,-0.0138785645766058,0.0075332899835796,0.0102296507283702,0.026106565056751,0.973382345217699,-0.0022601352922124,-0.0022698364566946,0.7364171254339476,1,Transition,0.9993
2018-04-10,bist100,-0.0218298035603556,0.0087012260560978,0.0102809468267038,0.0317652413530306,1.230362680670716,-0.006891561081958,-0.0033002700796229,0.84634481655884,1,Transition,0.958
2018-04-11,bist100,-0.0132703661690499,0.0089713728878088,0.0100890776663845,0.0449472763890401,1.247012453059932,-0.0084632324638155,-0.0036779404741424,0.8892163569817892,2,Stress/Bear,0.995
2018-04-12,bist100,0.0089499107759563,0.0094061167908588,0.0101633622775525,0.0185930114559252,0.9763109234418318,-0.008371650685401,-0.0030638304430604,0.9254926208459376,1,Transition,0.704
2018-04-13,bist100,-0.0057442075797631,0.0093929158054926,0.0100223752968574,0.0165295423218831,0.7325128383149065,-0.0091546062219636,-0.0033573522031017,0.9371945798555168,0,Calm/Bull,0.6253
2018-04-16,bist100,0.0098388265833031,0.0094014526439551,0.0098166899946461,0.0114285235337504,0.8019953593555927,-0.0044111279899818,-0.0021063752990466,0.9577008797346752,0,Calm/Bull,0.9537
2018-04-17,bist100,-0.0177088114683314,0.0096702933196403,0.0099456279808824,0.0332881808222801,1.2412406769362343,-0.003586929571577,-0.0034150883003637,0.9723160104348106,1,Transition,0.6049
2018-04-18,bist100,0.0303784898573035,0.0119372689398631,0.0106553713673516,0.0415697268275716,1.249668465909111,0.0051428416336936,-0.0024171378477675,1.1203052928252948,2,Stress/Bear,1.0
2018-04-19,bist100,0.000206989258149,0.0119393027263509,0.010608618768041,0.007217200388198,0.9174741130117527,0.0033942573301322,-0.0021763439486618,1.1254342329954037,0,Calm/Bull,0.9827
2018-04-20,bist100,-0.0106674718312832,0.0120826035439155,0.010399096606372,0.0116765347549425,0.8095854057172114,0.0024096044798281,-0.002492566328015,1.1618897295859292,0,Calm/Bull,0.9829
2018-04-24,bist100,-0.0079089008129669,0.0121401123458352,0.0104269066870723,0.0096657557997474,0.7673100465977303,-0.0011399409994258,-0.0028096946125137,1.1643062233295869,0,Calm/Bull,0.9907
2018-04-25,bist100,-0.0244397705685815,0.013062587184278,0.01074232808129,0.0350070854790188,1.0525332545675328,-0.0024861328194758,-0.0039354765203983,1.215992202568188,2,Stress/Bear,0.9792
2018-04-26,bist100,-0.0036033252032022,0.012639497437117,0.0107341717356473,0.0181928517571746,0.8267389340694664,-0.009282495831577,-0.0032181027605299,1.1775009519497688,0,Calm/Bull,0.7749
2018-04-27,bist100,0.0055835697382349,0.0126141553643826,0.0107725415523144,0.0142129124849303,0.8383312586274908,-0.0082071797355598,-0.0032513239634379,1.170954440335623,0,Calm/Bull,0.7545
2018-04-30,bist100,-0.03144698070465,0.0140495910706482,0.0114136345226445,0.042387848858021,0.8400996898029929,-0.0123630815102331,-0.0048609251952024,1.2309480422536698,2,Stress/Bear,0.9998
2018-05-02,bist100,0.0042379743003572,0.0141964521598759,0.0113841409438492,0.0228970858540475,1.0090233030537932,-0.0099337064875683,-0.0044362276922971,1.2470376315523612,1,Transition,0.7274
2018-05-03,bist100,-0.0174984686010382,0.0144166002490969,0.0114888762150472,0.0222090211129705,0.9787390970132928,-0.0085454460940596,-0.0053775173917676,1.2548311931688492,1,Transition,0.7975
2018-05-04,bist100,-0.003015954209054,0.0144262509793955,0.0114833867066998,0.0182954999600827,1.0053179835967996,-0.00842797189523,-0.0052577146392322,1.2562714596190192,1,Transition,0.813
2018-05-07,bist100,-0.0170351776758363,0.0142741756428735,0.011584697285257,0.0214215564361971,0.7347616626060338,-0.0129517213780442,-0.0065340736172182,1.2321578450771629,1,Transition,0.7539
2018-05-08,bist100,-0.0150069684700303,0.0143495160635406,0.0116947036143306,0.0264937042063298,1.0503956369213945,-0.0096637189311203,-0.0071929505458722,1.22700981031762,1,Transition,0.7219
2018-05-09,bist100,0.0141579972638388,0.0150160032374442,0.0117662828847794,0.0376870343559027,1.1168356782174411,-0.007679714338424,-0.00579112245385,1.2761892081371384,2,Stress/Bear,0.9877
2018-05-10,bist100,0.0157523417983815,0.0152529330901073,0.0119910977750708,0.029913022949553,0.9875004038552608,-0.00102955225854,-0.0039120151859131,1.2720214092339253,2,Stress/Bear,0.6137
2018-05-11,bist100,-0.0051725402291595,0.0150981331020688,0.0119613994967149,0.0161450313634368,0.8698260813612878,-0.0014608694625611,-0.0035071238889186,1.262238010377918,1,Transition,0.7691
2018-05-14,bist100,0.01479294135583,0.0154052733028768,0.01167580901789,0.0212673318959317,0.8006772162508823,0.004904754343772,-0.0032149723599249,1.3194180616754123,2,Stress/Bear,0.5038
2018-05-15,bist100,-0.0178618692108758,0.0157445381266097,0.0118392683407307,0.0177821486772502,0.9791084309292152,0.0043337741956029,-0.0038208554414805,1.329857358874425,1,Transition,0.5209
2018-05-16,bist100,0.0060628670041886,0.0155940395131445,0.011880619760777,0.0209471436557792,0.968525376488976,0.0027147481436729,-0.0040096534204362,1.31256111441485,1,Transition,0.8563
2018-05-17,bist100,-0.0028280794999403,0.0152573790170447,0.0116092109831335,0.0113165258184851,0.8867396880268237,-0.0010013361159914,-0.0032656168220167,1.3142477158190593,1,Transition,0.6052
2018-05-18,bist100,0.0052957177433919,0.0132444187597144,0.0111021605397716,0.0097432393016573,0.7732613539648844,0.0010923154785189,-0.0045197554277123,1.1929586779319727,0,Calm/Bull,0.6053
2018-05-21,bist100,-0.0014911450052813,0.0132179386085679,0.0110684567834604,0.0139334251850607,0.8134535249350092,-0.0021645017937033,-0.0046046621408838,1.1941988722691157,0,Calm/Bull,0.7687
2018-05-22,bist100,0.0104093419024718,0.0135452752927107,0.0111407397900476,0.0145895947338077,1.0280864434691597,0.0034897404289661,-0.003550821454196,1.215832659946978,0,Calm/Bull,0.6287
2018-05-23,bist100,-0.0139950076410348,0.0137156294000349,0.0111132251617759,0.0203197022232203,1.0896814937817385,-0.0005218345000785,-0.0038551267955994,1.2341718268437545,1,Transition,0.5547
2018-05-24,bist100,-0.0074235649274154,0.0128734323228763,0.0111241322825939,0.0283752730323955,1.2413663029120274,-0.0014409315855735,-0.0030043165135411,1.1572527183104,1,Transition,0.7565
2018-05-25,bist100,0.0201828958653087,0.0138749655789377,0.0115011573538675,0.0196473146128857,0.983847381903728,0.0015365040388097,-0.0018150054601156,1.206397334810131,1,Transition,0.7091
2018-05-28,bist100,0.0317128164417458,0.0157162634108246,0.0122530248508993,0.0197973828474554,0.9559385316073078,0.0081772963282152,-0.00050854312494,1.2826435596163182,2,Stress/Bear,0.5483
2018-05-29,bist100,-0.0133428360496569,0.0142978870884541,0.012329898625073,0.0156345882006456,0.9049968780480536,0.0034268607377894,0.0003966641078095,1.1596110822338137,1,Transition,0.7784
2018-05-30,bist100,-0.0119093120791309,0.0145236768067227,0.0123942902033829,0.0206578920925529,1.0966768495191743,0.0038439998501702,-0.0004107002111648,1.171803836153415,1,Transition,0.9341
2018-05-31,bist100,-0.0314584069807243,0.0156777261456483,0.0129655562823238,0.0377093002116455,1.2469625668789923,-0.0009629685604915,-0.0011086971301491,1.2091826840489752,2,Stress/Bear,0.9872
2018-06-01,bist100,-0.0148244062753115,0.0159729078452771,0.013053814778583,0.0282532942420487,1.2657835916974145,-0.0079644289886155,-0.001699119733462,1.2236199238465717,1,Transition,0.7436
2018-06-04,bist100,0.0007922699285049,0.0155642359449851,0.0130616819829266,0.0158429361144496,0.8784580516141921,-0.0141485382912637,-0.0008077473532449,1.191595076754256,1,Transition,0.7891
2018-06-05,bist100,-0.0144781426867926,0.0155392731928675,0.0131277679064624,0.0229302960429687,0.8356152669256728,-0.0143755996186909,-0.000781306064083,1.1836949970160555,1,Transition,0.8354
2018-06-06,bist100,-0.0119858643668622,0.0153144161248862,0.0130141769379248,0.0334718672539581,1.1001297273841042,-0.0143909100762371,-0.0020884991456181,1.1767487254809192,2,Stress/Bear,0.668
2018-06-07,bist100,0.0201356806361764,0.0156116578608042,0.0133617329728822,0.0276314127475698,1.1642619641856915,-0.004072092552857,-0.0018693322037283,1.1683857095848416,1,Transition,0.7315
2018-06-08,bist100,-0.0282589782108293,0.0166853330081749,0.0137499196296297,0.0267608137206369,1.0332101683106796,-0.0067590069399605,-0.0030236541028118,1.2134858571987297,1,Transition,0.7893
2018-06-11,bist100,0.0081615633229547,0.0163756649855721,0.0138307488774135,0.0392092022943855,1.1376612922856224,-0.0052851482610706,-0.0033552230044556,1.184004216309256,2,Stress/Bear,0.928
2018-06-12,bist100,-0.0141109076447668,0.0162215323972153,0.0138944996745643,0.0192284785363013,0.8684382874381957,-0.0052117012526654,-0.0031676749261501,1.1674786985609085,1,Transition,0.9867
2018-06-13,bist100,-0.0190904961249956,0.016441799907443,0.0139594701689984,0.0242898298894661,0.829621554693652,-0.0066326276042921,-0.0044253430826093,1.1778240655549626,1,Transition,0.961
2018-06-14,bist100,0.0110187582346199,0.016800227392749,0.0140004393301979,0.0280864764821395,0.4734250742204592,-0.0084560120846034,-0.0037330011958813,1.1999785861370904,2,Stress/Bear,0.8452
2018-06-18,bist100,-0.0159665697822059,0.0168714073908995,0.0139710981573759,0.0162828545250817,0.6949722289538022,-0.0059975303988787,-0.0047961155721612,1.2075935048808182,1,Transition,0.9752
2018-06-19,bist100,0.0148669616784597,0.0174274099797543,0.0141793036919838,0.025992117607672,0.941049061474354,-0.0046564507277777,-0.0039782102379742,1.229073751315929,1,Transition,0.885
2018-06-20,bist100,0.0012169711764228,0.0171469515823821,0.0141924372719017,0.0161562931350956,0.9028104578763552,-0.0015908749635398,-0.0044378287742766,1.2081752593918278,1,Transition,0.9856
2018-06-21,bist100,0.0053299312184941,0.0171245250830674,0.014236168365538,0.0112985099802627,0.8275245800097845,0.0032932105051581,-0.0034715818313002,1.2028886315029388,1,Transition,0.9785
2018-06-22,bist100,0.0083275803331604,0.0172945609880706,0.0143152239526939,0.0181039936450626,0.7621380125076546,0.0027549749248662,-0.0026840245682714,1.2081236762499974,1,Transition,0.9792
2018-06-25,bist100,-0.0194233285879517,0.0167988260144434,0.0143421645352205,0.0641286675351984,1.3825061378332006,0.002063623163717,-0.0046643357909344,1.171289450291134,2,Stress/Bear,1.0
2018-06-26,bist100,0.00424484023275,0.0146541933657549,0.0143220390685579,0.0137043787279564,1.088806467744841,-6.08011254248508e-05,-0.0060377346013842,1.023191830130268,1,Transition,0.9757
2018-06-27,bist100,0.0162493393811587,0.0153549693619382,0.0145339327538085,0.019745818865298,1.3697783995810504,0.0029456725155223,-0.0045581258298434,1.0564910146508353,1,Transition,0.7333
2018-06-28,bist100,0.0028327355972384,0.0153373384998028,0.0145524117081014,0.0156526667811765,1.1921623911764772,0.0024462333912711,-0.0038210234460249,1.0539379181571988,1,Transition,0.9676
2018-06-29,bist100,0.003041277484621,0.0139419848449159,0.0145625078293903,0.0131579005612134,1.0031561148785,0.0013889728215633,-0.0020960392227577,0.957389002516303,1,Transition,0.9538
2018-07-02,bist100,0.002621930069218,0.0136463395144412,0.0145755812531812,0.01666163574722,0.990228646525913,0.0057980245529972,-0.0012237224055312,0.9362466770553548,1,Transition,0.9915
2018-07-03,bist100,-0.0019165912358733,0.013638718118514,0.0145015456516984,0.0103056399565067,0.9533123927888688,0.0045657382592725,-0.0013591654637501,0.940500995279535,1,Transition,0.9776
2018-07-04,bist100,0.0066237324294706,0.0133842653989737,0.0145530966688315,0.010932891486209,0.8285873844886921,0.0026406168689349,-0.0003040717079369,0.9196850473507008,1,Transition,0.9435
2018-07-05,bist100,0.0190188173677241,0.0137505557651589,0.0147455165181826,0.0172064908241369,1.3187919500580394,0.0058778332230321,0.0012461623787923,0.9325245235189388,1,Transition,0.9794
2018-07-06,bist100,-0.0036708167068547,0.013041438431137,0.0145206623929656,0.0171826669788894,1.1664917653262383,0.0045354143847369,5.5837511640776954e-05,0.8981297187554476,1,Transition,0.9928
2018-07-09,bist100,0.0052418321668784,0.0112403262433412,0.01447174466261,0.0209042921212708,1.368260727447195,0.005059394804269,0.0017308780305261,0.7767084415455681,1,Transition,0.9959
2018-07-10,bist100,-0.0304646095469975,0.0132210963646292,0.0148737216665218,0.027160952791706,1.5392731285350778,-0.0006502088579557,-0.0002004306129714,0.8888895907194254,2,Stress/Bear,0.8467
2018-07-11,bist100,-0.0531697328679456,0.017557599061539,0.0162579312653078,0.0445376893295239,1.6622259323003117,-0.012608901917439,-0.0021533718741303,1.079940539483308,2,Stress/Bear,1.0
2018-07-12,bist100,-0.0190008597402436,0.0175530589313251,0.0162967715709271,0.0479798551087665,1.698644086473841,-0.0202128373390326,-0.0021488900548927,1.077088112509302,2,Stress/Bear,1.0
2018-07-13,bist100,0.0036373947163549,0.0173379073324337,0.016214741444004,0.0189527822469247,0.8700329835223481,-0.0187511950543906,-0.002517958230806,1.0692681959998245,2,Stress/Bear,0.6132
2018-07-16,bist100,-0.0017111793452162,0.0170465037538607,0.0156071889223402,0.0209340868641572,0.9449836113328798,-0.0201417973568096,-0.0018051887089565,1.0922212730737335,2,Stress/Bear,0.7722
2018-07-17,bist100,0.0207931864232859,0.0173994138852705,0.0159178792279491,0.020412703695064,1.126770032763892,-0.0098902381627529,-0.0015088774717152,1.093073620933128,2,Stress/Bear,0.5607
2018-07-18,bist100,0.0075280885691516,0.0175083400603405,0.0159496717740962,0.0220425075942307,1.2583592409458904,0.0022493261246665,-0.0011933216020787,1.0977241606172572,1,Transition,0.9382
2018-07-19,bist100,0.007348205061836,0.0175536750397562,0.0159926302134588,0.0118523927197048,0.9354019242810068,0.0075191390850824,-0.0010924079099117,1.0976102620683228,1,Transition,0.9777
2018-07-20,bist100,0.0115392586305481,0.0176587621278046,0.0158415391536228,0.0146914286819005,0.8273772775613919,0.0090995118679211,-0.0009318239950423,1.114712526135203,1,Transition,0.9684
2018-07-23,bist100,0.0129144509168529,0.0173543604493335,0.0159599389787745,0.0195384214677932,0.9030425410826428,0.0120246379203349,0.0006850649801979,1.0873701003752894,1,Transition,0.9189
2018-07-24,bist100,-0.0338424778677111,0.0189587498626883,0.0164494050733744,0.0417352042600252,1.1699277736878944,0.0010975050621355,-0.0012193009248251,1.152549273248524,2,Stress/Bear,0.9998
2018-07-25,bist100,0.0345074623260297,0.0202404363333623,0.016690195472714,0.03773061920596,1.2709390665624911,0.0064933798135111,-0.0003063947775815,1.212714157030243,2,Stress/Bear,0.9996
2018-07-26,bist100,-0.0057974689377736,0.0202619733682526,0.0166821102330476,0.0331555301959782,1.2925245641274457,0.0038642450135892,-0.0007379050043321,1.214592943290423,2,Stress/Bear,0.8764
2018-07-27,bist100,0.0080619593729654,0.0203422023870814,0.0165968493329436,0.0160361101421145,0.9173127568226824,0.0031687851620726,-0.0004868709099149,1.2256665092876078,1,Transition,0.9394
2018-07-30,bist100,0.0059757124560216,0.0203829607742937,0.0166210321387571,0.0140218024254057,0.8087385159527578,0.0017810374699064,-0.0003191817905747,1.2263354407915783,1,Transition,0.9464
2018-07-31,bist100,0.0082285095776995,0.020467177659888,0.0165297579786049,0.0148248954141896,0.9348225235630352,0.0101952349589885,0.0001880732501038,1.2382018954167098,1,Transition,0.8417
2018-08-01,bist100,0.0026617463229745,0.0204207303706823,0.0164268913460751,0.0119761527995934,0.8190809348095182,0.0038260917583775,-1.0026055220957366e-05,1.2431281086887762,1,Transition,0.9353
2018-08-02,bist100,-0.0278218842261488,0.0208058928332495,0.0166897424591202,0.0144368340334459,0.8539845229240356,-0.0005787912992975,-0.0023520611349146,1.2466275548715806,2,Stress/Bear,0.6473
2018-08-03,bist100,0.011224708429361,0.0210216856418535,0.0166225173018275,0.0165349047264809,0.9321301844190372,5.375851198158796e-05,-0.0016072848781038,1.2646511512153684,1,Transition,0.8663
2018-08-06,bist100,-0.01513851762215,0.0211656747933197,0.0167130383466906,0.0205195462735847,0.8712929190905292,-0.0041690875036527,-0.0026263023675552,1.266416934746688,1,Transition,0.8024
2018-08-07,bist100,0.0208797130826336,0.0207205459210844,0.0168304759111821,0.0213320474716048,1.0827332347361591,-0.0016388468026659,-5.908623607368789e-05,1.2311325021604247,1,Transition,0.5084
2018-08-08,bist100,0.0084180740902238,0.0165735172478549,0.0167313100175836,0.0133108888905672,1.0049422893928714,-0.000487581249216,0.0030203041118347,0.9905690128529784,1,Transition,0.9886
2018-08-09,bist100,0.002175548359283,0.0157485303361356,0.0167119300124129,0.0343182507162876,1.7136124384246625,0.0055119052678702,0.0040791245168111,0.9423525783340532,2,Stress/Bear,0.9867
2018-08-10,bist100,-0.0233765857741208,0.0169044389880003,0.016962209518479,0.0970306247818602,1.7067982351940827,-0.001408353572826,0.0027284254922873,0.9965941624282032,2,Stress/Bear,1.0
2018-08-13,bist100,-0.0240385534950981,0.0179198164106813,0.0171937390124631,0.0586605628946398,1.780480373248215,-0.0031883607474157,0.0016120567847932,1.0422291741017984,2,Stress/Bear,1.0
2018-08-14,bist100,0.0078892533531205,0.0174181370563661,0.0172379193949772,0.0266447549167988,1.2337026860487603,-0.0057864526933183,0.0009668601312849,1.0104547223629226,1,Transition,0.7402
2018-08-15,bist100,-0.0343638974628341,0.019031696913374,0.0176768520883095,0.0566514288156319,1.1463643875919824,-0.0143428470039299,-0.0011277391703143,1.076645141244381,2,Stress/Bear,1.0
2018-08-16,bist100,-0.0351749349399768,0.0203636199062246,0.0181212016536856,0.05078331126826,1.019712180595283,-0.0218129436637818,-0.0032538961704049,1.1237455603328,2,Stress/Bear,1.0
2018-08-17,bist100,0.0180994477130741,0.0206650472257662,0.0183048324801172,0.0463147068835669,0.8738583135503486,-0.0135177369663428,-0.0029258867162786,1.1289394343385888,2,Stress/Bear,1.0
2018-08-20,bist100,0.0162220342898117,0.0208112051513187,0.0182298025380632,0.0170526575670433,0.2626634930717162,-0.0054656194093609,-0.0027605075476307,1.14160343250376,2,Stress/Bear,0.9274
2018-08-27,bist100,0.0121013637190161,0.0197060816777807,0.0177808831659454,0.0140748542447351,0.6392430014511895,-0.0046231973361817,-0.0004633154682943,1.108273503282589,1,Transition,0.8839
2018-08-28,bist100,0.0279022232255595,0.0191362572282507,0.0181509036949226,0.0317791627335618,0.8710449095417282,0.0078300268014969,-0.0007935774233178,1.0542867479156832,2,Stress/Bear,0.9866
2018-08-29,bist100,-0.0062645620551138,0.0191429694489753,0.0181126593653183,0.016287478090894,0.7717613978039988,0.0136121013784695,-0.0008169320791848,1.0568834240669147,2,Stress/Bear,0.6329
2018-08-31,bist100,-0.0059923886646684,0.0190576503628149,0.0176993602713535,0.0164500783025174,0.6898817267060479,0.008793734102921,-0.0015196494810665,1.0767423268771918,1,Transition,0.7902
2018-09-03,bist100,0.0127756381538519,0.0192580120827355,0.017702350209406,0.0260926558372136,0.7446546942903712,0.008104454875729,-0.001179653196175,1.08787883274973,2,Stress/Bear,0.6544
2018-09-04,bist100,-0.0077635748805481,0.0191786568843943,0.017722873829358,0.0179603111175793,0.6329016520805868,0.0041314671558161,-0.0019792574190874,1.0821414782418,1,Transition,0.892
2018-09-05,bist100,-0.0042833133813322,0.0191530604718461,0.017640633267584,0.0145348921343152,0.7305480363975398,-0.0023056401655621,-0.0023265104043027,1.0857354257820968,1,Transition,0.9743
2018-09-06,bist100,-0.0002985422830212,0.0181893210922248,0.0175803485401606,0.0151235095495813,0.5745116018993005,-0.0011124362111436,-0.0009503433071464,1.034639390150492,1,Transition,0.9814
2018-09-07,bist100,0.0054924934886094,0.018031860663703,0.0173869839665799,0.0121941787063495,0.6848324375782286,0.0011845402195119,-0.0012369540541839,1.0370896239602372,1,Transition,0.9868
2018-09-10,bist100,-0.0170397625616537,0.018113830905492,0.0171467578950304,0.0214214555615172,0.695313570150245,-0.0047785399235891,-0.0013320163011591,1.0563997588571452,1,Transition,0.9614
2018-09-11,bist100,0.0075052276621977,0.0174866846290758,0.0171411896560387,0.0140504527001805,0.6792532002521872,-0.00172477941504,-0.0020007405721809,1.020155833986435,1,Transition,0.9901
2018-09-12,bist100,-0.0017517539123136,0.0173147908665966,0.0170519798286159,0.0176597570808082,0.8448062481506592,-0.0012184675212362,-0.0025092319723078,1.0154123474588903,1,Transition,0.9912
2018-09-13,bist100,0.0234872013361722,0.018248858252248,0.0171528695470747,0.036054289844055,1.2827434712125765,0.0035386812026024,-0.0014436493234633,1.0638953559441149,2,Stress/Bear,0.9814
2018-09-14,bist100,0.0035987260087505,0.0175249959802613,0.0170999366905327,0.0202819508324814,1.2786965805889023,0.0031599277066306,-9.48837343198133e-05,1.024857360434791,1,Transition,0.9326
2018-09-17,bist100,-0.0043563065791408,0.0166399567606369,0.0169810298130313,0.0139368068446799,1.1128343407765329,0.0056966189031332,0.000889228611478,0.9799144659570268,1,Transition,0.9826
2018-09-18,bist100,0.0056988224138275,0.0165986159944555,0.0168881016981865,0.0088190108083088,1.126242560875877,0.0053353378534591,0.0007797070645134,0.9828586001609592,1,Transition,0.9712
2018-09-19,bist100,0.0179323954778063,0.0147918250423008,0.0170443365353923,0.0150150216556858,1.626566116472804,0.0092721677314831,0.0033945217115454,0.8678439909694226,2,Stress/Bear,0.6426
2018-09-20,bist100,-0.0050092770414887,0.0119090548805788,0.0170454811653487,0.019402736672183,1.8938208288296503,0.0035728720559509,0.0049028046064698,0.6986634618909103,2,Stress/Bear,0.9817
2018-09-21,bist100,0.0192382687294459,0.0119779962112481,0.0171913891184989,0.0141793769669961,1.1113581339727665,0.00670078060009,0.0049597456572884,0.696743941323459,1,Transition,0.9987
2018-09-24,bist100,0.0157867892692387,0.0119568340461103,0.0171051155453559,0.0178810122209654,1.5211969185528968,0.0107293997697659,0.0049379834062597,0.699020945775292,1,Transition,0.9607
2018-09-25,bist100,-0.0025638366789924,0.011944083780307,0.0171054996890356,0.0155571703142064,1.3696971961411608,0.0090768679512019,0.0042047233863593,0.6982598577908242,1,Transition,0.9932
2018-09-26,bist100,-0.0014472604682113,0.0106075083211393,0.0169874720742891,0.0163965952721141,0.9185232280943244,0.0052009367619984,0.0027372492016707,0.6244312440809838,1,Transition,0.9998
2018-09-27,bist100,0.0115299587250846,0.0105588882719433,0.0170443290075875,0.0169843919972017,1.492894139629835,0.008508783915313,0.0036269752406807,0.6194956848839798,1,Transition,0.9926
2018-09-28,bist100,-0.0034136885897983,0.010450430889567,0.0170496117755316,0.0129986527935071,1.4888359127761035,0.0039783924514642,0.0037559102444242,0.6129424544765756,1,Transition,0.9902
2018-10-01,bist100,-0.0143049261217943,0.0109621095750858,0.0171550203355717,0.0214112777869072,1.21606863683766,-0.0020399506267423,0.0024018820306419,0.6390030067382311,1,Transition,0.9986
2018-10-02,bist100,-0.0038281834032256,0.0108042192444984,0.0171609826679655,0.013650186624471,0.9157177003122168,-0.002292819971589,0.002598651604508,0.6295804531442533,1,Transition,0.9999
2018-10-03,bist100,-0.009959668960027,0.0110659050546287,0.017190421538305,0.0180486538431828,0.907539902593782,-0.0039953016699521,0.0023148338255732,0.6437250552565468,1,Transition,0.9998
2018-10-04,bist100,-0.0280802782181228,0.0129879958702127,0.0173811987105145,0.0272497438037849,0.8837465422389803,-0.0119173490585936,0.0009257470288182,0.7472439666865912,1,Transition,0.9511
2018-10-05,bist100,0.0040838779193089,0.0129657283177227,0.0173882610859426,0.0195693568180025,0.8562547320872295,-0.0104178357567721,0.0008553162503531,0.7456598594671838,1,Transition,0.9973
2018-10-08,bist100,0.0126072311137643,0.0124984600123803,0.0174565189860596,0.0251314580153451,0.9453415731365218,-0.0050354043096604,0.002337665934124,0.7159766516085682,1,Transition,0.9914
2018-10-09,bist100,0.0066850905030074,0.0124819476505303,0.0170307834067771,0.0161622704649928,1.0095295337734311,-0.0029327495284138,0.0022966590761645,0.7329050785510776,1,Transition,0.9994
2018-10-10,bist100,-0.0239700870862785,0.0137822366904621,0.0158603713618197,0.0288881684980406,0.9356795345659502,-0.0057348331536641,0.0011857424174663,0.8689731391561077,1,Transition,0.9371
2018-10-11,bist100,0.003243344092433,0.0127639271357157,0.0156538880272104,0.0172754614532894,0.890201677580187,0.000529891308447,0.0001735495552793,0.8153838275531794,1,Transition,0.9996
2018-10-12,bist100,0.0199572868414227,0.0134979982614095,0.0158422681247869,0.0391032253566876,1.18879282376526,0.0037045730928698,0.0009914775969129,0.8520243537786416,2,Stress/Bear,0.9784
2018-10-15,bist100,0.0202158845811142,0.0140908940055085,0.0160256256649712,0.0171437949274445,1.178752916828956,0.0052263037863397,0.0022200871549257,0.8792726287316425,1,Transition,0.993
2018-10-16,bist100,-0.0016732777630619,0.0140915276560574,0.0158302252844247,0.0133823031790997,0.9478754145536308,0.0035546301331259,0.0018514821460812,0.8901659580247459,1,Transition,0.9982
2018-10-17,bist100,0.0053135633114126,0.0136078158038872,0.015817796244403,0.0149933419033296,1.0096881031844478,0.0094113602126641,0.0012205405377615,0.8602851872429567,1,Transition,0.9977
2018-10-18,bist100,-0.0156484815263009,0.0140644643897147,0.0159434845719891,0.0203327809781034,0.8318310273989458,0.0056329950889173,0.0006885803135209,0.8821449493183205,1,Transition,0.9879
2018-10-19,bist100,-0.0103079885537787,0.0135560406682283,0.0159430541428256,0.016568523090307,0.76256840608595,-0.0004200599901229,-0.0007887325506402,0.8502787826464591,1,Transition,0.9992
2018-10-22,bist100,-0.0185516659480343,0.0135206974619968,0.0160421459753251,0.0287765378369333,0.72048644161844,-0.0081735700959526,-0.0025056553115039,0.8428234902483362,1,Transition,0.9726
2018-10-23,bist100,-0.0128909273896202,0.0137187808040768,0.0155147862172515,0.0224461077140476,0.8533622365390936,-0.0104171000212643,-0.0030220098470353,0.8842391130612126,1,Transition,0.9973
2018-10-24,bist100,-0.008345553979997,0.013763749015203,0.0148840923540948,0.0158201873769188,0.6815958669183708,-0.0131489234795462,-0.0033669245226245,0.924728810313816,1,Transition,0.997
2018-10-25,bist100,0.0113228568534918,0.0137520244518082,0.014944298738798,0.0192795462260528,0.750291747767599,-0.0077546558035877,-0.0033772796162042,0.9202187865868624,1,Transition,0.9954
2018-10-26,bist100,-0.0347988873350165,0.0154431213182392,0.0155551144245367,0.0386013034708889,0.7831061513862565,-0.0126528355598352,-0.0049465395534651,0.9928002389927244,2,Stress/Bear,0.9784
2018-10-30,bist100,-0.0059996638356537,0.0152891270747627,0.015542174677209,0.0313624367993883,0.9007597303880202,-0.0101424351373591,-0.0045312764391581,0.983718648921288,1,Transition,0.9161
2018-10-31,bist100,0.0022286351978866,0.0153635908295892,0.0155003635741492,0.0293668362722499,1.026104539316555,-0.0071185226198577,-0.0042284355091024,0.9911761589393911,1,Transition,0.9532
2018-11-01,bist100,0.0239534151931339,0.0165252969536133,0.0158305481058993,0.0269605498487382,0.8722888285051924,-0.0006587287852315,-0.0025327813014444,1.043886594643874,1,Transition,0.7478
2018-11-02,bist100,0.0186117534857719,0.0160164928320206,0.0156231792074377,0.0222326913312534,1.1141370375434485,0.0007990505412244,-0.0001981797162497,1.0251750056349358,1,Transition,0.9721
2018-11-05,bist100,0.0192008613692323,0.0165761296799055,0.0157543339543246,0.0222486811058635,1.0363567871962134,0.0115990002820742,0.0005576694562464,1.052163152562556,1,Transition,0.891
2018-11-06,bist100,-0.0127968078784418,0.0165775296506166,0.0157189083131997,0.0223620924189683,1.0028207805685871,0.0102395714735166,-0.0007125324933638,1.054623471319308,1,Transition,0.7924
2018-11-07,bist100,0.0080496126654096,0.0166123488671194,0.0155173812355909,0.0186883302646203,0.9434977684288972,0.0114037669670212,-0.0006443063852437,1.0705639447084705,1,Transition,0.9523
2018-11-08,bist100,-0.0210282959716304,0.016406697673065,0.0157073839450829,0.0254926003469326,0.9764936104772004,0.0024074247340683,-0.0004972168295113,1.0445213366164052,1,Transition,0.9051
2018-11-09,bist100,-0.007158799350649,0.0164467073947411,0.0157255734031122,0.0169196750654506,0.9120969255886988,-0.0027466858332158,-0.0010173240016654,1.0458574052050909,1,Transition,0.9771
2018-11-12,bist100,-0.0151279605903362,0.0159555575765403,0.0155597051511016,0.0246050027368927,0.7461036841190298,-0.0096124502251295,-0.0027715863732533,1.0254408693220485,1,Transition,0.9807
2018-11-13,bist100,0.0137201967368691,0.0155232625525498,0.0153589751704694,0.0193855594097316,0.9543523554814848,-0.0043090493020673,-0.0030963707654656,1.0106965067823188,1,Transition,0.9878
2018-11-14,bist100,0.0062217105349842,0.0156611265788383,0.015345968602376,0.0187111516063693,1.1197175845995848,-0.0046746297281524,-0.0027016213505633,1.0205368578959226,1,Transition,0.9739
2018-11-15,bist100,0.0001029121556683,0.0155638100926445,0.0146688754792904,0.0140112956798022,1.0858177437721854,-0.0004483881026927,-0.0029621539083505,1.0610090810722064,1,Transition,0.9529
2018-11-16,bist100,0.0034208164815405,0.0153280427624816,0.0139018637569315,0.0167107987549391,0.8189975726225256,0.0016675350637452,-0.0020086890079584,1.1025890506831495,1,Transition,0.843
2018-11-19,bist100,0.010143163447986,0.0154270877080588,0.0137752474851563,0.0109389099839462,0.9725418218000386,0.0067217598714096,-0.0009861314078702,1.1199136512561734,1,Transition,0.9186
2018-11-20,bist100,-0.0309757611071359,0.0163916179585497,0.0142347856721021,0.031039647659205,1.305993848219504,-0.0022174316973913,-0.0016073361658253,1.1515184236791596,2,Stress/Bear,0.811
2018-11-21,bist100,0.0110807065542182,0.0163995389571668,0.0142210165029116,0.0123895284003803,0.9653992857662388,-0.0012456324935445,-0.0004087544686333,1.1531903471041691,1,Transition,0.9824
2018-11-22,bist100,-0.0008546564341837,0.0162939333995044,0.0137503484200269,0.011407977558578,0.7311988793415,-0.0014371462115149,-3.420959134273093e-05,1.1849833110972514,1,Transition,0.9816
2018-11-23,bist100,0.0040348841124046,0.0161069973106263,0.0137379092144407,0.0104792887059492,0.6777139034576267,-0.0013143326853421,-0.000398608228397,1.1724489556020143,1,Transition,0.9687
2018-11-26,bist100,0.010259718574404,0.0140637247335175,0.0137789099312377,0.0104350726008751,1.143654967782234,-0.0012910216600585,0.0018543220670739,1.0206703435686275,1,Transition,0.8675
2018-11-27,bist100,-0.0047514676196153,0.01402976568315,0.0136937680826809,0.0113509271529402,1.0126708331728949,0.0039538370374455,0.0019167318778758,1.02453653358523,1,Transition,0.6561
2018-11-28,bist100,0.0059065862431324,0.0140581451672726,0.0136773200691976,0.0097490927987008,1.018467343818494,0.0029190129752284,0.0021006294301381,1.0278435465535911,1,Transition,0.5869
2018-11-29,bist100,0.0111482593003938,0.0132806036346878,0.0137373671205763,0.0075405694919473,0.970185365144451,0.0053195961221439,0.0014603716355011,0.9667502890561696,1,Transition,0.6773
2018-11-30,bist100,0.0030481631923524,0.0126644012899921,0.0137412181804158,0.0093098044543825,1.3271928670975852,0.0051222519381335,0.0006821921208301,0.9216359949834476,1,Transition,0.8568
2018-12-03,bist100,-0.0046378464362424,0.0119302835380574,0.0137406955767659,0.0195347988909636,1.1625093993675883,0.0021427389360041,-0.0005097432694435,0.86824451290736,1,Transition,0.9929
2018-12-04,bist100,-0.011585737404093,0.0118675452954483,0.0136417181719445,0.0215178835025571,1.1149486259558274,0.0007758849791086,-0.0004491897457261,0.8699450572036501,1,Transition,0.9955
2018-12-05,bist100,0.0009550547646978,0.0117050587760885,0.0136100011232323,0.0143684760635167,0.949532232881673,-0.0002144213165782,-0.0008039176407617,0.8600336377715588,1,Transition,0.9619
2018-12-06,bist100,-0.0122369500040191,0.0110524681216819,0.0137035615543453,0.0160654292030952,0.9334190276958824,-0.0048914631774608,-0.0003643503423811,0.8065398238151591,1,Transition,0.9986
2018-12-07,bist100,0.0093521088054013,0.0111345798887326,0.0134132533036173,0.0070193129140232,0.8126455528757458,-0.0036306740548511,0.0004611950654213,0.8301177676059971,1,Transition,0.9952
2018-12-10,bist100,-0.0158366725868031,0.0111878037894375,0.0135556625374661,0.01340391058077,0.6923682515354705,-0.0058704392849632,0.000425759465598,0.8253232742048418,1,Transition,0.9977
2018-12-11,bist100,-0.0046341467071869,0.0107854400172362,0.0135570664439237,0.0119171609018507,0.8500404349793449,-0.004480121145582,-0.0004919577066047,0.7955585422442316,1,Transition,0.9982
2018-12-12,bist100,-0.0192447671771547,0.0114348407080937,0.0137462544621294,0.0263152222728455,1.0740437478704956,-0.0085200855339525,-0.0017652815922117,0.831851377376756,1,Transition,0.9953
2018-12-13,bist100,0.0147204931221592,0.0120130696255936,0.0136778684573237,0.0110608083987609,0.780141243427259,-0.0031285969087168,-0.0010344025438871,0.878285214035766,1,Transition,0.9909
2018-12-14,bist100,-0.0094319697118576,0.012105617327869,0.0137121245757359,0.0205847751977851,0.8703310106054792,-0.0068854126121686,-0.0016770418535571,0.8828403841437035,1,Transition,0.9905
2018-12-17,bist100,-0.0062795324618221,0.0118151416372749,0.0134673497465169,0.0118094642343453,0.6644700227798598,-0.0049739845871724,-0.0024981766490475,0.8773175019331965,1,Transition,0.9854
2018-12-18,bist100,0.0122872210575526,0.0101732485981466,0.0133989506381715,0.0165482000404516,0.9050536505441392,-0.0015897110342245,-0.000335027540813,0.7592571144463053,1,Transition,0.9998
2018-12-19,bist100,0.0161047149399561,0.0105258800573351,0.0135888286206454,0.0161595209207431,1.0492136971744186,0.0054801853891976,-8.382712152618619e-05,0.7745980430824794,1,Transition,0.9995
2018-12-20,bist100,-0.0075767621977993,0.0106582792913101,0.0136139536593403,0.01190700216143,0.9738796234085614,0.0010207343252059,-0.0004199324097069,0.7828937543060936,1,Transition,0.9994
2018-12-21,bist100,7.289111860820905e-05,0.0106078224536128,0.0135112862218134,0.0142182998144966,0.9994128897999184,0.002921706491299,-0.0006180320593967,0.7851082627860306,1,Transition,0.9995
2018-12-24,bist100,-0.0036414773875159,0.0103087741046732,0.0135118751490224,0.0100528238552858,0.634941711519586,0.0034493175061603,-0.0013130918574927,0.7629417820234262,1,Transition,0.9998
2018-12-26,bist100,-0.0057492100953137,0.0103286841010297,0.0134189374050667,0.0077625194998618,0.4167105376407553,-0.0001579687244129,-0.0013629789812777,0.7697095372939043,1,Transition,0.9994
2018-12-27,bist100,-0.0003011240724692,0.010191086827651,0.0134155146565757,0.0126277806343436,0.6680536253975866,-0.003439136526898,-0.0016733644970577,0.759649337989114,1,Transition,0.9998
2018-12-28,bist100,-0.005947853003628,0.0097672118691476,0.0133814101252691,0.0153480758820319,0.6225450770598121,-0.0031133546880637,-0.0025281701122588,0.7299090139015677,1,Transition,0.9999
2018-12-31,bist100,0.0091929841401309,0.0100445642511123,0.0129712787771697,0.0111153241208852,0.6224511925988989,-0.0012893360837591,-0.0022209290648699,0.7743696225842699,1,Transition,0.9995
2019-01-02,bist100,-0.0267092574433561,0.0114396621382295,0.0133862035784994,0.0262838209795416,0.8065343699217034,-0.0059028920949272,-0.0033244996152256,0.8545859975268603,1,Transition,0.9873
2019-01-03,bist100,-0.0166345807845368,0.011684643986774,0.0134112757020011,0.024549603278802,1.0273060639684015,-0.0080799662327718,-0.0035769417842478,0.8712552218302821,1,Transition,0.9966
2019-01-04,bist100,0.0162496050815449,0.0124709008691761,0.0135671128746108,0.0138117039065859,0.997041396539277,-0.004769820401969,-0.0028122142684054,0.9192007897652168,1,Transition,0.9929
2019-01-07,bist100,0.0125327541587817,0.0127132535514737,0.0133555692165306,0.0105291192338461,1.0655863741671,-0.001073698969487,-0.0015737290602654,0.951906530179042,1,Transition,0.8639
2019-01-08,bist100,0.0082580502893346,0.0126660333285683,0.0133970025987357,0.0155871070761307,1.077653795619628,-0.0012606857396463,-0.0016284319860687,0.9454378496398655,1,Transition,0.7664
2019-01-09,bist100,0.0050579430707415,0.0122885138230057,0.0131427570259702,0.00908325352675,1.2238423406476044,0.0050927543631732,-0.0005837012031915,0.9350027394346144,1,Transition,0.7881
2019-01-10,bist100,0.000432177842283,0.012252789986942,0.0128469050944069,0.012622274181822,1.0996088020552497,0.0085061060885371,-0.000330384975718,0.9537542230522428,1,Transition,0.9073
2019-01-11,bist100,0.0053662189815355,0.011463669839097,0.0128756084684884,0.0083545257003799,1.008268194575286,0.0063294288685353,0.0009001643322164,0.890340046231834,1,Transition,0.7366
2019-01-14,bist100,0.0039926397547255,0.0110255835790164,0.0128654270141024,0.0180917470245189,1.0352517936295136,0.004621405987724,0.0003637716638447,0.8569932087703536,1,Transition,0.9832
2019-01-15,bist100,0.0120879514761413,0.0110692814978023,0.0128361439854756,0.0088523534741761,1.402086003156796,0.0053873862250854,0.0014397677232447,0.8623525499813219,1,Transition,0.9002
2019-01-16,bist100,0.02373793351656,0.0119662223161808,0.013154958028162,0.0253335804311337,1.736812748155124,0.0091233843142491,0.0029406410221638,0.9096359175425432,2,Stress/Bear,0.86
2019-01-17,bist100,0.0146276498268436,0.0120734000574263,0.0130667154044607,0.0226572403972922,1.8397833991432264,0.0119624787111612,0.0030576624606284,0.9239812518840538,2,Stress/Bear,0.9511
2019-01-18,bist100,0.0167718090042952,0.0121122008437009,0.0131174626549404,0.0164157124600104,1.4162630282444033,0.0142435967157131,0.0030910171638453,0.9233646142029756,1,Transition,0.9354
2019-01-21,bist100,-0.0050883183129441,0.012009192029813,0.0130853943492967,0.0223960590433173,1.5052134932654349,0.0124274051021792,0.0032154393580881,0.9177554538475576,1,Transition,0.7527
2019-01-22,bist100,0.0174256933396786,0.0123909833357445,0.0131909172856046,0.0182691100102877,1.5254324378315784,0.0134949534748866,0.0040830794691416,0.939357215837208,1,Transition,0.8317
2019-01-23,bist100,0.004643233133116,0.0122569122594521,0.0123302407832675,0.0142619491883164,1.380909376255208,0.0096760133981978,0.0044973149951732,0.9940529528089302,1,Transition,0.954
2019-01-24,bist100,0.0161784568098592,0.0122728256375231,0.0124281713439771,0.0143416222013668,1.3824330804836926,0.009986174794801,0.0055936983404318,0.9875005178031052,1,Transition,0.9598
2019-01-25,bist100,0.0002662376019611,0.0122591309581421,0.0124302729930723,0.0110048214368044,1.1363382543978906,0.0066850605143342,0.0056220664241534,0.9862318361772472,1,Transition,0.97
2019-01-28,bist100,-0.0050381352915481,0.0122155531379747,0.0121227600661697,0.0154704667298133,1.047904783778491,0.0066950971186133,0.0056675523097574,1.0076544509087475,1,Transition,0.9881
2019-01-29,bist100,0.0273509146215257,0.0131317795331772,0.0123811783113495,0.0290236659468161,1.2158585274691445,0.0086801413749828,0.0065754488338271,1.0606243770142258,2,Stress/Bear,0.838
2019-01-30,bist100,0.0008747657383127,0.0106697093126294,0.0121657697225134,0.0119321737298625,1.2568606806718037,0.0079264478960221,0.0079546499929105,0.8770270649529571,1,Transition,0.9936
2019-01-31,bist100,-0.0011073292109812,0.009257843500451,0.0120278148240913,0.0242270646455023,1.3851045619075144,0.004469290691854,0.0087310125715883,0.7697028625605203,1,Transition,0.9773
2019-02-01,bist100,-0.0109860156040642,0.0100618839774567,0.012104765394818,0.0167423613369222,1.0350386970146448,0.0022188400506489,0.0073692315373079,0.8312332911271522,1,Transition,0.9978
2019-02-04,bist100,-0.0066483889276507,0.0104504459221711,0.0117945558899189,0.0153127997531243,0.8037060181144134,0.0018967893234284,0.0064101743829862,0.8860397983363987,1,Transition,0.9971
2019-02-05,bist100,0.0018895346744947,0.0104881341924154,0.0117398077619763,0.020464036581111,1.0866968568200917,-0.0031954866659777,0.0060917486022442,0.8933821068505976,1,Transition,0.9935
2019-02-06,bist100,0.0013256580561695,0.0105405697078854,0.0115317798796712,0.0143170339688857,1.0225285601839753,-0.0031053082024063,0.0059051343515156,0.9140453440727616,1,Transition,0.9954
2019-02-07,bist100,0.0019447593134858,0.0105045992631889,0.0114272046029592,0.0096493832556216,0.978558714453721,-0.0024948904975129,0.0059807634250758,0.919262376773114,1,Transition,0.9905
2019-02-08,bist100,-0.0032382464127108,0.0107053752956749,0.0114292937887688,0.0060828343539307,0.7522587614090244,-0.0009453366592422,0.0055505401553635,0.9366611352833272,1,Transition,0.9341
2019-02-11,bist100,0.0187875916974903,0.0110960972131856,0.0116414493782324,0.013182812051821,0.876017981719226,0.0041418594657859,0.0062902877525017,0.9531542725198364,1,Transition,0.9888
2019-02-12,bist100,-0.0060743267350396,0.0113372266710091,0.0116845131961947,0.0155442608914471,0.9749758931937323,0.002549087183879,0.0053821738419427,0.9702780492987272,1,Transition,0.9847
2019-02-13,bist100,-0.0206103952726606,0.0118820131331535,0.0119793376668273,0.0276382947549953,1.044781461929739,-0.001838123481887,0.0031647574024816,0.9918756331626496,1,Transition,0.9015
2019-02-14,bist100,0.0047522362693455,0.0115819925624264,0.0112164069157721,0.0182807632154396,1.1138987821299928,-0.001276628090715,0.0026709867246067,1.03259382879023,1,Transition,0.5161
2019-02-15,bist100,0.0057116577465866,0.0111284477250501,0.011162380478508,0.0174445068245173,0.8873887846298463,0.0005133527411444,0.0021179791617213,0.9969600791226114,0,Calm/Bull,0.7844
2019-02-18,bist100,-0.0096506449934262,0.0113288956970754,0.0112539970397841,0.0137887740459368,0.8731791938136557,-0.0051742945970388,0.0018898628276972,1.0066552938503988,0,Calm/Bull,0.683
2019-02-19,bist100,0.0001337275087125,0.0107245538590452,0.0112507355917282,0.012441345901079,0.8254486385937934,-0.0039326837482884,0.0010252645361489,0.953231348440022,0,Calm/Bull,0.9331
2019-02-20,bist100,0.0022501654152915,0.010695373817378,0.0111923651046955,0.0090702703537443,0.7948520394573565,0.000639428389302,0.0009056111502576,0.9555955079495182,0,Calm/Bull,0.9858
2019-02-21,bist100,0.0051127571360805,0.0101352619941629,0.0111734551686749,0.0116896052446188,0.7760213251070632,0.000711532562649,0.0003523261665687,0.9070839629425864,0,Calm/Bull,0.965
2019-02-22,bist100,0.0067261643164902,0.0102348194311553,0.0111793985353533,0.0082967700659463,0.86479038466547,0.0009144338766297,0.0006753225022952,0.9155071624639805,0,Calm/Bull,0.9706
2019-02-25,bist100,0.0110296622075043,0.0103921506105229,0.0111776815088785,0.0121815765355353,1.2277131140979949,0.0050504953168158,0.0014787123772478,0.9297232706324986,0,Calm/Bull,0.8619
2019-02-26,bist100,0.0071838370133321,0.0085679363698118,0.0111998727301477,0.0108525543266634,1.0888805816618246,0.0064605172177397,0.0004703584968381,0.7650030117528723,1,Transition,0.891
2019-02-27,bist100,-0.0089979989197303,0.0088239918522324,0.0112550961117403,0.0110638778711424,1.1139475716325853,0.0042108843507354,-2.327973606399544e-05,0.7839996890855515,1,Transition,0.8158
2019-02-28,bist100,0.0037273438913407,0.0088588852901215,0.0111253866595356,0.0090080116369832,0.9793103408043377,0.0039338017017874,0.0002184539190521,0.7962766204200663,0,Calm/Bull,0.6385
2019-03-01,bist100,-0.0121591626550678,0.0089404861640694,0.0112699669672122,0.0181685679684096,1.0199419503521907,0.0001567363074758,0.0001597965665019,0.7933018960996058,1,Transition,0.8913
2019-03-04,bist100,0.0089338503380411,0.0089947525198827,0.0111611807425094,0.010958623250975,0.9810993278144408,-0.0002624260664168,0.0009389085297865,0.8058961437318721,0,Calm/Bull,0.7505
2019-03-05,bist100,-0.004450652551644,0.0090708894267818,0.0111477445955171,0.0132304944733586,1.4443742548353,-0.002589323979412,0.0006218991684795,0.8136972774232346,0,Calm/Bull,0.8869
2019-03-06,bist100,-0.0026807094352328,0.0090987247887841,0.0109242081550985,0.0145139417169715,1.1095489245804426,-0.0013258660825125,0.0004215807939094,0.8328955892823786,0,Calm/Bull,0.8854
2019-03-07,bist100,-0.0113759147388963,0.0094616619020969,0.0110268945079258,0.0188713281591395,1.089335642587073,-0.0043465178085599,-0.0002444529087096,0.858053180366973,0,Calm/Bull,0.5969
2019-03-08,bist100,-0.0073044899204741,0.0095724178304453,0.0107447566394897,0.0156601244281434,0.8296678143092672,-0.0033755832616412,-0.0004477650840978,0.890892009155811,0,Calm/Bull,0.9115
2019-03-11,bist100,-0.0067978402013251,0.00851804977216,0.0106718811761487,0.0167684404791747,0.7901151846369804,-0.0065219213695144,-0.0017270366790385,0.7981769691361921,1,Transition,0.5948
2019-03-12,bist100,0.008596539881428,0.0087524488371865,0.010608405070802,0.0113005618599468,0.8438539576451476,-0.0039124828829,-0.0009934933482152,0.8250485137748306,0,Calm/Bull,0.7666
2019-03-13,bist100,0.0046636242486834,0.0075069903828553,0.0105585993022978,0.0135944631930071,0.8920660956213932,-0.0024436161461168,0.000270207627852,0.7109835469579399,0,Calm/Bull,0.5327
2019-03-14,bist100,0.002303630834434,0.0074497955935309,0.0104740689801098,0.0075777519067872,0.9076923451524936,0.0002922929685492,0.0001477773561064,0.7112608870228057,0,Calm/Bull,0.7599
2019-03-15,bist100,0.0084750352944286,0.0075828555943157,0.0103449369313799,0.0071332459766925,1.1094003663294525,0.0034481980115298,0.0002859462334985,0.7330016262655209,0,Calm/Bull,0.7027
2019-03-18,bist100,0.0124158865987091,0.007665875503774,0.0103587281329781,0.0104948990780375,1.030981756669856,0.0072909433715366,0.0013892728131053,0.7400402255339521,1,Transition,0.6903
2019-03-19,bist100,0.0025483490880476,0.0076640749140631,0.0103551839717524,0.0169243707026691,1.2038577265590984,0.0060813052128606,0.001510003892072,0.7401196284846034,1,Transition,0.9367
2019-03-20,bist100,-0.0149051541238149,0.0084921547871851,0.0105630046600143,0.0185616971126629,1.3006783861427669,0.0021675495383609,0.0006522379151167,0.8039525741507729,1,Transition,0.8623
2019-03-21,bist100,0.0009442403491317,0.0084278278800882,0.0105148148008622,0.0165772609578754,1.0696870790814248,0.0018956714413004,0.0004438120757692,0.801519383812364,0,Calm/Bull,0.634
2019-03-22,bist100,-0.0351585483656223,0.0114475486556604,0.0115622042776834,0.0411019085550839,1.207161717926307,-0.0068310452907097,-0.0016504235583363,0.9900835844732244,2,Stress/Bear,0.9955
2019-03-25,bist100,-0.005115486608516,0.0110693265844919,0.011553552939892,0.0202828296781712,1.1030330040964595,-0.0103373199321548,-0.0024576809991373,0.9580885327726116,1,Transition,0.693
2019-03-26,bist100,-0.0197998927876888,0.0114695413253954,0.0118319656434205,0.0318983604861974,0.9948321909226864,-0.0148069683073021,-0.0038068674891884,0.9693690525355232,1,Transition,0.8453
2019-03-27,bist100,-0.058394110069003,0.0167493560020565,0.0136592314526469,0.0813731522592836,1.3425250705033098,-0.0235047594963397,-0.006276673046652,1.2262297523928938,2,Stress/Bear,1.0
2019-03-28,bist100,0.0028829869777968,0.0167238577977169,0.0134741589450459,0.0322134697682553,1.3317958959818967,-0.0231170101706066,-0.0063188908923292,1.2411800889335496,2,Stress/Bear,0.9993
2019-03-29,bist100,0.0179010061102804,0.0175039468066208,0.0135077375249314,0.0249787169598739,0.8375341246089347,-0.0125050992754261,-0.0048158824540618,1.2958459382493537,2,Stress/Bear,0.6696
2019-04-01,bist100,0.003375503107651,0.0173172773579344,0.0134256074700074,0.0345692793404886,1.0478572450391703,-0.0108069013321927,-0.0050937998155813,1.289869184438833,2,Stress/Bear,0.6958
2019-04-02,bist100,-0.0060564516033494,0.0173178610829406,0.0134171415269692,0.0237339424193419,0.8292534655118567,-0.0080582130953248,-0.0051740897681666,1.2907265715376692,1,Transition,0.9494
2019-04-03,bist100,0.00966097976571,0.0176284823588452,0.0134566697595399,0.0089982982131367,0.7337599459830623,0.0055528048716177,-0.0045570053081194,1.3100182046414357,1,Transition,0.8358
2019-04-04,bist100,0.0404230096845306,0.0201925627392454,0.0144056443415138,0.0410793999515747,1.0143701580115194,0.0130608094129645,-0.0019670590869481,1.401711874911071,2,Stress/Bear,1.0
2019-04-05,bist100,0.0045301636158999,0.020201322251305,0.014402005533461,0.0181397905389734,0.9731479058393884,0.0103866409140884,-0.0013753264101294,1.402674245914577,1,Transition,0.8672
2019-04-08,bist100,-0.0184422688778843,0.020530942279427,0.0146189947119687,0.0241426042340029,0.7354611824454482,0.0060230865169813,-0.0019575478439573,1.4044017857546798,2,Stress/Bear,0.6508
2019-04-09,bist100,0.0118599039651378,0.0206319539553099,0.0146160576954003,0.0127518261608444,0.8586131296018031,0.0096063576306788,-0.0017943796397718,1.4115949995054204,1,Transition,0.8422
2019-04-10,bist100,-0.0114815338560779,0.0206817677045855,0.0143873150879553,0.0159109986162817,0.8102285232517535,0.0053778549063212,-0.0026016375450099,1.4375001574755095,1,Transition,0.8286
2019-04-11,bist100,-0.0097573838710894,0.0207070347011333,0.0143193423409629,0.0157079348605852,0.7037591649707099,-0.0046582238048027,-0.0032046882802861,1.446088389261935,1,Transition,0.9165
2019-04-12,bist100,-0.001001739398147,0.020533401561758,0.014146594746345,0.0118779585514713,0.5969046773934995,-0.0057646044076121,-0.0036785270149149,1.4514730880421274,1,Transition,0.8385
2019-04-15,bist100,-0.0082137998091142,0.0201977726311315,0.0141697931975452,0.0140738164127307,0.5384184785308975,-0.0037189105938581,-0.004710011335306,1.425410544074175,1,Transition,0.8491
2019-04-16,bist100,0.0168472738523907,0.0207146784368202,0.0141575983215883,0.014721863920813,0.7718438915338617,-0.0027214366164075,-0.0039950650970889,1.463149184366482,1,Transition,0.8143
2019-04-17,bist100,0.0142988036148741,0.0209332927786484,0.0142713158685093,0.0138927017556204,0.8754813634306419,0.0024346308777828,-0.0025348672101544,1.4668088753356792,1,Transition,0.9025
2019-04-18,bist100,-0.0134986120606415,0.0210557179345242,0.0142037343938889,0.013298076075042,0.8418903191479286,0.0016863852398724,-0.0032570098306431,1.482407186069552,1,Transition,0.8062
2019-04-19,bist100,-0.0002590767607516,0.0196735230608692,0.0142032151954797,0.0057360926062315,0.0,0.0018349177673514,-0.0015120362503995,1.385145742713972,2,Stress/Bear,0.9955
2019-04-22,bist100,-0.0094246716795922,0.0197385532105353,0.0142364985974641,0.0057612120077165,0.5950669930471505,0.0015927433932559,-0.0017274955039534,1.3864752681569656,1,Transition,0.6987
2019-04-24,bist100,0.0019718696994529,0.0192845349155806,0.0137516007107249,0.0074452823140693,0.9456517847881464,-0.0013823374373316,-0.0006389073795963,1.402348375381531,1,Transition,0.7744
2019-04-25,bist100,-0.0172443601744228,0.014366234133335,0.0139006127909006,0.0271476562778539,1.0702359981753575,-0.007690970195191,0.0014185801151326,1.033496461590465,1,Transition,0.9413
2019-04-26,bist100,0.0030071866760557,0.0143669272845106,0.0139133636640417,0.01159075935814,0.8821951796238723,-0.0043898104478515,0.0014247901000456,1.0325991350058,1,Transition,0.9338
2019-04-29,bist100,-0.0026199224276876,0.0138518514293273,0.0138590987548163,0.0092791132339123,1.0021558881779402,-0.0048619795812387,0.0003987436731472,0.9994770709396572,1,Transition,0.8926
2019-04-30,bist100,0.0092708700725161,0.0139806590743595,0.0139095804147045,0.0104186650012803,1.2511679046866622,-0.0011228712308171,0.0006935120213904,1.005110050593608,1,Transition,0.7635
2019-05-02,bist100,-0.013040617366603,0.0142428987060336,0.0139875421580063,0.0226250076878104,1.1202613286654373,-0.0041253686440283,0.0003443037332278,1.0182559984551045,1,Transition,0.9659
2019-05-03,bist100,-0.0024802819564399,0.014082744999448,0.0139835891515578,0.0097949934794247,0.8678371916339969,-0.0011725530004317,-0.0002627593528796,1.0070908725088752,1,Transition,0.6336
2019-05-06,bist100,-0.0103120512168593,0.0104757981035956,0.0140223908024786,0.016508645483673,1.0831448314878178,-0.0038364005790147,-0.0027995123979491,0.7470764615791415,1,Transition,0.9997
2019-05-07,bist100,-0.0162614603066989,0.0107384941657317,0.0141473090651851,0.0134289067161413,1.1971301721722944,-0.006564708154817,-0.0038390935940791,0.7590485311555022,1,Transition,0.9971
2019-05-08,bist100,-0.0133181132620826,0.0104283927180602,0.0139579644427217,0.0206731264298818,1.219831827359526,-0.0110825048217367,-0.003582885813289,0.7471284771396608,1,Transition,0.9973
2019-05-09,bist100,-0.0177286352902992,0.0102189826157573,0.0140901095050758,0.0231041220914671,1.0586343683796269,-0.012020108406476,-0.0050623127760608,0.7252592758115922,1,Transition,0.9988
2019-05-10,bist100,-0.0017210686250313,0.0101289545557283,0.0138908721122909,0.0173946164953549,1.0728531081494557,-0.0118682657401942,-0.0045742895145085,0.7291806067932972,1,Transition,0.9992
2019-05-13,bist100,-0.0257530506250054,0.0111407291521018,0.0141834882779838,0.0381782555026191,1.3719556476103574,-0.0149564656218235,-0.0053740728522043,0.7854717354259692,2,Stress/Bear,0.8993
2019-05-14,bist100,0.0199701678764464,0.0124803493294374,0.0144457180183281,0.0224783735779572,1.2668813229295728,-0.0077101399851944,-0.0043254774884746,0.8639480096179919,1,Transition,0.8901
2019-05-15,bist100,-0.0073259620840608,0.0124673631046041,0.0144295209618372,0.0237193487241037,1.0371511715546673,-0.00651170974959,-0.004281085602222,0.864017810263936,1,Transition,0.9977
2019-05-16,bist100,-0.0020219740392207,0.0114573839644545,0.0144254492856971,0.0165372158748705,1.0800664296933564,-0.0033703774993743,-0.0052245479968025,0.7942479806028991,1,Transition,0.999
2019-05-17,bist100,-0.0046873229434556,0.0105012906509783,0.0144139588429612,0.0111398972110736,1.0323652149628104,-0.0039636283630592,-0.006173854324719,0.7285500649328175,1,Transition,0.9992
2019-05-20,bist100,-0.0002834319022492,0.0104316773452797,0.0143812744440749,0.0068663548051822,0.9371335817861162,0.0011302953814919,-0.0055130953167994,0.7253652926133809,1,Transition,0.9992
2019-05-21,bist100,-0.0169912746866778,0.0106566596938317,0.01444151081271,0.0255201186573619,1.0149232347415893,-0.0062619931311328,-0.0063497052130957,0.7379186175211501,1,Transition,0.997
2019-05-22,bist100,-0.0193432110178303,0.0110314870495657,0.0144676144223743,0.022766681975023,0.937079171204172,-0.0086654429178867,-0.0068456321800076,0.762495234356356,1,Transition,0.9981
2019-05-23,bist100,0.0109454834212499,0.0115779499861445,0.0145235186737449,0.0139072638879459,0.8756558389351029,-0.0060719514257926,-0.0063969514939178,0.7971862911619831,1,Transition,0.9986
2019-05-24,bist100,0.0172983685765289,0.012420423555013,0.0147532533337463,0.0175481355106019,1.1236449824727173,-0.0016748131217956,-0.0046698150563702,0.8418769253153693,1,Transition,0.993
2019-05-27,bist100,-0.0061404230499679,0.0122905909637343,0.0147299763102235,0.0191186530746555,0.75047991098364,-0.0028462113513394,-0.0051271955426714,0.8343931249369255,1,Transition,0.999
2019-05-28,bist100,0.014301324412134,0.0130323048774335,0.0148570317764242,0.0187757159857238,1.0511416371940594,0.0034123084684229,-0.0042811332006803,0.8771809250696874,1,Transition,0.9936
2019-05-29,bist100,0.0046986107890386,0.012820444547686,0.0148098438381134,0.0138852340017978,0.8802517297009151,0.0082206728297967,-0.0045097461648542,0.8656704748427094,1,Transition,0.9913
2019-05-30,bist100,0.0318914321785757,0.014998662637081,0.0154764295844868,0.0219906216835307,1.143657676386148,0.0124098625812618,-0.0022631436875952,0.969129381890202,2,Stress/Bear,0.5273
2019-05-31,bist100,0.0064018744097328,0.0151228800021549,0.0155176463128394,0.0178233094061859,0.8912559457903855,0.0102305637479026,-0.0018190358692866,0.9745601682931896,1,Transition,0.9783
2019-06-03,bist100,-0.0026981949242263,0.0149931064198105,0.0154711671055993,0.011590010203927,0.3143602142850455,0.0109190093730509,-0.0014383430546549,0.9690998951452258,2,Stress/Bear,0.6003
2019-06-07,bist100,0.0376195624088351,0.0169079683890902,0.0162794123303517,0.0374528915877516,0.9229195412350076,0.0155826569723912,0.0012557080811217,1.038610488264774,2,Stress/Bear,1.0
2019-06-10,bist100,0.0031291427451876,0.0165581851015258,0.0162732357373223,0.0152418929585796,1.2897410355599457,0.015268763363621,0.0020780708814852,1.0175103076488976,1,Transition,0.7551
2019-06-11,bist100,-0.0136685595657395,0.0163258318617638,0.0163009552722478,0.0208456277474419,1.1848020017913123,0.0061567650147579,0.0022810746677132,1.0015260816989242,1,Transition,0.9413
2019-06-12,bist100,-0.0023706338089945,0.016334856301888,0.016280973544696,0.0130910266724156,1.0395984441658277,0.0044022633710124,0.002248596408515,1.003309553758814,1,Transition,0.9863
2019-06-13,bist100,-0.022985370569873,0.0160951135570877,0.0165029150027714,0.0184682884120765,1.0041842771912324,0.0003448282418831,0.0023869804112716,0.9752891264594628,1,Transition,0.9648
2019-06-14,bist100,0.0031496735872577,0.015558493527287,0.0164595370631234,0.0143038441118849,0.9191740119637464,-0.0065491495224323,0.0015459556968122,0.9452570547773668,1,Transition,0.993
2019-06-17,bist100,0.0159840194288645,0.0157310398713525,0.0165194029835916,0.0235600772707548,1.0976137809092794,-0.0039781741856969,0.0027114547724585,0.9522765372924084,1,Transition,0.9334
2019-06-18,bist100,0.0211185696211181,0.0162083295414154,0.0167797522570293,0.0230188945701512,1.206075764357783,0.0029792516516745,0.0038684819554754,0.9659457000996828,1,Transition,0.9068
2019-06-19,bist100,0.0002695159329473,0.0161082052159756,0.0166927623976814,0.0154631173332128,1.2744803918983374,0.0035072816000629,0.0041163238992955,0.9649813992567794,1,Transition,0.9642
2019-06-20,bist100,-0.0009171433447135,0.0161179355674833,0.016689814044894,0.0203542348222394,1.573866783550037,0.0079209270450948,0.0040846383271723,0.96573488021662,2,Stress/Bear,0.5728
2019-06-21,bist100,-0.0014390597376007,0.0154070944930636,0.0160965143503545,0.014388168364998,0.9686540962268332,0.0070031803801231,0.0048622490746262,0.9571696180747524,1,Transition,0.9935
2019-06-24,bist100,0.0122641028889778,0.0143804045778439,0.0161773684902181,0.0138082895009033,1.059818619361902,0.0062591970721458,0.0064426147699666,0.8889211237624475,1,Transition,0.9938
2019-06-25,bist100,0.0025036255812039,0.0143651648133434,0.0159864073893571,0.0144130216052364,1.0600321507436186,0.0025362082641629,0.0060205218779643,0.8985861840920527,1,Transition,0.9946
2019-06-26,bist100,-0.00620121373425,0.014355213098485,0.0140801930188825,0.0140092122950915,0.8710996792625827,0.0012420623307234,0.0048455427624253,1.0195324083436657,1,Transition,0.9926
2019-06-27,bist100,0.007792914322412,0.0141303320233653,0.0141083313393822,0.0076758389982662,0.978266423337676,0.0029840738641486,0.0055422096310443,1.0015594107803285,1,Transition,0.989
2019-06-28,bist100,0.0094992617170273,0.0140139827876469,0.0139749014038969,0.0115883231271525,0.8562723898709368,0.0051717381550742,0.005302106496289,1.0027965409286568,1,Transition,0.9887
2019-07-01,bist100,0.0331329778206992,0.0153300703607741,0.0145939685905837,0.0160033805347534,1.4933338122026596,0.0093455131414185,0.006723824847872,1.05043876623562,2,Stress/Bear,0.752
2019-07-02,bist100,0.0046545213987567,0.014140258280657,0.0145720658188548,0.0116037521216774,1.2927946611958756,0.009775692304929,0.0053619793088811,0.9703674452499976,1,Transition,0.9733
2019-07-03,bist100,-0.0083953358669021,0.0144663414209758,0.0145797173161987,0.0136680901867533,1.0541100689978606,0.0093368678783986,0.0046221187950493,0.9922237247290894,1,Transition,0.985
2019-07-04,bist100,0.0001902200314678,0.0144036969572888,0.0136224490583448,0.0149061328549194,0.8393022538412713,0.0078163290202098,0.0047665395428341,1.0573500326995435,1,Transition,0.9851
2019-07-05,bist100,0.0025384310322565,0.0121524792832762,0.0136140836311109,0.0118994768403166,1.0768701893938046,0.0064241628832556,0.0030124829740051,0.8926402696326411,1,Transition,0.9548
2019-07-08,bist100,-0.0094731938865379,0.012468718489449,0.0134548653906717,0.0122519444448567,0.9890343340462068,-0.0020970714581917,0.0023823661424188,0.9267070407180388,1,Transition,0.8762
2019-07-09,bist100,-0.0192756065524014,0.0129040456548337,0.0136007980700935,0.0240799981691474,1.1301548835089628,-0.0068830970484234,0.0021020137930857,0.9487712109488748,1,Transition,0.9776
2019-07-10,bist100,0.0181594729239955,0.0133387773526813,0.013722825468375,0.0246295689794472,1.1028833870676555,-0.0015721352902439,0.0031285191297353,0.9720139182285183,1,Transition,0.9593
2019-07-11,bist100,0.0082943769116407,0.0118685040188814,0.0136971714406269,0.007987457710019,0.8695411090700598,4.869608579067298e-05,0.0046925065038109,0.8664930617483898,1,Transition,0.996
2019-07-12,bist100,-0.0234926859910049,0.0134416875930705,0.0140442284681312,0.0310552829584635,1.001406925185096,-0.0051575273188616,0.0033603885248978,0.9570969045093556,1,Transition,0.6625
2019-07-16,bist100,0.0095343754133536,0.0131980510984474,0.0140510544901072,0.0114192202381635,0.7744042083354874,-0.0013560134588833,0.0030379063241223,0.9392925710835128,1,Transition,0.9631
2019-07-17,bist100,0.0179720640122176,0.0129882662812563,0.0140739801787598,0.0188455825502208,0.9265156828062976,0.0060935206540405,0.0028805810436772,0.9228566557780128,1,Transition,0.994
2019-07-18,bist100,0.0174815264552892,0.0133707525266568,0.0141327139312889,0.0241863017024393,1.0713588187166172,0.0059579313602992,0.0037411815697943,0.9460852736185992,1,Transition,0.9755
2019-07-19,bist100,0.0027814353029334,0.0133284432445485,0.0140139856432339,0.0119461488436068,1.132899512912888,0.0048553430385577,0.0039261105021767,0.9510815540890536,1,Transition,0.9548
2019-07-22,bist100,-0.0074948990913473,0.0135240941637694,0.0140546138033386,0.0128619933783291,0.8068066750631108,0.0080549004184893,0.0036233185344893,0.9622529905842616,1,Transition,0.9833
2019-07-23,bist100,0.0144125365074918,0.0136046327595401,0.0141000556236707,0.0178527069251534,1.009394984288123,0.0090305326373169,0.003730740215415,0.9648637652677778,1,Transition,0.9927
2019-07-24,bist100,0.0087480595265221,0.0136465778492097,0.0141341782472579,0.0163160014239231,0.9841448334569228,0.0071857317401778,0.0040429619126809,0.9655020341813808,1,Transition,0.9915
2019-07-25,bist100,-0.0137450745497631,0.0140431258096363,0.0140637327941281,0.0249821699478509,1.2624792505280589,0.0009404115391673,0.0036657688719053,0.9985347428884308,1,Transition,0.9479
2019-07-26,bist100,0.0077331821654219,0.01404220819817,0.0140867828704119,0.0166564819384885,0.8253091795045655,0.001930760911665,0.0036627822640558,0.9968357095688928,1,Transition,0.9788
2019-07-29,bist100,0.0051976546773343,0.0139809169948074,0.0140855078590144,0.0096950041442895,0.7294861461301079,0.0044692716654014,0.0034477019120711,0.9925745762769844,1,Transition,0.7995
2019-07-30,bist100,-0.0066680424567183,0.0122598217938137,0.0140865688275906,0.0154169638611507,0.9119724515610091,0.0002531558725593,0.0014576508982003,0.8703199440449298,1,Transition,0.9819
2019-07-31,bist100,-0.0058953750078523,0.0123417207944042,0.013993830620463,0.0149546418474547,0.9082993615993364,-0.0026755310343155,0.0009301560778698,0.8819401298424369,1,Transition,0.9572
2019-08-01,bist100,-0.0017864561821769,0.0121661192376695,0.0139909040804416,0.0107007044396324,0.8463832415515898,-0.0002838073607982,0.0012606000621061,0.8695734862964997,1,Transition,0.9508
2019-08-02,bist100,-0.0220358293654529,0.0132370149597975,0.0142363155584657,0.0208379129609697,0.7936745323362822,-0.0062376096669732,0.00014929759226,0.9298062343052044,1,Transition,0.9937
2019-08-05,bist100,-0.0101446706588397,0.0134190899099348,0.0141309631739258,0.0149626262182024,0.7970936255475985,-0.009306074734208,-0.0004848574922947,0.9496231604860076,1,Transition,0.988
2019-08-06,bist100,0.0091851369248267,0.0134098931305156,0.0140357651839629,0.0124026989180925,0.7934150659358343,-0.006135438857899,0.0004480590482734,0.9554087685819672,1,Transition,0.9734
2019-08-07,bist100,-0.0154556264284685,0.0131386413947034,0.013985590215271,0.025035710079716,1.0303007423530042,-0.0080474891420222,0.0006390580544701,0.9394413244252784,1,Transition,0.989
2019-08-08,bist100,0.0116798725236367,0.012758257268692,0.014037361698893,0.0149161126315695,0.9807160556820412,-0.0053542234008595,0.0003150780344521,0.9088785729371184,1,Transition,0.9852
2019-08-09,bist100,0.0019786941350619,0.0126278586292799,0.0135599395640167,0.0110377173535094,0.8739449037455362,-0.0005513187007565,-7.061043767389715e-07,0.931262161579968,1,Transition,0.5559
2019-08-15,bist100,-0.0288442231956997,0.0131957666045264,0.0139443673549351,0.020947813266074,0.9982906818708992,-0.0042912292081285,-0.0002682829646114,0.9463151872470033,1,Transition,0.984
2019-08-16,bist100,-0.0087826094614816,0.0131150032947736,0.0139613331843696,0.0192282974927395,0.973362207459242,-0.0078847784853902,-0.0011841322083532,0.9393804389294628,1,Transition,0.9588
2019-08-19,bist100,-0.0046906115714141,0.0123282273828646,0.0139770558705564,0.0171358389219097,0.939601272883725,-0.0057317755139793,-0.0023172659875348,0.8820332047777583,1,Transition,0.9895
2019-08-20,bist100,0.0077944269903159,0.0116828276487796,0.0139766361730091,0.0132123476850775,0.9949027754306464,-0.0065088646206435,-0.0028016209607834,0.8358826475959106,1,Transition,0.999
2019-08-21,bist100,-0.0053217646295752,0.0116193538409911,0.0140037737537871,0.0124746825260005,0.997948413798678,-0.0079689563735709,-0.0032067809574089,0.8297301888249103,1,Transition,0.9992
2019-08-22,bist100,-0.00133985276423,0.0115812496461087,0.0137957977733126,0.0185316645278422,1.0009704077590007,-0.002468082287277,-0.002899028641053,0.8394766171849881,1,Transition,0.9989
2019-08-23,bist100,0.0182281080913092,0.011908243967133,0.0136690708784867,0.0219581715127807,1.0155206290909091,0.0029340612232811,-0.0027082500618621,0.871181667941673,1,Transition,0.9933
2019-08-26,bist100,-0.0004911109798666,0.0116160500940817,0.0136288210283701,0.0185292054625959,0.9480191947590332,0.0037739613415906,-0.0031702085871816,0.8523151100085233,1,Transition,0.9986
2019-08-27,bist100,-0.0110889175717181,0.0115034209541902,0.0135919312736846,0.0149192610900244,1.1455173406078536,-2.7075708161548166e-06,-0.0030374007382793,0.8463419011293855,1,Transition,0.9976
2019-08-28,bist100,-0.001272295428839,0.01123270691627,0.0135580665717,0.0136088925550809,1.1704316992591592,0.000807186269331,-0.0034876746179924,0.8284888451363914,1,Transition,0.9983
2019-08-29,bist100,0.0084111231099501,0.0113854258457756,0.0134879359893299,0.0152443397580818,1.1014752329953668,0.0027573814441671,-0.0033270011963616,0.8441192080673044,1,Transition,0.9985
2019-09-02,bist100,0.0166556979781542,0.012191188315435,0.0136190704808709,0.0192500615674273,1.2776273029132303,0.0024428994215361,-0.0021608141746179,0.8951556813336543,1,Transition,0.988
2019-09-03,bist100,0.0049013226464063,0.012255986241222,0.0130490706158226,0.0153594009529149,1.638140475255873,0.0035213861467907,-0.001620979291905,0.9392229226165052,2,Stress/Bear,0.5543
2019-09-04,bist100,0.0125831895799467,0.0126603015490151,0.0131122164454788,0.0095136732828509,1.5567881549982163,0.0082558075771236,-0.0009024970037988,0.96553482026911,2,Stress/Bear,0.6601
2019-09-05,bist100,0.0020054148333785,0.0116490808635413,0.0130997729356661,0.0105825938009411,1.5024375696726835,0.0089113496295672,0.0002995652061426,0.8892582276617065,1,Transition,0.8335
2019-09-06,bist100,-0.0129567422897042,0.0117977983062393,0.0123580088014038,0.0148130851436544,1.1856956471235178,0.0046377765496363,0.0001589616245994,0.9546682233224452,1,Transition,0.7431
2019-09-09,bist100,0.0162083911372015,0.0121789699995791,0.0125124657258094,0.0132101877348323,1.1996554170243456,0.0045483151814457,0.0005101243352182,0.9733469218986632,1,Transition,0.539
2019-09-10,bist100,0.006024272377737,0.0116317402040432,0.0123756789941933,0.0106103770969075,1.2873749195837536,0.0047729051277119,0.0015841192755284,0.939887032420666,0,Calm/Bull,0.7329
2019-09-11,bist100,0.0069834922768954,0.0114633889062501,0.0123857538994973,0.0081935611830374,1.117330380482777,0.0036529656671016,0.0013493002631914,0.9255301695212452,0,Calm/Bull,0.7764
2019-09-12,bist100,0.0051387473864031,0.0114942569072077,0.0119646653285978,0.0123273475478758,1.2330013645702491,0.0042796321777065,0.0015073029257584,0.9606835286678842,0,Calm/Bull,0.8618
2019-09-13,bist100,0.0060773403546689,0.0090290036149269,0.0119751234130925,0.0092091083930225,0.9842604467351151,0.0080864487065812,0.0032533811032769,0.7539800053380173,1,Transition,0.984
2019-09-16,bist100,-0.0046883636748397,0.0087848653289459,0.0118662258018771,0.0104719087807468,1.0204341645173298,0.0039070977441729,0.003458093392609,0.7403251442894583,1,Transition,0.9683
2019-09-17,bist100,-0.0111970145504461,0.009212569932184,0.0117054551786802,0.0166254197838475,1.1685176645458135,0.0004628403585363,0.0031327732436574,0.7870321821370405,1,Transition,0.9698
2019-09-18,bist100,0.0047468377556769,0.0091564393474305,0.011713483838118,0.0146620935310777,1.016144013269528,1.5509454292630085e-05,0.0029803937819254,0.7817007710066262,1,Transition,0.8926
2019-09-19,bist100,-0.0157348118822438,0.0099177638609997,0.0119156237951298,0.0210467861947943,1.023374701117283,-0.0041592023994367,0.002459741419292,0.8323327449338688,1,Transition,0.9946
2019-09-20,bist100,-0.0010180720830539,0.0099115346246731,0.0119142513482059,0.0102886895414357,1.0963537961373964,-0.0055782848869813,0.0024758304533508,0.831905785348874,1,Transition,0.8349
2019-09-23,bist100,-0.002157270093395,0.0092311972235232,0.0118296953316819,0.011328709103096,0.8827640996852002,-0.0050720661706924,0.0014565615441156,0.7803410793514278,1,Transition,0.8392
2019-09-24,bist100,0.0180935400892899,0.0099334925365385,0.0120365626830138,0.0084480233040983,1.0786741774181978,0.0007860447572548,0.0023857940975734,0.8252765177351531,1,Transition,0.8911
2019-09-25,bist100,0.0075464959536342,0.0094660397507962,0.0120263349072836,0.0103568044266939,1.024587971914441,0.0013459763968462,0.003317564773841,0.7871092750845686,1,Transition,0.8781
2019-09-26,bist100,-0.0066298279423916,0.0096762348869157,0.0120388003435791,0.0118285982177979,0.8802557447179469,0.0031669731848167,0.0030496881481634,0.80375407937358,1,Transition,0.8796
2019-09-27,bist100,0.0310214243872886,0.0114870010454327,0.0126015422307534,0.0288250366669599,1.288696539092558,0.0095748724788852,0.0041802032120303,0.911555175952932,2,Stress/Bear,0.6112
2019-09-30,bist100,-0.0011342598231711,0.0111540742735604,0.011897377667778,0.0082097733714834,1.0844365290266806,0.00977947453293,0.003290705321964,0.9375237623807888,1,Transition,0.6465
2019-10-01,bist100,-0.0110708389307885,0.0115957307320354,0.0119853104087556,0.0202963126265787,1.143173304791776,0.0039465987289143,0.0024920972431043,0.9674952367995716,1,Transition,0.9666
2019-10-02,bist100,-0.0035431292255329,0.0114163994670958,0.0119398671334893,0.0121942173228881,1.0265851651544164,0.0017286736930808,0.0016857813028303,0.9561579990345688,0,Calm/Bull,0.9035
2019-10-03,bist100,-0.0070279399730485,0.0115806009683634,0.011981191464075,0.0263223058784126,1.029653205616866,0.0016490512869494,0.001234113562509,0.9665650534913196,1,Transition,0.9837
2019-10-04,bist100,0.006586303300968,0.0111361551302407,0.012003889911454,0.0101610666276531,0.9541472384700868,-0.0032379729303146,0.0022112658420426,0.927712200993666,0,Calm/Bull,0.5846
2019-10-07,bist100,-0.0045559539151571,0.0107227817385821,0.0119504207352044,0.0252881361235619,1.304038691772459,-0.0039223117487118,0.0011730485894246,0.8972723200442734,1,Transition,0.9685
2019-10-08,bist100,-0.0110705062092181,0.0109936383641879,0.0117633212235274,0.0212146791279931,1.3665961247698757,-0.0039222452043977,0.0003183096600769,0.934569256019286,0,Calm/Bull,0.5196
2019-10-09,bist100,-0.0219414618944355,0.0119331068148135,0.0119014112010308,0.0299002422830912,1.160191002719222,-0.0076019117381782,-0.0011279380484896,1.0026631811343432,1,Transition,0.8976
2019-10-10,bist100,-0.0087517646568359,0.0119533870918715,0.0119078536474257,0.0278275059556929,1.1226595369093093,-0.0079466766749357,-0.0018224636506515,1.003823816263948,1,Transition,0.9505
2019-10-11,bist100,0.0025014265378393,0.0118553464764407,0.0115087179858372,0.0101699706045669,0.8193384690250662,-0.0087636520275614,-0.002001259341493,1.030118775264984,1,Transition,0.6164
2019-10-14,bist100,-0.0523037410368423,0.0163517156485972,0.0132997950905188,0.0499261227116988,1.1753065443424182,-0.0183132094518985,-0.0043820282095931,1.2294712465347772,2,Stress/Bear,1.0
2019-10-15,bist100,0.0134878784462412,0.0167373138389841,0.0132053398866773,0.011369250131448,0.8170125335521556,-0.0134015325208066,-0.0031477835597588,1.2674655845753884,2,Stress/Bear,0.6431
2019-10-16,bist100,-0.0118314850693099,0.0167362754505181,0.0130598109900931,0.0137683385011448,0.62301107668057,-0.0113795371557815,-0.0039766997010081,1.2815097755406952,1,Transition,0.8871
2019-10-17,bist100,0.0080303764963327,0.0167011390581687,0.013104884948023,0.0216912315902965,0.6201744544925243,-0.0080231089251478,-0.0027884402820793,1.2744208838466964,1,Transition,0.813
2019-10-18,bist100,0.0364125992497823,0.0188668009866992,0.0139451739267598,0.0074013861210646,0.7551086227369963,-0.0012408743827592,-0.0009169067154375,1.3529269040162484,2,Stress/Bear,0.8857
2019-10-21,bist100,-0.0111506836913797,0.0190045908933374,0.0138738210034709,0.0139174872075025,0.6794869343173423,0.0069897370863333,-0.0013665773953367,1.3698166416146509,1,Transition,0.7737
2019-10-22,bist100,0.0057620586609596,0.018534225855564,0.0138440489080475,0.0112324625663042,0.7551443687481849,0.0054445731292769,-0.0019831514667532,1.3387865052102064,1,Transition,0.9444
2019-10-23,bist100,0.0192122073799693,0.0190269305663625,0.0139798221126348,0.0121641938940785,1.0259606966600352,0.0116533116191328,-0.0013998658954365,1.3610280884165276,1,Transition,0.7752
2019-10-24,bist100,0.005600385686015,0.0190465216629505,0.0139615601135057,0.0118221814665897,1.3182176468848494,0.0111673134570693,-0.0007883552140161,1.3642115571687363,2,Stress/Bear,0.583
2019-10-25,bist100,-0.001292398517338,0.0175151251712403,0.0139425158459819,0.0062834583345868,0.7124392898604476,0.0036263139036452,-0.0024040463592475,1.256238498469269,1,Transition,0.9319
2019-10-28,bist100,-0.0037759769586552,0.0175150063295679,0.0139258794844427,0.0070534350771698,0.382364568543997,0.0051012552501901,-0.0025361322160217,1.257730712744913,1,Transition,0.5996
2019-10-30,bist100,-0.0115480006227288,0.0175275642422833,0.0139822199919344,0.0117659602324384,1.020075052032431,0.0016392433934524,-0.0025599903006187,1.2535608975108403,1,Transition,0.9306
2019-10-31,bist100,-0.0022671866135078,0.0175261194964245,0.0139830706809672,0.0104521213143773,0.8060359373091688,-0.0026566354052429,-0.0024961931700174,1.253381313467845,1,Transition,0.9764
2019-11-01,bist100,-5.888727353501883e-05,0.0175005379971827,0.0136961716367342,0.0115272442554237,0.7863010672633295,-0.0037884899971529,-0.0021477405350418,1.2777685955865878,1,Transition,0.9739
2019-11-04,bist100,0.0163700064396649,0.017889934192107,0.0137973971990732,0.0129546981034251,0.9084699437938152,-0.0002560090057524,-0.0016585553781069,1.2966165961583442,1,Transition,0.9534
2019-11-05,bist100,0.0043616594698848,0.0179250149228004,0.0137583749875663,0.0084178618817827,1.087009203080127,0.0013715182799556,-0.0012126747088548,1.3028438997337592,1,Transition,0.863
2019-11-06,bist100,0.006132833592386,0.0178396349752709,0.013624800460139,0.012164950767882,1.134060086469811,0.0049076851229785,-0.0003525077187746,1.3093501829595853,1,Transition,0.9369
2019-11-07,bist100,0.0234581926941974,0.0178364042648535,0.0138709921621151,0.0167281632649211,1.279750978892278,0.0100527609845196,0.0019174750106569,1.2858780436462862,1,Transition,0.8131
2019-11-08,bist100,-0.0037852523292196,0.0177141990871462,0.0138820326132447,0.0096652590185041,1.2630112171630783,0.0093074879733827,0.0021658006270378,1.276052259828666,1,Transition,0.639
2019-11-11,bist100,-0.0003363773821362,0.0177227325476649,0.0133336239205824,0.0142768392206712,1.0295097244005087,0.0059662112090225,0.002023910431039,1.3291759729556538,1,Transition,0.9572
2019-11-12,bist100,0.0082466529285336,0.0122940315640763,0.0133010727250251,0.0093871655747416,1.418656256968117,0.0067432099007522,0.0050514301293078,0.92428872604733,1,Transition,0.9363
2019-11-13,bist100,0.0081972512087534,0.0121591291739406,0.0133055075556042,0.0128095785958162,1.1829816638258202,0.0071560934240257,0.0047868987674334,0.9138418149873024,1,Transition,0.9873
2019-11-14,bist100,-0.0100436547845831,0.0120364771108503,0.0133637008526916,0.0178859145423565,1.252830526565807,0.0004557239282696,0.0048762902816697,0.9006844169537078,1,Transition,0.9918
2019-11-15,bist100,0.0152908950840255,0.0122443087109933,0.0134553956128398,0.0105229454794866,1.041325609802267,0.0042709534109186,0.0052393162110544,0.9099924716675885,1,Transition,0.9926
2019-11-18,bist100,0.0138205090558301,0.0100652659353893,0.0135406244337114,0.0123542251360851,1.3599780745375352,0.0071023306985119,0.0041097117013568,0.743338387728286,1,Transition,0.998
2019-11-19,bist100,0.006367245630635,0.0094081568421536,0.0133837230943565,0.010565572415647,1.2561839370581165,0.0067264492389322,0.0049856081674575,0.7029551325759824,1,Transition,0.9996
2019-11-20,bist100,-0.006939340840319,0.0097745376635025,0.0134273676460558,0.0139374646553546,1.39085279011506,0.0036991308291177,0.0043505381923936,0.7279563590689122,1,Transition,0.9976
2019-11-21,bist100,0.0001882584243916,0.0091584013035553,0.0133255042268766,0.0092888273026969,1.10995073659696,0.0057455134709126,0.0033993407446147,0.6872836590365922,1,Transition,0.9999
2019-11-22,bist100,-0.0020319080514331,0.0092206611350131,0.0133288063235004,0.0138412144472607,0.9962864749839248,0.0022809528438209,0.0030177260577423,0.6917844637562063,1,Transition,1.0
2019-11-25,bist100,-0.0113782374024318,0.0097305044667225,0.0134060472387672,0.0248989677614258,1.3849894769151545,-0.0027587964478314,0.0025134341134876,0.7258294927220716,1,Transition,0.9944
2019-11-26,bist100,0.005683187403374,0.009638160124499,0.0132689660766103,0.0136249451456964,1.194599292445322,-0.0028956080932836,0.0029863923315891,0.7263685858304083,1,Transition,0.9996
2019-11-27,bist100,-0.001311488748242,0.0090814222616174,0.0132642060168691,0.009789854603619,1.029913857122927,-0.0017700376748682,0.0034982179253134,0.6846563035938897,1,Transition,0.9999
2019-11-28,bist100,0.0120392763750966,0.0091664388463865,0.0132564387714379,0.0111775303960433,0.8374828646234127,0.0006001659152727,0.0042135410747436,0.6914706886540617,1,Transition,0.9999
2019-11-29,bist100,-0.0020790236970417,0.0092269259898574,0.0132623758342949,0.0103392461665736,1.0126038366199723,0.0005907427861509,0.0041125342535683,0.6957219509642932,1,Transition,0.9999
2019-12-02,bist100,0.0102425353710185,0.0088942355532166,0.0131845656512304,0.0082599194250686,1.2217207736966569,0.004914897340841,0.003806160700136,0.6745945060682852,1,Transition,0.9998
2019-12-03,bist100,-0.0113075607366191,0.0095114359675647,0.0131411004229033,0.0186094643882049,1.3904098596804089,0.0015167477128424,0.0030226996898108,0.723792959605383,1,Transition,0.9979
2019-12-04,bist100,0.0084981320177118,0.0095666871667701,0.0131610154198711,0.0101503562967175,1.0375358001968364,0.0034786718660332,0.0031409646110771,0.7268958254030968,1,Transition,0.9998
2019-12-05,bist100,0.008852955120063,0.0084232760033805,0.0131775378336479,0.0081043236615603,1.1906087033794923,0.0028414076150265,0.0024107027323703,0.6392147083708108,1,Transition,0.9999
2019-12-06,bist100,0.0019317834796679,0.0082980190202772,0.0131672413143297,0.0088473298790941,1.1328351588626695,0.0036435690503684,0.0026965545228147,0.6302017880728464,1,Transition,1.0
2019-12-09,bist100,-0.000762750019874,0.0083067641931597,0.0131522559871548,0.0090654879927645,1.1906597745781695,0.0014425119721899,0.0026752358909278,0.6315847411480254,1,Transition,0.9999
2019-12-10,bist100,-0.0071458778234836,0.0084747655843728,0.013173760925764,0.016300276156146,1.0604469451034744,0.002274848554817,0.001905609353327,0.643306465946159,1,Transition,1.0
2019-12-11,bist100,-0.0008316961256624,0.0083617027101363,0.0130806265620734,0.0069800593808389,0.827904228844355,0.0004088829261421,0.0014541619866062,0.6392432862796198,1,Transition,1.0
2019-12-12,bist100,0.0201165177979972,0.0088824051551304,0.0133032264886675,0.0141562352974564,1.044282132202136,0.002661595461729,0.0029621706157352,0.6676880351317053,1,Transition,0.9999
2019-12-13,bist100,0.0032812183316721,0.0083978005676395,0.0131160224303054,0.0171294651662201,1.2662725537175457,0.0029314824321298,0.0023616867781175,0.6402703725358032,1,Transition,0.9999
2019-12-16,bist100,0.0058565027549549,0.0080055109110926,0.0131227522013311,0.0108787388558918,1.0710262486159483,0.0042553329870956,0.0019634864630737,0.6100481658322088,1,Transition,1.0
2019-12-17,bist100,-0.0004662006539278,0.0079533223090442,0.0131161006399568,0.0091678197098397,1.2273158118263996,0.0055912684210067,0.0016218141488456,0.6063785668749232,1,Transition,0.9999
2019-12-18,bist100,-0.0045027594148192,0.0078330324819936,0.0129622866053885,0.0067141144888002,1.1659114118545817,0.0048570557631754,0.0017436432201206,0.6042940354935022,1,Transition,1.0
2019-12-19,bist100,0.0002234182269335,0.0078326689669544,0.012937600144865,0.0071284969352407,0.787930322875073,0.0008784358489626,0.0017454012102477,0.6054190019207827,1,Transition,1.0
2019-12-20,bist100,0.0052070235070412,0.0078161708788281,0.0129056418812396,0.0069925462981008,1.038047836282006,0.0012635968840365,0.0021073477881714,0.6056398395952822,1,Transition,1.0
2019-12-23,bist100,0.0089401541999832,0.007272668375126,0.0123508672113133,0.0081265875046779,1.3694637017292206,0.0018803271730421,0.0031232673682922,0.5888386823934328,1,Transition,0.9999
2019-12-24,bist100,0.0086834872985998,0.0073586868311895,0.0123860521665502,0.0054130293740127,1.230230378332753,0.0037102647635477,0.0032732823630534,0.594110757183988,1,Transition,1.0
2019-12-26,bist100,0.004404661594185,0.0072818496052485,0.0122860491846854,0.0120420110618173,0.9677635185142291,0.0054917489653485,0.0035590898801748,0.5926925324640088,1,Transition,1.0
2019-12-27,bist100,0.000269232383806,0.0070317484625676,0.0122693772643385,0.0080055518617592,1.1726147490456018,0.005500911796723,0.0029705876806103,0.5731137213463768,1,Transition,1.0
2019-12-30,bist100,0.0093714799359729,0.0070650413911053,0.0122574203646497,0.0078821581350463,1.162713380094899,0.0063338030825094,0.003543112862261,0.5763889285775666,1,Transition,1.0
2019-12-31,bist100,-0.0028711695144853,0.0070189355954528,0.0122561071806982,0.0078077409793371,0.9784454682814938,0.0039715383396157,0.0028874276179858,0.5726888229654812,1,Transition,1.0
2020-01-02,bist100,0.0130851964490965,0.0065244082028807,0.0123154722826028,0.0117845348289184,1.0612706612597411,0.004851880169715,0.0041070654772716,0.5297732846264648,1,Transition,1.0
2020-01-03,bist100,-0.0195820707868947,0.0083074442445847,0.0125156514463625,0.0259817948008707,1.2625762668900344,5.453369349909115e-05,0.0027030553370413,0.6637644296972774,1,Transition,0.998
2020-01-06,bist100,-0.0201813547763882,0.0096108063328982,0.0124609316704002,0.015807044685588,0.8822746645867229,-0.0040355837385397,0.0012513398422187,0.7712751010205623,1,Transition,0.9975
2020-01-07,bist100,0.0105995129474415,0.0098358988810222,0.0124320177327071,0.0092327356440468,0.776438133121762,-0.003789977136246,0.0016847263156074,0.7911747789053767,1,Transition,0.978
2020-01-08,bist100,0.002449909448559,0.0098200453823783,0.0124319971018902,0.0230057854853175,1.017694230928367,-0.0027257613436371,0.001845359289029,0.7899008744850188,1,Transition,0.9988
2020-01-09,bist100,0.0443134154890749,0.0134213558106255,0.0114755405073006,0.0246470753220837,1.4542099774744972,0.0035198824643585,0.004418323954657,1.1695619741908456,2,Stress/Bear,0.9962
2020-01-10,bist100,0.0056892000808552,0.0133661972607068,0.0114078222564721,0.0121276082263351,1.3435376781549948,0.0085741366379085,0.0047443687649829,1.1716694878484508,1,Transition,0.7316
2020-01-13,bist100,0.0132712447457609,0.013035399404316,0.0112896853409948,0.0108483154473783,1.158677253004637,0.0152646565423383,0.004402105112371,1.15462911592249,1,Transition,0.754
2020-01-14,bist100,0.0097181799595096,0.0130856362712108,0.0113017909145758,0.0158924188172769,1.0340657948254832,0.0150883899447519,0.0047239531937629,1.157837405603955,1,Transition,0.713
2020-01-15,bist100,-0.003998253152732,0.0132255376175043,0.0105211899816198,0.0112595287513097,1.3272177290622975,0.0137987574244937,0.0042312153983786,1.2570381906047507,2,Stress/Bear,0.9283
2020-01-16,bist100,0.0005134313156738,0.0132090285653128,0.0103535479121883,0.0142090551565972,1.2459814804886438,0.0050387605898135,0.0042801969968587,1.2757973090328711,2,Stress/Bear,0.502
2020-01-17,bist100,0.003908882282931,0.0130475850611491,0.0103498409306449,0.0105158562873505,0.8137706027227906,0.0046826970302286,0.0047007790817462,1.2606556128332764,0,Calm/Bull,0.7048
2020-01-20,bist100,0.0093816869685793,0.013042885713018,0.0101748080692472,0.008534527909068,0.8787890689205853,0.0039047854747923,0.0051586925188285,1.2818802698047358,2,Stress/Bear,0.5263
2020-01-21,bist100,0.0076067638934449,0.0130543867734966,0.0101853385454124,0.0186143342862071,1.065606696030823,0.0034825022615794,0.0052786795381487,1.281684130114298,2,Stress/Bear,0.828
2020-01-22,bist100,-0.0065691699276119,0.0132840653458197,0.0102497164924892,0.017661574306076,0.999734774254502,0.0029683189066034,0.0045032133317689,1.296042222782847,2,Stress/Bear,0.8199
2020-01-23,bist100,-0.0016869859915327,0.0133146693765689,0.0102285230393809,0.0103574858244906,0.833670274592548,0.0025282354451621,0.0039846896672623,1.3017196446941617,0,Calm/Bull,0.787
2020-01-24,bist100,-0.0032564990199292,0.0134118010871531,0.0100778440818509,0.0259937158466941,0.910752985111582,0.00109515918459,0.0036016316365566,1.330820459041061,2,Stress/Bear,0.988
2020-01-27,bist100,-0.0164442032903918,0.0141317399870363,0.0103783320049696,0.0139277067843075,0.9100374253413822,-0.0040700188672041,0.0027659598528467,1.3616581142585658,2,Stress/Bear,0.9622
2020-01-28,bist100,-0.0029014037249489,0.0140962300985786,0.0104004663153494,0.0142419652550744,0.8992782029835056,-0.0061716523908829,0.0021523156698006,1.3553459692259051,2,Stress/Bear,0.8905
2020-01-29,bist100,-0.0009361330744846,0.0140665453260705,0.0102701463440703,0.0103175836764266,0.8738362884399092,-0.0050450450202574,0.0022490674918006,1.3696538349906002,2,Stress/Bear,0.8585
2020-01-30,bist100,0.0013375159150523,0.0138335881983689,0.0102706758406207,0.0134828405072909,0.8218961317789508,-0.0044401446389404,0.0016616834650984,1.346901451573111,0,Calm/Bull,0.6912
2020-01-31,bist100,-0.0059383337392658,0.0130447623592066,0.0103249676470916,0.0098858544217387,1.055674034075584,-0.0049765115828077,0.0023438703174798,1.2634191994665611,2,Stress/Bear,0.4612
2020-02-03,bist100,0.0008616247899753,0.0119336358159751,0.0099617773312652,0.008574966539787,0.9282884489847134,-0.0015153459667343,0.003396019295798,1.1979424372919087,0,Calm/Bull,0.9656
2020-02-04,bist100,0.0239751586387536,0.012708237842983,0.0103104327662089,0.0168738809106532,0.9119168446436718,0.0038599665060061,0.0040648015803636,1.2325610506508171,2,Stress/Bear,0.8059
2020-02-05,bist100,0.0015102511572826,0.0127162568470115,0.0103036191020458,0.0140851718787158,1.0794129001936672,0.0043492433523596,0.0040178186657998,1.2341543996406694,0,Calm/Bull,0.7672
2020-02-06,bist100,-0.0003017280616661,0.0084845320085198,0.0102867654105969,0.0151532666416702,1.0305687432013728,0.0040213945570159,0.0017870614882627,0.8248007677689866,0,Calm/Bull,0.7375
2020-02-07,bist100,-0.0104301052088283,0.0088519972799064,0.0103986378415553,0.0156955603185311,0.8471236129376575,0.0031230402631034,0.0009810962237786,0.851265080560055,0,Calm/Bull,0.6241
2020-02-10,bist100,-0.0223407009679332,0.0097824956473261,0.0107627251454651,0.0383797592136147,1.1102406655324346,-0.0015174248884782,-0.0007995010619061,0.9089236708277374,2,Stress/Bear,0.9029
2020-02-11,bist100,0.0122307609324829,0.0099395479647454,0.0107066869609615,0.0219253857635342,1.0664654529203397,-0.0038663044297324,-0.0006738720132574,0.9283495446338148,1,Transition,0.7571
2020-02-12,bist100,0.0020922108991042,0.0099256252042915,0.0105962630703157,0.0178311951450112,1.19931492171549,-0.0037499124813681,-0.0003693488106656,0.936709964487106,0,Calm/Bull,0.9372
2020-02-13,bist100,0.0040882977020052,0.0099744278464632,0.0105842086757592,0.0111091802362945,0.9001740354479608,-0.0028719073286338,-0.000190605491349,0.9423876788547676,0,Calm/Bull,0.9821
2020-02-14,bist100,-0.0032331914906507,0.0099477478939867,0.0105424577636441,0.0127439980956543,0.9357680924571544,-0.0014325245849983,-0.0005477091800281,0.9435890678444768,0,Calm/Bull,0.9856
2020-02-17,bist100,0.0053165670970102,0.0097742051594543,0.0105485909853518,0.0056393895234264,1.0326624179579271,0.0040989290279903,-0.0007509651736065,0.9265886954027476,0,Calm/Bull,0.9431
2020-02-18,bist100,-0.0101330034049696,0.0097807616819674,0.010653065313734,0.0109263905781638,1.0415857924039211,-0.0003738238395001,-0.0016379535385273,0.9181171234684858,0,Calm/Bull,0.9233
